index,distance_m,segment_length_m,x,y,z,elevation_m,gradient_pct,radius_m,speed_ms,speed_kmh,width_left_m,width_right_m,width_total_m
0,0.00,1.625,-5.072,63.958,-763.414,63.958,0.00,2000.0,53.24,191.7,2.77,25.67,28.45
1,1.61,1.609,-5.053,63.950,-761.805,63.950,-0.50,2000.0,53.38,192.2,2.77,25.93,28.70
2,3.19,1.585,-5.034,63.942,-760.220,63.942,-0.51,2000.0,53.52,192.7,2.76,26.19,28.95
3,4.75,1.556,-5.013,63.934,-758.664,63.934,-0.51,2000.0,53.66,193.2,2.75,26.45,29.20
4,6.28,1.525,-4.992,63.926,-757.139,63.926,-0.51,2000.0,53.80,193.7,2.74,26.70,29.45
5,7.77,1.497,-4.970,63.918,-755.642,63.918,-0.52,2000.0,53.94,194.2,2.74,26.96,29.70
6,9.25,1.476,-4.948,63.910,-754.166,63.910,-0.52,2000.0,54.08,194.7,2.73,27.22,29.95
7,10.71,1.462,-4.926,63.903,-752.705,63.903,-0.53,2000.0,54.22,195.2,2.72,27.48,30.20
8,12.16,1.455,-4.904,63.895,-751.250,63.895,-0.53,2000.0,54.36,195.7,2.71,27.73,30.45
9,13.62,1.453,-4.881,63.887,-749.798,63.887,-0.53,2000.0,54.50,196.2,2.71,27.99,30.70
10,15.07,1.455,-4.858,63.879,-748.343,63.879,-0.53,2000.0,54.64,196.7,2.70,28.25,30.95
11,16.53,1.459,-4.835,63.872,-746.884,63.872,-0.53,2000.0,54.76,197.1,2.70,28.25,30.95
12,18.00,1.464,-4.812,63.864,-745.421,63.864,-0.52,2000.0,54.85,197.5,2.70,28.25,30.95
13,19.46,1.468,-4.789,63.857,-743.953,63.857,-0.52,2000.0,54.99,198.0,2.65,28.25,30.90
14,20.94,1.472,-4.765,63.849,-742.481,63.849,-0.51,2000.0,55.11,198.4,2.65,28.25,30.90
15,22.41,1.476,-4.742,63.842,-741.005,63.842,-0.50,2000.0,55.21,198.8,2.65,28.30,30.95
16,23.89,1.479,-4.719,63.834,-739.526,63.834,-0.50,2000.0,55.37,199.3,2.60,28.30,30.90
17,25.37,1.482,-4.695,63.827,-738.044,63.827,-0.49,2000.0,55.45,199.6,2.60,28.60,31.20
18,26.86,1.485,-4.672,63.820,-736.559,63.820,-0.49,2000.0,55.52,199.9,2.60,28.60,31.20
19,28.35,1.488,-4.648,63.812,-735.071,63.812,-0.49,2000.0,55.66,200.4,2.55,28.65,31.20
20,29.84,1.491,-4.625,63.805,-733.580,63.805,-0.50,2000.0,55.77,200.8,2.55,28.65,31.20
21,31.33,1.494,-4.601,63.797,-732.086,63.797,-0.51,2000.0,55.89,201.2,2.55,28.65,31.20
22,32.83,1.497,-4.578,63.790,-730.590,63.790,-0.53,2000.0,56.02,201.7,2.50,28.65,31.15
23,34.33,1.499,-4.555,63.781,-729.091,63.781,-0.55,2000.0,56.10,201.9,2.50,28.70,31.20
24,35.83,1.502,-4.532,63.773,-727.589,63.773,-0.57,2000.0,56.23,202.4,2.50,28.70,31.20
25,40.45,4.621,-4.462,63.743,-722.968,63.743,-0.64,2000.0,56.35,202.9,2.45,28.70,31.15
26,42.03,1.579,-4.440,63.732,-721.389,63.732,-0.71,2000.0,56.45,203.2,2.45,28.70,31.15
27,43.61,1.582,-4.418,63.720,-719.807,63.720,-0.74,2000.0,56.56,203.6,2.45,28.75,31.20
28,45.20,1.586,-4.397,63.708,-718.221,63.708,-0.72,2000.0,56.69,204.1,2.40,28.75,31.15
29,46.79,1.589,-4.376,63.698,-716.632,63.698,-0.67,2000.0,56.80,204.5,2.40,28.75,31.15
30,48.38,1.592,-4.357,63.688,-715.040,63.688,-0.63,2000.0,56.90,204.8,2.40,28.45,30.85
31,49.98,1.595,-4.339,63.678,-713.445,63.678,-0.60,2000.0,57.03,205.3,2.40,28.50,30.90
32,51.57,1.598,-4.321,63.669,-711.847,63.669,-0.55,2000.0,57.13,205.7,2.35,28.50,30.85
33,53.18,1.601,-4.305,63.661,-710.245,63.661,-0.52,2000.0,57.24,206.1,2.35,28.50,30.85
34,54.78,1.605,-4.291,63.653,-708.641,63.653,-0.53,2000.0,57.36,206.5,2.35,28.45,30.80
35,56.39,1.607,-4.277,63.643,-707.034,63.643,-0.60,2000.0,57.42,206.7,2.35,28.45,30.80
36,58.00,1.608,-4.263,63.631,-705.425,63.631,-0.76,2000.0,57.48,206.9,2.35,28.45,30.80
37,59.61,1.612,-4.251,63.617,-703.814,63.617,-0.86,2000.0,57.62,207.4,2.35,28.45,30.80
38,61.22,1.615,-4.240,63.604,-702.198,63.604,-0.84,2000.0,57.74,207.9,2.35,28.45,30.80
39,62.84,1.619,-4.231,63.591,-700.580,63.591,-0.80,2000.0,57.87,208.3,2.35,28.45,30.80
40,64.46,1.622,-4.223,63.579,-698.958,63.579,-0.73,2000.0,57.98,208.7,2.35,30.75,33.10
41,66.09,1.625,-4.216,63.567,-697.333,63.567,-0.73,2000.0,58.09,209.1,2.35,30.65,33.00
42,67.72,1.628,-4.210,63.554,-695.705,63.554,-0.77,2000.0,58.15,209.3,2.35,30.60,32.95
43,69.35,1.630,-4.205,63.541,-694.076,63.541,-0.85,2000.0,58.26,209.7,2.35,30.50,32.85
44,70.98,1.633,-4.201,63.526,-692.442,63.526,-0.87,2000.0,58.38,210.2,2.35,30.45,32.80
45,72.62,1.636,-4.198,63.512,-690.806,63.512,-0.87,2000.0,58.47,210.5,2.35,30.40,32.75
46,74.25,1.639,-4.196,63.497,-689.167,63.497,-0.92,2000.0,58.57,210.9,2.35,30.35,32.70
47,75.90,1.642,-4.195,63.482,-687.526,63.482,-0.92,2000.0,58.68,211.2,2.40,30.35,32.75
48,77.54,1.645,-4.194,63.467,-685.881,63.467,-0.93,2000.0,58.78,211.6,2.40,30.35,32.75
49,79.19,1.648,-4.194,63.452,-684.234,63.452,-0.88,2000.0,58.88,212.0,2.40,30.35,32.75
50,80.84,1.651,-4.195,63.439,-682.583,63.439,-0.79,2000.0,59.01,212.4,2.40,30.30,32.70
51,82.49,1.654,-4.197,63.428,-680.929,63.428,-0.66,2000.0,59.10,212.8,2.45,30.30,32.75
52,84.15,1.656,-4.198,63.418,-679.273,63.418,-0.61,2000.0,59.20,213.1,2.45,30.30,32.75
53,85.81,1.659,-4.201,63.408,-677.614,63.408,-0.58,2000.0,59.29,213.4,2.45,30.25,32.70
54,87.47,1.661,-4.203,63.398,-675.952,63.398,-0.62,2000.0,59.37,213.7,2.45,30.25,32.70
55,89.13,1.664,-4.206,63.387,-674.289,63.387,-0.63,2000.0,59.48,214.1,2.50,30.25,32.75
56,90.80,1.667,-4.209,63.377,-672.622,63.377,-0.62,2000.0,59.58,214.5,2.50,30.20,32.70
57,92.47,1.669,-4.211,63.367,-670.952,63.367,-0.63,2000.0,59.65,214.8,2.50,30.20,32.70
58,94.14,1.672,-4.214,63.356,-669.280,63.356,-0.66,2000.0,59.77,215.2,2.50,30.20,32.70
59,95.82,1.675,-4.216,63.345,-667.605,63.345,-0.65,2000.0,59.85,215.4,2.55,30.20,32.75
60,97.49,1.675,-4.218,63.334,-665.930,63.334,-0.66,2000.0,59.82,215.3,2.55,30.15,32.70
61,99.17,1.674,-4.220,63.323,-664.256,63.323,-0.65,2000.0,59.76,215.1,2.55,30.15,32.70
62,100.84,1.672,-4.221,63.312,-662.583,63.312,-0.66,2000.0,59.70,214.9,2.55,30.15,32.70
63,102.51,1.671,-4.222,63.300,-660.913,63.300,-0.72,2000.0,59.64,214.7,2.60,30.10,32.70
64,104.18,1.669,-4.222,63.287,-659.244,63.287,-0.74,2000.0,59.58,214.5,2.60,30.10,32.70
65,105.85,1.667,-4.222,63.274,-657.576,63.274,-0.78,2000.0,59.53,214.3,2.60,30.10,32.70
66,107.51,1.666,-4.221,63.260,-655.911,63.260,-0.83,2000.0,59.47,214.1,2.60,30.10,32.70
67,109.18,1.664,-4.220,63.245,-654.247,63.245,-0.91,2000.0,59.41,213.9,2.65,30.05,32.70
68,110.84,1.662,-4.218,63.230,-652.584,63.230,-0.90,2000.0,59.35,213.7,2.65,30.05,32.70
69,112.50,1.661,-4.216,63.215,-650.924,63.215,-0.89,2000.0,59.28,213.4,2.65,30.05,32.70
70,114.16,1.659,-4.213,63.202,-649.265,63.202,-0.83,2000.0,59.23,213.2,2.65,30.05,32.70
71,115.82,1.658,-4.209,63.188,-647.606,63.188,-0.80,2000.0,59.24,213.3,2.65,30.05,32.70
72,117.48,1.659,-4.204,63.175,-645.947,63.175,-0.78,2000.0,59.28,213.4,2.65,30.00,32.65
73,119.14,1.661,-4.199,63.162,-644.286,63.162,-0.81,2000.0,59.34,213.6,2.70,30.00,32.70
74,120.80,1.663,-4.194,63.148,-642.623,63.148,-0.82,2000.0,59.45,214.0,2.70,30.00,32.70
75,122.46,1.666,-4.188,63.136,-640.958,63.136,-0.74,2000.0,59.52,214.3,2.70,30.00,32.70
76,124.13,1.668,-4.181,63.125,-639.289,63.125,-0.68,2000.0,59.63,214.7,2.70,30.00,32.70
77,125.80,1.671,-4.173,63.115,-637.618,63.115,-0.59,2000.0,59.71,215.0,2.70,30.00,32.70
78,127.48,1.673,-4.165,63.106,-635.945,63.106,-0.54,2000.0,59.80,215.3,2.70,30.00,32.70
79,129.15,1.675,-4.157,63.097,-634.270,63.097,-0.50,2000.0,59.87,215.5,2.70,29.95,32.65
80,130.83,1.678,-4.147,63.089,-632.592,63.089,-0.48,2000.0,59.97,215.9,2.70,29.95,32.65
81,132.51,1.680,-4.138,63.082,-630.912,63.082,-0.44,2000.0,60.04,216.1,2.70,29.95,32.65
82,134.19,1.682,-4.128,63.074,-629.230,63.074,-0.45,2000.0,60.11,216.4,2.75,29.95,32.70
83,135.88,1.685,-4.117,63.066,-627.545,63.066,-0.46,2000.0,60.21,216.8,2.75,13.30,16.05
84,137.56,1.687,-4.106,63.059,-625.858,63.059,-0.46,2000.0,60.27,217.0,2.75,29.95,32.70
85,139.25,1.689,-4.094,63.050,-624.170,63.050,-0.51,2000.0,60.36,217.3,2.75,29.95,32.70
86,140.94,1.691,-4.082,63.041,-622.478,63.041,-0.52,2000.0,60.44,217.6,2.75,29.95,32.70
87,142.64,1.694,-4.070,63.032,-620.785,63.032,-0.56,2000.0,60.51,217.8,2.75,29.95,32.70
88,144.33,1.696,-4.057,63.021,-619.089,63.021,-0.62,2000.0,60.59,218.1,2.75,29.95,32.70
89,146.03,1.698,-4.043,63.010,-617.391,63.010,-0.66,2000.0,60.69,218.5,2.75,29.95,32.70
90,147.73,1.701,-4.030,62.998,-615.691,62.998,-0.68,2000.0,60.76,218.7,2.75,29.95,32.70
91,149.43,1.702,-4.015,62.986,-613.989,62.986,-0.73,2000.0,60.83,219.0,2.75,29.95,32.70
92,151.14,1.705,-4.000,62.973,-612.283,62.973,-0.76,2000.0,60.94,219.4,2.75,29.95,32.70
93,152.85,1.707,-3.985,62.960,-610.576,62.960,-0.75,2000.0,61.01,219.6,2.75,29.95,32.70
94,154.56,1.710,-3.969,62.947,-608.867,62.947,-0.77,2000.0,61.10,219.9,2.75,29.95,32.70
95,156.27,1.712,-3.952,62.934,-607.155,62.934,-0.76,2000.0,61.19,220.3,2.75,29.95,32.70
96,157.98,1.714,-3.935,62.921,-605.441,62.921,-0.77,2000.0,61.26,220.5,2.75,29.95,32.70
97,159.70,1.716,-3.918,62.907,-603.724,62.907,-0.78,2000.0,61.33,220.8,2.75,29.95,32.70
98,161.42,1.719,-3.901,62.893,-602.006,62.893,-0.81,2000.0,61.42,221.1,2.70,30.00,32.70
99,163.14,1.721,-3.883,62.880,-600.285,62.880,-0.79,2000.0,61.50,221.4,2.70,30.00,32.70
100,164.86,1.723,-3.865,62.866,-598.562,62.866,-0.80,2000.0,61.58,221.7,2.70,30.00,32.70
101,166.59,1.726,-3.848,62.853,-596.836,62.853,-0.77,2000.0,61.67,222.0,2.70,30.00,32.70
102,168.32,1.728,-3.830,62.840,-595.109,62.840,-0.74,2000.0,61.75,222.3,2.70,30.00,32.70
103,170.05,1.730,-3.812,62.828,-593.379,62.828,-0.71,2000.0,61.83,222.6,2.70,30.00,32.70
104,171.78,1.732,-3.795,62.816,-591.646,62.816,-0.69,2000.0,61.91,222.9,2.70,30.00,32.70
105,173.51,1.734,-3.777,62.803,-589.912,62.803,-0.71,2000.0,61.97,223.1,2.70,30.00,32.70
106,175.25,1.736,-3.760,62.790,-588.176,62.790,-0.76,2000.0,62.04,223.3,2.70,30.00,32.70
107,176.99,1.739,-3.743,62.777,-586.437,62.777,-0.80,2000.0,62.13,223.7,2.70,30.00,32.70
108,178.73,1.741,-3.727,62.763,-584.696,62.763,-0.80,2000.0,62.21,224.0,2.70,30.00,32.70
109,180.47,1.743,-3.711,62.748,-582.953,62.748,-0.82,2000.0,62.29,224.3,2.70,30.00,32.70
110,182.22,1.746,-3.694,62.734,-581.208,62.734,-0.82,2000.0,62.38,224.6,2.70,30.00,32.70
111,183.97,1.748,-3.679,62.720,-579.460,62.720,-0.82,2000.0,62.46,224.9,2.65,30.00,32.65
112,185.72,1.750,-3.663,62.705,-577.711,62.705,-0.85,2000.0,62.52,225.1,2.65,30.05,32.70
113,187.22,1.501,-3.650,62.691,-576.210,62.691,-0.92,2000.0,62.58,225.3,2.65,30.05,32.70
114,188.72,1.503,-3.637,62.677,-574.707,62.677,-0.93,2000.0,62.66,225.6,2.65,30.05,32.70
115,190.22,1.505,-3.624,62.663,-573.202,62.663,-0.93,2000.0,62.74,225.9,2.65,30.05,32.70
116,191.73,1.507,-3.611,62.649,-571.695,62.649,-0.93,2000.0,62.81,226.1,2.65,30.05,32.70
117,193.24,1.508,-3.598,62.634,-570.188,62.634,-0.96,2000.0,62.84,226.2,2.65,30.05,32.70
118,194.75,1.509,-3.586,62.619,-568.678,62.619,-1.01,2000.0,62.93,226.5,2.65,30.05,32.70
119,196.26,1.511,-3.573,62.604,-567.167,62.604,-1.00,2000.0,63.01,226.8,2.65,30.05,32.70
120,197.77,1.513,-3.560,62.589,-565.654,62.589,-0.98,2000.0,63.07,227.0,2.65,30.05,32.70
121,199.29,1.515,-3.547,62.574,-564.140,62.574,-0.98,2000.0,63.14,227.3,2.65,30.05,32.70
122,200.80,1.516,-3.534,62.560,-562.623,62.560,-0.97,2000.0,63.21,227.6,2.65,30.05,32.70
123,202.32,1.518,-3.522,62.545,-561.106,62.545,-0.99,2000.0,63.27,227.8,2.65,30.05,32.70
124,203.84,1.519,-3.509,62.528,-559.586,62.528,-1.07,2000.0,63.32,228.0,2.65,30.05,32.70
125,205.36,1.520,-3.495,62.511,-558.066,62.511,-1.15,2000.0,63.37,228.1,2.65,30.05,32.70
126,206.88,1.522,-3.482,62.492,-556.544,62.492,-1.22,2000.0,63.44,228.4,2.65,30.05,32.70
127,208.41,1.524,-3.469,62.474,-555.021,62.474,-1.23,2000.0,63.52,228.7,2.65,30.05,32.70
128,209.93,1.526,-3.455,62.455,-553.495,62.455,-1.23,2000.0,63.61,229.0,2.65,30.05,32.70
129,211.46,1.528,-3.442,62.437,-551.968,62.437,-1.19,2000.0,63.67,229.2,2.65,30.05,32.70
130,212.99,1.529,-3.428,62.419,-550.439,62.419,-1.17,2000.0,63.75,229.5,2.65,30.05,32.70
131,214.52,1.531,-3.414,62.401,-548.908,62.401,-1.14,2000.0,63.81,229.7,2.65,30.05,32.70
132,216.05,1.532,-3.399,62.384,-547.376,62.384,-1.11,2000.0,63.88,230.0,2.65,30.05,32.70
133,217.59,1.534,-3.385,62.368,-545.842,62.368,-1.09,2000.0,63.95,230.2,2.65,30.05,32.70
134,219.12,1.535,-3.370,62.351,-544.307,62.351,-1.07,2000.0,64.00,230.4,2.65,30.05,32.70
135,220.66,1.537,-3.356,62.335,-542.770,62.335,-1.07,2000.0,64.07,230.6,2.65,30.05,32.70
136,222.20,1.539,-3.341,62.319,-541.232,62.319,-1.04,2000.0,64.15,230.9,2.65,30.05,32.70
137,223.74,1.540,-3.326,62.303,-539.691,62.303,-0.99,2000.0,64.20,231.1,2.60,30.05,32.65
138,225.28,1.542,-3.311,62.288,-538.150,62.288,-1.02,2000.0,64.27,231.4,2.60,30.05,32.65
139,226.82,1.543,-3.297,62.272,-536.607,62.272,-1.03,2000.0,64.31,231.5,2.60,30.05,32.65
140,228.37,1.545,-3.282,62.255,-535.062,62.255,-1.06,2000.0,64.39,231.8,2.60,30.05,32.65
141,229.91,1.547,-3.268,62.239,-533.516,62.239,-1.05,2000.0,64.47,232.1,2.60,30.10,32.70
142,231.46,1.548,-3.254,62.223,-531.968,62.223,-1.04,2000.0,64.52,232.3,2.60,30.10,32.70
143,233.01,1.549,-3.240,62.206,-530.419,62.206,-1.07,2000.0,64.59,232.5,2.60,30.10,32.70
144,234.56,1.551,-3.226,62.190,-528.868,62.190,-1.05,2000.0,64.65,232.7,2.60,30.10,32.70
145,236.12,1.552,-3.213,62.174,-527.316,62.174,-1.06,2000.0,64.71,233.0,2.60,30.10,32.70
146,237.67,1.554,-3.200,62.158,-525.762,62.158,-1.04,2000.0,64.79,233.2,2.60,30.10,32.70
147,239.23,1.556,-3.187,62.142,-524.206,62.142,-1.01,2000.0,64.86,233.5,2.60,30.10,32.70
148,240.78,1.557,-3.175,62.126,-522.649,62.126,-1.00,2000.0,64.92,233.7,2.60,30.10,32.70
149,242.34,1.559,-3.164,62.110,-521.090,62.110,-1.03,2000.0,64.96,233.9,2.60,30.10,32.70
150,243.90,1.560,-3.153,62.094,-519.530,62.094,-1.06,2000.0,65.02,234.1,2.60,30.10,32.70
151,245.46,1.562,-3.142,62.077,-517.969,62.077,-1.06,2000.0,65.11,234.4,2.65,30.10,32.75
152,247.03,1.563,-3.132,62.061,-516.406,62.061,-1.04,2000.0,65.16,234.6,2.65,30.10,32.75
153,248.59,1.565,-3.123,62.044,-514.841,62.044,-1.06,2000.0,65.22,234.8,2.65,30.05,32.70
154,250.16,1.566,-3.114,62.027,-513.275,62.027,-1.10,2000.0,65.28,235.0,2.65,30.05,32.70
155,251.72,1.567,-3.105,62.010,-511.708,62.010,-1.10,2000.0,65.34,235.2,2.65,30.05,32.70
156,253.29,1.569,-3.097,61.992,-510.139,61.992,-1.11,2000.0,65.42,235.5,2.65,30.05,32.70
157,254.86,1.571,-3.089,61.975,-508.568,61.975,-1.10,2000.0,65.46,235.7,2.65,30.05,32.70
158,256.44,1.572,-3.082,61.957,-506.996,61.957,-1.13,2000.0,65.52,235.9,2.65,30.05,32.70
159,258.01,1.574,-3.075,61.939,-505.423,61.939,-1.14,2000.0,65.61,236.2,2.65,30.05,32.70
160,259.58,1.575,-3.069,61.922,-503.848,61.922,-1.09,2000.0,65.66,236.4,2.65,30.05,32.70
161,261.16,1.577,-3.064,61.905,-502.271,61.905,-1.11,2000.0,65.73,236.6,2.70,30.05,32.75
162,262.74,1.578,-3.058,61.887,-500.693,61.887,-1.11,2000.0,65.77,236.8,2.70,30.05,32.75
163,264.32,1.579,-3.054,61.869,-499.114,61.869,-1.15,2000.0,65.84,237.0,2.70,30.00,32.70
164,265.90,1.581,-3.050,61.851,-497.533,61.851,-1.15,2000.0,65.91,237.3,2.70,30.00,32.70
165,267.48,1.583,-3.046,61.833,-495.950,61.833,-1.14,2000.0,65.96,237.5,2.70,30.00,32.70
166,269.07,1.584,-3.043,61.815,-494.367,61.815,-1.15,2000.0,66.02,237.7,2.75,30.00,32.75
167,270.65,1.585,-3.040,61.797,-492.781,61.797,-1.13,2000.0,66.09,237.9,2.75,30.00,32.75
168,272.24,1.587,-3.038,61.779,-491.194,61.779,-1.10,2000.0,66.16,238.2,2.75,30.00,32.75
169,273.83,1.588,-3.037,61.761,-489.606,61.761,-1.11,2000.0,66.20,238.3,2.75,29.95,32.70
170,275.42,1.589,-3.036,61.743,-488.017,61.743,-1.16,2000.0,66.25,238.5,2.75,29.95,32.70
171,277.01,1.591,-3.036,61.724,-486.426,61.724,-1.17,2000.0,66.33,238.8,2.80,29.95,32.75
172,278.60,1.593,-3.037,61.706,-484.833,61.706,-1.17,2000.0,66.39,239.0,2.80,29.95,32.75
173,280.19,1.594,-3.039,61.686,-483.239,61.686,-1.21,2000.0,66.43,239.1,2.80,29.90,32.70
174,281.79,1.595,-3.041,61.666,-481.644,61.666,-1.27,2000.0,66.50,239.4,2.85,29.90,32.75
175,283.39,1.597,-3.045,61.645,-480.047,61.645,-1.31,2000.0,66.54,239.5,2.85,29.90,32.75
176,284.98,1.598,-3.049,61.623,-478.450,61.623,-1.37,2000.0,66.61,239.8,2.85,29.85,32.70
177,286.58,1.600,-3.055,61.601,-476.850,61.601,-1.37,1918.7,66.68,240.0,2.90,29.85,32.75
178,288.19,1.601,-3.063,61.580,-475.249,61.580,-1.36,1803.9,66.74,240.3,2.90,29.85,32.75
179,289.79,1.603,-3.071,61.558,-473.647,61.558,-1.36,1708.2,66.80,240.5,2.90,29.80,32.70
180,291.39,1.604,-3.082,61.536,-472.043,61.536,-1.36,1636.2,66.86,240.7,2.95,29.80,32.75
181,293.00,1.605,-3.094,61.514,-470.438,61.514,-1.36,1584.9,66.92,240.9,2.95,29.75,32.70
182,294.60,1.607,-3.107,61.492,-468.831,61.492,-1.36,1551.6,66.97,241.1,3.00,29.75,32.75
183,296.21,1.608,-3.122,61.471,-467.223,61.471,-1.35,1530.3,67.04,241.3,3.00,29.70,32.70
184,297.82,1.610,-3.140,61.449,-465.614,61.449,-1.32,1537.9,67.09,241.5,3.05,29.70,32.75
185,299.43,1.611,-3.158,61.428,-464.003,61.428,-1.32,1563.9,67.15,241.7,3.10,29.65,32.75
186,301.04,1.612,-3.179,61.407,-462.391,61.407,-1.32,1607.6,67.19,241.9,3.10,29.60,32.70
187,302.66,1.614,-3.201,61.385,-460.778,61.385,-1.33,1654.6,67.26,242.1,3.15,29.60,32.75
188,304.27,1.615,-3.225,61.364,-459.163,61.364,-1.34,1711.3,67.32,242.4,3.20,29.55,32.75
189,305.89,1.616,-3.250,61.341,-457.547,61.341,-1.38,1745.4,67.36,242.5,3.20,29.50,32.70
190,307.51,1.617,-3.277,61.318,-455.930,61.318,-1.45,1762.6,67.40,242.6,3.25,29.45,32.70
191,309.13,1.619,-3.305,61.294,-454.312,61.294,-1.51,1759.6,67.48,242.9,3.30,29.45,32.75
192,310.75,1.620,-3.335,61.269,-452.693,61.269,-1.53,1763.0,67.52,243.1,3.35,29.40,32.75
193,312.37,1.621,-3.366,61.244,-451.072,61.244,-1.56,1759.9,67.60,243.3,3.40,29.35,32.75
194,313.99,1.623,-3.399,61.219,-449.449,61.219,-1.54,1786.6,67.65,243.6,3.40,29.30,32.70
195,315.61,1.624,-3.433,61.193,-447.825,61.193,-1.55,1830.6,67.71,243.8,3.45,29.25,32.70
196,317.24,1.626,-3.469,61.168,-446.200,61.168,-1.56,1915.5,67.77,244.0,3.50,29.25,32.75
197,318.87,1.627,-3.507,61.143,-444.573,61.143,-1.56,2000.0,67.82,244.2,3.55,29.30,32.85
198,320.50,1.629,-3.545,61.117,-442.945,61.117,-1.55,2000.0,67.89,244.4,3.60,29.35,32.95
199,322.13,1.630,-3.585,61.092,-441.316,61.092,-1.54,2000.0,67.95,244.6,3.65,29.40,33.05
200,323.76,1.631,-3.627,61.067,-439.685,61.067,-1.55,2000.0,67.99,244.8,3.70,29.45,33.15
201,325.39,1.632,-3.669,61.041,-438.054,61.041,-1.58,2000.0,68.04,244.9,3.75,29.45,33.20
202,327.02,1.634,-3.712,61.016,-436.420,61.016,-1.55,2000.0,68.11,245.2,3.85,29.50,33.35
203,328.66,1.636,-3.757,60.991,-434.786,60.991,-1.50,2000.0,68.17,245.4,3.90,29.45,33.35
204,330.30,1.637,-3.802,60.967,-433.149,60.967,-1.46,2000.0,68.23,245.6,3.95,29.40,33.35
205,331.93,1.638,-3.847,60.944,-431.512,60.944,-1.45,2000.0,68.28,245.8,4.00,29.35,33.35
206,333.57,1.639,-3.894,60.920,-429.874,60.920,-1.43,2000.0,68.33,246.0,4.05,29.30,33.35
207,335.21,1.641,-3.940,60.897,-428.234,60.897,-1.43,2000.0,68.39,246.2,4.10,29.25,33.35
208,336.86,1.642,-3.987,60.873,-426.593,60.873,-1.45,2000.0,68.43,246.4,4.15,29.15,33.30
209,338.50,1.643,-4.034,60.849,-424.950,60.849,-1.47,2000.0,68.48,246.5,4.25,29.10,33.35
210,340.14,1.644,-4.081,60.825,-423.307,60.825,-1.47,2000.0,68.55,246.8,4.30,29.05,33.35
211,341.79,1.646,-4.127,60.801,-421.662,60.801,-1.44,2000.0,68.61,247.0,4.35,29.00,33.35
212,343.44,1.648,-4.174,60.778,-420.015,60.778,-1.44,2000.0,68.67,247.2,4.40,28.95,33.35
213,345.09,1.648,-4.220,60.753,-418.368,60.753,-1.48,2000.0,68.67,247.2,4.50,28.90,33.40
214,346.73,1.649,-4.266,60.728,-416.720,60.728,-1.55,2000.0,68.74,247.5,4.55,28.80,33.35
215,348.39,1.651,-4.311,60.702,-415.069,60.702,-1.54,2000.0,68.83,247.8,4.60,28.75,33.35
216,350.04,1.652,-4.356,60.677,-413.418,60.677,-1.51,2000.0,68.86,247.9,4.65,28.70,33.35
217,351.69,1.653,-4.401,60.652,-411.765,60.652,-1.55,2000.0,68.91,248.1,4.70,28.65,33.35
218,353.35,1.654,-4.445,60.625,-410.112,60.625,-1.59,2000.0,68.96,248.2,4.80,28.60,33.40
219,355.00,1.656,-4.489,60.598,-408.456,60.598,-1.63,2000.0,69.03,248.5,4.85,22.00,26.85
220,356.66,1.657,-4.532,60.571,-406.800,60.571,-1.63,2000.0,69.07,248.6,4.90,21.65,26.55
221,358.32,1.658,-4.575,60.544,-405.142,60.544,-1.67,2000.0,69.12,248.8,4.95,21.30,26.25
222,359.98,1.660,-4.617,60.516,-403.483,60.516,-1.68,2000.0,69.19,249.1,5.00,20.95,25.95
223,361.64,1.661,-4.660,60.488,-401.823,60.488,-1.67,2000.0,69.24,249.3,5.05,20.60,25.65
224,363.30,1.663,-4.701,60.460,-400.161,60.460,-1.67,2000.0,69.30,249.5,5.15,20.25,25.40
225,364.96,1.664,-4.743,60.433,-398.498,60.433,-1.67,2000.0,69.35,249.6,5.20,19.90,25.10
226,366.63,1.665,-4.785,60.405,-396.834,60.405,-1.69,2000.0,69.39,249.8,5.25,19.55,24.80
227,368.30,1.666,-4.826,60.376,-395.168,60.376,-1.71,2000.0,69.45,250.0,5.30,19.20,24.50
228,369.96,1.667,-4.867,60.347,-393.502,60.347,-1.73,2000.0,69.50,250.2,5.35,18.85,24.20
229,371.63,1.668,-4.908,60.318,-391.834,60.318,-1.77,2000.0,69.54,250.3,5.40,18.50,23.90
230,373.30,1.670,-4.950,60.288,-390.165,60.288,-1.79,2000.0,69.59,250.5,5.45,18.10,23.55
231,374.97,1.671,-4.991,60.258,-388.495,60.258,-1.80,2000.0,69.66,250.8,5.50,17.75,23.25
232,376.65,1.673,-5.033,60.228,-386.823,60.228,-1.80,2000.0,69.71,251.0,5.55,17.40,22.95
233,378.32,1.673,-5.075,60.197,-385.151,60.197,-1.83,2000.0,69.73,251.0,5.60,17.05,22.65
234,379.99,1.674,-5.117,60.166,-383.477,60.166,-1.88,2000.0,69.80,251.3,5.70,16.70,22.40
235,381.67,1.676,-5.159,60.134,-381.802,60.134,-1.86,2000.0,69.85,251.5,5.75,16.35,22.10
236,383.35,1.677,-5.202,60.104,-380.125,60.104,-1.84,2000.0,69.92,251.7,5.80,16.00,21.80
237,385.03,1.679,-5.245,60.073,-378.447,60.073,-1.82,2000.0,69.98,251.9,5.85,15.95,21.80
238,386.70,1.680,-5.288,60.042,-376.768,60.042,-1.82,2000.0,70.00,252.0,5.90,15.85,21.75
239,388.39,1.681,-5.332,60.011,-375.088,60.011,-1.85,2000.0,70.06,252.2,5.95,15.75,21.70
240,390.07,1.682,-5.377,59.981,-373.407,59.981,-1.81,2000.0,70.12,252.4,6.00,15.70,21.70
241,391.75,1.684,-5.421,59.951,-371.724,59.951,-1.78,2000.0,70.17,252.6,6.10,15.60,21.70
242,393.44,1.685,-5.467,59.922,-370.040,59.922,-1.74,2000.0,70.21,252.8,6.15,15.55,21.70
243,395.12,1.686,-5.512,59.893,-368.355,59.893,-1.72,2000.0,70.27,253.0,6.20,15.45,21.65
244,396.81,1.687,-5.558,59.864,-366.669,59.864,-1.69,2000.0,70.32,253.1,6.25,15.35,21.60
245,398.50,1.688,-5.605,59.836,-364.982,59.836,-1.67,2000.0,70.35,253.3,6.30,15.30,21.60
246,400.19,1.689,-5.652,59.808,-363.293,59.808,-1.67,2000.0,70.42,253.5,6.35,15.20,21.55
247,401.88,1.691,-5.699,59.780,-361.604,59.780,-1.64,2000.0,70.46,253.7,6.45,15.10,21.55
248,403.57,1.692,-5.747,59.752,-359.913,59.752,-1.66,2000.0,70.49,253.8,6.50,15.05,21.55
249,405.26,1.692,-5.795,59.723,-358.222,59.723,-1.72,2000.0,70.54,253.9,6.55,14.95,21.50
250,406.95,1.694,-5.843,59.694,-356.529,59.694,-1.72,2000.0,70.59,254.1,6.60,14.85,21.45
251,408.65,1.695,-5.892,59.665,-354.835,59.665,-1.71,2000.0,70.65,254.3,6.70,14.80,21.50
252,410.35,1.696,-5.942,59.636,-353.139,59.636,-1.70,2000.0,70.70,254.5,6.75,14.65,21.40
253,412.04,1.697,-5.991,59.607,-351.443,59.607,-1.71,2000.0,70.73,254.6,6.80,14.55,21.35
254,413.74,1.698,-6.041,59.577,-349.746,59.577,-1.74,2000.0,70.76,254.7,6.85,14.40,21.25
255,415.44,1.698,-6.092,59.548,-348.049,59.548,-1.72,2000.0,70.71,254.5,6.95,14.25,21.20
256,417.13,1.695,-6.143,59.519,-346.356,59.519,-1.74,2000.0,70.53,253.9,7.00,14.15,21.15
257,418.82,1.689,-6.194,59.488,-344.668,59.488,-1.80,2000.0,70.25,252.9,7.05,14.00,21.05
258,420.50,1.682,-6.244,59.457,-342.987,59.457,-1.84,2000.0,69.93,251.8,7.10,13.90,21.00
259,422.18,1.674,-6.295,59.426,-341.315,59.426,-1.85,2000.0,69.58,250.5,7.20,13.75,20.95
260,423.84,1.665,-6.346,59.395,-339.650,59.395,-1.85,2000.0,69.25,249.3,7.25,13.60,20.85
261,425.50,1.657,-6.397,59.364,-337.995,59.364,-1.87,2000.0,68.88,248.0,7.30,13.50,20.80
262,427.15,1.647,-6.447,59.334,-336.348,59.334,-1.85,2000.0,68.48,246.5,7.40,13.35,20.75
263,428.79,1.639,-6.498,59.304,-334.711,59.304,-1.83,2000.0,68.13,245.3,7.45,13.25,20.70
264,430.42,1.631,-6.548,59.274,-333.081,59.274,-1.85,2000.0,67.84,244.2,7.50,13.10,20.60
265,432.04,1.623,-6.598,59.243,-331.459,59.243,-1.92,2000.0,67.48,242.9,7.55,12.95,20.50
266,433.65,1.614,-6.649,59.212,-329.846,59.212,-1.92,2000.0,67.09,241.5,7.60,12.85,20.45
267,435.26,1.605,-6.699,59.181,-328.241,59.181,-1.91,2000.0,66.76,240.3,7.70,12.70,20.40
268,436.86,1.598,-6.748,59.149,-326.644,59.149,-1.99,2000.0,66.47,239.3,7.75,12.60,20.35
269,438.45,1.591,-6.798,59.116,-325.054,59.116,-2.08,2000.0,66.16,238.2,7.80,12.45,20.25
270,440.03,1.584,-6.847,59.082,-323.472,59.082,-2.18,2000.0,65.84,237.0,7.85,12.35,20.20
271,441.61,1.575,-6.896,59.047,-321.898,59.047,-2.23,2000.0,65.51,235.8,7.95,12.20,20.15
272,443.18,1.567,-6.945,59.011,-320.332,59.011,-2.27,2000.0,65.12,234.4,8.00,12.00,20.00
273,444.73,1.557,-6.993,58.976,-318.776,58.976,-2.23,2000.0,64.69,232.9,8.05,11.75,19.80
274,446.28,1.546,-7.041,58.943,-317.231,58.943,-2.17,2000.0,64.26,231.3,8.10,11.55,19.65
275,447.82,1.537,-7.088,58.911,-315.695,58.911,-2.08,2000.0,63.89,230.0,8.15,11.30,19.45
276,449.34,1.528,-7.135,58.879,-314.168,58.879,-2.07,2000.0,63.53,228.7,8.20,11.10,19.30
277,450.86,1.519,-7.181,58.848,-312.650,58.848,-2.04,2000.0,63.10,227.1,8.25,10.85,19.10
278,452.37,1.509,-7.227,58.818,-311.142,58.818,-1.97,2000.0,62.70,225.7,8.30,10.65,18.95
279,454.12,1.749,-7.280,58.785,-309.394,58.785,-1.93,2000.0,62.27,224.2,8.40,10.40,18.80
280,455.85,1.735,-7.332,58.753,-307.660,58.753,-1.85,2000.0,61.75,222.3,8.45,10.15,18.60
281,457.58,1.722,-7.384,58.723,-305.939,58.723,-1.71,2000.0,61.33,220.8,8.50,9.85,18.35
282,459.29,1.711,-7.435,58.694,-304.230,58.694,-1.67,2000.0,60.92,219.3,8.55,9.60,18.15
283,460.99,1.701,-7.486,58.666,-302.530,58.666,-1.68,2000.0,60.60,218.2,8.60,9.40,18.00
284,462.68,1.692,-7.537,58.635,-300.839,58.635,-1.81,2000.0,60.29,217.0,8.65,9.15,17.80
285,464.36,1.682,-7.588,58.603,-299.158,58.603,-1.93,2000.0,59.94,215.8,8.70,8.90,17.60
286,466.03,1.672,-7.639,58.569,-297.487,58.569,-2.02,2000.0,59.53,214.3,8.75,8.65,17.40
287,467.70,1.661,-7.690,58.535,-295.827,58.535,-2.04,2000.0,59.17,213.0,8.80,8.40,17.20
288,469.35,1.651,-7.742,58.501,-294.177,58.501,-2.09,2000.0,58.80,211.7,8.85,8.15,17.00
289,470.99,1.641,-7.793,58.466,-292.538,58.466,-2.12,2000.0,58.46,210.5,8.90,7.90,16.80
290,472.62,1.630,-7.845,58.430,-290.909,58.430,-2.20,2000.0,58.03,208.9,8.90,7.65,16.55
291,474.24,1.619,-7.897,58.395,-289.290,58.395,-2.17,2000.0,57.69,207.7,8.90,7.40,16.30
292,475.85,1.609,-7.949,58.360,-287.683,58.360,-2.19,2000.0,57.28,206.2,8.90,7.15,16.05
293,477.44,1.597,-8.002,58.326,-286.087,58.326,-2.14,2000.0,56.84,204.6,8.85,6.90,15.75
294,479.03,1.585,-8.055,58.293,-284.503,58.293,-2.04,2000.0,56.44,203.2,8.80,6.65,15.45
295,480.60,1.576,-8.109,58.262,-282.929,58.262,-1.98,2000.0,56.17,202.2,8.75,6.40,15.15
296,482.17,1.567,-8.163,58.230,-281.363,58.230,-2.06,2000.0,55.80,200.9,8.70,6.15,14.85
297,483.73,1.557,-8.217,58.197,-279.807,58.197,-2.14,2000.0,55.46,199.6,8.65,5.90,14.55
298,485.27,1.547,-8.272,58.164,-278.262,58.164,-2.14,2000.0,55.09,198.3,8.55,5.65,14.20
299,486.81,1.536,-8.327,58.131,-276.727,58.131,-2.13,2000.0,54.70,196.9,8.50,5.40,13.90
300,488.34,1.526,-8.382,58.100,-275.203,58.100,-2.05,2000.0,54.36,195.7,8.40,5.20,13.60
301,489.85,1.517,-8.438,58.068,-273.687,58.068,-2.10,2000.0,54.05,194.6,8.30,4.95,13.25
302,491.36,1.508,-8.494,58.036,-272.180,58.036,-2.14,2000.0,53.73,193.4,8.25,4.70,12.95
303,493.07,1.713,-8.558,57.997,-270.469,57.997,-2.26,2000.0,53.37,192.1,8.15,4.45,12.60
304,494.78,1.701,-8.622,57.957,-268.769,57.957,-2.37,2000.0,52.97,190.7,8.00,4.50,12.50
305,496.46,1.688,-8.687,57.916,-267.083,57.916,-2.40,2000.0,52.60,189.4,7.90,4.55,12.45
306,498.14,1.675,-8.751,57.875,-265.410,57.875,-2.45,2000.0,52.14,187.7,7.75,4.60,12.35
307,499.80,1.660,-8.816,57.836,-263.751,57.836,-2.38,2000.0,51.71,186.2,7.65,4.65,12.30
308,501.45,1.647,-8.880,57.798,-262.106,57.798,-2.29,2000.0,51.29,184.6,7.50,4.70,12.20
309,503.08,1.634,-8.945,57.762,-260.473,57.762,-2.20,2000.0,50.91,183.3,7.35,4.80,12.15
310,504.70,1.623,-9.010,57.726,-258.852,57.726,-2.24,2000.0,50.54,182.0,7.20,4.90,12.10
311,506.31,1.611,-9.075,57.689,-257.242,57.689,-2.26,2000.0,50.18,180.7,7.10,5.00,12.10
312,507.91,1.600,-9.141,57.652,-255.645,57.652,-2.32,2000.0,49.88,179.6,6.95,5.10,12.05
313,509.50,1.589,-9.206,57.613,-254.057,57.613,-2.48,2000.0,49.48,178.1,6.80,5.20,12.00
314,511.08,1.577,-9.272,57.573,-252.482,57.573,-2.56,2000.0,49.16,177.0,6.70,5.30,12.00
315,512.65,1.566,-9.338,57.530,-250.917,57.530,-2.74,2000.0,48.77,175.6,6.55,5.45,12.00
316,514.20,1.554,-9.404,57.486,-249.365,57.486,-2.80,2000.0,48.42,174.3,6.45,5.55,12.00
317,515.74,1.543,-9.470,57.441,-247.824,57.441,-2.91,2000.0,48.04,172.9,6.30,5.65,11.95
318,517.27,1.529,-9.537,57.396,-246.298,57.396,-2.94,2000.0,47.61,171.4,6.20,5.80,12.00
319,518.79,1.516,-9.605,57.352,-244.783,57.352,-2.92,1926.0,47.20,169.9,6.10,5.95,12.05
320,520.29,1.504,-9.673,57.308,-243.281,57.308,-2.92,1724.4,46.85,168.6,5.95,6.05,12.00
321,521.97,1.677,-9.750,57.259,-241.607,57.259,-2.94,1520.9,46.37,166.9,5.85,6.20,12.05
322,523.63,1.661,-9.828,57.211,-239.949,57.211,-2.88,1374.7,45.92,165.3,5.70,6.35,12.05
323,525.28,1.646,-9.908,57.165,-238.305,57.165,-2.80,1283.1,45.56,164.0,5.60,6.50,12.10
324,526.91,1.631,-9.989,57.119,-236.677,57.119,-2.83,1220.6,45.13,162.5,5.45,6.70,12.15
325,528.53,1.617,-10.072,57.073,-235.062,57.073,-2.81,1186.3,44.76,161.1,5.35,6.85,12.20
326,530.13,1.604,-10.157,57.027,-233.461,57.027,-2.89,1158.1,44.39,159.8,5.20,7.00,12.20
327,531.72,1.591,-10.243,56.980,-231.873,56.980,-2.98,1121.8,44.05,158.6,5.10,7.15,12.25
328,533.30,1.578,-10.330,56.929,-230.298,56.929,-3.19,1056.3,43.69,157.3,4.95,7.35,12.30
329,534.86,1.565,-10.418,56.877,-228.736,56.877,-3.35,999.4,43.27,155.8,4.85,7.50,12.35
330,536.41,1.550,-10.508,56.824,-227.190,56.824,-3.43,944.9,42.88,154.4,4.70,7.65,12.35
331,537.95,1.535,-10.599,56.771,-225.659,56.771,-3.45,909.0,42.48,152.9,4.60,7.85,12.45
332,539.47,1.522,-10.693,56.719,-224.141,56.719,-3.43,895.1,42.07,151.5,4.45,8.00,12.45
333,540.98,1.508,-10.789,56.668,-222.637,56.668,-3.35,910.1,41.77,150.4,5.15,8.15,13.30
334,542.64,1.661,-10.897,56.611,-220.981,56.611,-3.46,915.5,41.31,148.7,5.00,8.35,13.35
335,544.28,1.645,-11.008,56.554,-219.341,56.554,-3.46,920.5,40.90,147.2,4.90,8.55,13.45
336,545.91,1.628,-11.120,56.500,-217.718,56.500,-3.35,932.2,40.54,145.9,4.75,8.70,13.45
337,547.52,1.613,-11.234,56.445,-216.110,56.445,-3.37,930.2,40.14,144.5,4.65,8.90,13.55
338,549.12,1.596,-11.349,56.392,-214.519,56.392,-3.36,909.8,39.71,143.0,4.50,9.10,13.60
339,550.70,1.581,-11.465,56.338,-212.944,56.338,-3.43,887.1,39.32,141.6,4.40,9.25,13.65
340,552.27,1.565,-11.583,56.286,-211.384,56.286,-3.32,872.7,38.98,140.3,4.25,9.45,13.70
341,553.82,1.551,-11.703,56.234,-209.838,56.234,-3.35,833.4,38.61,139.0,4.15,9.65,13.80
342,555.35,1.537,-11.824,56.181,-208.307,56.181,-3.42,787.2,38.25,137.7,4.05,9.85,13.90
343,556.88,1.523,-11.948,56.128,-206.791,56.128,-3.47,731.8,37.92,136.5,3.90,10.00,13.90
344,558.38,1.508,-12.072,56.074,-205.289,56.074,-3.58,680.2,37.52,135.1,3.80,10.20,14.00
345,560.03,1.643,-12.212,56.014,-203.653,56.014,-3.70,608.8,37.15,133.7,3.70,10.40,14.10
346,561.65,1.624,-12.355,55.953,-202.036,55.953,-3.72,552.7,36.73,132.2,3.60,10.55,14.15
347,563.26,1.607,-12.500,55.892,-200.437,55.892,-3.81,499.8,36.35,130.9,7.85,10.75,18.60
348,564.85,1.589,-12.650,55.831,-198.856,55.831,-3.81,460.2,35.96,129.4,7.75,10.95,18.70
349,566.42,1.573,-12.802,55.769,-197.291,55.769,-3.98,428.3,35.54,127.9,7.65,11.10,18.75
350,567.97,1.553,-12.959,55.707,-195.747,55.707,-3.97,410.1,35.14,126.5,7.55,11.30,18.85
351,569.51,1.534,-13.119,55.644,-194.223,55.644,-4.11,392.4,34.61,124.6,7.45,11.45,18.90
352,571.02,1.515,-13.283,55.584,-192.718,55.584,-3.98,379.6,34.27,123.4,7.35,11.60,18.95
353,572.66,1.633,-13.469,55.518,-191.097,55.518,-4.02,366.5,33.86,121.9,7.30,11.75,19.05
354,574.27,1.615,-13.658,55.451,-189.495,55.451,-4.20,353.6,33.41,120.3,7.20,11.90,19.10
355,575.86,1.592,-13.850,55.382,-187.917,55.382,-4.32,344.6,32.95,118.6,7.15,12.05,19.20
356,577.43,1.570,-14.048,55.313,-186.361,55.313,-4.36,344.9,32.50,117.0,7.10,12.20,19.30
357,578.98,1.549,-14.252,55.249,-184.827,55.249,-4.18,356.7,32.06,115.4,7.05,12.35,19.40
358,580.51,1.527,-14.459,55.185,-183.315,55.185,-4.15,379.3,31.62,113.8,7.00,12.45,19.45
359,582.01,1.506,-14.669,55.123,-181.825,55.123,-4.17,422.8,31.17,112.2,6.95,12.60,19.55
360,583.62,1.604,-14.900,55.059,-180.240,55.059,-3.97,480.4,30.57,110.0,6.90,12.70,19.60
361,585.19,1.575,-15.131,54.996,-178.684,54.996,-3.99,547.5,30.03,108.1,6.85,12.85,19.70
362,586.74,1.548,-15.363,54.933,-177.155,54.933,-4.10,609.6,29.53,106.3,6.85,12.95,19.80
363,588.26,1.521,-15.594,54.866,-175.652,54.866,-4.36,659.9,29.05,104.6,6.80,13.05,19.85
364,589.87,1.608,-15.840,54.790,-174.065,54.790,-4.75,672.0,28.41,102.3,6.80,13.20,20.00
365,591.44,1.572,-16.085,54.715,-172.514,54.715,-4.75,670.1,27.76,99.9,6.75,13.30,20.05
366,592.98,1.535,-16.327,54.645,-170.999,54.645,-4.61,666.9,27.13,97.7,6.75,13.40,20.15
367,594.48,1.502,-16.568,54.580,-169.518,54.580,-4.34,671.0,26.58,95.7,6.75,13.50,20.25
368,596.06,1.579,-16.825,54.514,-167.962,54.514,-4.13,682.5,26.07,93.8,6.75,13.60,20.35
369,597.60,1.547,-17.081,54.451,-166.438,54.451,-4.13,705.5,25.53,91.9,6.75,13.70,20.45
370,599.12,1.515,-17.334,54.386,-164.945,54.386,-4.26,716.7,25.01,90.0,6.70,13.75,20.45
371,600.70,1.581,-17.602,54.317,-163.389,54.317,-4.36,686.2,24.42,87.9,6.70,13.85,20.55
372,602.24,1.543,-17.866,54.246,-161.870,54.246,-4.60,614.6,23.84,85.8,6.70,13.95,20.65
373,603.84,1.594,-18.142,54.172,-160.302,54.172,-4.69,510.2,23.06,83.0,6.70,14.05,20.75
374,605.38,1.539,-18.412,54.097,-158.788,54.097,-4.83,399.8,22.27,80.2,6.70,14.15,20.85
375,606.95,1.574,-18.692,54.021,-157.241,54.021,-4.86,301.3,21.51,77.4,6.70,14.20,20.90
376,608.47,1.522,-18.971,53.948,-155.747,53.948,-4.82,226.3,20.80,74.9,6.75,14.30,21.05
377,610.02,1.544,-19.261,53.875,-154.231,53.875,-4.69,168.2,19.91,71.7,6.75,14.35,21.10
378,611.57,1.557,-19.566,53.804,-152.706,53.804,-4.55,126.0,19.07,68.7,6.80,14.40,21.20
379,613.14,1.566,-19.889,53.733,-151.175,53.733,-4.57,96.5,18.25,65.7,6.85,14.40,21.25
380,614.71,1.567,-20.233,53.658,-149.648,53.658,-4.80,75.5,17.44,62.8,6.90,14.45,21.35
381,616.22,1.509,-20.594,53.580,-148.185,53.580,-5.16,61.4,16.88,60.8,7.00,14.40,21.40
382,617.74,1.528,-20.995,53.500,-146.713,53.500,-5.26,50.9,16.36,58.9,7.15,14.35,21.50
383,619.29,1.545,-21.445,53.423,-145.238,53.423,-4.97,43.1,15.84,57.0,7.35,14.30,21.65
384,620.85,1.558,-21.950,53.346,-143.766,53.346,-4.96,37.2,15.36,55.3,7.60,14.15,21.75
385,622.36,1.519,-22.503,53.272,-142.353,53.272,-4.86,33.3,15.04,54.1,7.95,14.00,21.95
386,623.91,1.548,-23.130,53.192,-140.941,53.192,-5.18,30.1,14.76,53.1,8.40,13.80,22.20
387,625.44,1.525,-23.824,53.113,-139.585,53.113,-5.20,28.2,14.60,52.6,8.95,13.60,22.55
388,626.96,1.521,-24.593,53.030,-138.276,53.030,-5.44,27.2,14.68,52.8,9.60,13.35,22.95
389,628.49,1.534,-25.448,52.948,-137.004,52.948,-5.37,26.7,14.83,53.4,10.45,13.05,23.50
390,630.04,1.551,-26.387,52.865,-135.773,52.865,-5.37,26.7,15.00,54.0,11.50,12.65,24.15
391,631.55,1.509,-27.371,52.785,-134.631,52.785,-5.32,27.2,15.18,54.6,12.70,12.25,24.95
392,633.08,1.527,-28.431,52.706,-133.535,52.706,-5.16,27.8,15.36,55.3,14.05,11.75,25.80
393,634.63,1.546,-29.563,52.626,-132.485,52.626,-5.19,28.6,15.56,56.0,15.55,11.10,26.65
394,636.13,1.503,-30.716,52.547,-131.525,52.547,-5.26,29.4,15.75,56.7,17.20,10.45,27.65
395,637.65,1.521,-31.931,52.467,-130.614,52.467,-5.29,30.3,15.93,57.3,19.20,9.65,28.85
396,639.19,1.537,-33.206,52.387,-129.760,52.387,-5.16,31.2,16.08,57.9,21.60,9.00,30.60
397,640.74,1.550,-34.534,52.311,-128.965,52.311,-4.95,32.3,16.20,58.3,24.40,8.30,32.70
398,642.30,1.560,-35.909,52.235,-128.230,52.235,-4.87,33.6,16.30,58.7,27.60,7.40,35.00
399,643.80,1.504,-37.264,52.160,-127.583,52.160,-4.98,35.0,16.39,59.0,31.10,6.20,37.30
400,645.31,1.512,-38.653,52.081,-126.992,52.081,-5.25,35.9,16.47,59.3,34.75,4.85,39.60
401,646.84,1.521,-40.073,51.988,-126.454,51.988,-6.14,36.1,16.58,59.7,35.20,3.40,38.60
402,648.37,1.531,-41.520,51.875,-125.969,51.875,-7.37,35.7,16.69,60.1,33.00,2.00,35.00
403,649.91,1.539,-42.992,51.737,-125.540,51.737,-9.00,35.2,16.76,60.3,30.55,1.45,32.00
404,651.45,1.545,-44.483,51.578,-125.171,51.578,-10.40,34.7,16.84,60.6,28.15,1.25,29.40
405,653.00,1.553,-46.000,51.418,-124.880,51.418,-10.31,35.1,16.98,61.1,25.85,1.50,27.35
406,654.57,1.564,-47.543,51.274,-124.673,51.274,-9.28,36.4,17.04,61.3,24.25,2.10,26.35
407,656.14,1.572,-49.104,51.155,-124.531,51.155,-7.61,37.8,17.14,61.7,23.05,2.90,25.95
408,657.65,1.512,-50.613,51.080,-124.447,51.080,-4.93,38.9,17.23,62.0,22.10,4.00,26.10
409,659.17,1.520,-52.132,51.035,-124.410,51.035,-2.98,39.2,17.31,62.3,21.30,5.65,26.95
410,660.70,1.525,-53.656,51.006,-124.424,51.006,-1.91,38.0,17.31,62.3,20.50,7.55,28.05
411,662.22,1.521,-55.174,50.983,-124.499,50.983,-1.47,36.1,17.25,62.1,19.75,9.15,28.90
412,663.73,1.515,-56.683,50.964,-124.640,50.964,-1.26,34.2,17.19,61.9,18.95,10.50,29.45
413,665.24,1.509,-58.177,50.948,-124.853,50.948,-1.06,32.7,17.12,61.6,18.25,11.65,29.90
414,666.77,1.531,-59.681,50.934,-125.134,50.934,-0.91,31.4,17.62,63.4,17.45,12.65,30.10
415,668.33,1.552,-61.190,50.922,-125.500,50.922,-0.76,30.4,17.64,63.5,16.75,13.50,30.25
416,669.88,1.551,-62.674,50.908,-125.947,50.908,-0.95,29.7,17.61,63.4,16.20,14.15,30.35
417,671.42,1.548,-64.132,50.889,-126.469,50.889,-1.23,29.2,17.58,63.3,9.15,14.10,23.25
418,672.97,1.546,-65.558,50.867,-127.065,50.867,-1.37,28.7,17.55,63.2,8.10,14.65,22.75
419,674.51,1.543,-66.946,50.847,-127.739,50.847,-1.32,28.5,17.53,63.1,7.05,15.05,22.10
420,676.06,1.541,-68.292,50.829,-128.489,50.829,-1.15,28.7,17.51,63.0,6.10,15.40,21.50
421,677.59,1.539,-69.593,50.814,-129.311,50.814,-1.00,29.2,17.48,62.9,5.25,15.70,20.95
422,679.13,1.538,-70.849,50.797,-130.200,50.797,-1.10,30.2,17.48,62.9,4.55,16.00,20.55
423,680.67,1.538,-72.052,50.783,-131.157,50.783,-0.87,31.9,17.48,62.9,3.90,16.20,20.10
424,682.21,1.539,-73.205,50.773,-132.176,50.773,-0.70,34.1,17.50,63.0,3.40,16.40,19.80
425,683.75,1.542,-74.313,50.765,-133.250,50.765,-0.47,36.4,17.55,63.2,2.90,16.60,19.50
426,685.30,1.546,-75.378,50.761,-134.370,50.761,-0.30,38.5,17.59,63.3,2.50,16.75,19.25
427,686.85,1.551,-76.406,50.756,-135.531,50.756,-0.33,40.2,17.66,63.6,2.15,16.95,19.10
428,688.41,1.556,-77.394,50.753,-136.734,50.753,-0.17,41.3,17.71,63.8,1.80,17.10,18.90
429,689.97,1.561,-78.340,50.751,-137.976,50.751,-0.13,42.0,17.77,64.0,1.55,17.20,18.75
430,691.53,1.566,-79.240,50.754,-139.258,50.754,0.16,42.7,17.83,64.2,1.30,17.30,18.60
431,693.03,1.500,-80.054,50.759,-140.518,50.759,0.35,44.3,17.89,64.4,1.15,17.35,18.50
432,694.54,1.506,-80.829,50.764,-141.809,50.764,0.34,46.2,17.97,64.7,1.00,17.40,18.40
433,696.05,1.512,-81.566,50.768,-143.130,50.768,0.29,48.4,18.04,64.9,1.00,17.45,18.45
434,697.57,1.518,-82.263,50.774,-144.478,50.774,0.36,50.9,18.11,65.2,1.00,17.45,18.45
435,699.10,1.525,-82.922,50.782,-145.854,50.782,0.57,53.5,18.19,65.5,1.00,17.40,18.40
436,700.63,1.532,-83.543,50.796,-147.254,50.796,0.89,55.6,18.28,65.8,1.00,17.35,18.35
437,702.17,1.539,-84.130,50.809,-148.676,50.809,0.87,57.3,18.36,66.1,1.15,17.30,18.45
438,703.71,1.546,-84.681,50.826,-150.120,50.826,1.06,58.8,18.44,66.4,2.10,17.20,19.30
439,705.27,1.553,-85.196,50.846,-151.585,50.846,1.30,60.3,18.53,66.7,3.90,17.05,20.95
440,706.83,1.561,-85.674,50.869,-153.070,50.869,1.49,62.2,18.63,67.1,3.80,16.90,20.70
441,708.39,1.569,-86.117,50.895,-154.575,50.895,1.61,64.2,18.73,67.4,4.05,16.70,20.75
442,709.90,1.503,-86.507,50.916,-156.027,50.916,1.43,67.6,18.86,67.9,4.30,16.45,20.75
443,711.42,1.517,-86.867,50.942,-157.500,50.942,1.73,72.6,19.07,68.7,3.90,16.25,20.15
444,712.95,1.538,-87.198,50.971,-159.002,50.971,1.85,78.4,19.39,69.8,4.25,15.95,20.20
445,714.52,1.566,-87.505,51.005,-160.538,51.005,2.22,85.5,19.77,71.2,3.90,15.65,19.55
446,716.04,1.519,-87.775,51.043,-162.031,51.043,2.50,94.5,20.17,72.6,4.25,15.30,19.55
447,717.59,1.548,-88.026,51.087,-163.559,51.087,2.83,103.2,20.54,74.0,4.60,14.95,19.55
448,719.16,1.577,-88.261,51.131,-165.118,51.131,2.78,111.7,20.94,75.4,5.00,14.55,19.55
449,720.68,1.521,-88.467,51.175,-166.624,51.175,2.87,121.6,21.31,76.7,5.40,14.15,19.55
450,722.23,1.548,-88.658,51.222,-168.160,51.222,3.05,131.5,21.69,78.1,5.75,13.75,19.50
451,723.81,1.576,-88.832,51.274,-169.726,51.274,3.30,142.2,22.08,79.5,6.15,13.30,19.45
452,725.33,1.516,-88.983,51.327,-171.233,51.327,3.49,157.7,22.47,80.9,6.55,12.85,19.40
453,726.87,1.545,-89.122,51.380,-172.771,51.380,3.47,177.7,22.94,82.6,6.95,12.40,19.35
454,728.45,1.577,-89.251,51.434,-174.341,51.434,3.42,205.6,23.41,84.3,7.35,11.90,19.25
455,729.96,1.516,-89.363,51.487,-175.852,51.487,3.51,253.3,23.91,86.1,7.75,11.40,19.15
456,731.51,1.547,-89.465,51.546,-177.394,51.546,3.82,343.5,24.40,87.8,8.15,10.90,19.05
457,733.09,1.578,-89.562,51.613,-178.968,51.613,4.24,532.2,24.88,89.6,8.50,10.40,18.90
458,734.59,1.506,-89.651,51.681,-180.470,51.681,4.50,1194.6,25.30,91.1,8.85,9.90,18.75
459,736.13,1.531,-89.740,51.752,-181.997,51.752,4.67,2000.0,25.71,92.5,9.20,9.40,18.60
460,737.68,1.559,-89.832,51.828,-183.551,51.828,4.86,1036.0,26.20,94.3,9.55,8.90,18.45
461,739.27,1.586,-89.929,51.912,-185.131,51.912,5.29,609.4,26.62,95.8,9.85,8.40,18.25
462,740.77,1.502,-90.025,51.994,-186.628,51.994,5.50,468.9,27.02,97.3,10.15,7.95,18.10
463,742.30,1.526,-90.129,52.081,-188.148,52.081,5.70,399.4,27.43,98.7,10.40,7.50,17.90
464,743.84,1.547,-90.240,52.171,-189.688,52.171,5.84,359.0,27.80,100.1,10.65,7.05,17.70
465,745.41,1.568,-90.359,52.264,-191.249,52.264,5.91,331.6,28.18,101.5,10.85,6.60,17.45
466,747.00,1.589,-90.488,52.358,-192.831,52.358,5.97,310.6,28.49,102.6,11.10,6.20,17.30
467,748.60,1.594,-90.626,52.453,-194.416,52.453,5.95,292.2,28.37,102.1,11.30,5.80,17.10
468,750.18,1.581,-90.771,52.546,-195.987,52.546,5.87,275.4,28.09,101.1,11.45,5.45,16.90
469,751.74,1.563,-90.923,52.634,-197.541,52.634,5.69,256.7,27.76,100.0,11.60,5.10,16.70
470,753.29,1.545,-91.082,52.723,-199.075,52.723,5.76,237.0,27.45,98.8,11.75,4.80,16.55
471,754.81,1.528,-91.248,52.813,-200.591,52.813,5.86,217.0,27.12,97.6,11.85,4.50,16.35
472,756.32,1.510,-91.422,52.904,-202.088,52.904,6.06,197.0,26.83,96.6,11.95,4.25,16.20
473,757.92,1.599,-91.620,53.002,-203.672,53.002,6.12,174.8,26.53,95.5,12.05,4.00,16.05
474,759.50,1.581,-91.828,53.095,-205.237,53.095,5.91,154.2,26.19,94.3,12.15,3.75,15.90
475,761.07,1.562,-92.048,53.186,-206.781,53.186,5.83,134.9,25.90,93.3,12.20,3.55,15.75
476,762.61,1.544,-92.283,53.273,-208.304,53.273,5.62,118.4,25.60,92.2,12.25,3.35,15.60
477,764.14,1.527,-92.534,53.356,-209.808,53.356,5.44,105.3,25.30,91.1,12.25,3.20,15.45
478,765.65,1.509,-92.803,53.436,-211.291,53.436,5.35,95.7,25.03,90.1,12.25,3.10,15.35
479,767.24,1.591,-93.112,53.520,-212.850,53.520,5.24,87.3,24.72,89.0,12.25,2.95,15.20
480,768.81,1.573,-93.449,53.607,-214.384,53.607,5.54,81.5,24.46,88.0,12.20,2.90,15.10
481,770.37,1.557,-93.814,53.695,-215.895,53.695,5.70,77.6,24.23,87.2,12.15,2.85,15.00
482,771.91,1.543,-94.203,53.778,-217.386,53.778,5.38,74.3,24.01,86.4,12.05,2.80,14.85
483,773.44,1.531,-94.618,53.855,-218.858,53.855,5.03,71.1,23.85,85.8,11.95,2.85,14.80
484,774.96,1.520,-95.061,53.926,-220.310,53.926,4.69,68.3,23.66,85.2,11.85,2.90,14.75
485,776.47,1.508,-95.534,53.996,-221.741,53.996,4.61,65.8,23.49,84.6,11.70,3.00,14.70
486,778.06,1.591,-96.069,54.066,-223.238,54.066,4.44,62.7,23.31,83.9,10.85,3.15,14.00
487,779.64,1.579,-96.636,54.132,-224.709,54.132,4.14,59.9,23.13,83.3,10.65,3.35,14.00
488,781.21,1.566,-97.238,54.193,-226.154,54.193,3.90,57.9,22.96,82.6,10.40,3.60,14.00
489,782.76,1.557,-97.876,54.251,-227.573,54.251,3.73,56.7,22.84,82.2,10.15,3.85,14.00
490,784.31,1.551,-98.551,54.305,-228.968,54.305,3.53,56.3,22.78,82.0,9.85,4.20,14.05
491,785.86,1.548,-99.263,54.356,-230.341,54.356,3.27,57.4,22.75,81.9,9.55,4.50,14.05
492,787.41,1.547,-100.015,54.405,-231.693,54.405,3.19,60.1,22.75,81.9,9.25,4.90,14.15
493,788.96,1.548,-100.804,54.455,-233.023,54.455,3.22,64.5,22.77,82.0,8.85,5.25,14.10
494,790.51,1.550,-101.629,54.506,-234.335,54.506,3.26,70.3,22.83,82.2,8.50,5.65,14.15
495,792.06,1.555,-102.485,54.556,-235.632,54.556,3.26,77.2,22.90,82.5,8.10,6.05,14.15
496,793.62,1.560,-103.368,54.607,-236.917,54.607,3.22,84.2,22.99,82.8,7.70,6.40,14.10
497,795.19,1.566,-104.276,54.656,-238.193,54.656,3.14,89.3,23.08,83.1,7.35,6.70,14.05
498,796.76,1.573,-105.208,54.704,-239.459,54.704,3.07,92.0,23.18,83.4,6.95,7.00,13.95
499,798.34,1.579,-106.165,54.753,-240.714,54.753,3.10,92.1,23.27,83.8,6.65,7.25,13.90
500,799.93,1.586,-107.148,54.803,-241.958,54.803,3.13,90.4,23.37,84.1,6.35,7.50,13.85
501,801.52,1.592,-108.155,54.850,-243.190,54.850,2.96,87.6,23.46,84.5,6.15,7.70,13.85
502,803.02,1.504,-109.126,54.892,-244.339,54.892,2.77,85.8,23.55,84.8,6.35,7.85,14.20
503,804.54,1.510,-110.120,54.929,-245.475,54.929,2.49,83.9,23.65,85.1,6.40,8.05,14.45
504,806.05,1.517,-111.140,54.967,-246.598,54.967,2.51,82.8,23.74,85.5,6.20,8.25,14.45
505,807.58,1.523,-112.186,55.007,-247.704,55.007,2.59,82.1,23.84,85.8,6.00,8.40,14.40
506,809.10,1.529,-113.257,55.047,-248.795,55.047,2.63,81.5,23.93,86.1,5.85,8.60,14.45
507,810.64,1.534,-114.351,55.086,-249.870,55.086,2.54,80.2,24.00,86.4,5.65,8.75,14.40
508,812.18,1.538,-115.468,55.124,-250.926,55.124,2.47,78.9,24.06,86.6,5.45,8.95,14.40
509,813.72,1.542,-116.607,55.159,-251.965,55.159,2.29,77.0,24.12,86.8,5.30,13.20,18.50
510,815.26,1.545,-117.770,55.195,-252.981,55.195,2.34,75.0,24.15,86.9,5.10,13.35,18.45
511,816.81,1.546,-118.955,55.231,-253.974,55.231,2.32,72.7,24.17,87.0,4.95,13.55,18.50
512,818.36,1.547,-120.161,55.266,-254.941,55.266,2.29,70.2,24.18,87.1,4.80,13.80,18.60
513,819.91,1.548,-121.389,55.300,-255.883,55.300,2.15,67.7,24.19,87.1,4.65,13.90,18.55
514,821.45,1.549,-122.638,55.329,-256.799,55.329,1.88,65.4,24.20,87.1,4.50,14.00,18.50
515,823.00,1.549,-123.908,55.356,-257.686,55.356,1.77,63.7,24.20,87.1,4.35,14.20,18.55
516,824.55,1.549,-125.201,55.383,-258.539,55.383,1.76,62.4,24.21,87.1,4.25,14.40,18.65
517,826.10,1.549,-126.516,55.414,-259.356,55.414,1.99,61.8,24.21,87.1,4.10,14.45,18.55
518,827.65,1.549,-127.852,55.445,-260.140,55.445,2.02,61.3,24.21,87.1,4.00,14.55,18.55
519,829.20,1.549,-129.206,55.473,-260.892,55.473,1.81,60.7,24.20,87.1,3.90,14.70,18.60
520,830.75,1.549,-130.577,55.495,-261.612,55.495,1.38,59.6,24.19,87.1,3.80,14.90,18.70
521,832.30,1.548,-131.966,55.514,-262.295,55.514,1.27,58.5,24.18,87.1,3.70,15.05,18.75
522,833.84,1.547,-133.373,55.534,-262.940,55.534,1.23,57.4,24.17,87.0,3.60,15.05,18.65
523,835.39,1.547,-134.796,55.552,-263.545,55.552,1.20,56.5,24.16,87.0,3.50,15.10,18.60
524,836.94,1.546,-136.234,55.570,-264.110,55.570,1.16,56.0,24.15,86.9,3.40,15.20,18.60
525,838.48,1.545,-137.688,55.587,-264.635,55.587,1.10,56.0,24.14,86.9,3.35,15.40,18.75
526,840.03,1.545,-139.154,55.603,-265.119,55.603,1.02,56.2,24.13,86.9,3.25,15.50,18.75
527,841.57,1.544,-140.633,55.617,-265.563,55.617,0.92,56.4,24.12,86.8,3.15,15.60,18.75
528,843.12,1.543,-142.123,55.630,-265.965,55.630,0.82,56.7,24.11,86.8,3.05,15.80,18.85
529,844.66,1.543,-143.623,55.640,-266.326,55.640,0.70,57.0,24.10,86.8,2.95,15.95,18.90
530,846.20,1.542,-145.132,55.648,-266.647,55.648,0.51,57.5,24.10,86.8,2.90,16.00,18.90
531,847.74,1.542,-146.648,55.653,-266.927,55.653,0.34,58.0,24.10,86.7,2.80,16.10,18.90
532,849.29,1.542,-148.172,55.658,-267.166,55.658,0.31,58.9,24.09,86.7,2.75,16.10,18.85
533,850.83,1.542,-149.701,55.662,-267.364,55.662,0.25,60.2,24.11,86.8,2.70,16.05,18.75
534,852.37,1.543,-151.236,55.666,-267.522,55.666,0.28,62.0,24.12,86.8,2.65,16.10,18.75
535,853.92,1.544,-152.776,55.669,-267.641,55.669,0.15,64.0,24.14,86.9,2.55,16.20,18.75
536,855.46,1.545,-154.319,55.670,-267.724,55.670,0.10,66.2,24.17,87.0,2.50,16.25,18.75
537,857.01,1.547,-155.866,55.672,-267.769,55.672,0.10,68.5,24.19,87.1,2.40,16.20,18.60
538,858.56,1.550,-157.415,55.670,-267.781,55.670,-0.11,70.4,24.23,87.2,2.35,16.25,18.60
539,860.11,1.552,-158.967,55.665,-267.759,55.665,-0.29,72.0,24.26,87.3,2.25,16.30,18.55
540,861.67,1.554,-160.520,55.659,-267.704,55.659,-0.45,73.4,24.30,87.5,2.25,16.45,18.70
541,863.22,1.557,-162.074,55.651,-267.615,55.651,-0.50,74.8,24.35,87.6,2.20,16.45,18.65
542,864.78,1.560,-163.629,55.643,-267.493,55.643,-0.52,76.2,24.39,87.8,2.20,16.50,18.70
543,866.35,1.563,-165.184,55.634,-267.339,55.634,-0.56,77.8,24.44,88.0,2.20,16.55,18.75
544,867.91,1.566,-166.739,55.624,-267.153,55.624,-0.61,79.3,24.49,88.2,2.15,16.60,18.75
545,869.48,1.569,-168.293,55.614,-266.936,55.614,-0.67,80.8,24.54,88.4,2.15,16.60,18.75
546,871.05,1.572,-169.845,55.602,-266.688,55.602,-0.74,81.7,24.59,88.5,2.10,16.65,18.75
547,872.63,1.576,-171.397,55.587,-266.410,55.587,-0.93,82.0,24.65,88.7,2.10,16.70,18.80
548,874.21,1.579,-172.945,55.571,-266.102,55.571,-1.07,81.7,24.70,88.9,2.10,16.60,18.70
549,875.79,1.583,-174.492,55.551,-265.764,55.551,-1.26,81.4,24.76,89.1,2.15,16.55,18.70
550,877.38,1.586,-176.034,55.528,-265.396,55.528,-1.42,80.4,24.81,89.3,2.20,16.50,18.70
551,878.97,1.590,-177.572,55.506,-264.994,55.506,-1.40,79.7,24.86,89.5,2.25,16.35,18.60
552,880.56,1.593,-179.105,55.485,-264.560,55.485,-1.30,79.5,24.92,89.7,2.40,16.20,18.60
553,882.16,1.597,-180.632,55.466,-264.095,55.466,-1.22,79.7,24.97,89.9,2.50,16.15,18.65
554,883.76,1.600,-182.153,55.444,-263.600,55.444,-1.34,79.7,25.03,90.1,2.65,15.95,18.60
555,885.26,1.503,-183.573,55.423,-263.108,55.423,-1.42,80.6,25.07,90.3,2.85,15.80,18.65
556,886.77,1.506,-184.986,55.401,-262.589,55.401,-1.43,81.4,25.13,90.5,3.05,15.65,18.70
557,888.28,1.509,-186.393,55.379,-262.042,55.379,-1.49,82.0,25.17,90.6,3.25,15.55,18.80
558,889.79,1.512,-187.792,55.354,-261.470,55.354,-1.69,82.3,25.22,90.8,3.45,15.30,18.75
559,891.30,1.515,-189.184,55.324,-260.872,55.324,-1.98,82.9,25.27,91.0,3.70,15.15,18.85
560,892.82,1.518,-190.566,55.293,-260.246,55.293,-2.04,83.8,25.32,91.2,4.00,15.00,19.00
561,894.34,1.521,-191.940,55.261,-259.593,55.261,-2.10,85.4,25.37,91.3,4.25,14.80,19.05
562,895.87,1.524,-193.303,55.229,-258.913,55.229,-2.10,87.8,25.43,91.5,4.60,14.55,19.15
563,897.40,1.527,-194.657,55.197,-258.207,55.197,-2.08,91.2,25.48,91.7,4.90,14.35,19.25
564,898.93,1.531,-196.002,55.163,-257.476,55.163,-2.20,95.0,25.55,92.0,5.20,14.20,19.40
565,900.46,1.534,-197.339,55.128,-256.723,55.128,-2.28,98.8,25.60,92.2,5.55,13.75,19.30
566,902.00,1.538,-198.667,55.090,-255.948,55.090,-2.49,101.7,25.67,92.4,5.90,13.40,19.30
567,903.54,1.542,-199.987,55.052,-255.151,55.052,-2.44,104.9,25.74,92.7,6.25,13.00,19.25
568,905.09,1.547,-201.298,55.014,-254.331,55.014,-2.48,107.2,25.83,93.0,6.60,12.70,19.30
569,906.64,1.553,-202.603,54.975,-253.490,54.975,-2.49,110.0,25.93,93.4,6.70,12.35,19.05
570,908.21,1.562,-203.903,54.935,-252.625,54.935,-2.57,112.7,26.16,94.2,6.65,11.90,18.55
571,909.78,1.578,-205.203,54.899,-251.731,54.899,-2.31,116.5,26.43,95.1,7.00,11.50,18.50
572,911.38,1.595,-206.505,54.862,-250.810,54.862,-2.29,119.5,26.72,96.2,7.35,11.15,18.50
573,912.88,1.504,-207.723,54.824,-249.927,54.824,-2.52,122.4,26.99,97.2,7.65,10.85,18.50
574,914.40,1.520,-208.943,54.783,-249.021,54.783,-2.69,123.9,27.28,98.2,7.95,10.50,18.45
575,915.94,1.537,-210.165,54.741,-248.090,54.741,-2.79,124.4,27.58,99.3,8.25,10.15,18.40
576,917.49,1.553,-211.388,54.696,-247.134,54.696,-2.84,124.2,27.87,100.3,8.55,9.85,18.40
577,919.06,1.570,-212.611,54.651,-246.151,54.651,-2.88,124.5,28.17,101.4,8.80,9.55,18.35
578,920.65,1.587,-213.834,54.605,-245.141,54.605,-2.92,124.6,28.47,102.5,9.05,9.25,18.30
579,922.25,1.603,-215.056,54.557,-244.105,54.557,-3.02,124.8,28.77,103.6,9.30,9.00,18.30
580,923.76,1.503,-216.191,54.508,-243.121,54.508,-3.24,126.5,29.04,104.6,9.50,8.75,18.25
581,925.28,1.517,-217.325,54.455,-242.114,54.455,-3.47,128.2,29.29,105.5,9.70,8.50,18.20
582,926.81,1.530,-218.457,54.398,-241.086,54.398,-3.72,129.2,29.57,106.4,9.90,8.25,18.15
583,928.35,1.547,-219.588,54.340,-240.032,54.340,-3.77,130.6,29.89,107.6,10.10,8.05,18.15
584,929.91,1.562,-220.715,54.282,-238.953,54.282,-3.73,131.9,30.16,108.6,10.30,7.85,18.15
585,931.49,1.577,-221.840,54.220,-237.850,54.220,-3.94,131.9,30.46,109.7,10.45,7.65,18.10
586,933.08,1.591,-222.963,54.154,-236.725,54.154,-4.12,131.2,30.73,110.6,10.65,7.50,18.15
587,934.69,1.607,-224.084,54.086,-235.575,54.086,-4.28,129.7,31.05,111.8,10.80,7.35,18.15
588,936.31,1.623,-225.201,54.016,-234.399,54.016,-4.32,127.9,31.35,112.9,11.00,7.20,18.20
589,937.83,1.512,-226.228,53.948,-233.292,53.948,-4.45,127.6,31.63,113.9,11.10,7.00,18.10
590,939.35,1.525,-227.251,53.880,-232.163,53.880,-4.52,128.8,31.88,114.8,11.25,6.85,18.10
591,940.89,1.538,-228.269,53.810,-231.013,53.810,-4.56,131.6,32.16,115.8,11.35,6.70,18.05
592,942.44,1.551,-229.281,53.740,-229.839,53.740,-4.50,136.6,32.43,116.8,11.50,6.55,18.05
593,944.00,1.564,-230.286,53.670,-228.643,53.670,-4.46,143.3,32.71,117.7,11.55,6.45,18.00
594,945.58,1.577,-231.285,53.599,-227.426,53.599,-4.54,149.8,32.95,118.6,11.65,6.35,18.00
595,947.17,1.587,-232.280,53.522,-226.192,53.522,-4.85,153.5,33.19,119.5,11.70,6.30,18.00
596,948.77,1.600,-233.270,53.441,-224.937,53.441,-5.06,155.0,33.46,120.5,11.80,6.25,18.05
597,950.38,1.613,-234.256,53.357,-223.663,53.357,-5.22,154.3,33.74,121.5,11.85,6.20,18.05
598,952.01,1.626,-235.235,53.270,-222.368,53.270,-5.34,152.5,34.00,122.4,11.85,6.20,18.05
599,953.65,1.639,-236.208,53.180,-221.052,53.180,-5.51,151.1,34.23,123.2,11.90,6.20,18.10
600,955.16,1.511,-237.094,53.094,-219.831,53.094,-5.71,153.4,34.47,124.1,11.90,6.20,18.10
601,956.68,1.523,-237.974,53.007,-218.591,53.007,-5.69,159.6,34.75,125.1,11.90,6.20,18.10
602,958.22,1.534,-238.846,52.922,-217.332,52.922,-5.57,170.3,34.97,125.9,11.90,6.15,18.05
603,959.76,1.544,-239.713,52.836,-216.056,52.836,-5.60,185.6,35.22,126.8,11.85,6.10,17.95
604,961.32,1.556,-240.575,52.747,-214.764,52.747,-5.73,204.6,35.51,127.8,11.85,6.10,17.95
605,962.89,1.569,-241.435,52.656,-213.454,52.656,-5.76,227.9,35.80,128.9,11.80,6.10,17.90
606,964.47,1.583,-242.293,52.563,-212.126,52.563,-5.88,250.4,36.11,130.0,11.80,6.10,17.90
607,966.07,1.596,-243.149,52.468,-210.783,52.468,-5.99,273.2,36.42,131.1,11.75,6.15,17.90
608,967.68,1.611,-244.006,52.370,-209.422,52.370,-6.09,296.5,36.77,132.4,11.70,6.15,17.85
609,969.30,1.626,-244.864,52.271,-208.044,52.271,-6.11,324.2,37.09,133.5,11.70,6.20,17.90
610,970.94,1.640,-245.722,52.170,-206.651,52.170,-6.19,354.0,37.43,134.8,11.65,6.25,17.90
611,972.45,1.503,-246.503,52.077,-205.369,52.077,-6.18,398.5,37.72,135.8,11.60,6.30,17.90
612,973.96,1.516,-247.285,51.984,-204.074,51.984,-6.16,457.3,38.04,136.9,11.55,6.35,17.90
613,975.49,1.528,-248.070,51.891,-202.767,51.891,-6.10,537.1,38.33,138.0,11.55,6.40,17.95
614,977.03,1.540,-248.857,51.797,-201.446,51.797,-6.09,641.7,38.63,139.1,11.50,6.50,18.00
615,978.58,1.552,-249.646,51.703,-200.114,51.703,-6.10,782.0,38.91,140.1,11.45,6.55,18.00
616,980.14,1.562,-250.439,51.606,-198.771,51.606,-6.17,942.4,39.19,141.1,11.40,6.60,18.00
617,981.72,1.574,-251.236,51.509,-197.417,51.509,-6.19,1134.1,39.49,142.2,11.40,6.55,17.95
618,983.31,1.586,-252.037,51.412,-196.051,51.412,-6.13,1361.7,39.80,143.3,11.35,6.55,17.90
619,984.90,1.598,-252.842,51.316,-194.674,51.316,-6.03,1631.7,40.03,144.1,11.35,6.55,17.90
620,986.51,1.602,-253.648,51.222,-193.294,51.222,-5.89,1943.7,40.00,144.0,11.35,6.55,17.90
621,988.10,1.595,-254.450,51.130,-191.918,51.130,-5.78,2000.0,39.75,143.1,11.30,6.55,17.85
622,989.68,1.583,-255.245,51.039,-190.552,51.039,-5.72,2000.0,39.43,141.9,11.30,6.60,17.90
623,991.25,1.569,-256.032,50.950,-189.197,50.950,-5.70,2000.0,39.08,140.7,11.30,6.60,17.90
624,992.81,1.556,-256.812,50.863,-187.854,50.863,-5.61,2000.0,38.73,139.4,11.30,6.60,17.90
625,994.35,1.541,-257.585,50.779,-186.523,50.779,-5.46,2000.0,38.36,138.1,11.30,6.60,17.90
626,995.88,1.526,-258.349,50.699,-185.204,50.699,-5.24,1872.2,38.01,136.8,11.30,6.60,17.90
627,997.39,1.512,-259.105,50.621,-183.897,50.621,-5.14,1508.6,37.63,135.5,11.35,6.60,17.95
628,999.03,1.645,-259.926,50.538,-182.474,50.538,-5.09,1188.4,37.17,133.8,11.35,6.60,17.95
629,1000.66,1.624,-260.735,50.455,-181.068,50.455,-5.09,948.4,36.70,132.1,11.35,6.65,18.00
630,1002.26,1.603,-261.531,50.375,-179.679,50.375,-5.01,778.1,36.19,130.3,11.40,6.65,18.05
631,1003.84,1.580,-262.314,50.298,-178.309,50.298,-4.88,658.1,35.69,128.5,11.40,6.60,18.00
632,1005.40,1.559,-263.082,50.224,-176.954,50.224,-4.72,570.8,35.20,126.7,11.45,6.55,18.00
633,1006.94,1.537,-263.836,50.154,-175.617,50.154,-4.59,507.9,34.71,125.0,11.45,6.50,17.95
634,1008.45,1.516,-264.576,50.086,-174.296,50.086,-4.45,458.9,34.23,123.2,11.45,6.40,17.85
635,1010.08,1.630,-265.366,50.016,-172.872,50.016,-4.31,409.8,33.72,121.4,11.50,6.35,17.85
636,1011.69,1.605,-266.140,49.949,-171.467,49.949,-4.22,369.1,33.20,119.5,11.50,6.30,17.80
637,1013.27,1.580,-266.895,49.884,-170.081,49.884,-4.11,332.8,32.69,117.7,11.50,6.25,17.75
638,1014.83,1.556,-267.633,49.821,-168.712,49.821,-4.05,299.0,32.20,115.9,11.55,6.25,17.80
639,1016.36,1.532,-268.353,49.760,-167.361,49.760,-3.98,267.8,31.67,114.0,11.55,6.20,17.75
640,1017.87,1.508,-269.054,49.701,-166.027,49.701,-3.89,242.2,31.18,112.3,11.55,6.20,17.75
641,1019.47,1.606,-269.792,49.640,-164.602,49.640,-3.82,214.8,30.63,110.3,11.60,6.20,17.80
642,1021.05,1.578,-270.506,49.581,-163.197,49.581,-3.73,190.8,30.10,108.4,11.60,6.20,17.80
643,1022.60,1.550,-271.198,49.525,-161.810,49.525,-3.63,170.4,29.56,106.4,11.60,6.20,17.80
644,1024.12,1.522,-271.864,49.472,-160.443,49.472,-3.51,154.0,29.03,104.5,11.65,6.25,17.90
645,1025.73,1.609,-272.555,49.417,-158.990,49.417,-3.42,137.8,28.48,102.5,11.65,6.30,17.95
646,1027.31,1.578,-273.215,49.364,-157.558,49.364,-3.32,125.1,27.94,100.6,11.65,6.30,17.95
647,1028.86,1.549,-273.846,49.314,-156.144,49.314,-3.24,114.3,27.44,98.8,11.60,6.35,17.95
648,1030.38,1.522,-274.447,49.266,-154.746,49.266,-3.16,105.3,26.97,97.1,11.60,6.40,18.00
649,1031.99,1.603,-275.059,49.217,-153.265,49.217,-3.10,96.6,26.50,95.4,11.55,6.45,18.00
650,1033.56,1.576,-275.636,49.168,-151.799,49.168,-3.08,90.0,26.07,93.9,11.50,6.60,18.10
651,1035.12,1.552,-276.179,49.120,-150.346,49.120,-3.09,84.8,25.70,92.5,11.45,6.70,18.15
652,1036.65,1.531,-276.689,49.074,-148.903,49.074,-3.03,81.2,25.37,91.3,11.35,6.80,18.15
653,1038.16,1.513,-277.164,49.030,-147.467,49.030,-2.89,78.5,25.07,90.3,11.25,6.90,18.15
654,1039.75,1.594,-277.634,48.988,-145.945,48.988,-2.65,76.4,24.76,89.1,11.15,7.05,18.20
655,1041.33,1.574,-278.065,48.949,-144.431,48.949,-2.44,74.4,24.46,88.0,11.05,7.25,18.30
656,1042.88,1.555,-278.461,48.913,-142.928,48.913,-2.35,71.8,24.16,87.0,10.95,7.35,18.30
657,1044.42,1.536,-278.823,48.875,-141.435,48.875,-2.46,68.4,23.86,85.9,10.80,7.45,18.25
658,1045.94,1.517,-279.148,48.839,-139.954,48.839,-2.41,64.7,23.56,84.8,10.65,7.55,18.20
659,1047.53,1.591,-279.453,48.802,-138.393,48.802,-2.33,60.8,23.24,83.7,10.50,7.70,18.20
660,1049.10,1.569,-279.713,48.767,-136.847,48.767,-2.19,56.8,22.91,82.5,10.35,7.90,18.25
661,1050.64,1.547,-279.926,48.738,-135.315,48.738,-1.87,53.3,22.61,81.4,10.20,8.15,18.35
662,1052.17,1.525,-280.094,48.711,-133.799,48.711,-1.81,49.9,22.28,80.2,10.05,8.25,18.30
663,1053.67,1.504,-280.215,48.684,-132.300,48.684,-1.77,46.9,21.97,79.1,9.90,8.35,18.25
664,1055.24,1.569,-280.294,48.653,-130.733,48.653,-1.96,44.0,21.63,77.9,9.70,8.55,18.25
665,1056.79,1.545,-280.315,48.624,-129.188,48.624,-1.86,41.8,21.34,76.8,9.50,8.75,18.25
666,1058.32,1.529,-280.278,48.597,-127.660,48.597,-1.78,40.0,21.14,76.1,9.30,9.05,18.35
667,1059.83,1.515,-280.178,48.574,-126.148,48.574,-1.51,39.0,20.98,75.5,9.10,9.35,18.45
668,1061.34,1.504,-280.020,48.551,-124.653,48.551,-1.55,38.4,20.81,74.9,8.85,9.60,18.45
669,1062.91,1.575,-279.792,48.525,-123.094,48.525,-1.65,37.9,20.66,74.4,8.60,9.95,18.55
670,1064.48,1.566,-279.501,48.498,-121.556,48.498,-1.71,37.6,20.57,74.1,8.30,10.35,18.65
671,1066.04,1.561,-279.142,48.475,-120.036,48.475,-1.50,37.6,20.52,73.9,7.95,10.85,18.80
672,1067.60,1.558,-278.722,48.450,-118.537,48.450,-1.57,37.6,20.48,73.7,7.60,11.35,18.95
673,1069.15,1.555,-278.241,48.424,-117.059,48.424,-1.68,37.7,20.44,73.6,7.25,11.85,19.10
674,1070.71,1.552,-277.701,48.398,-115.604,48.398,-1.71,38.1,20.41,73.5,6.85,12.45,19.30
675,1072.26,1.550,-277.102,48.371,-114.175,48.371,-1.70,38.5,20.38,73.4,6.45,13.00,19.45
676,1073.81,1.548,-276.447,48.344,-112.772,48.344,-1.76,38.7,20.37,73.3,6.70,13.50,20.20
677,1075.35,1.547,-275.737,48.317,-111.398,48.317,-1.77,38.9,20.34,73.2,6.25,14.15,20.40
678,1076.90,1.545,-274.975,48.288,-110.055,48.288,-1.88,39.1,20.32,73.1,5.85,14.45,20.30
679,1078.44,1.543,-274.161,48.258,-108.744,48.258,-1.93,39.5,20.30,73.1,5.40,14.85,20.25
680,1079.98,1.541,-273.298,48.227,-107.467,48.227,-1.98,40.1,20.27,73.0,5.00,15.20,20.20
681,1081.52,1.539,-272.385,48.197,-106.228,48.197,-1.97,41.2,20.25,72.9,4.60,15.50,20.10
682,1083.06,1.538,-271.424,48.169,-105.027,48.169,-1.84,42.8,20.24,72.9,4.25,15.90,20.15
683,1084.60,1.538,-270.419,48.142,-103.863,48.142,-1.73,44.9,20.25,72.9,3.90,16.05,19.95
684,1086.14,1.539,-269.377,48.113,-102.730,48.113,-1.91,46.8,20.26,72.9,3.60,16.25,19.85
685,1087.68,1.540,-268.297,48.085,-101.632,48.085,-1.80,48.3,20.27,73.0,3.30,16.45,19.75
686,1089.22,1.541,-267.183,48.061,-100.568,48.061,-1.57,49.1,20.29,73.0,3.10,16.55,19.65
687,1090.76,1.542,-266.037,48.039,-99.535,48.039,-1.42,48.4,20.29,73.1,2.85,16.75,19.60
688,1092.30,1.541,-264.863,48.018,-98.538,48.018,-1.35,46.8,20.24,72.9,2.70,16.85,19.55
689,1093.84,1.534,-263.664,48.000,-97.582,48.000,-1.18,44.9,20.12,72.4,2.55,17.00,19.55
690,1095.36,1.524,-262.441,47.986,-96.673,47.986,-0.90,42.7,19.98,71.9,2.40,17.15,19.55
691,1096.87,1.513,-261.196,47.975,-95.815,47.975,-0.76,40.5,19.84,71.4,2.30,17.30,19.60
692,1098.38,1.502,-259.927,47.968,-95.011,47.968,-0.47,38.6,19.70,70.9,2.25,17.50,19.75
693,1099.95,1.569,-258.569,47.962,-94.226,47.962,-0.34,36.7,19.54,70.4,2.15,17.50,19.65
694,1101.50,1.557,-257.189,47.956,-93.503,47.956,-0.42,35.2,19.39,69.8,2.10,17.60,19.70
695,1103.05,1.544,-255.792,47.949,-92.848,47.949,-0.44,33.9,19.22,69.2,2.05,17.70,19.75
696,1104.58,1.531,-254.377,47.945,-92.263,47.945,-0.25,32.9,19.05,68.6,2.00,17.65,19.65
697,1106.10,1.517,-252.947,47.948,-91.755,47.948,0.20,32.2,18.90,68.0,1.95,17.75,19.70
698,1107.60,1.505,-251.508,47.952,-91.317,47.952,0.27,31.8,18.74,67.5,1.95,17.70,19.65
699,1109.17,1.567,-249.988,47.957,-90.933,47.957,0.30,31.4,18.60,66.9,1.95,17.65,19.60
700,1110.72,1.556,-248.462,47.963,-90.629,47.963,0.37,31.2,18.46,66.5,1.95,17.75,19.70
701,1112.27,1.547,-246.931,47.971,-90.405,47.971,0.56,31.2,18.40,66.2,2.00,17.60,19.60
702,1113.82,1.544,-245.393,47.983,-90.263,47.983,0.78,31.3,18.38,66.2,2.00,17.50,19.50
703,1115.36,1.545,-243.850,47.996,-90.197,47.996,0.85,31.5,18.41,66.3,2.00,17.50,19.50
704,1116.91,1.548,-242.302,48.009,-90.206,48.009,0.83,31.9,18.45,66.4,2.00,17.50,19.50
705,1118.46,1.552,-240.753,48.023,-90.290,48.023,0.87,32.4,18.49,66.6,2.00,17.25,19.25
706,1120.02,1.555,-239.206,48.039,-90.451,48.039,1.07,32.8,18.53,66.7,2.00,17.15,19.15
707,1121.57,1.559,-237.666,48.062,-90.689,48.062,1.48,33.4,18.58,66.9,2.00,17.15,19.15
708,1123.14,1.562,-236.135,48.090,-91.001,48.090,1.77,34.4,18.62,67.0,2.00,17.05,19.05
709,1124.70,1.567,-234.616,48.118,-91.384,48.118,1.79,35.5,18.69,67.3,2.05,17.05,19.10
710,1126.28,1.575,-233.108,48.147,-91.836,48.147,1.84,36.9,18.83,67.8,2.05,16.95,19.00
711,1127.79,1.514,-231.678,48.176,-92.332,48.176,1.94,38.9,19.01,68.4,2.10,16.90,19.00
712,1129.32,1.530,-230.253,48.205,-92.889,48.205,1.89,41.2,19.22,69.2,2.10,16.95,19.05
713,1130.87,1.547,-228.835,48.235,-93.506,48.235,1.90,43.6,19.45,70.0,2.20,16.85,19.05
714,1132.44,1.568,-227.421,48.265,-94.183,48.265,1.95,46.7,19.76,71.2,2.30,16.65,18.95
715,1133.96,1.517,-226.076,48.298,-94.883,48.298,2.16,50.9,20.13,72.5,2.50,16.60,19.10
716,1135.50,1.545,-224.729,48.335,-95.638,48.335,2.40,55.3,20.50,73.8,2.75,16.55,19.30
717,1137.07,1.573,-223.379,48.377,-96.446,48.377,2.64,60.6,20.87,75.1,3.05,11.45,14.50
718,1138.59,1.516,-222.099,48.419,-97.257,48.419,2.77,67.2,21.23,76.4,2.70,11.35,14.05
719,1140.13,1.543,-220.814,48.463,-98.110,48.463,2.89,73.9,21.60,77.8,3.00,11.70,14.70
720,1141.70,1.570,-219.524,48.508,-99.004,48.508,2.85,80.1,21.99,79.2,3.30,11.60,14.90
721,1143.21,1.509,-218.300,48.549,-99.886,48.549,2.74,87.5,22.38,80.6,3.55,11.50,15.05
722,1144.75,1.537,-217.069,48.589,-100.805,48.589,2.60,96.9,22.83,82.2,3.80,11.45,15.25
723,1146.32,1.571,-215.827,48.629,-101.766,48.629,2.55,109.2,23.32,83.9,4.00,11.40,15.40
724,1147.91,1.587,-214.590,48.671,-102.760,48.671,2.65,132.3,23.27,83.8,4.25,11.40,15.65
725,1149.48,1.570,-213.380,48.710,-103.759,48.710,2.47,181.5,22.88,82.4,4.40,11.45,15.85
726,1151.01,1.535,-212.205,48.746,-104.747,48.746,2.32,307.7,22.31,80.3,4.60,11.50,16.10
727,1152.60,1.584,-210.998,48.784,-105.771,48.784,2.40,1662.9,21.73,78.2,4.80,11.55,16.35
728,1154.14,1.543,-209.823,48.820,-106.771,48.820,2.38,429.7,21.16,76.2,4.95,11.60,16.55
729,1155.64,1.502,-208.677,48.855,-107.742,48.855,2.30,188.1,20.61,74.2,5.15,11.65,16.80
730,1157.19,1.545,-207.491,48.889,-108.731,48.889,2.20,118.7,20.07,72.3,5.35,11.65,17.00
731,1158.69,1.506,-206.324,48.920,-109.681,48.920,2.05,87.4,19.60,70.6,5.55,11.70,17.25
732,1160.25,1.555,-205.100,48.950,-110.641,48.950,1.92,69.8,19.34,69.6,5.85,11.65,17.50
733,1161.79,1.542,-203.864,48.979,-111.562,48.979,1.91,59.7,19.21,69.2,6.15,11.65,17.80
734,1163.32,1.531,-202.612,49.009,-112.442,49.009,1.98,53.5,19.07,68.7,6.50,11.60,18.10
735,1164.84,1.521,-201.342,49.039,-113.278,49.039,1.97,49.9,18.97,68.3,6.90,11.50,18.40
736,1166.36,1.519,-200.047,49.068,-114.072,49.068,1.92,47.9,19.02,68.5,7.35,11.35,18.70
737,1167.89,1.525,-198.722,49.095,-114.826,49.095,1.73,47.3,19.10,68.8,7.90,11.20,19.10
738,1169.42,1.531,-197.366,49.117,-115.538,49.117,1.46,47.6,19.18,69.0,8.50,11.00,19.50
739,1170.96,1.538,-195.980,49.138,-116.206,49.138,1.34,48.4,19.28,69.4,9.20,10.80,20.00
740,1172.50,1.547,-194.564,49.157,-116.829,49.157,1.25,49.8,19.39,69.8,9.95,10.55,20.50
741,1174.06,1.556,-193.121,49.174,-117.410,49.174,1.10,51.4,19.51,70.2,10.65,10.25,20.90
742,1175.63,1.566,-191.651,49.187,-117.953,49.187,0.80,52.7,19.64,70.7,11.40,9.90,21.30
743,1177.20,1.576,-190.158,49.194,-118.458,49.194,0.44,53.3,19.76,71.1,12.20,9.50,21.70
744,1178.71,1.506,-188.719,49.197,-118.902,49.197,0.20,53.7,19.86,71.5,12.95,9.05,22.00
745,1180.22,1.512,-187.262,49.198,-119.308,49.198,0.11,53.2,19.93,71.8,13.70,8.60,22.30
746,1181.74,1.517,-185.790,49.202,-119.672,49.202,0.23,52.5,19.99,72.0,14.50,8.10,22.60
747,1183.26,1.521,-184.303,49.206,-119.996,49.206,0.26,51.4,20.04,72.1,15.30,7.55,22.85
748,1184.79,1.525,-182.805,49.209,-120.277,49.209,0.23,50.1,20.09,72.3,16.05,6.95,23.00
749,1186.31,1.529,-181.294,49.215,-120.512,49.215,0.34,48.8,20.14,72.5,16.75,6.50,23.25
750,1187.85,1.532,-179.773,49.222,-120.699,49.222,0.47,47.6,20.18,72.7,17.40,6.75,24.15
751,1189.38,1.536,-178.244,49.230,-120.839,49.230,0.56,46.2,20.22,72.8,17.90,6.10,24.00
752,1190.92,1.538,-176.708,49.244,-120.926,49.244,0.89,45.1,20.26,72.9,18.30,5.40,23.70
753,1192.46,1.540,-175.169,49.264,-120.958,49.264,1.31,44.2,20.26,73.0,18.70,4.75,23.45
754,1194.00,1.540,-173.629,49.286,-120.938,49.286,1.44,43.4,20.26,72.9,18.95,4.10,23.05
755,1195.54,1.540,-172.091,49.310,-120.865,49.310,1.50,43.1,20.27,73.0,19.05,3.55,22.60
756,1197.08,1.541,-170.556,49.338,-120.734,49.338,1.84,43.8,20.27,73.0,19.10,3.00,22.10
757,1198.62,1.540,-169.028,49.373,-120.545,49.373,2.25,45.1,20.26,72.9,19.00,2.45,21.45
758,1200.16,1.540,-167.509,49.416,-120.299,49.416,2.82,46.9,20.27,73.0,18.90,2.05,20.95
759,1201.70,1.541,-165.998,49.470,-119.998,49.470,3.49,49.4,20.30,73.1,18.75,1.75,20.50
760,1203.25,1.543,-164.494,49.520,-119.657,49.520,3.27,51.8,20.31,73.1,18.40,1.60,20.00
761,1204.79,1.544,-162.997,49.558,-119.278,49.558,2.46,53.5,20.34,73.2,18.00,1.55,19.55
762,1206.34,1.546,-161.510,49.593,-118.854,49.593,2.27,55.3,20.36,73.3,17.40,1.55,18.95
763,1207.89,1.548,-160.037,49.635,-118.382,49.635,2.69,57.4,20.38,73.4,16.70,1.55,18.25
764,1209.44,1.550,-158.575,49.679,-117.867,49.679,2.86,59.4,20.41,73.5,16.00,1.65,17.65
765,1210.99,1.553,-157.124,49.720,-117.316,49.720,2.60,60.8,20.45,73.6,15.30,1.85,17.15
766,1212.54,1.556,-155.683,49.753,-116.729,49.753,2.16,62.6,20.50,73.8,15.40,2.00,17.40
767,1214.11,1.561,-154.252,49.778,-116.106,49.778,1.61,64.7,20.57,74.0,15.15,2.30,17.45
768,1215.67,1.567,-152.831,49.798,-115.446,49.798,1.21,66.5,20.66,74.4,16.60,2.60,19.20
769,1217.25,1.579,-151.417,49.816,-114.744,49.816,1.18,69.2,20.90,75.2,15.90,1.95,17.85
770,1218.77,1.516,-150.077,49.844,-114.035,49.844,1.82,74.5,21.21,76.3,15.30,2.35,17.65
771,1220.31,1.539,-148.732,49.879,-113.288,49.879,2.30,80.0,21.54,77.5,14.70,2.80,17.50
772,1221.87,1.567,-147.375,49.910,-112.506,49.910,1.99,84.7,21.96,79.0,14.10,3.30,17.40
773,1223.38,1.507,-146.083,49.939,-111.732,49.939,1.91,89.0,22.35,80.5,13.50,3.25,16.75
774,1224.91,1.534,-144.779,49.967,-110.923,49.967,1.82,91.8,22.78,82.0,12.95,3.75,16.70
775,1226.48,1.568,-143.461,49.993,-110.075,49.993,1.66,91.8,23.30,83.9,12.45,4.25,16.70
776,1227.99,1.506,-142.209,50.020,-109.238,50.020,1.79,93.3,23.74,85.5,12.00,4.70,16.70
777,1229.52,1.536,-140.947,50.048,-108.362,50.048,1.81,95.6,24.23,87.2,11.55,5.15,16.70
778,1231.09,1.567,-139.676,50.079,-107.446,50.079,1.98,98.2,24.70,88.9,11.05,5.60,16.65
779,1232.69,1.596,-138.397,50.109,-106.492,50.109,1.91,100.8,25.14,90.5,10.55,6.00,16.55
780,1234.21,1.521,-137.191,50.134,-105.566,50.134,1.64,104.5,25.54,91.9,10.10,6.40,16.50
781,1235.76,1.547,-135.977,50.158,-104.608,50.158,1.52,107.0,26.01,93.6,9.70,6.75,16.45
782,1237.33,1.575,-134.756,50.182,-103.613,50.182,1.57,110.3,26.47,95.3,9.30,7.10,16.40
783,1238.93,1.601,-133.531,50.209,-102.582,50.209,1.65,114.7,26.87,96.7,8.90,7.45,16.35
784,1240.45,1.518,-132.383,50.232,-101.589,50.232,1.53,120.2,27.29,98.3,8.55,7.70,16.25
785,1241.99,1.540,-131.232,50.255,-100.567,50.255,1.48,126.9,27.66,99.6,8.25,8.00,16.25
786,1243.55,1.562,-130.076,50.276,-99.517,50.276,1.35,135.2,28.09,101.1,7.95,8.25,16.20
787,1245.14,1.585,-128.916,50.297,-98.437,50.297,1.36,145.6,28.49,102.6,7.70,8.50,16.20
788,1246.74,1.607,-127.751,50.319,-97.329,50.319,1.32,158.0,28.90,104.0,7.40,8.75,16.15
789,1248.26,1.514,-126.666,50.340,-96.274,50.340,1.39,175.1,29.29,105.4,7.20,8.95,16.15
790,1249.79,1.533,-125.576,50.361,-95.196,50.361,1.40,193.2,29.66,106.8,6.95,9.15,16.10
791,1251.34,1.554,-124.480,50.383,-94.095,50.383,1.44,214.8,30.05,108.2,6.75,9.35,16.10
792,1252.92,1.573,-123.378,50.405,-92.973,50.405,1.40,236.1,30.40,109.5,6.55,9.55,16.10
793,1254.51,1.592,-122.269,50.426,-91.830,50.426,1.31,254.1,30.79,110.8,6.35,9.70,16.05
794,1256.12,1.611,-121.154,50.447,-90.668,50.447,1.27,261.8,31.16,112.2,6.15,9.90,16.05
795,1257.63,1.505,-120.118,50.467,-89.576,50.467,1.32,267.1,31.53,113.5,6.00,10.05,16.05
796,1259.15,1.522,-119.077,50.486,-88.466,50.486,1.30,266.2,31.89,114.8,5.85,10.15,16.00
797,1260.69,1.538,-118.031,50.507,-87.338,50.507,1.31,261.7,32.17,115.8,5.70,10.30,16.00
798,1262.24,1.553,-116.981,50.524,-86.194,50.524,1.15,254.0,32.52,117.1,5.55,10.45,16.00
799,1263.81,1.571,-115.927,50.543,-85.030,50.543,1.16,245.1,32.89,118.4,4.35,10.55,14.90
800,1265.40,1.587,-114.869,50.562,-83.846,50.562,1.20,236.0,33.21,119.6,3.15,10.70,13.85
801,1267.00,1.603,-113.810,50.581,-82.644,50.581,1.19,228.5,33.55,120.8,2.00,10.80,12.80
802,1268.62,1.619,-112.748,50.601,-81.421,50.601,1.24,223.3,33.90,122.0,1.30,11.55,12.85
803,1270.25,1.635,-111.685,50.621,-80.179,50.621,1.27,221.7,34.22,123.2,1.20,11.60,12.80
804,1271.77,1.512,-110.710,50.640,-79.023,50.640,1.24,224.2,34.52,124.3,1.15,11.65,12.80
805,1273.29,1.526,-109.734,50.659,-77.850,50.659,1.21,228.5,34.82,125.4,1.10,11.75,12.85
806,1274.83,1.539,-108.757,50.677,-76.660,50.677,1.18,233.3,35.11,126.4,1.00,11.75,12.75
807,1276.38,1.552,-107.781,50.694,-75.454,50.694,1.14,237.7,35.39,127.4,1.00,11.80,12.80
808,1277.95,1.565,-106.804,50.711,-74.232,50.711,1.07,240.1,35.72,128.6,1.00,11.85,12.85
809,1279.53,1.579,-105.828,50.728,-72.991,50.728,1.08,241.6,35.98,129.5,1.00,11.85,12.85
810,1281.12,1.589,-104.852,50.743,-71.737,50.743,0.93,239.0,36.26,130.5,1.00,11.90,12.90
811,1282.72,1.604,-103.876,50.758,-70.464,50.758,0.93,237.9,36.58,131.7,1.00,11.90,12.90
812,1284.34,1.617,-102.901,50.774,-69.174,50.774,0.98,239.1,36.89,132.8,1.00,11.90,12.90
813,1285.97,1.630,-101.927,50.791,-67.867,50.791,1.02,244.3,37.20,133.9,1.00,11.85,12.85
814,1287.61,1.643,-100.955,50.808,-66.542,50.808,1.06,252.9,37.46,134.9,1.00,11.85,12.85
815,1289.12,1.504,-100.072,50.824,-65.324,50.824,1.04,270.9,37.73,135.8,1.00,11.80,12.80
816,1290.63,1.515,-99.190,50.839,-64.092,50.839,1.01,294.2,38.01,136.8,1.00,11.75,12.75
817,1292.16,1.526,-98.308,50.854,-62.847,50.854,1.00,323.3,38.24,137.7,1.05,11.70,12.75
818,1293.69,1.536,-97.425,50.869,-61.590,50.869,0.95,357.7,38.52,138.7,1.10,11.65,12.75
819,1295.24,1.547,-96.542,50.883,-60.319,50.883,0.90,400.7,38.81,139.7,1.15,11.60,12.75
820,1296.80,1.557,-95.659,50.896,-59.037,50.896,0.88,451.1,39.03,140.5,1.25,11.55,12.80
821,1298.37,1.568,-94.773,50.909,-57.743,50.909,0.79,515.4,39.34,141.6,1.30,11.45,12.75
822,1299.95,1.579,-93.886,50.921,-56.437,50.921,0.78,598.7,39.62,142.6,1.35,11.40,12.75
823,1301.54,1.590,-92.996,50.933,-55.119,50.933,0.75,710.8,39.88,143.6,1.45,11.30,12.75
824,1303.14,1.600,-92.103,50.943,-53.791,50.943,0.59,846.3,40.11,144.4,3.35,11.25,14.60
825,1304.75,1.610,-91.208,50.948,-52.454,50.948,0.37,996.6,40.34,145.2,3.45,11.15,14.60
826,1306.36,1.619,-90.309,50.950,-51.108,50.950,0.11,1132.7,40.58,146.1,3.50,11.05,14.55
827,1307.99,1.629,-89.406,50.950,-49.752,50.950,-0.01,1253.0,40.84,147.0,3.60,11.00,14.60
828,1309.63,1.641,-88.498,50.950,-48.386,50.950,-0.00,1361.0,41.15,148.1,3.65,10.90,14.55
829,1311.29,1.653,-87.585,50.952,-47.007,50.952,0.11,1474.4,41.46,149.2,3.75,10.80,14.55
830,1312.95,1.664,-86.668,50.956,-45.619,50.956,0.24,1617.3,41.73,150.2,3.80,10.75,14.55
831,1314.46,1.507,-85.839,50.960,-44.361,50.960,0.26,1832.8,41.96,151.0,3.90,10.65,14.55
832,1315.97,1.515,-85.006,50.964,-43.096,50.964,0.25,2000.0,42.16,151.8,3.95,10.60,14.55
833,1317.49,1.522,-84.170,50.965,-41.824,50.965,0.10,2000.0,42.37,152.5,4.05,10.50,14.55
834,1319.02,1.529,-83.331,50.965,-40.546,50.965,-0.03,2000.0,42.56,153.2,2.45,10.45,12.90
835,1320.56,1.537,-82.488,50.963,-39.260,50.963,-0.12,2000.0,42.79,154.1,2.50,10.35,12.85
836,1322.11,1.545,-81.641,50.960,-37.967,50.960,-0.15,2000.0,43.04,155.0,2.55,10.30,12.85
837,1323.66,1.554,-80.791,50.958,-36.667,50.958,-0.13,2000.0,43.27,155.8,2.65,10.20,12.85
838,1325.22,1.563,-79.936,50.956,-35.359,50.956,-0.17,2000.0,43.51,156.6,2.70,10.15,12.85
839,1326.79,1.569,-79.078,50.952,-34.044,50.952,-0.26,2000.0,43.67,157.2,2.80,10.05,12.85
840,1328.37,1.577,-78.217,50.945,-32.724,50.945,-0.40,2000.0,43.89,158.0,2.85,10.00,12.85
841,1329.95,1.585,-77.352,50.938,-31.396,50.938,-0.46,2000.0,44.11,158.8,2.95,9.90,12.85
842,1331.54,1.588,-76.485,50.930,-30.065,50.930,-0.54,2000.0,44.11,158.8,3.00,9.85,12.85
843,1333.13,1.587,-75.619,50.921,-28.735,50.921,-0.57,2000.0,44.07,158.6,3.10,9.75,12.85
844,1334.71,1.586,-74.755,50.910,-27.406,50.910,-0.66,2000.0,44.02,158.5,3.15,9.70,12.85
845,1336.30,1.584,-73.891,50.900,-26.079,50.900,-0.67,2000.0,43.98,158.3,3.20,9.60,12.80
846,1337.88,1.582,-73.027,50.888,-24.753,50.888,-0.71,2000.0,43.94,158.2,3.30,9.55,12.85
847,1339.46,1.581,-72.165,50.877,-23.428,50.877,-0.73,2000.0,43.89,158.0,3.35,9.45,12.80
848,1341.04,1.579,-71.303,50.865,-22.105,50.865,-0.77,2000.0,43.85,157.9,3.45,9.40,12.85
849,1342.62,1.578,-70.442,50.851,-20.783,50.851,-0.85,2000.0,43.81,157.7,3.50,9.35,12.85
850,1344.19,1.576,-69.581,50.836,-19.463,50.836,-0.96,2000.0,43.79,157.6,3.55,9.30,12.85
851,1345.77,1.580,-68.717,50.819,-18.140,50.819,-1.10,2000.0,43.96,158.3,3.60,9.20,12.80
852,1347.36,1.587,-67.849,50.799,-16.811,50.799,-1.21,2000.0,44.18,159.1,3.65,9.15,12.80
853,1348.96,1.594,-66.976,50.780,-15.477,50.780,-1.22,2000.0,44.37,159.7,3.75,9.10,12.85
854,1350.56,1.602,-66.098,50.760,-14.137,50.760,-1.24,2000.0,44.60,160.5,3.80,9.05,12.85
855,1352.17,1.609,-65.215,50.741,-12.792,50.741,-1.21,1988.8,44.79,161.2,3.85,9.00,12.85
856,1353.78,1.615,-64.327,50.721,-11.443,50.721,-1.20,2000.0,44.94,161.8,3.90,8.90,12.80
857,1355.40,1.622,-63.434,50.701,-10.089,50.701,-1.24,2000.0,45.14,162.5,3.95,8.20,12.15
858,1357.03,1.629,-62.536,50.680,-8.730,50.680,-1.28,2000.0,45.31,163.1,4.00,8.15,12.15
859,1358.67,1.634,-61.635,50.657,-7.368,50.657,-1.40,2000.0,45.44,163.6,4.05,8.10,12.15
860,1360.31,1.640,-60.729,50.632,-6.000,50.632,-1.53,2000.0,45.66,164.4,4.00,8.05,12.05
861,1361.95,1.647,-59.820,50.608,-4.627,50.608,-1.51,2000.0,45.84,165.0,4.05,8.00,12.05
862,1363.61,1.654,-58.906,50.584,-3.249,50.584,-1.45,2000.0,46.05,165.8,4.05,7.95,12.00
863,1365.27,1.661,-57.989,50.561,-1.864,50.561,-1.38,2000.0,46.21,166.4,4.10,7.90,12.00
864,1366.94,1.666,-57.069,50.537,-0.475,50.537,-1.44,2000.0,46.36,166.9,4.15,7.80,11.95
865,1368.61,1.673,-56.146,50.511,0.921,50.511,-1.52,2000.0,46.56,167.6,4.20,7.75,11.95
866,1370.29,1.680,-55.221,50.486,2.322,50.486,-1.48,1775.7,46.74,168.3,4.20,7.70,11.90
867,1371.97,1.686,-54.293,50.461,3.731,50.461,-1.47,1500.2,46.92,168.9,4.25,7.60,11.85
868,1373.48,1.504,-53.468,50.439,4.988,50.439,-1.49,1347.4,47.07,169.5,4.25,7.55,11.80
869,1374.99,1.509,-52.640,50.416,6.249,50.416,-1.56,1235.9,47.23,170.0,4.30,7.45,11.75
870,1376.50,1.514,-51.812,50.392,7.516,50.392,-1.59,1163.0,47.37,170.5,4.35,7.40,11.75
871,1378.02,1.519,-50.982,50.368,8.788,50.368,-1.58,1122.7,47.52,171.1,4.35,7.35,11.70
872,1379.54,1.524,-50.152,50.344,10.066,50.344,-1.55,1122.7,47.71,171.8,4.35,7.25,11.60
873,1381.07,1.529,-49.321,50.322,11.349,50.322,-1.44,1155.6,47.85,172.3,4.40,7.15,11.55
874,1382.61,1.534,-48.489,50.300,12.638,50.300,-1.39,1230.8,48.01,172.8,4.40,7.10,11.50
875,1384.15,1.539,-47.656,50.280,13.932,50.280,-1.36,1354.2,48.17,173.4,4.45,7.00,11.45
876,1385.69,1.544,-46.822,50.259,15.231,50.259,-1.33,1533.2,48.30,173.9,4.45,6.90,11.35
877,1387.24,1.548,-45.987,50.238,16.534,50.238,-1.37,1751.8,48.45,174.4,4.50,6.80,11.30
878,1388.79,1.553,-45.150,50.217,17.842,50.217,-1.35,2000.0,48.61,175.0,4.50,6.70,11.20
879,1390.35,1.558,-44.311,50.196,19.156,50.196,-1.36,2000.0,48.77,175.6,4.55,6.60,11.15
880,1391.91,1.562,-43.472,50.174,20.473,50.174,-1.41,2000.0,48.88,176.0,4.55,6.50,11.05
881,1393.48,1.567,-42.630,50.150,21.795,50.150,-1.48,2000.0,49.04,176.6,4.60,6.40,11.00
882,1395.05,1.572,-41.786,50.127,23.122,50.127,-1.48,2000.0,49.21,177.1,4.60,6.30,10.90
883,1396.63,1.578,-40.940,50.104,24.453,50.104,-1.47,2000.0,49.37,177.7,4.60,6.25,10.85
884,1398.21,1.582,-40.092,50.081,25.788,50.081,-1.48,2000.0,49.50,178.2,4.65,6.15,10.80
885,1399.80,1.587,-39.243,50.057,27.128,50.057,-1.47,2000.0,49.66,178.8,4.65,6.05,10.70
886,1401.39,1.592,-38.391,50.035,28.473,50.035,-1.39,2000.0,49.81,179.3,4.65,5.95,10.60
887,1402.99,1.596,-37.537,50.014,29.822,50.014,-1.31,2000.0,49.97,179.9,4.70,5.85,10.55
888,1404.59,1.602,-36.682,49.995,31.176,49.995,-1.19,2000.0,50.13,180.5,4.70,5.75,10.45
889,1406.20,1.607,-35.825,49.978,32.535,49.978,-1.06,2000.0,50.26,180.9,4.70,5.65,10.35
890,1407.81,1.611,-34.966,49.961,33.898,49.961,-1.04,2000.0,50.40,181.4,4.70,5.55,10.25
891,1409.42,1.616,-34.106,49.945,35.265,49.945,-1.04,2000.0,50.56,182.0,4.70,5.45,10.15
892,1411.04,1.620,-33.245,49.928,36.637,49.928,-1.04,2000.0,50.66,182.4,4.75,5.35,10.10
893,1412.67,1.624,-32.382,49.909,38.013,49.909,-1.17,1889.3,50.83,183.0,4.75,5.25,10.00
894,1414.29,1.629,-31.518,49.889,39.393,49.889,-1.22,1699.9,50.96,183.5,4.75,5.20,9.95
895,1415.93,1.633,-30.653,49.868,40.778,49.868,-1.32,1513.9,51.10,184.0,4.80,5.10,9.90
896,1417.56,1.638,-29.787,49.845,42.168,49.845,-1.37,1348.1,51.26,184.5,4.80,5.00,9.80
897,1419.21,1.643,-28.920,49.823,43.563,49.823,-1.37,1216.7,51.39,185.0,4.80,4.90,9.70
898,1420.85,1.647,-28.053,49.800,44.963,49.800,-1.38,1114.0,51.56,185.6,4.80,4.80,9.60
899,1422.51,1.653,-27.184,49.778,46.370,49.778,-1.31,1038.7,51.71,186.2,4.80,4.75,9.55
900,1424.16,1.657,-26.316,49.758,47.781,49.758,-1.25,986.4,51.85,186.6,4.80,4.65,9.45
901,1425.83,1.662,-25.448,49.737,49.198,49.737,-1.23,948.8,51.99,187.2,4.80,4.60,9.40
902,1427.49,1.666,-24.581,49.717,50.620,49.717,-1.22,916.1,52.12,187.6,4.80,4.55,9.35
903,1429.16,1.671,-23.713,49.697,52.048,49.697,-1.20,892.4,52.28,188.2,4.80,4.50,9.30
904,1430.84,1.675,-22.846,49.677,53.481,49.677,-1.15,881.1,52.41,188.7,4.80,4.45,9.25
905,1432.52,1.680,-21.979,49.658,54.919,49.658,-1.15,880.0,52.55,189.2,4.75,4.45,9.20
906,1434.20,1.684,-21.113,49.639,56.363,49.639,-1.11,889.7,52.68,189.7,4.75,4.40,9.15
907,1435.89,1.689,-20.247,49.622,57.814,49.622,-1.04,913.8,52.86,190.3,4.75,4.40,9.15
908,1437.58,1.694,-19.382,49.606,59.270,49.606,-0.96,946.1,52.98,190.7,4.70,4.40,9.10
909,1439.28,1.697,-18.517,49.588,60.730,49.588,-1.03,973.8,53.09,191.1,4.65,4.40,9.05
910,1440.98,1.701,-17.653,49.569,62.195,49.569,-1.14,998.5,53.21,191.6,4.65,4.40,9.05
911,1442.69,1.706,-16.789,49.549,63.666,49.549,-1.19,1035.5,53.37,192.1,4.60,4.40,9.00
912,1444.40,1.710,-15.925,49.528,65.141,49.528,-1.21,1094.1,53.47,192.5,4.55,4.45,9.00
913,1446.11,1.711,-15.064,49.506,66.619,49.506,-1.25,1188.8,53.43,192.4,4.55,4.45,9.00
914,1447.82,1.706,-14.207,49.484,68.095,49.484,-1.30,1338.1,53.22,191.6,4.50,4.50,9.00
915,1449.51,1.698,-13.357,49.462,69.564,49.462,-1.33,1553.9,52.92,190.5,4.45,4.55,9.00
916,1451.20,1.686,-12.513,49.438,71.024,49.438,-1.39,1823.1,52.52,189.1,4.40,4.60,9.00
917,1452.87,1.673,-11.677,49.415,72.473,49.415,-1.41,2000.0,52.06,187.4,4.35,4.65,9.00
918,1454.53,1.656,-10.851,49.393,73.908,49.393,-1.30,2000.0,51.51,185.4,4.25,4.70,8.95
919,1456.17,1.639,-10.034,49.375,75.329,49.375,-1.09,2000.0,51.00,183.6,4.20,4.80,9.00
920,1457.79,1.623,-9.226,49.361,76.737,49.361,-0.90,2000.0,50.54,181.9,4.15,4.85,9.00
921,1459.40,1.609,-8.425,49.348,78.133,49.348,-0.79,2000.0,50.09,180.3,4.05,4.90,8.95
922,1461.00,1.596,-7.632,49.336,79.518,49.336,-0.77,2000.0,49.75,179.1,4.00,4.95,8.95
923,1462.58,1.587,-6.843,49.320,80.895,49.320,-0.99,2000.0,49.45,178.0,3.95,5.05,9.00
924,1464.16,1.577,-6.059,49.300,82.263,49.300,-1.28,2000.0,49.14,176.9,3.90,5.10,9.00
925,1465.73,1.566,-5.280,49.276,83.621,49.276,-1.52,2000.0,48.75,175.5,3.80,5.15,8.95
926,1467.28,1.553,-4.508,49.250,84.968,49.250,-1.67,2000.0,48.37,174.1,3.75,5.25,9.00
927,1468.82,1.542,-3.741,49.222,86.305,49.222,-1.82,2000.0,48.01,172.8,3.70,5.30,9.00
928,1470.35,1.529,-2.980,49.192,87.631,49.192,-1.95,2000.0,47.62,171.4,4.05,5.35,9.40
929,1471.87,1.516,-2.226,49.162,88.945,49.162,-2.01,2000.0,47.09,169.5,3.95,5.45,9.40
930,1473.55,1.685,-1.388,49.133,90.407,49.133,-1.71,2000.0,46.61,167.8,3.90,5.50,9.40
931,1475.22,1.667,-0.558,49.110,91.853,49.110,-1.37,2000.0,46.10,166.0,3.80,5.55,9.35
932,1476.87,1.651,0.263,49.093,93.285,49.093,-1.04,2000.0,45.70,164.5,3.75,5.65,9.40
933,1478.51,1.637,1.076,49.078,94.706,49.078,-0.93,2000.0,45.31,163.1,3.65,5.70,9.35
934,1480.13,1.625,1.883,49.061,96.116,49.061,-1.02,2000.0,44.99,162.0,3.60,5.80,9.40
935,1481.74,1.611,2.681,49.042,97.515,49.042,-1.20,1921.7,44.54,160.3,3.55,5.85,9.40
936,1483.34,1.597,3.472,49.021,98.902,49.021,-1.32,1677.4,44.18,159.1,3.45,5.95,9.40
937,1484.92,1.582,4.253,48.998,100.277,48.998,-1.46,1500.0,43.77,157.6,3.40,6.00,9.40
938,1486.49,1.568,5.027,48.972,101.641,48.972,-1.64,1355.3,43.37,156.1,3.35,6.10,9.45
939,1488.04,1.553,5.791,48.945,102.992,48.945,-1.72,1245.8,42.95,154.6,3.25,6.15,9.40
940,1489.58,1.538,6.547,48.918,104.332,48.918,-1.77,1167.7,42.53,153.1,3.20,6.20,9.40
941,1491.10,1.523,7.293,48.890,105.659,48.890,-1.81,1118.5,42.10,151.6,3.15,6.30,9.45
942,1492.61,1.508,8.030,48.863,106.974,48.863,-1.82,1102.9,41.71,150.2,3.10,6.35,9.45
943,1494.27,1.658,8.838,48.834,108.421,48.834,-1.77,1111.6,41.25,148.5,3.05,6.40,9.45
944,1495.91,1.640,9.634,48.807,109.854,48.807,-1.62,1177.2,40.78,146.8,3.00,6.50,9.50
945,1497.53,1.622,10.420,48.784,111.273,48.784,-1.46,1316.6,40.37,145.3,2.95,6.55,9.50
946,1499.13,1.605,11.196,48.762,112.678,48.762,-1.34,1564.1,39.93,143.8,2.90,6.60,9.50
947,1500.72,1.589,11.963,48.741,114.070,48.741,-1.35,1956.3,39.55,142.4,2.85,6.65,9.50
948,1502.30,1.572,12.720,48.719,115.447,48.719,-1.39,2000.0,39.10,140.8,2.80,6.70,9.50
949,1503.85,1.554,13.468,48.697,116.809,48.697,-1.40,2000.0,38.66,139.2,2.75,6.75,9.50
950,1505.39,1.537,14.208,48.675,118.156,48.675,-1.41,2000.0,38.21,137.5,2.75,6.80,9.55
951,1506.91,1.519,14.939,48.654,119.488,48.654,-1.38,2000.0,37.82,136.1,2.70,6.85,9.55
952,1508.41,1.502,15.661,48.631,120.805,48.631,-1.52,2000.0,37.34,134.4,2.65,6.90,9.55
953,1510.04,1.632,16.446,48.605,122.236,48.605,-1.59,2000.0,36.86,132.7,2.60,6.95,9.55
954,1511.65,1.609,17.219,48.580,123.646,48.580,-1.58,2000.0,36.34,130.8,2.55,7.00,9.55
955,1513.24,1.587,17.981,48.555,125.038,48.555,-1.55,2000.0,35.83,129.0,2.50,7.05,9.55
956,1514.80,1.564,18.731,48.533,126.409,48.533,-1.45,1932.9,35.28,127.0,2.45,7.10,9.55
957,1516.34,1.541,19.469,48.514,127.762,48.514,-1.20,1710.5,34.79,125.3,2.45,7.15,9.60
958,1517.86,1.519,20.195,48.500,129.096,48.500,-0.91,1595.2,34.30,123.5,2.40,7.20,9.60
959,1519.49,1.635,20.974,48.490,130.533,48.490,-0.64,1488.5,33.86,121.9,2.35,7.20,9.55
960,1521.11,1.614,21.743,48.475,131.953,48.475,-0.92,1344.5,33.45,120.4,2.30,7.25,9.55
961,1522.70,1.594,22.500,48.452,133.355,48.452,-1.43,1160.9,33.00,118.8,2.30,7.30,9.60
962,1524.27,1.571,23.246,48.424,134.737,48.424,-1.78,985.3,32.49,117.0,2.25,7.35,9.60
963,1525.82,1.547,23.977,48.395,136.100,48.395,-1.89,846.9,32.00,115.2,2.20,7.40,9.60
964,1527.34,1.524,24.695,48.368,137.443,48.368,-1.77,748.3,31.52,113.5,2.20,7.40,9.60
965,1528.85,1.502,25.400,48.345,138.770,48.345,-1.53,676.8,31.10,111.9,2.15,7.45,9.60
966,1530.45,1.604,26.149,48.323,140.188,48.323,-1.37,617.9,30.64,110.3,2.15,7.45,9.60
967,1532.03,1.580,26.884,48.300,141.587,48.300,-1.45,567.5,30.18,108.6,2.15,7.50,9.65
968,1533.59,1.556,27.604,48.277,142.965,48.277,-1.51,508.4,29.70,106.9,2.15,7.50,9.65
969,1535.12,1.531,28.309,48.253,144.325,48.253,-1.56,436.9,29.24,105.3,2.10,7.50,9.60
970,1536.62,1.508,28.998,48.230,145.665,48.230,-1.51,360.2,28.79,103.6,2.10,7.55,9.65
971,1538.22,1.599,29.724,48.206,147.089,48.206,-1.51,287.1,28.34,102.0,2.10,7.55,9.65
972,1539.80,1.573,30.433,48.178,148.493,48.178,-1.77,226.8,27.86,100.3,2.15,7.55,9.70
973,1541.34,1.545,31.121,48.148,149.877,48.148,-1.95,182.6,27.37,98.5,2.15,7.50,9.65
974,1542.86,1.518,31.786,48.118,151.240,48.118,-1.96,151.7,26.86,96.7,2.20,7.50,9.70
975,1544.46,1.597,32.469,48.092,152.683,48.092,-1.63,128.3,26.40,95.0,2.25,7.45,9.70
976,1546.03,1.571,33.123,48.068,154.111,48.068,-1.53,112.1,25.98,93.5,2.30,7.40,9.70
977,1547.57,1.546,33.746,48.046,155.525,48.046,-1.45,99.6,25.56,92.0,1.65,7.35,9.00
978,1549.09,1.520,34.339,48.024,156.925,48.024,-1.45,89.6,25.14,90.5,1.80,7.25,9.05
979,1550.69,1.594,34.935,48.000,158.403,48.000,-1.47,80.5,24.70,88.9,1.90,7.10,9.00
980,1552.25,1.566,35.492,47.978,159.866,47.978,-1.44,73.6,24.26,87.3,2.10,6.95,9.05
981,1553.79,1.538,36.012,47.953,161.313,47.953,-1.59,67.5,23.82,85.7,2.30,6.80,9.10
982,1555.30,1.511,36.487,47.932,162.747,47.932,-1.38,63.0,23.43,84.3,2.50,6.55,9.05
983,1556.88,1.582,36.945,47.913,164.261,47.913,-1.20,58.9,23.14,83.3,2.80,6.30,9.10
984,1558.45,1.565,37.358,47.894,165.771,47.894,-1.24,55.9,22.92,82.5,3.15,6.05,9.20
985,1560.00,1.550,37.728,47.871,167.276,47.871,-1.46,53.2,22.69,81.7,3.55,5.70,9.25
986,1561.53,1.534,38.050,47.850,168.775,47.850,-1.39,50.9,22.45,80.8,3.95,5.35,9.30
987,1563.05,1.518,38.324,47.831,170.268,47.831,-1.29,48.7,22.21,80.0,4.45,4.95,9.40
988,1564.55,1.502,38.548,47.813,171.753,47.813,-1.18,46.8,21.98,79.1,5.00,4.85,9.85
989,1566.12,1.573,38.732,47.795,173.315,47.795,-1.15,44.8,21.72,78.2,5.65,5.00,10.65
990,1567.68,1.555,38.861,47.778,174.864,47.778,-1.10,43.5,21.49,77.4,6.35,5.10,11.45
991,1569.22,1.541,38.932,47.762,176.404,47.762,-1.01,43.1,21.34,76.8,7.15,5.50,12.65
992,1570.75,1.531,38.945,47.748,177.935,47.748,-0.92,43.4,21.21,76.3,8.05,5.50,13.55
993,1572.27,1.522,38.897,47.737,179.456,47.737,-0.74,43.8,21.08,75.9,9.05,5.45,14.50
994,1573.79,1.513,38.797,47.720,180.966,47.720,-1.12,43.6,20.96,75.5,10.15,5.40,15.55
995,1575.29,1.505,38.651,47.692,182.464,47.692,-1.86,42.5,20.86,75.1,11.30,5.35,16.65
996,1576.87,1.581,38.451,47.643,184.032,47.643,-3.09,40.2,20.76,74.7,12.60,5.30,17.90
997,1578.45,1.573,38.199,47.577,185.583,47.577,-4.21,37.4,20.62,74.2,14.05,5.25,19.30
998,1580.01,1.561,37.880,47.509,187.109,47.509,-4.32,35.1,20.46,73.7,15.80,5.25,21.05
999,1581.56,1.549,37.483,47.453,188.606,47.453,-3.67,33.7,20.33,73.2,4.60,5.20,9.80
1000,1583.10,1.540,37.017,47.401,190.073,47.401,-3.36,33.1,20.21,72.8,4.60,5.15,9.75
1001,1584.63,1.531,36.488,47.347,191.509,47.347,-3.53,33.0,20.10,72.3,4.70,5.10,9.80
1002,1586.15,1.522,35.898,47.290,192.912,47.290,-3.74,33.1,19.98,71.9,4.85,5.05,9.90
1003,1587.67,1.513,35.250,47.230,194.278,47.230,-3.99,33.1,19.86,71.5,5.05,5.00,10.05
1004,1589.17,1.504,34.546,47.165,195.605,47.165,-4.27,33.0,19.74,71.1,5.25,4.90,10.15
1005,1590.74,1.574,33.744,47.095,196.958,47.095,-4.48,32.7,19.62,70.6,5.45,4.85,10.30
1006,1592.31,1.567,32.877,47.024,198.261,47.024,-4.51,32.8,19.57,70.5,5.75,4.80,10.55
1007,1593.88,1.565,31.946,46.955,199.516,46.955,-4.46,33.3,19.56,70.4,6.00,4.75,10.75
1008,1595.44,1.565,30.952,46.885,200.724,46.885,-4.48,34.0,19.58,70.5,6.30,4.70,11.00
1009,1597.01,1.567,29.903,46.811,201.886,46.811,-4.72,35.0,19.61,70.6,6.55,4.55,11.10
1010,1598.58,1.571,28.803,46.731,203.004,46.731,-5.08,36.6,19.66,70.8,6.80,18.00,24.80
1011,1600.15,1.575,27.652,46.648,204.077,46.648,-5.31,38.6,19.73,71.0,7.10,15.95,23.05
1012,1601.74,1.581,26.452,46.564,205.104,46.564,-5.31,41.1,19.81,71.3,7.30,13.40,20.70
1013,1603.24,1.508,25.270,46.486,206.037,46.486,-5.19,44.3,19.89,71.6,12.65,10.25,22.90
1014,1604.76,1.515,24.052,46.407,206.934,46.407,-5.20,47.7,19.99,71.9,20.70,5.95,26.65
1015,1606.28,1.523,22.802,46.323,207.800,46.323,-5.53,50.6,20.08,72.3,26.90,3.80,30.70
1016,1607.81,1.530,21.524,46.231,208.636,46.231,-6.06,52.5,20.18,72.6,8.10,3.65,11.75
1017,1609.35,1.537,20.218,46.131,209.442,46.131,-6.48,53.1,20.27,73.0,8.25,3.55,11.80
1018,1610.89,1.544,18.884,46.034,210.211,46.034,-6.32,52.8,20.36,73.3,8.35,3.45,11.80
1019,1612.44,1.550,17.520,45.942,210.943,45.942,-5.93,52.4,20.44,73.6,8.45,3.30,11.75
1020,1614.00,1.556,16.128,45.858,211.635,45.858,-5.43,52.3,20.51,73.8,8.50,3.20,11.70
1021,1615.56,1.562,14.711,45.782,212.286,45.782,-4.86,52.5,20.58,74.1,26.95,5.60,32.55
1022,1617.13,1.567,13.270,45.715,212.895,45.715,-4.30,52.7,20.64,74.3,27.40,24.80,52.20
1023,1618.70,1.571,11.806,45.653,213.463,45.653,-3.93,52.1,20.70,74.5,9.50,24.55,34.05
1024,1620.28,1.575,10.323,45.590,213.990,45.590,-3.99,50.6,20.75,74.7,8.65,24.30,32.95
1025,1621.85,1.578,8.823,45.520,214.477,45.520,-4.47,48.1,20.78,74.8,8.65,2.70,11.35
1026,1623.43,1.580,7.309,45.439,214.918,45.439,-5.13,45.0,20.79,74.9,8.65,3.35,12.00
1027,1625.01,1.581,5.779,45.352,215.305,45.352,-5.48,42.0,20.81,74.9,8.65,3.35,12.00
1028,1626.60,1.582,4.233,45.264,215.633,45.264,-5.56,39.3,20.83,75.0,8.65,3.40,12.05
1029,1628.18,1.583,2.674,45.178,215.896,45.178,-5.45,37.0,20.84,75.0,8.60,3.45,12.05
1030,1629.76,1.584,1.105,45.095,216.091,45.095,-5.26,35.2,20.84,75.0,8.55,3.50,12.05
1031,1631.35,1.584,-0.472,45.018,216.216,45.018,-4.89,34.4,20.84,75.0,8.45,3.55,12.00
1032,1632.93,1.583,-2.053,44.951,216.267,44.951,-4.23,34.5,20.83,75.0,8.35,3.55,11.90
1033,1634.51,1.580,-3.633,44.907,216.238,44.907,-2.76,35.5,20.77,74.8,8.20,3.50,11.70
1034,1636.09,1.578,-5.206,44.896,216.126,44.896,-0.69,37.3,20.76,74.7,8.05,3.50,11.55
1035,1637.67,1.578,-6.773,44.919,215.939,44.919,1.42,39.9,20.77,74.8,7.95,3.50,11.45
1036,1639.25,1.579,-8.332,44.966,215.698,44.966,3.01,42.7,20.78,74.8,7.90,3.50,11.40
1037,1640.83,1.579,-9.885,45.015,215.415,45.015,3.06,44.7,20.77,74.8,7.90,3.55,11.45
1038,1642.41,1.578,-11.427,45.066,215.082,45.066,3.28,46.0,20.76,74.7,7.90,3.60,11.50
1039,1643.98,1.577,-12.952,45.136,214.688,45.136,4.44,47.2,20.75,74.7,29.15,3.75,32.90
1040,1645.56,1.577,-14.461,45.220,214.237,45.220,5.32,48.1,20.74,74.7,26.35,3.90,30.25
1041,1647.14,1.576,-15.954,45.302,213.741,45.302,5.22,48.8,20.73,74.6,24.00,4.05,28.05
1042,1648.71,1.575,-17.432,45.380,213.202,45.380,4.93,49.6,20.73,74.6,21.90,4.15,26.05
1043,1650.29,1.575,-18.893,45.456,212.617,45.456,4.84,50.4,20.72,74.6,19.95,4.30,24.25
1044,1651.86,1.575,-20.333,45.530,211.986,45.530,4.74,50.8,20.72,74.6,18.15,4.45,22.60
1045,1653.44,1.575,-21.753,45.604,211.309,45.604,4.71,51.0,20.72,74.6,16.90,4.60,21.50
1046,1655.01,1.575,-23.152,45.677,210.588,45.677,4.64,51.2,20.73,74.6,15.85,4.75,20.60
1047,1656.59,1.576,-24.528,45.748,209.825,45.748,4.47,51.6,20.74,74.6,14.50,4.95,19.45
1048,1658.16,1.576,-25.881,45.815,209.019,45.815,4.29,52.0,20.75,74.7,13.25,5.15,18.40
1049,1659.74,1.577,-27.211,45.879,208.173,45.879,4.05,52.3,20.76,74.7,12.10,5.30,17.40
1050,1661.32,1.578,-28.515,45.942,207.286,45.942,3.97,52.8,20.78,74.8,11.00,5.50,16.50
1051,1662.90,1.580,-29.791,46.004,206.358,46.004,3.97,53.6,20.80,74.9,10.05,5.70,15.75
1052,1664.48,1.582,-31.042,46.067,205.391,46.067,3.95,54.8,20.83,75.0,9.15,5.90,15.05
1053,1666.06,1.584,-32.266,46.129,204.387,46.129,3.96,56.1,20.86,75.1,8.35,6.05,14.40
1054,1667.57,1.504,-33.403,46.187,203.405,46.187,3.85,58.1,20.90,75.2,7.65,6.20,13.85
1055,1669.07,1.507,-34.516,46.246,202.391,46.246,3.92,59.9,20.95,75.4,7.00,6.30,13.30
1056,1670.58,1.510,-35.607,46.304,201.349,46.304,3.83,61.5,20.99,75.6,6.45,6.55,13.00
1057,1672.10,1.513,-36.675,46.361,200.278,46.361,3.74,63.0,21.05,75.8,5.90,7.00,12.90
1058,1673.62,1.517,-37.719,46.417,199.178,46.417,3.69,64.7,21.10,76.0,5.40,7.40,12.80
1059,1675.14,1.523,-38.741,46.469,198.051,46.469,3.44,66.0,21.20,76.3,5.00,7.75,12.75
1060,1676.67,1.531,-39.740,46.522,196.892,46.522,3.46,67.6,21.31,76.7,4.60,8.05,12.65
1061,1678.21,1.539,-40.717,46.575,195.704,46.575,3.43,69.8,21.43,77.2,4.20,8.35,12.55
1062,1679.76,1.549,-41.674,46.625,194.487,46.625,3.23,72.5,21.61,77.8,3.90,8.60,12.50
1063,1681.32,1.564,-42.612,46.674,193.237,46.674,3.16,76.2,21.82,78.5,3.60,8.85,12.45
1064,1682.90,1.579,-43.533,46.723,191.955,46.723,3.08,80.7,22.04,79.3,3.35,8.30,11.65
1065,1684.41,1.506,-44.387,46.769,190.716,46.769,3.11,86.4,22.24,80.1,3.15,8.50,11.65
1066,1685.93,1.520,-45.228,46.816,189.451,46.816,3.06,92.0,22.45,80.8,3.00,8.65,11.65
1067,1687.46,1.534,-46.056,46.861,188.160,46.861,2.92,96.3,22.66,81.6,2.85,8.75,11.60
1068,1689.01,1.549,-46.873,46.902,186.844,46.902,2.68,99.4,22.88,82.4,2.70,8.85,11.55
1069,1690.57,1.563,-47.678,46.940,185.505,46.940,2.42,101.5,23.10,83.1,2.60,8.95,11.55
1070,1692.15,1.578,-48.469,46.977,184.140,46.977,2.33,102.6,23.31,83.9,2.55,9.00,11.55
1071,1693.74,1.593,-49.245,47.015,182.749,47.015,2.39,104.2,23.53,84.7,2.45,9.00,11.45
1072,1695.26,1.513,-49.961,47.053,181.417,47.053,2.51,108.2,23.74,85.5,2.45,9.05,11.50
1073,1696.78,1.526,-50.664,47.092,180.062,47.092,2.56,113.4,23.94,86.2,2.45,9.00,11.45
1074,1698.32,1.540,-51.355,47.130,178.687,47.130,2.45,118.4,24.15,86.9,2.45,9.00,11.45
1075,1699.88,1.553,-52.035,47.165,177.291,47.165,2.29,123.9,24.37,87.7,2.50,8.95,11.45
1076,1701.44,1.567,-52.703,47.201,175.873,47.201,2.26,130.1,24.59,88.5,2.55,8.85,11.40
1077,1703.03,1.581,-53.359,47.235,174.435,47.235,2.18,136.7,24.81,89.3,2.60,8.80,11.40
1078,1704.62,1.595,-54.004,47.268,172.976,47.268,2.06,145.7,25.04,90.1,2.70,8.65,11.35
1079,1706.13,1.509,-54.599,47.299,171.590,47.299,2.05,161.2,25.24,90.9,2.80,8.55,11.35
1080,1707.65,1.521,-55.185,47.330,170.186,47.330,2.04,184.4,25.46,91.7,2.95,8.45,11.40
1081,1709.19,1.535,-55.763,47.363,168.765,47.363,2.13,220.1,25.68,92.4,3.10,8.30,11.40
1082,1710.73,1.547,-56.336,47.397,167.328,47.397,2.23,271.9,25.89,93.2,3.25,8.10,11.35
1083,1712.29,1.561,-56.905,47.432,165.876,47.432,2.21,353.0,26.12,94.0,3.40,7.95,11.35
1084,1713.87,1.574,-57.474,47.467,164.408,47.467,2.24,479.8,26.34,94.8,3.55,7.80,11.35
1085,1715.46,1.587,-58.043,47.501,162.926,47.501,2.15,690.6,26.56,95.6,3.75,7.60,11.35
1086,1717.06,1.601,-58.614,47.532,161.431,47.532,1.95,1058.3,26.79,96.4,3.90,7.45,11.35
1087,1718.56,1.506,-59.151,47.563,160.024,47.563,2.03,1786.3,27.00,97.2,4.10,7.25,11.35
1088,1720.08,1.519,-59.690,47.597,158.605,47.597,2.22,2000.0,27.22,98.0,4.25,7.10,11.35
1089,1721.61,1.530,-60.234,47.633,157.175,47.633,2.40,2000.0,27.41,98.7,4.45,6.90,11.35
1090,1723.15,1.541,-60.781,47.668,155.735,47.668,2.23,2000.0,27.60,99.4,4.60,6.75,11.35
1091,1724.71,1.552,-61.333,47.700,154.284,47.700,2.09,2000.0,27.83,100.2,4.80,6.55,11.35
1092,1726.27,1.564,-61.890,47.735,152.823,47.735,2.26,2000.0,28.03,100.9,4.95,6.40,11.35
1093,1727.85,1.576,-62.453,47.775,151.351,47.775,2.51,1755.2,28.24,101.6,5.15,6.20,11.35
1094,1729.43,1.587,-63.020,47.816,149.869,47.816,2.58,1507.8,28.43,102.3,5.25,6.00,11.25
1095,1731.03,1.598,-63.594,47.856,148.378,47.856,2.48,1353.2,28.63,103.1,4.80,5.85,10.65
1096,1732.64,1.610,-64.173,47.894,146.876,47.894,2.41,1236.2,28.86,103.9,4.95,5.65,10.60
1097,1734.15,1.506,-64.717,47.931,145.472,47.931,2.46,1175.3,29.05,104.6,5.10,5.50,10.60
1098,1735.66,1.516,-65.266,47.966,144.060,47.966,2.25,1126.4,29.25,105.3,5.25,5.35,10.60
1099,1737.19,1.526,-65.821,47.997,142.638,47.997,2.09,1086.9,29.45,106.0,5.40,5.20,10.60
1100,1738.73,1.538,-66.382,48.030,141.207,48.030,2.11,1056.5,29.68,106.8,5.60,5.00,10.60
1101,1740.28,1.549,-66.950,48.066,139.765,48.066,2.33,1040.7,29.89,107.6,5.75,4.85,10.60
1102,1741.84,1.561,-67.524,48.106,138.315,48.106,2.55,1018.7,30.11,108.4,5.90,4.70,10.60
1103,1743.41,1.572,-68.104,48.146,136.854,48.146,2.54,994.3,30.35,109.3,6.05,4.60,10.65
1104,1744.99,1.585,-68.692,48.186,135.383,48.186,2.52,960.0,30.60,110.1,6.20,4.85,11.05
1105,1746.59,1.599,-69.287,48.224,133.899,48.224,2.43,911.7,30.87,111.1,6.35,4.90,11.25
1106,1748.21,1.613,-69.889,48.262,132.403,48.262,2.34,848.0,31.15,112.1,6.50,4.90,11.40
1107,1749.71,1.501,-70.453,48.295,131.012,48.295,2.20,790.1,31.40,113.0,6.60,4.90,11.50
1108,1751.22,1.514,-71.023,48.327,129.610,48.327,2.13,735.4,31.65,114.0,6.75,4.90,11.65
1109,1752.75,1.526,-71.601,48.359,128.198,48.359,2.06,686.1,31.92,114.9,6.90,4.90,11.80
1110,1754.29,1.539,-72.187,48.391,126.776,48.391,2.13,647.0,32.18,115.9,15.85,4.75,20.60
1111,1755.84,1.552,-72.782,48.426,125.343,48.426,2.23,618.8,32.45,116.8,18.45,13.10,31.55
1112,1757.40,1.564,-73.385,48.463,123.901,48.463,2.36,597.6,32.69,117.7,18.55,12.95,31.50
1113,1758.98,1.575,-73.997,48.499,122.449,48.499,2.32,582.2,32.95,118.6,18.65,12.80,31.45
1114,1760.57,1.588,-74.617,48.537,120.987,48.537,2.36,568.6,33.20,119.5,18.70,12.65,31.35
1115,1762.17,1.600,-75.247,48.574,119.517,48.574,2.35,557.0,33.45,120.4,18.80,12.50,31.30
1116,1763.78,1.613,-75.886,48.611,118.036,48.611,2.27,545.5,33.72,121.4,18.90,12.35,31.25
1117,1765.40,1.625,-76.534,48.646,116.547,48.646,2.14,528.6,33.96,122.3,18.95,12.20,31.15
1118,1767.04,1.636,-77.191,48.678,115.048,48.678,1.94,507.9,34.22,123.2,19.05,12.05,31.10
1119,1768.55,1.511,-77.801,48.704,113.666,48.704,1.77,496.2,34.46,124.0,19.15,11.95,31.10
1120,1770.07,1.521,-78.420,48.729,112.277,48.729,1.65,488.2,34.67,124.8,19.20,11.85,31.05
1121,1771.60,1.531,-79.048,48.753,110.880,48.753,1.51,486.4,34.93,125.7,19.30,11.75,31.05
1122,1773.15,1.543,-79.685,48.777,109.475,48.777,1.59,499.5,35.18,126.6,19.35,11.70,31.05
1123,1774.70,1.554,-80.331,48.804,108.062,48.804,1.73,531.5,35.41,127.5,19.45,11.60,31.05
1124,1776.27,1.564,-80.986,48.833,106.643,48.833,1.83,578.3,35.65,128.3,19.55,11.55,31.10
1125,1777.84,1.574,-81.650,48.863,105.216,48.863,1.96,647.0,35.88,129.2,19.60,11.45,31.05
1126,1779.42,1.584,-82.322,48.896,103.781,48.896,2.03,743.4,36.11,130.0,19.70,11.40,31.10
1127,1781.02,1.595,-83.000,48.928,102.339,48.928,2.04,865.4,36.34,130.8,19.75,11.35,31.10
1128,1782.62,1.604,-83.686,48.960,100.889,48.960,1.98,1009.2,36.56,131.6,19.85,11.30,31.15
1129,1784.24,1.614,-84.378,48.991,99.431,48.991,1.91,1173.3,36.80,132.5,19.90,11.25,31.15
1130,1785.86,1.625,-85.076,49.022,97.964,49.022,1.91,1361.0,37.03,133.3,20.00,11.25,31.25
1131,1787.50,1.635,-85.781,49.052,96.489,49.052,1.89,1574.4,37.26,134.1,20.05,11.20,31.25
1132,1789.14,1.645,-86.491,49.083,95.006,49.083,1.88,1827.0,37.46,134.9,20.15,11.15,31.30
1133,1790.79,1.649,-87.205,49.115,93.520,49.115,1.91,2000.0,37.45,134.8,20.20,11.10,31.30
1134,1792.43,1.640,-87.915,49.148,92.042,49.148,2.04,2000.0,37.09,133.5,8.90,11.10,20.00
1135,1794.05,1.620,-88.618,49.182,90.583,49.182,2.09,2000.0,36.58,131.7,8.95,1.45,10.40
1136,1795.65,1.596,-89.312,49.216,89.145,49.216,2.13,2000.0,36.02,129.7,9.00,1.40,10.40
1137,1797.22,1.570,-89.994,49.251,87.732,49.251,2.22,2000.0,35.39,127.4,9.05,1.40,10.45
1138,1798.76,1.544,-90.665,49.289,86.342,49.289,2.43,2000.0,34.83,125.4,9.10,1.35,10.45
1139,1800.28,1.520,-91.326,49.325,84.974,49.325,2.42,2000.0,34.29,123.5,9.10,1.30,10.40
1140,1801.91,1.631,-92.036,49.364,83.507,49.364,2.37,2000.0,33.70,121.3,9.15,1.25,10.40
1141,1803.51,1.602,-92.734,49.401,82.065,49.401,2.33,1959.7,33.11,119.2,9.20,1.25,10.45
1142,1805.09,1.575,-93.421,49.438,80.649,49.438,2.30,1497.2,32.53,117.1,9.25,1.20,10.45
1143,1806.63,1.547,-94.097,49.473,79.258,49.473,2.28,1171.1,31.97,115.1,9.25,1.15,10.40
1144,1808.15,1.519,-94.763,49.507,77.893,49.507,2.27,942.3,31.40,113.0,9.30,1.15,10.45
1145,1809.77,1.615,-95.473,49.544,76.442,49.544,2.26,761.2,30.78,110.8,9.35,1.10,10.45
1146,1811.35,1.584,-96.173,49.579,75.022,49.579,2.24,630.1,30.18,108.7,9.35,1.10,10.45
1147,1812.91,1.553,-96.862,49.615,73.630,49.615,2.26,535.9,29.60,106.6,9.40,1.05,10.45
1148,1814.43,1.523,-97.541,49.648,72.268,49.648,2.23,464.8,29.00,104.4,9.40,1.05,10.45
1149,1816.03,1.606,-98.263,49.685,70.833,49.685,2.26,401.8,28.42,102.3,9.45,1.05,10.50
1150,1817.61,1.575,-98.976,49.720,69.430,49.720,2.22,356.3,27.88,100.4,9.45,1.05,10.50
1151,1819.15,1.545,-99.682,49.753,68.056,49.753,2.16,321.6,27.34,98.4,9.45,1.05,10.50
1152,1820.67,1.516,-100.380,49.782,66.710,49.782,1.93,295.1,26.83,96.6,9.45,1.05,10.50
1153,1822.26,1.592,-101.121,49.811,65.301,49.811,1.83,270.5,26.29,94.6,9.45,1.10,10.55
1154,1823.82,1.560,-101.856,49.840,63.925,49.840,1.87,254.3,25.76,92.8,9.45,1.10,10.55
1155,1825.35,1.531,-102.586,49.869,62.579,49.869,1.88,243.9,25.30,91.1,9.40,5.20,14.60
1156,1826.86,1.504,-103.311,49.897,61.262,49.897,1.81,236.5,24.87,89.5,9.40,5.35,14.75
1157,1828.44,1.577,-104.079,49.923,59.885,49.923,1.66,228.6,24.43,87.9,9.35,5.50,14.85
1158,1829.98,1.549,-104.844,49.948,58.539,49.948,1.65,224.9,24.01,86.4,9.25,5.70,14.95
1159,1831.51,1.523,-105.606,49.973,57.219,49.973,1.64,223.7,23.62,85.0,9.20,5.85,15.05
1160,1833.10,1.592,-106.411,49.999,55.846,49.999,1.59,219.6,23.23,83.6,9.10,6.05,15.15
1161,1834.67,1.565,-107.213,50.023,54.502,50.023,1.56,214.0,22.84,82.2,9.00,6.30,15.30
1162,1836.21,1.541,-108.012,50.046,53.184,50.046,1.50,206.7,22.51,81.0,8.90,1.70,10.60
1163,1837.73,1.520,-108.808,50.068,51.890,50.068,1.44,194.6,22.21,80.0,8.80,1.80,10.60
1164,1839.31,1.587,-109.650,50.090,50.545,50.090,1.39,175.4,21.90,78.8,8.70,1.95,10.65
1165,1840.88,1.565,-110.491,50.111,49.225,50.111,1.32,154.5,21.63,77.9,8.55,2.10,10.65
1166,1842.43,1.551,-111.336,50.130,47.924,50.130,1.22,133.5,21.47,77.3,8.40,2.25,10.65
1167,1843.97,1.541,-112.189,50.147,46.641,50.147,1.13,114.4,21.37,76.9,8.25,2.40,10.65
1168,1845.51,1.536,-113.056,50.163,45.373,50.163,1.05,98.2,21.30,76.7,8.10,2.60,10.70
1169,1847.04,1.531,-113.939,50.178,44.123,50.178,0.96,85.4,21.22,76.4,7.90,2.80,10.70
1170,1848.56,1.525,-114.840,50.191,42.893,50.191,0.87,75.6,21.15,76.1,7.70,3.05,10.75
1171,1850.08,1.520,-115.764,50.202,41.685,50.202,0.73,68.2,21.07,75.9,7.45,3.30,10.75
1172,1851.60,1.514,-116.710,50.211,40.504,50.211,0.60,63.0,20.99,75.6,7.20,3.60,10.80
1173,1853.11,1.508,-117.682,50.217,39.351,50.217,0.41,59.9,20.91,75.3,6.95,3.90,10.85
1174,1854.61,1.504,-118.682,50.222,38.227,50.222,0.34,58.0,20.87,75.1,6.65,4.30,10.95
1175,1856.11,1.502,-119.710,50.227,37.132,50.227,0.28,57.2,20.85,75.1,6.30,4.70,11.00
1176,1857.61,1.501,-120.769,50.233,36.068,50.233,0.43,57.5,20.84,75.0,5.95,5.20,11.15
1177,1859.11,1.500,-121.854,50.238,35.032,50.238,0.35,58.3,20.84,75.0,5.55,5.70,11.25
1178,1860.70,1.583,-123.028,50.243,33.970,50.243,0.30,58.7,20.84,75.0,5.10,6.25,11.35
1179,1862.20,1.500,-124.165,50.248,32.992,50.248,0.33,59.7,20.84,75.0,4.70,6.80,11.50
1180,1863.70,1.501,-125.328,50.256,32.043,50.256,0.56,60.8,20.85,75.1,4.30,7.30,11.60
1181,1865.20,1.501,-126.514,50.265,31.122,50.265,0.59,61.5,20.86,75.1,3.90,7.80,11.70
1182,1866.70,1.502,-127.722,50.272,30.229,50.272,0.47,62.1,20.87,75.1,4.60,8.30,12.90
1183,1868.20,1.503,-128.952,50.281,29.365,50.281,0.59,63.1,20.88,75.2,4.30,8.80,13.10
1184,1869.71,1.504,-130.204,50.290,28.531,50.290,0.58,63.7,20.91,75.3,4.05,9.25,13.30
1185,1871.21,1.506,-131.476,50.298,27.726,50.298,0.53,63.8,20.93,75.3,3.80,9.65,13.45
1186,1872.72,1.508,-132.769,50.304,26.950,50.304,0.44,63.5,20.96,75.4,3.50,10.05,13.55
1187,1874.23,1.510,-134.081,50.308,26.202,50.308,0.26,62.8,20.99,75.6,3.25,10.40,13.65
1188,1875.74,1.512,-135.412,50.309,25.484,50.309,0.05,61.6,21.02,75.7,3.05,10.70,13.75
1189,1877.26,1.515,-136.762,50.308,24.797,50.308,-0.11,60.1,21.05,75.8,2.80,10.90,13.70
1190,1878.78,1.517,-138.132,50.310,24.146,50.310,0.14,58.9,21.08,75.9,2.60,11.10,13.70
1191,1880.30,1.519,-139.521,50.315,23.530,50.315,0.35,58.2,21.11,76.0,2.45,11.25,13.70
1192,1881.82,1.522,-140.927,50.322,22.950,50.322,0.48,58.1,21.15,76.1,2.25,11.35,13.60
1193,1883.34,1.524,-142.351,50.333,22.407,50.333,0.70,58.6,21.17,76.2,2.10,13.10,15.20
1194,1884.87,1.526,-143.791,50.348,21.902,50.348,0.97,59.6,21.20,76.3,2.00,13.10,15.10
1195,1886.40,1.528,-145.246,50.368,21.437,50.368,1.32,60.8,21.24,76.5,1.85,13.05,14.90
1196,1887.93,1.530,-146.714,50.393,21.007,50.393,1.63,62.0,21.26,76.6,1.75,13.00,14.75
1197,1889.46,1.533,-148.194,50.413,20.608,50.413,1.33,62.3,21.30,76.7,1.70,12.90,14.60
1198,1890.99,1.535,-149.686,50.433,20.246,50.433,1.27,62.1,21.33,76.8,1.70,12.75,14.45
1199,1892.53,1.537,-151.188,50.449,19.920,50.449,1.05,61.6,21.37,76.9,1.75,12.55,14.30
1200,1894.07,1.540,-152.700,50.463,19.633,50.463,0.90,61.4,21.40,77.0,1.80,12.40,14.20
1201,1895.61,1.542,-154.221,50.472,19.382,50.472,0.61,61.4,21.43,77.1,1.95,12.15,14.10
1202,1897.16,1.544,-155.751,50.483,19.171,50.483,0.71,62.4,21.47,77.3,2.10,11.85,13.95
1203,1898.70,1.547,-157.289,50.499,19.003,50.499,1.01,64.1,21.51,77.4,2.30,11.55,13.85
1204,1900.25,1.551,-158.834,50.520,18.873,50.520,1.35,66.8,21.56,77.6,2.60,11.20,13.80
1205,1901.81,1.554,-160.385,50.540,18.776,50.540,1.32,69.7,21.61,77.8,2.90,10.90,13.80
1206,1903.37,1.557,-161.941,50.560,18.711,50.560,1.24,72.8,21.65,78.0,3.30,10.55,13.85
1207,1904.93,1.561,-163.501,50.582,18.682,50.582,1.46,76.4,21.70,78.1,2.60,10.20,12.80
1208,1906.49,1.565,-165.065,50.612,18.688,50.612,1.91,80.4,21.76,78.3,3.00,9.90,12.90
1209,1908.06,1.569,-166.634,50.642,18.724,50.642,1.87,83.6,21.82,78.5,3.40,9.55,12.95
1210,1909.63,1.573,-168.205,50.668,18.786,50.668,1.68,86.5,21.88,78.8,3.85,9.25,13.10
1211,1911.21,1.578,-169.780,50.694,18.877,50.694,1.61,89.7,21.94,79.0,4.25,8.90,13.15
1212,1912.79,1.582,-171.357,50.720,18.997,50.720,1.68,92.5,22.00,79.2,4.65,8.55,13.20
1213,1914.38,1.587,-172.937,50.747,19.144,50.747,1.68,94.6,22.08,79.5,5.05,8.20,13.25
1214,1915.88,1.504,-174.432,50.772,19.307,50.772,1.67,97.7,22.15,79.7,5.40,7.85,13.25
1215,1917.39,1.509,-175.929,50.796,19.492,50.796,1.58,100.9,22.23,80.0,5.75,7.55,13.30
1216,1918.91,1.514,-177.429,50.818,19.700,50.818,1.44,104.0,22.30,80.3,6.05,7.20,13.25
1217,1920.43,1.519,-178.931,50.838,19.930,50.838,1.35,106.9,22.38,80.6,6.40,6.85,13.25
1218,1921.95,1.525,-180.434,50.858,20.184,50.858,1.32,109.7,22.47,80.9,6.65,6.55,13.20
1219,1923.48,1.531,-181.940,50.878,20.460,50.878,1.27,111.0,22.57,81.2,6.95,6.25,13.20
1220,1925.02,1.540,-183.450,50.893,20.758,50.893,1.01,112.1,22.72,81.8,7.20,6.00,13.20
1221,1926.57,1.552,-184.969,50.905,21.079,50.905,0.77,113.1,22.94,82.6,7.40,5.75,13.15
1222,1928.14,1.568,-186.499,50.914,21.424,50.914,0.55,113.6,23.17,83.4,7.65,5.50,13.15
1223,1929.73,1.584,-188.039,50.922,21.795,50.922,0.55,114.4,23.41,84.3,7.85,5.30,13.15
1224,1931.23,1.506,-189.498,50.929,22.168,50.929,0.45,116.4,23.63,85.1,8.00,5.15,13.15
1225,1932.75,1.520,-190.965,50.934,22.563,50.934,0.33,118.5,23.84,85.8,8.15,4.95,13.10
1226,1934.29,1.534,-192.441,50.934,22.980,50.934,-0.02,119.1,24.07,86.7,8.25,4.85,13.10
1227,1935.83,1.549,-193.926,50.931,23.420,50.931,-0.17,119.4,24.30,87.5,8.40,4.70,13.10
1228,1937.40,1.563,-195.418,50.927,23.884,50.927,-0.26,118.9,24.53,88.3,8.50,4.60,13.10
1229,1938.97,1.578,-196.919,50.921,24.373,50.921,-0.43,117.2,24.77,89.2,8.55,4.55,13.10
1230,1940.57,1.593,-198.427,50.910,24.886,50.910,-0.67,115.3,25.00,90.0,8.60,4.50,13.10
1231,1942.07,1.507,-199.847,50.897,25.389,50.897,-0.88,115.3,25.21,90.8,8.65,4.45,13.10
1232,1943.59,1.520,-201.273,50.882,25.917,50.882,-0.97,116.2,25.45,91.6,8.65,4.45,13.10
1233,1945.13,1.534,-202.704,50.868,26.469,50.868,-0.92,118.6,25.67,92.4,8.65,4.45,13.10
1234,1946.68,1.547,-204.139,50.853,27.046,50.853,-0.94,121.1,25.89,93.2,8.60,4.50,13.10
1235,1948.24,1.561,-205.580,50.836,27.646,50.836,-1.12,124.6,26.13,94.1,8.55,4.55,13.10
1236,1949.81,1.575,-207.026,50.818,28.271,50.818,-1.11,128.8,26.35,94.9,8.50,4.60,13.10
1237,1951.40,1.589,-208.476,50.799,28.919,50.799,-1.22,134.2,26.58,95.7,8.40,4.70,13.10
1238,1953.00,1.603,-209.932,50.777,29.589,50.777,-1.37,140.7,26.82,96.6,8.30,4.85,13.15
1239,1954.51,1.509,-211.295,50.756,30.236,50.756,-1.36,151.5,27.04,97.4,8.20,4.95,13.15
1240,1956.03,1.521,-212.662,50.736,30.902,50.736,-1.31,165.8,27.27,98.2,8.05,5.10,13.15
1241,1957.57,1.533,-214.034,50.717,31.587,50.717,-1.26,184.2,27.49,98.9,7.90,5.25,13.15
1242,1959.11,1.546,-215.411,50.697,32.288,50.697,-1.31,207.7,27.70,99.7,7.75,5.45,13.20
1243,1960.67,1.557,-216.793,50.674,33.005,50.674,-1.44,235.7,27.91,100.5,7.60,5.65,13.25
1244,1962.24,1.570,-218.182,50.651,33.737,50.651,-1.50,269.3,28.13,101.3,7.40,5.85,13.25
1245,1963.82,1.582,-219.577,50.628,34.483,50.628,-1.45,316.1,28.36,102.1,7.20,6.05,13.25
1246,1965.42,1.595,-220.979,50.606,35.243,50.606,-1.41,383.8,28.58,102.9,7.00,6.25,13.25
1247,1967.02,1.607,-222.389,50.582,36.014,50.582,-1.44,489.1,28.81,103.7,6.80,6.50,13.30
1248,1968.53,1.504,-223.706,50.561,36.739,50.561,-1.44,676.9,29.02,104.5,6.60,6.70,13.30
1249,1970.04,1.515,-225.032,50.540,37.473,50.540,-1.38,1067.8,29.24,105.3,6.35,6.95,13.30
1250,1971.57,1.527,-226.367,50.520,38.214,50.520,-1.33,2000.0,29.46,106.1,6.15,7.15,13.30
1251,1973.11,1.538,-227.711,50.500,38.961,50.500,-1.30,2000.0,29.69,106.9,5.95,7.40,13.35
1252,1974.66,1.550,-229.066,50.480,39.714,50.480,-1.24,2000.0,29.92,107.7,5.70,7.60,13.30
1253,1976.22,1.563,-230.432,50.464,40.472,50.464,-1.03,1329.2,30.16,108.6,5.50,7.85,13.35
1254,1977.80,1.576,-231.811,50.451,41.235,50.451,-0.87,958.8,30.42,109.5,5.25,8.10,13.35
1255,1979.39,1.589,-233.204,50.439,42.001,50.439,-0.70,783.2,30.68,110.4,5.00,8.30,13.30
1256,1980.99,1.603,-234.610,50.428,42.771,50.428,-0.71,675.8,30.97,111.5,4.80,8.55,13.35
1257,1982.61,1.619,-236.031,50.418,43.544,50.418,-0.64,605.1,31.26,112.5,4.55,8.75,13.30
1258,1984.11,1.508,-237.357,50.407,44.261,50.407,-0.71,568.5,31.53,113.5,4.35,8.95,13.30
1259,1985.63,1.518,-238.694,50.393,44.980,50.393,-0.92,551.5,31.75,114.3,4.15,9.15,13.30
1260,1987.17,1.532,-240.045,50.376,45.702,50.376,-1.12,545.7,32.05,115.4,3.95,7.60,11.55
1261,1988.71,1.544,-241.410,50.359,46.425,50.359,-1.07,559.6,32.22,116.0,3.75,7.80,11.55
1262,1990.25,1.542,-242.775,50.345,47.143,50.345,-0.91,598.9,32.00,115.2,3.60,8.00,11.60
1263,1991.78,1.524,-244.126,50.332,47.848,50.332,-0.85,654.7,31.52,113.5,3.40,8.20,11.60
1264,1993.40,1.623,-245.566,50.319,48.595,50.319,-0.83,723.3,30.94,111.4,3.20,8.35,11.55
1265,1994.99,1.593,-246.981,50.306,49.326,50.306,-0.80,799.1,30.36,109.3,3.05,8.55,11.60
1266,1996.56,1.565,-248.372,50.295,50.042,50.295,-0.69,853.9,29.86,107.5,2.85,8.75,11.60
1267,1998.09,1.538,-249.741,50.284,50.743,50.284,-0.72,844.8,29.34,105.6,2.70,8.90,11.60
1268,1999.60,1.511,-251.087,50.273,51.430,50.273,-0.74,768.0,28.82,103.8,2.55,9.05,11.60
1269,2001.20,1.598,-252.511,50.260,52.154,50.260,-0.81,635.1,28.28,101.8,2.35,9.25,11.60
1270,2002.77,1.568,-253.910,50.248,52.862,50.248,-0.75,495.0,27.76,99.9,2.20,9.40,11.60
1271,2004.31,1.540,-255.287,50.238,53.554,50.238,-0.67,373.5,27.28,98.2,2.05,9.60,11.65
1272,2005.82,1.513,-256.641,50.227,54.229,50.227,-0.73,283.6,26.82,96.5,1.90,9.75,11.65
1273,2007.42,1.593,-258.070,50.213,54.934,50.213,-0.88,215.4,26.33,94.8,1.75,9.90,11.65
1274,2008.98,1.565,-259.478,50.196,55.617,50.196,-1.07,171.1,25.86,93.1,1.60,10.00,11.60
1275,2010.52,1.536,-260.866,50.178,56.275,50.178,-1.19,140.8,25.38,91.4,1.45,10.15,11.60
1276,2012.03,1.510,-262.237,50.161,56.906,50.161,-1.14,121.7,24.97,89.9,1.35,10.25,11.60
1277,2013.61,1.584,-263.684,50.140,57.549,50.140,-1.30,107.4,24.55,88.4,1.25,10.30,11.55
1278,2015.17,1.558,-265.118,50.119,58.159,50.119,-1.37,98.5,24.17,87.0,1.20,10.35,11.55
1279,2016.70,1.534,-266.538,50.092,58.737,50.092,-1.75,92.6,23.79,85.6,1.15,10.40,11.55
1280,2018.21,1.510,-267.946,50.063,59.281,50.063,-1.94,89.7,23.41,84.3,1.15,10.40,11.55
1281,2019.79,1.579,-269.428,50.027,59.825,50.027,-2.23,88.3,23.05,83.0,1.15,10.40,11.55
1282,2021.35,1.554,-270.896,49.988,60.333,49.988,-2.50,89.7,22.70,81.7,1.20,10.35,11.55
1283,2022.88,1.532,-272.353,49.949,60.806,49.949,-2.56,93.2,22.41,80.7,1.25,10.30,11.55
1284,2024.39,1.515,-273.801,49.909,61.249,49.909,-2.68,98.7,22.17,79.8,1.35,10.20,11.55
1285,2025.90,1.502,-275.244,49.867,61.666,49.867,-2.77,105.2,22.04,79.3,1.50,10.10,11.60
1286,2027.48,1.584,-276.771,49.819,62.084,49.819,-3.05,111.1,21.98,79.1,1.65,9.95,11.60
1287,2029.06,1.580,-278.300,49.766,62.480,49.766,-3.31,115.3,21.93,78.9,1.80,9.80,11.60
1288,2030.64,1.577,-279.831,49.712,62.856,49.712,-3.46,116.6,21.88,78.8,2.00,9.65,11.65
1289,2032.21,1.574,-281.364,49.656,63.211,49.656,-3.58,114.9,21.84,78.6,2.20,9.85,12.05
1290,2033.78,1.571,-282.897,49.598,63.545,49.598,-3.68,110.8,21.80,78.5,2.40,9.65,12.05
1291,2035.35,1.568,-284.432,49.537,63.858,49.537,-3.88,105.9,21.75,78.3,2.65,9.40,12.05
1292,2036.92,1.565,-285.969,49.475,64.148,49.475,-3.93,100.5,21.71,78.2,2.95,9.15,12.10
1293,2038.48,1.562,-287.506,49.412,64.413,49.412,-4.07,94.8,21.67,78.0,3.20,8.90,12.10
1294,2040.04,1.558,-289.044,49.345,64.654,49.345,-4.28,89.2,21.63,77.9,3.50,8.65,12.15
1295,2041.59,1.556,-290.585,49.278,64.868,49.278,-4.34,84.2,21.61,77.8,3.75,8.40,12.15
1296,2043.15,1.555,-292.127,49.210,65.053,49.210,-4.39,80.0,21.60,77.8,4.05,8.15,12.20
1297,2044.70,1.555,-293.673,49.142,65.208,49.142,-4.37,76.3,21.61,77.8,4.35,7.85,12.20
1298,2046.26,1.556,-295.223,49.075,65.330,49.075,-4.29,73.3,21.62,77.8,4.65,7.60,12.25
1299,2047.82,1.558,-296.777,49.010,65.418,49.010,-4.21,70.7,21.65,77.9,5.00,7.30,12.30
1300,2049.38,1.560,-298.335,48.943,65.473,48.943,-4.24,68.4,21.68,78.1,5.30,6.95,12.25
1301,2050.94,1.563,-299.895,48.874,65.493,48.874,-4.44,66.6,21.72,78.2,5.65,6.60,12.25
1302,2052.51,1.566,-301.460,48.804,65.476,48.804,-4.52,65.4,21.77,78.4,6.00,6.25,12.25
1303,2054.07,1.570,-303.027,48.732,65.419,48.732,-4.57,64.4,21.83,78.6,6.35,5.90,12.25
1304,2055.65,1.574,-304.596,48.660,65.322,48.660,-4.60,64.3,21.89,78.8,6.65,5.55,12.20
1305,2057.23,1.578,-306.166,48.588,65.184,48.588,-4.56,64.9,21.96,79.0,6.90,5.20,12.10
1306,2058.81,1.584,-307.739,48.513,65.008,48.513,-4.71,66.0,22.04,79.3,7.10,4.90,12.00
1307,2060.40,1.590,-309.312,48.437,64.795,48.437,-4.78,67.6,22.12,79.6,7.35,4.60,11.95
1308,2061.91,1.507,-310.799,48.365,64.558,48.365,-4.78,70.0,22.21,79.9,7.55,4.35,11.90
1309,2063.42,1.513,-312.287,48.292,64.289,48.292,-4.84,72.5,22.30,80.3,7.75,4.10,11.85
1310,2064.94,1.520,-313.775,48.220,63.988,48.220,-4.77,74.8,22.39,80.6,7.90,3.90,11.80
1311,2066.47,1.526,-315.263,48.146,63.657,48.146,-4.83,76.9,22.49,81.0,8.05,3.75,11.80
1312,2068.00,1.533,-316.750,48.073,63.295,48.073,-4.80,78.6,22.59,81.3,8.25,3.55,11.80
1313,2069.54,1.540,-318.237,48.001,62.901,48.001,-4.68,79.5,22.69,81.7,8.40,3.40,11.80
1314,2071.09,1.546,-319.722,47.930,62.476,47.930,-4.58,80.1,22.79,82.0,8.55,3.25,11.80
1315,2072.64,1.553,-321.206,47.858,62.021,47.858,-4.61,80.2,22.89,82.4,8.70,3.10,11.80
1316,2074.20,1.560,-322.686,47.787,61.535,47.787,-4.57,80.3,22.98,82.7,8.85,2.95,11.80
1317,2075.77,1.567,-324.164,47.714,61.019,47.714,-4.71,80.1,23.08,83.1,9.00,2.75,11.75
1318,2077.34,1.573,-325.636,47.641,60.470,47.641,-4.61,79.2,23.18,83.4,9.15,2.60,11.75
1319,2078.92,1.580,-327.103,47.569,59.889,47.569,-4.58,78.5,23.27,83.8,9.30,2.45,11.75
1320,2080.51,1.586,-328.564,47.496,59.277,47.496,-4.59,77.5,23.36,84.1,9.45,2.35,11.80
1321,2082.10,1.591,-330.018,47.421,58.635,47.421,-4.75,75.9,23.43,84.3,9.60,2.20,11.80
1322,2083.69,1.596,-331.462,47.346,57.960,47.346,-4.68,74.6,23.49,84.6,9.70,2.05,11.75
1323,2085.20,1.505,-332.810,47.277,57.295,47.277,-4.62,74.0,23.53,84.7,9.80,1.95,11.75
1324,2086.70,1.507,-334.148,47.206,56.605,47.206,-4.70,73.0,23.57,84.8,9.90,1.85,11.75
1325,2088.21,1.510,-335.473,47.136,55.885,47.136,-4.65,72.3,23.61,85.0,11.45,1.80,13.25
1326,2089.73,1.512,-336.785,47.067,55.136,47.067,-4.53,72.0,23.64,85.1,11.50,1.75,13.25
1327,2091.24,1.514,-338.083,46.999,54.359,46.999,-4.54,71.4,23.68,85.2,11.55,1.70,13.25
1328,2092.76,1.517,-339.365,46.931,53.552,46.931,-4.45,70.4,23.72,85.4,11.55,1.65,13.20
1329,2094.28,1.519,-340.632,46.864,52.717,46.864,-4.46,68.9,23.75,85.5,11.60,1.65,13.25
1330,2095.80,1.521,-341.883,46.794,51.854,46.794,-4.55,67.1,23.78,85.6,11.60,1.65,13.25
1331,2097.32,1.523,-343.116,46.724,50.962,46.724,-4.66,65.3,23.82,85.7,11.60,1.65,13.25
1332,2098.85,1.525,-344.330,46.651,50.042,46.651,-4.78,64.0,23.85,85.8,11.60,1.65,13.25
1333,2100.37,1.527,-345.522,46.577,49.090,46.577,-4.83,63.2,23.87,85.9,11.60,1.65,13.25
1334,2101.90,1.529,-346.690,46.509,48.105,46.509,-4.47,63.5,23.91,86.1,11.60,1.65,13.25
1335,2103.44,1.532,-347.834,46.444,47.088,46.444,-4.24,64.4,23.96,86.2,11.60,1.65,13.25
1336,2104.97,1.535,-348.956,46.378,46.044,46.378,-4.33,65.4,24.00,86.4,11.60,1.60,13.20
1337,2106.51,1.537,-350.057,46.307,44.973,46.307,-4.57,66.1,24.04,86.6,11.60,1.65,13.25
1338,2108.05,1.540,-351.135,46.234,43.876,46.234,-4.79,66.9,24.09,86.7,11.60,1.65,13.25
1339,2109.59,1.543,-352.190,46.159,42.751,46.159,-4.83,67.4,24.13,86.9,11.60,1.65,13.25
1340,2111.14,1.546,-353.218,46.085,41.600,46.085,-4.82,68.2,24.18,87.0,11.55,1.70,13.25
1341,2112.69,1.549,-354.222,46.011,40.422,46.011,-4.80,69.7,24.23,87.2,11.50,1.70,13.20
1342,2114.24,1.553,-355.201,45.936,39.218,45.936,-4.78,71.9,24.29,87.5,11.45,1.75,13.20
1343,2115.80,1.557,-356.156,45.862,37.991,45.862,-4.81,74.2,24.36,87.7,11.40,1.85,13.25
1344,2117.36,1.561,-357.087,45.788,36.740,45.788,-4.71,77.1,24.44,88.0,11.35,1.95,13.30
1345,2118.93,1.568,-357.997,45.715,35.464,45.715,-4.65,80.4,24.58,88.5,11.20,2.05,13.25
1346,2120.51,1.580,-358.887,45.644,34.161,45.644,-4.51,83.7,24.80,89.3,11.10,2.15,13.25
1347,2122.10,1.596,-359.763,45.573,32.829,45.573,-4.45,86.8,25.06,90.2,11.00,2.30,13.30
1348,2123.61,1.511,-360.570,45.506,31.553,45.506,-4.44,90.9,25.29,91.0,10.85,2.45,13.30
1349,2125.14,1.525,-361.363,45.439,30.253,45.439,-4.41,94.9,25.52,91.9,10.70,2.60,13.30
1350,2126.68,1.539,-362.143,45.371,28.927,45.371,-4.43,98.1,25.76,92.8,10.55,2.75,13.30
1351,2128.23,1.554,-362.908,45.305,27.576,45.305,-4.27,101.5,26.01,93.6,10.35,2.95,13.30
1352,2129.80,1.569,-363.658,45.241,26.200,45.241,-4.08,105.3,26.26,94.5,10.25,3.10,13.35
1353,2131.39,1.583,-364.395,45.177,24.801,45.177,-4.06,107.8,26.51,95.4,10.00,3.30,13.30
1354,2132.98,1.598,-365.119,45.112,23.378,45.112,-4.03,109.6,26.74,96.3,9.80,3.55,13.35
1355,2134.49,1.505,-365.784,45.051,22.029,45.051,-4.08,112.4,26.98,97.1,9.60,3.75,13.35
1356,2136.01,1.518,-366.435,44.990,20.660,44.990,-4.01,115.0,27.21,97.9,9.35,4.05,13.40
1357,2137.54,1.530,-367.074,44.932,19.270,44.932,-3.78,118.3,27.43,98.7,9.15,4.30,13.45
1358,2139.08,1.543,-367.698,44.878,17.860,44.878,-3.55,122.7,27.66,99.6,8.85,4.65,13.50
1359,2140.64,1.555,-368.308,44.827,16.430,44.827,-3.23,127.4,27.88,100.4,8.55,4.55,13.10
1360,2142.20,1.568,-368.905,44.779,14.982,44.779,-3.11,131.6,28.10,101.2,8.25,4.95,13.20
1361,2143.78,1.580,-369.490,44.730,13.515,44.730,-3.07,135.2,28.32,101.9,7.85,5.35,13.20
1362,2145.38,1.592,-370.064,44.680,12.030,44.680,-3.15,136.7,28.54,102.7,7.50,5.75,13.25
1363,2146.98,1.605,-370.625,44.627,10.527,44.627,-3.28,135.6,28.77,103.6,7.10,6.15,13.25
1364,2148.49,1.502,-371.135,44.576,9.115,44.576,-3.40,134.0,28.99,104.3,6.75,6.50,13.25
1365,2150.00,1.513,-371.633,44.523,7.687,44.523,-3.54,131.2,29.20,105.1,6.35,6.85,13.20
1366,2151.52,1.525,-372.118,44.467,6.243,44.467,-3.69,128.7,29.42,105.9,6.00,7.20,13.20
1367,2153.06,1.536,-372.590,44.408,4.783,44.408,-3.85,127.9,29.64,106.7,5.70,7.50,13.20
1368,2154.61,1.548,-373.047,44.347,3.305,44.347,-3.90,129.3,29.89,107.6,5.35,7.80,13.15
1369,2156.17,1.561,-373.487,44.287,1.808,44.287,-3.84,130.3,30.14,108.5,5.05,8.10,13.15
1370,2157.74,1.574,-373.910,44.227,0.293,44.227,-3.86,131.6,30.39,109.4,4.75,8.35,13.10
1371,2159.33,1.588,-374.320,44.161,-1.240,44.161,-4.14,131.2,30.67,110.4,4.50,8.60,13.10
1372,2160.94,1.602,-374.718,44.088,-2.790,44.088,-4.59,128.4,30.92,111.3,4.25,8.80,13.05
1373,2162.55,1.616,-375.103,44.007,-4.357,44.007,-5.00,123.8,31.22,112.4,4.00,9.05,13.05
1374,2164.06,1.507,-375.443,43.930,-5.823,43.930,-5.13,121.7,31.52,113.5,3.80,9.25,13.05
1375,2165.58,1.520,-375.764,43.852,-7.307,43.852,-5.10,121.5,31.80,114.5,3.60,9.40,13.00
1376,2167.11,1.533,-376.068,43.774,-8.808,43.774,-5.12,124.1,32.07,115.4,3.40,9.55,12.95
1377,2168.66,1.545,-376.354,43.693,-10.324,43.693,-5.26,129.0,32.31,116.3,3.30,9.65,12.95
1378,2170.22,1.558,-376.625,43.607,-11.856,43.607,-5.49,135.8,32.59,117.3,3.15,9.80,12.95
1379,2171.79,1.571,-376.881,43.518,-13.404,43.518,-5.70,142.2,32.87,118.3,3.05,9.90,12.95
1380,2173.37,1.585,-377.121,43.425,-14.968,43.425,-5.88,147.8,33.13,119.3,2.95,9.95,12.90
1381,2174.97,1.597,-377.346,43.327,-16.546,43.327,-6.11,153.6,33.42,120.3,2.85,10.05,12.90
1382,2176.58,1.611,-377.556,43.227,-18.140,43.227,-6.20,162.5,33.70,121.3,2.80,10.10,12.90
1383,2178.21,1.625,-377.750,43.125,-19.751,43.125,-6.29,176.5,33.99,122.4,2.75,10.10,12.85
1384,2179.85,1.639,-377.930,43.021,-21.376,43.021,-6.37,197.5,34.26,123.3,2.75,10.15,12.90
1385,2181.36,1.514,-378.085,42.924,-22.879,42.924,-6.47,230.7,34.54,124.3,2.75,10.15,12.90
1386,2182.89,1.526,-378.231,42.824,-24.395,42.824,-6.53,280.7,34.80,125.3,2.75,10.15,12.90
1387,2184.43,1.538,-378.371,42.722,-25.923,42.722,-6.64,352.5,35.07,126.3,2.75,10.15,12.90
1388,2185.97,1.549,-378.505,42.619,-27.463,42.619,-6.67,460.7,35.33,127.2,2.75,10.10,12.85
1389,2187.54,1.562,-378.635,42.515,-29.016,42.515,-6.69,630.7,35.62,128.2,2.75,10.10,12.85
1390,2189.11,1.573,-378.763,42.410,-30.580,42.410,-6.67,900.4,35.87,129.1,2.80,10.10,12.90
1391,2190.70,1.585,-378.889,42.304,-32.156,42.304,-6.74,1360.4,36.14,130.1,2.80,10.05,12.85
1392,2192.29,1.597,-379.014,42.196,-33.745,42.196,-6.74,2000.0,36.40,131.1,2.85,10.00,12.85
1393,2193.90,1.608,-379.140,42.088,-35.344,42.088,-6.76,2000.0,36.67,132.0,2.85,10.00,12.85
1394,2195.52,1.620,-379.267,41.978,-36.956,41.978,-6.77,2000.0,36.94,133.0,2.90,9.95,12.85
1395,2197.15,1.631,-379.394,41.868,-38.578,41.868,-6.78,2000.0,37.19,133.9,2.90,9.95,12.85
1396,2198.80,1.643,-379.523,41.756,-40.212,41.756,-6.83,2000.0,37.46,134.9,2.95,9.90,12.85
1397,2200.30,1.504,-379.641,41.654,-41.708,41.654,-6.80,2000.0,37.70,135.7,3.00,9.90,12.90
1398,2201.81,1.513,-379.759,41.552,-43.212,41.552,-6.76,2000.0,37.93,136.5,3.00,9.85,12.85
1399,2203.34,1.523,-379.879,41.449,-44.727,41.449,-6.75,2000.0,38.18,137.5,3.05,9.85,12.90
1400,2204.87,1.532,-379.998,41.347,-46.251,41.347,-6.68,2000.0,38.41,138.3,3.05,9.80,12.85
1401,2206.41,1.541,-380.119,41.244,-47.784,41.244,-6.70,2000.0,38.63,139.1,3.10,9.75,12.85
1402,2207.96,1.551,-380.239,41.141,-49.327,41.141,-6.64,2000.0,38.88,140.0,3.10,9.75,12.85
1403,2209.52,1.560,-380.360,41.040,-50.879,41.040,-6.52,2000.0,39.12,140.8,3.15,9.70,12.85
1404,2211.09,1.570,-380.481,40.939,-52.441,40.939,-6.45,2000.0,39.35,141.7,3.15,9.70,12.85
1405,2212.67,1.579,-380.603,40.839,-54.012,40.839,-6.37,2000.0,39.56,142.4,3.20,9.65,12.85
1406,2214.26,1.588,-380.724,40.737,-55.592,40.737,-6.38,2000.0,39.81,143.3,3.20,9.60,12.80
1407,2215.86,1.598,-380.846,40.637,-57.182,40.637,-6.33,2000.0,40.04,144.2,3.25,9.60,12.85
1408,2217.46,1.607,-380.969,40.535,-58.781,40.535,-6.33,2000.0,40.25,144.9,3.30,9.55,12.85
1409,2219.08,1.615,-381.092,40.432,-60.388,40.432,-6.41,2000.0,40.48,145.7,3.30,9.50,12.80
1410,2220.70,1.625,-381.215,40.328,-62.004,40.328,-6.38,2000.0,40.73,146.6,3.35,9.50,12.85
1411,2222.34,1.634,-381.340,40.226,-63.631,40.226,-6.27,2000.0,40.96,147.5,3.35,9.45,12.80
1412,2223.98,1.644,-381.466,40.125,-65.266,40.125,-6.15,2000.0,41.20,148.3,3.40,9.45,12.85
1413,2225.64,1.653,-381.592,40.026,-66.911,40.026,-5.99,2000.0,41.42,149.1,3.45,9.40,12.85
1414,2227.30,1.662,-381.719,39.929,-68.565,39.929,-5.86,2000.0,41.65,149.9,3.45,9.35,12.80
1415,2228.80,1.503,-381.835,39.842,-70.062,39.842,-5.80,2000.0,41.84,150.6,3.50,9.35,12.85
1416,2230.31,1.510,-381.952,39.754,-71.565,39.754,-5.82,2000.0,42.04,151.3,3.50,9.30,12.80
1417,2231.83,1.518,-382.070,39.666,-73.075,39.666,-5.84,2000.0,42.24,152.1,3.55,9.25,12.80
1418,2233.35,1.524,-382.190,39.575,-74.592,39.575,-5.93,1967.5,42.42,152.7,3.55,9.25,12.80
1419,2234.89,1.531,-382.311,39.483,-76.116,39.483,-6.02,1649.7,42.63,153.5,3.60,9.20,12.80
1420,2236.43,1.539,-382.434,39.390,-77.647,39.390,-6.07,1414.3,42.83,154.2,3.60,9.20,12.80
1421,2237.97,1.546,-382.559,39.297,-79.185,39.297,-6.04,1257.9,43.03,154.9,3.65,9.15,12.80
1422,2239.53,1.554,-382.688,39.204,-80.730,39.204,-5.99,1151.7,43.26,155.7,3.65,9.15,12.80
1423,2241.09,1.561,-382.819,39.113,-82.283,39.113,-5.85,1084.1,43.45,156.4,3.65,9.15,12.80
1424,2242.66,1.568,-382.953,39.023,-83.843,39.023,-5.75,1039.1,43.65,157.1,3.70,9.10,12.80
1425,2244.23,1.575,-383.090,38.934,-85.410,38.934,-5.69,1007.9,43.84,157.8,2.20,9.10,11.30
1426,2245.81,1.581,-383.230,38.843,-86.982,38.843,-5.71,982.3,44.02,158.5,2.20,9.10,11.30
1427,2247.40,1.589,-383.373,38.753,-88.562,38.753,-5.73,965.4,44.21,159.2,2.20,9.10,11.30
1428,2249.00,1.596,-383.520,38.662,-90.148,38.662,-5.69,961.2,44.42,159.9,2.20,9.05,11.25
1429,2250.60,1.603,-383.670,38.573,-91.742,38.573,-5.55,980.4,44.63,160.7,2.20,9.05,11.25
1430,2252.21,1.611,-383.823,38.486,-93.343,38.486,-5.40,1024.0,44.83,161.4,2.20,9.05,11.25
1431,2253.83,1.617,-383.980,38.401,-94.951,38.401,-5.26,1099.2,45.01,162.1,2.20,9.05,11.25
1432,2255.45,1.624,-384.141,38.318,-96.565,38.318,-5.14,1204.7,45.20,162.7,2.20,9.05,11.25
1433,2257.09,1.631,-384.304,38.236,-98.186,38.236,-5.06,1333.1,45.40,163.4,2.20,9.10,11.30
1434,2258.72,1.638,-384.470,38.153,-99.813,38.153,-5.03,1470.0,45.58,164.1,2.15,9.10,11.25
1435,2260.37,1.644,-384.638,38.070,-101.447,38.070,-5.06,1618.9,45.74,164.7,2.15,9.10,11.25
1436,2262.02,1.651,-384.808,37.987,-103.087,37.987,-5.06,1769.1,45.95,165.4,2.15,9.10,11.25
1437,2263.68,1.658,-384.981,37.904,-104.734,37.904,-4.98,1912.7,46.16,166.2,2.15,9.10,11.25
1438,2265.34,1.666,-385.156,37.823,-106.389,37.823,-4.89,2000.0,46.35,166.9,2.10,9.15,11.25
1439,2267.02,1.672,-385.333,37.742,-108.049,37.742,-4.87,2000.0,46.52,167.5,2.10,9.15,11.25
1440,2268.70,1.679,-385.511,37.659,-109.716,37.659,-4.90,2000.0,46.72,168.2,2.10,9.15,11.25
1441,2270.38,1.685,-385.692,37.577,-111.390,37.577,-4.90,2000.0,46.89,168.8,2.05,9.20,11.25
1442,2271.89,1.503,-385.854,37.503,-112.883,37.503,-4.92,2000.0,47.06,169.4,2.05,9.20,11.25
1443,2273.39,1.509,-386.017,37.430,-114.382,37.430,-4.86,2000.0,47.24,170.1,2.00,9.20,11.20
1444,2274.91,1.515,-386.181,37.358,-115.886,37.358,-4.74,2000.0,47.40,170.7,2.00,9.25,11.25
1445,2276.43,1.520,-386.347,37.287,-117.395,37.287,-4.70,2000.0,47.59,171.3,1.95,9.25,11.20
1446,2277.96,1.525,-386.513,37.216,-118.910,37.216,-4.65,2000.0,47.71,171.8,1.95,9.30,11.25
1447,2279.49,1.530,-386.681,37.143,-120.428,37.143,-4.77,2000.0,47.88,172.4,1.95,9.30,11.25
1448,2281.02,1.535,-386.848,37.069,-121.952,37.069,-4.81,2000.0,48.02,172.9,1.90,9.30,11.20
1449,2282.56,1.540,-387.016,36.995,-123.481,36.995,-4.84,2000.0,48.20,173.5,1.90,9.35,11.25
1450,2284.11,1.546,-387.185,36.920,-125.016,36.920,-4.83,2000.0,48.37,174.1,1.85,9.35,11.20
1451,2285.66,1.550,-387.353,36.846,-126.555,36.846,-4.79,2000.0,48.52,174.7,1.85,9.40,11.25
1452,2287.21,1.556,-387.521,36.773,-128.100,36.773,-4.72,2000.0,48.71,175.3,1.80,9.40,11.20
1453,2288.78,1.561,-387.689,36.701,-129.651,36.701,-4.58,2000.0,48.87,175.9,1.80,9.40,11.20
1454,2290.34,1.567,-387.857,36.632,-131.208,36.632,-4.43,2000.0,49.03,176.5,1.80,9.45,11.25
1455,2291.92,1.572,-388.024,36.564,-132.769,36.564,-4.35,2000.0,49.19,177.1,1.75,9.45,11.20
1456,2293.49,1.576,-388.190,36.495,-134.335,36.495,-4.32,2000.0,49.31,177.5,1.75,9.45,11.20
1457,2295.07,1.581,-388.356,36.427,-135.906,36.427,-4.35,2000.0,49.50,178.2,1.75,9.45,11.20
1458,2296.66,1.587,-388.521,36.358,-137.483,36.358,-4.34,2000.0,49.65,178.7,1.70,9.50,11.20
1459,2298.25,1.591,-388.686,36.288,-139.064,36.288,-4.39,2000.0,49.76,179.1,1.70,9.50,11.20
1460,2299.85,1.596,-388.850,36.217,-140.649,36.217,-4.47,2000.0,49.95,179.8,1.70,9.50,11.20
1461,2301.45,1.601,-389.013,36.146,-142.241,36.146,-4.40,1980.5,50.10,180.4,1.70,9.50,11.20
1462,2303.06,1.606,-389.176,36.076,-143.837,36.076,-4.38,1953.7,50.29,181.0,1.65,9.50,11.15
1463,2304.67,1.612,-389.338,36.007,-145.440,36.007,-4.27,1988.5,50.42,181.5,1.65,9.55,11.20
1464,2306.28,1.617,-389.498,35.940,-147.047,35.940,-4.21,2000.0,50.59,182.1,1.65,9.55,11.20
1465,2307.91,1.622,-389.658,35.873,-148.660,35.873,-4.12,2000.0,50.76,182.7,1.65,9.55,11.20
1466,2309.53,1.626,-389.817,35.806,-150.277,35.806,-4.10,2000.0,50.88,183.2,1.65,9.55,11.20
1467,2311.17,1.631,-389.976,35.738,-151.899,35.738,-4.16,2000.0,51.03,183.7,1.65,9.55,11.20
1468,2312.80,1.635,-390.133,35.670,-153.525,35.670,-4.16,2000.0,51.18,184.2,1.65,9.55,11.20
1469,2314.44,1.641,-390.291,35.603,-155.157,35.603,-4.09,2000.0,51.37,184.9,1.65,9.55,11.20
1470,2316.09,1.647,-390.448,35.538,-156.795,35.538,-3.99,2000.0,51.52,185.5,1.65,9.55,11.20
1471,2317.74,1.651,-390.604,35.472,-158.438,35.472,-4.00,2000.0,51.65,186.0,1.65,9.55,11.20
1472,2319.40,1.655,-390.761,35.404,-160.084,35.404,-4.09,2000.0,51.77,186.4,1.65,9.55,11.20
1473,2321.06,1.660,-390.917,35.335,-161.734,35.335,-4.15,2000.0,51.94,187.0,1.65,9.55,11.20
1474,2322.72,1.666,-391.074,35.267,-163.391,35.267,-4.12,2000.0,52.12,187.6,1.65,9.55,11.20
1475,2324.39,1.670,-391.231,35.198,-165.053,35.198,-4.10,2000.0,52.25,188.1,1.65,9.50,11.15
1476,2326.07,1.675,-391.388,35.130,-166.718,35.130,-4.09,2000.0,52.40,188.6,1.65,9.50,11.15
1477,2327.75,1.680,-391.546,35.063,-168.390,35.063,-3.98,2000.0,52.59,189.3,1.65,9.50,11.15
1478,2329.43,1.686,-391.703,34.999,-170.067,34.999,-3.79,2000.0,52.75,189.9,1.65,9.50,11.15
1479,2331.12,1.691,-391.862,34.938,-171.749,34.938,-3.65,2000.0,52.89,190.4,1.65,9.50,11.15
1480,2332.82,1.695,-392.020,34.876,-173.435,34.876,-3.60,2000.0,53.02,190.9,1.65,9.50,11.15
1481,2334.52,1.699,-392.179,34.816,-175.126,34.816,-3.59,2000.0,53.17,191.4,1.65,9.50,11.15
1482,2336.22,1.704,-392.339,34.754,-176.821,34.754,-3.59,2000.0,53.32,192.0,1.65,9.50,11.15
1483,2337.93,1.708,-392.499,34.692,-178.521,34.692,-3.64,2000.0,53.43,192.4,1.65,9.50,11.15
1484,2339.64,1.712,-392.659,34.628,-180.224,34.628,-3.74,2000.0,53.57,192.9,1.65,9.50,11.15
1485,2341.15,1.502,-392.800,34.571,-181.719,34.571,-3.81,2000.0,53.73,193.4,1.65,9.50,11.15
1486,2342.65,1.506,-392.941,34.513,-183.218,34.513,-3.83,2000.0,53.84,193.8,1.65,9.45,11.10
1487,2344.16,1.509,-393.083,34.455,-184.719,34.455,-3.90,2000.0,53.95,194.2,1.65,9.45,11.10
1488,2345.68,1.512,-393.225,34.395,-186.224,34.395,-3.97,2000.0,54.09,194.7,1.65,9.45,11.10
1489,2347.19,1.517,-393.368,34.335,-187.733,34.335,-3.91,2000.0,54.23,195.2,1.65,9.45,11.10
1490,2348.71,1.521,-393.512,34.278,-189.246,34.278,-3.81,2000.0,54.37,195.7,1.65,9.45,11.10
1491,2350.24,1.525,-393.657,34.222,-190.763,34.222,-3.63,2000.0,54.51,196.2,1.65,9.45,11.10
1492,2351.77,1.528,-393.803,34.170,-192.283,34.170,-3.41,2000.0,54.65,196.7,1.65,9.45,11.10
1493,2353.30,1.532,-393.950,34.122,-193.808,34.122,-3.16,2000.0,54.77,197.2,1.65,9.45,11.10
1494,2354.84,1.535,-394.099,34.076,-195.335,34.076,-2.97,2000.0,54.89,197.6,1.65,9.45,11.10
1495,2356.38,1.539,-394.249,34.033,-196.866,34.033,-2.83,2000.0,55.00,198.0,1.65,9.45,11.10
1496,2357.92,1.542,-394.400,33.991,-198.400,33.991,-2.72,1986.0,55.12,198.4,1.65,9.45,11.10
1497,2359.46,1.545,-394.553,33.950,-199.937,33.950,-2.62,1908.0,55.24,198.9,1.65,9.45,11.10
1498,2361.01,1.549,-394.708,33.912,-201.477,33.912,-2.50,1871.4,55.36,199.3,1.65,9.45,11.10
1499,2362.56,1.552,-394.864,33.875,-203.021,33.875,-2.36,1883.1,55.48,199.7,1.65,9.50,11.15
1500,2364.12,1.556,-395.022,33.840,-204.568,33.840,-2.24,1928.4,55.61,200.2,1.60,9.50,11.10
1501,2365.68,1.559,-395.182,33.807,-206.118,33.807,-2.14,1997.3,55.71,200.6,1.60,9.50,11.10
1502,2367.24,1.562,-395.343,33.773,-207.671,33.773,-2.16,2000.0,55.82,201.0,1.60,9.50,11.10
1503,2368.81,1.565,-395.506,33.739,-209.227,33.739,-2.20,2000.0,55.91,201.3,1.60,9.50,11.10
1504,2370.37,1.567,-395.670,33.703,-210.785,33.703,-2.29,2000.0,56.00,201.6,1.55,9.55,11.10
1505,2371.94,1.570,-395.835,33.666,-212.346,33.666,-2.35,2000.0,56.15,202.2,1.55,9.55,11.10
1506,2373.52,1.574,-396.002,33.629,-213.911,33.629,-2.32,2000.0,56.27,202.6,1.55,9.55,11.10
1507,2375.10,1.577,-396.171,33.592,-215.479,33.592,-2.37,2000.0,56.39,203.0,1.50,9.60,11.10
1508,2376.68,1.581,-396.341,33.554,-217.050,33.554,-2.38,2000.0,56.49,203.4,1.50,9.60,11.10
1509,2378.26,1.583,-396.512,33.516,-218.624,33.516,-2.45,2000.0,56.60,203.8,1.45,9.60,11.05
1510,2379.85,1.587,-396.684,33.476,-220.201,33.476,-2.47,2000.0,56.73,204.2,1.45,9.65,11.10
1511,2381.44,1.590,-396.858,33.437,-221.781,33.437,-2.46,2000.0,56.83,204.6,1.45,9.65,11.10
1512,2383.03,1.594,-397.033,33.398,-223.364,33.398,-2.44,2000.0,56.97,205.1,1.40,9.70,11.10
1513,2384.63,1.597,-397.210,33.361,-224.951,33.361,-2.35,2000.0,57.07,205.5,1.40,9.70,11.10
1514,2386.23,1.600,-397.387,33.324,-226.541,33.324,-2.29,2000.0,57.20,205.9,1.35,9.70,11.05
1515,2387.83,1.603,-397.565,33.290,-228.134,33.290,-2.16,2000.0,57.31,206.3,1.35,9.75,11.10
1516,2389.44,1.607,-397.743,33.257,-229.730,33.257,-2.02,2000.0,57.44,206.8,1.30,9.75,11.05
1517,2391.05,1.610,-397.921,33.227,-231.330,33.227,-1.89,2000.0,57.55,207.2,1.30,9.80,11.10
1518,2392.66,1.613,-398.099,33.196,-232.933,33.196,-1.87,2000.0,57.63,207.5,1.25,9.80,11.05
1519,2394.28,1.615,-398.277,33.165,-234.538,33.165,-1.92,2000.0,57.73,207.8,1.25,9.85,11.10
1520,2395.90,1.618,-398.453,33.134,-236.146,33.134,-1.93,1636.3,57.82,208.2,1.20,9.85,11.05
1521,2397.52,1.621,-398.629,33.103,-237.757,33.103,-1.95,1319.2,57.97,208.7,1.20,9.90,11.10
1522,2399.14,1.624,-398.803,33.072,-239.372,33.072,-1.91,1112.6,58.03,208.9,1.15,9.90,11.05
1523,2400.77,1.627,-398.974,33.041,-240.989,33.041,-1.90,974.6,58.13,209.3,1.15,9.90,11.05
1524,2402.40,1.628,-399.143,33.011,-242.608,33.011,-1.82,885.3,58.14,209.3,1.15,9.90,11.05
1525,2404.03,1.627,-399.309,32.983,-244.226,32.983,-1.70,838.5,58.08,209.1,1.10,9.95,11.05
1526,2405.65,1.624,-399.471,32.958,-245.842,32.958,-1.58,822.3,57.97,208.7,1.10,9.95,11.05
1527,2407.27,1.621,-399.629,32.933,-247.456,32.933,-1.52,821.4,57.85,208.3,1.10,9.95,11.05
1528,2408.89,1.618,-399.784,32.909,-249.066,32.909,-1.49,821.0,57.70,207.7,1.10,9.95,11.05
1529,2410.50,1.614,-399.935,32.887,-250.672,32.887,-1.37,826.2,57.58,207.3,1.10,9.95,11.05
1530,2412.12,1.610,-400.083,32.865,-252.275,32.865,-1.36,820.7,57.45,206.8,1.10,9.95,11.05
1531,2413.72,1.607,-400.228,32.843,-253.876,32.843,-1.38,811.0,57.35,206.5,1.10,9.90,11.00
1532,2415.33,1.604,-400.369,32.820,-255.473,32.820,-1.43,792.2,57.19,205.9,1.15,9.90,11.05
1533,2416.93,1.599,-400.507,32.798,-257.066,32.798,-1.35,776.4,57.06,205.4,1.15,9.90,11.05
1534,2418.52,1.595,-400.640,32.778,-258.655,32.778,-1.29,754.4,56.91,204.9,1.15,9.85,11.00
1535,2420.11,1.592,-400.771,32.757,-260.242,32.757,-1.29,728.0,56.81,204.5,1.20,9.85,11.05
1536,2421.70,1.589,-400.898,32.735,-261.825,32.735,-1.37,693.6,56.68,204.0,1.20,9.80,11.00
1537,2423.29,1.585,-401.021,32.713,-263.405,32.713,-1.38,663.0,56.55,203.6,1.25,9.80,11.05
1538,2424.87,1.580,-401.140,32.692,-264.981,32.692,-1.34,634.6,56.38,203.0,1.25,9.75,11.00
1539,2426.45,1.577,-401.255,32.673,-266.554,32.673,-1.21,614.0,56.25,202.5,1.30,9.70,11.00
1540,2428.02,1.573,-401.365,32.655,-268.122,32.655,-1.13,606.0,56.12,202.0,1.35,9.70,11.05
1541,2429.59,1.570,-401.471,32.639,-269.688,32.639,-1.08,609.2,56.00,201.6,1.40,9.65,11.05
1542,2431.15,1.566,-401.572,32.623,-271.251,32.623,-1.02,618.7,55.85,201.1,1.45,9.60,11.05
1543,2432.72,1.561,-401.669,32.609,-272.809,32.609,-0.86,636.8,55.70,200.5,1.50,9.55,11.05
1544,2434.27,1.558,-401.762,32.598,-274.364,32.598,-0.73,652.2,55.59,200.1,1.55,9.45,11.00
1545,2435.83,1.555,-401.852,32.587,-275.916,32.587,-0.72,652.5,55.49,199.8,1.60,9.40,11.00
1546,2437.38,1.552,-401.938,32.574,-277.466,32.574,-0.80,631.6,55.36,199.3,1.65,9.35,11.00
1547,2438.93,1.548,-402.020,32.562,-279.011,32.562,-0.82,600.1,55.23,198.8,1.75,9.30,11.05
1548,2440.47,1.544,-402.098,32.549,-280.553,32.549,-0.84,559.3,55.09,198.3,1.80,9.20,11.00
1549,2442.02,1.541,-402.172,32.536,-282.092,32.536,-0.79,523.3,54.97,197.9,1.90,9.15,11.05
1550,2443.55,1.537,-402.242,32.525,-283.627,32.525,-0.73,496.9,54.81,197.3,1.95,9.05,11.00
1551,2445.09,1.533,-402.305,32.517,-285.158,32.517,-0.56,485.6,54.68,196.9,2.05,9.00,11.05
1552,2446.61,1.529,-402.364,32.510,-286.686,32.510,-0.42,484.7,54.55,196.4,2.15,8.90,11.05
1553,2448.14,1.525,-402.417,32.506,-288.211,32.506,-0.30,493.8,54.43,195.9,2.25,8.80,11.05
1554,2449.66,1.522,-402.466,32.502,-289.732,32.502,-0.25,508.7,54.30,195.5,2.35,8.70,11.05
1555,2451.18,1.519,-402.510,32.499,-291.250,32.499,-0.22,526.2,54.18,195.1,2.45,8.60,11.05
1556,2452.70,1.515,-402.549,32.495,-292.765,32.495,-0.25,542.9,54.07,194.6,2.55,8.50,11.05
1557,2454.21,1.512,-402.585,32.490,-294.276,32.490,-0.32,545.4,53.95,194.2,2.65,8.40,11.05
1558,2455.72,1.509,-402.616,32.483,-295.785,32.483,-0.43,532.9,53.84,193.8,2.80,8.25,11.05
1559,2457.22,1.506,-402.644,32.475,-297.290,32.475,-0.57,508.9,53.72,193.4,2.90,8.15,11.05
1560,2458.73,1.502,-402.667,32.465,-298.792,32.465,-0.69,480.8,53.60,192.9,3.05,8.05,11.10
1561,2460.44,1.712,-402.687,32.451,-300.504,32.451,-0.77,442.8,53.44,192.4,3.20,7.90,11.10
1562,2462.15,1.707,-402.701,32.438,-302.211,32.438,-0.80,412.4,53.29,191.8,3.35,7.75,11.10
1563,2463.85,1.703,-402.706,32.424,-303.914,32.424,-0.82,387.7,53.15,191.3,3.50,7.60,11.10
1564,2465.55,1.698,-402.704,32.409,-305.612,32.409,-0.86,367.1,53.00,190.8,3.65,7.45,11.10
1565,2467.24,1.693,-402.694,32.394,-307.305,32.394,-0.90,348.9,52.86,190.3,3.85,7.25,11.10
1566,2468.93,1.689,-402.676,32.378,-308.994,32.378,-0.94,335.3,52.72,189.8,4.05,7.10,11.15
1567,2470.62,1.684,-402.650,32.362,-310.678,32.362,-0.97,321.5,52.57,189.2,4.20,6.90,11.10
1568,2472.30,1.680,-402.615,32.346,-312.357,32.346,-0.97,309.0,52.42,188.7,4.40,6.70,11.10
1569,2473.97,1.675,-402.571,32.330,-314.031,32.330,-0.95,297.9,52.27,188.2,4.60,6.50,11.10
1570,2475.64,1.670,-402.518,32.314,-315.700,32.314,-0.91,288.1,52.12,187.6,4.80,6.30,11.10
1571,2477.31,1.665,-402.456,32.300,-317.365,32.300,-0.88,280.1,51.98,187.1,5.05,6.10,11.15
1572,2478.97,1.661,-402.383,32.286,-319.023,32.286,-0.85,275.2,51.83,186.6,5.25,6.00,11.25
1573,2480.62,1.656,-402.301,32.273,-320.677,32.273,-0.79,272.3,51.67,186.0,5.45,5.90,11.35
1574,2482.28,1.651,-402.209,32.261,-322.326,32.261,-0.70,272.2,51.53,185.5,5.70,5.75,11.45
1575,2483.92,1.646,-402.107,32.251,-323.969,32.251,-0.62,274.7,51.38,185.0,5.95,5.75,11.70
1576,2485.56,1.642,-401.995,32.242,-325.606,32.242,-0.55,278.8,51.24,184.5,6.20,5.75,11.95
1577,2487.20,1.637,-401.875,32.233,-327.239,32.233,-0.53,282.6,51.10,184.0,6.45,5.60,12.05
1578,2488.83,1.633,-401.745,32.225,-328.866,32.225,-0.49,287.2,50.96,183.5,6.70,5.40,12.10
1579,2490.46,1.628,-401.607,32.217,-330.489,32.217,-0.48,290.6,50.81,182.9,7.00,5.15,12.15
1580,2492.09,1.624,-401.460,32.210,-332.106,32.210,-0.45,292.5,50.68,182.5,7.25,4.95,12.20
1581,2493.71,1.619,-401.304,32.204,-333.717,32.204,-0.41,291.8,50.54,181.9,7.50,4.75,12.25
1582,2495.32,1.615,-401.140,32.197,-335.324,32.197,-0.38,289.0,50.39,181.4,7.80,4.55,12.35
1583,2496.93,1.610,-400.969,32.191,-336.925,32.191,-0.38,284.1,50.27,181.0,8.00,4.40,12.40
1584,2498.54,1.606,-400.789,32.185,-338.521,32.185,-0.40,277.8,50.13,180.5,8.20,4.20,12.40
1585,2500.14,1.602,-400.601,32.179,-340.111,32.179,-0.38,271.5,49.98,179.9,8.45,4.05,12.50
1586,2501.74,1.596,-400.403,32.175,-341.695,32.175,-0.25,267.5,49.83,179.4,8.65,3.95,12.60
1587,2503.33,1.592,-400.195,32.174,-343.274,32.174,-0.09,264.0,49.70,178.9,8.85,3.80,12.65
1588,2504.92,1.588,-399.980,32.173,-344.847,32.173,-0.02,260.3,49.56,178.4,9.00,3.70,12.70
1589,2506.50,1.584,-399.756,32.174,-346.414,32.174,0.04,257.9,49.43,178.0,9.20,3.60,12.80
1590,2508.08,1.579,-399.523,32.175,-347.977,32.175,0.06,256.0,49.29,177.4,9.35,3.50,12.85
1591,2509.66,1.575,-399.281,32.177,-349.532,32.177,0.14,254.4,49.14,176.9,9.45,3.40,12.85
1592,2511.23,1.570,-399.030,32.182,-351.082,32.182,0.30,254.2,49.00,176.4,9.60,3.35,12.95
1593,2512.79,1.566,-398.769,32.188,-352.626,32.188,0.40,254.6,48.86,175.9,9.75,3.30,13.05
1594,2514.35,1.562,-398.500,32.195,-354.164,32.195,0.45,253.5,48.75,175.5,9.85,3.20,13.05
1595,2515.91,1.557,-398.224,32.201,-355.697,32.201,0.41,251.1,48.61,175.0,9.95,3.15,13.10
1596,2517.47,1.553,-397.939,32.208,-357.223,32.208,0.41,246.4,48.47,174.5,10.05,3.10,13.15
1597,2519.01,1.548,-397.645,32.215,-358.744,32.215,0.48,242.2,48.33,174.0,10.15,3.10,13.25
1598,2520.56,1.544,-397.342,32.224,-360.258,32.224,0.57,238.5,48.19,173.5,10.25,3.05,13.30
1599,2522.10,1.540,-397.030,32.234,-361.765,32.234,0.65,237.2,48.06,173.0,10.30,3.05,13.35
1600,2523.64,1.535,-396.709,32.244,-363.267,32.244,0.69,236.8,47.92,172.5,10.40,3.00,13.40
1601,2525.17,1.531,-396.379,32.256,-364.762,32.256,0.76,238.3,47.79,172.0,10.45,2.95,13.40
1602,2526.69,1.527,-396.041,32.268,-366.251,32.268,0.79,238.4,47.68,171.6,10.50,2.95,13.45
1603,2528.22,1.524,-395.693,32.281,-367.735,32.281,0.85,238.6,47.60,171.4,10.55,2.90,13.45
1604,2529.74,1.522,-395.338,32.294,-369.215,32.294,0.86,237.3,47.54,171.1,10.60,2.90,13.50
1605,2531.26,1.521,-394.973,32.308,-370.691,32.308,0.88,236.1,47.51,171.0,10.65,2.85,13.50
1606,2532.78,1.520,-394.598,32.322,-372.164,32.322,0.93,236.3,47.50,171.0,10.65,2.85,13.50
1607,2534.30,1.521,-394.214,32.337,-373.635,32.337,1.00,238.7,47.53,171.1,10.60,2.85,13.45
1608,2535.83,1.522,-393.820,32.354,-375.105,32.354,1.09,243.8,47.59,171.3,10.60,2.85,13.45
1609,2537.35,1.524,-393.416,32.372,-376.575,32.372,1.18,251.7,47.68,171.6,10.55,2.90,13.45
1610,2538.88,1.527,-393.001,32.391,-378.045,32.391,1.28,261.9,47.78,172.0,10.50,2.95,13.45
1611,2540.41,1.531,-392.577,32.411,-379.516,32.411,1.32,271.9,47.89,172.4,10.45,3.00,13.45
1612,2541.95,1.535,-392.144,32.432,-380.988,32.432,1.34,281.0,48.02,172.9,10.40,3.05,13.45
1613,2543.48,1.539,-391.702,32.453,-382.462,32.453,1.35,286.5,48.16,173.4,10.30,3.10,13.40
1614,2545.03,1.544,-391.251,32.474,-383.938,32.474,1.38,289.4,48.29,173.9,10.25,3.20,13.45
1615,2546.58,1.548,-390.791,32.496,-385.416,32.496,1.40,289.1,48.44,174.4,10.15,3.25,13.40
1616,2548.13,1.552,-390.321,32.518,-386.895,32.518,1.44,287.6,48.55,174.8,10.10,3.35,13.45
1617,2549.69,1.556,-389.843,32.541,-388.376,32.541,1.45,284.5,48.69,175.3,10.00,3.45,13.45
1618,2551.25,1.561,-389.355,32.565,-389.858,32.565,1.53,282.4,48.82,175.8,9.90,3.55,13.45
1619,2552.81,1.565,-388.857,32.590,-391.341,32.590,1.60,280.2,48.97,176.3,9.80,3.65,13.45
1620,2554.38,1.569,-388.349,32.616,-392.826,32.616,1.69,280.0,49.09,176.7,9.70,3.75,13.45
1621,2555.96,1.573,-387.832,32.644,-394.311,32.644,1.75,281.2,49.22,177.2,9.60,3.90,13.50
1622,2557.53,1.577,-387.305,32.673,-395.797,32.673,1.83,285.5,49.34,177.6,9.50,4.00,13.50
1623,2559.11,1.581,-386.768,32.703,-397.284,32.703,1.91,290.8,49.47,178.1,9.35,4.15,13.50
1624,2560.70,1.586,-386.221,32.734,-398.772,32.734,1.99,297.9,49.60,178.6,9.20,4.30,13.50
1625,2562.29,1.590,-385.664,32.767,-400.261,32.767,2.03,304.6,49.73,179.0,9.10,4.45,13.55
1626,2563.88,1.593,-385.099,32.799,-401.750,32.799,2.03,311.8,49.83,179.4,8.90,4.60,13.50
1627,2565.48,1.597,-384.525,32.831,-403.240,32.831,1.98,317.4,49.96,179.9,8.75,4.80,13.55
1628,2567.08,1.601,-383.943,32.862,-404.731,32.862,1.99,323.1,50.09,180.3,8.55,5.00,13.55
1629,2568.69,1.606,-383.350,32.895,-406.223,32.895,2.02,328.3,50.24,180.8,8.40,5.15,13.55
1630,2570.30,1.610,-382.749,32.928,-407.715,32.928,2.05,333.6,50.35,181.3,8.20,5.35,13.55
1631,2571.91,1.613,-382.139,32.960,-409.209,32.960,1.98,337.2,50.47,181.7,8.00,5.55,13.55
1632,2573.53,1.617,-381.521,32.991,-410.702,32.991,1.92,341.0,50.57,182.1,7.85,5.70,13.55
1633,2575.15,1.621,-380.895,33.021,-412.197,33.021,1.88,344.9,50.72,182.6,7.65,5.90,13.55
1634,2576.78,1.626,-380.259,33.052,-413.693,33.052,1.93,352.9,50.86,183.1,7.45,5.30,12.75
1635,2578.41,1.630,-379.614,33.084,-415.190,33.084,1.95,365.1,50.99,183.6,7.30,5.50,12.80
1636,2580.04,1.634,-378.960,33.116,-416.687,33.116,1.97,384.3,51.10,184.0,7.10,5.65,12.75
1637,2581.68,1.638,-378.299,33.148,-418.185,33.148,1.95,410.6,51.24,184.5,6.95,5.85,12.80
1638,2583.32,1.642,-377.629,33.180,-419.684,33.180,1.96,446.0,51.38,185.0,6.80,6.00,12.80
1639,2584.97,1.646,-376.953,33.212,-421.184,33.212,1.94,486.4,51.51,185.4,6.60,6.15,12.75
1640,2586.62,1.651,-376.269,33.244,-422.686,33.244,1.93,532.9,51.64,185.9,6.45,6.30,12.75
1641,2588.28,1.655,-375.579,33.275,-424.190,33.275,1.87,584.0,51.77,186.4,6.30,6.45,12.75
1642,2589.93,1.659,-374.884,33.305,-425.696,33.305,1.82,639.2,51.89,186.8,6.15,6.60,12.75
1643,2591.60,1.663,-374.183,33.335,-427.203,33.335,1.78,696.0,52.03,187.3,6.00,6.75,12.75
1644,2593.27,1.668,-373.476,33.365,-428.714,33.365,1.77,754.5,52.18,187.8,5.85,6.85,12.70
1645,2594.94,1.672,-372.764,33.394,-430.226,33.394,1.77,813.8,52.31,188.3,5.75,7.00,12.75
1646,2596.62,1.677,-372.047,33.423,-431.741,33.423,1.75,869.3,52.45,188.8,5.60,7.15,12.75
1647,2598.30,1.680,-371.325,33.452,-433.259,33.452,1.72,920.5,52.57,189.3,5.45,7.30,12.75
1648,2599.98,1.685,-370.599,33.481,-434.779,33.481,1.72,964.6,52.73,189.8,5.30,7.40,12.70
1649,2601.67,1.690,-369.868,33.512,-436.302,33.512,1.78,1009.7,52.85,190.2,5.15,7.55,12.70
1650,2603.37,1.694,-369.133,33.542,-437.828,33.542,1.81,1045.6,53.00,190.8,5.05,7.70,12.75
1651,2605.06,1.698,-368.393,33.574,-439.356,33.574,1.90,1064.5,53.14,191.3,4.90,7.80,12.70
1652,2606.77,1.703,-367.649,33.607,-440.888,33.607,1.93,1063.0,53.27,191.8,4.75,7.95,12.70
1653,2608.47,1.706,-366.901,33.641,-442.421,33.641,1.95,1039.4,53.37,192.1,4.65,8.10,12.75
1654,2610.19,1.711,-366.150,33.673,-443.957,33.673,1.92,982.3,53.53,192.7,4.50,8.20,12.70
1655,2611.90,1.715,-365.393,33.706,-445.496,33.706,1.93,910.1,53.63,193.1,4.40,8.35,12.75
1656,2613.40,1.503,-364.729,33.735,-446.844,33.735,1.89,854.7,53.75,193.5,4.25,8.45,12.70
1657,2614.91,1.507,-364.060,33.764,-448.194,33.764,1.94,808.4,53.87,193.9,4.15,8.55,12.70
1658,2616.42,1.510,-363.387,33.795,-449.546,33.795,2.02,771.3,54.00,194.4,4.05,8.65,12.70
1659,2617.94,1.514,-362.710,33.826,-450.899,33.826,2.09,745.4,54.10,194.8,3.95,8.75,12.70
1660,2619.45,1.517,-362.028,33.859,-452.254,33.859,2.14,731.7,54.22,195.2,3.85,8.85,12.70
1661,2620.97,1.520,-361.343,33.892,-453.610,33.892,2.18,716.7,54.32,195.6,3.75,8.95,12.70
1662,2622.50,1.523,-360.653,33.925,-454.967,33.925,2.21,702.2,54.43,195.9,3.65,9.05,12.70
1663,2624.02,1.526,-359.959,33.959,-456.325,33.959,2.22,686.5,54.54,196.3,3.60,9.10,12.70
1664,2625.55,1.529,-359.260,33.993,-457.684,33.993,2.22,668.4,54.64,196.7,3.50,9.20,12.70
1665,2627.08,1.531,-358.558,34.026,-459.044,34.026,2.16,642.9,54.72,197.0,3.40,9.30,12.70
1666,2628.62,1.534,-357.851,34.059,-460.406,34.059,2.15,615.4,54.84,197.4,3.30,9.35,12.65
1667,2630.16,1.537,-357.139,34.092,-461.768,34.092,2.15,589.8,54.96,197.9,3.25,9.45,12.70
1668,2631.70,1.541,-356.422,34.126,-463.131,34.126,2.18,569.0,55.06,198.2,3.15,9.50,12.65
1669,2633.24,1.543,-355.699,34.160,-464.494,34.160,2.19,553.0,55.17,198.6,3.10,9.55,12.65
1670,2634.79,1.546,-354.972,34.194,-465.859,34.194,2.24,543.8,55.28,199.0,3.05,9.65,12.70
1671,2636.34,1.550,-354.239,34.230,-467.223,34.230,2.30,541.4,55.39,199.4,3.00,9.70,12.70
1672,2637.89,1.552,-353.500,34.266,-468.588,34.266,2.33,543.7,55.49,199.8,2.90,9.75,12.65
1673,2639.45,1.555,-352.757,34.303,-469.954,34.303,2.34,550.9,55.59,200.1,2.85,9.80,12.65
1674,2641.00,1.558,-352.008,34.339,-471.319,34.339,2.36,564.0,55.68,200.4,2.80,9.85,12.65
1675,2642.57,1.561,-351.254,34.376,-472.685,34.376,2.38,578.4,55.79,200.8,2.75,9.90,12.65
1676,2644.13,1.564,-350.494,34.414,-474.052,34.414,2.40,593.2,55.90,201.3,2.70,9.95,12.65
1677,2645.70,1.567,-349.730,34.451,-475.419,34.451,2.39,603.3,55.99,201.5,2.70,9.95,12.65
1678,2647.27,1.568,-348.961,34.487,-476.786,34.487,2.30,602.8,56.04,201.7,2.65,10.00,12.65
1679,2648.84,1.571,-348.188,34.523,-478.153,34.523,2.24,590.3,56.15,202.1,2.60,10.05,12.65
1680,2650.41,1.574,-347.410,34.558,-479.520,34.558,2.27,578.2,56.27,202.6,2.60,10.05,12.65
1681,2651.99,1.577,-346.627,34.595,-480.889,34.595,2.32,568.1,56.37,202.9,2.55,10.10,12.65
1682,2653.57,1.580,-345.838,34.632,-482.257,34.632,2.37,565.0,56.47,203.3,2.55,10.10,12.65
1683,2655.15,1.583,-345.043,34.671,-483.625,34.671,2.44,570.5,56.57,203.7,2.55,10.10,12.65
1684,2656.74,1.586,-344.243,34.711,-484.994,34.711,2.51,587.1,56.67,204.0,2.50,10.10,12.60
1685,2658.33,1.588,-343.438,34.751,-486.362,34.751,2.52,604.2,56.76,204.3,2.50,10.15,12.65
1686,2659.92,1.590,-342.629,34.791,-487.730,34.791,2.51,620.1,56.84,204.6,2.55,10.15,12.70
1687,2661.51,1.593,-341.815,34.830,-489.099,34.830,2.49,634.1,56.92,204.9,2.55,10.10,12.65
1688,2663.11,1.595,-340.996,34.870,-490.468,34.870,2.49,646.7,57.02,205.3,2.55,10.10,12.65
1689,2664.71,1.598,-340.172,34.910,-491.837,34.910,2.52,657.5,57.14,205.7,2.55,10.10,12.65
1690,2666.31,1.601,-339.344,34.951,-493.206,34.951,2.57,671.9,57.22,206.0,2.60,10.05,12.65
1691,2667.91,1.603,-338.510,34.993,-494.575,34.993,2.57,683.0,57.31,206.3,2.60,10.05,12.65
1692,2669.52,1.606,-337.673,35.033,-495.945,35.033,2.54,689.6,57.40,206.6,2.65,10.00,12.65
1693,2671.13,1.608,-336.831,35.074,-497.315,35.074,2.52,690.2,57.47,206.9,2.70,10.00,12.70
1694,2672.74,1.611,-335.984,35.114,-498.685,35.114,2.49,687.1,57.58,207.3,2.70,9.95,12.65
1695,2674.35,1.614,-335.133,35.154,-500.056,35.154,2.49,685.5,57.69,207.7,2.75,9.90,12.65
1696,2675.97,1.616,-334.277,35.195,-501.426,35.195,2.51,690.1,57.76,207.9,2.80,9.85,12.65
1697,2677.59,1.619,-333.417,35.236,-502.797,35.236,2.54,704.5,57.89,208.4,2.65,9.80,12.45
1698,2679.21,1.623,-332.551,35.278,-504.169,35.278,2.61,733.5,58.00,208.8,2.55,9.70,12.25
1699,2680.84,1.625,-331.680,35.321,-505.541,35.321,2.62,772.9,58.05,209.0,2.45,9.65,12.10
1700,2682.47,1.627,-330.807,35.362,-506.912,35.362,2.57,806.8,58.15,209.3,2.35,9.60,11.95
1701,2684.10,1.630,-329.928,35.405,-508.284,35.405,2.61,839.6,58.26,209.7,2.20,9.50,11.70
1702,2685.73,1.633,-329.045,35.448,-509.658,35.448,2.63,852.8,58.36,210.1,2.10,9.45,11.55
1703,2687.37,1.635,-328.159,35.491,-511.031,35.491,2.60,847.6,58.41,210.3,2.00,9.35,11.35
1704,2689.00,1.637,-327.269,35.532,-512.404,35.532,2.53,823.1,58.50,210.6,1.90,9.30,11.20
1705,2690.64,1.640,-326.375,35.574,-513.779,35.574,2.56,809.2,58.62,211.0,1.80,9.20,11.00
1706,2692.29,1.643,-325.477,35.618,-515.153,35.618,2.69,811.4,58.72,211.4,1.70,9.10,10.80
1707,2693.93,1.645,-324.574,35.665,-516.528,35.665,2.87,843.1,58.80,211.7,1.80,9.05,10.85
1708,2695.58,1.648,-323.666,35.715,-517.903,35.715,3.02,905.8,58.91,212.1,1.90,8.95,10.85
1709,2697.23,1.650,-322.754,35.768,-519.278,35.768,3.21,1025.0,58.97,212.3,2.00,8.85,10.85
1710,2698.89,1.653,-321.839,35.822,-520.653,35.822,3.27,1186.4,59.08,212.7,2.10,8.75,10.85
1711,2700.54,1.655,-320.921,35.877,-522.029,35.877,3.32,1372.1,59.15,212.9,2.20,8.65,10.85
1712,2702.20,1.658,-320.000,35.932,-523.406,35.932,3.33,1571.9,59.23,213.2,2.30,8.55,10.85
1713,2703.86,1.660,-319.077,35.987,-524.785,35.987,3.29,1742.7,59.31,213.5,2.40,8.45,10.85
1714,2705.52,1.660,-318.152,36.041,-526.163,36.041,3.26,1854.7,59.27,213.4,2.55,8.35,10.90
1715,2707.18,1.659,-317.227,36.094,-527.538,36.094,3.18,1941.3,59.21,213.1,2.65,8.20,10.85
1716,2708.84,1.657,-316.302,36.146,-528.911,36.146,3.18,2000.0,59.13,212.9,2.75,8.10,10.85
1717,2710.49,1.655,-315.376,36.199,-530.282,36.199,3.22,2000.0,59.06,212.6,2.85,8.00,10.85
1718,2712.15,1.653,-314.451,36.254,-531.650,36.254,3.30,2000.0,58.99,212.4,2.95,7.90,10.85
1719,2713.80,1.651,-313.526,36.310,-533.016,36.310,3.37,2000.0,58.92,212.1,3.05,7.80,10.85
1720,2715.45,1.649,-312.601,36.366,-534.380,36.366,3.46,2000.0,58.85,211.9,3.15,7.65,10.80
1721,2717.09,1.647,-311.677,36.424,-535.741,36.424,3.47,2000.0,58.78,211.6,3.30,7.55,10.85
1722,2718.74,1.645,-310.753,36.481,-537.101,36.481,3.50,2000.0,58.71,211.4,3.40,7.45,10.85
1723,2720.38,1.643,-309.829,36.539,-538.458,36.539,3.56,2000.0,58.64,211.1,3.50,7.35,10.85
1724,2722.02,1.641,-308.906,36.599,-539.813,36.599,3.61,2000.0,58.58,210.9,3.60,7.25,10.85
1725,2723.66,1.640,-307.983,36.658,-541.168,36.658,3.64,2000.0,58.59,210.9,3.70,7.15,10.85
1726,2725.30,1.641,-307.059,36.719,-542.522,36.719,3.72,2000.0,58.62,211.0,3.80,7.00,10.80
1727,2726.95,1.642,-306.134,36.782,-543.878,36.782,3.82,2000.0,58.68,211.2,3.90,6.90,10.80
1728,2728.59,1.644,-305.208,36.846,-545.235,36.846,3.92,2000.0,58.76,211.5,4.05,6.80,10.85
1729,2730.24,1.647,-304.280,36.913,-546.593,36.913,4.07,2000.0,58.83,211.8,4.15,6.70,10.85
1730,2731.89,1.649,-303.351,36.982,-547.954,36.982,4.19,2000.0,58.92,212.1,4.25,6.60,10.85
1731,2733.54,1.651,-302.421,37.053,-549.316,37.053,4.28,2000.0,58.99,212.3,4.35,6.50,10.85
1732,2735.19,1.653,-301.491,37.124,-550.680,37.124,4.32,2000.0,59.05,212.6,4.45,6.35,10.80
1733,2736.85,1.655,-300.559,37.196,-552.046,37.196,4.33,2000.0,59.12,212.8,4.55,6.25,10.80
1734,2738.51,1.657,-299.628,37.268,-553.413,37.268,4.35,2000.0,59.20,213.1,4.65,6.15,10.80
1735,2740.16,1.659,-298.696,37.340,-554.784,37.340,4.39,2000.0,59.27,213.4,4.80,6.05,10.85
1736,2741.83,1.661,-297.764,37.414,-556.156,37.414,4.44,2000.0,59.35,213.6,4.90,5.95,10.85
1737,2743.49,1.663,-296.831,37.488,-557.531,37.488,4.44,2000.0,59.41,213.9,5.00,5.85,10.85
1738,2745.15,1.664,-295.899,37.561,-558.908,37.561,4.39,1869.1,59.45,214.0,5.10,5.70,10.80
1739,2746.82,1.666,-294.967,37.633,-560.287,37.633,4.32,1675.9,59.54,214.4,5.20,5.60,10.80
1740,2748.49,1.668,-294.035,37.705,-561.669,37.705,4.35,1524.2,59.61,214.6,5.30,5.50,10.80
1741,2750.16,1.670,-293.104,37.778,-563.053,37.778,4.36,1393.0,59.69,214.9,5.40,5.40,10.80
1742,2751.83,1.673,-292.173,37.852,-564.441,37.852,4.44,1309.4,59.76,215.1,5.50,5.30,10.80
1743,2753.51,1.675,-291.242,37.927,-565.831,37.927,4.50,1247.2,59.85,215.4,5.60,5.20,10.80
1744,2755.19,1.677,-290.313,38.004,-567.225,38.004,4.57,1207.8,59.91,215.7,5.70,5.10,10.80
1745,2756.86,1.679,-289.385,38.081,-568.621,38.081,4.61,1182.2,59.98,215.9,5.80,5.00,10.80
1746,2758.55,1.681,-288.457,38.159,-570.020,38.159,4.64,1172.0,60.05,216.2,5.90,4.90,10.80
1747,2760.23,1.682,-287.531,38.237,-571.422,38.237,4.66,1162.0,60.11,216.4,6.00,4.80,10.80
1748,2761.91,1.684,-286.605,38.316,-572.827,38.316,4.69,1156.5,60.19,216.7,6.10,4.70,10.80
1749,2763.60,1.686,-285.681,38.396,-574.235,38.396,4.74,1159.3,60.25,216.9,6.20,4.65,10.85
1750,2765.29,1.688,-284.757,38.476,-575.646,38.476,4.73,1163.6,60.32,217.1,6.25,4.55,10.80
1751,2766.98,1.690,-283.835,38.556,-577.059,38.556,4.74,1173.1,60.38,217.4,6.35,4.45,10.80
1752,2768.67,1.692,-282.914,38.636,-578.476,38.636,4.76,1180.8,60.45,217.6,6.40,4.35,10.75
1753,2770.37,1.694,-281.993,38.717,-579.896,38.717,4.80,1200.7,60.53,217.9,6.50,4.30,10.80
1754,2772.06,1.696,-281.074,38.799,-581.318,38.799,4.83,1221.5,60.59,218.1,6.60,4.20,10.80
1755,2773.76,1.697,-280.156,38.881,-582.743,38.881,4.83,1244.0,60.63,218.3,6.65,4.15,10.80
1756,2775.46,1.699,-279.238,38.963,-584.171,38.963,4.82,1260.4,60.72,218.6,6.75,4.05,10.80
1757,2777.16,1.702,-278.322,39.045,-585.602,39.045,4.85,1292.4,60.79,218.9,6.80,4.00,10.80
1758,2778.86,1.703,-277.406,39.128,-587.036,39.128,4.87,1314.5,60.85,219.0,6.85,3.90,10.75
1759,2780.57,1.705,-276.492,39.212,-588.472,39.212,4.89,1345.0,60.92,219.3,6.95,3.85,10.80
1760,2782.28,1.707,-275.578,39.296,-589.912,39.296,4.94,1389.0,61.00,219.6,7.00,3.80,10.80
1761,2783.99,1.709,-274.665,39.381,-591.353,39.381,5.01,1451.7,61.05,219.8,7.05,3.70,10.75
1762,2785.70,1.711,-273.753,39.468,-592.798,39.468,5.06,1513.5,61.13,220.1,7.10,3.65,10.75
1763,2787.41,1.713,-272.841,39.555,-594.245,39.555,5.12,1595.4,61.19,220.3,7.20,3.60,10.80
1764,2789.13,1.714,-271.930,39.643,-595.695,39.643,5.13,1676.5,61.25,220.5,7.25,3.55,10.80
1765,2790.84,1.716,-271.020,39.731,-597.147,39.731,5.14,1743.0,61.32,220.7,7.30,3.50,10.80
1766,2792.56,1.718,-270.109,39.820,-598.601,39.820,5.18,1798.6,61.39,221.0,7.30,3.45,10.75
1767,2794.28,1.720,-269.200,39.910,-600.058,39.910,5.24,1858.1,61.45,221.2,7.35,3.40,10.75
1768,2796.00,1.722,-268.290,40.001,-601.517,40.001,5.27,1916.2,61.52,221.5,7.40,3.35,10.75
1769,2797.73,1.723,-267.382,40.092,-602.979,40.092,5.28,1980.3,61.58,221.7,7.45,3.30,10.75
1770,2799.45,1.725,-266.473,40.183,-604.442,40.183,5.32,2000.0,61.63,221.9,7.45,3.25,10.70
1771,2801.18,1.727,-265.565,40.275,-605.908,40.275,5.31,2000.0,61.70,222.1,7.50,3.20,10.70
1772,2802.91,1.727,-264.658,40.367,-607.375,40.367,5.33,2000.0,61.67,222.0,7.55,3.20,10.75
1773,2804.63,1.725,-263.753,40.458,-608.841,40.458,5.30,2000.0,61.52,221.5,7.55,3.15,10.70
1774,2806.35,1.718,-262.853,40.548,-610.302,40.548,5.28,2000.0,61.24,220.5,7.60,3.10,10.70
1775,2808.06,1.709,-261.958,40.639,-611.755,40.639,5.29,2000.0,60.89,219.2,7.60,3.05,10.65
1776,2809.76,1.699,-261.069,40.729,-613.201,40.729,5.34,2000.0,60.54,217.9,7.65,3.05,10.70
1777,2811.45,1.688,-260.187,40.820,-614.637,40.820,5.36,2000.0,60.11,216.4,7.65,3.00,10.65
1778,2813.13,1.676,-259.312,40.910,-616.063,40.910,5.38,2000.0,59.64,214.7,7.70,2.95,10.65
1779,2814.79,1.663,-258.444,41.000,-617.479,41.000,5.46,2000.0,59.21,213.1,7.70,2.90,10.60
1780,2816.44,1.651,-257.583,41.092,-618.885,41.092,5.53,2000.0,58.76,211.5,7.75,2.90,10.65
1781,2818.08,1.639,-256.730,41.184,-620.280,41.184,5.62,2000.0,58.35,210.1,7.75,2.85,10.60
1782,2819.71,1.627,-255.883,41.276,-621.666,41.276,5.69,2000.0,57.88,208.4,7.80,2.85,10.65
1783,2821.32,1.613,-255.043,41.370,-623.040,41.370,5.81,2000.0,57.42,206.7,7.85,2.80,10.65
1784,2822.92,1.600,-254.211,41.464,-624.404,41.464,5.90,2000.0,56.97,205.1,7.85,2.75,10.60
1785,2824.51,1.589,-253.385,41.557,-625.758,41.557,5.90,2000.0,56.59,203.7,7.90,2.75,10.65
1786,2826.09,1.578,-252.564,41.649,-627.103,41.649,5.84,2000.0,56.19,202.3,7.90,2.70,10.60
1787,2827.66,1.568,-251.749,41.739,-628.439,41.739,5.75,2000.0,55.81,200.9,7.95,2.70,10.65
1788,2829.22,1.556,-250.940,41.828,-629.765,41.828,5.70,2000.0,55.43,199.5,8.00,2.65,10.65
1789,2830.76,1.544,-250.137,41.915,-631.081,41.915,5.67,2000.0,54.91,197.7,8.00,2.60,10.60
1790,2832.29,1.532,-249.340,42.002,-632.386,42.002,5.68,2000.0,54.51,196.2,8.05,2.60,10.65
1791,2833.81,1.518,-248.551,42.089,-633.680,42.089,5.72,2000.0,54.05,194.6,8.10,2.55,10.65
1792,2835.32,1.506,-247.768,42.176,-634.963,42.176,5.78,2000.0,53.57,192.8,8.10,2.55,10.65
1793,2837.02,1.705,-246.882,42.276,-636.416,42.276,5.87,2000.0,53.03,190.9,8.15,2.50,10.65
1794,2838.71,1.689,-246.004,42.376,-637.855,42.376,5.97,2000.0,52.58,189.3,8.20,2.45,10.65
1795,2840.38,1.673,-245.136,42.476,-639.281,42.476,5.99,2000.0,52.07,187.5,8.20,2.45,10.65
1796,2842.04,1.658,-244.275,42.575,-640.696,42.575,5.97,2000.0,51.60,185.8,8.25,2.40,10.65
1797,2843.69,1.643,-243.424,42.673,-642.098,42.673,5.96,2000.0,51.13,184.1,8.30,2.40,10.70
1798,2845.31,1.627,-242.582,42.770,-643.487,42.770,5.96,1932.3,50.62,182.2,8.30,2.35,10.65
1799,2846.92,1.610,-241.750,42.867,-644.862,42.867,6.02,1811.7,50.13,180.5,8.35,2.35,10.70
1800,2848.52,1.595,-240.928,42.963,-646.225,42.963,6.04,1736.4,49.61,178.6,8.35,2.30,10.65
1801,2850.10,1.578,-240.115,43.059,-647.574,43.059,6.10,1724.3,49.11,176.8,8.40,2.30,10.70
1802,2851.66,1.563,-239.311,43.154,-648.911,43.154,6.11,1740.0,48.61,175.0,8.40,2.25,10.65
1803,2853.21,1.547,-238.517,43.249,-650.235,43.249,6.16,1842.3,48.13,173.3,8.45,2.25,10.70
1804,2854.74,1.532,-237.731,43.344,-651.547,43.344,6.19,2000.0,47.66,171.6,8.45,2.25,10.70
1805,2856.26,1.517,-236.955,43.438,-652.847,43.438,6.19,2000.0,47.20,169.9,8.50,2.25,10.75
1806,2857.95,1.688,-236.092,43.543,-654.294,43.543,6.24,2000.0,46.67,168.0,8.50,2.20,10.70
1807,2859.62,1.669,-235.240,43.648,-655.725,43.648,6.32,2000.0,46.11,166.0,8.55,2.20,10.75
1808,2861.27,1.651,-234.398,43.753,-657.140,43.753,6.37,2000.0,45.62,164.2,8.55,2.20,10.75
1809,2862.90,1.632,-233.565,43.858,-658.541,43.858,6.41,2000.0,45.14,162.5,8.55,2.15,10.70
1810,2864.52,1.616,-232.741,43.960,-659.927,43.960,6.37,2000.0,44.66,160.8,8.60,2.15,10.75
1811,2866.12,1.599,-231.925,44.062,-661.298,44.062,6.37,2000.0,44.20,159.1,8.60,2.15,10.75
1812,2867.70,1.582,-231.118,44.162,-662.654,44.162,6.35,2000.0,43.72,157.4,8.60,2.15,10.75
1813,2869.26,1.565,-230.319,44.262,-663.996,44.262,6.38,2000.0,43.28,155.8,8.65,2.10,10.75
1814,2870.81,1.548,-229.527,44.360,-665.323,44.360,6.38,2000.0,42.79,154.1,8.65,2.10,10.75
1815,2872.34,1.532,-228.744,44.457,-666.636,44.457,6.29,2000.0,42.34,152.4,8.65,2.10,10.75
1816,2873.86,1.514,-227.969,44.551,-667.933,44.551,6.25,2000.0,41.83,150.6,8.65,2.10,10.75
1817,2875.52,1.661,-227.118,44.654,-669.355,44.654,6.22,2000.0,41.28,148.6,8.70,2.05,10.75
1818,2877.16,1.638,-226.277,44.757,-670.758,44.757,6.32,2000.0,40.74,146.7,8.70,2.05,10.75
1819,2878.78,1.618,-225.447,44.861,-672.143,44.861,6.40,2000.0,40.18,144.7,8.70,2.05,10.75
1820,2880.38,1.598,-224.627,44.964,-673.510,44.964,6.51,2000.0,39.71,142.9,8.75,2.00,10.75
1821,2881.95,1.576,-223.819,45.069,-674.859,45.069,6.63,2000.0,39.19,141.1,8.75,2.00,10.75
1822,2883.51,1.556,-223.021,45.173,-676.191,45.173,6.70,2000.0,38.68,139.2,8.75,2.00,10.75
1823,2885.05,1.536,-222.234,45.277,-677.507,45.277,6.81,1806.0,38.18,137.5,8.80,1.95,10.75
1824,2886.56,1.517,-221.459,45.381,-678.807,45.381,6.88,1544.3,37.73,135.8,8.80,1.95,10.75
1825,2888.21,1.648,-220.618,45.496,-680.220,45.496,6.96,1376.6,37.25,134.1,8.80,1.95,10.75
1826,2889.84,1.628,-219.790,45.609,-681.616,45.609,6.95,1297.8,36.74,132.3,8.80,1.95,10.75
1827,2891.45,1.606,-218.974,45.720,-682.995,45.720,6.97,1299.3,36.31,130.7,8.80,1.90,10.70
1828,2893.03,1.585,-218.172,45.830,-684.357,45.830,6.94,1368.4,35.79,128.8,8.80,1.90,10.70
1829,2894.60,1.563,-217.381,45.940,-685.702,45.940,7.03,1526.9,35.30,127.1,8.80,1.90,10.70
1830,2896.14,1.542,-216.604,46.050,-687.028,46.050,7.14,1835.3,34.84,125.4,8.80,1.90,10.70
1831,2897.66,1.522,-215.837,46.158,-688.339,46.158,7.17,2000.0,34.38,123.8,8.80,1.90,10.70
1832,2899.30,1.638,-215.013,46.275,-689.749,46.275,7.12,2000.0,33.90,122.1,8.80,1.90,10.70
1833,2900.91,1.615,-214.201,46.388,-691.141,46.388,7.02,2000.0,33.43,120.3,8.80,1.90,10.70
1834,2902.51,1.591,-213.401,46.499,-692.512,46.499,7.02,2000.0,32.93,118.5,8.80,1.90,10.70
1835,2904.08,1.569,-212.613,46.609,-693.864,46.609,6.98,2000.0,32.45,116.8,8.75,1.95,10.70
1836,2905.62,1.544,-211.837,46.717,-695.194,46.717,7.04,2000.0,31.96,115.0,8.75,1.95,10.70
1837,2907.14,1.521,-211.072,46.823,-696.504,46.823,7.01,2000.0,31.44,113.2,8.75,1.95,10.70
1838,2908.76,1.621,-210.256,46.940,-697.901,46.940,7.20,2000.0,30.94,111.4,8.75,1.95,10.70
1839,2910.35,1.590,-209.456,47.055,-699.270,47.055,7.29,2000.0,30.31,109.1,8.75,1.95,10.70
1840,2911.91,1.559,-208.670,47.170,-700.612,47.170,7.37,2000.0,29.69,106.9,8.75,1.95,10.70
1841,2913.44,1.529,-207.900,47.283,-701.927,47.283,7.44,2000.0,29.14,104.9,8.75,1.95,10.70
1842,2915.06,1.614,-207.086,47.402,-703.316,47.402,7.37,2000.0,28.55,102.8,8.75,1.95,10.70
1843,2916.64,1.580,-206.288,47.516,-704.675,47.516,7.26,2000.0,27.91,100.5,8.75,1.95,10.70
1844,2918.18,1.544,-205.508,47.627,-706.003,47.627,7.19,2000.0,27.28,98.2,8.75,1.95,10.70
1845,2919.69,1.506,-204.746,47.735,-707.298,47.735,7.18,2000.0,26.61,95.8,8.75,1.95,10.70
1846,2921.27,1.577,-203.948,47.847,-708.653,47.847,7.13,2000.0,25.94,93.4,8.75,1.95,10.70
1847,2922.80,1.537,-203.170,47.959,-709.974,47.959,7.28,2000.0,25.34,91.2,8.75,1.95,10.70
1848,2924.40,1.598,-202.360,48.076,-711.346,48.076,7.36,2000.0,24.66,88.8,8.80,1.90,10.70
1849,2925.96,1.556,-201.570,48.190,-712.682,48.190,7.35,2000.0,24.00,86.4,8.80,1.90,10.70
1850,2927.47,1.515,-200.801,48.301,-713.983,48.301,7.36,2000.0,23.37,84.1,8.80,1.90,10.70
1851,2929.04,1.565,-200.007,48.416,-715.326,48.416,7.36,2000.0,22.71,81.7,8.85,1.90,10.75
1852,2930.56,1.520,-199.236,48.526,-716.631,48.526,7.24,2000.0,22.04,79.3,8.85,1.90,10.75
1853,2932.12,1.560,-198.445,48.637,-717.972,48.637,7.12,1467.4,21.34,76.8,8.85,1.90,10.75
1854,2933.63,1.509,-197.680,48.744,-719.268,48.744,7.14,941.9,20.63,74.3,8.85,1.90,10.75
1855,2935.17,1.540,-196.902,48.855,-720.592,48.855,7.22,642.4,19.91,71.7,8.90,1.90,10.80
1856,2936.73,1.561,-196.116,48.968,-721.936,48.968,7.22,450.4,19.16,69.0,8.90,1.90,10.80
1857,2938.31,1.575,-195.326,49.080,-723.295,49.080,7.16,321.4,18.39,66.2,8.90,1.90,10.80
1858,2939.83,1.518,-194.571,49.190,-724.607,49.190,7.28,238.3,17.80,64.1,8.85,1.90,10.75
1859,2941.37,1.541,-193.812,49.305,-725.943,49.305,7.48,180.7,17.25,62.1,8.85,1.95,10.80
1860,2942.93,1.559,-193.053,49.422,-727.300,49.422,7.53,141.6,16.68,60.0,8.80,1.95,10.75
1861,2944.44,1.512,-192.331,49.533,-728.624,49.533,7.31,116.6,16.23,58.4,8.80,2.00,10.80
1862,2945.98,1.538,-191.615,49.642,-729.981,49.642,7.10,99.2,15.85,57.1,8.70,2.10,10.80
1863,2947.49,1.508,-190.934,49.746,-731.323,49.746,6.91,87.5,15.59,56.1,8.60,2.15,10.75
1864,2949.03,1.545,-190.262,49.855,-732.710,49.855,7.09,79.4,15.33,55.2,8.50,2.30,10.80
1865,2950.55,1.520,-189.628,49.962,-734.088,49.962,7.09,74.3,15.09,54.3,8.35,2.45,10.80
1866,2952.11,1.555,-189.009,50.068,-735.510,50.068,6.84,70.0,14.82,53.4,8.15,2.65,10.80
1867,2953.64,1.529,-188.433,50.173,-736.922,50.173,6.84,67.2,14.62,52.6,7.95,2.90,10.85
1868,2955.16,1.517,-187.895,50.277,-738.337,50.277,6.88,64.8,14.58,52.5,7.70,3.15,10.85
1869,2956.67,1.518,-187.388,50.379,-739.764,50.379,6.78,62.3,14.60,52.6,7.45,3.45,10.90
1870,2958.19,1.520,-186.913,50.478,-741.204,50.478,6.53,59.5,14.62,52.6,7.15,3.80,10.95
1871,2959.72,1.522,-186.474,50.576,-742.658,50.576,6.45,56.4,14.64,52.7,6.80,4.20,11.00
1872,2961.24,1.523,-186.073,50.673,-744.124,50.673,6.34,52.7,14.66,52.8,6.45,4.60,11.05
1873,2962.77,1.527,-185.714,50.767,-745.605,50.767,6.20,48.6,14.70,52.9,6.05,5.10,11.15
1874,2964.30,1.530,-185.399,50.867,-747.099,50.867,6.56,44.6,14.73,53.0,5.60,5.45,11.05
1875,2965.83,1.532,-185.132,50.968,-748.605,50.968,6.55,40.7,14.74,53.1,5.15,6.25,11.40
1876,2967.36,1.533,-184.919,51.063,-750.120,51.063,6.26,37.2,14.74,53.1,4.60,6.95,11.55
1877,2968.90,1.533,-184.771,51.156,-751.643,51.156,6.04,34.3,14.74,53.1,4.80,7.75,12.55
1878,2970.43,1.533,-184.696,51.245,-753.171,51.245,5.86,32.3,14.73,53.0,4.20,8.70,12.90
1879,2971.96,1.532,-184.693,51.328,-754.701,51.328,5.42,30.8,14.73,53.0,4.65,9.75,14.40
1880,2973.49,1.531,-184.768,51.405,-756.228,51.405,5.03,30.0,14.73,53.0,3.95,10.85,14.80
1881,2975.02,1.531,-184.928,51.482,-757.749,51.482,5.02,29.9,14.72,53.0,3.25,12.25,15.50
1882,2976.55,1.530,-185.173,51.569,-759.257,51.569,5.70,30.1,14.71,53.0,2.60,13.85,16.45
1883,2978.08,1.527,-185.491,51.658,-760.747,51.658,5.84,30.2,14.65,52.8,2.05,15.60,17.65
1884,2979.60,1.522,-185.880,51.749,-762.216,51.749,5.99,30.5,14.63,52.7,2.05,17.55,19.60
1885,2981.12,1.519,-186.340,51.837,-763.661,51.837,5.81,31.3,14.58,52.5,2.45,19.65,22.10
1886,2982.64,1.515,-186.862,51.918,-765.082,51.918,5.32,32.2,14.60,52.6,3.10,21.85,24.95
1887,2984.17,1.529,-187.469,51.983,-766.483,51.983,4.30,34.0,14.75,53.1,3.85,24.45,28.30
1888,2985.71,1.538,-188.160,52.063,-767.855,52.063,5.18,37.5,14.84,53.4,4.05,11.75,15.80
1889,2987.25,1.549,-188.911,52.149,-769.208,52.149,5.54,42.9,14.95,53.8,4.40,11.40,15.80
1890,2988.82,1.561,-189.712,52.234,-770.544,52.234,5.49,51.3,15.06,54.2,5.30,11.20,16.50
1891,2990.33,1.512,-190.524,52.312,-771.817,52.312,5.12,66.8,15.17,54.6,6.10,10.85,16.95
1892,2991.85,1.524,-191.377,52.388,-773.078,52.388,5.01,100.5,15.30,55.1,6.05,10.10,16.15
1893,2993.39,1.536,-192.263,52.470,-774.330,52.470,5.33,210.7,15.43,55.5,6.75,9.45,16.20
1894,2994.94,1.549,-193.169,52.557,-775.583,52.557,5.62,1584.6,15.55,56.0,7.45,8.85,16.30
1895,2996.50,1.561,-194.077,52.641,-776.851,52.641,5.41,170.3,15.67,56.4,8.15,8.30,16.45
1896,2998.01,1.509,-194.936,52.727,-778.088,52.727,5.73,96.0,15.77,56.8,8.85,7.75,16.60
1897,2999.53,1.519,-195.774,52.828,-779.351,52.828,6.64,71.3,15.88,57.2,9.55,7.20,16.75
1898,3001.06,1.529,-196.591,52.934,-780.640,52.934,6.97,59.7,15.97,57.5,10.20,6.60,16.80
1899,3002.60,1.537,-197.381,53.028,-781.955,53.028,6.08,53.6,16.06,57.8,10.80,5.95,16.75
1900,3004.14,1.547,-198.130,53.119,-783.305,53.119,5.93,50.8,16.15,58.2,11.40,5.25,16.65
1901,3005.70,1.555,-198.831,53.221,-784.689,53.221,6.57,50.2,16.24,58.5,11.90,4.50,16.40
1902,3007.26,1.563,-199.489,53.328,-786.103,53.328,6.83,50.7,16.32,58.8,12.25,3.65,15.90
1903,3008.77,1.504,-200.085,53.428,-787.481,53.428,6.68,52.0,16.34,58.8,12.45,2.75,15.20
1904,3010.27,1.506,-200.645,53.527,-788.875,53.527,6.59,52.8,16.41,59.1,12.50,2.00,14.50
1905,3011.79,1.513,-201.168,53.623,-790.291,53.623,6.37,52.7,16.46,59.2,12.40,6.15,18.55
1906,3013.30,1.519,-201.654,53.715,-791.728,53.715,6.06,51.7,16.56,59.6,12.15,7.40,19.55
1907,3014.83,1.528,-202.104,53.796,-793.186,53.796,5.30,50.1,16.66,60.0,11.80,7.20,19.00
1908,3016.37,1.537,-202.512,53.866,-794.667,53.866,4.53,48.7,16.76,60.3,11.30,6.95,18.25
1909,3017.92,1.547,-202.868,53.938,-796.170,53.938,4.70,48.3,16.86,60.7,10.70,6.70,17.40
1910,3019.47,1.556,-203.170,54.026,-797.694,54.026,5.64,48.5,16.96,61.1,10.00,6.35,16.35
1911,3021.04,1.565,-203.425,54.126,-799.235,54.126,6.40,48.8,17.06,61.4,9.25,5.95,15.20
1912,3022.54,1.506,-203.628,54.229,-800.723,54.229,6.89,49.3,17.15,61.8,8.55,6.45,15.00
1913,3024.06,1.513,-203.791,54.334,-802.224,54.334,6.95,49.7,17.24,62.1,7.85,7.05,14.90
1914,3025.58,1.521,-203.911,54.435,-803.737,54.435,6.67,49.8,17.33,62.4,7.15,7.60,14.75
1915,3027.11,1.528,-203.981,54.536,-805.261,54.536,6.60,50.7,17.41,62.7,6.50,8.05,14.55
1916,3028.64,1.536,-203.998,54.637,-806.794,54.637,6.57,52.8,17.50,63.0,5.95,8.45,14.40
1917,3030.19,1.546,-203.965,54.739,-808.336,54.739,6.62,56.2,17.64,63.5,5.85,8.10,13.95
1918,3031.75,1.562,-203.889,54.841,-809.892,54.841,6.54,61.3,17.85,64.3,5.35,8.45,13.80
1919,3033.26,1.511,-203.778,54.936,-811.397,54.936,6.33,68.0,18.13,65.3,4.95,8.75,13.70
1920,3034.80,1.538,-203.633,55.031,-812.924,55.031,6.15,75.5,18.48,66.5,4.60,9.00,13.60
1921,3036.37,1.569,-203.454,55.126,-814.481,55.126,6.04,83.4,18.87,67.9,4.25,9.25,13.50
1922,3037.90,1.526,-203.252,55.217,-815.990,55.217,6.01,90.6,19.25,69.3,3.95,9.50,13.45
1923,3039.45,1.556,-203.023,55.313,-817.526,55.313,6.15,96.2,19.64,70.7,3.65,9.70,13.35
1924,3040.96,1.508,-202.778,55.407,-819.011,55.407,6.24,100.3,20.02,72.1,3.40,9.90,13.30
1925,3042.50,1.535,-202.507,55.504,-820.519,55.504,6.36,102.7,20.36,73.3,3.15,10.05,13.20
1926,3044.06,1.562,-202.210,55.599,-822.050,55.599,6.08,102.4,20.73,74.6,2.95,10.20,13.15
1927,3045.57,1.506,-201.902,55.689,-823.521,55.689,5.97,102.2,21.08,75.9,2.75,10.35,13.10
1928,3047.10,1.531,-201.565,55.779,-825.012,55.779,5.90,102.2,21.43,77.1,2.55,10.45,13.00
1929,3048.65,1.556,-201.200,55.869,-826.522,55.869,5.80,101.6,21.79,78.4,2.40,10.60,13.00
1930,3050.24,1.583,-200.803,55.958,-828.052,55.958,5.68,101.7,22.18,79.8,2.30,10.65,12.95
1931,3051.76,1.523,-200.399,56.044,-829.518,56.044,5.62,104.0,22.60,81.4,2.15,10.70,12.85
1932,3053.31,1.554,-199.965,56.130,-831.007,56.130,5.53,105.7,23.08,83.1,2.10,10.75,12.85
1933,3054.90,1.586,-199.499,56.216,-832.520,56.216,5.48,108.3,23.54,84.7,2.00,10.75,12.75
1934,3056.42,1.522,-199.031,56.298,-833.966,56.298,5.37,113.2,23.99,86.4,1.95,20.05,22.00
1935,3057.97,1.551,-198.533,56.380,-835.433,56.380,5.28,119.3,24.45,88.0,1.90,21.95,23.85
1936,3059.55,1.580,-198.006,56.461,-836.920,56.461,5.16,125.2,24.91,89.7,1.90,23.10,25.00
1937,3061.06,1.508,-197.485,56.537,-838.333,56.537,5.02,135.0,25.33,91.2,1.85,22.30,24.15
1938,3062.59,1.532,-196.940,56.611,-839.763,56.611,4.84,147.2,25.73,92.6,1.85,21.55,23.40
1939,3064.15,1.559,-196.371,56.685,-841.213,56.685,4.75,162.3,26.21,94.4,1.85,20.80,22.65
1940,3065.74,1.586,-195.775,56.761,-842.681,56.761,4.82,183.6,26.63,95.9,1.85,20.05,21.90
1941,3067.24,1.504,-195.199,56.834,-844.068,56.834,4.85,214.5,27.02,97.3,1.90,19.40,21.30
1942,3068.77,1.526,-194.605,56.907,-845.472,56.907,4.80,246.5,27.44,98.8,1.90,18.70,20.60
1943,3070.32,1.549,-193.993,56.983,-846.893,56.983,4.86,281.5,27.85,100.3,1.95,18.05,20.00
1944,3071.89,1.571,-193.366,57.059,-848.331,57.059,4.88,310.3,28.24,101.7,1.95,17.40,19.35
1945,3073.49,1.594,-192.723,57.136,-849.788,57.136,4.85,322.3,28.64,103.1,2.00,16.75,18.75
1946,3075.10,1.614,-192.067,57.214,-851.260,57.214,4.79,313.8,28.99,104.4,2.05,16.10,18.15
1947,3076.62,1.520,-191.442,57.286,-852.644,57.286,4.76,302.5,29.41,105.9,2.10,15.55,17.65
1948,3078.16,1.539,-190.802,57.361,-854.042,57.361,4.90,287.8,29.76,107.1,2.15,15.00,17.15
1949,3079.72,1.559,-190.146,57.438,-855.453,57.438,4.95,275.3,30.15,108.5,2.20,14.40,16.60
1950,3081.30,1.577,-189.474,57.517,-856.878,57.517,5.00,266.7,30.48,109.7,2.25,13.90,16.15
1951,3082.89,1.595,-188.785,57.596,-858.314,57.596,4.96,261.0,30.85,111.0,2.30,13.35,15.65
1952,3084.51,1.614,-188.079,57.676,-859.764,57.676,4.94,255.4,31.21,112.3,2.35,12.85,15.20
1953,3086.01,1.507,-187.412,57.749,-861.113,57.749,4.89,254.6,31.53,113.5,2.40,12.35,14.75
1954,3087.54,1.522,-186.730,57.823,-862.471,57.823,4.82,254.3,31.85,114.7,2.40,11.90,14.30
1955,3089.07,1.537,-186.033,57.895,-863.840,57.895,4.72,254.4,32.18,115.9,2.45,11.50,13.95
1956,3090.63,1.553,-185.320,57.968,-865.218,57.968,4.68,256.7,32.51,117.0,2.45,11.05,13.50
1957,3092.20,1.569,-184.592,58.040,-866.606,58.040,4.64,259.0,32.84,118.2,2.45,9.80,12.25
1958,3093.78,1.585,-183.846,58.114,-868.002,58.114,4.62,261.7,33.16,119.4,2.45,9.40,11.85
1959,3095.38,1.601,-183.085,58.187,-869.408,58.187,4.57,267.3,33.50,120.6,2.45,9.00,11.45
1960,3097.00,1.616,-182.308,58.260,-870.823,58.260,4.52,276.6,33.80,121.7,2.40,8.85,11.25
1961,3098.63,1.631,-181.515,58.332,-872.247,58.332,4.46,289.3,34.14,122.9,2.35,9.60,11.95
1962,3100.14,1.509,-180.774,58.400,-873.560,58.400,4.47,312.2,34.44,124.0,2.30,9.70,12.00
1963,3101.66,1.523,-180.020,58.468,-874.881,58.468,4.49,342.4,34.75,125.1,2.25,9.75,12.00
1964,3103.20,1.536,-179.253,58.537,-876.210,58.537,4.50,381.7,35.04,126.1,2.30,9.85,12.15
1965,3104.75,1.549,-178.475,58.606,-877.548,58.606,4.49,431.1,35.33,127.2,2.45,9.90,12.35
1966,3106.31,1.561,-177.685,58.676,-878.893,58.676,4.45,492.6,35.61,128.2,2.60,9.95,12.55
1967,3107.89,1.574,-176.885,58.745,-880.246,58.745,4.42,557.4,35.91,129.3,2.75,10.00,12.75
1968,3109.47,1.587,-176.074,58.815,-881.609,58.815,4.41,629.8,36.20,130.3,2.90,10.05,12.95
1969,3111.08,1.600,-175.254,58.885,-882.981,58.885,4.37,698.2,36.49,131.4,3.05,10.10,13.15
1970,3112.69,1.612,-174.423,58.955,-884.361,58.955,4.34,768.6,36.78,132.4,3.05,10.20,13.25
1971,3114.31,1.625,-173.584,59.025,-885.751,59.025,4.31,838.9,37.07,133.4,3.05,10.30,13.35
1972,3115.95,1.638,-172.735,59.095,-887.150,59.095,4.29,909.3,37.36,134.5,3.00,10.35,13.35
1973,3117.60,1.651,-171.877,59.166,-888.559,59.166,4.28,981.4,37.64,135.5,3.00,10.45,13.45
1974,3119.12,1.512,-171.090,59.230,-889.847,59.230,4.28,1082.4,37.92,136.5,3.00,10.50,13.50
1975,3120.64,1.522,-170.295,59.296,-891.144,59.296,4.30,1208.0,38.17,137.4,3.00,10.55,13.55
1976,3122.17,1.532,-169.493,59.362,-892.448,59.362,4.30,1372.5,38.43,138.4,3.00,10.65,13.65
1977,3123.72,1.543,-168.684,59.428,-893.761,59.428,4.33,1609.9,38.69,139.3,3.00,10.70,13.70
1978,3125.27,1.553,-167.868,59.496,-895.081,59.496,4.34,1972.4,38.96,140.2,3.05,10.80,13.85
1979,3126.83,1.564,-167.046,59.564,-896.410,59.564,4.37,2000.0,39.22,141.2,3.05,10.90,13.95
1980,3128.41,1.574,-166.218,59.633,-897.746,59.633,4.39,2000.0,39.47,142.1,3.05,11.05,14.10
1981,3129.99,1.585,-165.383,59.702,-899.092,59.702,4.39,2000.0,39.73,143.0,3.05,11.15,14.20
1982,3131.59,1.595,-164.543,59.772,-900.445,59.772,4.39,2000.0,39.98,143.9,3.05,11.25,14.30
1983,3133.19,1.604,-163.697,59.841,-901.807,59.841,4.31,2000.0,40.22,144.8,3.10,11.35,14.45
1984,3134.81,1.614,-162.847,59.909,-903.177,59.909,4.22,2000.0,40.45,145.6,3.10,11.45,14.55
1985,3136.43,1.624,-161.992,59.976,-904.556,59.976,4.12,2000.0,40.71,146.6,3.10,11.55,14.65
1986,3138.07,1.633,-161.133,60.042,-905.943,60.042,4.01,2000.0,40.94,147.4,3.10,11.65,14.75
1987,3139.71,1.644,-160.269,60.107,-907.340,60.107,3.94,1630.9,41.20,148.3,3.10,11.75,14.85
1988,3141.37,1.653,-159.402,60.171,-908.746,60.171,3.93,1440.0,41.45,149.2,3.10,11.90,15.00
1989,3143.03,1.664,-158.531,60.237,-910.163,60.237,3.96,1359.8,41.73,150.2,3.10,12.00,15.10
1990,3144.54,1.506,-157.745,60.298,-911.446,60.298,4.07,1402.9,41.94,151.0,3.10,12.10,15.20
1991,3146.05,1.515,-156.955,60.361,-912.737,60.361,4.13,1547.9,42.18,151.8,3.10,12.20,15.30
1992,3147.58,1.522,-156.163,60.425,-914.036,60.425,4.19,1823.3,42.37,152.5,3.10,12.35,15.45
1993,3149.11,1.530,-155.369,60.488,-915.342,60.488,4.15,2000.0,42.59,153.3,3.10,12.45,15.55
1994,3150.64,1.537,-154.571,60.552,-916.654,60.552,4.14,2000.0,42.79,154.0,3.10,12.55,15.65
1995,3152.19,1.545,-153.770,60.614,-917.973,60.614,4.06,2000.0,43.00,154.8,3.10,12.65,15.75
1996,3153.74,1.552,-152.966,60.676,-919.299,60.676,3.99,2000.0,43.19,155.5,3.10,12.80,15.90
1997,3155.30,1.558,-152.158,60.736,-920.631,60.736,3.85,2000.0,43.37,156.1,3.10,12.90,16.00
1998,3156.87,1.566,-151.347,60.795,-921.969,60.795,3.77,2000.0,43.59,156.9,3.10,13.00,16.10
1999,3158.44,1.574,-150.531,60.854,-923.313,60.854,3.75,2000.0,43.81,157.7,3.10,13.15,16.25
2000,3160.02,1.581,-149.711,60.913,-924.664,60.913,3.75,2000.0,44.02,158.5,3.05,13.25,16.30
2001,3161.61,1.589,-148.886,60.973,-926.021,60.973,3.76,2000.0,44.23,159.2,3.05,13.35,16.40
2002,3163.21,1.597,-148.056,61.033,-927.384,61.033,3.78,2000.0,44.44,160.0,3.05,12.80,15.85
2003,3164.81,1.604,-147.222,61.094,-928.752,61.094,3.78,2000.0,44.64,160.7,3.05,12.90,15.95
2004,3166.43,1.610,-146.383,61.154,-930.125,61.154,3.76,2000.0,44.83,161.4,3.05,13.05,16.10
2005,3168.04,1.618,-145.539,61.215,-931.505,61.215,3.74,2000.0,45.03,162.1,3.05,13.15,16.20
2006,3169.67,1.624,-144.691,61.274,-932.889,61.274,3.66,2000.0,45.21,162.7,3.05,13.25,16.30
2007,3171.30,1.631,-143.839,61.332,-934.279,61.332,3.53,2000.0,45.38,163.4,3.05,13.40,16.45
2008,3172.94,1.636,-142.983,61.387,-935.671,61.387,3.39,1962.3,45.45,163.6,3.05,13.50,16.55
2009,3174.57,1.633,-142.127,61.442,-937.061,61.442,3.36,1948.5,45.27,163.0,3.05,13.60,16.65
2010,3176.19,1.623,-141.275,61.498,-938.441,61.498,3.43,1993.4,44.92,161.7,3.05,13.70,16.75
2011,3177.80,1.609,-140.429,61.553,-939.809,61.553,3.46,2000.0,44.53,160.3,3.10,13.80,16.90
2012,3179.40,1.595,-139.590,61.608,-941.164,61.608,3.45,2000.0,44.13,158.9,3.10,13.95,17.05
2013,3180.98,1.580,-138.757,61.662,-942.506,61.662,3.42,2000.0,43.71,157.4,3.10,14.05,17.15
2014,3182.55,1.566,-137.931,61.715,-943.836,61.715,3.35,2000.0,43.34,156.0,3.10,14.15,17.25
2015,3184.10,1.551,-137.112,61.766,-945.153,61.766,3.29,2000.0,42.90,154.4,3.10,14.25,17.35
2016,3185.64,1.536,-136.301,61.816,-946.456,61.816,3.29,2000.0,42.46,152.8,3.15,14.35,17.50
2017,3187.16,1.520,-135.497,61.865,-947.744,61.865,3.26,2000.0,42.05,151.4,3.15,14.45,17.60
2018,3188.66,1.506,-134.699,61.913,-949.020,61.913,3.14,2000.0,41.63,149.9,3.15,14.50,17.65
2019,3190.32,1.655,-133.821,61.964,-950.422,61.964,3.10,2000.0,41.15,148.1,3.20,14.60,17.80
2020,3191.95,1.635,-132.953,62.015,-951.807,62.015,3.11,2000.0,40.65,146.3,3.20,14.70,17.90
2021,3193.57,1.616,-132.094,62.065,-953.174,62.065,3.13,2000.0,40.21,144.7,3.20,14.80,18.00
2022,3195.17,1.599,-131.243,62.114,-954.527,62.114,3.02,2000.0,39.79,143.3,3.25,14.90,18.15
2023,3196.75,1.583,-130.400,62.159,-955.866,62.159,2.88,2000.0,39.39,141.8,3.25,15.00,18.25
2024,3198.32,1.566,-129.565,62.202,-957.190,62.202,2.76,2000.0,38.94,140.2,3.25,15.10,18.35
2025,3199.87,1.548,-128.739,62.245,-958.499,62.245,2.77,2000.0,38.49,138.6,3.30,15.20,18.50
2026,3201.40,1.530,-127.922,62.289,-959.791,62.289,2.86,2000.0,38.04,136.9,3.30,15.30,18.60
2027,3202.91,1.513,-127.114,62.333,-961.069,62.333,2.93,2000.0,37.63,135.5,3.35,15.35,18.70
2028,3204.56,1.646,-126.233,62.381,-962.458,62.381,2.90,2000.0,37.21,134.0,3.35,15.45,18.80
2029,3206.18,1.626,-125.363,62.427,-963.831,62.427,2.81,2000.0,36.74,132.3,3.40,16.25,19.65
2030,3207.79,1.606,-124.502,62.472,-965.187,62.472,2.83,2000.0,36.31,130.7,3.40,16.30,19.70
2031,3209.38,1.586,-123.652,62.518,-966.524,62.518,2.88,2000.0,35.84,129.0,3.45,16.40,19.85
2032,3210.95,1.568,-122.811,62.563,-967.846,62.563,2.91,1621.8,35.44,127.6,3.45,16.50,19.95
2033,3212.50,1.549,-121.978,62.608,-969.152,62.608,2.86,1264.5,35.03,126.1,3.50,16.55,20.05
2034,3214.03,1.533,-121.153,62.649,-970.443,62.649,2.68,971.6,34.65,124.7,3.55,16.65,20.20
2035,3215.54,1.515,-120.336,62.688,-971.718,62.688,2.60,750.3,34.24,123.3,3.55,16.70,20.25
2036,3217.18,1.632,-119.453,62.730,-973.090,62.730,2.58,571.6,33.79,121.6,3.60,16.80,20.40
2037,3218.79,1.611,-118.579,62.773,-974.442,62.773,2.65,444.8,33.38,120.2,3.65,16.85,20.50
2038,3220.38,1.592,-117.710,62.814,-975.775,62.814,2.55,355.4,32.96,118.6,3.70,16.90,20.60
2039,3221.95,1.571,-116.847,62.854,-977.087,62.854,2.58,291.1,32.55,117.2,3.75,17.00,20.75
2040,3223.51,1.552,-115.987,62.894,-978.378,62.894,2.55,244.1,32.13,115.7,3.80,17.05,20.85
2041,3225.04,1.532,-115.131,62.932,-979.649,62.932,2.52,210.8,31.74,114.3,3.85,17.05,20.90
2042,3226.55,1.513,-114.276,62.970,-980.896,62.970,2.48,186.7,31.34,112.8,3.95,17.10,21.05
2043,3228.17,1.618,-113.351,63.008,-982.223,63.008,2.36,165.3,30.90,111.2,4.05,17.10,21.15
2044,3229.77,1.595,-112.426,63.046,-983.522,63.046,2.39,151.2,30.49,109.8,4.15,17.10,21.25
2045,3231.34,1.574,-111.499,63.084,-984.794,63.084,2.40,141.0,30.08,108.3,4.30,17.10,21.40
2046,3232.90,1.553,-110.570,63.121,-986.038,63.121,2.42,133.4,29.69,106.9,4.45,17.05,21.50
2047,3234.43,1.533,-109.639,63.157,-987.255,63.157,2.31,127.5,29.29,105.4,4.60,17.05,21.65
2048,3235.94,1.512,-108.706,63.190,-988.444,63.190,2.23,123.5,28.90,104.0,4.80,16.95,21.75
2049,3237.55,1.606,-107.700,63.223,-989.695,63.223,2.05,118.0,28.47,102.5,5.00,7.35,12.35
2050,3239.13,1.582,-106.692,63.254,-990.915,63.254,1.94,112.4,28.05,101.0,5.25,7.15,12.40
2051,3240.69,1.559,-105.683,63.283,-992.101,63.283,1.84,107.0,27.65,99.5,5.45,7.00,12.45
2052,3242.23,1.536,-104.672,63.308,-993.258,63.308,1.63,101.4,27.24,98.1,5.75,6.85,12.60
2053,3243.74,1.514,-103.658,63.331,-994.382,63.331,1.52,96.3,26.85,96.7,6.05,6.65,12.70
2054,3245.34,1.598,-102.570,63.355,-995.552,63.355,1.50,91.8,26.44,95.2,6.45,6.45,12.90
2055,3246.92,1.573,-101.478,63.379,-996.684,63.379,1.55,87.9,26.03,93.7,5.20,6.25,11.45
2056,3248.47,1.550,-100.382,63.404,-997.780,63.404,1.61,84.5,25.65,92.3,5.50,6.05,11.55
2057,3250.00,1.528,-99.282,63.429,-998.840,63.429,1.64,81.7,25.30,91.1,5.75,5.80,11.55
2058,3251.51,1.508,-98.178,63.454,-999.866,63.454,1.65,78.8,24.98,89.9,6.05,5.60,11.65
2059,3253.10,1.589,-96.994,63.479,-1000.926,63.479,1.61,75.2,24.70,88.9,6.40,5.35,11.75
2060,3254.67,1.572,-95.800,63.506,-1001.948,63.506,1.70,72.4,24.44,88.0,6.70,5.15,11.85
2061,3256.23,1.556,-94.598,63.534,-1002.935,63.534,1.77,69.8,24.19,87.1,6.95,4.90,11.85
2062,3257.77,1.539,-93.387,63.561,-1003.885,63.561,1.75,67.1,23.93,86.1,7.20,4.70,11.90
2063,3259.29,1.522,-92.167,63.590,-1004.796,63.590,1.93,64.7,23.67,85.2,7.40,4.55,11.95
2064,3260.80,1.506,-90.940,63.622,-1005.668,63.622,2.10,62.6,23.42,84.3,7.55,4.40,11.95
2065,3262.39,1.584,-89.628,63.654,-1006.554,63.654,2.03,59.8,23.19,83.5,7.65,4.30,11.95
2066,3263.96,1.570,-88.305,63.683,-1007.400,63.683,1.84,57.1,23.00,82.8,7.75,4.20,11.95
2067,3265.52,1.556,-86.971,63.710,-1008.202,63.710,1.75,54.9,22.80,82.1,7.80,4.15,11.95
2068,3267.06,1.543,-85.626,63.737,-1008.958,63.737,1.74,53.0,22.61,81.4,7.90,4.10,12.00
2069,3268.59,1.531,-84.269,63.765,-1009.667,63.765,1.86,51.4,22.44,80.8,7.95,4.00,11.95
2070,3270.12,1.521,-82.902,63.791,-1010.332,63.791,1.70,50.2,22.29,80.2,8.05,3.95,12.00
2071,3271.63,1.509,-81.526,63.812,-1010.953,63.812,1.37,49.0,22.12,79.6,8.20,3.85,12.05
2072,3273.22,1.586,-80.060,63.834,-1011.557,63.834,1.42,47.5,21.95,79.0,8.30,3.80,12.10
2073,3274.79,1.574,-78.586,63.856,-1012.108,63.856,1.40,46.4,21.78,78.4,8.45,3.75,12.20
2074,3276.36,1.563,-77.104,63.879,-1012.603,63.879,1.43,45.6,21.64,77.9,8.55,3.70,12.25
2075,3277.91,1.554,-75.614,63.902,-1013.044,63.902,1.47,44.9,21.53,77.5,8.70,3.65,12.35
2076,3279.46,1.547,-74.116,63.925,-1013.430,63.925,1.54,44.7,21.44,77.2,8.85,3.55,12.40
2077,3281.01,1.540,-72.613,63.949,-1013.762,63.949,1.57,44.9,21.35,76.9,9.00,3.50,12.50
2078,3282.54,1.534,-71.105,63.969,-1014.045,63.969,1.30,44.9,21.27,76.6,9.15,3.40,12.55
2079,3284.07,1.529,-69.594,63.988,-1014.276,63.988,1.18,45.2,21.21,76.3,9.25,3.30,12.55
2080,3285.60,1.525,-68.080,64.006,-1014.453,64.006,1.23,45.7,21.16,76.2,9.35,3.20,12.55
2081,3287.12,1.523,-66.563,64.025,-1014.579,64.025,1.23,46.4,21.14,76.1,9.45,3.15,12.60
2082,3288.65,1.521,-65.043,64.044,-1014.654,64.044,1.26,47.3,21.13,76.1,9.55,3.05,12.60
2083,3290.17,1.521,-63.523,64.066,-1014.679,64.066,1.41,48.6,21.12,76.0,9.65,3.00,12.65
2084,3291.69,1.521,-62.002,64.086,-1014.657,64.086,1.35,49.7,21.12,76.0,9.80,2.95,12.75
2085,3293.22,1.521,-60.483,64.107,-1014.590,64.107,1.40,50.5,21.13,76.1,9.95,2.90,12.85
2086,3294.74,1.522,-58.965,64.130,-1014.476,64.130,1.50,51.2,21.15,76.1,10.10,2.85,12.95
2087,3296.27,1.523,-57.451,64.152,-1014.319,64.152,1.45,51.4,21.15,76.2,10.25,2.80,13.05
2088,3297.79,1.523,-55.941,64.172,-1014.118,64.172,1.32,51.4,21.17,76.2,10.40,2.70,13.10
2089,3299.32,1.524,-54.437,64.193,-1013.871,64.193,1.36,51.3,21.18,76.2,10.55,2.65,13.20
2090,3300.85,1.525,-52.940,64.216,-1013.579,64.216,1.49,51.3,21.19,76.3,10.65,2.55,13.20
2091,3302.38,1.526,-51.452,64.238,-1013.241,64.238,1.48,51.2,21.21,76.3,10.75,2.50,13.25
2092,3303.90,1.527,-49.973,64.261,-1012.859,64.261,1.49,51.1,21.22,76.4,10.80,2.40,13.20
2093,3305.44,1.528,-48.506,64.280,-1012.434,64.280,1.25,50.7,21.23,76.4,10.80,2.40,13.20
2094,3306.97,1.529,-47.050,64.298,-1011.964,64.298,1.16,50.3,21.25,76.5,10.80,2.35,13.15
2095,3308.50,1.531,-45.609,64.314,-1011.450,64.314,1.04,49.8,21.27,76.6,10.85,2.25,13.10
2096,3310.03,1.532,-44.183,64.328,-1010.891,64.328,0.94,49.2,21.29,76.6,10.90,2.20,13.10
2097,3311.57,1.533,-42.773,64.343,-1010.287,64.343,0.99,48.9,21.31,76.7,10.95,2.15,13.10
2098,3313.11,1.535,-41.383,64.360,-1009.637,64.360,1.10,48.8,21.33,76.8,11.00,2.10,13.10
2099,3314.64,1.536,-40.013,64.378,-1008.943,64.378,1.14,48.6,21.35,76.8,11.10,2.05,13.15
2100,3316.18,1.538,-38.665,64.397,-1008.204,64.397,1.23,48.4,21.37,76.9,11.15,2.00,13.15
2101,3317.72,1.539,-37.338,64.415,-1007.422,64.415,1.18,48.2,21.39,77.0,11.25,2.00,13.25
2102,3319.27,1.541,-36.036,64.430,-1006.600,64.430,0.97,48.0,21.41,77.1,11.25,1.95,13.20
2103,3320.81,1.542,-34.759,64.443,-1005.735,64.443,0.88,48.1,21.42,77.1,11.30,1.95,13.25
2104,3322.35,1.543,-33.513,64.459,-1004.826,64.459,0.99,48.9,21.44,77.2,11.30,1.95,13.25
2105,3323.90,1.544,-32.297,64.476,-1003.875,64.476,1.14,50.4,21.46,77.2,11.30,1.95,13.25
2106,3325.45,1.546,-31.110,64.495,-1002.884,64.495,1.23,52.6,21.48,77.3,11.40,1.95,13.35
2107,3327.00,1.548,-29.952,64.515,-1001.858,64.515,1.26,55.6,21.52,77.5,11.45,1.95,13.40
2108,3328.55,1.551,-28.821,64.535,-1000.797,64.535,1.30,59.3,21.56,77.6,11.60,1.95,13.55
2109,3330.10,1.553,-27.716,64.558,-999.705,64.558,1.45,63.2,21.60,77.8,11.70,2.00,13.70
2110,3331.66,1.557,-26.635,64.581,-998.584,64.581,1.50,66.6,21.66,78.0,11.75,2.00,13.75
2111,3333.22,1.562,-25.579,64.608,-997.434,64.608,1.75,69.7,21.73,78.2,11.80,2.05,13.85
2112,3334.79,1.568,-24.542,64.635,-996.258,64.635,1.70,72.1,21.82,78.5,11.80,2.10,13.90
2113,3336.37,1.574,-23.525,64.660,-995.057,64.660,1.58,73.3,21.91,78.9,11.85,2.15,14.00
2114,3337.95,1.581,-22.530,64.685,-993.828,64.685,1.57,74.1,22.01,79.2,11.85,2.25,14.10
2115,3339.45,1.500,-21.610,64.708,-992.643,64.708,1.54,75.2,22.11,79.6,11.85,2.35,14.20
2116,3340.96,1.507,-20.710,64.731,-991.436,64.731,1.54,76.0,22.20,79.9,11.80,2.50,14.30
2117,3342.47,1.513,-19.829,64.751,-990.205,64.751,1.32,76.6,22.30,80.3,11.70,2.70,14.40
2118,3343.99,1.520,-18.970,64.770,-988.951,64.770,1.24,77.3,22.40,80.6,11.60,2.90,14.50
2119,3345.52,1.527,-18.131,64.785,-987.675,64.785,0.98,77.6,22.51,81.0,11.50,3.20,14.70
2120,3347.06,1.534,-17.313,64.798,-986.376,64.798,0.86,77.5,22.62,81.4,11.35,3.50,14.85
2121,3348.60,1.542,-16.518,64.809,-985.055,64.809,0.73,76.7,22.73,81.8,11.20,3.80,15.00
2122,3350.15,1.550,-15.747,64.820,-983.711,64.820,0.68,76.2,22.85,82.3,11.00,4.10,15.10
2123,3351.71,1.558,-14.999,64.831,-982.344,64.831,0.71,75.8,22.98,82.7,10.75,4.40,15.15
2124,3353.28,1.568,-14.276,64.842,-980.953,64.842,0.72,75.7,23.14,83.3,10.40,4.80,15.20
2125,3354.86,1.581,-13.575,64.854,-979.535,64.854,0.72,75.8,23.37,84.1,10.00,5.20,15.20
2126,3356.36,1.504,-12.936,64.866,-978.173,64.866,0.81,76.6,23.62,85.0,9.70,5.65,15.35
2127,3357.88,1.521,-12.318,64.879,-976.784,64.879,0.89,76.8,23.88,86.0,10.55,6.05,16.60
2128,3359.42,1.538,-11.721,64.893,-975.366,64.893,0.90,77.2,24.17,87.0,10.05,6.50,16.55
2129,3360.98,1.556,-11.145,64.906,-973.921,64.906,0.86,77.8,24.44,88.0,9.55,6.95,16.50
2130,3362.55,1.574,-10.591,64.919,-972.448,64.919,0.77,78.3,24.74,89.1,9.05,7.45,16.50
2131,3364.15,1.595,-10.063,64.934,-970.943,64.934,0.96,78.8,25.07,90.3,8.50,7.85,16.35
2132,3365.66,1.514,-9.593,64.952,-969.504,64.952,1.21,80.9,25.37,91.3,8.05,8.25,16.30
2133,3367.19,1.531,-9.142,64.969,-968.041,64.969,1.08,83.0,25.65,92.3,7.60,8.65,16.25
2134,3368.74,1.549,-8.712,64.982,-966.553,64.982,0.87,85.5,25.97,93.5,7.15,9.05,16.20
2135,3370.31,1.570,-8.305,64.996,-965.037,64.996,0.88,88.7,26.33,94.8,6.70,9.40,16.10
2136,3371.90,1.590,-7.923,65.012,-963.494,65.012,1.04,92.8,26.66,96.0,6.30,9.75,16.05
2137,3373.41,1.503,-7.585,65.026,-962.030,65.026,0.91,97.2,27.01,97.2,5.95,10.05,16.00
2138,3374.93,1.523,-7.265,65.040,-960.540,65.040,0.88,101.4,27.36,98.5,5.60,10.30,15.90
2139,3376.47,1.545,-6.963,65.052,-959.026,65.052,0.81,105.7,27.78,100.0,5.30,10.55,15.85
2140,3378.04,1.569,-6.679,65.066,-957.483,65.066,0.86,110.5,28.20,101.5,5.00,10.80,15.80
2141,3379.63,1.590,-6.415,65.079,-955.915,65.079,0.83,115.0,28.57,102.9,4.75,11.05,15.80
2142,3381.24,1.612,-6.169,65.090,-954.322,65.090,0.72,118.3,28.97,104.3,4.50,11.25,15.75
2143,3382.76,1.518,-5.956,65.100,-952.819,65.100,0.67,123.6,29.37,105.7,4.30,11.45,15.75
2144,3384.30,1.537,-5.761,65.109,-951.295,65.109,0.59,128.4,29.71,106.9,4.10,11.60,15.70
2145,3385.85,1.554,-5.580,65.116,-949.752,65.116,0.40,132.2,30.06,108.2,3.90,11.75,15.65
2146,3387.43,1.574,-5.416,65.120,-948.186,65.120,0.29,134.6,30.46,109.6,3.75,11.90,15.65
2147,3389.02,1.594,-5.269,65.124,-946.599,65.124,0.23,136.3,30.81,110.9,3.60,12.00,15.60
2148,3390.63,1.611,-5.138,65.124,-944.993,65.124,0.00,134.9,31.16,112.2,3.45,12.10,15.55
2149,3392.14,1.504,-5.032,65.122,-943.492,65.122,-0.15,135.6,31.48,113.3,3.35,12.20,15.55
2150,3393.66,1.520,-4.940,65.118,-941.975,65.118,-0.27,137.8,31.81,114.5,3.30,12.30,15.60
2151,3395.19,1.537,-4.867,65.115,-940.440,65.115,-0.20,144.7,32.19,115.9,3.20,20.50,23.70
2152,3396.75,1.554,-4.812,65.113,-938.887,65.113,-0.07,157.3,32.55,117.2,3.15,20.50,23.65
2153,3398.32,1.571,-4.775,65.115,-937.316,65.115,0.10,177.1,32.88,118.4,3.15,20.55,23.70
2154,3399.91,1.588,-4.753,65.115,-935.728,65.115,0.01,204.8,33.25,119.7,3.10,20.55,23.65
2155,3401.51,1.602,-4.743,65.112,-934.126,65.112,-0.20,245.5,33.47,120.5,3.10,20.55,23.65
2156,3403.12,1.614,-4.740,65.102,-932.512,65.102,-0.63,296.9,33.79,121.6,3.10,20.55,23.65
2157,3404.76,1.632,-4.745,65.090,-930.880,65.090,-0.74,365.3,34.18,123.1,3.10,20.55,23.65
2158,3406.27,1.513,-4.757,65.080,-929.367,65.080,-0.67,468.7,34.56,124.4,3.15,20.50,23.65
2159,3407.80,1.529,-4.774,65.070,-927.838,65.070,-0.61,640.1,34.90,125.7,3.15,20.50,23.65
2160,3409.34,1.543,-4.796,65.061,-926.295,65.061,-0.64,974.6,35.19,126.7,3.20,20.45,23.65
2161,3410.90,1.555,-4.819,65.049,-924.740,65.049,-0.77,1949.3,35.48,127.7,3.20,20.45,23.65
2162,3412.46,1.569,-4.844,65.035,-923.171,65.035,-0.85,2000.0,35.81,128.9,3.20,20.40,23.60
2163,3414.05,1.583,-4.868,65.021,-921.589,65.021,-0.87,2000.0,36.12,130.0,3.25,20.35,23.60
2164,3415.65,1.597,-4.892,65.008,-919.992,65.008,-0.87,1864.6,36.45,131.2,3.25,20.35,23.60
2165,3417.26,1.611,-4.914,64.995,-918.381,64.995,-0.81,1403.0,36.75,132.3,3.30,20.30,23.60
2166,3418.88,1.625,-4.933,64.982,-916.756,64.982,-0.77,1218.9,37.07,133.5,3.30,20.30,23.60
2167,3420.52,1.638,-4.951,64.970,-915.118,64.970,-0.71,1151.1,37.37,134.5,3.30,20.25,23.55
2168,3422.02,1.501,-4.965,64.960,-913.617,64.960,-0.71,1165.6,37.65,135.6,3.35,20.25,23.60
2169,3423.53,1.512,-4.976,64.949,-912.105,64.949,-0.69,1223.0,37.93,136.5,3.35,20.25,23.60
2170,3425.06,1.522,-4.986,64.938,-910.582,64.938,-0.75,1312.2,38.18,137.4,3.35,20.20,23.55
2171,3426.59,1.533,-4.995,64.926,-909.049,64.926,-0.77,1428.2,38.46,138.4,3.35,20.20,23.55
2172,3428.13,1.545,-5.002,64.914,-907.504,64.914,-0.77,1580.4,38.76,139.5,3.40,20.20,23.60
2173,3429.69,1.557,-5.007,64.902,-905.948,64.902,-0.75,1768.1,39.04,140.5,3.40,20.20,23.60
2174,3431.26,1.567,-5.010,64.890,-904.381,64.890,-0.78,2000.0,39.29,141.5,3.40,20.15,23.55
2175,3432.83,1.577,-5.013,64.877,-902.804,64.877,-0.84,2000.0,39.56,142.4,3.40,20.15,23.55
2176,3434.42,1.589,-5.014,64.863,-901.214,64.863,-0.88,2000.0,39.86,143.5,3.40,20.15,23.55
2177,3436.02,1.599,-5.015,64.849,-899.615,64.849,-0.89,2000.0,40.09,144.3,3.45,20.15,23.60
2178,3437.63,1.610,-5.015,64.834,-898.005,64.834,-0.94,2000.0,40.38,145.4,3.45,20.10,23.55
2179,3439.25,1.622,-5.014,64.820,-896.384,64.820,-0.86,2000.0,40.68,146.4,3.45,20.10,23.55
2180,3440.89,1.633,-5.013,64.808,-894.751,64.808,-0.74,2000.0,40.94,147.4,3.45,20.10,23.55
2181,3442.53,1.644,-5.012,64.796,-893.107,64.796,-0.71,2000.0,41.21,148.4,3.45,20.10,23.55
2182,3444.19,1.654,-5.011,64.785,-891.453,64.785,-0.68,2000.0,41.47,149.3,3.45,20.10,23.55
2183,3445.85,1.664,-5.010,64.772,-889.789,64.772,-0.78,2000.0,41.72,150.2,3.50,20.10,23.60
2184,3447.36,1.506,-5.010,64.759,-888.283,64.759,-0.88,2000.0,41.90,150.8,3.50,20.05,23.55
2185,3448.87,1.513,-5.010,64.744,-886.770,64.744,-0.98,2000.0,42.14,151.7,3.50,20.05,23.55
2186,3450.39,1.523,-5.011,64.729,-885.247,64.729,-0.96,2000.0,42.43,152.7,3.50,20.05,23.55
2187,3451.92,1.532,-5.013,64.715,-883.715,64.715,-0.92,2000.0,42.64,153.5,3.50,20.05,23.55
2188,3453.46,1.539,-5.015,64.700,-882.176,64.700,-0.95,2000.0,42.85,154.3,3.55,20.00,23.55
2189,3455.01,1.548,-5.018,64.686,-880.629,64.686,-0.92,2000.0,43.11,155.2,3.55,20.00,23.55
2190,3456.57,1.557,-5.022,64.674,-879.072,64.674,-0.80,2000.0,43.35,156.1,3.55,20.00,23.55
2191,3458.13,1.565,-5.026,64.662,-877.507,64.662,-0.74,2000.0,43.56,156.8,3.55,20.00,23.55
2192,3459.70,1.572,-5.031,64.651,-875.935,64.651,-0.73,2000.0,43.76,157.6,3.60,19.95,23.55
2193,3461.28,1.580,-5.036,64.640,-874.355,64.640,-0.70,2000.0,44.00,158.4,3.60,19.95,23.55
2194,3462.87,1.588,-5.041,64.630,-872.767,64.630,-0.64,2000.0,44.22,159.2,3.60,19.95,23.55
2195,3464.47,1.596,-5.046,64.619,-871.171,64.619,-0.65,2000.0,44.41,159.9,3.65,19.95,23.60
2196,3466.07,1.599,-5.052,64.608,-869.572,64.608,-0.71,2000.0,44.41,159.9,3.65,19.90,23.55
2197,3467.66,1.598,-5.057,64.596,-867.974,64.596,-0.75,2000.0,44.36,159.7,2.20,19.90,22.10
2198,3469.26,1.596,-5.061,64.584,-866.378,64.584,-0.73,2000.0,44.32,159.5,2.20,19.90,22.10
2199,3470.86,1.595,-5.066,64.572,-864.784,64.572,-0.78,2000.0,44.27,159.4,2.25,19.95,22.20
2200,3472.45,1.593,-5.070,64.559,-863.191,64.559,-0.80,2000.0,44.23,159.2,2.25,19.95,22.20
2201,3474.04,1.591,-5.073,64.547,-861.600,64.547,-0.77,2000.0,44.18,159.1,2.25,20.00,22.25
2202,3475.63,1.590,-5.076,64.536,-860.010,64.536,-0.71,2000.0,44.14,158.9,2.25,20.00,22.25
2203,3477.22,1.588,-5.078,64.526,-858.422,64.526,-0.61,2000.0,44.09,158.7,2.30,20.05,22.35
2204,3478.80,1.587,-5.080,64.518,-856.836,64.518,-0.52,2000.0,44.08,158.7,2.30,20.10,22.40
2205,3480.40,1.591,-5.081,64.510,-855.244,64.510,-0.48,2000.0,44.29,159.4,2.30,20.10,22.40
2206,3481.99,1.598,-5.082,64.503,-853.646,64.503,-0.45,2000.0,44.48,160.1,2.30,20.15,22.45
2207,3483.60,1.605,-5.082,64.496,-852.041,64.496,-0.44,2000.0,44.67,160.8,2.30,20.20,22.50
2208,3485.21,1.612,-5.081,64.489,-850.429,64.489,-0.42,2000.0,44.86,161.5,2.35,20.25,22.60
2209,3486.83,1.619,-5.079,64.483,-848.810,64.483,-0.41,2000.0,45.04,162.1,2.35,20.25,22.60
2210,3488.45,1.625,-5.077,64.475,-847.185,64.475,-0.43,2000.0,45.22,162.8,2.35,20.35,22.70
2211,3490.09,1.631,-5.075,64.467,-845.554,64.467,-0.50,2000.0,45.38,163.4,2.35,20.45,22.80
2212,3491.72,1.637,-5.072,64.457,-843.917,64.457,-0.61,2000.0,45.55,164.0,2.35,20.55,22.90
2213,3493.37,1.644,-5.068,64.446,-842.273,64.446,-0.69,2000.0,45.74,164.7,2.35,20.65,23.00
2214,3495.02,1.650,-5.064,64.433,-840.623,64.433,-0.79,2000.0,45.91,165.3,2.35,20.75,23.10
2215,3496.67,1.656,-5.059,64.418,-838.968,64.418,-0.93,2000.0,46.04,165.7,2.40,20.85,23.25
2216,3498.33,1.661,-5.055,64.400,-837.307,64.400,-1.04,2000.0,46.25,166.5,2.40,20.95,23.35
2217,3500.00,1.670,-5.050,64.384,-835.637,64.384,-0.96,2000.0,46.47,167.3,2.40,21.05,23.45
2218,3501.68,1.676,-5.046,64.371,-833.961,64.371,-0.81,2000.0,46.63,167.9,2.40,21.15,23.55
2219,3503.36,1.683,-5.042,64.359,-832.278,64.359,-0.71,2000.0,46.83,168.6,2.40,21.30,23.70
2220,3504.86,1.501,-5.039,64.350,-830.777,64.350,-0.60,2000.0,46.98,169.1,2.40,21.45,23.85
2221,3506.37,1.506,-5.037,64.341,-829.271,64.341,-0.55,2000.0,47.12,169.6,2.40,21.60,24.00
2222,3507.88,1.511,-5.035,64.333,-827.761,64.333,-0.55,2000.0,47.27,170.2,2.40,21.70,24.10
2223,3509.40,1.515,-5.035,64.324,-826.246,64.324,-0.58,2000.0,47.42,170.7,2.40,21.85,24.25
2224,3510.92,1.520,-5.035,64.315,-824.725,64.315,-0.58,2000.0,47.57,171.2,2.45,22.00,24.45
2225,3512.44,1.525,-5.036,64.306,-823.201,64.306,-0.64,2000.0,47.72,171.8,2.45,22.15,24.60
2226,3513.97,1.530,-5.039,64.296,-821.671,64.296,-0.62,2000.0,47.87,172.3,2.45,22.30,24.75
2227,3515.50,1.535,-5.043,64.287,-820.136,64.287,-0.59,2000.0,48.03,172.9,2.45,22.40,24.85
2228,3517.04,1.540,-5.048,64.278,-818.596,64.278,-0.56,2000.0,48.20,173.5,2.50,22.55,25.05
2229,3518.59,1.545,-5.054,64.271,-817.052,64.271,-0.51,2000.0,48.33,174.0,2.50,22.70,25.20
2230,3520.14,1.549,-5.061,64.262,-815.503,64.262,-0.56,2000.0,48.48,174.5,2.50,22.85,25.35
2231,3521.69,1.554,-5.070,64.253,-813.949,64.253,-0.57,2000.0,48.62,175.0,2.55,22.95,25.50
2232,3523.25,1.559,-5.079,64.244,-812.390,64.244,-0.59,2000.0,48.78,175.6,2.55,23.10,25.65
2233,3524.81,1.564,-5.088,64.235,-810.826,64.235,-0.57,2000.0,48.92,176.1,2.55,23.25,25.80
2234,3526.38,1.568,-5.098,64.225,-809.258,64.225,-0.60,2000.0,49.08,176.7,2.60,23.50,26.10
2235,3527.96,1.573,-5.108,64.217,-807.685,64.217,-0.57,2000.0,49.23,177.2,2.60,23.80,26.40
2236,3529.53,1.578,-5.119,64.207,-806.107,64.207,-0.58,2000.0,49.38,177.8,2.65,24.10,26.75
2237,3531.12,1.582,-5.129,64.198,-804.525,64.198,-0.61,2000.0,49.51,178.2,2.65,24.40,27.05
2238,3532.70,1.587,-5.139,64.187,-802.938,64.187,-0.67,2000.0,49.66,178.8,2.65,24.70,27.35
2239,3534.25,1.551,-5.148,64.177,-801.387,64.177,-0.67,2000.0,49.81,179.3,2.70,25.00,27.70
2240,3535.80,1.546,-5.156,64.166,-799.841,64.166,-0.68,2000.0,49.96,179.9,2.70,25.25,27.95
2241,3537.34,1.544,-5.163,64.156,-798.297,64.156,-0.67,2000.0,50.11,180.4,2.70,25.55,28.25
2242,3538.89,1.546,-5.169,64.146,-796.752,64.146,-0.68,2000.0,50.25,180.9,2.75,25.85,28.60
2243,3540.44,1.552,-5.174,64.135,-795.200,64.135,-0.69,2000.0,50.41,181.5,2.75,26.15,28.90
2244,3541.99,1.553,-5.179,64.124,-793.646,64.124,-0.69,2000.0,50.55,182.0,2.75,26.45,29.20
2245,3543.55,1.557,-5.183,64.114,-792.089,64.114,-0.68,2000.0,50.68,182.4,2.80,26.20,29.00
2246,3545.11,1.561,-5.185,64.103,-790.528,64.103,-0.67,2000.0,50.78,182.8,2.80,25.80,28.60
2247,3546.68,1.565,-5.187,64.093,-788.962,64.093,-0.66,2000.0,50.98,183.5,2.80,25.40,28.20
2248,3548.25,1.572,-5.188,64.082,-787.391,64.082,-0.65,2000.0,51.13,184.1,2.80,25.00,27.80
2249,3549.82,1.573,-5.188,64.073,-785.817,64.073,-0.62,2000.0,51.26,184.5,2.85,24.65,27.50
2250,3551.40,1.577,-5.187,64.063,-784.240,64.063,-0.59,2000.0,51.42,185.1,2.85,24.25,27.10
2251,3552.98,1.582,-5.185,64.054,-782.658,64.054,-0.58,2000.0,51.57,185.7,2.85,23.85,26.70
2252,3554.56,1.582,-5.183,64.046,-781.076,64.046,-0.54,2000.0,51.71,186.2,2.85,23.45,26.30
2253,3556.15,1.584,-5.179,64.037,-779.493,64.037,-0.52,2000.0,51.84,186.6,2.85,23.10,25.95
2254,3557.74,1.587,-5.174,64.029,-777.905,64.029,-0.52,2000.0,51.98,187.1,2.84,23.36,26.20
2255,3559.32,1.589,-5.168,64.021,-776.316,64.021,-0.50,2000.0,52.12,187.6,2.83,23.61,26.45
2256,3560.91,1.589,-5.161,64.013,-774.727,64.013,-0.48,2000.0,52.26,188.2,2.83,23.87,26.70
2257,3562.51,1.594,-5.153,64.006,-773.134,64.006,-0.48,2000.0,52.40,188.7,2.82,24.13,26.95
2258,3564.11,1.603,-5.144,63.998,-771.531,63.998,-0.49,2000.0,52.54,189.2,2.81,24.39,27.20
2259,3565.72,1.612,-5.132,63.990,-769.918,63.990,-0.49,2000.0,52.68,189.7,2.80,24.64,27.45
2260,3567.34,1.620,-5.120,63.982,-768.299,63.982,-0.49,2000.0,52.82,190.2,2.80,24.90,27.70
2261,3568.97,1.628,-5.105,63.974,-766.671,63.974,-0.49,2000.0,52.96,190.7,2.79,25.16,27.95
2262,3570.60,1.632,-5.089,63.966,-765.039,63.966,-0.50,2000.0,53.10,191.2,2.78,25.42,28.20
