index,distance_m,segment_length_m,x,y,z,elevation_m,gradient_pct,radius_m,speed_ms,speed_kmh,width_left_m,width_right_m,width_total_m
0,0.00,1.713,-4.559,63.969,-763.759,63.969,0.00,2000.0,51.32,184.8,2.32,26.15,28.47
1,1.71,1.712,-4.548,63.960,-762.047,63.960,-0.51,2000.0,51.39,185.0,2.33,26.39,28.72
2,3.41,1.699,-4.537,63.952,-760.348,63.952,-0.52,2000.0,51.45,185.2,2.33,26.63,28.96
3,5.09,1.678,-4.528,63.943,-758.670,63.943,-0.52,2000.0,51.52,185.5,2.33,26.87,29.20
4,6.74,1.653,-4.519,63.934,-757.017,63.934,-0.53,2000.0,51.58,185.7,2.33,27.11,29.44
5,8.37,1.628,-4.511,63.926,-755.389,63.926,-0.53,2000.0,51.64,185.9,2.34,27.35,29.69
6,9.98,1.608,-4.505,63.917,-753.781,63.917,-0.54,2000.0,51.71,186.1,2.34,27.59,29.93
7,11.57,1.593,-4.500,63.908,-752.188,63.908,-0.54,2000.0,51.77,186.4,2.34,27.83,30.17
8,13.16,1.586,-4.496,63.900,-750.601,63.900,-0.54,2000.0,51.84,186.6,2.34,28.07,30.41
9,14.74,1.583,-4.492,63.891,-749.018,63.891,-0.55,2000.0,51.90,186.8,2.35,28.31,30.66
10,16.33,1.585,-4.490,63.882,-747.433,63.882,-0.55,2000.0,51.96,187.1,2.35,28.55,30.90
11,17.91,1.589,-4.488,63.874,-745.845,63.874,-0.55,2000.0,52.07,187.4,2.35,28.55,30.90
12,19.51,1.593,-4.487,63.865,-744.252,63.865,-0.54,2000.0,52.25,188.1,2.40,28.55,30.95
13,21.11,1.598,-4.487,63.856,-742.654,63.856,-0.54,2000.0,52.39,188.6,2.40,28.55,30.95
14,22.71,1.602,-4.487,63.848,-741.052,63.848,-0.54,2000.0,52.52,189.1,2.40,28.50,30.90
15,24.31,1.606,-4.488,63.839,-739.446,63.839,-0.53,2000.0,52.71,189.8,2.40,28.50,30.90
16,25.92,1.610,-4.489,63.831,-737.835,63.831,-0.53,2000.0,52.78,190.0,2.40,28.80,31.20
17,27.54,1.614,-4.491,63.822,-736.221,63.822,-0.53,2000.0,52.91,190.5,2.45,28.80,31.25
18,29.16,1.617,-4.492,63.814,-734.604,63.814,-0.54,2000.0,53.09,191.1,2.45,28.75,31.20
19,30.77,1.619,-4.494,63.805,-732.985,63.805,-0.55,2000.0,53.20,191.5,2.45,28.75,31.20
20,32.39,1.620,-4.496,63.795,-731.365,63.795,-0.56,2000.0,53.40,192.2,2.45,28.75,31.20
21,34.01,1.619,-4.498,63.786,-729.746,63.786,-0.59,2000.0,53.48,192.5,2.45,28.70,31.15
22,35.63,1.614,-4.499,63.776,-728.132,63.776,-0.61,2000.0,53.64,193.1,2.50,28.70,31.20
23,37.23,1.603,-4.500,63.766,-726.529,63.766,-0.64,2000.0,53.78,193.6,2.50,28.70,31.20
24,38.81,1.584,-4.501,63.755,-724.945,63.755,-0.66,2000.0,53.88,194.0,2.50,28.70,31.20
25,43.37,4.557,-4.500,63.722,-720.388,63.722,-0.73,2000.0,53.99,194.4,2.50,28.65,31.15
26,44.89,1.514,-4.498,63.711,-718.874,63.711,-0.76,2000.0,54.13,194.9,2.50,28.65,31.15
27,46.40,1.518,-4.494,63.700,-717.356,63.700,-0.72,2000.0,54.28,195.4,2.50,28.65,31.15
28,47.93,1.521,-4.490,63.690,-715.835,63.690,-0.64,2000.0,54.36,195.7,2.50,28.65,31.15
29,49.45,1.524,-4.485,63.680,-714.310,63.680,-0.65,2000.0,54.51,196.2,2.50,28.35,30.85
30,50.98,1.528,-4.479,63.671,-712.782,63.671,-0.58,2000.0,54.62,196.6,2.55,28.35,30.90
31,52.51,1.531,-4.472,63.663,-711.251,63.663,-0.55,2000.0,54.73,197.0,2.55,28.35,30.90
32,54.04,1.535,-4.464,63.655,-709.717,63.655,-0.52,2000.0,54.86,197.5,2.55,28.30,30.85
33,55.58,1.538,-4.455,63.647,-708.179,63.647,-0.54,2000.0,54.98,197.9,2.55,28.30,30.85
34,57.12,1.540,-4.446,63.637,-706.638,63.637,-0.64,2000.0,55.02,198.1,2.55,28.30,30.85
35,58.66,1.542,-4.437,63.624,-705.096,63.624,-0.81,2000.0,55.13,198.5,2.50,28.30,30.80
36,60.21,1.546,-4.427,63.611,-703.550,63.611,-0.88,2000.0,55.29,199.1,2.50,28.25,30.75
37,61.76,1.550,-4.416,63.598,-702.000,63.598,-0.84,2000.0,55.42,199.5,2.50,28.25,30.75
38,63.31,1.554,-4.405,63.585,-700.446,63.585,-0.79,2000.0,55.57,200.0,2.50,28.25,30.75
39,64.87,1.558,-4.393,63.574,-698.889,63.574,-0.72,2000.0,55.67,200.4,2.50,30.55,33.05
40,66.43,1.561,-4.381,63.563,-697.328,63.563,-0.72,2000.0,55.80,200.9,2.50,30.50,33.00
41,68.00,1.563,-4.368,63.551,-695.765,63.551,-0.75,2000.0,55.86,201.1,2.50,30.45,32.95
42,69.56,1.566,-4.355,63.538,-694.199,63.538,-0.84,2000.0,55.98,201.5,2.50,30.35,32.85
43,71.13,1.570,-4.342,63.525,-692.629,63.525,-0.86,2000.0,56.13,202.1,2.50,30.30,32.80
44,72.70,1.573,-4.328,63.511,-691.056,63.511,-0.85,2000.0,56.22,202.4,2.50,30.25,32.75
45,74.28,1.576,-4.314,63.497,-689.480,63.497,-0.89,2000.0,56.33,202.8,2.50,30.25,32.75
46,75.86,1.580,-4.300,63.483,-687.901,63.483,-0.91,2000.0,56.46,203.3,2.50,30.25,32.75
47,77.44,1.582,-4.285,63.468,-686.319,63.468,-0.91,2000.0,56.56,203.6,2.50,30.25,32.75
48,79.03,1.586,-4.270,63.454,-684.733,63.454,-0.88,2000.0,56.68,204.1,2.45,30.25,32.70
49,80.62,1.589,-4.255,63.442,-683.144,63.442,-0.80,2000.0,56.83,204.6,2.45,30.25,32.70
50,82.21,1.593,-4.240,63.431,-681.551,63.431,-0.67,2000.0,56.93,205.0,2.45,30.25,32.70
51,83.81,1.595,-4.225,63.422,-679.956,63.422,-0.58,2000.0,57.03,205.3,2.45,30.25,32.70
52,85.40,1.599,-4.210,63.413,-678.357,63.413,-0.56,2000.0,57.15,205.7,2.45,30.25,32.70
53,87.01,1.601,-4.195,63.404,-676.756,63.404,-0.56,2000.0,57.22,206.0,2.45,30.25,32.70
54,88.61,1.604,-4.181,63.394,-675.152,63.394,-0.60,2000.0,57.33,206.4,2.45,30.25,32.70
55,90.22,1.608,-4.166,63.385,-673.544,63.385,-0.61,2000.0,57.47,206.9,2.45,30.25,32.70
56,91.83,1.611,-4.151,63.375,-671.934,63.375,-0.59,2000.0,57.55,207.2,2.45,30.25,32.70
57,93.44,1.613,-4.137,63.365,-670.321,63.365,-0.63,2000.0,57.66,207.6,2.45,30.30,32.75
58,95.06,1.617,-4.122,63.355,-668.705,63.355,-0.63,2000.0,57.78,208.0,2.45,30.30,32.75
59,96.68,1.619,-4.108,63.344,-667.085,63.344,-0.63,2000.0,57.87,208.3,2.45,30.30,32.75
60,98.30,1.622,-4.094,63.334,-665.463,63.334,-0.64,2000.0,57.99,208.8,2.45,30.30,32.75
61,99.93,1.626,-4.081,63.324,-663.837,63.324,-0.63,2000.0,58.10,209.2,2.40,30.30,32.70
62,101.55,1.628,-4.067,63.313,-662.209,63.313,-0.64,2000.0,58.18,209.5,2.40,30.30,32.70
63,103.18,1.631,-4.054,63.302,-660.579,63.302,-0.70,2000.0,58.29,209.9,2.40,30.30,32.70
64,104.82,1.634,-4.042,63.291,-658.945,63.291,-0.70,2000.0,58.40,210.2,2.40,30.30,32.70
65,106.45,1.637,-4.030,63.278,-657.308,63.278,-0.75,2000.0,58.50,210.6,2.40,30.30,32.70
66,108.09,1.639,-4.018,63.265,-655.669,63.265,-0.80,2000.0,58.57,210.9,2.40,30.30,32.70
67,109.74,1.642,-4.007,63.250,-654.027,63.250,-0.89,2000.0,58.69,211.3,2.40,30.30,32.70
68,111.38,1.645,-3.996,63.236,-652.383,63.236,-0.88,2000.0,58.79,211.7,2.40,30.30,32.70
69,113.03,1.648,-3.987,63.221,-650.734,63.221,-0.88,2000.0,58.92,212.1,2.40,30.25,32.65
70,114.68,1.651,-3.978,63.208,-649.083,63.208,-0.83,2000.0,59.01,212.4,2.45,30.25,32.70
71,116.33,1.654,-3.970,63.194,-647.429,63.194,-0.81,2000.0,59.13,212.9,2.45,30.25,32.70
72,117.99,1.657,-3.963,63.181,-645.772,63.181,-0.79,2000.0,59.21,213.1,2.45,30.25,32.70
73,119.65,1.659,-3.957,63.168,-644.113,63.168,-0.83,2000.0,59.29,213.4,2.45,30.25,32.70
74,121.31,1.662,-3.952,63.154,-642.451,63.154,-0.82,2000.0,59.43,213.9,2.45,30.25,32.70
75,122.98,1.665,-3.947,63.141,-640.786,63.141,-0.75,2000.0,59.50,214.2,2.45,30.25,32.70
76,124.65,1.668,-3.944,63.130,-639.118,63.130,-0.70,2000.0,59.63,214.7,2.45,30.25,32.70
77,126.32,1.671,-3.941,63.119,-637.447,63.119,-0.60,2000.0,59.72,215.0,2.50,30.20,32.70
78,127.99,1.674,-3.938,63.110,-635.773,63.110,-0.56,2000.0,59.81,215.3,2.50,30.20,32.70
79,129.67,1.676,-3.936,63.101,-634.098,63.101,-0.53,2000.0,59.89,215.6,2.50,30.20,32.70
80,131.35,1.679,-3.935,63.093,-632.419,63.093,-0.51,2000.0,60.02,216.1,2.50,30.20,32.70
81,133.03,1.682,-3.933,63.085,-630.737,63.085,-0.46,2000.0,60.08,216.3,2.50,30.15,32.65
82,134.71,1.684,-3.931,63.077,-629.053,63.077,-0.47,2000.0,60.18,216.6,2.55,30.15,32.70
83,136.40,1.687,-3.930,63.069,-627.366,63.069,-0.47,2000.0,60.30,217.1,2.55,30.15,32.70
84,138.09,1.689,-3.928,63.061,-625.677,63.061,-0.46,2000.0,60.35,217.3,2.55,30.15,32.70
85,139.78,1.692,-3.925,63.052,-623.985,63.052,-0.52,2000.0,60.47,217.7,2.55,30.15,32.70
86,141.47,1.695,-3.922,63.043,-622.290,63.043,-0.53,2000.0,60.56,218.0,2.60,13.45,16.05
87,143.17,1.697,-3.919,63.034,-620.594,63.034,-0.58,2000.0,60.63,218.3,2.60,30.10,32.70
88,144.87,1.699,-3.915,63.023,-618.894,63.023,-0.64,2000.0,60.73,218.6,2.60,30.10,32.70
89,146.57,1.702,-3.910,63.012,-617.192,63.012,-0.66,2000.0,60.84,219.0,2.60,30.10,32.70
90,148.28,1.705,-3.904,63.000,-615.487,63.000,-0.69,2000.0,60.91,219.3,2.60,13.40,16.00
91,149.98,1.707,-3.898,62.987,-613.781,62.987,-0.75,2000.0,61.00,219.6,2.60,13.40,16.00
92,151.69,1.710,-3.891,62.974,-612.071,62.974,-0.77,2000.0,61.11,220.0,2.65,30.05,32.70
93,153.41,1.712,-3.883,62.961,-610.359,62.961,-0.77,2000.0,61.18,220.3,2.65,30.05,32.70
94,155.12,1.715,-3.873,62.947,-608.644,62.947,-0.78,2000.0,61.29,220.6,2.65,30.05,32.70
95,156.84,1.718,-3.863,62.934,-606.927,62.934,-0.76,2000.0,61.38,221.0,2.65,30.05,32.70
96,158.56,1.720,-3.852,62.921,-605.207,62.921,-0.78,2000.0,61.46,221.3,2.65,30.05,32.70
97,160.28,1.722,-3.839,62.907,-603.485,62.907,-0.79,2000.0,61.54,221.5,2.65,30.05,32.70
98,162.00,1.725,-3.826,62.893,-601.760,62.893,-0.81,2000.0,61.65,221.9,2.65,30.05,32.70
99,163.73,1.727,-3.810,62.879,-600.033,62.879,-0.79,2000.0,61.71,222.2,2.65,30.05,32.70
100,165.46,1.729,-3.794,62.866,-598.304,62.866,-0.80,2000.0,61.81,222.5,2.65,30.05,32.70
101,167.19,1.732,-3.776,62.852,-596.572,62.852,-0.76,2000.0,61.90,222.8,2.65,30.05,32.70
102,168.93,1.734,-3.757,62.839,-594.838,62.839,-0.74,2000.0,61.99,223.1,2.65,30.05,32.70
103,170.66,1.737,-3.736,62.827,-593.101,62.827,-0.70,2000.0,62.07,223.5,2.65,30.05,32.70
104,172.40,1.739,-3.715,62.816,-591.361,62.816,-0.68,2000.0,62.16,223.8,2.60,30.10,32.70
105,174.14,1.741,-3.691,62.803,-589.621,62.803,-0.71,2000.0,62.17,223.8,2.60,30.10,32.70
106,175.88,1.739,-3.667,62.790,-587.882,62.790,-0.75,2000.0,62.07,223.5,2.60,30.10,32.70
107,177.62,1.736,-3.642,62.777,-586.146,62.777,-0.79,2000.0,61.93,222.9,2.60,30.10,32.70
108,179.35,1.732,-3.616,62.763,-584.415,62.763,-0.80,2000.0,61.80,222.5,2.55,30.15,32.70
109,181.08,1.728,-3.589,62.748,-582.687,62.748,-0.84,2000.0,61.66,222.0,2.55,30.15,32.70
110,182.80,1.725,-3.561,62.734,-580.962,62.734,-0.85,2000.0,61.62,221.8,2.55,30.15,32.70
111,184.53,1.726,-3.533,62.719,-579.236,62.719,-0.85,2000.0,61.66,222.0,2.55,30.15,32.70
112,186.26,1.727,-3.505,62.704,-577.509,62.704,-0.87,2000.0,61.71,222.1,2.50,30.20,32.70
113,187.99,1.728,-3.475,62.688,-575.781,62.688,-0.93,2000.0,61.71,222.1,2.50,30.20,32.70
114,189.71,1.726,-3.446,62.672,-574.055,62.672,-0.90,2000.0,61.60,221.8,2.50,30.20,32.70
115,191.43,1.722,-3.416,62.657,-572.333,62.657,-0.89,2000.0,61.45,221.2,2.45,30.25,32.70
116,193.15,1.719,-3.386,62.641,-570.615,62.641,-0.89,2000.0,61.34,220.8,2.45,30.25,32.70
117,194.87,1.715,-3.356,62.625,-568.900,62.625,-0.96,2000.0,61.21,220.4,2.45,30.25,32.70
118,196.58,1.714,-3.325,62.609,-567.186,62.609,-0.95,2000.0,61.21,220.4,2.40,30.30,32.70
119,198.30,1.715,-3.294,62.593,-565.472,62.593,-0.93,2000.0,61.26,220.6,2.40,30.30,32.70
120,200.01,1.717,-3.263,62.576,-563.755,62.576,-0.95,2000.0,61.36,220.9,2.40,30.30,32.70
121,201.73,1.720,-3.232,62.560,-562.036,62.560,-0.95,2000.0,61.45,221.2,2.35,30.35,32.70
122,203.46,1.722,-3.201,62.543,-560.315,62.543,-1.00,2000.0,61.53,221.5,2.35,30.35,32.70
123,205.18,1.724,-3.170,62.524,-558.591,62.524,-1.08,2000.0,61.61,221.8,2.30,30.35,32.65
124,206.91,1.726,-3.138,62.504,-556.866,62.504,-1.17,2000.0,61.63,221.9,2.30,30.40,32.70
125,208.63,1.724,-3.107,62.484,-555.142,62.484,-1.19,2000.0,61.53,221.5,2.30,30.40,32.70
126,210.35,1.720,-3.075,62.463,-553.422,62.463,-1.20,2000.0,61.37,220.9,2.25,30.45,32.70
127,212.07,1.717,-3.044,62.443,-551.706,62.443,-1.16,2000.0,61.25,220.5,2.25,30.45,32.70
128,213.78,1.713,-3.014,62.423,-549.994,62.423,-1.18,2000.0,61.12,220.0,2.25,30.45,32.70
129,215.49,1.711,-2.983,62.403,-548.283,62.403,-1.16,2000.0,61.10,220.0,2.20,30.50,32.70
130,217.20,1.712,-2.953,62.384,-546.572,62.384,-1.14,2000.0,61.17,220.2,2.20,30.50,32.70
131,218.92,1.714,-2.923,62.365,-544.858,62.365,-1.09,2000.0,61.25,220.5,2.20,30.50,32.70
132,220.63,1.716,-2.895,62.347,-543.142,62.347,-1.06,2000.0,61.33,220.8,2.15,30.55,32.70
133,222.35,1.719,-2.866,62.329,-541.423,62.329,-1.01,2000.0,61.45,221.2,2.15,30.55,32.70
134,224.07,1.722,-2.839,62.313,-539.702,62.313,-0.96,2000.0,61.52,221.5,2.15,30.55,32.70
135,225.80,1.724,-2.813,62.296,-537.978,62.296,-0.97,2000.0,61.62,221.8,2.10,30.55,32.65
136,227.52,1.726,-2.788,62.279,-536.252,62.279,-0.97,2000.0,61.69,222.1,2.10,30.60,32.70
137,229.25,1.729,-2.765,62.262,-534.523,62.262,-0.99,2000.0,61.81,222.5,2.10,30.60,32.70
138,230.98,1.732,-2.743,62.245,-532.791,62.245,-0.99,1966.1,61.87,222.7,2.10,30.60,32.70
139,232.72,1.733,-2.722,62.227,-531.058,62.227,-1.02,1857.6,61.93,223.0,2.10,30.60,32.70
140,234.45,1.733,-2.703,62.209,-529.325,62.209,-1.04,1798.1,61.86,222.7,2.10,30.60,32.70
141,236.18,1.730,-2.686,62.191,-527.595,62.191,-1.06,1763.7,61.73,222.2,2.10,30.60,32.70
142,237.91,1.726,-2.670,62.173,-525.869,62.173,-1.07,1750.1,61.58,221.7,2.10,30.60,32.70
143,239.63,1.722,-2.657,62.155,-524.148,62.155,-1.04,1762.2,61.44,221.2,2.10,30.60,32.70
144,241.35,1.719,-2.645,62.136,-522.429,62.136,-1.07,1779.3,61.37,220.9,2.10,30.60,32.70
145,243.07,1.719,-2.634,62.117,-520.710,62.117,-1.09,1783.3,61.38,221.0,2.10,30.60,32.70
146,244.79,1.720,-2.626,62.098,-518.991,62.098,-1.11,1776.6,61.47,221.3,2.10,30.60,32.70
147,246.51,1.723,-2.619,62.080,-517.268,62.080,-1.08,1765.5,61.56,221.6,2.10,30.60,32.70
148,248.23,1.725,-2.613,62.061,-515.543,62.061,-1.06,1746.5,61.64,221.9,2.10,30.60,32.70
149,249.96,1.727,-2.610,62.043,-513.816,62.043,-1.08,1718.0,61.74,222.3,2.15,30.60,32.75
150,251.69,1.730,-2.608,62.024,-512.086,62.024,-1.07,1703.1,61.82,222.6,2.15,30.55,32.70
151,253.42,1.733,-2.607,62.006,-510.354,62.006,-1.07,1709.1,61.93,223.0,2.15,30.55,32.70
152,255.16,1.735,-2.609,61.988,-508.618,61.988,-1.06,1744.9,61.98,223.1,2.15,30.55,32.70
153,256.90,1.736,-2.612,61.968,-506.883,61.968,-1.10,1796.6,62.00,223.2,2.20,30.50,32.70
154,258.63,1.734,-2.618,61.949,-505.149,61.949,-1.10,1904.7,61.88,222.8,2.20,30.50,32.70
155,260.36,1.731,-2.625,61.931,-503.418,61.931,-1.08,2000.0,61.76,222.3,2.25,30.50,32.75
156,262.09,1.727,-2.633,61.911,-501.691,61.911,-1.14,2000.0,61.62,221.8,2.25,30.45,32.70
157,263.81,1.723,-2.642,61.891,-499.968,61.891,-1.19,2000.0,61.50,221.4,2.30,30.45,32.75
158,265.53,1.721,-2.653,61.869,-498.247,61.869,-1.24,2000.0,61.48,221.3,2.30,30.40,32.70
159,267.25,1.722,-2.665,61.848,-496.525,61.848,-1.22,2000.0,61.50,221.4,2.35,30.40,32.75
160,268.98,1.723,-2.678,61.827,-494.802,61.827,-1.25,2000.0,61.58,221.7,2.35,30.35,32.70
161,270.70,1.726,-2.692,61.806,-493.076,61.806,-1.21,2000.0,61.69,222.1,2.40,30.35,32.75
162,272.43,1.729,-2.706,61.786,-491.347,61.786,-1.16,2000.0,61.79,222.5,2.40,30.30,32.70
163,274.16,1.731,-2.722,61.766,-489.616,61.766,-1.14,2000.0,61.86,222.7,2.45,30.30,32.75
164,275.90,1.732,-2.739,61.746,-487.884,61.746,-1.17,2000.0,61.84,222.6,2.50,30.25,32.75
165,277.62,1.730,-2.757,61.725,-486.155,61.725,-1.16,2000.0,61.72,222.2,2.50,30.20,32.70
166,279.35,1.726,-2.777,61.706,-484.429,61.706,-1.15,2000.0,61.60,221.8,2.55,30.20,32.75
167,281.07,1.723,-2.797,61.685,-482.707,61.685,-1.22,2000.0,61.46,221.3,2.55,30.15,32.70
168,282.79,1.719,-2.818,61.663,-480.988,61.663,-1.28,2000.0,61.34,220.8,2.60,30.10,32.70
169,284.51,1.717,-2.839,61.639,-479.271,61.639,-1.37,2000.0,61.34,220.8,2.65,30.10,32.75
170,286.23,1.718,-2.862,61.615,-477.553,61.615,-1.41,2000.0,61.40,221.1,2.70,30.05,32.75
171,287.95,1.721,-2.885,61.591,-475.833,61.591,-1.40,2000.0,61.49,221.3,2.70,30.00,32.70
172,289.67,1.723,-2.910,61.567,-474.110,61.567,-1.39,2000.0,61.57,221.6,2.75,30.00,32.75
173,291.40,1.725,-2.935,61.543,-472.385,61.543,-1.39,2000.0,61.66,222.0,2.80,29.95,32.75
174,293.13,1.728,-2.961,61.519,-470.657,61.519,-1.39,2000.0,61.76,222.3,2.85,29.90,32.75
175,294.86,1.731,-2.988,61.495,-468.927,61.495,-1.37,2000.0,61.85,222.6,2.85,29.85,32.70
176,296.59,1.733,-3.016,61.471,-467.194,61.471,-1.35,2000.0,61.96,223.0,2.90,29.80,32.70
177,298.32,1.736,-3.044,61.449,-465.459,61.449,-1.31,2000.0,62.03,223.3,2.95,29.80,32.75
178,300.06,1.738,-3.074,61.426,-463.721,61.426,-1.31,2000.0,62.12,223.6,3.00,29.75,32.75
179,301.80,1.740,-3.103,61.403,-461.981,61.403,-1.31,2000.0,62.15,223.7,3.05,29.70,32.75
180,303.54,1.739,-3.133,61.380,-460.243,61.380,-1.32,2000.0,62.06,223.4,3.10,29.65,32.75
181,305.28,1.736,-3.164,61.357,-458.507,61.357,-1.35,2000.0,61.94,223.0,3.10,29.60,32.70
182,307.01,1.732,-3.194,61.332,-456.776,61.332,-1.42,2000.0,61.81,222.5,3.15,29.55,32.70
183,308.74,1.729,-3.225,61.306,-455.048,61.306,-1.52,2000.0,61.67,222.0,3.20,29.50,32.70
184,310.46,1.725,-3.256,61.279,-453.323,61.279,-1.55,2000.0,61.60,221.7,3.25,29.45,32.70
185,312.19,1.725,-3.287,61.252,-451.598,61.252,-1.61,2000.0,61.64,221.9,3.30,29.45,32.75
186,313.92,1.727,-3.319,61.224,-449.872,61.224,-1.60,2000.0,61.72,222.2,3.35,29.40,32.75
187,315.65,1.729,-3.350,61.197,-448.143,61.197,-1.57,2000.0,61.78,222.4,3.40,29.35,32.75
188,317.37,1.730,-3.382,61.170,-446.414,61.170,-1.56,2000.0,61.73,222.2,3.40,29.30,32.70
189,319.10,1.727,-3.414,61.144,-444.688,61.144,-1.53,2000.0,61.61,221.8,3.45,29.40,32.85
190,320.82,1.723,-3.445,61.118,-442.965,61.118,-1.51,2000.0,61.46,221.3,3.50,29.45,32.95
191,322.54,1.719,-3.477,61.092,-441.247,61.092,-1.50,2000.0,61.33,220.8,3.55,29.50,33.05
192,324.26,1.716,-3.508,61.066,-439.532,61.066,-1.52,2000.0,61.24,220.5,3.60,29.55,33.15
193,325.97,1.715,-3.540,61.039,-437.817,61.039,-1.56,2000.0,61.28,220.6,3.65,29.60,33.25
194,327.69,1.717,-3.571,61.013,-436.101,61.013,-1.52,2000.0,61.36,220.9,3.70,29.65,33.35
195,329.41,1.719,-3.602,60.988,-434.382,60.988,-1.46,2000.0,61.45,221.2,3.75,29.60,33.35
196,331.13,1.722,-3.633,60.963,-432.660,60.963,-1.42,2000.0,61.53,221.5,3.75,29.55,33.30
197,332.86,1.724,-3.663,60.939,-430.936,60.939,-1.41,2000.0,61.63,221.9,3.80,29.50,33.30
198,334.58,1.727,-3.693,60.915,-429.209,60.915,-1.38,2000.0,61.72,222.2,3.85,29.50,33.35
199,336.31,1.730,-3.722,60.891,-427.480,60.891,-1.39,2000.0,61.81,222.5,3.90,29.45,33.35
200,338.05,1.732,-3.751,60.867,-425.749,60.867,-1.40,2000.0,61.88,222.8,3.95,29.40,33.35
201,339.78,1.734,-3.780,60.842,-424.015,60.842,-1.43,2000.0,61.92,222.9,4.00,29.35,33.35
202,341.51,1.732,-3.808,60.818,-422.284,60.818,-1.40,2000.0,61.81,222.5,4.05,29.30,33.35
203,343.24,1.728,-3.835,60.794,-420.556,60.794,-1.40,2000.0,61.67,222.0,4.05,29.25,33.30
204,344.96,1.725,-3.862,60.769,-418.831,60.769,-1.46,2000.0,61.57,221.7,4.10,29.25,33.35
205,346.69,1.722,-3.888,60.742,-417.110,60.742,-1.56,2000.0,61.42,221.1,4.15,29.20,33.35
206,348.40,1.719,-3.914,60.715,-415.391,60.715,-1.56,2000.0,61.38,221.0,4.20,29.15,33.35
207,350.12,1.719,-3.941,60.689,-413.673,60.689,-1.51,2000.0,61.41,221.1,4.25,29.10,33.35
208,351.84,1.720,-3.967,60.662,-411.953,60.662,-1.56,2000.0,61.48,221.3,4.30,29.05,33.35
209,353.57,1.722,-3.994,60.635,-410.231,60.635,-1.59,2000.0,61.52,221.5,4.30,29.05,33.35
210,355.29,1.722,-4.021,60.607,-408.510,60.607,-1.61,2000.0,61.45,221.2,4.35,22.45,26.80
211,357.01,1.719,-4.048,60.580,-406.791,60.580,-1.60,2000.0,61.34,220.8,4.40,22.10,26.50
212,358.72,1.715,-4.075,60.552,-405.076,60.552,-1.63,2000.0,61.20,220.3,4.45,21.75,26.20
213,360.43,1.711,-4.103,60.524,-403.365,60.524,-1.62,2000.0,61.06,219.8,4.50,21.40,25.90
214,362.14,1.709,-4.132,60.496,-401.657,60.496,-1.62,2000.0,61.01,219.7,4.55,21.05,25.60
215,363.85,1.709,-4.160,60.468,-399.948,60.468,-1.63,2000.0,61.06,219.8,4.60,20.70,25.30
216,365.56,1.711,-4.190,60.440,-398.238,60.440,-1.65,2000.0,61.14,220.1,4.65,20.35,25.00
217,367.28,1.713,-4.220,60.411,-396.525,60.411,-1.68,2000.0,61.22,220.4,4.65,20.00,24.65
218,368.99,1.716,-4.250,60.382,-394.810,60.382,-1.72,2000.0,61.32,220.8,4.70,19.65,24.35
219,370.71,1.718,-4.281,60.352,-393.092,60.352,-1.75,2000.0,61.40,221.0,4.75,19.30,24.05
220,372.43,1.721,-4.312,60.321,-391.372,60.321,-1.81,2000.0,61.51,221.4,4.80,18.95,23.75
221,374.15,1.724,-4.344,60.290,-389.649,60.290,-1.79,2000.0,61.59,221.7,4.85,18.60,23.45
222,375.88,1.727,-4.376,60.259,-387.922,60.259,-1.79,2000.0,61.72,222.2,4.90,18.25,23.15
223,377.61,1.729,-4.409,60.228,-386.194,60.228,-1.78,2000.0,61.76,222.3,4.95,17.90,22.85
224,379.34,1.730,-4.442,60.196,-384.465,60.196,-1.85,2000.0,61.79,222.4,5.00,17.55,22.55
225,381.07,1.728,-4.475,60.165,-382.737,60.165,-1.83,2000.0,61.67,222.0,5.05,17.20,22.25
226,382.79,1.725,-4.508,60.133,-381.013,60.133,-1.82,2000.0,61.55,221.6,5.10,16.85,21.95
227,384.51,1.721,-4.541,60.102,-379.292,60.102,-1.83,2000.0,61.40,221.0,5.15,16.65,21.80
228,386.23,1.717,-4.574,60.071,-377.576,60.071,-1.81,2000.0,61.28,220.6,5.20,16.60,21.80
229,387.95,1.715,-4.607,60.039,-375.861,60.039,-1.86,2000.0,61.27,220.6,5.25,16.50,21.75
230,389.66,1.716,-4.639,60.007,-374.145,60.007,-1.85,2000.0,61.33,220.8,5.25,16.45,21.70
231,391.38,1.719,-4.672,59.976,-372.427,59.976,-1.79,2000.0,61.42,221.1,5.30,16.35,21.65
232,393.10,1.721,-4.704,59.947,-370.707,59.947,-1.71,2000.0,61.50,221.4,5.35,16.30,21.65
233,394.83,1.724,-4.737,59.919,-368.984,59.919,-1.65,2000.0,61.61,221.8,5.40,16.25,21.65
234,396.55,1.727,-4.769,59.891,-367.258,59.891,-1.60,2000.0,61.69,222.1,5.45,16.15,21.60
235,398.28,1.729,-4.801,59.864,-365.530,59.864,-1.58,2000.0,61.77,222.4,5.50,16.10,21.60
236,400.01,1.731,-4.833,59.837,-363.799,59.837,-1.57,2000.0,61.89,222.8,5.55,16.00,21.55
237,401.75,1.734,-4.864,59.810,-362.065,59.810,-1.54,2000.0,61.97,223.1,5.60,15.95,21.55
238,403.48,1.736,-4.896,59.783,-360.329,59.783,-1.55,2000.0,62.04,223.3,5.65,15.90,21.55
239,405.22,1.738,-4.927,59.755,-358.592,59.755,-1.61,2000.0,62.05,223.4,5.70,15.80,21.50
240,406.96,1.735,-4.958,59.726,-356.857,59.726,-1.64,2000.0,61.92,222.9,5.75,15.75,21.50
241,408.69,1.731,-4.990,59.697,-355.127,59.697,-1.67,2000.0,61.72,222.2,5.75,15.70,21.45
242,410.41,1.724,-5.021,59.669,-353.404,59.669,-1.68,2000.0,61.46,221.3,5.80,15.60,21.40
243,412.13,1.716,-5.052,59.639,-351.688,59.639,-1.71,2000.0,61.16,220.2,5.85,15.45,21.30
244,413.83,1.707,-5.084,59.609,-349.981,59.609,-1.75,2000.0,60.83,219.0,5.90,15.35,21.25
245,415.53,1.697,-5.115,59.580,-348.285,59.580,-1.72,2000.0,60.48,217.7,5.95,15.25,21.20
246,417.22,1.689,-5.147,59.551,-346.597,59.551,-1.74,2000.0,60.18,216.7,6.00,15.15,21.15
247,418.90,1.680,-5.179,59.520,-344.918,59.520,-1.82,2000.0,59.83,215.4,6.05,15.00,21.05
248,420.57,1.670,-5.212,59.489,-343.248,59.489,-1.86,2000.0,59.49,214.2,6.10,14.90,21.00
249,422.23,1.659,-5.245,59.458,-341.590,59.458,-1.85,2000.0,59.08,212.7,6.15,14.80,20.95
250,423.88,1.649,-5.278,59.428,-339.941,59.428,-1.84,2000.0,58.75,211.5,6.20,14.70,20.90
251,425.52,1.639,-5.312,59.398,-338.303,59.398,-1.85,2000.0,58.37,210.1,6.20,14.60,20.80
252,427.14,1.628,-5.347,59.368,-336.676,59.368,-1.80,2000.0,57.98,208.7,6.25,14.45,20.70
253,428.76,1.618,-5.383,59.340,-335.058,59.340,-1.79,2000.0,57.66,207.6,6.30,14.35,20.65
254,430.37,1.609,-5.419,59.310,-333.450,59.310,-1.82,2000.0,57.34,206.4,6.35,14.25,20.60
255,431.97,1.600,-5.455,59.280,-331.850,59.280,-1.92,2000.0,56.97,205.1,6.40,14.15,20.55
256,433.56,1.589,-5.493,59.249,-330.262,59.249,-1.91,2000.0,56.60,203.8,6.45,14.00,20.45
257,435.14,1.579,-5.531,59.219,-328.684,59.219,-1.91,2000.0,56.26,202.5,6.50,13.90,20.40
258,436.71,1.570,-5.570,59.188,-327.114,59.188,-1.97,2000.0,55.95,201.4,6.55,13.80,20.35
259,438.27,1.562,-5.610,59.156,-325.553,59.156,-2.08,2000.0,55.63,200.3,6.60,13.70,20.30
260,439.82,1.553,-5.650,59.121,-324.002,59.121,-2.22,2000.0,55.31,199.1,6.65,13.55,20.20
261,441.37,1.542,-5.690,59.086,-322.461,59.086,-2.30,2000.0,54.90,197.6,6.70,13.45,20.15
262,442.90,1.530,-5.731,59.051,-320.931,59.051,-2.31,2000.0,54.44,196.0,6.75,13.25,20.00
263,444.41,1.517,-5.772,59.017,-319.416,59.017,-2.24,2000.0,53.97,194.3,6.80,13.05,19.85
264,445.92,1.504,-5.814,58.984,-317.913,58.984,-2.15,2000.0,53.50,192.6,6.85,12.85,19.70
265,447.62,1.704,-5.863,58.950,-316.210,58.950,-2.02,2000.0,53.10,191.2,6.95,12.60,19.55
266,449.31,1.692,-5.912,58.916,-314.518,58.916,-2.02,2000.0,52.71,189.8,7.00,12.35,19.35
267,450.99,1.678,-5.962,58.882,-312.842,58.882,-2.01,2000.0,52.22,188.0,7.05,12.10,19.15
268,452.65,1.663,-6.012,58.850,-311.180,58.850,-1.94,2000.0,51.78,186.4,7.10,11.85,18.95
269,454.30,1.649,-6.062,58.818,-309.532,58.818,-1.94,2000.0,51.32,184.7,7.15,11.60,18.75
270,455.94,1.632,-6.113,58.788,-307.900,58.788,-1.82,2000.0,50.78,182.8,7.20,11.40,18.60
271,457.55,1.617,-6.163,58.761,-306.285,58.761,-1.67,2000.0,50.33,181.2,7.25,11.15,18.40
272,459.16,1.603,-6.213,58.735,-304.683,58.735,-1.60,2000.0,49.90,179.7,7.35,10.90,18.25
273,460.75,1.591,-6.263,58.709,-303.093,58.709,-1.66,2000.0,49.57,178.5,7.40,10.65,18.05
274,462.33,1.580,-6.312,58.680,-301.514,58.680,-1.86,2000.0,49.22,177.2,7.45,10.45,17.90
275,463.89,1.568,-6.361,58.648,-299.948,58.648,-2.02,2000.0,48.79,175.6,7.50,10.20,17.70
276,465.45,1.554,-6.410,58.616,-298.395,58.616,-2.07,2000.0,48.37,174.1,7.55,10.00,17.55
277,466.99,1.539,-6.458,58.584,-296.857,58.584,-2.07,2000.0,47.90,172.4,7.60,9.75,17.35
278,468.51,1.526,-6.505,58.552,-295.332,58.552,-2.10,2000.0,47.53,171.1,7.65,9.55,17.20
279,470.03,1.514,-6.551,58.520,-293.819,58.520,-2.13,2000.0,47.12,169.6,7.65,9.30,16.95
280,471.53,1.502,-6.597,58.487,-292.318,58.487,-2.20,2000.0,46.81,168.5,7.70,9.10,16.80
281,473.20,1.673,-6.648,58.449,-290.646,58.449,-2.22,2000.0,46.23,166.4,7.70,8.85,16.55
282,474.86,1.657,-6.698,58.414,-288.991,58.414,-2.15,2000.0,45.80,164.9,7.70,8.55,16.25
283,476.50,1.639,-6.748,58.379,-287.353,58.379,-2.10,2000.0,45.33,163.2,7.70,8.30,16.00
284,478.12,1.622,-6.797,58.347,-285.732,58.347,-1.99,2000.0,44.85,161.5,7.65,8.05,15.70
285,479.72,1.606,-6.845,58.317,-284.127,58.317,-1.85,2000.0,44.42,159.9,7.60,7.80,15.40
286,481.32,1.594,-6.894,58.287,-282.535,58.287,-1.94,2000.0,44.10,158.8,7.50,7.55,15.05
287,482.90,1.578,-6.943,58.254,-280.958,58.254,-2.05,2000.0,43.65,157.2,7.45,7.35,14.80
288,484.46,1.563,-6.992,58.220,-279.396,58.220,-2.17,1993.1,43.20,155.5,7.40,7.10,14.50
289,486.00,1.545,-7.042,58.188,-277.852,58.188,-2.12,1731.6,42.72,153.8,7.30,6.85,14.15
290,487.53,1.530,-7.094,58.156,-276.323,58.156,-2.05,1592.7,42.33,152.4,7.20,6.60,13.80
291,489.05,1.516,-7.146,58.125,-274.808,58.125,-2.08,1520.9,41.95,151.0,7.15,6.35,13.50
292,490.55,1.502,-7.199,58.093,-273.307,58.093,-2.14,1506.9,41.57,149.6,7.05,6.15,13.20
293,492.21,1.653,-7.260,58.056,-271.656,58.056,-2.21,1492.8,41.11,148.0,6.95,5.85,12.80
294,493.84,1.635,-7.322,58.019,-270.023,58.019,-2.25,1496.6,40.68,146.5,6.85,5.70,12.55
295,495.46,1.617,-7.385,57.982,-268.408,57.982,-2.28,1525.7,40.19,144.7,6.75,5.75,12.50
296,497.06,1.601,-7.449,57.945,-266.809,57.945,-2.31,1576.9,39.85,143.4,6.65,5.80,12.45
297,498.64,1.583,-7.514,57.907,-265.228,57.907,-2.40,1645.9,39.36,141.7,6.50,5.85,12.35
298,500.21,1.565,-7.579,57.871,-263.665,57.871,-2.34,1810.7,38.94,140.2,6.40,5.90,12.30
299,501.75,1.549,-7.646,57.836,-262.118,57.836,-2.24,2000.0,38.55,138.8,6.25,5.95,12.20
300,503.29,1.532,-7.713,57.803,-260.588,57.803,-2.14,2000.0,38.10,137.2,6.15,6.00,12.15
301,504.80,1.519,-7.780,57.770,-259.071,57.770,-2.23,2000.0,37.79,136.0,6.05,6.10,12.15
302,506.31,1.502,-7.847,57.735,-257.571,57.735,-2.31,2000.0,37.39,134.6,5.90,6.15,12.05
303,507.94,1.634,-7.921,57.696,-255.939,57.696,-2.42,2000.0,36.98,133.1,5.75,6.25,12.00
304,509.56,1.617,-7.995,57.652,-254.324,57.652,-2.68,2000.0,36.52,131.5,5.65,6.35,12.00
305,511.15,1.596,-8.068,57.609,-252.730,57.609,-2.71,2000.0,36.07,129.9,5.50,6.50,12.00
306,512.73,1.578,-8.142,57.564,-251.155,57.564,-2.85,1897.1,35.66,128.4,5.40,6.60,12.00
307,514.29,1.558,-8.216,57.520,-249.599,57.520,-2.83,1554.2,35.22,126.8,5.30,6.70,12.00
308,515.83,1.540,-8.291,57.476,-248.061,57.476,-2.87,1277.3,34.84,125.4,5.15,6.80,11.95
309,517.35,1.522,-8.366,57.431,-246.541,57.431,-2.96,1072.5,34.41,123.9,5.05,6.95,12.00
310,518.86,1.505,-8.442,57.387,-245.039,57.387,-2.89,933.5,34.01,122.4,4.95,7.05,12.00
311,520.48,1.624,-8.528,57.342,-243.418,57.342,-2.82,811.2,33.67,121.2,4.85,7.20,12.05
312,522.09,1.605,-8.616,57.295,-241.817,57.295,-2.89,731.9,33.24,119.7,4.75,7.30,12.05
313,523.67,1.587,-8.706,57.249,-240.233,57.249,-2.90,682.5,32.86,118.3,4.65,7.45,12.10
314,525.24,1.567,-8.799,57.205,-238.670,57.205,-2.81,653.7,32.50,117.0,4.55,7.55,12.10
315,526.79,1.550,-8.895,57.160,-237.124,57.160,-2.91,630.7,32.09,115.5,4.45,7.70,12.15
316,528.32,1.530,-8.993,57.117,-235.598,57.117,-2.81,620.1,31.73,114.2,4.35,7.80,12.15
317,529.83,1.513,-9.094,57.072,-234.089,57.072,-2.99,598.2,31.34,112.8,4.25,7.95,12.20
318,531.45,1.618,-9.206,57.023,-232.475,57.023,-3.05,563.4,30.97,111.5,4.10,8.10,12.20
319,533.05,1.597,-9.321,56.970,-230.883,56.970,-3.28,524.2,30.52,109.9,4.00,8.25,12.25
320,534.62,1.576,-9.439,56.916,-229.312,56.916,-3.45,493.7,30.09,108.3,3.95,8.35,12.30
321,536.18,1.554,-9.559,56.862,-227.764,56.862,-3.47,471.8,29.70,106.9,3.85,8.50,12.35
322,537.71,1.532,-9.684,56.810,-226.238,56.810,-3.37,465.2,29.28,105.4,3.75,8.65,12.40
323,539.22,1.513,-9.813,56.761,-224.731,56.761,-3.30,474.8,28.89,104.0,3.65,8.75,12.40
324,540.83,1.605,-9.956,56.710,-223.133,56.710,-3.16,501.9,28.50,102.6,4.40,8.90,13.30
325,542.41,1.583,-10.101,56.655,-221.558,56.655,-3.50,532.0,28.04,100.9,4.30,9.00,13.30
326,543.97,1.558,-10.249,56.598,-220.008,56.598,-3.63,564.8,27.64,99.5,4.20,9.15,13.35
327,545.50,1.534,-10.398,56.543,-218.482,56.543,-3.59,603.0,27.21,98.0,4.15,9.25,13.40
328,547.01,1.513,-10.549,56.490,-216.978,56.490,-3.49,639.8,26.83,96.6,4.10,9.40,13.50
329,548.61,1.600,-10.712,56.435,-215.388,56.435,-3.47,666.6,26.50,95.4,4.00,9.55,13.55
330,550.19,1.580,-10.877,56.380,-213.817,56.380,-3.49,703.2,26.20,94.3,3.95,9.65,13.60
331,551.75,1.559,-11.044,56.326,-212.269,56.326,-3.47,746.3,25.83,93.0,3.85,9.80,13.65
332,553.29,1.540,-11.211,56.274,-210.739,56.274,-3.34,785.1,25.49,91.8,3.80,9.90,13.70
333,554.81,1.520,-11.379,56.222,-209.230,56.222,-3.47,825.3,25.18,90.6,3.75,10.05,13.80
334,556.41,1.599,-11.559,56.165,-207.642,56.165,-3.54,877.7,24.82,89.4,3.65,10.20,13.85
335,557.99,1.577,-11.740,56.107,-206.077,56.107,-3.69,937.2,24.46,88.0,3.60,10.30,13.90
336,559.54,1.554,-11.920,56.049,-204.534,56.049,-3.71,1008.2,24.14,86.9,3.55,10.45,14.00
337,561.07,1.532,-12.100,55.991,-203.014,55.991,-3.83,1075.4,23.77,85.6,3.45,10.60,14.05
338,562.58,1.511,-12.280,55.934,-201.515,55.934,-3.78,1130.5,23.45,84.4,3.40,10.70,14.10
339,564.17,1.581,-12.470,55.872,-199.947,55.872,-3.89,1160.0,23.07,83.0,7.70,10.85,18.55
340,565.72,1.557,-12.659,55.812,-198.402,55.812,-3.88,1121.2,22.75,81.9,7.65,11.00,18.65
341,567.25,1.532,-12.846,55.749,-196.883,55.749,-4.12,1041.4,22.34,80.4,7.60,11.10,18.70
342,568.76,1.509,-13.033,55.687,-195.387,55.687,-4.11,939.5,22.00,79.2,7.55,11.25,18.80
343,570.33,1.569,-13.230,55.624,-193.831,55.624,-4.02,828.1,21.65,77.9,7.50,11.40,18.90
344,571.88,1.545,-13.426,55.562,-192.301,55.562,-3.99,736.8,21.26,76.5,7.45,11.50,18.95
345,573.39,1.517,-13.623,55.501,-190.797,55.501,-4.01,676.8,20.91,75.3,7.40,11.65,19.05
346,574.97,1.572,-13.829,55.431,-189.240,55.431,-4.44,625.5,20.50,73.8,7.35,11.80,19.15
347,576.51,1.543,-14.036,55.363,-187.713,55.363,-4.46,601.1,20.11,72.4,7.30,11.90,19.20
348,578.02,1.513,-14.244,55.299,-186.216,55.299,-4.19,600.0,19.73,71.0,7.25,12.05,19.30
349,579.58,1.562,-14.462,55.238,-184.671,55.238,-3.95,607.5,19.34,69.6,7.20,12.15,19.35
350,581.11,1.530,-14.679,55.173,-183.157,55.173,-4.24,626.6,18.93,68.2,7.15,12.30,19.45
351,582.69,1.572,-14.907,55.108,-181.603,55.108,-4.13,654.6,18.52,66.7,7.15,12.40,19.55
352,584.22,1.538,-15.133,55.048,-180.083,55.048,-3.94,678.0,18.12,65.2,7.10,12.50,19.60
353,585.73,1.503,-15.357,54.986,-178.598,54.986,-4.09,690.1,17.71,63.8,7.10,12.65,19.75
354,587.27,1.538,-15.590,54.920,-177.079,54.920,-4.28,701.8,17.26,62.1,7.05,12.75,19.80
355,588.83,1.568,-15.830,54.848,-175.531,54.848,-4.61,711.0,16.82,60.6,7.05,12.85,19.90
356,590.36,1.527,-16.067,54.775,-174.025,54.775,-4.80,734.7,16.38,59.0,7.00,12.95,19.95
357,591.91,1.549,-16.311,54.705,-172.497,54.705,-4.55,784.4,15.92,57.3,7.00,13.05,20.05
358,593.42,1.507,-16.553,54.639,-171.011,54.639,-4.38,871.3,15.52,55.9,7.00,13.15,20.15
359,594.95,1.535,-16.802,54.574,-169.498,54.574,-4.21,1007.5,15.19,54.7,6.95,13.25,20.20
360,596.51,1.560,-17.056,54.509,-167.960,54.509,-4.20,1140.8,14.84,53.4,6.95,13.35,20.30
361,598.04,1.524,-17.307,54.443,-166.458,54.443,-4.28,1146.4,14.48,52.1,6.95,13.45,20.40
362,599.58,1.544,-17.562,54.376,-164.936,54.376,-4.37,971.3,14.12,50.8,6.95,13.55,20.50
363,601.08,1.505,-17.812,54.310,-163.454,54.310,-4.41,720.0,13.76,49.5,6.95,13.65,20.60
364,602.60,1.519,-18.065,54.239,-161.957,54.239,-4.65,489.6,13.39,48.2,6.90,13.75,20.65
365,604.13,1.530,-18.324,54.168,-160.451,54.168,-4.64,334.5,13.00,46.8,6.90,13.85,20.75
366,605.67,1.535,-18.589,54.095,-158.941,54.095,-4.77,237.7,12.61,45.4,6.90,13.90,20.80
367,607.21,1.537,-18.863,54.021,-157.430,54.021,-4.80,175.4,12.19,43.9,6.90,14.00,20.90
368,608.74,1.533,-19.148,53.948,-155.926,53.948,-4.79,133.7,11.77,42.4,6.95,14.05,21.00
369,610.26,1.525,-19.448,53.877,-154.432,53.877,-4.69,106.2,11.43,41.2,6.95,14.10,21.05
370,611.78,1.512,-19.766,53.805,-152.955,53.805,-4.73,87.7,11.47,41.3,7.05,14.15,21.20
371,613.29,1.515,-20.109,53.734,-151.482,53.734,-4.68,74.3,11.49,41.4,7.10,14.15,21.25
372,614.81,1.520,-20.484,53.660,-150.010,53.660,-4.89,64.1,11.55,41.6,7.25,14.10,21.35
373,616.34,1.528,-20.897,53.582,-148.541,53.582,-5.09,56.4,11.61,41.8,7.40,14.05,21.45
374,617.88,1.536,-21.352,53.503,-147.076,53.503,-5.17,50.0,11.66,42.0,7.60,13.95,21.55
375,619.42,1.541,-21.852,53.426,-145.620,53.426,-5.00,44.5,11.68,42.1,7.85,13.85,21.70
376,620.96,1.544,-22.402,53.347,-144.180,53.347,-5.10,39.9,11.70,42.1,8.20,13.70,21.90
377,622.51,1.546,-23.009,53.272,-142.760,53.272,-4.85,36.4,11.72,42.2,8.60,13.50,22.10
378,624.05,1.547,-23.674,53.192,-141.366,53.192,-5.17,33.5,11.73,42.2,9.05,13.25,22.30
379,625.60,1.549,-24.409,53.112,-140.005,53.112,-5.18,31.5,11.74,42.3,9.70,13.00,22.70
380,627.11,1.510,-25.190,53.030,-138.715,53.030,-5.44,30.2,11.85,42.7,10.40,12.70,23.10
381,628.64,1.523,-26.047,52.949,-137.459,52.949,-5.32,29.4,11.97,43.1,11.25,12.35,23.60
382,630.17,1.537,-26.976,52.867,-136.239,52.867,-5.39,29.0,12.07,43.5,12.25,11.90,24.15
383,631.72,1.550,-27.980,52.784,-135.060,52.784,-5.31,28.9,12.19,43.9,13.40,11.45,24.85
384,633.24,1.515,-29.023,52.706,-133.964,52.706,-5.18,29.3,12.28,44.2,14.75,10.90,25.65
385,634.77,1.527,-30.130,52.627,-132.916,52.627,-5.21,29.9,12.38,44.6,16.25,10.30,26.55
386,636.30,1.539,-31.303,52.545,-131.923,52.545,-5.32,30.9,12.47,44.9,17.95,9.55,27.50
387,637.86,1.552,-32.535,52.462,-130.983,52.462,-5.39,32.1,12.57,45.3,19.95,8.75,28.70
388,639.37,1.514,-33.780,52.382,-130.123,52.382,-5.29,33.5,12.67,45.6,22.20,8.15,30.35
389,640.90,1.526,-35.072,52.305,-129.315,52.305,-5.02,34.9,12.77,46.0,24.75,7.40,32.15
390,642.44,1.538,-36.408,52.230,-128.557,52.230,-4.91,36.2,12.86,46.3,27.65,6.45,34.10
391,643.99,1.550,-37.784,52.151,-127.850,52.151,-5.10,37.0,12.96,46.6,30.90,5.20,36.10
392,645.49,1.509,-39.151,52.066,-127.215,52.066,-5.62,37.4,13.05,47.0,34.45,3.95,38.40
393,647.02,1.521,-40.553,51.964,-126.633,51.964,-6.70,37.3,13.15,47.3,36.00,2.55,38.55
394,648.55,1.535,-41.988,51.842,-126.100,51.842,-8.01,36.7,13.27,47.8,33.90,1.50,35.40
395,650.10,1.548,-43.453,51.693,-125.622,51.693,-9.64,35.7,13.41,48.3,31.30,1.15,32.45
396,651.61,1.512,-44.901,51.535,-125.216,51.535,-10.52,34.8,13.57,48.9,28.70,1.15,29.85
397,653.14,1.531,-46.386,51.383,-124.874,51.383,-9.97,33.7,13.76,49.5,26.35,1.60,27.95
398,654.69,1.546,-47.901,51.248,-124.597,51.248,-8.81,32.4,13.87,49.9,24.60,2.40,27.00
399,656.25,1.557,-49.440,51.147,-124.392,51.147,-6.46,31.0,13.96,50.2,23.25,3.35,26.60
400,657.76,1.510,-50.943,51.089,-124.261,51.089,-3.85,29.8,14.01,50.4,22.10,4.70,26.80
401,659.27,1.516,-52.457,51.046,-124.203,51.046,-2.84,28.6,14.06,50.6,21.05,6.50,27.55
402,660.79,1.520,-53.977,51.014,-124.228,51.014,-2.09,27.8,14.08,50.7,20.15,8.10,28.25
403,662.32,1.523,-55.496,50.987,-124.342,50.987,-1.80,27.5,14.10,50.8,19.25,9.40,28.65
404,663.84,1.526,-57.008,50.966,-124.551,50.966,-1.34,27.7,14.14,50.9,18.50,10.45,28.95
405,665.37,1.529,-58.507,50.948,-124.850,50.948,-1.21,28.2,14.20,51.1,17.75,11.35,29.10
406,666.91,1.533,-59.992,50.932,-125.232,50.932,-1.06,29.0,14.22,51.2,17.05,12.15,29.20
407,668.45,1.542,-61.464,50.914,-125.692,50.914,-1.16,29.8,14.28,51.4,16.50,12.90,29.40
408,670.00,1.547,-62.914,50.896,-126.228,50.896,-1.15,30.6,14.37,51.7,9.95,13.55,23.50
409,671.55,1.558,-64.347,50.874,-126.839,50.874,-1.43,31.1,14.43,52.0,9.00,13.85,22.85
410,673.06,1.506,-65.701,50.852,-127.497,50.852,-1.48,31.8,14.54,52.4,8.05,13.95,22.00
411,674.58,1.517,-67.031,50.831,-128.227,50.831,-1.37,32.6,14.60,52.5,7.10,14.40,21.50
412,676.10,1.523,-68.328,50.813,-129.025,50.813,-1.20,33.4,14.71,53.0,6.30,14.80,21.10
413,677.64,1.541,-69.603,50.798,-129.890,50.798,-0.96,34.1,14.95,53.8,5.55,15.15,20.70
414,679.15,1.513,-70.818,50.779,-130.791,50.779,-1.23,35.0,15.30,55.1,4.90,15.45,20.35
415,680.70,1.545,-72.016,50.768,-131.766,50.768,-0.72,35.5,15.44,55.6,4.25,15.75,20.00
416,682.25,1.549,-73.174,50.757,-132.795,50.757,-0.68,35.7,15.54,55.9,3.75,16.00,19.75
417,683.75,1.500,-74.251,50.751,-133.839,50.751,-0.44,36.2,15.72,56.6,3.25,16.20,19.45
418,685.27,1.523,-75.297,50.750,-134.946,50.750,-0.06,36.9,16.01,57.6,2.85,16.40,19.25
419,686.82,1.554,-76.319,50.746,-136.117,50.746,-0.27,37.7,16.20,58.3,2.50,16.55,19.05
420,688.38,1.557,-77.291,50.743,-137.333,50.743,-0.16,38.9,16.26,58.5,2.20,16.65,18.85
421,689.88,1.502,-78.180,50.741,-138.544,50.741,-0.12,41.1,16.40,59.0,1.95,16.75,18.70
422,691.41,1.521,-79.031,50.743,-139.805,50.743,0.10,44.0,16.67,60.0,1.75,16.85,18.60
423,692.95,1.549,-79.848,50.749,-141.120,50.749,0.42,48.1,17.02,61.3,1.60,16.85,18.45
424,694.52,1.565,-80.633,50.755,-142.474,50.755,0.34,53.1,17.02,61.3,1.50,16.90,18.40
425,696.02,1.501,-81.351,50.757,-143.792,50.757,0.16,59.1,17.12,61.6,1.45,16.95,18.40
426,697.53,1.514,-82.040,50.763,-145.140,50.763,0.42,65.0,17.32,62.3,1.40,16.95,18.35
427,699.07,1.536,-82.707,50.776,-146.524,50.776,0.81,70.3,17.60,63.3,1.45,16.90,18.35
428,700.64,1.566,-83.360,50.790,-147.948,50.790,0.92,73.1,18.01,64.8,1.50,16.90,18.40
429,702.17,1.530,-83.969,50.808,-149.351,50.808,1.15,74.6,18.43,66.4,1.60,16.85,18.45
430,703.74,1.572,-84.569,50.826,-150.804,50.826,1.15,73.3,19.03,68.5,3.00,16.75,19.75
431,705.28,1.539,-85.127,50.848,-152.238,50.848,1.42,70.8,19.42,69.9,4.45,16.65,21.10
432,706.82,1.546,-85.654,50.873,-153.691,50.873,1.63,68.3,19.34,69.6,4.05,16.50,20.55
433,708.37,1.549,-86.149,50.898,-155.158,50.898,1.62,66.6,19.40,69.9,4.25,16.35,20.60
434,709.93,1.558,-86.611,50.924,-156.646,50.924,1.70,65.4,19.55,70.4,4.45,16.20,20.65
435,711.50,1.574,-87.041,50.954,-158.159,50.954,1.91,65.3,19.78,71.2,4.00,16.00,20.00
436,713.02,1.514,-87.418,50.988,-159.625,50.988,2.19,67.1,20.05,72.2,4.30,15.75,20.05
437,714.56,1.539,-87.766,51.025,-161.124,51.025,2.43,69.6,20.42,73.5,3.85,15.50,19.35
438,716.13,1.569,-88.085,51.068,-162.659,51.068,2.77,73.5,20.85,75.1,4.20,15.25,19.45
439,717.63,1.509,-88.362,51.112,-164.141,51.112,2.88,79.3,21.01,75.6,4.50,14.90,19.40
440,719.15,1.520,-88.612,51.156,-165.640,51.156,2.88,86.7,21.19,76.3,4.85,14.60,19.45
441,720.69,1.531,-88.837,51.200,-167.154,51.200,2.92,96.0,21.35,76.8,5.20,14.25,19.45
442,722.23,1.543,-89.036,51.250,-168.684,51.250,3.23,109.5,21.52,77.5,5.60,13.85,19.45
443,723.79,1.557,-89.215,51.303,-170.230,51.303,3.39,127.6,21.73,78.2,5.95,13.40,19.35
444,725.36,1.573,-89.377,51.359,-171.793,51.359,3.56,151.4,21.97,79.1,6.35,13.00,19.35
445,726.86,1.502,-89.519,51.412,-173.288,51.412,3.53,183.6,22.20,79.9,6.75,12.55,19.30
446,728.38,1.518,-89.651,51.463,-174.799,51.463,3.39,224.6,22.43,80.8,7.10,12.05,19.15
447,729.91,1.533,-89.775,51.519,-176.326,51.519,3.62,275.1,22.64,81.5,7.45,11.60,19.05
448,731.46,1.548,-89.890,51.581,-177.868,51.581,4.01,348.6,22.86,82.3,7.85,11.10,18.95
449,733.02,1.562,-89.999,51.649,-179.425,51.649,4.38,468.8,23.09,83.1,8.20,10.60,18.80
450,734.60,1.577,-90.105,51.721,-180.997,51.721,4.57,705.0,23.30,83.9,8.55,10.10,18.65
451,736.19,1.592,-90.208,51.796,-182.584,51.796,4.72,1518.9,23.53,84.7,8.90,9.60,18.50
452,737.70,1.512,-90.304,51.873,-184.091,51.873,5.09,2000.0,23.71,85.4,9.20,9.15,18.35
453,739.23,1.524,-90.401,51.955,-185.610,51.955,5.39,1110.6,23.92,86.1,9.50,8.70,18.20
454,740.77,1.538,-90.500,52.040,-187.142,52.040,5.51,610.8,24.13,86.9,9.80,8.20,18.00
455,742.32,1.551,-90.605,52.128,-188.687,52.128,5.73,424.5,24.32,87.5,10.05,7.75,17.80
456,743.88,1.564,-90.717,52.219,-190.244,52.219,5.80,329.5,24.53,88.3,10.30,7.30,17.60
457,745.46,1.577,-90.838,52.311,-191.813,52.311,5.84,270.4,24.75,89.1,10.50,6.90,17.40
458,747.05,1.590,-90.969,52.406,-193.395,52.406,5.97,229.3,24.92,89.7,10.75,6.45,17.20
459,748.55,1.503,-91.102,52.493,-194.889,52.493,5.81,199.8,25.13,90.5,10.90,6.10,17.00
460,750.06,1.513,-91.248,52.579,-196.393,52.579,5.73,174.9,25.33,91.2,11.05,5.75,16.80
461,751.59,1.523,-91.406,52.666,-197.906,52.666,5.68,152.3,25.36,91.3,11.20,5.45,16.65
462,753.10,1.512,-91.579,52.754,-199.405,52.754,5.87,133.5,25.05,90.2,11.30,5.15,16.45
463,754.69,1.589,-91.777,52.849,-200.979,52.849,5.98,115.7,24.65,88.7,11.40,4.90,16.30
464,756.25,1.564,-91.992,52.943,-202.525,52.943,6.00,101.1,24.23,87.2,11.45,4.65,16.10
465,757.79,1.539,-92.227,53.034,-204.043,53.034,5.92,90.2,23.87,85.9,11.50,4.45,15.95
466,759.30,1.514,-92.483,53.122,-205.533,53.122,5.83,82.3,23.51,84.6,11.55,4.30,15.85
467,760.89,1.589,-92.784,53.213,-207.090,53.213,5.72,75.8,23.23,83.6,11.50,4.15,15.65
468,762.47,1.573,-93.116,53.300,-208.625,53.300,5.57,72.6,23.05,83.0,11.45,4.05,15.50
469,764.03,1.563,-93.480,53.383,-210.143,53.383,5.31,71.9,22.96,82.6,11.40,4.00,15.40
470,765.59,1.558,-93.877,53.462,-211.648,53.462,5.06,72.9,22.86,82.3,11.30,4.00,15.30
471,767.14,1.550,-94.307,53.541,-213.135,53.541,5.10,75.6,22.74,81.9,11.15,4.05,15.20
472,768.68,1.542,-94.769,53.625,-214.603,53.625,5.46,80.3,22.63,81.5,11.00,4.10,15.10
473,770.21,1.535,-95.253,53.704,-216.058,53.704,5.20,84.3,22.53,81.1,10.85,4.20,15.05
474,771.74,1.528,-95.757,53.780,-217.499,53.780,4.95,87.4,22.44,80.8,10.65,4.30,14.95
475,773.26,1.522,-96.281,53.848,-218.926,53.848,4.46,89.0,22.33,80.4,10.45,4.45,14.90
476,774.78,1.515,-96.827,53.914,-220.338,53.914,4.36,89.7,22.24,80.1,10.20,4.65,14.85
477,776.29,1.510,-97.397,53.979,-221.734,53.979,4.29,90.4,22.19,79.9,9.95,4.85,14.80
478,777.80,1.508,-97.991,54.040,-223.120,54.040,4.10,91.8,22.18,79.8,9.00,5.10,14.10
479,779.31,1.508,-98.607,54.099,-224.495,54.099,3.87,93.5,22.18,79.9,8.75,5.40,14.15
480,780.81,1.509,-99.245,54.155,-225.861,54.155,3.73,95.2,22.19,79.9,8.40,5.65,14.05
481,782.32,1.510,-99.905,54.211,-227.218,54.211,3.68,96.2,22.21,80.0,8.10,6.00,14.10
482,783.84,1.512,-100.586,54.264,-228.566,54.264,3.50,95.5,22.25,80.1,7.75,6.30,14.05
483,785.35,1.515,-101.288,54.314,-229.908,54.314,3.35,93.5,22.30,80.3,7.45,6.60,14.05
484,786.87,1.518,-102.013,54.365,-231.240,54.365,3.34,90.9,22.35,80.5,7.10,6.95,14.05
485,788.39,1.521,-102.763,54.416,-232.563,54.416,3.39,88.3,22.39,80.6,6.75,7.30,14.05
486,789.91,1.524,-103.537,54.469,-233.875,54.469,3.45,85.8,22.44,80.8,6.45,7.60,14.05
487,791.44,1.527,-104.337,54.522,-235.175,54.522,3.46,83.5,22.48,80.9,6.10,7.90,14.00
488,792.97,1.530,-105.162,54.574,-236.463,54.574,3.43,81.3,22.52,81.1,5.75,8.20,13.95
489,794.51,1.533,-106.012,54.626,-237.737,54.626,3.34,79.0,22.56,81.2,5.45,8.45,13.90
490,796.04,1.536,-106.888,54.676,-238.997,54.676,3.32,76.7,22.60,81.4,5.15,8.70,13.85
491,797.58,1.538,-107.790,54.726,-240.242,54.726,3.22,74.5,22.64,81.5,4.95,8.90,13.85
492,799.12,1.540,-108.720,54.774,-241.469,54.774,3.13,72.6,22.67,81.6,4.70,9.10,13.80
493,800.66,1.543,-109.678,54.819,-242.678,54.819,2.90,71.1,22.70,81.7,4.80,9.25,14.05
494,802.21,1.544,-110.663,54.863,-243.866,54.863,2.84,70.2,22.73,81.8,4.90,9.40,14.30
495,803.75,1.547,-111.677,54.905,-245.034,54.905,2.74,70.0,22.76,81.9,4.85,9.55,14.40
496,805.30,1.549,-112.717,54.948,-246.180,54.948,2.76,69.9,22.79,82.0,4.65,9.75,14.40
497,806.85,1.551,-113.785,54.990,-247.304,54.990,2.69,69.9,22.82,82.2,4.50,9.95,14.45
498,808.41,1.553,-114.880,55.032,-248.405,55.032,2.73,70.1,22.86,82.3,4.30,10.10,14.40
499,809.96,1.555,-115.999,55.072,-249.483,55.072,2.61,70.1,22.87,82.3,4.10,10.30,14.40
500,811.52,1.557,-117.142,55.108,-250.540,55.108,2.28,69.7,22.91,82.5,3.95,14.55,18.50
501,813.08,1.559,-118.311,55.145,-251.569,55.145,2.35,69.7,22.93,82.5,3.75,14.75,18.50
502,814.64,1.560,-119.505,55.182,-252.573,55.182,2.40,69.5,22.96,82.7,3.55,14.95,18.50
503,816.20,1.562,-120.723,55.219,-253.551,55.219,2.37,68.7,22.99,82.8,3.40,15.20,18.60
504,817.76,1.564,-121.964,55.254,-254.503,55.254,2.25,67.7,23.02,82.9,3.20,15.30,18.50
505,819.33,1.566,-123.227,55.286,-255.429,55.286,2.01,66.6,23.05,83.0,3.05,15.45,18.50
506,820.90,1.568,-124.512,55.315,-256.326,55.315,1.89,65.5,23.07,83.0,2.90,15.60,18.50
507,822.47,1.569,-125.820,55.344,-257.193,55.344,1.82,64.6,23.09,83.1,2.80,15.85,18.65
508,824.04,1.571,-127.153,55.376,-258.024,55.376,2.06,64.4,23.11,83.2,2.65,15.90,18.55
509,825.61,1.573,-128.508,55.409,-258.822,55.409,2.07,64.4,23.14,83.3,2.55,16.00,18.55
510,827.19,1.574,-129.882,55.438,-259.589,55.438,1.84,64.5,23.16,83.4,2.45,16.15,18.60
511,828.76,1.576,-131.275,55.459,-260.327,55.459,1.38,64.1,23.19,83.5,2.35,16.35,18.70
512,830.34,1.578,-132.687,55.480,-261.030,55.480,1.29,63.9,23.21,83.6,2.25,16.50,18.75
513,831.92,1.579,-134.118,55.500,-261.697,55.500,1.30,63.5,23.24,83.7,2.15,16.50,18.65
514,833.50,1.581,-135.568,55.521,-262.328,55.521,1.29,63.0,23.26,83.7,2.10,16.55,18.65
515,835.08,1.582,-137.034,55.541,-262.922,55.541,1.28,62.6,23.28,83.8,2.00,16.65,18.65
516,836.67,1.584,-138.516,55.560,-263.480,55.560,1.19,62.5,23.30,83.9,1.95,16.75,18.70
517,838.25,1.585,-140.012,55.577,-264.002,55.577,1.09,62.2,23.32,83.9,1.90,16.85,18.75
518,839.84,1.586,-141.523,55.592,-264.486,55.592,0.93,62.0,23.33,84.0,1.85,16.90,18.75
519,841.43,1.587,-143.047,55.605,-264.929,55.605,0.83,61.6,23.35,84.1,1.80,17.05,18.85
520,843.01,1.588,-144.583,55.616,-265.333,55.616,0.72,61.8,23.37,84.1,1.75,17.15,18.90
521,844.60,1.590,-146.130,55.625,-265.698,55.625,0.53,62.3,23.40,84.2,1.75,17.15,18.90
522,846.20,1.591,-147.688,55.632,-266.023,55.632,0.46,63.6,23.41,84.3,1.70,17.20,18.90
523,847.79,1.593,-149.255,55.638,-266.310,55.638,0.34,65.7,23.45,84.4,1.70,17.10,18.80
524,849.29,1.502,-150.738,55.643,-266.544,55.643,0.39,69.5,23.47,84.5,1.70,17.00,18.70
525,850.79,1.503,-152.228,55.648,-266.747,55.648,0.29,73.5,23.50,84.6,1.75,17.00,18.75
526,852.30,1.506,-153.724,55.652,-266.921,55.652,0.26,77.5,23.54,84.8,1.75,17.00,18.75
527,853.81,1.508,-155.225,55.655,-267.067,55.655,0.24,80.7,23.58,84.9,1.75,16.95,18.70
528,855.32,1.511,-156.731,55.658,-267.188,55.658,0.14,82.2,23.63,85.1,1.75,16.85,18.60
529,856.83,1.514,-158.242,55.657,-267.283,55.657,-0.07,81.0,23.67,85.2,1.80,16.80,18.60
530,858.35,1.516,-159.757,55.653,-267.351,55.653,-0.24,78.5,23.71,85.4,1.85,16.75,18.60
531,859.87,1.519,-161.275,55.648,-267.390,55.648,-0.31,75.4,23.75,85.5,1.95,16.75,18.70
532,861.39,1.521,-162.796,55.643,-267.398,55.643,-0.33,72.2,23.78,85.6,2.05,16.65,18.70
533,862.92,1.523,-164.319,55.638,-267.373,55.638,-0.37,69.5,23.82,85.7,2.15,16.60,18.75
534,864.44,1.525,-165.843,55.631,-267.315,55.631,-0.42,67.3,23.85,85.8,2.25,16.55,18.80
535,865.97,1.527,-167.367,55.624,-267.220,55.624,-0.48,65.7,23.87,85.9,2.30,16.50,18.80
536,867.50,1.529,-168.891,55.615,-267.090,55.615,-0.58,64.6,23.90,86.0,2.35,16.40,18.75
537,869.03,1.531,-170.412,55.605,-266.923,55.605,-0.68,63.8,23.93,86.1,2.45,16.30,18.75
538,870.56,1.532,-171.931,55.591,-266.719,55.591,-0.89,63.3,23.95,86.2,2.50,16.30,18.80
539,872.09,1.534,-173.445,55.575,-266.478,55.575,-1.04,63.2,23.99,86.4,2.60,16.15,18.75
540,873.63,1.536,-174.955,55.558,-266.198,55.558,-1.14,63.8,24.01,86.4,2.70,16.00,18.70
541,875.17,1.538,-176.460,55.538,-265.882,55.538,-1.30,65.1,24.05,86.6,2.80,15.95,18.75
542,876.71,1.540,-177.959,55.518,-265.527,55.518,-1.28,67.3,24.08,86.7,2.90,15.75,18.65
543,878.25,1.542,-179.450,55.499,-265.136,55.499,-1.22,70.4,24.11,86.8,3.05,15.60,18.65
544,879.80,1.545,-180.935,55.481,-264.710,55.481,-1.16,74.4,24.16,87.0,3.20,15.45,18.65
545,881.34,1.547,-182.413,55.461,-264.255,55.461,-1.30,78.3,24.20,87.1,3.40,15.25,18.65
546,882.89,1.550,-183.886,55.440,-263.770,55.440,-1.37,82.0,24.25,87.3,3.60,15.05,18.65
547,884.45,1.553,-185.352,55.418,-263.256,55.418,-1.38,84.7,24.30,87.5,3.80,14.90,18.70
548,886.00,1.557,-186.811,55.396,-262.715,55.396,-1.44,86.1,24.34,87.6,4.05,14.75,18.80
549,887.56,1.560,-188.264,55.370,-262.148,55.370,-1.65,86.1,24.40,87.8,4.30,14.50,18.80
550,889.13,1.563,-189.710,55.341,-261.555,55.341,-1.88,85.6,24.44,88.0,4.60,14.30,18.90
551,890.69,1.566,-191.147,55.310,-260.934,55.310,-1.94,85.2,24.49,88.2,4.90,14.10,19.00
552,892.26,1.569,-192.575,55.280,-260.284,55.280,-1.94,85.3,24.54,88.3,5.25,13.90,19.15
553,893.84,1.572,-193.992,55.250,-259.604,55.250,-1.90,85.8,24.59,88.5,5.60,13.60,19.20
554,895.41,1.575,-195.399,55.220,-258.897,55.220,-1.91,87.1,24.64,88.7,5.95,13.40,19.35
555,896.99,1.579,-196.797,55.187,-258.163,55.187,-2.09,88.6,24.69,88.9,6.30,13.15,19.45
556,898.57,1.582,-198.184,55.151,-257.404,55.151,-2.30,90.0,24.75,89.1,6.70,12.70,19.40
557,900.16,1.586,-199.561,55.112,-256.619,55.112,-2.45,90.5,24.80,89.3,7.05,12.30,19.35
558,901.75,1.589,-200.926,55.074,-255.807,55.074,-2.40,91.5,24.85,89.5,7.45,11.90,19.35
559,903.34,1.593,-202.281,55.035,-254.970,55.035,-2.46,92.6,24.91,89.7,7.70,11.55,19.25
560,904.94,1.596,-203.623,54.996,-254.107,54.996,-2.43,94.2,24.95,89.8,7.75,11.15,18.90
561,906.54,1.600,-204.954,54.956,-253.221,54.956,-2.50,95.8,25.02,90.1,7.90,10.70,18.60
562,908.04,1.503,-206.191,54.922,-252.368,54.922,-2.24,99.2,25.07,90.2,8.20,10.35,18.55
563,909.55,1.507,-207.418,54.886,-251.495,54.886,-2.38,101.6,25.16,90.6,8.50,10.00,18.50
564,911.06,1.514,-208.639,54.846,-250.601,54.846,-2.66,103.4,25.29,91.1,8.80,9.65,18.45
565,912.58,1.523,-209.854,54.804,-249.684,54.804,-2.78,105.0,25.46,91.7,9.10,9.35,18.45
566,914.12,1.535,-211.065,54.761,-248.741,54.761,-2.82,107.1,25.69,92.5,9.35,9.00,18.35
567,915.67,1.549,-212.272,54.717,-247.772,54.717,-2.84,107.9,25.93,93.4,9.60,8.70,18.30
568,917.23,1.563,-213.475,54.672,-246.774,54.672,-2.85,109.7,26.17,94.2,9.85,8.45,18.30
569,918.81,1.578,-214.675,54.626,-245.750,54.626,-2.90,111.6,26.40,95.1,10.05,8.20,18.25
570,920.40,1.592,-215.870,54.578,-244.700,54.578,-3.01,112.5,26.65,95.9,10.30,7.95,18.25
571,922.01,1.607,-217.062,54.526,-243.624,54.526,-3.28,112.2,26.90,96.8,10.45,7.75,18.20
572,923.52,1.512,-218.171,54.472,-242.598,54.472,-3.58,112.8,27.08,97.5,10.65,7.50,18.15
573,925.04,1.524,-219.276,54.412,-241.550,54.412,-3.93,112.5,27.35,98.4,10.80,7.30,18.10
574,926.58,1.538,-220.375,54.352,-240.476,54.352,-3.93,113.4,27.56,99.2,10.95,7.15,18.10
575,928.13,1.549,-221.465,54.292,-239.377,54.292,-3.87,116.6,27.76,99.9,11.10,6.95,18.05
576,929.69,1.561,-222.548,54.228,-238.255,54.228,-4.07,120.6,27.99,100.8,11.25,6.85,18.10
577,931.27,1.573,-223.625,54.162,-237.109,54.162,-4.23,125.5,28.21,101.5,11.40,6.70,18.10
578,932.85,1.587,-224.696,54.093,-235.941,54.093,-4.35,132.2,28.45,102.4,11.50,6.60,18.10
579,934.45,1.600,-225.762,54.023,-234.749,54.023,-4.36,140.4,28.67,103.2,11.60,6.50,18.10
580,936.07,1.613,-226.822,53.951,-233.536,53.951,-4.44,149.0,28.92,104.1,11.70,6.35,18.05
581,937.58,1.510,-227.803,53.884,-232.390,53.884,-4.48,161.0,29.14,104.9,11.80,6.25,18.05
582,939.10,1.522,-228.782,53.815,-231.227,53.815,-4.51,174.0,29.38,105.8,11.90,6.15,18.05
583,940.63,1.534,-229.758,53.747,-230.045,53.747,-4.44,188.0,29.60,106.6,11.95,6.05,18.00
584,942.18,1.546,-230.731,53.679,-228.846,53.679,-4.43,200.2,29.84,107.4,12.05,5.95,18.00
585,943.74,1.559,-231.704,53.608,-227.630,53.608,-4.55,206.5,30.06,108.2,12.10,5.90,18.00
586,945.31,1.570,-232.675,53.530,-226.399,53.530,-4.95,204.6,30.36,109.3,12.15,5.85,18.00
587,946.89,1.586,-233.648,53.448,-225.148,53.448,-5.22,198.1,30.65,110.4,12.20,5.80,18.00
588,948.50,1.602,-234.620,53.362,-223.878,53.362,-5.38,189.2,30.97,111.5,12.25,5.80,18.05
589,950.12,1.619,-235.592,53.273,-222.585,53.273,-5.46,179.2,31.27,112.6,12.30,5.75,18.05
590,951.62,1.508,-236.486,53.189,-221.373,53.189,-5.56,176.0,31.56,113.6,12.30,5.75,18.05
591,953.14,1.520,-237.376,53.103,-220.144,53.103,-5.68,177.7,31.79,114.4,12.30,5.75,18.05
592,954.68,1.535,-238.263,53.017,-218.895,53.017,-5.63,184.5,32.13,115.7,12.30,5.80,18.10
593,956.23,1.549,-239.148,52.932,-217.626,52.932,-5.48,196.7,32.40,116.6,12.30,5.75,18.05
594,957.79,1.563,-240.028,52.846,-216.338,52.846,-5.54,219.3,32.68,117.6,12.30,5.70,18.00
595,959.37,1.576,-240.906,52.757,-215.032,52.757,-5.65,244.7,32.95,118.6,12.25,5.70,17.95
596,960.96,1.589,-241.783,52.666,-213.710,52.666,-5.71,275.6,33.22,119.6,12.25,5.70,17.95
597,962.56,1.604,-242.661,52.572,-212.370,52.572,-5.88,311.8,33.55,120.8,12.25,5.70,17.95
598,964.18,1.616,-243.539,52.476,-211.017,52.476,-5.98,347.9,33.79,121.6,12.20,5.70,17.90
599,965.81,1.630,-244.420,52.377,-209.649,52.377,-6.07,368.2,34.10,122.8,12.20,5.70,17.90
600,967.31,1.506,-245.228,52.286,-208.381,52.286,-6.07,380.6,34.36,123.7,12.15,5.70,17.85
601,968.83,1.518,-246.039,52.193,-207.101,52.193,-6.13,383.3,34.63,124.7,12.15,5.75,17.90
602,970.36,1.529,-246.850,52.099,-205.808,52.099,-6.11,381.0,34.87,125.5,12.15,5.75,17.90
603,971.90,1.542,-247.663,52.006,-204.501,52.006,-6.09,381.5,35.15,126.6,12.10,5.80,17.90
604,973.45,1.548,-248.474,51.913,-203.185,51.913,-6.00,384.4,35.18,126.6,12.10,5.85,17.95
605,975.00,1.543,-249.275,51.821,-201.870,51.821,-5.97,382.8,34.96,125.8,12.05,5.90,17.95
606,976.53,1.529,-250.065,51.730,-200.563,51.730,-5.99,372.9,34.58,124.5,12.05,5.95,18.00
607,978.04,1.512,-250.842,51.638,-199.269,51.638,-6.06,351.2,34.20,123.1,12.05,6.00,18.05
608,979.67,1.628,-251.673,51.538,-197.873,51.538,-6.15,317.8,33.69,121.3,12.00,5.95,17.95
609,981.27,1.606,-252.485,51.440,-196.492,51.440,-6.11,288.9,33.24,119.7,12.00,5.95,17.95
610,982.86,1.584,-253.279,51.345,-195.124,51.345,-6.00,269.7,32.82,118.1,11.95,5.95,17.90
611,984.42,1.564,-254.054,51.253,-193.769,51.253,-5.90,261.0,32.38,116.6,11.95,6.00,17.95
612,985.96,1.543,-254.810,51.164,-192.427,51.164,-5.80,265.3,31.96,115.1,11.90,6.00,17.90
613,987.49,1.523,-255.548,51.077,-191.097,51.077,-5.70,287.3,31.56,113.6,11.85,6.05,17.90
614,988.99,1.504,-256.269,50.991,-189.779,50.991,-5.72,326.4,31.15,112.2,11.80,6.10,17.90
615,990.60,1.609,-257.032,50.901,-188.366,50.901,-5.63,388.5,30.76,110.7,11.75,6.15,17.90
616,992.19,1.589,-257.780,50.813,-186.967,50.813,-5.55,498.1,30.37,109.3,11.70,6.20,17.90
617,993.76,1.569,-258.515,50.728,-185.583,50.728,-5.41,669.3,30.00,108.0,11.65,6.25,17.90
618,995.31,1.550,-259.238,50.645,-184.215,50.645,-5.35,899.8,29.63,106.7,11.60,6.35,17.95
619,996.84,1.530,-259.950,50.564,-182.864,50.564,-5.32,1139.7,29.25,105.3,11.55,6.40,17.95
620,998.35,1.511,-260.653,50.484,-181.528,50.484,-5.31,1253.2,28.89,104.0,11.55,6.45,18.00
621,999.96,1.606,-261.400,50.400,-180.109,50.400,-5.23,1118.4,28.49,102.6,11.50,6.55,18.05
622,1001.54,1.584,-262.134,50.320,-178.708,50.320,-5.05,908.1,28.10,101.2,11.45,6.60,18.05
623,1003.10,1.562,-262.856,50.245,-177.325,50.245,-4.84,737.5,27.72,99.8,11.40,6.55,17.95
624,1004.64,1.540,-263.566,50.172,-175.960,50.172,-4.70,618.9,27.33,98.4,11.40,6.55,17.95
625,1006.16,1.519,-264.262,50.103,-174.611,50.103,-4.56,542.3,26.94,97.0,11.35,6.55,17.90
626,1007.76,1.603,-264.992,50.032,-173.186,50.032,-4.43,490.5,26.53,95.5,11.30,6.55,17.85
627,1009.34,1.579,-265.706,49.963,-171.780,49.963,-4.36,457.9,26.11,94.0,11.25,6.55,17.80
628,1010.90,1.554,-266.404,49.897,-170.393,49.897,-4.25,437.0,25.71,92.5,11.25,6.55,17.80
629,1012.43,1.530,-267.086,49.833,-169.026,49.833,-4.19,424.4,25.31,91.1,11.20,6.60,17.80
630,1013.93,1.505,-267.753,49.771,-167.678,49.771,-4.14,411.5,24.89,89.6,11.15,6.60,17.75
631,1015.51,1.579,-268.447,49.708,-166.261,49.708,-4.01,394.0,24.48,88.1,11.15,6.65,17.80
632,1017.06,1.552,-269.124,49.647,-164.866,49.647,-3.94,370.9,24.04,86.6,11.10,6.65,17.75
633,1018.59,1.524,-269.784,49.588,-163.493,49.588,-3.84,343.3,23.62,85.0,11.10,6.70,17.80
634,1020.18,1.590,-270.466,49.529,-162.058,49.529,-3.74,305.6,23.18,83.4,11.05,6.75,17.80
635,1021.74,1.560,-271.128,49.473,-160.647,49.473,-3.60,266.5,22.74,81.9,11.05,6.80,17.85
636,1023.27,1.531,-271.771,49.419,-159.258,49.419,-3.49,230.0,22.32,80.3,11.05,6.85,17.90
637,1024.77,1.503,-272.394,49.369,-157.891,49.369,-3.35,197.2,21.92,78.9,11.05,6.90,17.95
638,1026.34,1.562,-273.031,49.318,-156.466,49.318,-3.27,167.1,21.50,77.4,11.00,6.95,17.95
639,1027.87,1.532,-273.644,49.269,-155.062,49.269,-3.18,143.5,21.09,75.9,11.00,7.00,18.00
640,1029.37,1.504,-274.231,49.222,-153.678,49.222,-3.13,124.9,20.71,74.6,10.95,7.05,18.00
641,1030.93,1.558,-274.822,49.174,-152.237,49.174,-3.11,109.5,20.31,73.1,10.90,7.10,18.00
642,1032.46,1.528,-275.380,49.127,-150.816,49.127,-3.04,98.0,19.92,71.7,10.90,7.25,18.15
643,1034.04,1.577,-275.934,49.080,-149.341,49.080,-2.99,88.8,19.53,70.3,10.80,7.30,18.10
644,1035.59,1.556,-276.454,49.035,-147.874,49.035,-2.92,81.2,19.41,69.9,10.75,7.40,18.15
645,1037.14,1.551,-276.943,48.992,-146.403,48.992,-2.76,74.5,19.37,69.7,10.65,7.50,18.15
646,1038.69,1.548,-277.400,48.953,-144.924,48.953,-2.51,68.3,19.33,69.6,10.60,7.65,18.25
647,1040.24,1.545,-277.826,48.917,-143.440,48.917,-2.32,61.8,19.30,69.5,10.50,7.85,18.35
648,1041.78,1.542,-278.217,48.880,-141.948,48.880,-2.43,55.9,19.26,69.3,10.35,7.85,18.20
649,1043.32,1.539,-278.568,48.842,-140.450,48.842,-2.42,50.6,19.22,69.2,10.25,7.95,18.20
650,1044.86,1.536,-278.872,48.806,-138.945,48.806,-2.36,46.5,19.17,69.0,10.10,8.10,18.20
651,1046.39,1.532,-279.124,48.771,-137.435,48.771,-2.27,43.2,19.12,68.8,9.95,8.30,18.25
652,1047.91,1.527,-279.317,48.741,-135.921,48.741,-1.99,40.8,19.06,68.6,9.80,8.60,18.40
653,1049.44,1.522,-279.453,48.711,-134.405,48.711,-1.93,39.2,19.00,68.4,9.60,8.85,18.45
654,1050.96,1.518,-279.528,48.683,-132.889,48.683,-1.87,38.2,18.94,68.2,9.40,9.00,18.40
655,1052.47,1.513,-279.546,48.652,-131.377,48.652,-2.03,37.5,18.88,68.0,9.15,9.20,18.35
656,1053.98,1.507,-279.501,48.621,-129.871,48.621,-2.05,37.3,18.80,67.7,8.90,9.55,18.45
657,1055.48,1.501,-279.391,48.592,-128.374,48.592,-1.93,37.5,18.74,67.5,8.60,9.95,18.55
658,1057.05,1.570,-279.206,48.565,-126.815,48.565,-1.72,38.0,18.66,67.2,8.30,10.40,18.70
659,1058.61,1.565,-278.955,48.539,-125.270,48.539,-1.71,39.0,18.60,67.0,7.95,10.75,18.70
660,1060.17,1.560,-278.643,48.512,-123.742,48.512,-1.73,40.4,18.55,66.8,7.55,11.20,18.75
661,1061.73,1.555,-278.274,48.483,-122.231,48.483,-1.83,41.7,18.49,66.6,7.15,11.75,18.90
662,1063.28,1.551,-277.850,48.455,-120.739,48.455,-1.80,43.2,18.44,66.4,6.70,12.35,19.05
663,1064.83,1.547,-277.374,48.428,-119.267,48.428,-1.79,44.5,18.40,66.2,6.25,12.90,19.15
664,1066.37,1.543,-276.852,48.398,-117.815,48.398,-1.90,45.6,18.35,66.1,5.80,13.45,19.25
665,1067.91,1.541,-276.282,48.369,-116.383,48.369,-1.89,46.6,18.34,66.0,5.35,14.05,19.40
666,1069.45,1.541,-275.665,48.340,-114.972,48.340,-1.93,47.6,18.33,66.0,4.90,14.60,19.50
667,1071.00,1.540,-275.002,48.309,-113.582,48.309,-1.97,48.6,18.33,66.0,5.10,15.15,20.25
668,1072.54,1.541,-274.294,48.279,-112.214,48.279,-1.93,49.4,18.33,66.0,4.65,15.75,20.40
669,1074.08,1.541,-273.542,48.251,-110.868,48.251,-1.82,50.2,18.34,66.0,4.15,16.10,20.25
670,1075.62,1.542,-272.752,48.222,-109.544,48.222,-1.92,50.7,18.36,66.1,3.75,16.40,20.15
671,1077.16,1.543,-271.923,48.190,-108.244,48.190,-2.03,50.6,18.36,66.1,3.35,16.70,20.05
672,1078.71,1.543,-271.055,48.159,-106.968,48.159,-2.02,50.2,18.37,66.1,3.00,16.95,19.95
673,1080.25,1.543,-270.148,48.131,-105.721,48.131,-1.83,49.6,18.38,66.2,2.70,17.25,19.95
674,1081.79,1.543,-269.200,48.106,-104.503,48.106,-1.64,48.9,18.39,66.2,2.45,17.35,19.80
675,1083.34,1.544,-268.216,48.078,-103.314,48.078,-1.78,47.7,18.39,66.2,2.25,17.50,19.75
676,1084.88,1.544,-267.194,48.053,-102.156,48.053,-1.63,46.4,18.39,66.2,2.10,17.60,19.70
677,1086.42,1.544,-266.135,48.030,-101.034,48.030,-1.49,44.8,18.38,66.2,1.95,17.60,19.55
678,1087.97,1.544,-265.039,48.008,-99.947,48.008,-1.43,42.8,18.37,66.1,1.85,17.70,19.55
679,1089.51,1.543,-263.906,47.988,-98.899,47.988,-1.28,40.6,18.36,66.1,1.75,17.75,19.50
680,1091.05,1.541,-262.735,47.974,-97.897,47.974,-0.93,38.7,18.33,66.0,1.70,17.85,19.55
681,1092.59,1.537,-261.529,47.963,-96.944,47.963,-0.71,36.8,18.27,65.8,1.65,17.95,19.60
682,1094.12,1.531,-260.289,47.956,-96.047,47.956,-0.44,35.1,18.20,65.5,1.60,18.00,19.60
683,1095.65,1.525,-259.015,47.952,-95.208,47.952,-0.29,33.6,18.12,65.2,1.55,18.15,19.70
684,1097.17,1.518,-257.711,47.949,-94.431,47.949,-0.21,32.3,18.04,64.9,1.55,18.10,19.65
685,1098.68,1.511,-256.379,47.942,-93.717,47.942,-0.47,31.3,17.94,64.6,1.50,18.15,19.65
686,1100.18,1.503,-255.020,47.937,-93.075,47.937,-0.29,30.5,17.85,64.3,1.50,18.20,19.70
687,1101.74,1.565,-253.571,47.936,-92.483,47.936,-0.05,29.9,17.74,63.9,1.50,18.15,19.65
688,1103.30,1.556,-252.100,47.941,-91.977,47.941,0.32,29.7,17.65,63.5,1.50,18.25,19.75
689,1104.85,1.549,-250.610,47.945,-91.549,47.945,0.23,29.7,17.59,63.3,1.50,18.10,19.60
690,1106.40,1.547,-249.103,47.949,-91.201,47.949,0.25,29.9,17.54,63.2,1.50,18.15,19.65
691,1107.94,1.543,-247.583,47.956,-90.934,47.956,0.48,30.3,17.55,63.2,1.55,18.15,19.70
692,1109.48,1.541,-246.053,47.966,-90.747,47.966,0.65,31.0,17.49,63.0,1.55,17.95,19.50
693,1111.02,1.541,-244.516,47.981,-90.638,47.981,0.93,31.8,17.55,63.2,1.55,17.90,19.45
694,1112.57,1.544,-242.972,47.994,-90.602,47.994,0.83,32.8,17.51,63.1,1.55,17.95,19.50
695,1114.11,1.543,-241.430,48.007,-90.641,48.007,0.88,34.0,17.56,63.2,1.60,17.75,19.35
696,1115.66,1.550,-239.884,48.022,-90.752,48.022,0.96,35.3,17.69,63.7,1.60,17.60,19.20
697,1117.22,1.559,-238.336,48.043,-90.937,48.043,1.37,37.1,17.68,63.6,1.65,17.50,19.15
698,1118.78,1.558,-236.799,48.071,-91.188,48.071,1.76,39.0,17.74,63.9,1.70,17.45,19.15
699,1120.35,1.567,-235.263,48.099,-91.497,48.099,1.82,40.7,17.87,64.3,1.75,17.35,19.10
700,1121.85,1.507,-233.797,48.129,-91.846,48.129,1.93,42.2,17.92,64.5,1.85,17.25,19.10
701,1123.36,1.506,-232.345,48.159,-92.246,48.159,2.04,43.4,17.94,64.6,1.95,17.10,19.05
702,1124.87,1.512,-230.903,48.190,-92.696,48.190,2.02,44.1,18.06,65.0,2.05,17.00,19.05
703,1126.39,1.523,-229.465,48.220,-93.198,48.220,2.01,44.5,18.18,65.4,2.20,17.00,19.20
704,1127.92,1.524,-228.045,48.252,-93.750,48.252,2.06,45.4,18.15,65.3,2.35,16.75,19.10
705,1129.45,1.527,-226.643,48.285,-94.354,48.285,2.18,46.7,18.22,65.6,2.65,16.50,19.15
706,1130.98,1.537,-225.254,48.322,-95.012,48.322,2.40,48.8,18.39,66.2,2.95,16.30,19.25
707,1132.54,1.552,-223.874,48.362,-95.722,48.362,2.57,52.1,18.49,66.5,3.30,16.20,19.50
708,1134.09,1.552,-222.518,48.404,-96.475,48.404,2.73,57.4,18.49,66.6,3.00,11.00,14.00
709,1135.64,1.557,-221.179,48.448,-97.269,48.448,2.82,64.3,18.59,66.9,3.35,10.85,14.20
710,1137.21,1.569,-219.849,48.493,-98.101,48.493,2.90,73.8,18.78,67.6,3.75,11.10,14.85
711,1138.73,1.513,-218.584,48.535,-98.930,48.535,2.77,86.9,19.05,68.6,4.05,10.95,15.00
712,1140.27,1.537,-217.312,48.576,-99.793,48.576,2.66,103.5,19.38,69.8,4.35,10.85,15.20
713,1141.83,1.566,-216.028,48.616,-100.689,48.616,2.56,123.8,19.69,70.9,4.65,10.70,15.35
714,1143.34,1.505,-214.806,48.655,-101.566,48.655,2.60,151.1,19.91,71.7,4.95,10.60,15.55
715,1144.86,1.521,-213.579,48.694,-102.463,48.694,2.57,187.2,20.11,72.4,5.20,10.55,15.75
716,1146.39,1.538,-212.345,48.731,-103.379,48.731,2.36,238.1,20.35,73.3,5.50,10.50,16.00
717,1147.95,1.554,-211.104,48.767,-104.314,48.767,2.35,338.1,20.55,74.0,5.75,10.45,16.20
718,1149.52,1.572,-209.854,48.804,-105.268,48.804,2.31,650.1,20.79,74.8,6.00,10.40,16.40
719,1151.10,1.582,-208.600,48.838,-106.231,48.838,2.15,2000.0,20.76,74.7,6.30,10.40,16.70
720,1152.67,1.566,-207.359,48.871,-107.186,48.871,2.10,506.4,20.45,73.6,6.55,10.35,16.90
721,1154.20,1.535,-206.140,48.902,-108.118,48.902,2.06,248.2,19.92,71.7,6.80,10.35,17.15
722,1155.77,1.566,-204.891,48.932,-109.063,48.932,1.89,160.9,19.27,69.4,7.10,10.30,17.40
723,1157.29,1.516,-203.673,48.960,-109.966,48.960,1.87,120.7,18.67,67.2,7.40,10.25,17.65
724,1158.84,1.549,-202.417,48.989,-110.872,48.989,1.84,97.1,18.33,66.0,7.70,10.20,17.90
725,1160.37,1.538,-201.155,49.014,-111.750,49.014,1.66,81.9,18.29,65.8,8.05,10.15,18.20
726,1161.91,1.533,-199.879,49.040,-112.600,49.040,1.71,71.5,18.23,65.6,8.45,10.05,18.50
727,1163.44,1.529,-198.589,49.067,-113.421,49.067,1.75,64.0,18.17,65.4,8.90,9.95,18.85
728,1164.96,1.524,-197.286,49.092,-114.210,49.092,1.60,58.3,18.11,65.2,9.35,9.80,19.15
729,1166.48,1.519,-195.966,49.113,-114.962,49.113,1.41,54.1,18.09,65.1,9.90,9.65,19.55
730,1168.00,1.521,-194.622,49.134,-115.675,49.134,1.37,51.1,18.15,65.3,10.50,9.50,20.00
731,1169.53,1.530,-193.249,49.154,-116.347,49.154,1.30,48.8,18.28,65.8,11.10,9.30,20.40
732,1171.07,1.537,-191.848,49.170,-116.979,49.170,1.03,47.1,18.28,65.8,11.75,9.05,20.80
733,1172.60,1.537,-190.427,49.180,-117.566,49.180,0.68,46.0,18.33,66.0,12.40,8.75,21.15
734,1174.15,1.545,-188.980,49.185,-118.107,49.185,0.29,45.3,18.46,66.5,13.10,8.40,21.50
735,1175.70,1.554,-187.506,49.187,-118.600,49.187,0.17,44.7,18.47,66.5,13.90,8.00,21.90
736,1177.26,1.554,-186.014,49.191,-119.035,49.191,0.25,44.7,18.52,66.7,14.70,7.60,22.30
737,1178.82,1.561,-184.501,49.197,-119.417,49.197,0.37,45.0,18.65,67.1,15.50,7.10,22.60
738,1180.39,1.572,-182.965,49.201,-119.753,49.201,0.25,44.9,18.70,67.3,16.30,6.50,22.80
739,1181.96,1.572,-181.419,49.206,-120.037,49.206,0.32,44.8,18.74,67.4,17.00,6.00,23.00
740,1183.47,1.503,-179.933,49.213,-120.258,49.213,0.45,45.2,18.84,67.8,17.60,6.35,23.95
741,1184.98,1.513,-178.430,49.221,-120.433,49.221,0.57,45.0,18.97,68.3,18.15,5.75,23.90
742,1186.49,1.515,-176.920,49.234,-120.556,49.234,0.87,44.9,18.94,68.2,18.55,5.10,23.65
743,1188.01,1.516,-175.405,49.253,-120.625,49.253,1.24,45.2,18.99,68.3,18.90,4.45,23.35
744,1189.53,1.523,-173.882,49.276,-120.643,49.276,1.51,45.8,19.11,68.8,19.20,3.90,23.10
745,1191.07,1.533,-172.350,49.300,-120.613,49.300,1.52,46.7,19.18,69.1,19.30,3.35,22.65
746,1192.60,1.536,-170.816,49.328,-120.527,49.328,1.88,48.4,19.22,69.2,19.35,2.80,22.15
747,1194.14,1.539,-169.284,49.365,-120.388,49.365,2.40,50.3,19.25,69.3,19.25,2.35,21.60
748,1195.68,1.538,-167.758,49.412,-120.200,49.412,3.05,52.2,19.22,69.2,19.10,1.95,21.05
749,1197.22,1.540,-166.236,49.467,-119.968,49.467,3.57,54.2,19.29,69.5,18.95,1.70,20.65
750,1198.77,1.549,-164.712,49.514,-119.700,49.514,3.00,55.3,19.42,69.9,18.65,1.60,20.25
751,1200.33,1.557,-163.187,49.552,-119.391,49.552,2.44,55.8,19.48,70.1,18.20,1.60,19.80
752,1201.89,1.562,-161.667,49.591,-119.031,49.591,2.53,56.5,19.56,70.4,17.60,1.65,19.25
753,1203.46,1.567,-160.155,49.636,-118.622,49.636,2.86,57.4,19.63,70.7,16.85,1.75,18.60
754,1205.03,1.575,-158.646,49.677,-118.172,49.677,2.63,57.9,19.72,71.0,16.10,1.90,18.00
755,1206.53,1.502,-157.217,49.709,-117.711,49.709,2.11,59.2,19.80,71.3,15.35,2.15,17.50
756,1208.04,1.509,-155.793,49.733,-117.214,49.733,1.59,60.4,19.90,71.6,14.60,2.40,17.00
757,1209.56,1.515,-154.376,49.758,-116.676,49.758,1.64,62.1,19.98,71.9,14.60,2.75,17.35
758,1211.08,1.523,-152.969,49.787,-116.096,49.787,1.93,63.9,20.07,72.2,16.45,3.10,19.55
759,1212.61,1.530,-151.568,49.820,-115.480,49.820,2.15,65.7,20.18,72.7,15.75,2.90,18.65
760,1214.15,1.540,-150.173,49.855,-114.828,49.855,2.24,67.6,20.35,73.3,15.05,2.90,17.95
761,1215.70,1.550,-148.784,49.890,-114.140,49.890,2.29,70.1,20.45,73.6,14.35,3.45,17.80
762,1217.27,1.565,-147.397,49.918,-113.417,49.918,1.76,72.3,20.69,74.5,13.65,4.00,17.65
763,1218.85,1.580,-146.014,49.947,-112.654,49.947,1.84,75.2,20.89,75.2,13.00,4.00,17.00
764,1220.36,1.511,-144.708,49.976,-111.894,49.976,1.94,79.2,21.09,75.9,12.35,4.50,16.85
765,1221.88,1.527,-143.402,50.004,-111.102,50.004,1.84,84.0,21.32,76.7,11.80,5.00,16.80
766,1223.43,1.543,-142.098,50.033,-110.279,50.033,1.87,89.0,21.53,77.5,11.30,5.50,16.80
767,1224.99,1.559,-140.793,50.061,-109.426,50.061,1.79,93.8,21.78,78.4,10.80,6.00,16.80
768,1226.56,1.576,-139.489,50.091,-108.541,50.091,1.94,97.6,22.00,79.2,10.25,6.50,16.75
769,1228.07,1.504,-138.258,50.121,-107.678,50.121,1.96,100.6,22.21,80.0,9.75,6.90,16.65
770,1229.58,1.518,-137.027,50.147,-106.790,50.147,1.76,102.3,22.43,80.7,9.25,7.35,16.60
771,1231.12,1.533,-135.797,50.171,-105.875,50.171,1.56,102.5,22.66,81.6,8.80,7.75,16.55
772,1232.67,1.548,-134.570,50.196,-104.931,50.196,1.62,103.2,22.88,82.4,8.35,8.15,16.50
773,1234.23,1.563,-133.347,50.223,-103.958,50.223,1.72,104.3,23.09,83.1,7.95,8.50,16.45
774,1235.81,1.578,-132.126,50.248,-102.958,50.248,1.57,104.7,23.34,84.0,7.55,8.85,16.40
775,1237.40,1.594,-130.909,50.272,-101.929,50.272,1.54,105.4,23.54,84.7,7.20,9.15,16.35
776,1238.92,1.514,-129.767,50.295,-100.936,50.295,1.46,108.0,23.77,85.6,6.85,9.45,16.30
777,1240.44,1.528,-128.628,50.316,-99.916,50.316,1.40,110.6,23.97,86.3,6.55,9.70,16.25
778,1241.98,1.541,-127.495,50.337,-98.872,50.337,1.37,112.8,24.18,87.1,6.30,9.95,16.25
779,1243.54,1.556,-126.365,50.357,-97.802,50.357,1.29,115.4,24.42,87.9,6.00,10.15,16.15
780,1245.11,1.570,-125.240,50.380,-96.707,50.380,1.44,118.6,24.62,88.6,5.75,10.35,16.10
781,1246.70,1.585,-124.120,50.402,-95.587,50.402,1.41,120.5,24.87,89.5,5.55,10.55,16.10
782,1248.29,1.598,-123.005,50.426,-94.441,50.426,1.49,122.4,25.08,90.3,5.35,10.75,16.10
783,1249.81,1.512,-121.963,50.446,-93.346,50.446,1.31,125.6,25.31,91.1,5.15,10.85,16.00
784,1251.33,1.524,-120.925,50.465,-92.230,50.465,1.23,129.9,25.50,91.8,5.00,11.00,16.00
785,1252.87,1.538,-119.892,50.483,-91.090,50.483,1.21,135.7,25.73,92.6,4.90,11.10,16.00
786,1254.42,1.551,-118.866,50.504,-89.928,50.504,1.34,144.1,25.94,93.4,4.75,11.20,15.95
787,1255.98,1.564,-117.844,50.524,-88.744,50.524,1.29,156.2,26.17,94.2,4.65,11.30,15.95
788,1257.56,1.576,-116.827,50.541,-87.540,50.541,1.10,171.8,26.38,95.0,4.60,11.35,15.95
789,1259.15,1.590,-115.811,50.556,-86.317,50.556,0.92,192.3,26.61,95.8,3.95,11.40,15.35
790,1260.75,1.604,-114.797,50.571,-85.075,50.571,0.93,218.8,26.84,96.6,2.85,11.45,14.30
791,1262.26,1.509,-113.850,50.585,-83.899,50.585,0.94,254.1,27.02,97.3,1.85,11.50,13.35
792,1263.78,1.520,-112.904,50.600,-82.710,50.600,1.02,297.1,27.26,98.1,1.00,11.50,12.50
793,1265.32,1.533,-111.956,50.619,-81.506,50.619,1.20,348.2,27.46,98.8,1.00,12.20,13.20
794,1266.86,1.544,-111.006,50.638,-80.289,50.638,1.26,404.1,27.66,99.6,1.00,12.20,13.20
795,1268.42,1.556,-110.053,50.657,-79.060,50.657,1.21,453.5,27.88,100.4,1.00,12.20,13.20
796,1269.98,1.567,-109.096,50.675,-77.818,50.675,1.17,479.3,28.09,101.1,1.00,12.20,13.20
797,1271.56,1.579,-108.136,50.692,-76.565,50.692,1.08,481.7,28.30,101.9,1.00,12.20,13.20
798,1273.15,1.591,-107.173,50.709,-75.299,50.709,1.07,465.6,28.51,102.6,1.00,12.20,13.20
799,1274.76,1.604,-106.206,50.725,-74.020,50.725,1.01,439.4,28.74,103.5,1.00,12.20,13.20
800,1276.37,1.614,-105.238,50.741,-72.729,50.741,0.98,412.7,28.91,104.1,1.00,12.15,13.15
801,1277.88,1.511,-104.336,50.753,-71.517,50.753,0.77,393.0,29.17,105.0,1.00,12.15,13.15
802,1279.40,1.522,-103.431,50.766,-70.293,50.766,0.88,378.6,29.35,105.6,1.00,12.15,13.15
803,1280.93,1.533,-102.527,50.781,-69.056,50.781,0.98,369.1,29.56,106.4,1.00,12.10,13.10
804,1282.48,1.544,-101.620,50.797,-67.806,50.797,1.03,362.9,29.79,107.2,1.00,12.10,13.10
805,1284.03,1.555,-100.713,50.814,-66.544,50.814,1.05,356.8,30.00,108.0,1.00,12.05,13.05
806,1285.60,1.568,-99.803,50.830,-65.267,50.830,1.02,346.6,30.27,109.0,1.00,12.00,13.00
807,1287.18,1.582,-98.892,50.846,-63.974,50.846,1.01,335.8,30.52,109.9,1.00,11.95,12.95
808,1288.78,1.594,-97.979,50.860,-62.668,50.860,0.93,323.7,30.79,110.9,1.00,11.90,12.90
809,1290.39,1.610,-97.064,50.875,-61.344,50.875,0.90,310.8,31.09,111.9,1.00,11.80,12.80
810,1292.01,1.624,-96.148,50.890,-60.002,50.890,0.91,302.3,31.36,112.9,1.05,11.75,12.80
811,1293.52,1.511,-95.301,50.902,-58.751,50.902,0.79,301.1,31.61,113.8,1.10,11.65,12.75
812,1295.05,1.525,-94.454,50.914,-57.483,50.914,0.80,303.2,31.88,114.8,1.20,11.55,12.75
813,1296.58,1.537,-93.607,50.925,-56.200,50.925,0.75,307.4,32.16,115.8,1.30,11.50,12.80
814,1298.13,1.550,-92.760,50.936,-54.903,50.936,0.71,311.6,32.39,116.6,3.20,11.40,14.60
815,1299.70,1.561,-91.912,50.944,-53.592,50.944,0.47,309.9,32.65,117.5,3.30,11.30,14.60
816,1301.27,1.574,-91.064,50.947,-52.266,50.947,0.23,300.9,32.90,118.4,3.45,11.15,14.60
817,1302.85,1.586,-90.215,50.947,-50.926,50.947,-0.02,291.6,33.18,119.4,3.55,11.05,14.60
818,1304.45,1.599,-89.367,50.945,-49.570,50.945,-0.10,285.6,33.46,120.5,3.65,10.95,14.60
819,1306.07,1.613,-88.521,50.945,-48.197,50.945,-0.01,288.3,33.74,121.5,3.80,10.80,14.60
820,1307.69,1.626,-87.676,50.948,-46.807,50.948,0.16,304.3,33.99,122.4,3.95,10.65,14.60
821,1309.20,1.501,-86.904,50.951,-45.519,50.951,0.24,338.5,34.23,123.2,4.10,10.50,14.60
822,1310.71,1.511,-86.132,50.954,-44.220,50.954,0.15,385.5,34.47,124.1,4.25,10.40,14.65
823,1312.23,1.522,-85.359,50.955,-42.908,50.955,0.09,446.8,34.70,124.9,4.40,10.25,14.65
824,1313.76,1.533,-84.585,50.954,-41.586,50.954,-0.08,517.0,34.94,125.8,4.55,10.05,14.60
825,1315.30,1.543,-83.809,50.950,-40.252,50.950,-0.21,593.9,35.19,126.7,3.00,9.90,12.90
826,1316.86,1.554,-83.031,50.946,-38.906,50.946,-0.27,677.1,35.44,127.6,3.15,9.75,12.90
827,1318.42,1.566,-82.251,50.942,-37.549,50.942,-0.30,796.1,35.70,128.5,3.35,9.60,12.95
828,1320.00,1.576,-81.469,50.937,-36.180,50.937,-0.28,989.5,35.93,129.4,3.50,9.40,12.90
829,1321.59,1.587,-80.684,50.932,-34.801,50.932,-0.32,1339.1,36.18,130.2,3.65,9.25,12.90
830,1323.18,1.597,-79.895,50.925,-33.413,50.925,-0.45,2000.0,36.39,131.0,3.85,9.05,12.90
831,1324.79,1.607,-79.103,50.916,-32.015,50.916,-0.59,2000.0,36.64,131.9,4.00,8.90,12.90
832,1326.41,1.618,-78.305,50.905,-30.607,50.905,-0.64,2000.0,36.88,132.8,4.20,8.70,12.90
833,1328.04,1.629,-77.502,50.893,-29.189,50.893,-0.73,2000.0,37.15,133.7,4.35,8.55,12.90
834,1329.68,1.639,-76.693,50.881,-27.764,50.881,-0.73,2000.0,37.38,134.6,4.55,8.35,12.90
835,1331.18,1.500,-75.952,50.870,-26.459,50.870,-0.72,1555.8,37.62,135.4,4.70,8.20,12.90
836,1332.69,1.509,-75.205,50.861,-25.148,50.861,-0.66,1245.8,37.80,136.1,4.85,8.05,12.90
837,1334.20,1.517,-74.453,50.850,-23.831,50.850,-0.72,1071.1,38.02,136.9,5.00,7.85,12.85
838,1335.73,1.526,-73.694,50.838,-22.508,50.838,-0.76,955.5,38.24,137.7,5.15,7.70,12.85
839,1337.26,1.534,-72.929,50.825,-21.179,50.825,-0.88,864.7,38.45,138.4,5.30,7.55,12.85
840,1338.81,1.543,-72.157,50.810,-19.843,50.810,-0.97,783.4,38.66,139.2,5.45,7.40,12.85
841,1340.36,1.550,-71.379,50.793,-18.502,50.793,-1.11,713.2,38.84,139.8,5.60,7.30,12.90
842,1341.92,1.559,-70.594,50.773,-17.155,50.773,-1.24,655.0,39.09,140.7,5.75,7.15,12.90
843,1343.48,1.569,-69.800,50.753,-15.802,50.753,-1.26,618.3,39.31,141.5,5.85,7.00,12.85
844,1345.06,1.577,-68.999,50.734,-14.444,50.734,-1.25,600.3,39.52,142.3,6.00,6.85,12.85
845,1346.65,1.586,-68.189,50.714,-13.081,50.714,-1.21,602.8,39.74,143.1,6.10,6.75,12.85
846,1348.24,1.594,-67.370,50.696,-11.713,50.696,-1.18,622.0,39.96,143.8,6.25,6.60,12.85
847,1349.84,1.603,-66.543,50.677,-10.340,50.677,-1.18,657.1,40.15,144.6,6.35,6.50,12.85
848,1351.45,1.610,-65.710,50.656,-8.963,50.656,-1.27,697.1,40.34,145.2,6.50,5.70,12.20
849,1353.07,1.620,-64.868,50.635,-7.579,50.635,-1.32,745.4,40.59,146.1,6.60,5.60,12.20
850,1354.70,1.628,-64.020,50.613,-6.191,50.613,-1.34,788.3,40.78,146.8,6.70,5.50,12.20
851,1356.34,1.636,-63.163,50.591,-4.797,50.591,-1.35,841.0,41.01,147.6,6.65,5.40,12.05
852,1357.98,1.645,-62.299,50.569,-3.397,50.569,-1.30,908.4,41.22,148.4,6.75,5.30,12.05
853,1359.64,1.654,-61.429,50.549,-1.991,50.549,-1.24,1000.7,41.43,149.2,6.85,5.15,12.00
854,1361.30,1.662,-60.551,50.529,-0.580,50.529,-1.21,1114.4,41.66,150.0,6.95,5.05,12.00
855,1362.80,1.503,-59.756,50.511,0.696,50.511,-1.18,1273.4,41.81,150.5,7.05,4.95,12.00
856,1364.31,1.508,-58.956,50.492,1.975,50.492,-1.30,1445.0,41.99,151.2,7.10,4.85,11.95
857,1365.83,1.516,-58.152,50.472,3.260,50.472,-1.32,1637.2,42.20,151.9,7.15,4.75,11.90
858,1367.35,1.523,-57.342,50.451,4.550,50.451,-1.32,1851.1,42.40,152.7,7.25,4.65,11.90
859,1368.88,1.530,-56.528,50.432,5.845,50.432,-1.25,2000.0,42.59,153.3,7.30,4.55,11.85
860,1370.42,1.537,-55.709,50.414,7.146,50.414,-1.20,2000.0,42.78,154.0,7.35,4.45,11.80
861,1371.96,1.543,-54.885,50.396,8.451,50.396,-1.18,2000.0,42.96,154.6,7.40,4.35,11.75
862,1373.51,1.550,-54.058,50.377,9.762,50.377,-1.18,2000.0,43.14,155.3,7.45,4.25,11.70
863,1375.07,1.556,-53.226,50.359,11.077,50.359,-1.21,2000.0,43.32,155.9,7.50,4.15,11.65
864,1376.63,1.564,-52.390,50.340,12.399,50.340,-1.19,2000.0,43.53,156.7,7.55,4.05,11.60
865,1378.20,1.570,-51.551,50.322,13.725,50.322,-1.17,2000.0,43.69,157.3,7.55,3.95,11.50
866,1379.78,1.577,-50.707,50.304,15.057,50.304,-1.15,2000.0,43.89,158.0,7.60,3.85,11.45
867,1381.36,1.584,-49.860,50.286,16.396,50.286,-1.12,2000.0,44.08,158.7,7.65,3.75,11.40
868,1382.95,1.590,-49.009,50.269,17.738,50.269,-1.08,2000.0,44.23,159.2,7.70,3.65,11.35
869,1384.55,1.597,-48.155,50.251,19.087,50.251,-1.08,2000.0,44.45,160.0,7.70,3.55,11.25
870,1386.15,1.603,-47.296,50.235,20.442,50.235,-1.01,2000.0,44.62,160.6,7.75,3.45,11.20
871,1387.76,1.610,-46.434,50.219,21.802,50.219,-0.99,2000.0,44.81,161.3,7.75,3.35,11.10
872,1389.38,1.616,-45.569,50.203,23.166,50.203,-1.03,2000.0,44.95,161.8,7.80,3.25,11.05
873,1391.00,1.622,-44.700,50.185,24.536,50.185,-1.11,2000.0,45.16,162.6,7.80,3.15,10.95
874,1392.63,1.629,-43.828,50.166,25.912,50.166,-1.12,2000.0,45.34,163.2,7.85,3.00,10.85
875,1394.27,1.636,-42.952,50.147,27.293,50.147,-1.16,2000.0,45.51,163.8,7.85,2.90,10.75
876,1395.91,1.642,-42.073,50.128,28.680,50.128,-1.20,2000.0,45.70,164.5,7.85,2.80,10.65
877,1397.56,1.649,-41.190,50.108,30.073,50.108,-1.22,2000.0,45.89,165.2,7.90,2.70,10.60
878,1399.21,1.655,-40.304,50.088,31.471,50.088,-1.20,2000.0,46.06,165.8,7.90,2.65,10.55
879,1400.87,1.662,-39.415,50.069,32.875,50.069,-1.14,2000.0,46.26,166.5,7.90,2.55,10.45
880,1402.54,1.669,-38.523,50.051,34.285,50.051,-1.08,2000.0,46.43,167.2,7.90,2.45,10.35
881,1404.22,1.674,-37.627,50.033,35.700,50.033,-1.07,2000.0,46.58,167.7,7.90,2.35,10.25
882,1405.90,1.681,-36.729,50.014,37.120,50.014,-1.12,2000.0,46.78,168.4,7.95,2.25,10.20
883,1407.58,1.687,-35.827,49.995,38.547,49.995,-1.14,2000.0,46.94,169.0,7.95,2.15,10.10
884,1409.09,1.505,-35.024,49.977,39.818,49.977,-1.21,2000.0,47.09,169.5,7.95,2.05,10.00
885,1410.60,1.510,-34.218,49.958,41.095,49.958,-1.23,2000.0,47.25,170.1,7.95,2.00,9.95
886,1412.11,1.515,-33.409,49.939,42.376,49.939,-1.26,2000.0,47.42,170.7,7.95,1.90,9.85
887,1413.63,1.520,-32.599,49.920,43.662,49.920,-1.26,2000.0,47.56,171.2,7.95,1.85,9.80
888,1415.16,1.525,-31.786,49.900,44.952,49.900,-1.28,2000.0,47.73,171.8,8.00,1.75,9.75
889,1416.69,1.530,-30.971,49.881,46.247,49.881,-1.26,2000.0,47.87,172.3,7.95,1.70,9.65
890,1418.22,1.535,-30.155,49.862,47.547,49.862,-1.24,1835.1,48.05,173.0,7.95,1.60,9.55
891,1419.76,1.540,-29.337,49.843,48.852,49.843,-1.21,1574.9,48.19,173.5,7.95,1.55,9.50
892,1421.31,1.544,-28.518,49.824,50.161,49.824,-1.23,1367.0,48.31,173.9,7.95,1.50,9.45
893,1422.86,1.549,-27.698,49.805,51.475,49.805,-1.28,1185.6,48.49,174.6,7.95,1.50,9.45
894,1424.41,1.554,-26.877,49.786,52.795,49.786,-1.23,1049.4,48.64,175.1,7.90,1.45,9.35
895,1425.97,1.559,-26.055,49.767,54.120,49.767,-1.21,938.6,48.80,175.7,7.90,1.40,9.30
896,1427.54,1.564,-25.233,49.748,55.450,49.748,-1.17,864.3,48.93,176.2,7.85,1.40,9.25
897,1429.10,1.569,-24.411,49.731,56.787,49.731,-1.14,804.0,49.09,176.7,7.80,1.40,9.20
898,1430.68,1.574,-23.589,49.714,58.129,49.714,-1.07,768.0,49.22,177.2,7.80,1.40,9.20
899,1432.26,1.578,-22.768,49.697,59.476,49.697,-1.05,729.2,49.38,177.8,7.75,1.40,9.15
900,1433.84,1.584,-21.947,49.681,60.830,49.681,-1.01,702.4,49.54,178.4,7.70,1.40,9.10
901,1435.43,1.586,-21.128,49.664,62.188,49.664,-1.07,667.5,49.64,178.7,7.65,1.40,9.05
902,1437.02,1.591,-20.309,49.645,63.552,49.645,-1.19,638.3,49.77,179.2,7.60,1.40,9.00
903,1438.61,1.596,-19.491,49.625,64.922,49.625,-1.25,608.1,49.96,179.8,7.60,1.45,9.05
904,1440.21,1.602,-18.674,49.606,66.299,49.606,-1.20,589.1,50.11,180.4,7.55,1.45,9.00
905,1441.82,1.606,-17.858,49.587,67.683,49.587,-1.18,569.1,50.25,180.9,7.50,1.50,9.00
906,1443.43,1.610,-17.045,49.567,69.072,49.567,-1.22,551.6,50.38,181.4,7.45,1.55,9.00
907,1445.05,1.615,-16.233,49.547,70.468,49.547,-1.24,531.8,50.51,181.8,7.40,1.60,9.00
908,1446.66,1.619,-15.423,49.527,71.870,49.527,-1.29,512.9,50.65,182.4,7.35,1.65,9.00
909,1448.29,1.624,-14.615,49.505,73.278,49.505,-1.30,495.9,50.81,182.9,7.30,1.70,9.00
910,1449.92,1.628,-13.810,49.485,74.693,49.485,-1.23,490.5,50.94,183.4,7.25,1.75,9.00
911,1451.55,1.633,-13.007,49.467,76.115,49.467,-1.15,501.2,51.12,184.0,7.20,1.80,9.00
912,1453.19,1.638,-12.207,49.450,77.545,49.450,-1.01,531.0,51.24,184.5,7.15,1.80,8.95
913,1454.83,1.642,-11.411,49.435,78.981,49.435,-0.93,579.2,51.38,185.0,7.10,1.85,8.95
914,1456.48,1.647,-10.616,49.420,80.423,49.420,-0.92,645.4,51.52,185.5,7.05,1.90,8.95
915,1458.13,1.650,-9.823,49.403,81.870,49.403,-1.04,704.8,51.62,185.8,7.05,1.95,9.00
916,1459.78,1.653,-9.031,49.382,83.322,49.382,-1.28,733.4,51.71,186.2,7.00,1.95,8.95
917,1461.44,1.656,-8.241,49.357,84.777,49.357,-1.51,707.6,51.82,186.5,6.95,2.00,8.95
918,1463.10,1.662,-7.451,49.329,86.238,49.329,-1.65,645.8,52.03,187.3,6.95,2.05,9.00
919,1464.77,1.668,-6.661,49.300,87.707,49.300,-1.73,572.4,52.19,187.9,6.90,2.05,8.95
920,1466.44,1.672,-5.874,49.271,89.182,49.271,-1.78,516.4,52.27,188.2,6.90,2.10,9.00
921,1468.11,1.676,-5.089,49.240,90.662,49.240,-1.81,482.7,52.49,189.0,6.90,2.10,9.00
922,1469.80,1.684,-4.308,49.214,92.153,49.214,-1.58,480.8,52.68,189.7,6.90,2.10,9.00
923,1471.48,1.688,-3.530,49.192,93.651,49.192,-1.27,510.9,52.80,190.1,6.90,2.10,9.00
924,1473.18,1.692,-2.757,49.174,95.156,49.174,-1.05,582.5,52.94,190.6,6.90,2.10,9.00
925,1474.87,1.696,-1.987,49.158,96.668,49.158,-0.93,697.6,53.06,191.0,6.90,2.10,9.00
926,1476.57,1.699,-1.219,49.142,98.183,49.142,-0.94,891.9,53.15,191.3,6.90,2.05,8.95
927,1478.28,1.704,-0.451,49.124,99.704,49.124,-1.06,1200.7,53.31,191.9,6.90,2.05,8.95
928,1479.98,1.708,0.317,49.105,101.229,49.105,-1.15,1713.4,53.42,192.3,6.90,2.05,8.95
929,1481.70,1.712,1.086,49.082,102.759,49.082,-1.33,2000.0,53.54,192.8,6.90,2.05,8.95
930,1483.20,1.500,1.759,49.060,104.099,49.060,-1.49,2000.0,53.64,193.1,6.95,2.05,9.00
931,1484.70,1.505,2.434,49.036,105.444,49.036,-1.58,2000.0,53.80,193.7,6.95,2.05,9.00
932,1486.21,1.509,3.111,49.012,106.792,49.012,-1.60,2000.0,53.94,194.2,6.95,2.05,9.00
933,1487.72,1.513,3.789,48.987,108.145,48.987,-1.60,2000.0,54.09,194.7,6.95,2.05,9.00
934,1489.24,1.517,4.470,48.964,109.500,48.964,-1.56,2000.0,54.23,195.2,6.95,2.05,9.00
935,1490.76,1.520,5.152,48.941,110.858,48.941,-1.52,2000.0,54.36,195.7,6.95,2.00,8.95
936,1492.28,1.524,5.837,48.918,112.219,48.918,-1.48,2000.0,54.47,196.1,6.95,2.00,8.95
937,1493.81,1.527,6.524,48.896,113.583,48.896,-1.48,2000.0,54.58,196.5,6.95,2.00,8.95
938,1495.34,1.530,7.213,48.873,114.949,48.873,-1.47,2000.0,54.71,196.9,6.95,2.00,8.95
939,1496.88,1.534,7.905,48.851,116.318,48.851,-1.43,2000.0,54.82,197.3,6.95,2.00,8.95
940,1498.41,1.537,8.598,48.829,117.689,48.829,-1.42,2000.0,54.94,197.8,6.95,2.00,8.95
941,1499.95,1.540,9.294,48.808,119.063,48.808,-1.36,2000.0,55.06,198.2,6.95,2.00,8.95
942,1501.50,1.544,9.993,48.788,120.440,48.788,-1.31,2000.0,55.20,198.7,6.95,2.00,8.95
943,1503.04,1.547,10.693,48.768,121.819,48.768,-1.28,2000.0,55.31,199.1,6.95,2.00,8.95
944,1504.59,1.550,11.395,48.748,123.201,48.748,-1.32,2000.0,55.39,199.4,6.95,2.00,8.95
945,1506.15,1.553,12.099,48.726,124.585,48.726,-1.41,2000.0,55.50,199.8,6.95,2.00,8.95
946,1507.70,1.556,12.804,48.703,125.971,48.703,-1.47,2000.0,55.62,200.2,6.95,2.00,8.95
947,1509.26,1.560,13.512,48.680,127.361,48.680,-1.46,2000.0,55.76,200.7,6.95,2.00,8.95
948,1510.82,1.563,14.221,48.658,128.754,48.658,-1.46,2000.0,55.87,201.1,6.95,2.00,8.95
949,1512.39,1.566,14.931,48.635,130.150,48.635,-1.42,2000.0,55.99,201.6,6.95,2.00,8.95
950,1513.96,1.570,15.643,48.615,131.549,48.615,-1.29,2000.0,56.13,202.1,6.95,2.00,8.95
951,1515.53,1.574,16.356,48.598,132.952,48.598,-1.11,2000.0,56.28,202.6,6.95,2.00,8.95
952,1517.11,1.577,17.071,48.583,134.358,48.583,-0.92,2000.0,56.34,202.8,6.95,2.00,8.95
953,1518.69,1.579,17.786,48.568,135.766,48.568,-0.97,2000.0,56.44,203.2,7.00,2.00,9.00
954,1520.27,1.582,18.502,48.550,137.176,48.550,-1.10,2000.0,56.53,203.5,7.00,2.00,9.00
955,1521.86,1.584,19.219,48.530,138.589,48.530,-1.26,2000.0,56.61,203.8,7.00,2.00,9.00
956,1523.44,1.586,19.936,48.508,140.003,48.508,-1.43,2000.0,56.69,204.1,7.00,2.00,9.00
957,1525.03,1.587,20.653,48.484,141.419,48.484,-1.52,2000.0,56.68,204.1,7.00,2.00,9.00
958,1526.62,1.585,21.369,48.459,142.833,48.459,-1.56,2000.0,56.50,203.4,7.00,2.00,9.00
959,1528.19,1.578,22.080,48.434,144.241,48.434,-1.57,2000.0,56.24,202.5,7.00,2.00,9.00
960,1529.76,1.570,22.788,48.409,145.642,48.409,-1.63,2000.0,55.93,201.4,7.00,2.00,9.00
961,1531.32,1.560,23.491,48.382,147.035,48.382,-1.69,2000.0,55.57,200.0,7.00,2.00,9.00
962,1532.87,1.550,24.189,48.356,148.419,48.356,-1.71,2000.0,55.20,198.7,7.00,2.00,9.00
963,1534.41,1.539,24.882,48.330,149.792,48.330,-1.66,2000.0,54.78,197.2,7.00,2.00,9.00
964,1535.94,1.528,25.570,48.306,151.157,48.306,-1.61,2000.0,54.43,196.0,7.00,2.00,9.00
965,1537.46,1.519,26.253,48.281,152.513,48.281,-1.63,2000.0,54.07,194.7,7.00,2.00,9.00
966,1538.97,1.509,26.931,48.256,153.860,48.256,-1.66,2000.0,53.76,193.5,7.00,2.00,9.00
967,1540.68,1.713,27.701,48.227,155.390,48.227,-1.68,2000.0,53.31,191.9,7.00,2.00,9.00
968,1542.38,1.698,28.464,48.200,156.907,48.200,-1.61,2000.0,52.88,190.4,7.00,2.00,9.00
969,1544.06,1.686,29.222,48.173,158.412,48.173,-1.60,2000.0,52.52,189.1,7.00,1.95,8.95
970,1545.74,1.672,29.972,48.146,159.907,48.146,-1.60,2000.0,52.10,187.6,7.00,1.95,8.95
971,1547.40,1.661,30.718,48.119,161.391,48.119,-1.66,2000.0,51.76,186.3,7.00,1.95,8.95
972,1549.05,1.648,31.457,48.090,162.863,48.090,-1.71,2000.0,51.33,184.8,7.05,1.95,9.00
973,1550.68,1.636,32.191,48.062,164.325,48.062,-1.75,2000.0,50.95,183.4,7.05,1.95,9.00
974,1552.30,1.623,32.918,48.033,165.776,48.033,-1.77,2000.0,50.55,182.0,7.05,1.95,9.00
975,1553.92,1.611,33.640,48.004,167.216,48.004,-1.78,2000.0,50.17,180.6,7.05,1.95,9.00
976,1555.52,1.600,34.356,47.975,168.646,47.975,-1.81,2000.0,49.89,179.6,7.05,1.95,9.00
977,1557.11,1.590,35.068,47.943,170.068,47.943,-2.02,2000.0,49.51,178.2,7.05,1.90,8.95
978,1558.68,1.578,35.774,47.910,171.479,47.910,-2.12,2000.0,49.20,177.1,7.10,2.25,9.35
979,1560.25,1.567,36.475,47.875,172.880,47.875,-2.24,2000.0,48.79,175.6,7.10,3.00,10.10
980,1561.80,1.554,37.170,47.840,174.269,47.840,-2.25,2000.0,48.40,174.2,7.10,3.75,10.85
981,1563.35,1.543,37.860,47.804,175.649,47.804,-2.32,2000.0,48.02,172.9,7.10,4.50,11.60
982,1564.88,1.530,38.543,47.769,177.017,47.769,-2.29,2000.0,47.67,171.6,7.15,5.25,12.40
983,1566.40,1.519,39.222,47.734,178.375,47.734,-2.30,2000.0,47.27,170.2,7.15,6.00,13.15
984,1567.90,1.507,39.895,47.700,179.723,47.700,-2.24,2000.0,46.94,169.0,7.15,6.95,14.10
985,1569.58,1.682,40.646,47.663,181.226,47.663,-2.23,2000.0,46.53,167.5,7.15,8.05,15.20
986,1571.25,1.668,41.392,47.625,182.718,47.625,-2.26,2000.0,46.14,166.1,7.20,9.45,16.65
987,1572.90,1.652,42.131,47.589,184.195,47.589,-2.17,2000.0,45.73,164.6,7.20,10.90,18.10
988,1574.54,1.638,42.864,47.556,185.659,47.556,-2.05,2000.0,45.33,163.2,7.20,12.65,19.85
989,1576.17,1.624,43.592,47.524,187.111,47.524,-1.97,2000.0,44.98,161.9,7.25,14.65,21.90
990,1577.78,1.612,44.315,47.491,188.551,47.491,-2.01,2000.0,44.57,160.5,7.25,1.75,9.00
991,1579.38,1.597,45.032,47.459,189.979,47.459,-2.00,2000.0,44.21,159.2,7.25,1.75,9.00
992,1580.96,1.584,45.744,47.427,191.394,47.427,-2.05,2000.0,43.82,157.7,7.25,1.75,9.00
993,1582.53,1.569,46.449,47.396,192.795,47.396,-1.94,2000.0,43.46,156.5,7.25,1.75,9.00
994,1584.09,1.557,47.151,47.366,194.185,47.366,-1.95,2000.0,43.07,155.0,7.25,1.75,9.00
995,1585.63,1.545,47.847,47.336,195.564,47.336,-1.97,2000.0,42.80,154.1,7.25,1.75,9.00
996,1587.16,1.533,48.539,47.304,196.931,47.304,-2.05,2000.0,42.43,152.7,7.25,1.70,8.95
997,1588.68,1.520,49.225,47.273,198.287,47.273,-2.05,2000.0,42.06,151.4,7.25,1.70,8.95
998,1590.19,1.508,49.907,47.241,199.632,47.241,-2.09,2000.0,41.73,150.2,7.30,1.70,9.00
999,1591.85,1.660,50.659,47.207,201.112,47.207,-2.07,1666.1,41.37,148.9,7.30,1.70,9.00
1000,1593.50,1.646,51.405,47.172,202.579,47.172,-2.12,1301.6,40.96,147.5,7.30,1.70,9.00
1001,1595.13,1.631,52.146,47.137,204.031,47.137,-2.15,1004.5,40.59,146.1,7.30,1.70,9.00
1002,1596.74,1.615,52.882,47.103,205.469,47.103,-2.12,768.9,40.22,144.8,7.30,1.70,9.00
1003,1598.35,1.601,53.614,47.068,206.892,47.068,-2.17,585.1,39.87,143.5,7.25,1.70,8.95
1004,1599.93,1.586,54.342,47.033,208.301,47.033,-2.24,448.1,39.48,142.1,7.25,1.75,9.00
1005,1601.50,1.572,55.069,46.995,209.695,46.995,-2.37,349.9,39.15,140.9,7.25,1.75,9.00
1006,1603.06,1.556,55.793,46.958,211.071,46.958,-2.42,281.0,38.74,139.5,7.25,1.75,9.00
1007,1604.61,1.545,56.519,46.919,212.435,46.919,-2.48,233.5,38.53,138.7,7.20,1.80,9.00
1008,1606.14,1.538,57.251,46.880,213.787,46.880,-2.56,202.5,38.40,138.2,7.20,1.80,9.00
1009,1607.68,1.534,57.992,46.841,215.129,46.841,-2.53,183.2,38.30,137.9,7.15,1.85,9.00
1010,1609.21,1.529,58.743,46.802,216.461,46.802,-2.54,171.8,38.18,137.4,7.05,1.95,9.00
1011,1610.73,1.525,59.505,46.764,217.781,46.764,-2.53,165.9,38.08,137.1,7.00,2.00,9.00
1012,1612.25,1.521,60.277,46.724,219.091,46.724,-2.60,164.9,37.98,136.7,6.90,2.10,9.00
1013,1613.77,1.517,61.058,46.683,220.390,46.683,-2.73,164.3,37.87,136.3,6.80,2.20,9.00
1014,1615.28,1.513,61.850,46.640,221.679,46.640,-2.84,164.1,37.77,136.0,6.70,2.30,9.00
1015,1616.79,1.509,62.651,46.594,222.957,46.594,-3.04,162.6,37.67,135.6,6.60,2.45,9.05
1016,1618.30,1.504,63.461,46.546,224.223,46.546,-3.18,160.4,37.57,135.2,6.45,2.55,9.00
1017,1619.95,1.650,64.364,46.491,225.603,46.491,-3.35,153.8,37.44,134.8,6.30,2.75,9.05
1018,1621.59,1.645,65.280,46.434,226.968,46.434,-3.43,147.7,37.34,134.4,6.15,2.90,9.05
1019,1623.23,1.640,66.208,46.375,228.319,46.375,-3.63,140.7,37.21,134.0,5.95,3.10,9.05
1020,1624.86,1.635,67.148,46.313,229.655,46.313,-3.77,134.2,37.11,133.6,5.75,3.30,9.05
1021,1626.49,1.630,68.100,46.249,230.976,46.249,-3.93,127.6,36.97,133.1,5.55,3.55,9.10
1022,1628.12,1.624,69.067,46.186,232.279,46.186,-3.90,123.0,36.85,132.7,5.35,3.75,9.10
1023,1629.74,1.619,70.048,46.123,233.565,46.123,-3.91,118.7,36.74,132.2,5.10,4.00,9.10
1024,1631.35,1.614,71.043,46.059,234.834,46.059,-3.97,114.4,36.62,131.8,5.20,4.20,9.40
1025,1632.96,1.608,72.051,45.994,236.085,45.994,-4.04,110.6,36.49,131.4,5.00,4.45,9.45
1026,1634.56,1.603,73.074,45.929,237.317,45.929,-4.08,107.2,36.36,130.9,4.75,4.65,9.40
1027,1636.16,1.597,74.112,45.864,238.530,45.864,-4.04,104.3,36.25,130.5,4.55,4.85,9.40
1028,1637.75,1.592,75.164,45.800,239.722,45.800,-4.06,101.2,36.12,130.0,4.35,5.05,9.40
1029,1639.34,1.586,76.232,45.736,240.893,45.736,-4.01,98.6,35.99,129.6,4.15,5.25,9.40
1030,1640.92,1.581,77.314,45.672,242.043,45.672,-4.07,95.7,35.86,129.1,3.95,5.45,9.40
1031,1642.49,1.575,78.410,45.607,243.172,45.607,-4.10,93.2,35.74,128.7,3.75,5.65,9.40
1032,1644.06,1.569,79.520,45.542,244.279,45.542,-4.18,90.8,35.60,128.2,3.55,5.80,9.35
1033,1645.62,1.563,80.645,45.477,245.362,45.477,-4.13,89.3,35.44,127.6,3.40,6.00,9.40
1034,1647.18,1.557,81.786,45.416,246.419,45.416,-3.97,88.4,35.32,127.1,3.25,6.15,9.40
1035,1648.73,1.551,82.941,45.355,247.453,45.355,-3.90,88.2,35.20,126.7,3.10,6.30,9.40
1036,1650.28,1.545,84.109,45.294,248.462,45.294,-3.97,88.0,35.06,126.2,2.95,6.40,9.35
1037,1651.82,1.540,85.290,45.233,249.449,45.233,-3.98,87.9,34.93,125.8,2.85,6.50,9.35
1038,1653.35,1.534,86.483,45.171,250.411,45.171,-4.01,87.7,34.81,125.3,2.75,6.60,9.35
1039,1654.88,1.528,87.688,45.109,251.349,45.109,-4.03,87.8,34.67,124.8,2.65,6.70,9.35
1040,1656.40,1.523,88.904,45.048,252.262,45.048,-4.03,88.6,34.55,124.4,2.55,6.80,9.35
1041,1657.92,1.517,90.132,44.988,253.151,44.988,-3.99,89.7,34.42,123.9,2.50,6.85,9.35
1042,1659.43,1.512,91.372,44.928,254.014,44.928,-3.93,90.9,34.30,123.5,2.40,6.95,9.35
1043,1660.94,1.507,92.621,44.869,254.855,44.869,-3.97,91.7,34.19,123.1,2.35,7.00,9.35
1044,1662.44,1.502,93.879,44.808,255.673,44.808,-4.01,92.3,34.08,122.7,2.25,7.10,9.35
1045,1664.07,1.632,95.261,44.742,256.538,44.742,-4.05,91.2,33.94,122.2,2.20,7.15,9.35
1046,1665.70,1.626,96.654,44.678,257.373,44.678,-3.95,90.3,33.80,121.7,2.10,7.25,9.35
1047,1667.32,1.620,98.058,44.617,258.179,44.617,-3.75,89.8,33.69,121.3,2.05,7.30,9.35
1048,1668.93,1.614,99.471,44.559,258.956,44.559,-3.63,89.5,33.57,120.9,2.00,7.35,9.35
1049,1670.54,1.608,100.893,44.500,259.706,44.500,-3.66,88.8,33.45,120.4,1.95,7.40,9.35
1050,1672.14,1.602,102.322,44.442,260.428,44.442,-3.62,88.8,33.32,120.0,1.90,7.45,9.35
1051,1673.74,1.597,103.759,44.386,261.122,44.386,-3.51,88.8,33.22,119.6,1.85,7.45,9.30
1052,1675.33,1.591,105.202,44.330,261.788,44.330,-3.55,87.8,33.09,119.1,1.85,7.45,9.30
1053,1676.92,1.585,106.653,44.274,262.426,44.274,-3.51,86.5,32.97,118.7,1.90,7.45,9.35
1054,1678.49,1.580,108.109,44.219,263.035,44.219,-3.50,84.9,32.86,118.3,1.95,7.45,9.40
1055,1680.07,1.574,109.571,44.162,263.616,44.162,-3.61,83.3,32.74,117.9,1.95,7.40,9.35
1056,1681.64,1.568,111.037,44.104,264.169,44.104,-3.71,81.5,32.61,117.4,2.05,7.35,9.40
1057,1683.20,1.562,112.508,44.046,264.691,44.046,-3.69,80.5,32.49,117.0,2.10,7.30,9.40
1058,1684.76,1.556,113.984,43.989,265.181,43.989,-3.69,79.5,32.35,116.5,2.15,7.25,9.40
1059,1686.31,1.550,115.463,43.933,265.639,43.933,-3.59,78.6,32.24,116.1,2.20,7.20,9.40
1060,1687.85,1.544,116.946,43.876,266.067,43.876,-3.74,77.2,32.12,115.6,2.25,7.15,9.40
1061,1689.39,1.539,118.431,43.815,266.468,43.815,-3.93,75.2,32.01,115.2,2.30,7.10,9.40
1062,1690.92,1.533,119.917,43.753,266.838,43.753,-4.09,72.6,31.88,114.8,2.35,7.00,9.35
1063,1692.45,1.527,121.405,43.690,267.177,43.690,-4.08,70.5,31.74,114.3,2.40,6.95,9.35
1064,1693.97,1.520,122.893,43.631,267.479,43.631,-3.90,69.2,31.61,113.8,2.45,6.90,9.35
1065,1695.48,1.514,124.382,43.575,267.746,43.575,-3.70,69.0,31.49,113.4,2.55,6.85,9.40
1066,1696.99,1.508,125.872,43.521,267.977,43.521,-3.56,70.1,31.36,112.9,2.60,6.75,9.35
1067,1698.49,1.502,127.359,43.471,268.176,43.471,-3.39,72.8,31.23,112.4,2.65,6.70,9.35
1068,1700.12,1.620,128.969,43.421,268.350,43.421,-3.08,75.8,31.10,112.0,2.75,6.60,9.35
1069,1701.73,1.614,130.577,43.375,268.487,43.375,-2.86,79.7,31.00,111.6,2.85,6.50,9.35
1070,1703.34,1.611,132.184,43.330,268.591,43.330,-2.79,84.2,30.98,111.5,2.95,6.40,9.35
1071,1704.95,1.612,133.794,43.283,268.664,43.283,-2.91,88.2,31.03,111.7,3.10,6.30,9.40
1072,1706.57,1.618,135.410,43.229,268.715,43.229,-3.34,89.7,31.22,112.4,3.25,6.15,9.40
1073,1708.08,1.504,136.913,43.175,268.738,43.175,-3.56,91.5,31.40,113.0,3.40,6.05,9.45
1074,1709.59,1.513,138.425,43.119,268.738,43.119,-3.69,92.0,31.63,113.9,3.55,5.90,9.45
1075,1711.11,1.524,139.948,43.064,268.712,43.064,-3.65,92.3,31.85,114.7,3.70,5.70,9.40
1076,1712.65,1.535,141.481,43.010,268.658,43.010,-3.48,93.5,32.06,115.4,3.85,5.55,9.40
1077,1714.19,1.546,143.024,42.959,268.577,42.959,-3.36,96.3,32.31,116.3,4.05,5.40,9.45
1078,1715.75,1.556,144.575,42.909,268.469,42.909,-3.20,99.5,32.51,117.0,4.20,5.20,9.40
1079,1717.32,1.567,146.135,42.859,268.336,42.859,-3.15,103.6,32.74,117.8,4.40,5.05,9.45
1080,1718.89,1.577,147.703,42.811,268.178,42.811,-3.11,108.0,32.94,118.6,4.55,4.85,9.40
1081,1720.48,1.586,149.278,42.762,267.996,42.762,-3.05,111.4,33.14,119.3,4.75,4.70,9.45
1082,1722.08,1.597,150.861,42.714,267.790,42.714,-3.04,114.6,33.37,120.1,4.90,4.50,9.40
1083,1723.68,1.607,152.450,42.664,267.560,42.664,-3.07,117.9,33.59,120.9,5.10,4.35,9.45
1084,1725.30,1.619,154.049,42.614,267.308,42.614,-3.13,121.1,33.83,121.8,5.25,4.15,9.40
1085,1726.94,1.631,155.656,42.561,267.032,42.561,-3.23,123.7,34.13,122.9,5.40,4.00,9.40
1086,1728.44,1.507,157.137,42.512,266.759,42.512,-3.25,128.4,34.35,123.7,5.55,3.85,9.40
1087,1729.96,1.517,158.625,42.461,266.467,42.461,-3.37,132.2,34.56,124.4,5.70,3.70,9.40
1088,1731.49,1.526,160.118,42.406,266.157,42.406,-3.59,134.4,34.79,125.3,5.85,3.55,9.40
1089,1733.02,1.537,161.618,42.348,265.829,42.348,-3.76,135.4,35.03,126.1,5.95,3.45,9.40
1090,1734.57,1.548,163.125,42.288,265.481,42.288,-3.89,136.5,35.28,127.0,6.10,3.30,9.40
1091,1736.13,1.558,164.638,42.225,265.113,42.225,-4.03,136.8,35.51,127.8,6.25,3.15,9.40
1092,1737.70,1.567,166.155,42.161,264.725,42.161,-4.12,138.5,35.72,128.6,6.35,3.05,9.40
1093,1739.28,1.578,167.677,42.095,264.316,42.095,-4.20,142.0,35.97,129.5,6.45,2.90,9.35
1094,1740.86,1.588,169.205,42.027,263.885,42.027,-4.27,146.9,36.20,130.3,6.55,2.80,9.35
1095,1742.46,1.597,170.736,41.956,263.435,41.956,-4.45,151.3,36.39,131.0,6.70,2.70,9.40
1096,1744.07,1.607,172.272,41.880,262.968,41.880,-4.71,152.5,36.62,131.8,6.75,2.60,9.35
1097,1745.69,1.617,173.812,41.801,262.482,41.801,-4.93,151.4,36.85,132.7,6.85,2.55,9.40
1098,1747.31,1.628,175.357,41.718,261.978,41.718,-5.08,149.3,37.10,133.6,6.90,2.45,9.35
1099,1748.95,1.638,176.906,41.634,261.453,41.634,-5.13,147.5,37.32,134.4,6.95,2.40,9.35
1100,1750.60,1.649,178.459,41.550,260.907,41.550,-5.14,147.9,37.58,135.3,7.00,2.40,9.40
1101,1752.11,1.508,179.875,41.473,260.392,41.473,-5.08,157.4,37.80,136.1,7.00,2.35,9.35
1102,1753.62,1.516,181.292,41.397,259.859,41.397,-5.05,174.1,37.95,136.6,7.00,2.40,9.40
1103,1755.14,1.520,182.707,41.319,259.312,41.319,-5.14,200.2,38.02,136.9,6.95,2.40,9.35
1104,1756.66,1.520,184.118,41.240,258.754,41.240,-5.18,241.4,37.93,136.6,6.90,2.45,9.35
1105,1758.18,1.511,185.518,41.162,258.190,41.162,-5.21,306.1,37.64,135.5,6.85,2.50,9.35
1106,1759.82,1.648,187.041,41.077,257.566,41.077,-5.13,398.1,37.30,134.3,6.80,2.55,9.35
1107,1761.46,1.632,188.547,40.994,256.942,40.994,-5.09,541.0,36.93,133.0,6.75,2.65,9.40
1108,1763.07,1.614,190.035,40.912,256.322,40.912,-5.12,776.4,36.45,131.2,6.65,2.70,9.35
1109,1764.66,1.593,191.503,40.830,255.708,40.830,-5.12,1128.1,35.99,129.6,6.60,2.75,9.35
1110,1766.23,1.571,192.949,40.749,255.102,40.749,-5.17,1615.8,35.45,127.6,6.55,2.85,9.40
1111,1767.78,1.547,194.374,40.670,254.503,40.670,-5.14,2000.0,34.93,125.8,6.45,2.90,9.35
1112,1769.31,1.524,195.777,40.592,253.913,40.592,-5.13,2000.0,34.38,123.8,6.40,2.95,9.35
1113,1770.94,1.635,197.281,40.509,253.279,40.509,-5.06,2000.0,33.78,121.6,6.30,3.05,9.35
1114,1772.55,1.607,198.760,40.429,252.656,40.429,-4.97,2000.0,33.21,119.6,6.25,3.15,9.40
1115,1774.13,1.580,200.213,40.351,252.042,40.351,-4.95,2000.0,32.65,117.5,6.15,3.20,9.35
1116,1775.68,1.553,201.642,40.275,251.438,40.275,-4.94,2000.0,32.14,115.7,6.10,3.70,9.80
1117,1777.21,1.530,203.050,40.197,250.842,40.197,-5.06,1621.2,31.64,113.9,6.00,3.80,9.80
1118,1778.72,1.505,204.433,40.121,250.255,40.121,-5.06,1418.5,31.11,112.0,5.95,3.85,9.80
1119,1780.32,1.600,205.904,40.041,249.629,40.041,-5.04,1416.2,30.49,109.8,5.55,3.95,9.50
1120,1781.88,1.569,207.344,39.965,249.013,39.965,-4.86,1996.3,29.91,107.7,5.45,4.05,9.50
1121,1783.43,1.541,208.758,39.892,248.405,39.892,-4.75,2000.0,29.38,105.8,5.35,4.10,9.45
1122,1784.94,1.512,210.145,39.822,247.806,39.822,-4.64,1280.1,28.84,103.8,5.25,4.20,9.45
1123,1786.54,1.599,211.611,39.746,247.173,39.746,-4.71,508.7,28.28,101.8,5.20,4.30,9.50
1124,1788.10,1.567,213.050,39.673,246.555,39.673,-4.71,289.3,27.76,99.9,5.10,4.35,9.45
1125,1789.64,1.537,214.463,39.597,245.956,39.597,-4.90,194.5,27.17,97.8,5.00,4.45,9.45
1126,1791.15,1.507,215.852,39.523,245.379,39.523,-4.98,145.5,26.63,95.9,4.95,4.50,9.45
1127,1792.73,1.581,217.317,39.444,244.788,39.444,-5.00,114.8,26.14,94.1,4.90,4.55,9.45
1128,1794.28,1.551,218.762,39.364,244.230,39.364,-5.14,95.8,25.62,92.2,4.85,4.60,9.45
1129,1795.80,1.521,220.188,39.286,243.707,39.286,-5.11,83.0,25.12,90.4,4.85,4.60,9.45
1130,1797.39,1.589,221.689,39.206,243.189,39.206,-5.04,72.7,24.61,88.6,4.85,4.60,9.45
1131,1798.95,1.558,223.169,39.126,242.711,39.126,-5.19,64.8,24.09,86.7,4.85,4.60,9.45
1132,1800.48,1.528,224.632,39.044,242.276,39.044,-5.32,58.5,23.68,85.2,4.90,4.55,9.45
1133,1802.07,1.593,226.168,38.958,241.865,38.958,-5.42,52.8,23.24,83.7,5.00,4.50,9.50
1134,1803.64,1.568,227.692,38.871,241.505,38.871,-5.59,48.0,22.91,82.5,5.15,4.40,9.55
1135,1805.19,1.547,229.205,38.782,241.200,38.782,-5.73,44.5,22.63,81.5,5.30,4.30,9.60
1136,1806.72,1.530,230.711,38.690,240.947,38.690,-6.05,41.8,22.39,80.6,5.50,4.15,9.65
1137,1808.23,1.517,232.213,38.596,240.753,38.596,-6.17,39.8,22.25,80.1,5.70,4.00,9.70
1138,1809.74,1.510,233.714,38.502,240.619,38.502,-6.29,38.5,22.16,79.8,5.90,3.80,9.70
1139,1811.25,1.503,235.212,38.407,240.547,38.407,-6.31,37.7,22.06,79.4,6.10,3.60,9.70
1140,1812.83,1.584,236.793,38.307,240.539,38.307,-6.35,36.9,21.96,79.0,6.35,3.45,9.80
1141,1814.41,1.577,238.366,38.205,240.600,38.205,-6.49,36.3,21.86,78.7,6.55,3.25,9.80
1142,1815.98,1.569,239.926,38.100,240.727,38.100,-6.69,35.9,21.75,78.3,6.80,3.10,9.90
1143,1817.54,1.562,241.472,37.995,240.924,37.995,-6.73,36.0,21.66,78.0,7.00,2.95,9.95
1144,1819.10,1.556,243.002,37.890,241.188,37.890,-6.77,36.6,21.58,77.7,7.20,2.80,10.00
1145,1820.65,1.551,244.514,37.782,241.516,37.782,-6.93,38.0,21.51,77.4,7.35,2.65,10.00
1146,1822.19,1.546,246.006,37.677,241.911,37.677,-6.81,40.6,21.46,77.3,7.55,2.50,10.05
1147,1823.74,1.546,247.480,37.572,242.365,37.572,-6.81,44.3,21.48,77.3,7.75,2.35,10.10
1148,1825.29,1.547,248.937,37.469,242.873,37.469,-6.72,48.8,21.50,77.4,7.90,2.25,10.15
1149,1826.84,1.549,250.381,37.366,243.426,37.366,-6.65,53.3,21.54,77.5,8.15,2.10,10.25
1150,1828.39,1.553,251.813,37.263,244.018,37.263,-6.66,56.6,21.58,77.7,8.35,1.95,10.30
1151,1829.95,1.556,253.233,37.159,244.643,37.159,-6.68,57.2,21.63,77.9,8.50,1.85,10.35
1152,1831.50,1.559,254.642,37.054,245.302,37.054,-6.72,55.0,21.67,78.0,8.60,1.70,10.30
1153,1833.07,1.561,256.035,36.953,246.001,36.953,-6.53,51.4,21.70,78.1,8.65,1.65,10.30
1154,1834.63,1.563,257.408,36.852,246.741,36.852,-6.47,47.3,21.72,78.2,8.65,1.60,10.25
1155,1836.19,1.564,258.756,36.754,247.527,36.754,-6.25,43.8,21.72,78.2,8.65,1.60,10.25
1156,1837.76,1.564,260.074,36.659,248.363,36.659,-6.10,41.0,21.71,78.2,8.65,1.60,10.25
1157,1839.32,1.563,261.358,36.565,249.249,36.565,-6.02,38.9,21.70,78.1,8.60,1.70,10.30
1158,1840.88,1.561,262.603,36.471,250.186,36.471,-6.07,37.1,21.67,78.0,8.50,1.80,10.30
1159,1842.44,1.559,263.806,36.377,251.174,36.377,-6.04,36.0,21.64,77.9,8.45,1.90,10.35
1160,1844.00,1.556,264.963,36.280,252.209,36.280,-6.19,35.0,21.59,77.7,8.45,1.95,10.40
1161,1845.55,1.552,266.068,36.183,253.294,36.183,-6.28,34.6,21.52,77.5,8.45,2.05,10.50
1162,1847.10,1.548,267.120,36.087,254.426,36.087,-6.22,34.6,21.50,77.4,8.50,2.05,10.55
1163,1848.64,1.548,268.115,35.992,255.607,35.992,-6.18,35.3,21.49,77.4,8.55,2.05,10.60
1164,1850.19,1.548,269.059,35.892,256.830,35.892,-6.42,36.3,21.52,77.5,8.65,2.00,10.65
1165,1851.74,1.550,269.948,35.793,258.097,35.793,-6.41,38.0,21.55,77.6,8.70,1.95,10.65
1166,1853.30,1.553,270.783,35.694,259.402,35.694,-6.39,40.2,21.60,77.8,9.30,1.95,11.25
1167,1854.85,1.557,271.570,35.595,260.742,35.595,-6.41,42.7,21.66,78.0,9.30,1.90,11.20
1168,1856.42,1.562,272.310,35.494,262.114,35.494,-6.43,45.0,21.73,78.2,9.35,1.90,11.25
1169,1857.98,1.568,273.004,35.397,263.516,35.397,-6.24,47.3,21.82,78.5,9.35,1.95,11.30
1170,1859.56,1.574,273.655,35.302,264.946,35.302,-6.05,49.6,21.90,78.9,9.30,2.05,11.35
1171,1861.14,1.581,274.265,35.208,266.401,35.208,-5.95,51.7,22.00,79.2,9.25,2.15,11.40
1172,1862.73,1.587,274.834,35.115,267.880,35.115,-5.87,53.9,22.09,79.5,9.20,2.20,11.40
1173,1864.23,1.505,275.333,35.028,269.297,35.028,-5.75,56.8,22.17,79.8,9.15,2.30,11.45
1174,1865.74,1.511,275.794,34.945,270.734,34.945,-5.52,60.2,22.27,80.2,9.05,2.45,11.50
1175,1867.26,1.517,276.221,34.863,272.188,34.863,-5.41,63.9,22.36,80.5,8.95,2.60,11.55
1176,1868.79,1.524,276.619,34.779,273.657,34.779,-5.52,67.6,22.46,80.9,8.85,2.80,11.65
1177,1870.32,1.531,276.985,34.698,275.141,34.698,-5.29,71.7,22.56,81.2,8.75,3.00,11.75
1178,1871.85,1.538,277.318,34.625,276.641,34.625,-4.79,75.4,22.67,81.6,8.55,3.20,11.75
1179,1873.40,1.545,277.621,34.558,278.154,34.558,-4.34,78.3,22.77,82.0,8.40,3.45,11.85
1180,1874.95,1.553,277.897,34.495,279.681,34.495,-4.06,80.0,22.90,82.4,8.20,3.75,11.95
1181,1876.52,1.563,278.147,34.436,281.223,34.436,-3.76,80.3,23.08,83.1,7.90,4.15,12.05
1182,1878.09,1.577,278.371,34.380,282.783,34.380,-3.55,79.0,23.30,83.9,7.60,4.60,12.20
1183,1879.69,1.592,278.566,34.327,284.362,34.327,-3.35,76.2,23.51,84.6,7.60,5.05,12.65
1184,1881.20,1.512,278.723,34.274,285.865,34.274,-3.46,73.6,23.70,85.3,8.45,5.50,13.95
1185,1882.72,1.522,278.849,34.223,287.381,34.223,-3.37,71.0,23.84,85.8,8.00,5.95,13.95
1186,1884.25,1.531,278.941,34.171,288.908,34.171,-3.41,68.9,23.98,86.3,7.55,6.35,13.90
1187,1885.79,1.540,279.000,34.117,290.446,34.117,-3.52,67.4,24.14,86.9,7.15,6.80,13.95
1188,1887.34,1.549,279.022,34.062,291.994,34.062,-3.54,66.5,24.26,87.3,6.70,7.20,13.90
1189,1888.90,1.559,279.008,34.002,293.552,34.002,-3.85,65.7,24.43,88.0,6.25,7.60,13.85
1190,1890.47,1.568,278.955,33.940,295.117,33.940,-3.96,66.0,24.57,88.5,5.85,7.95,13.80
1191,1892.05,1.578,278.862,33.875,296.691,33.875,-4.11,67.2,24.73,89.0,5.45,7.85,13.30
1192,1893.64,1.589,278.730,33.806,298.273,33.806,-4.36,69.3,24.93,89.8,5.10,8.15,13.25
1193,1895.14,1.503,278.573,33.736,299.766,33.736,-4.63,73.0,25.17,90.6,4.80,8.40,13.20
1194,1896.66,1.517,278.382,33.664,301.269,33.664,-4.79,78.4,25.37,91.3,4.50,8.65,13.15
1195,1898.19,1.531,278.161,33.586,302.782,33.586,-5.07,84.9,25.65,92.3,4.25,8.90,13.15
1196,1899.73,1.546,277.907,33.507,304.305,33.507,-5.15,92.7,25.88,93.2,4.00,9.10,13.10
1197,1901.29,1.561,277.625,33.424,305.838,33.424,-5.28,102.2,26.13,94.1,3.80,9.30,13.10
1198,1902.87,1.576,277.316,33.340,307.381,33.340,-5.39,112.0,26.40,95.0,3.60,9.45,13.05
1199,1904.46,1.592,276.983,33.253,308.936,33.253,-5.44,121.4,26.65,95.9,3.45,9.60,13.05
1200,1906.07,1.607,276.628,33.164,310.501,33.164,-5.56,129.7,26.90,96.9,3.30,9.70,13.00
1201,1907.58,1.514,276.279,33.076,311.971,33.076,-5.84,137.5,27.15,97.7,3.15,9.80,12.95
1202,1909.11,1.527,275.911,32.984,313.451,32.984,-6.00,144.6,27.38,98.6,3.05,9.90,12.95
1203,1910.65,1.541,275.522,32.892,314.939,32.892,-6.01,153.4,27.63,99.5,3.00,9.95,12.95
1204,1912.21,1.555,275.113,32.800,316.437,32.800,-5.94,164.1,27.88,100.4,2.90,10.05,12.95
1205,1913.78,1.568,274.685,32.708,317.942,32.708,-5.85,180.4,28.10,101.1,2.85,10.05,12.90
1206,1915.36,1.580,274.241,32.614,319.456,32.614,-6.00,200.1,28.35,102.0,2.85,10.10,12.95
1207,1916.95,1.596,273.781,32.516,320.981,32.516,-6.12,225.6,28.61,103.0,2.80,10.15,12.95
1208,1918.56,1.609,273.307,32.416,322.515,32.416,-6.21,257.0,28.84,103.8,2.80,10.15,12.95
1209,1920.07,1.507,272.855,32.321,323.949,32.321,-6.32,298.0,29.09,104.7,2.80,10.15,12.95
1210,1921.59,1.520,272.391,32.225,325.394,32.225,-6.35,348.3,29.33,105.6,2.80,10.15,12.95
1211,1923.12,1.532,271.918,32.128,326.847,32.128,-6.34,418.2,29.59,106.5,2.80,10.15,12.95
1212,1924.67,1.546,271.435,32.031,328.312,32.031,-6.30,519.6,29.84,107.4,2.85,10.10,12.95
1213,1926.23,1.558,270.943,31.933,329.788,31.933,-6.29,665.7,30.08,108.3,2.85,10.10,12.95
1214,1927.80,1.573,270.443,31.833,331.276,31.833,-6.34,885.5,30.38,109.4,2.90,10.05,12.95
1215,1929.39,1.589,269.936,31.732,332.778,31.732,-6.41,1265.3,30.70,110.5,2.95,10.00,12.95
1216,1930.99,1.605,269.422,31.629,334.295,31.629,-6.39,2000.0,31.00,111.6,3.00,9.95,12.95
1217,1932.62,1.621,268.902,31.526,335.827,31.526,-6.36,2000.0,31.32,112.8,3.00,9.90,12.90
1218,1934.13,1.512,268.417,31.430,337.256,31.430,-6.36,2000.0,31.65,113.9,3.05,9.85,12.90
1219,1935.65,1.526,267.927,31.335,338.698,31.335,-6.24,2000.0,31.90,114.9,3.10,9.85,12.95
1220,1937.19,1.540,267.434,31.239,340.153,31.239,-6.27,2000.0,32.22,116.0,3.15,9.80,12.95
1221,1938.75,1.554,266.936,31.142,341.622,31.142,-6.24,2000.0,32.50,117.0,3.20,9.75,12.95
1222,1940.32,1.568,266.435,31.045,343.105,31.045,-6.23,2000.0,32.81,118.1,3.25,9.70,12.95
1223,1941.90,1.583,265.930,30.947,344.601,30.947,-6.16,1879.4,33.10,119.2,3.25,9.65,12.90
1224,1943.50,1.596,265.422,30.850,346.112,30.850,-6.09,1700.4,33.38,120.2,3.30,9.65,12.95
1225,1945.11,1.610,264.912,30.752,347.636,30.752,-6.10,1581.7,33.71,121.3,3.35,9.60,12.95
1226,1946.73,1.625,264.398,30.656,349.174,30.656,-5.97,1499.6,33.98,122.3,3.40,9.55,12.95
1227,1948.37,1.639,263.882,30.559,350.727,30.559,-5.93,1442.7,34.29,123.4,3.45,9.50,12.95
1228,1949.89,1.515,263.406,30.469,352.162,30.469,-5.90,1418.4,34.54,124.3,3.45,9.45,12.90
1229,1951.41,1.526,262.928,30.378,353.608,30.378,-5.99,1396.0,34.80,125.3,3.50,9.45,12.95
1230,1952.95,1.538,262.448,30.286,355.066,30.286,-6.02,1377.4,35.07,126.3,3.55,9.40,12.95
1231,1954.50,1.550,261.966,30.192,356.536,30.192,-6.05,1368.7,35.35,127.3,3.60,9.35,12.95
1232,1956.06,1.562,261.483,30.098,358.018,30.098,-6.05,1373.1,35.61,128.2,3.60,9.30,12.90
1233,1957.63,1.573,260.997,30.003,359.511,30.003,-6.07,1382.9,35.87,129.1,3.65,9.30,12.95
1234,1959.22,1.584,260.510,29.905,361.016,29.905,-6.16,1389.7,36.14,130.1,3.70,9.25,12.95
1235,1960.82,1.597,260.020,29.807,362.533,29.807,-6.16,1391.1,36.41,131.1,3.75,9.20,12.95
1236,1962.42,1.608,259.529,29.708,364.060,29.708,-6.16,1386.0,36.67,132.0,3.75,9.15,12.90
1237,1964.05,1.620,259.036,29.609,365.601,29.609,-6.12,1363.0,36.95,133.0,3.80,9.10,12.90
1238,1965.68,1.631,258.541,29.510,367.152,29.510,-6.06,1313.5,37.20,133.9,3.85,9.10,12.95
1239,1967.32,1.643,258.045,29.412,368.715,29.412,-6.03,1250.6,37.45,134.8,3.90,9.05,12.95
1240,1968.82,1.503,257.593,29.321,370.146,29.321,-6.02,1182.8,37.69,135.7,3.95,9.00,12.95
1241,1970.34,1.513,257.139,29.231,371.586,29.231,-5.98,1106.5,37.94,136.6,4.00,8.95,12.95
1242,1971.86,1.522,256.684,29.141,373.036,29.141,-5.89,1029.2,38.15,137.3,4.05,8.95,13.00
1243,1973.39,1.532,256.229,29.052,374.496,29.052,-5.84,959.6,38.40,138.2,4.10,8.90,13.00
1244,1974.93,1.541,255.773,28.963,375.966,28.963,-5.80,899.4,38.65,139.1,1.95,8.90,10.85
1245,1976.48,1.550,255.317,28.874,377.445,28.874,-5.73,847.1,38.84,139.8,2.00,8.85,10.85
1246,1978.04,1.559,254.861,28.783,378.933,28.783,-5.83,800.9,39.10,140.8,2.00,8.80,10.80
1247,1979.61,1.569,254.406,28.692,380.432,28.692,-5.82,760.2,39.32,141.6,2.05,8.80,10.85
1248,1981.19,1.578,253.951,28.599,381.940,28.599,-5.90,721.3,39.55,142.4,2.05,8.80,10.85
1249,1982.78,1.587,253.496,28.505,383.457,28.505,-5.97,686.3,39.77,143.2,2.10,8.75,10.85
1250,1984.37,1.596,253.043,28.409,384.985,28.409,-6.00,657.3,40.00,144.0,2.10,8.75,10.85
1251,1985.98,1.606,252.591,28.312,386.522,28.312,-6.03,636.8,40.26,144.9,2.10,8.75,10.85
1252,1987.59,1.615,252.140,28.217,388.070,28.217,-5.91,628.2,40.48,145.7,2.10,8.70,10.80
1253,1989.22,1.625,251.691,28.123,389.629,28.123,-5.80,625.7,40.72,146.6,2.10,8.70,10.80
1254,1990.85,1.633,251.243,28.030,391.197,28.030,-5.70,633.5,40.93,147.4,2.10,8.70,10.80
1255,1992.50,1.642,250.798,27.939,392.775,27.939,-5.59,652.7,41.15,148.1,2.10,8.70,10.80
1256,1994.15,1.652,250.354,27.848,394.364,27.848,-5.51,677.4,41.40,149.0,2.10,8.70,10.80
1257,1995.81,1.660,249.911,27.758,395.961,27.758,-5.42,701.1,41.62,149.8,2.10,8.70,10.80
1258,1997.31,1.502,249.513,27.677,397.408,27.677,-5.40,731.6,41.81,150.5,2.10,8.65,10.75
1259,1998.82,1.509,249.116,27.595,398.861,27.595,-5.45,746.8,42.00,151.2,2.10,8.65,10.75
1260,2000.34,1.516,248.721,27.510,400.322,27.510,-5.58,737.1,42.20,151.9,2.10,8.65,10.75
1261,2001.86,1.523,248.326,27.424,401.791,27.424,-5.66,708.9,42.40,152.6,2.10,8.65,10.75
1262,2003.39,1.531,247.932,27.337,403.267,27.337,-5.74,670.4,42.60,153.4,2.10,8.65,10.75
1263,2004.93,1.538,247.539,27.247,404.751,27.247,-5.82,629.3,42.81,154.1,2.05,8.70,10.75
1264,2006.47,1.545,247.149,27.158,406.244,27.158,-5.80,597.8,43.00,154.8,2.05,8.70,10.75
1265,2008.03,1.553,246.760,27.068,407.745,27.068,-5.76,580.4,43.24,155.7,2.05,8.70,10.75
1266,2009.59,1.560,246.375,26.980,409.254,26.980,-5.65,578.0,43.43,156.3,2.05,8.75,10.80
1267,2011.15,1.567,245.992,26.892,410.771,26.892,-5.61,591.2,43.61,157.0,2.00,8.80,10.80
1268,2012.73,1.574,245.611,26.804,412.295,26.804,-5.65,611.5,43.81,157.7,2.00,8.80,10.80
1269,2014.31,1.581,245.233,26.715,413.828,26.715,-5.64,640.7,44.01,158.4,1.95,8.85,10.80
1270,2015.90,1.589,244.857,26.626,415.369,26.626,-5.61,672.6,44.22,159.2,1.95,8.85,10.80
1271,2017.49,1.596,244.483,26.536,416.917,26.536,-5.60,701.5,44.40,159.8,1.95,8.90,10.85
1272,2019.10,1.602,244.111,26.446,418.473,26.446,-5.64,721.0,44.60,160.5,1.90,8.90,10.80
1273,2020.71,1.609,243.740,26.355,420.036,26.355,-5.66,736.5,44.78,161.2,1.90,8.90,10.80
1274,2022.32,1.616,243.371,26.263,421.607,26.263,-5.69,744.4,45.00,162.0,1.90,8.90,10.80
1275,2023.95,1.624,243.005,26.172,423.186,26.172,-5.64,746.7,45.19,162.7,1.90,8.90,10.80
1276,2025.58,1.631,242.640,26.081,424.773,26.081,-5.60,743.4,45.39,163.4,1.95,8.90,10.85
1277,2027.21,1.638,242.277,25.989,426.368,25.989,-5.60,730.0,45.58,164.1,1.95,8.85,10.80
1278,2028.86,1.644,241.916,25.896,427.969,25.896,-5.67,708.9,45.73,164.6,1.95,8.85,10.80
1279,2030.51,1.651,241.556,25.801,429.577,25.801,-5.76,681.0,45.94,165.4,1.95,8.85,10.80
1280,2032.17,1.658,241.200,25.706,431.194,25.706,-5.77,647.3,46.16,166.2,2.00,8.80,10.80
1281,2033.83,1.666,240.845,25.611,432.819,25.611,-5.71,616.8,46.36,166.9,2.00,8.80,10.80
1282,2035.51,1.673,240.495,25.516,434.451,25.516,-5.64,596.2,46.55,167.6,2.00,8.80,10.80
1283,2037.19,1.679,240.147,25.422,436.092,25.422,-5.63,580.7,46.75,168.3,2.00,8.80,10.80
1284,2038.87,1.686,239.803,25.328,437.739,25.328,-5.61,572.6,46.90,168.8,2.00,8.80,10.80
1285,2040.38,1.504,239.499,25.243,439.210,25.243,-5.64,580.9,47.09,169.5,2.00,8.80,10.80
1286,2041.89,1.510,239.198,25.158,440.687,25.158,-5.62,594.0,47.25,170.1,2.00,8.80,10.80
1287,2043.40,1.515,238.900,25.073,442.170,25.073,-5.61,607.4,47.42,170.7,2.00,8.80,10.80
1288,2044.92,1.521,238.604,24.989,443.659,24.989,-5.59,624.8,47.59,171.3,2.00,8.80,10.80
1289,2046.45,1.525,238.312,24.903,445.154,24.903,-5.60,642.0,47.74,171.9,2.00,8.80,10.80
1290,2047.98,1.531,238.021,24.817,446.654,24.817,-5.61,655.8,47.90,172.5,2.00,8.80,10.80
1291,2049.51,1.536,237.733,24.731,448.160,24.731,-5.62,667.9,48.07,173.1,2.00,8.80,10.80
1292,2051.06,1.542,237.448,24.645,449.673,24.645,-5.61,682.5,48.25,173.7,2.00,8.80,10.80
1293,2052.60,1.547,237.165,24.559,451.191,24.559,-5.59,695.2,48.40,174.2,2.00,8.80,10.80
1294,2054.16,1.552,236.885,24.472,452.715,24.472,-5.58,708.9,48.58,174.9,2.00,8.80,10.80
1295,2055.71,1.557,236.607,24.385,454.245,24.385,-5.60,718.5,48.73,175.4,2.00,8.80,10.80
1296,2057.27,1.562,236.331,24.297,455.780,24.297,-5.64,729.7,48.88,176.0,2.00,8.80,10.80
1297,2058.84,1.567,236.058,24.209,457.320,24.209,-5.65,740.1,49.05,176.6,2.00,8.80,10.80
1298,2060.42,1.573,235.787,24.120,458.867,24.120,-5.62,754.0,49.23,177.2,2.00,8.80,10.80
1299,2061.99,1.578,235.519,24.032,460.420,24.032,-5.59,764.9,49.39,177.8,2.00,8.80,10.80
1300,2063.58,1.583,235.253,23.943,461.978,23.943,-5.63,766.6,49.53,178.3,2.00,8.75,10.75
1301,2065.16,1.587,234.990,23.853,463.541,23.853,-5.70,753.2,49.67,178.8,2.00,8.75,10.75
1302,2066.76,1.593,234.728,23.760,465.109,23.760,-5.82,723.5,49.86,179.5,2.00,8.75,10.75
1303,2068.35,1.597,234.469,23.667,466.682,23.667,-5.85,685.0,49.99,179.9,2.00,8.75,10.75
1304,2069.96,1.603,234.213,23.573,468.263,23.573,-5.87,648.0,50.18,180.7,2.00,8.75,10.75
1305,2071.57,1.609,233.960,23.480,469.849,23.480,-5.79,621.1,50.36,181.3,2.00,8.80,10.80
1306,2073.18,1.614,233.711,23.388,471.441,23.388,-5.71,607.3,50.52,181.9,2.00,8.80,10.80
1307,2074.80,1.619,233.465,23.298,473.039,23.298,-5.60,609.5,50.66,182.4,1.95,8.80,10.75
1308,2076.43,1.624,233.223,23.208,474.642,23.208,-5.53,625.2,50.83,183.0,1.95,8.80,10.75
1309,2078.05,1.629,232.985,23.119,476.252,23.119,-5.45,651.1,50.98,183.5,1.95,8.80,10.75
1310,2079.69,1.634,232.750,23.031,477.866,23.031,-5.41,682.3,51.13,184.1,1.95,8.80,10.75
1311,2081.33,1.639,232.518,22.943,479.486,22.943,-5.41,710.3,51.28,184.6,1.95,8.80,10.75
1312,2082.97,1.644,232.289,22.853,481.111,22.853,-5.44,731.4,51.41,185.1,1.95,8.80,10.75
1313,2084.62,1.648,232.063,22.762,482.741,22.762,-5.54,737.4,51.56,185.6,1.95,8.80,10.75
1314,2086.27,1.653,231.840,22.670,484.377,22.670,-5.58,731.8,51.74,186.3,1.95,8.80,10.75
1315,2087.93,1.659,231.620,22.578,486.018,22.578,-5.59,718.1,51.90,186.9,1.95,8.80,10.75
1316,2089.60,1.663,231.403,22.484,487.665,22.484,-5.62,703.7,52.04,187.3,1.95,8.80,10.75
1317,2091.26,1.668,231.189,22.390,489.317,22.390,-5.67,685.1,52.22,188.0,1.95,8.80,10.75
1318,2092.94,1.673,230.979,22.295,490.974,22.295,-5.67,667.0,52.37,188.5,1.95,8.80,10.75
1319,2094.62,1.679,230.772,22.200,492.637,22.200,-5.67,649.7,52.52,189.1,2.00,8.75,10.75
1320,2096.30,1.683,230.569,22.105,494.306,22.105,-5.68,631.1,52.67,189.6,2.00,8.75,10.75
1321,2097.99,1.689,230.370,22.009,495.980,22.009,-5.69,611.2,52.83,190.2,2.00,8.75,10.75
1322,2099.68,1.693,230.174,21.913,497.659,21.913,-5.68,588.2,52.97,190.7,2.00,8.70,10.70
1323,2101.38,1.698,229.984,21.817,499.343,21.817,-5.67,572.1,53.14,191.3,2.05,8.70,10.75
1324,2103.08,1.703,229.797,21.721,501.034,21.721,-5.61,562.6,53.31,191.9,2.05,8.70,10.75
1325,2104.79,1.708,229.616,21.627,502.730,21.627,-5.53,564.0,53.46,192.4,2.05,8.65,10.70
1326,2106.51,1.713,229.439,21.533,504.431,21.533,-5.47,572.5,53.59,192.9,2.10,8.65,10.75
1327,2108.01,1.503,229.288,21.452,505.924,21.452,-5.46,598.8,53.73,193.4,2.10,8.65,10.75
1328,2109.51,1.507,229.139,21.369,507.421,21.369,-5.48,619.4,53.85,193.9,2.10,8.65,10.75
1329,2111.02,1.509,228.994,21.285,508.921,21.285,-5.55,631.3,53.93,194.2,2.10,8.60,10.70
1330,2112.54,1.512,228.852,21.200,510.424,21.200,-5.68,626.1,54.07,194.7,2.10,8.60,10.70
1331,2114.05,1.516,228.712,21.113,511.931,21.113,-5.71,613.9,54.21,195.2,2.10,8.60,10.70
1332,2115.57,1.521,228.576,21.027,513.443,21.027,-5.71,587.8,54.38,195.8,2.15,8.60,10.75
1333,2117.10,1.524,228.445,20.940,514.960,20.940,-5.69,567.1,54.48,196.1,2.15,8.60,10.75
1334,2118.63,1.527,228.316,20.853,516.479,20.853,-5.71,546.5,54.61,196.6,2.15,8.60,10.75
1335,2120.16,1.532,228.192,20.766,518.003,20.766,-5.70,534.9,54.76,197.1,2.15,8.55,10.70
1336,2121.69,1.535,228.072,20.679,519.531,20.679,-5.66,525.8,54.87,197.5,2.15,8.55,10.70
1337,2123.23,1.539,227.956,20.593,521.063,20.593,-5.59,528.3,55.00,198.0,2.15,8.55,10.70
1338,2124.77,1.542,227.844,20.508,522.599,20.508,-5.55,535.6,55.16,198.6,2.15,8.55,10.70
1339,2126.32,1.546,227.738,20.424,524.138,20.424,-5.45,555.6,55.25,198.9,2.15,8.55,10.70
1340,2127.87,1.549,227.635,20.340,525.682,20.340,-5.43,578.6,55.39,199.4,2.15,8.55,10.70
1341,2129.42,1.553,227.536,20.256,527.229,20.256,-5.40,606.2,55.50,199.8,2.15,8.55,10.70
1342,2130.98,1.555,227.441,20.171,528.779,20.171,-5.44,624.6,55.60,200.2,2.15,8.55,10.70
1343,2132.54,1.559,227.349,20.086,530.333,20.086,-5.50,633.9,55.73,200.6,2.15,8.55,10.70
1344,2134.10,1.562,227.261,19.999,531.891,19.999,-5.56,628.0,55.85,201.1,2.20,8.55,10.75
1345,2135.66,1.565,227.176,19.911,533.451,19.911,-5.61,614.2,55.95,201.4,2.20,8.55,10.75
1346,2137.23,1.569,227.095,19.823,535.016,19.823,-5.64,596.1,56.09,201.9,2.20,8.50,10.70
1347,2138.81,1.573,227.018,19.734,536.584,19.734,-5.65,577.0,56.25,202.5,2.20,8.50,10.70
1348,2140.38,1.576,226.945,19.646,538.157,19.646,-5.62,562.5,56.34,202.8,2.20,8.50,10.70
1349,2141.96,1.580,226.877,19.557,539.732,19.557,-5.64,549.5,56.48,203.3,2.20,8.50,10.70
1350,2143.55,1.583,226.813,19.468,541.312,19.468,-5.63,541.4,56.60,203.8,2.25,8.45,10.70
1351,2145.13,1.586,226.753,19.379,542.894,19.379,-5.61,536.0,56.69,204.1,2.25,8.45,10.70
1352,2146.72,1.590,226.699,19.290,544.481,19.290,-5.60,538.0,56.84,204.6,2.25,8.45,10.70
1353,2148.31,1.593,226.649,19.202,546.071,19.202,-5.55,542.8,56.95,205.0,2.25,8.40,10.65
1354,2149.91,1.596,226.603,19.114,547.664,19.114,-5.53,552.3,57.06,205.4,2.30,8.40,10.70
1355,2151.51,1.599,226.563,19.025,549.260,19.025,-5.53,562.0,57.18,205.9,2.30,8.40,10.70
1356,2153.11,1.603,226.526,18.937,550.861,18.937,-5.51,573.3,57.29,206.3,2.30,8.40,10.70
1357,2154.72,1.606,226.494,18.848,552.463,18.848,-5.54,580.9,57.39,206.6,2.30,8.40,10.70
1358,2156.33,1.609,226.467,18.759,554.070,18.759,-5.56,585.1,57.52,207.1,2.35,8.35,10.70
1359,2157.94,1.612,226.443,18.670,555.679,18.670,-5.54,590.3,57.64,207.5,2.35,8.35,10.70
1360,2159.56,1.616,226.425,18.580,557.292,18.580,-5.55,594.4,57.75,207.9,2.35,8.35,10.70
1361,2161.18,1.619,226.410,18.490,558.908,18.490,-5.56,598.3,57.85,208.2,2.35,8.35,10.70
1362,2162.80,1.622,226.400,18.399,560.528,18.399,-5.61,601.8,57.98,208.7,2.35,8.35,10.70
1363,2164.42,1.625,226.394,18.309,562.150,18.309,-5.59,607.0,58.07,209.1,2.35,8.35,10.70
1364,2166.05,1.628,226.393,18.217,563.776,18.217,-5.62,610.2,58.21,209.6,2.35,8.35,10.70
1365,2167.68,1.632,226.396,18.126,565.404,18.126,-5.60,615.1,58.31,209.9,2.30,8.35,10.65
1366,2169.32,1.634,226.403,18.035,567.036,18.035,-5.60,622.8,58.40,210.2,2.30,8.35,10.65
1367,2170.95,1.638,226.415,17.943,568.671,17.943,-5.62,633.2,58.54,210.8,2.30,8.40,10.70
1368,2172.59,1.641,226.431,17.852,570.309,17.852,-5.57,650.4,58.64,211.1,2.30,8.40,10.70
1369,2174.24,1.644,226.451,17.760,571.950,17.760,-5.57,669.4,58.76,211.5,2.25,8.40,10.65
1370,2175.89,1.647,226.476,17.669,573.594,17.669,-5.56,693.0,58.85,211.8,2.25,8.40,10.65
1371,2177.54,1.650,226.504,17.577,575.241,17.577,-5.60,709.9,58.98,212.3,2.25,8.40,10.65
1372,2179.19,1.653,226.537,17.484,576.891,17.484,-5.61,725.3,59.06,212.6,2.25,8.45,10.70
1373,2180.84,1.656,226.572,17.391,578.543,17.391,-5.66,728.0,59.17,213.0,2.20,8.45,10.65
1374,2182.50,1.659,226.612,17.297,580.199,17.297,-5.68,727.2,59.28,213.4,2.20,8.45,10.65
1375,2184.16,1.662,226.655,17.202,581.857,17.202,-5.70,719.7,59.40,213.8,2.20,8.45,10.65
1376,2185.83,1.665,226.703,17.108,583.519,17.108,-5.68,721.9,59.50,214.2,2.20,8.50,10.70
1377,2187.50,1.668,226.754,17.013,585.183,17.013,-5.67,729.1,59.61,214.6,2.20,8.50,10.70
1378,2189.17,1.671,226.810,16.919,586.851,16.919,-5.62,746.3,59.73,215.0,2.20,8.50,10.70
1379,2190.84,1.674,226.870,16.827,588.521,16.827,-5.56,774.9,59.84,215.4,2.20,8.50,10.70
1380,2192.52,1.677,226.933,16.734,590.195,16.734,-5.53,811.1,59.94,215.8,2.15,8.50,10.65
1381,2194.20,1.680,227.000,16.641,591.871,16.641,-5.55,842.3,60.04,216.1,2.15,8.50,10.65
1382,2195.88,1.683,227.070,16.547,593.549,16.547,-5.57,864.5,60.14,216.5,2.15,8.50,10.65
1383,2197.57,1.686,227.144,16.453,595.231,16.453,-5.59,872.0,60.24,216.9,2.15,8.50,10.65
1384,2199.26,1.689,227.220,16.358,596.915,16.358,-5.62,849.1,60.35,217.3,2.15,8.50,10.65
1385,2200.95,1.692,227.301,16.263,598.602,16.263,-5.64,808.0,60.46,217.6,2.15,8.50,10.65
1386,2202.64,1.694,227.384,16.167,600.292,16.167,-5.67,754.3,60.55,218.0,2.20,8.50,10.70
1387,2204.34,1.697,227.471,16.071,601.984,16.071,-5.70,706.3,60.64,218.3,2.20,8.50,10.70
1388,2206.04,1.700,227.562,15.974,603.678,15.974,-5.68,666.7,60.77,218.8,2.20,8.45,10.65
1389,2207.74,1.704,227.659,15.880,605.376,15.880,-5.57,648.3,60.89,219.2,2.20,8.45,10.65
1390,2209.45,1.706,227.760,15.788,607.077,15.788,-5.40,645.1,60.99,219.6,2.20,8.45,10.65
1391,2211.16,1.709,227.867,15.697,608.781,15.697,-5.29,655.6,61.08,219.9,2.20,8.45,10.65
1392,2212.87,1.711,227.978,15.607,610.486,15.607,-5.27,657.3,61.16,220.2,2.20,8.45,10.65
1393,2214.58,1.714,228.094,15.516,612.194,15.516,-5.31,651.8,61.25,220.5,2.20,8.45,10.65
1394,2216.30,1.716,228.213,15.424,613.904,15.424,-5.39,626.1,61.33,220.8,2.20,8.45,10.65
1395,2218.02,1.718,228.337,15.330,615.615,15.330,-5.49,587.4,61.39,221.0,2.25,8.40,10.65
1396,2219.74,1.718,228.465,15.234,617.326,15.234,-5.57,542.4,61.34,220.8,2.25,8.40,10.65
1397,2221.45,1.716,228.600,15.139,619.033,15.139,-5.56,508.7,61.22,220.4,2.25,8.40,10.65
1398,2223.17,1.712,228.740,15.044,620.737,15.044,-5.54,480.8,61.08,219.9,2.25,8.40,10.65
1399,2224.87,1.708,228.885,14.950,622.436,14.950,-5.50,461.6,60.95,219.4,2.25,8.40,10.65
1400,2226.58,1.705,229.037,14.857,624.132,14.857,-5.48,447.9,60.87,219.1,2.25,8.40,10.65
1401,2228.28,1.705,229.195,14.765,625.827,14.765,-5.40,440.4,60.91,219.3,2.25,8.40,10.65
1402,2229.99,1.707,229.360,14.674,627.523,14.674,-5.31,432.9,60.98,219.5,2.25,8.40,10.65
1403,2231.70,1.709,229.532,14.586,629.221,14.586,-5.21,428.3,61.06,219.8,2.25,8.40,10.65
1404,2233.41,1.712,229.712,14.497,630.921,14.497,-5.15,424.2,61.17,220.2,2.25,8.40,10.65
1405,2235.12,1.714,229.898,14.411,632.622,14.411,-5.05,424.6,61.25,220.5,2.25,8.40,10.65
1406,2236.84,1.717,230.091,14.325,634.326,14.325,-5.00,427.2,61.37,220.9,2.20,8.40,10.60
1407,2238.56,1.719,230.293,14.241,636.031,14.241,-4.91,437.7,61.42,221.1,2.20,8.45,10.65
1408,2240.28,1.722,230.501,14.157,637.739,14.157,-4.90,451.1,61.55,221.6,2.20,8.45,10.65
1409,2242.01,1.724,230.717,14.074,639.447,14.074,-4.82,471.4,61.60,221.8,2.15,8.45,10.60
1410,2243.73,1.727,230.938,13.990,641.158,13.990,-4.84,493.3,61.72,222.2,2.15,8.50,10.65
1411,2245.46,1.729,231.167,13.907,642.870,13.907,-4.81,521.6,61.79,222.4,2.15,8.50,10.65
1412,2247.19,1.731,231.400,13.823,644.583,13.823,-4.85,549.0,61.84,222.6,2.10,8.50,10.60
1413,2248.93,1.730,231.640,13.739,646.295,13.739,-4.85,584.1,61.76,222.3,2.10,8.55,10.65
1414,2250.65,1.727,231.884,13.656,648.002,13.656,-4.82,627.7,61.62,221.8,2.05,8.55,10.60
1415,2252.38,1.723,232.132,13.573,649.705,13.573,-4.82,679.8,61.48,221.3,2.05,8.60,10.65
1416,2254.09,1.719,232.384,13.491,651.404,13.491,-4.78,736.3,61.33,220.8,2.05,8.60,10.65
1417,2255.81,1.716,232.640,13.410,653.099,13.410,-4.77,798.6,61.26,220.5,2.00,8.65,10.65
1418,2257.52,1.713,232.898,13.328,654.791,13.328,-4.75,860.6,61.13,220.1,2.00,8.65,10.65
1419,2259.23,1.709,233.159,13.248,656.477,13.248,-4.72,920.3,60.91,219.3,1.95,8.65,10.60
1420,2260.93,1.700,233.421,13.169,658.155,13.169,-4.65,986.1,60.58,218.1,1.95,8.70,10.65
1421,2262.62,1.690,233.685,13.093,659.822,13.093,-4.49,1067.4,60.20,216.7,1.95,8.70,10.65
1422,2264.30,1.680,233.950,13.020,661.480,13.020,-4.35,1170.5,59.80,215.3,1.90,8.70,10.60
1423,2265.97,1.669,234.216,12.950,663.126,12.950,-4.21,1281.2,59.49,214.2,1.90,8.70,10.60
1424,2267.63,1.660,234.482,12.879,664.763,12.879,-4.26,1367.0,59.08,212.7,1.90,8.75,10.65
1425,2269.28,1.647,234.748,12.809,666.387,12.809,-4.25,1409.8,58.70,211.3,1.90,8.75,10.65
1426,2270.92,1.637,235.014,12.739,668.001,12.739,-4.28,1381.8,58.28,209.8,1.90,8.75,10.65
1427,2272.54,1.626,235.279,12.669,669.603,12.669,-4.33,1284.4,57.87,208.3,1.90,8.75,10.65
1428,2274.15,1.612,235.545,12.600,671.192,12.600,-4.27,1177.4,57.42,206.7,1.90,8.75,10.65
1429,2275.76,1.601,235.810,12.532,672.770,12.532,-4.27,1069.8,56.99,205.1,1.90,8.75,10.65
1430,2277.34,1.589,236.076,12.465,674.335,12.465,-4.20,983.5,56.58,203.7,1.90,8.75,10.65
1431,2278.92,1.578,236.342,12.399,675.889,12.399,-4.20,910.1,56.19,202.3,1.90,8.75,10.65
1432,2280.49,1.565,236.609,12.334,677.430,12.334,-4.13,852.8,55.70,200.5,1.90,8.75,10.65
1433,2282.04,1.553,236.877,12.272,678.958,12.272,-4.04,802.9,55.25,198.9,2.30,8.75,11.05
1434,2283.58,1.541,237.146,12.211,680.474,12.211,-3.93,761.6,54.92,197.7,2.30,8.75,11.05
1435,2285.11,1.529,237.415,12.151,681.978,12.151,-3.92,720.2,54.36,195.7,2.30,8.75,11.05
1436,2286.63,1.517,237.685,12.093,683.470,12.093,-3.83,685.6,54.05,194.6,2.30,8.70,11.00
1437,2288.13,1.505,237.957,12.036,684.949,12.036,-3.80,663.6,53.53,192.7,2.35,8.70,11.05
1438,2289.84,1.705,238.269,11.973,686.624,11.973,-3.69,632.9,53.12,191.2,2.35,8.70,11.05
1439,2291.53,1.691,238.584,11.911,688.285,11.911,-3.68,609.2,52.58,189.3,2.35,8.70,11.05
1440,2293.21,1.677,238.900,11.850,689.930,11.850,-3.63,589.2,52.26,188.1,2.35,8.70,11.05
1441,2294.87,1.662,239.219,11.789,691.560,11.789,-3.67,569.8,51.74,186.3,2.35,8.70,11.05
1442,2296.52,1.648,239.538,11.728,693.176,11.728,-3.71,545.3,51.27,184.6,2.30,8.70,11.00
1443,2298.15,1.632,239.860,11.669,694.775,11.669,-3.64,529.8,50.80,182.9,2.30,8.70,11.00
1444,2299.77,1.617,240.183,11.611,696.358,11.611,-3.59,515.8,50.32,181.2,2.30,8.75,11.05
1445,2301.37,1.602,240.509,11.554,697.926,11.554,-3.53,507.2,49.88,179.6,2.30,8.75,11.05
1446,2302.96,1.588,240.836,11.499,699.479,11.499,-3.50,506.4,49.46,178.1,2.30,8.75,11.05
1447,2304.53,1.575,241.166,11.444,701.018,11.444,-3.49,513.8,49.02,176.5,2.30,8.75,11.05
1448,2306.09,1.560,241.497,11.391,702.542,11.391,-3.41,535.4,48.56,174.8,2.30,8.75,11.05
1449,2307.64,1.546,241.830,11.339,704.052,11.339,-3.33,565.3,48.15,173.3,2.30,8.75,11.05
1450,2309.17,1.533,242.164,11.289,705.547,11.289,-3.27,601.4,47.70,171.7,2.25,8.80,11.05
1451,2310.69,1.520,242.499,11.240,707.028,11.240,-3.25,639.4,47.33,170.4,2.25,8.80,11.05
1452,2312.20,1.506,242.834,11.191,708.496,11.191,-3.24,675.4,46.83,168.6,2.25,8.80,11.05
1453,2313.88,1.677,243.212,11.138,710.129,11.138,-3.15,694.7,46.37,166.9,2.25,8.80,11.05
1454,2315.53,1.660,243.589,11.087,711.744,11.087,-3.09,709.0,45.89,165.2,2.25,8.80,11.05
1455,2317.18,1.642,243.966,11.038,713.342,11.038,-3.01,718.5,45.42,163.5,2.25,8.80,11.05
1456,2318.80,1.625,244.343,10.989,714.922,10.989,-2.97,725.1,44.92,161.7,2.25,8.80,11.05
1457,2320.41,1.607,244.719,10.944,716.484,10.944,-2.83,734.5,44.44,160.0,2.25,8.80,11.05
1458,2322.00,1.590,245.094,10.900,718.029,10.900,-2.74,746.9,43.95,158.2,2.25,8.75,11.00
1459,2323.57,1.574,245.469,10.858,719.557,10.858,-2.67,762.8,43.54,156.7,2.25,8.75,11.00
1460,2325.13,1.558,245.843,10.817,721.068,10.817,-2.67,766.8,43.06,155.0,2.25,8.75,11.00
1461,2326.67,1.541,246.215,10.775,722.564,10.775,-2.70,758.7,42.62,153.4,2.25,8.75,11.00
1462,2328.20,1.524,246.586,10.735,724.041,10.735,-2.67,744.2,42.09,151.5,2.25,8.75,11.00
1463,2329.70,1.506,246.956,10.696,725.500,10.696,-2.55,733.7,41.63,149.9,2.25,8.75,11.00
1464,2331.36,1.654,247.366,10.655,727.102,10.655,-2.53,710.3,41.09,147.9,2.25,8.70,10.95
1465,2332.99,1.632,247.774,10.615,728.681,10.615,-2.41,702.6,40.57,146.0,2.25,8.70,10.95
1466,2334.60,1.611,248.181,10.578,730.240,10.578,-2.31,715.0,40.06,144.2,3.15,8.70,11.85
1467,2336.19,1.591,248.587,10.542,731.778,10.542,-2.24,760.7,39.52,142.3,3.15,8.70,11.85
1468,2337.76,1.570,248.990,10.508,733.295,10.508,-2.16,846.4,39.04,140.5,3.15,8.70,11.85
1469,2339.31,1.550,249.391,10.476,734.792,10.476,-2.08,1027.6,38.51,138.6,3.15,8.70,11.85
1470,2340.84,1.530,249.790,10.446,736.268,10.446,-1.98,1404.7,38.02,136.9,3.15,9.15,12.30
1471,2342.35,1.510,250.185,10.417,737.726,10.417,-1.92,2000.0,37.53,135.1,3.15,9.15,12.30
1472,2343.99,1.638,250.616,10.387,739.306,10.387,-1.83,2000.0,36.98,133.1,3.10,9.15,12.25
1473,2345.60,1.614,251.040,10.358,740.863,10.358,-1.79,2000.0,36.43,131.2,3.10,9.15,12.25
1474,2347.19,1.590,251.457,10.331,742.397,10.331,-1.70,1018.1,35.92,129.3,3.10,9.15,12.25
1475,2348.76,1.568,251.867,10.304,743.911,10.304,-1.70,628.1,35.42,127.5,3.10,9.15,12.25
1476,2350.31,1.547,252.267,10.277,745.404,10.277,-1.78,445.1,34.92,125.7,3.10,9.15,12.25
1477,2351.83,1.523,252.658,10.249,746.877,10.249,-1.82,342.8,34.38,123.8,3.15,9.15,12.30
1478,2353.34,1.502,253.036,10.222,748.330,10.222,-1.80,279.3,33.91,122.1,3.15,9.10,12.25
1479,2354.95,1.613,253.432,10.195,749.893,10.195,-1.69,234.1,33.36,120.1,3.20,9.10,12.30
1480,2356.54,1.590,253.812,10.169,751.437,10.169,-1.61,203.2,32.88,118.4,3.20,9.05,12.25
1481,2358.10,1.565,254.174,10.144,752.958,10.144,-1.59,180.4,32.39,116.6,3.30,9.00,12.30
1482,2359.65,1.542,254.519,10.118,754.461,10.118,-1.69,163.3,31.88,114.8,3.35,8.90,12.25
1483,2361.16,1.517,254.843,10.093,755.943,10.093,-1.67,150.2,31.39,113.0,3.45,8.85,12.30
1484,2362.78,1.617,255.172,10.066,757.526,10.066,-1.69,139.0,30.83,111.0,3.55,8.75,12.30
1485,2364.37,1.590,255.477,10.038,759.085,10.038,-1.75,129.1,30.32,109.2,3.70,8.60,12.30
1486,2365.93,1.562,255.758,10.009,760.622,10.009,-1.84,120.0,29.82,107.3,3.85,8.45,12.30
1487,2367.47,1.536,256.017,9.978,762.135,9.978,-2.04,111.6,29.30,105.5,4.00,8.30,12.30
1488,2368.98,1.509,256.250,9.945,763.626,9.945,-2.15,104.6,28.80,103.7,4.20,8.15,12.35
1489,2370.57,1.596,256.475,9.909,765.206,9.909,-2.29,97.6,28.23,101.6,4.40,7.95,12.35
1490,2372.14,1.567,256.670,9.871,766.760,9.871,-2.45,91.8,27.73,99.8,4.65,7.70,12.35
1491,2373.68,1.539,256.834,9.832,768.289,9.832,-2.49,87.6,27.26,98.1,4.90,7.50,12.40
1492,2375.19,1.512,256.967,9.793,769.795,9.793,-2.58,85.1,26.78,96.4,5.20,7.20,12.40
1493,2376.78,1.590,257.079,9.750,771.380,9.750,-2.72,81.9,26.25,94.5,5.55,6.90,12.45
1494,2378.34,1.561,257.160,9.704,772.938,9.704,-2.93,79.4,25.79,92.9,5.90,6.60,12.50
1495,2379.88,1.533,257.210,9.656,774.469,9.656,-3.18,77.3,25.35,91.3,6.25,6.25,12.50
1496,2381.38,1.508,257.228,9.605,775.976,9.605,-3.38,75.1,24.92,89.7,6.60,5.90,12.50
1497,2382.96,1.581,257.217,9.547,777.556,9.547,-3.65,72.0,24.48,88.1,7.00,5.55,12.55
1498,2384.52,1.551,257.172,9.488,779.105,9.488,-3.82,69.6,24.03,86.5,6.00,5.15,11.15
1499,2386.04,1.523,257.095,9.428,780.625,9.428,-3.92,68.6,23.60,85.0,6.40,4.75,11.15
1500,2387.63,1.591,256.974,9.367,782.210,9.367,-3.84,68.5,23.20,83.5,6.80,4.30,11.10
1501,2389.19,1.563,256.817,9.310,783.764,9.310,-3.66,69.9,22.80,82.1,7.15,3.90,11.05
1502,2390.73,1.537,256.629,9.256,785.288,9.256,-3.55,72.8,22.46,80.9,7.45,3.50,10.95
1503,2392.25,1.518,256.408,9.207,786.789,9.207,-3.17,76.6,22.20,79.9,7.75,3.15,10.90
1504,2393.84,1.587,256.145,9.163,788.354,9.163,-2.78,79.1,21.92,78.9,8.00,2.85,10.85
1505,2395.40,1.567,255.860,9.121,789.895,9.121,-2.69,78.6,21.63,77.9,8.20,2.55,10.75
1506,2396.95,1.547,255.553,9.082,791.411,9.082,-2.55,74.5,21.35,76.9,8.35,2.35,10.70
1507,2398.48,1.527,255.225,9.044,792.901,9.044,-2.44,68.3,21.06,75.8,8.50,2.15,10.65
1508,2399.98,1.506,254.870,9.009,794.364,9.009,-2.32,61.3,20.77,74.8,8.60,2.05,10.65
1509,2401.55,1.566,254.464,8.977,795.876,8.977,-2.08,54.6,20.48,73.7,8.65,1.95,10.60
1510,2403.10,1.549,254.018,8.950,797.359,8.950,-1.76,49.4,20.30,73.1,8.70,1.85,10.55
1511,2404.64,1.540,253.527,8.925,798.818,8.925,-1.58,45.6,20.23,72.8,8.75,1.80,10.55
1512,2406.17,1.534,252.988,8.902,800.254,8.902,-1.54,42.7,20.15,72.5,8.75,1.75,10.50
1513,2407.70,1.528,252.399,8.881,801.665,8.881,-1.36,40.7,20.07,72.3,8.75,1.75,10.50
1514,2409.23,1.522,251.759,8.862,803.046,8.862,-1.21,39.5,19.99,72.0,8.75,1.75,10.50
1515,2410.74,1.516,251.068,8.845,804.395,8.845,-1.13,38.7,19.91,71.7,8.70,1.75,10.45
1516,2412.25,1.510,250.327,8.829,805.711,8.829,-1.08,38.4,19.83,71.4,8.70,1.75,10.45
1517,2413.76,1.504,249.536,8.814,806.990,8.814,-1.00,38.6,19.75,71.1,8.65,1.75,10.40
1518,2415.34,1.576,248.652,8.799,808.294,8.799,-0.95,38.8,19.66,70.8,8.65,1.75,10.40
1519,2416.91,1.569,247.716,8.785,809.554,8.785,-0.87,39.6,19.58,70.5,8.65,1.75,10.40
1520,2418.47,1.563,246.733,8.773,810.769,8.773,-0.77,40.6,19.51,70.2,8.65,1.75,10.40
1521,2420.03,1.557,245.709,8.761,811.942,8.761,-0.77,41.7,19.43,70.0,8.65,1.75,10.40
1522,2421.58,1.552,244.646,8.751,813.072,8.751,-0.65,42.2,19.36,69.7,8.65,1.75,10.40
1523,2423.13,1.546,243.547,8.743,814.160,8.743,-0.51,42.5,19.30,69.5,8.65,1.75,10.40
1524,2424.67,1.541,242.417,8.735,815.208,8.735,-0.57,42.1,19.24,69.3,8.60,1.80,10.40
1525,2426.21,1.536,241.255,8.727,816.214,8.727,-0.48,41.1,19.18,69.0,8.55,1.85,10.40
1526,2427.74,1.531,240.062,8.721,817.173,8.721,-0.42,39.6,19.11,68.8,8.50,1.90,10.40
1527,2429.27,1.526,238.832,8.726,818.076,8.726,0.35,38.4,19.05,68.6,8.40,1.95,10.35
1528,2430.79,1.521,237.573,8.731,818.931,8.731,0.31,36.9,18.99,68.3,8.35,2.05,10.40
1529,2432.31,1.516,236.288,8.733,819.734,8.733,0.15,35.3,18.91,68.1,8.25,2.15,10.40
1530,2433.82,1.510,234.975,8.733,820.480,8.733,-0.01,33.8,18.83,67.8,8.15,2.20,10.35
1531,2435.32,1.503,233.635,8.733,821.160,8.733,0.02,32.6,18.75,67.5,8.05,2.30,10.35
1532,2436.90,1.571,232.200,8.734,821.799,8.734,0.05,31.4,18.66,67.2,7.95,2.35,10.30
1533,2438.46,1.563,230.741,8.733,822.360,8.733,-0.05,30.7,18.57,66.8,7.90,2.45,10.35
1534,2440.02,1.556,229.261,8.732,822.841,8.732,-0.08,30.6,18.48,66.5,7.85,2.45,10.30
1535,2441.57,1.549,227.765,8.728,823.244,8.728,-0.24,30.8,18.43,66.3,7.80,2.45,10.25
1536,2443.12,1.549,226.250,8.724,823.565,8.724,-0.24,31.2,18.46,66.5,7.80,2.45,10.25
1537,2444.68,1.556,224.713,8.720,823.810,8.720,-0.30,31.9,18.59,66.9,7.85,2.40,10.25
1538,2446.24,1.565,223.158,8.715,823.979,8.715,-0.28,32.9,18.60,67.0,7.85,2.35,10.20
1539,2447.81,1.564,221.597,8.709,824.075,8.709,-0.36,33.9,18.64,67.1,7.90,2.25,10.15
1540,2449.38,1.571,220.027,8.705,824.100,8.705,-0.31,35.1,18.76,67.5,7.95,2.20,10.15
1541,2450.89,1.508,218.519,8.702,824.058,8.702,-0.17,36.6,18.95,68.2,8.00,2.10,10.10
1542,2452.41,1.515,217.008,8.701,823.953,8.701,-0.11,38.3,18.92,68.1,8.05,2.00,10.05
1543,2453.92,1.515,215.501,8.698,823.790,8.698,-0.17,39.9,18.97,68.3,8.10,1.95,10.05
1544,2455.45,1.522,213.995,8.698,823.566,8.698,0.02,41.5,19.10,68.8,8.15,1.85,10.00
1545,2456.98,1.536,212.485,8.700,823.286,8.700,0.10,42.7,19.30,69.5,8.20,1.80,10.00
1546,2458.53,1.543,210.979,8.704,822.951,8.704,0.27,43.2,19.28,69.4,8.20,1.75,9.95
1547,2460.07,1.544,209.485,8.708,822.563,8.708,0.27,43.4,19.33,69.6,8.25,1.70,9.95
1548,2461.62,1.551,207.998,8.714,822.122,8.714,0.40,43.4,19.46,70.1,8.20,1.65,9.85
1549,2463.19,1.564,206.515,8.721,821.625,8.721,0.43,43.1,19.65,70.7,8.20,1.65,9.85
1550,2464.69,1.501,205.110,8.731,821.095,8.731,0.64,43.3,19.83,71.4,8.20,1.65,9.85
1551,2466.20,1.510,203.718,8.741,820.512,8.741,0.71,43.5,19.90,71.6,8.15,1.65,9.80
1552,2467.72,1.516,202.341,8.756,819.879,8.756,0.99,43.9,19.99,72.0,8.10,1.65,9.75
1553,2469.24,1.524,200.978,8.771,819.197,8.771,0.97,44.0,20.10,72.4,8.05,1.70,9.75
1554,2470.78,1.530,199.635,8.790,818.464,8.790,1.25,44.3,20.17,72.6,7.95,1.75,9.70
1555,2472.31,1.536,198.313,8.811,817.681,8.811,1.37,44.1,20.24,72.9,7.90,1.80,9.70
1556,2473.86,1.541,197.017,8.836,816.848,8.836,1.63,44.0,20.31,73.1,7.80,1.90,9.70
1557,2475.40,1.547,195.744,8.861,815.968,8.861,1.60,43.6,20.40,73.4,7.70,2.00,9.70
1558,2476.96,1.553,194.500,8.888,815.039,8.888,1.71,43.2,20.47,73.7,7.60,2.10,9.70
1559,2478.52,1.561,193.284,8.914,814.062,8.914,1.69,42.7,20.57,74.0,7.45,2.25,9.70
1560,2480.09,1.566,192.101,8.944,813.035,8.944,1.89,42.5,20.66,74.4,7.35,2.35,9.70
1561,2481.66,1.573,190.953,8.975,811.960,8.975,2.01,42.5,20.74,74.7,7.25,2.45,9.70
1562,2483.24,1.580,189.841,9.009,810.838,9.009,2.11,42.9,20.84,75.0,9.20,2.60,11.80
1563,2484.75,1.504,188.821,9.042,809.733,9.042,2.20,43.9,20.92,75.3,9.10,2.70,11.80
1564,2486.26,1.510,187.837,9.077,808.589,9.077,2.33,45.2,21.01,75.6,9.00,2.80,11.80
1565,2487.77,1.517,186.886,9.113,807.407,9.113,2.37,46.6,21.11,76.0,8.85,2.95,11.80
1566,2489.30,1.524,185.972,9.152,806.189,9.152,2.56,48.2,21.20,76.3,8.75,3.05,11.80
1567,2490.83,1.532,185.091,9.190,804.937,9.190,2.52,49.7,21.33,76.8,8.60,3.20,11.80
1568,2492.37,1.541,184.245,9.232,803.650,9.232,2.68,50.7,21.48,77.3,8.45,3.40,11.85
1569,2493.92,1.553,183.433,9.274,802.326,9.274,2.76,51.8,21.64,77.9,8.25,3.65,11.90
1570,2495.49,1.564,182.656,9.318,800.970,9.318,2.81,52.7,21.81,78.5,8.00,3.95,11.95
1571,2497.06,1.576,181.915,9.366,799.580,9.366,3.01,53.8,21.97,79.1,7.75,4.25,12.00
1572,2498.65,1.587,181.210,9.415,798.158,9.415,3.12,54.8,22.13,79.7,7.45,4.60,12.05
1573,2500.16,1.511,180.577,9.464,796.787,9.464,3.23,56.5,22.29,80.2,7.10,4.95,12.05
1574,2501.69,1.523,179.975,9.514,795.390,9.514,3.26,58.1,22.48,80.9,6.80,5.35,12.15
1575,2503.22,1.535,179.406,9.567,793.965,9.567,3.45,59.6,22.67,81.6,6.45,5.70,12.15
1576,2504.77,1.549,178.870,9.620,792.513,9.620,3.44,60.6,22.88,82.4,6.05,6.05,12.10
1577,2506.33,1.562,178.367,9.675,791.035,9.675,3.53,61.6,23.06,83.0,5.70,6.45,12.15
1578,2507.91,1.576,177.897,9.730,789.531,9.730,3.52,62.1,23.27,83.8,5.30,6.80,12.10
1579,2509.50,1.589,177.462,9.785,788.003,9.785,3.43,62.4,23.47,84.5,4.95,7.20,12.15
1580,2511.01,1.509,177.083,9.835,786.544,9.835,3.31,63.5,23.66,85.2,4.60,7.50,12.10
1581,2512.53,1.521,176.738,9.884,785.064,9.884,3.26,65.2,23.85,85.9,4.25,7.80,12.05
1582,2514.06,1.533,176.427,9.934,783.564,9.934,3.23,67.4,24.04,86.6,3.90,8.05,11.95
1583,2515.61,1.545,176.148,9.982,782.044,9.982,3.11,69.8,24.26,87.4,3.65,8.30,11.95
1584,2517.17,1.559,175.904,10.031,780.506,10.031,3.12,73.5,24.43,88.0,3.40,8.55,11.95
1585,2518.74,1.571,175.690,10.076,778.950,10.076,2.92,77.7,24.65,88.7,3.15,8.30,11.45
1586,2520.32,1.585,175.506,10.121,777.376,10.121,2.79,82.9,24.87,89.5,2.95,8.45,11.40
1587,2521.92,1.598,175.352,10.166,775.786,10.166,2.82,89.4,25.08,90.3,2.80,8.55,11.35
1588,2523.43,1.511,175.233,10.208,774.280,10.208,2.81,98.2,25.28,91.0,2.70,8.70,11.40
1589,2524.96,1.524,175.136,10.249,772.760,10.249,2.69,107.3,25.49,91.8,2.60,8.75,11.35
1590,2526.49,1.535,175.058,10.286,771.227,10.286,2.42,116.2,25.69,92.5,2.50,8.85,11.35
1591,2528.04,1.549,174.999,10.318,769.680,10.318,2.07,123.3,25.93,93.3,2.45,8.90,11.35
1592,2529.60,1.561,174.958,10.347,768.119,10.347,1.84,129.9,26.12,94.0,2.40,8.90,11.30
1593,2531.18,1.575,174.936,10.373,766.544,10.373,1.67,135.7,26.36,94.9,2.40,8.95,11.35
1594,2532.76,1.589,174.934,10.399,764.956,10.399,1.64,144.6,26.58,95.7,2.40,8.95,11.35
1595,2534.37,1.602,174.950,10.426,763.354,10.426,1.65,158.4,26.82,96.6,2.40,8.90,11.30
1596,2535.87,1.507,174.982,10.452,761.848,10.452,1.79,181.9,27.00,97.2,2.45,8.90,11.35
1597,2537.39,1.519,175.025,10.480,760.330,10.480,1.82,214.0,27.23,98.0,2.50,8.85,11.35
1598,2538.92,1.531,175.081,10.509,758.800,10.509,1.90,255.9,27.43,98.8,2.55,8.80,11.35
1599,2540.47,1.542,175.144,10.537,757.259,10.537,1.79,299.9,27.65,99.5,2.60,8.70,11.30
1600,2542.02,1.554,175.215,10.562,755.707,10.562,1.63,334.8,27.85,100.2,2.65,8.65,11.30
1601,2543.59,1.566,175.291,10.584,754.143,10.584,1.41,343.2,28.05,101.0,2.75,8.60,11.35
1602,2545.16,1.577,175.375,10.604,752.569,10.604,1.23,332.3,28.27,101.8,2.85,8.50,11.35
1603,2546.75,1.590,175.466,10.624,750.982,10.624,1.28,314.8,28.48,102.5,2.95,8.40,11.35
1604,2548.35,1.601,175.567,10.647,749.383,10.647,1.45,304.7,28.70,103.3,3.05,8.30,11.35
1605,2549.97,1.613,175.678,10.673,747.774,10.673,1.59,307.4,28.90,104.0,3.15,8.20,11.35
1606,2551.48,1.509,175.790,10.697,746.269,10.697,1.62,332.1,29.12,104.8,3.25,8.10,11.35
1607,2553.00,1.520,175.911,10.725,744.755,10.725,1.81,388.9,29.32,105.5,3.40,7.95,11.35
1608,2554.53,1.530,176.041,10.754,743.230,10.754,1.91,498.0,29.54,106.3,3.55,7.80,11.35
1609,2556.07,1.541,176.175,10.784,741.695,10.784,1.92,702.2,29.75,107.1,3.65,7.70,11.35
1610,2557.62,1.553,176.314,10.814,740.149,10.814,1.94,1139.6,29.95,107.8,3.80,7.55,11.35
1611,2559.19,1.565,176.455,10.843,738.591,10.843,1.88,2000.0,30.21,108.7,3.95,7.40,11.35
1612,2560.76,1.577,176.598,10.874,737.021,10.874,1.94,2000.0,30.45,109.6,4.10,7.25,11.35
1613,2562.36,1.591,176.742,10.907,735.436,10.907,2.09,2000.0,30.71,110.6,4.25,7.10,11.35
1614,2563.96,1.605,176.886,10.943,733.839,10.943,2.27,2000.0,30.99,111.6,4.40,6.95,11.35
1615,2565.58,1.619,177.030,10.984,732.227,10.984,2.49,2000.0,31.26,112.5,4.55,6.80,11.35
1616,2567.09,1.508,177.163,11.024,730.725,11.024,2.65,2000.0,31.54,113.5,4.70,6.65,11.35
1617,2568.61,1.520,177.297,11.065,729.212,11.065,2.75,1943.3,31.77,114.4,4.80,6.50,11.30
1618,2570.14,1.531,177.429,11.106,727.688,11.106,2.68,1828.6,32.00,115.2,4.95,6.40,11.35
1619,2571.68,1.543,177.562,11.145,726.151,11.145,2.49,1705.9,32.27,116.2,5.05,6.25,11.30
1620,2573.24,1.557,177.695,11.184,724.601,11.184,2.51,1589.3,32.54,117.1,5.20,6.15,11.35
1621,2574.81,1.569,177.827,11.224,723.038,11.224,2.57,1485.8,32.81,118.1,5.30,6.00,11.30
1622,2576.39,1.581,177.959,11.267,721.463,11.267,2.73,1399.8,33.07,119.1,5.45,5.85,11.30
1623,2577.98,1.594,178.089,11.314,719.875,11.314,2.92,1346.0,33.32,120.0,5.55,5.75,11.30
1624,2579.59,1.606,178.219,11.361,718.275,11.361,2.93,1317.4,33.58,120.9,3.55,5.60,9.15
1625,2581.20,1.616,178.347,11.408,716.664,11.408,2.94,1297.4,33.80,121.7,3.70,5.50,9.20
1626,2582.83,1.631,178.475,11.456,715.039,11.456,2.92,1271.5,34.10,122.8,3.80,5.40,9.20
1627,2584.34,1.505,178.591,11.501,713.539,11.501,3.00,1268.5,34.32,123.5,3.90,5.25,9.15
1628,2585.86,1.516,178.706,11.547,712.029,11.547,3.03,1259.6,34.54,124.3,4.05,5.15,9.20
1629,2587.38,1.525,178.819,11.593,710.509,11.593,3.01,1252.0,34.77,125.2,4.15,5.05,9.20
1630,2588.92,1.536,178.932,11.640,708.977,11.640,3.07,1252.3,35.03,126.1,4.25,4.95,9.20
1631,2590.46,1.547,179.044,11.690,707.435,11.690,3.21,1268.3,35.25,126.9,4.35,4.85,9.20
1632,2592.02,1.557,179.154,11.742,705.883,11.742,3.36,1283.5,35.48,127.7,4.45,4.70,9.15
1633,2593.59,1.567,179.264,11.796,704.322,11.796,3.43,1307.7,35.71,128.5,4.55,4.60,9.15
1634,2595.16,1.577,179.371,11.851,702.749,11.851,3.52,1337.0,35.93,129.3,4.65,4.50,9.15
1635,2596.75,1.587,179.478,11.907,701.167,11.907,3.50,1374.7,36.18,130.3,4.75,4.40,9.15
1636,2598.35,1.597,179.584,11.964,699.575,11.964,3.59,1417.4,36.37,130.9,4.85,4.30,9.15
1637,2599.95,1.606,179.688,12.022,697.973,12.022,3.58,1441.6,36.63,131.9,4.95,4.20,9.15
1638,2601.57,1.618,179.791,12.082,696.360,12.082,3.72,1459.1,36.87,132.7,5.05,4.10,9.15
1639,2603.20,1.627,179.893,12.144,694.738,12.144,3.81,1468.7,37.06,133.4,5.15,4.00,9.15
1640,2604.83,1.635,179.994,12.205,693.107,12.205,3.71,1447.8,37.26,134.1,5.25,3.90,9.15
1641,2606.48,1.645,180.094,12.265,691.466,12.265,3.65,1403.8,37.53,135.1,5.35,3.80,9.15
1642,2607.98,1.506,180.183,12.321,689.964,12.321,3.76,1382.8,37.72,135.8,5.45,3.70,9.15
1643,2609.50,1.513,180.272,12.380,688.454,12.380,3.87,1353.9,37.92,136.5,5.50,3.65,9.15
1644,2611.02,1.521,180.359,12.440,686.937,12.440,3.94,1323.3,38.13,137.3,5.60,3.55,9.15
1645,2612.55,1.530,180.445,12.502,685.411,12.502,4.09,1305.1,38.31,137.9,5.70,3.45,9.15
1646,2614.09,1.537,180.530,12.566,683.878,12.566,4.15,1287.0,38.53,138.7,5.75,3.40,9.15
1647,2615.63,1.546,180.613,12.632,682.335,12.632,4.25,1261.3,38.73,139.4,5.85,3.30,9.15
1648,2617.18,1.552,180.695,12.699,680.787,12.699,4.34,1243.4,38.89,140.0,5.90,3.25,9.15
1649,2618.75,1.561,180.775,12.767,679.229,12.767,4.38,1226.2,39.14,140.9,6.00,3.15,9.15
1650,2620.31,1.569,180.853,12.837,677.663,12.837,4.48,1214.3,39.32,141.5,6.05,3.40,9.45
1651,2621.89,1.576,180.930,12.908,676.091,12.908,4.50,1215.2,39.47,142.1,6.15,3.30,9.45
1652,2623.47,1.583,181.005,12.979,674.511,12.979,4.44,1218.9,39.69,142.9,6.20,3.25,9.45
1653,2625.07,1.593,181.078,13.050,672.921,13.050,4.47,1237.2,39.90,143.6,6.25,3.15,9.40
1654,2626.67,1.600,181.149,13.121,671.325,13.121,4.49,1282.0,40.05,144.2,6.30,3.10,9.40
1655,2628.27,1.607,181.219,13.193,669.720,13.193,4.45,1345.4,40.28,145.0,6.40,3.05,9.45
1656,2629.89,1.616,181.287,13.266,668.108,13.266,4.53,1437.6,40.48,145.7,6.45,3.00,9.45
1657,2631.51,1.623,181.354,13.341,666.488,13.341,4.63,1575.1,40.68,146.4,6.50,2.95,9.45
1658,2633.15,1.631,181.419,13.418,664.859,13.418,4.71,1750.2,40.85,147.1,6.55,2.85,9.40
1659,2634.78,1.638,181.482,13.495,663.224,13.495,4.73,1927.5,41.04,147.7,6.60,2.80,9.40
1660,2636.43,1.646,181.545,13.573,661.581,13.573,4.75,2000.0,41.25,148.5,6.65,2.75,9.40
1661,2638.08,1.654,181.607,13.653,659.930,13.653,4.83,2000.0,41.42,149.1,6.70,2.70,9.40
1662,2639.75,1.661,181.668,13.733,658.272,13.733,4.81,2000.0,41.63,149.9,6.75,2.65,9.40
1663,2641.41,1.669,181.728,13.814,656.606,13.814,4.84,2000.0,41.80,150.5,6.80,2.60,9.40
1664,2642.92,1.509,181.782,13.887,655.100,13.887,4.87,2000.0,41.99,151.2,6.85,2.55,9.40
1665,2644.44,1.515,181.835,13.961,653.588,13.961,4.90,2000.0,42.15,151.8,6.90,2.50,9.40
1666,2645.96,1.521,181.888,14.036,652.070,14.036,4.90,2000.0,42.32,152.3,6.95,2.45,9.40
1667,2647.49,1.527,181.940,14.111,650.546,14.111,4.93,2000.0,42.49,153.0,7.00,2.40,9.40
1668,2649.02,1.533,181.992,14.187,649.015,14.187,4.98,2000.0,42.68,153.6,7.05,2.35,9.40
1669,2650.56,1.540,182.043,14.265,647.479,14.265,5.06,2000.0,42.83,154.2,7.10,2.30,9.40
1670,2652.10,1.545,182.094,14.343,645.936,14.343,5.07,2000.0,42.99,154.7,7.15,2.25,9.40
1671,2653.65,1.551,182.144,14.421,644.388,14.421,5.06,2000.0,43.16,155.4,7.20,2.20,9.40
1672,2655.21,1.557,182.193,14.500,642.834,14.500,5.08,2000.0,43.34,156.0,7.25,2.15,9.40
1673,2656.78,1.563,182.242,14.581,641.273,14.581,5.15,2000.0,43.49,156.6,7.30,2.10,9.40
1674,2658.34,1.569,182.289,14.662,639.707,14.662,5.17,1802.4,43.66,157.2,7.35,2.05,9.40
1675,2659.92,1.575,182.336,14.744,638.134,14.744,5.20,1583.7,43.82,157.8,7.40,2.00,9.40
1676,2661.50,1.581,182.381,14.825,636.556,14.825,5.14,1394.8,43.99,158.4,7.45,1.95,9.40
1677,2663.09,1.586,182.425,14.906,634.972,14.906,5.14,1240.9,44.13,158.9,7.45,1.95,9.40
1678,2664.68,1.593,182.466,14.988,633.382,14.988,5.15,1131.2,44.33,159.6,7.50,1.90,9.40
1679,2666.28,1.599,182.506,15.072,631.786,15.072,5.28,1061.2,44.49,160.2,7.55,1.85,9.40
1680,2667.88,1.605,182.542,15.159,630.184,15.159,5.44,1035.0,44.67,160.8,7.55,1.80,9.35
1681,2669.50,1.611,182.577,15.249,628.576,15.249,5.59,1043.3,44.82,161.4,7.60,1.80,9.40
1682,2671.11,1.616,182.608,15.341,626.962,15.341,5.69,1086.7,44.96,161.9,7.65,1.75,9.40
1683,2672.73,1.622,182.638,15.434,625.343,15.434,5.71,1151.9,45.13,162.5,7.65,1.75,9.40
1684,2674.36,1.628,182.665,15.527,623.718,15.527,5.76,1235.8,45.29,163.1,7.70,1.70,9.40
1685,2676.00,1.634,182.690,15.622,622.087,15.622,5.78,1323.5,45.45,163.6,7.70,1.70,9.40
1686,2677.64,1.639,182.713,15.716,620.451,15.716,5.74,1405.9,45.57,164.0,7.70,1.70,9.40
1687,2679.28,1.644,182.734,15.807,618.810,15.807,5.59,1467.1,45.75,164.7,7.75,1.70,9.45
1688,2680.93,1.650,182.754,15.899,617.163,15.899,5.56,1524.8,45.89,165.2,7.75,1.70,9.45
1689,2682.58,1.656,182.772,15.990,615.510,15.990,5.52,1595.3,46.08,165.9,7.75,1.70,9.45
1690,2684.25,1.662,182.788,16.083,613.850,16.083,5.57,1720.6,46.24,166.5,7.75,1.70,9.45
1691,2685.92,1.668,182.802,16.177,612.185,16.177,5.65,1897.5,46.40,167.0,7.75,1.70,9.45
1692,2687.59,1.674,182.815,16.273,610.514,16.273,5.75,2000.0,46.57,167.7,7.80,1.70,9.50
1693,2689.27,1.680,182.827,16.372,608.837,16.372,5.90,2000.0,46.74,168.2,7.80,1.70,9.50
1694,2690.95,1.685,182.837,16.473,607.155,16.473,6.00,2000.0,46.87,168.7,7.80,1.75,9.55
1695,2692.64,1.690,182.847,16.574,605.468,16.574,6.00,2000.0,47.01,169.2,7.80,1.75,9.55
1696,2694.15,1.507,182.856,16.663,603.964,16.663,5.95,2000.0,47.15,169.7,7.80,1.75,9.55
1697,2695.66,1.511,182.865,16.754,602.455,16.754,6.01,2000.0,47.28,170.2,7.80,1.75,9.55
1698,2697.18,1.516,182.874,16.846,600.942,16.846,6.06,2000.0,47.45,170.8,7.80,1.75,9.55
1699,2698.70,1.521,182.885,16.939,599.424,16.939,6.17,2000.0,47.59,171.3,7.80,1.80,9.60
1700,2700.22,1.525,182.895,17.035,597.903,17.035,6.28,2000.0,47.69,171.7,7.80,1.80,9.60
1701,2701.75,1.529,182.907,17.130,596.377,17.130,6.27,2000.0,47.84,172.2,7.80,1.80,9.60
1702,2703.29,1.533,182.919,17.227,594.847,17.227,6.31,2000.0,47.96,172.7,7.80,1.80,9.60
1703,2704.82,1.537,182.932,17.324,593.312,17.324,6.30,2000.0,48.10,173.1,7.80,1.80,9.60
1704,2706.36,1.540,182.945,17.420,591.776,17.420,6.28,2000.0,48.13,173.3,7.80,1.85,9.65
1705,2707.90,1.539,182.960,17.517,590.240,17.517,6.28,2000.0,48.03,172.9,7.80,1.85,9.65
1706,2709.43,1.532,182.974,17.613,588.711,17.613,6.33,2000.0,47.72,171.8,7.80,1.85,9.65
1707,2710.96,1.521,182.989,17.711,587.193,17.711,6.46,2000.0,47.38,170.6,7.80,1.85,9.65
1708,2712.47,1.509,183.003,17.809,585.688,17.809,6.47,2000.0,46.99,169.2,7.80,1.85,9.65
1709,2714.15,1.682,183.019,17.918,584.009,17.918,6.52,2000.0,46.52,167.5,7.80,1.85,9.65
1710,2715.81,1.666,183.035,18.027,582.347,18.027,6.56,2000.0,46.07,165.8,7.80,1.85,9.65
1711,2717.46,1.649,183.049,18.137,580.701,18.137,6.64,2000.0,45.58,164.1,7.80,2.00,9.80
1712,2719.09,1.632,183.063,18.247,579.074,18.247,6.81,2000.0,45.13,162.5,7.80,2.35,10.15
1713,2720.71,1.617,183.076,18.359,577.461,18.359,6.90,2000.0,44.72,161.0,7.85,2.45,10.30
1714,2722.31,1.601,183.088,18.470,575.864,18.470,6.95,2000.0,44.29,159.5,7.85,2.45,10.30
1715,2723.90,1.587,183.099,18.578,574.280,18.578,6.86,2000.0,43.90,158.0,7.85,2.45,10.30
1716,2725.47,1.572,183.109,18.684,572.712,18.684,6.76,2000.0,43.50,156.6,7.85,2.40,10.25
1717,2727.03,1.557,183.119,18.788,571.159,18.788,6.64,2000.0,43.05,155.0,7.85,2.40,10.25
1718,2728.57,1.541,183.127,18.889,569.621,18.889,6.59,2000.0,42.57,153.3,7.85,2.40,10.25
1719,2730.09,1.524,183.134,18.990,568.101,18.990,6.66,1798.3,42.16,151.8,7.85,2.40,10.25
1720,2731.60,1.510,183.140,19.091,566.594,19.091,6.69,1626.9,41.79,150.5,7.90,2.40,10.30
1721,2733.27,1.666,183.145,19.203,564.932,19.203,6.76,1476.5,41.55,149.6,7.90,2.40,10.30
1722,2734.93,1.658,183.147,19.317,563.278,19.317,6.84,1373.5,41.38,149.0,7.90,2.40,10.30
1723,2736.58,1.653,183.148,19.432,561.629,19.432,6.98,1298.4,41.25,148.5,7.90,2.40,10.30
1724,2738.23,1.647,183.146,19.548,559.986,19.548,7.11,1240.8,41.12,148.0,7.90,2.40,10.30
1725,2739.87,1.642,183.142,19.666,558.349,19.666,7.15,1175.7,40.99,147.6,7.85,2.40,10.25
1726,2741.51,1.636,183.136,19.782,556.716,19.782,7.12,1100.8,40.85,147.1,7.85,2.40,10.25
1727,2743.14,1.631,183.128,19.898,555.090,19.898,7.13,999.4,40.72,146.6,7.85,2.40,10.25
1728,2744.76,1.626,183.118,20.014,553.468,20.014,7.15,880.8,40.58,146.1,7.80,2.45,10.25
1729,2746.38,1.620,183.105,20.128,551.852,20.128,7.08,752.5,40.44,145.6,7.80,2.45,10.25
1730,2748.00,1.615,183.089,20.242,550.241,20.242,7.09,638.4,40.32,145.2,7.75,2.50,10.25
1731,2749.61,1.610,183.069,20.355,548.635,20.355,7.04,546.9,40.18,144.6,7.75,2.55,10.30
1732,2751.21,1.604,183.045,20.468,547.035,20.468,7.07,478.9,40.04,144.1,7.70,2.55,10.25
1733,2752.81,1.599,183.015,20.582,545.441,20.582,7.16,427.5,39.91,143.7,7.65,2.60,10.25
1734,2754.40,1.593,182.979,20.698,543.852,20.698,7.30,388.2,39.76,143.2,7.60,2.65,10.25
1735,2755.99,1.588,182.936,20.816,542.270,20.816,7.44,356.1,39.63,142.7,7.55,2.75,10.30
1736,2757.57,1.583,182.887,20.933,540.692,20.933,7.43,325.8,39.51,142.3,7.50,2.80,10.30
1737,2759.15,1.578,182.832,21.048,539.120,21.048,7.29,298.2,39.38,141.8,7.40,2.85,10.25
1738,2760.72,1.572,182.768,21.161,537.553,21.161,7.21,273.9,39.24,141.3,7.35,2.90,10.25
1739,2762.29,1.566,182.696,21.275,535.993,21.275,7.28,254.7,39.09,140.7,7.25,3.00,10.25
1740,2763.85,1.561,182.614,21.391,534.438,21.391,7.43,238.7,38.95,140.2,7.20,3.10,10.30
1741,2765.41,1.555,182.521,21.508,532.890,21.508,7.58,227.0,38.82,139.8,7.10,3.20,10.30
1742,2766.96,1.550,182.419,21.625,531.348,21.625,7.55,215.6,38.69,139.3,7.00,3.30,10.30
1743,2768.50,1.545,182.307,21.741,529.812,21.741,7.51,205.1,38.55,138.8,6.90,3.40,10.30
1744,2770.04,1.539,182.184,21.854,528.282,21.854,7.42,194.4,38.42,138.3,6.80,3.55,10.35
1745,2771.57,1.533,182.049,21.967,526.758,21.967,7.37,185.5,38.28,137.8,7.65,3.70,11.35
1746,2773.10,1.528,181.903,22.079,525.242,22.079,7.35,178.3,38.13,137.3,7.55,3.85,11.40
1747,2774.62,1.522,181.743,22.191,523.732,22.191,7.38,172.1,37.99,136.8,7.40,4.00,11.40
1748,2776.14,1.517,181.571,22.303,522.229,22.303,7.38,166.6,37.86,136.3,7.25,4.20,11.45
1749,2777.65,1.511,181.385,22.413,520.733,22.413,7.35,160.9,37.73,135.8,7.10,4.40,11.50
1750,2779.16,1.506,181.188,22.521,519.244,22.521,7.18,154.3,37.58,135.3,6.90,4.60,11.50
1751,2780.81,1.650,180.954,22.640,517.616,22.640,7.20,145.5,37.43,134.7,6.70,4.85,11.55
1752,2782.45,1.643,180.702,22.758,515.997,22.758,7.20,137.5,37.25,134.1,6.55,5.10,11.65
1753,2784.09,1.637,180.431,22.876,514.386,22.876,7.27,130.8,37.18,133.8,6.35,5.40,11.75
1754,2785.72,1.634,180.140,22.997,512.783,22.997,7.38,126.2,37.13,133.7,6.15,5.70,11.85
1755,2787.36,1.633,179.828,23.117,511.184,23.117,7.42,123.3,37.12,133.6,5.90,6.00,11.90
1756,2788.99,1.633,179.494,23.241,509.590,23.241,7.61,122.9,37.10,133.6,5.70,6.25,11.95
1757,2790.62,1.632,179.138,23.368,508.003,23.368,7.82,124.2,37.07,133.5,5.50,6.45,11.95
1758,2792.25,1.631,178.762,23.497,506.421,23.497,7.93,126.1,37.06,133.4,5.25,6.70,11.95
1759,2793.88,1.631,178.366,23.626,504.845,23.626,7.94,127.3,37.06,133.4,5.05,6.85,11.90
1760,2795.51,1.630,177.950,23.757,503.274,23.757,8.00,128.3,37.04,133.3,4.85,7.00,11.85
1761,2797.14,1.629,177.515,23.886,501.709,23.886,7.98,128.6,37.02,133.3,4.65,7.15,11.80
1762,2798.77,1.629,177.062,24.015,500.150,24.015,7.96,127.5,37.01,133.2,4.50,7.25,11.75
1763,2800.40,1.628,176.588,24.146,498.599,24.146,8.05,126.3,36.98,133.1,4.35,7.35,11.70
1764,2802.03,1.627,176.094,24.278,497.054,24.278,8.11,124.7,36.98,133.1,4.20,7.45,11.65
1765,2803.65,1.626,175.580,24.410,495.516,24.410,8.20,122.3,36.95,133.0,4.10,7.60,11.70
1766,2805.28,1.625,175.048,24.543,493.986,24.543,8.19,119.1,36.93,133.0,4.00,7.70,11.70
1767,2806.90,1.624,174.496,24.675,492.465,24.675,8.17,116.7,36.89,132.8,3.85,7.80,11.65
1768,2808.52,1.623,173.925,24.807,490.951,24.807,8.14,114.1,36.88,132.8,3.75,7.95,11.70
1769,2810.15,1.621,173.330,24.942,489.449,24.942,8.34,112.9,36.84,132.6,3.65,7.80,11.45
1770,2811.77,1.620,172.713,25.080,487.958,25.080,8.54,112.9,36.80,132.5,3.55,7.25,10.80
1771,2813.38,1.619,172.075,25.218,486.477,25.218,8.60,113.7,36.77,132.4,3.45,6.50,9.95
1772,2815.00,1.617,171.419,25.357,485.005,25.357,8.58,113.9,36.75,132.3,3.35,6.60,9.95
1773,2816.62,1.616,170.742,25.494,483.545,25.494,8.55,115.1,36.70,132.1,3.20,6.70,9.90
1774,2818.23,1.614,170.046,25.630,482.094,25.630,8.45,115.3,36.68,132.1,3.10,6.80,9.90
1775,2819.85,1.613,169.330,25.767,480.655,25.767,8.51,115.5,36.64,131.9,3.05,6.90,9.95
1776,2821.46,1.611,168.594,25.905,479.229,25.905,8.59,116.2,36.61,131.8,2.95,6.95,9.90
1777,2823.07,1.611,167.838,26.042,477.813,26.042,8.54,117.6,36.59,131.7,2.85,7.00,9.85
1778,2824.68,1.609,167.065,26.178,476.407,26.178,8.47,118.1,36.58,131.7,2.80,7.10,9.90
1779,2826.29,1.609,166.273,26.314,475.013,26.314,8.51,119.8,36.56,131.6,2.75,7.15,9.90
1780,2827.89,1.608,165.462,26.452,473.632,26.452,8.60,122.3,36.53,131.5,2.65,7.20,9.85
1781,2829.50,1.607,164.633,26.590,472.261,26.590,8.60,125.1,36.53,131.5,2.60,7.25,9.85
1782,2831.11,1.607,163.787,26.729,470.902,26.729,8.71,129.1,36.52,131.5,2.50,7.35,9.85
1783,2832.72,1.607,162.924,26.869,469.554,26.869,8.76,134.3,36.52,131.5,2.45,7.40,9.85
1784,2834.32,1.607,162.045,27.010,468.216,27.010,8.81,139.4,36.52,131.5,2.35,7.50,9.85
1785,2835.93,1.606,161.151,27.151,466.889,27.151,8.82,143.4,36.51,131.4,2.30,7.55,9.85
1786,2837.54,1.607,160.243,27.291,465.571,27.291,8.69,145.9,36.52,131.5,2.25,7.60,9.85
1787,2839.14,1.607,159.321,27.428,464.263,27.428,8.60,144.9,36.52,131.5,2.15,7.65,9.80
1788,2840.75,1.607,158.385,27.565,462.964,27.565,8.53,141.7,36.52,131.5,2.10,7.70,9.80
1789,2842.36,1.606,157.435,27.700,461.675,27.700,8.45,136.6,36.51,131.4,2.10,7.75,9.85
1790,2843.96,1.607,156.470,27.834,460.398,27.834,8.35,130.7,36.51,131.4,2.05,7.75,9.80
1791,2845.57,1.606,155.491,27.967,459.132,27.967,8.35,125.5,36.50,131.4,2.10,7.75,9.85
1792,2847.18,1.606,154.494,28.102,457.880,28.102,8.44,122.9,36.49,131.4,2.10,7.70,9.80
1793,2848.78,1.605,153.482,28.238,456.642,28.238,8.51,121.7,36.48,131.3,2.15,7.65,9.80
1794,2850.39,1.605,152.452,28.376,455.419,28.376,8.63,122.3,36.47,131.3,2.20,7.60,9.80
1795,2851.99,1.604,151.406,28.515,454.210,28.515,8.70,123.7,36.45,131.2,2.25,7.55,9.80
1796,2853.59,1.604,150.346,28.653,453.016,28.653,8.64,124.5,36.44,131.2,2.30,7.50,9.80
1797,2855.20,1.603,149.271,28.789,451.833,28.789,8.47,123.2,36.43,131.2,2.35,7.45,9.80
1798,2856.80,1.603,148.183,28.922,450.665,28.922,8.37,121.3,36.41,131.1,2.40,7.35,9.75
1799,2858.40,1.603,147.080,29.054,449.510,29.054,8.24,119.4,36.42,131.1,2.50,7.30,9.80
1800,2860.00,1.602,145.961,29.187,448.371,29.187,8.34,118.2,36.41,131.1,2.55,7.25,9.80
1801,2861.61,1.602,144.825,29.322,447.249,29.322,8.46,118.8,36.39,131.0,2.60,7.15,9.75
1802,2863.21,1.601,143.675,29.459,446.145,29.459,8.58,120.9,36.38,131.0,2.65,7.10,9.75
1803,2864.81,1.601,142.510,29.595,445.056,29.595,8.55,123.6,36.37,130.9,2.70,7.05,9.75
1804,2866.41,1.600,141.332,29.730,443.980,29.730,8.44,125.4,36.37,130.9,2.75,7.00,9.75
1805,2868.01,1.601,140.141,29.863,442.919,29.863,8.36,127.0,36.37,130.9,2.80,6.95,9.75
1806,2869.61,1.601,138.937,29.995,441.873,29.995,8.27,127.2,36.38,131.0,2.85,6.90,9.75
1807,2871.21,1.600,137.720,30.128,440.842,30.128,8.33,127.5,36.37,130.9,2.95,6.80,9.75
1808,2872.81,1.601,136.489,30.260,439.827,30.260,8.29,128.5,36.37,130.9,3.05,6.70,9.75
1809,2874.41,1.600,135.247,30.392,438.828,30.392,8.26,130.4,36.37,130.9,3.20,6.55,9.75
1810,2876.01,1.600,133.991,30.523,437.844,30.523,8.21,132.9,36.38,131.0,3.30,6.45,9.75
1811,2877.61,1.601,132.723,30.654,436.876,30.654,8.23,136.7,36.38,131.0,3.40,6.35,9.75
1812,2879.21,1.601,131.444,30.784,435.922,30.784,8.12,140.8,36.39,131.0,3.55,6.20,9.75
1813,2880.82,1.601,130.154,30.912,434.981,30.912,8.02,145.9,36.40,131.0,3.70,6.05,9.75
1814,2882.42,1.602,128.853,31.039,434.056,31.039,7.96,153.6,36.41,131.1,3.80,5.95,9.75
1815,2884.02,1.602,127.542,31.165,433.143,31.165,7.87,164.9,36.44,131.2,3.95,5.80,9.75
1816,2885.62,1.603,126.220,31.291,432.245,31.291,7.91,183.4,36.45,131.2,4.10,5.65,9.75
1817,2887.23,1.604,124.889,31.417,431.358,31.417,7.86,214.1,36.47,131.3,4.20,5.50,9.70
1818,2888.84,1.606,123.550,31.542,430.481,31.542,7.80,267.7,36.51,131.4,4.35,5.40,9.75
1819,2890.44,1.607,122.204,31.665,429.611,31.665,7.72,368.7,36.56,131.6,4.50,6.30,10.80
1820,2892.05,1.610,120.852,31.789,428.747,31.789,7.71,618.0,36.60,131.8,4.65,6.15,10.80
1821,2893.67,1.612,119.495,31.911,427.885,31.911,7.60,1757.0,36.70,132.1,4.80,6.00,10.80
1822,2895.28,1.617,118.133,32.034,427.021,32.034,7.60,2000.0,36.80,132.5,5.00,5.85,10.85
1823,2896.91,1.624,116.767,32.156,426.151,32.156,7.54,816.7,36.99,133.2,5.15,5.65,10.80
1824,2898.54,1.633,115.395,32.279,425.274,32.279,7.53,512.4,37.22,134.0,5.30,5.50,10.80
1825,2900.18,1.643,114.019,32.402,424.385,32.402,7.56,395.8,37.42,134.7,5.50,5.35,10.85
1826,2901.83,1.651,112.640,32.526,423.486,32.526,7.51,336.4,37.62,135.4,5.70,5.15,10.85
1827,2903.34,1.508,111.384,32.637,422.659,32.637,7.40,310.8,37.78,136.0,5.90,5.00,10.90
1828,2904.86,1.515,110.126,32.747,421.821,32.747,7.27,295.8,37.96,136.7,6.10,4.85,10.95
1829,2906.38,1.523,108.866,32.856,420.972,32.856,7.19,288.3,38.15,137.4,6.30,4.65,10.95
1830,2907.91,1.531,107.605,32.964,420.112,32.964,7.07,283.6,38.36,138.1,6.50,4.50,11.00
1831,2909.45,1.537,106.343,33.071,419.242,33.071,6.98,280.5,38.48,138.5,6.70,4.30,11.00
1832,2910.99,1.544,105.079,33.175,418.361,33.175,6.75,272.0,38.70,139.3,6.90,4.15,11.05
1833,2912.55,1.552,103.814,33.279,417.468,33.279,6.67,263.9,38.87,139.9,7.10,3.95,11.05
1834,2914.10,1.559,102.548,33.381,416.564,33.381,6.55,254.2,39.07,140.6,7.30,3.80,11.10
1835,2915.67,1.566,101.282,33.482,415.647,33.482,6.48,245.4,39.23,141.2,7.50,3.65,11.15
1836,2917.25,1.574,100.016,33.582,414.718,33.582,6.39,237.2,39.43,142.0,7.65,3.45,11.10
1837,2918.83,1.581,98.751,33.683,413.776,33.683,6.36,232.0,39.59,142.5,7.85,3.30,11.15
1838,2920.41,1.588,97.486,33.783,412.821,33.783,6.31,229.0,39.78,143.2,8.05,3.15,11.20
1839,2922.01,1.596,96.223,33.883,411.851,33.883,6.32,230.0,39.96,143.9,8.25,3.00,11.25
1840,2923.61,1.602,94.962,33.984,410.869,33.984,6.30,231.8,40.14,144.5,8.45,2.80,11.25
1841,2925.22,1.609,93.702,34.085,409.874,34.085,6.30,233.0,40.29,145.1,8.65,2.65,11.30
1842,2926.84,1.615,92.444,34.186,408.866,34.186,6.26,231.4,40.44,145.6,8.85,2.50,11.35
1843,2928.46,1.620,91.189,34.285,407.846,34.285,6.13,226.8,40.56,146.0,9.05,2.35,11.40
1844,2930.08,1.625,89.936,34.382,406.816,34.382,5.98,220.4,40.70,146.5,9.25,2.20,11.45
1845,2931.71,1.632,88.685,34.480,405.772,34.480,6.00,216.8,40.88,147.2,9.40,2.05,11.45
1846,2933.35,1.638,87.439,34.582,404.714,34.582,6.24,218.7,41.02,147.7,9.60,1.90,11.50
1847,2935.00,1.644,86.199,34.690,403.641,34.690,6.59,228.2,41.15,148.1,9.75,1.80,11.55
1848,2936.64,1.648,84.964,34.804,402.554,34.804,6.96,245.7,41.26,148.5,9.90,1.65,11.55
1849,2938.30,1.653,83.734,34.922,401.458,34.922,7.12,266.6,41.37,148.9,10.05,1.55,11.60
1850,2939.95,1.657,82.506,35.040,400.352,35.040,7.16,288.6,41.46,149.3,10.15,1.45,11.60
1851,2941.62,1.661,81.280,35.159,399.236,35.159,7.16,306.1,41.59,149.7,10.25,1.40,11.65
1852,2943.28,1.666,80.057,35.278,398.111,35.278,7.19,313.4,41.71,150.2,10.30,1.40,11.70
1853,2944.95,1.670,78.836,35.397,396.978,35.397,7.15,308.9,41.77,150.4,10.40,1.40,11.80
1854,2946.46,1.506,77.740,35.502,395.951,35.502,6.96,299.8,41.86,150.7,10.40,1.40,11.80
1855,2947.97,1.509,76.646,35.605,394.917,35.605,6.86,285.0,41.96,151.1,10.45,1.40,11.85
1856,2949.48,1.512,75.554,35.707,393.875,35.707,6.76,266.8,42.04,151.3,10.45,1.45,11.90
1857,2950.99,1.515,74.467,35.808,392.825,35.808,6.68,251.0,42.10,151.6,10.45,1.50,11.95
1858,2952.51,1.517,73.384,35.908,391.768,35.908,6.57,237.6,42.18,151.8,10.40,1.55,11.95
1859,2954.03,1.520,72.306,36.007,390.701,36.007,6.56,227.3,42.25,152.1,10.40,1.60,12.00
1860,2955.55,1.523,71.234,36.107,389.624,36.107,6.60,221.6,42.34,152.4,10.35,1.65,12.00
1861,2957.08,1.525,70.169,36.209,388.537,36.209,6.71,219.6,42.38,152.6,10.30,1.70,12.00
1862,2958.61,1.525,69.110,36.312,387.443,36.312,6.75,215.0,42.37,152.5,10.25,1.80,12.05
1863,2960.13,1.528,68.057,36.412,386.341,36.412,6.57,208.4,42.48,152.9,10.15,1.90,12.05
1864,2961.66,1.531,67.010,36.511,385.229,36.511,6.49,199.3,42.57,153.2,10.10,1.95,12.05
1865,2963.20,1.535,65.968,36.609,384.106,36.609,6.40,189.8,42.67,153.6,10.00,2.05,12.05
1866,2964.74,1.539,64.932,36.708,382.973,36.708,6.39,181.6,42.81,154.1,9.90,2.15,12.05
1867,2966.28,1.545,63.903,36.807,381.825,36.807,6.46,178.4,42.99,154.8,9.80,2.30,12.10
1868,2967.83,1.550,62.881,36.909,380.663,36.909,6.59,179.5,43.14,155.3,9.65,2.40,12.05
1869,2969.39,1.555,61.868,37.013,379.488,37.013,6.71,186.0,43.24,155.7,9.55,2.55,12.10
1870,2970.95,1.560,60.862,37.117,378.300,37.117,6.69,195.3,43.38,156.2,9.40,2.70,12.10
1871,2972.51,1.564,59.862,37.221,377.102,37.221,6.67,206.1,43.50,156.6,9.30,2.85,12.15
1872,2974.08,1.570,58.868,37.325,375.892,37.325,6.62,216.3,43.67,157.2,9.15,3.00,12.15
1873,2975.66,1.575,57.878,37.429,374.671,37.429,6.61,226.0,43.81,157.7,9.00,3.20,12.20
1874,2977.24,1.580,56.894,37.533,373.439,37.533,6.56,234.6,43.96,158.3,8.85,2.90,11.75
1875,2978.82,1.586,55.915,37.637,372.196,37.637,6.57,245.6,44.14,158.9,8.65,2.70,11.35
1876,2980.41,1.591,54.941,37.742,370.942,37.742,6.63,260.7,44.27,159.4,8.50,2.90,11.40
1877,2982.01,1.597,53.972,37.848,369.677,37.848,6.66,281.5,44.43,159.9,8.35,3.10,11.45
1878,2983.61,1.602,53.007,37.955,368.402,37.955,6.68,307.2,44.56,160.4,8.15,3.30,11.45
1879,2985.22,1.608,52.046,38.061,367.118,38.061,6.60,337.3,44.72,161.0,8.00,3.50,11.50
1880,2986.83,1.612,51.087,38.165,365.826,38.165,6.52,368.6,44.84,161.4,7.80,3.70,11.50
1881,2988.45,1.618,50.131,38.269,364.526,38.269,6.39,396.6,45.01,162.0,7.60,3.90,11.50
1882,2990.08,1.624,49.176,38.371,363.217,38.371,6.33,416.4,45.17,162.6,7.40,4.10,11.50
1883,2991.70,1.630,48.223,38.473,361.899,38.473,6.27,425.8,45.34,163.2,7.20,4.35,11.55
1884,2993.34,1.635,47.271,38.574,360.573,38.574,6.16,422.0,45.48,163.7,7.00,4.55,11.55
1885,2994.98,1.640,46.321,38.673,359.240,38.673,6.05,411.9,45.60,164.2,6.80,4.80,11.60
1886,2996.62,1.645,45.373,38.770,357.900,38.770,5.93,401.2,45.79,164.8,6.60,5.00,11.60
1887,2998.28,1.651,44.427,38.869,356.550,38.869,5.99,395.9,45.96,165.4,6.40,5.20,11.60
1888,2999.93,1.658,43.484,38.970,355.190,38.970,6.12,399.2,46.14,166.1,6.20,5.40,11.60
1889,3001.60,1.664,42.544,39.074,353.821,39.074,6.27,413.6,46.28,166.6,6.05,5.65,11.70
1890,3003.27,1.668,41.608,39.179,352.444,39.179,6.29,428.6,46.39,167.0,5.85,5.85,11.70
1891,3004.94,1.673,40.673,39.282,351.060,39.282,6.19,442.6,46.54,167.5,5.65,6.05,11.70
1892,3006.62,1.678,39.740,39.384,349.669,39.384,6.07,448.7,46.67,168.0,5.50,6.20,11.70
1893,3008.30,1.684,38.809,39.484,348.270,39.484,5.97,443.4,46.84,168.6,5.30,6.05,11.35
1894,3009.99,1.689,37.880,39.584,346.863,39.584,5.91,426.5,46.99,169.2,5.15,6.25,11.40
1895,3011.50,1.507,37.056,39.672,345.605,39.672,5.85,420.5,47.15,169.7,5.00,6.40,11.40
1896,3013.01,1.510,36.234,39.760,344.341,39.760,5.85,420.3,47.24,170.1,4.85,6.55,11.40
1897,3014.52,1.515,35.414,39.848,343.070,39.848,5.83,429.8,47.40,170.6,4.70,6.70,11.40
1898,3016.04,1.520,34.597,39.938,341.792,39.938,5.91,451.2,47.56,171.2,4.55,6.85,11.40
1899,3017.57,1.524,33.782,40.029,340.507,40.029,5.96,488.4,47.69,171.7,4.40,7.00,11.40
1900,3019.09,1.527,32.969,40.118,339.218,40.118,5.89,520.3,47.76,171.9,4.25,7.15,11.40
1901,3020.62,1.531,32.158,40.206,337.922,40.206,5.72,546.0,47.89,172.4,4.15,7.30,11.45
1902,3022.16,1.535,31.348,40.291,336.622,40.291,5.57,555.5,48.01,172.8,4.00,7.40,11.40
1903,3023.70,1.539,30.539,40.375,335.316,40.375,5.44,550.4,48.15,173.3,3.90,7.55,11.45
1904,3025.24,1.543,29.731,40.457,334.004,40.457,5.33,532.9,48.29,173.9,3.75,7.70,11.45
1905,3026.79,1.548,28.924,40.539,332.685,40.539,5.31,520.8,48.42,174.3,3.65,7.80,11.45
1906,3028.34,1.553,28.119,40.622,331.360,40.622,5.33,516.4,48.60,175.0,3.55,7.90,11.45
1907,3029.90,1.558,27.317,40.706,330.027,40.706,5.42,523.3,48.74,175.5,3.45,8.05,11.50
1908,3031.46,1.562,26.516,40.791,328.689,40.791,5.45,539.5,48.86,175.9,3.35,8.15,11.50
1909,3033.03,1.565,25.717,40.876,327.346,40.876,5.45,561.5,48.96,176.3,3.25,8.25,11.50
1910,3034.60,1.569,24.920,40.960,325.997,40.960,5.38,582.8,49.09,176.7,3.15,8.35,11.50
1911,3036.17,1.573,24.125,41.044,324.642,41.044,5.35,601.5,49.23,177.2,3.05,8.45,11.50
1912,3037.75,1.578,23.330,41.128,323.281,41.128,5.33,619.9,49.36,177.7,3.00,8.55,11.55
1913,3039.33,1.582,22.537,41.212,321.915,41.212,5.27,629.7,49.50,178.2,2.90,8.60,11.50
1914,3040.92,1.586,21.746,41.294,320.543,41.294,5.24,640.0,49.60,178.6,2.80,8.70,11.50
1915,3042.50,1.590,20.956,41.376,319.166,41.376,5.16,645.6,49.74,179.1,2.75,8.80,11.55
1916,3044.10,1.594,20.167,41.458,317.783,41.458,5.10,642.8,49.88,179.6,2.70,8.85,11.55
1917,3045.70,1.598,19.379,41.537,316.395,41.537,5.01,627.0,49.99,180.0,2.60,8.95,11.55
1918,3047.30,1.601,18.593,41.616,315.002,41.616,4.88,605.6,50.08,180.3,2.55,9.00,11.55
1919,3048.90,1.606,17.809,41.692,313.603,41.692,4.74,574.3,50.26,180.9,2.50,9.05,11.55
1920,3050.51,1.610,17.026,41.767,312.198,41.767,4.70,545.0,50.37,181.3,2.45,9.10,11.55
1921,3052.13,1.614,16.245,41.843,310.787,41.843,4.68,521.1,50.49,181.8,2.40,9.15,11.55
1922,3053.75,1.619,15.467,41.918,309.369,41.918,4.64,505.1,50.67,182.4,2.35,9.20,11.55
1923,3055.37,1.623,14.692,41.994,307.945,41.994,4.69,498.0,50.76,182.7,2.30,9.25,11.55
1924,3057.00,1.628,13.919,42.070,306.515,42.070,4.66,499.4,50.92,183.3,2.30,9.30,11.60
1925,3058.63,1.631,13.150,42.146,305.079,42.146,4.67,506.3,51.01,183.6,2.25,9.35,11.60
1926,3060.26,1.635,12.383,42.221,303.637,42.221,4.63,519.6,51.16,184.2,2.25,9.35,11.60
1927,3061.90,1.639,11.619,42.296,302.189,42.296,4.59,535.6,51.27,184.6,2.20,9.35,11.55
1928,3063.55,1.643,10.858,42.371,300.735,42.371,4.53,548.0,51.39,185.0,2.20,9.40,11.60
1929,3065.19,1.647,10.099,42.444,299.275,42.444,4.48,555.7,51.50,185.4,2.20,9.40,11.60
1930,3066.84,1.651,9.343,42.516,297.810,42.516,4.37,553.7,51.65,185.9,2.20,9.40,11.60
1931,3068.50,1.655,8.589,42.587,296.339,42.587,4.28,540.6,51.76,186.3,2.20,9.40,11.60
1932,3070.16,1.658,7.837,42.656,294.862,42.656,4.16,519.6,51.87,186.7,2.20,9.40,11.60
1933,3071.82,1.663,7.088,42.724,293.380,42.724,4.11,503.1,52.02,187.3,2.20,9.40,11.60
1934,3073.49,1.667,6.342,42.793,291.890,42.793,4.12,494.3,52.18,187.9,2.25,9.35,11.60
1935,3075.16,1.672,5.600,42.862,290.394,42.862,4.15,497.3,52.30,188.3,2.25,9.35,11.60
1936,3076.83,1.676,4.861,42.932,288.891,42.932,4.19,511.2,52.43,188.7,2.30,9.30,11.60
1937,3078.51,1.680,4.126,43.003,287.382,43.003,4.23,537.0,52.55,189.2,1.35,9.25,10.60
1938,3080.20,1.684,3.394,43.074,285.867,43.074,4.19,566.2,52.67,189.6,1.35,9.20,10.55
1939,3081.88,1.686,2.665,43.143,284.348,43.143,4.10,593.8,52.72,189.8,1.40,9.15,10.55
1940,3083.57,1.690,1.938,43.210,282.824,43.210,3.97,617.5,52.89,190.4,1.45,9.10,10.55
1941,3085.27,1.695,1.214,43.277,281.293,43.277,3.97,640.7,53.05,191.0,1.50,9.05,10.55
1942,3086.97,1.700,0.492,43.345,279.756,43.345,3.98,660.2,53.17,191.4,1.60,9.00,10.60
1943,3088.67,1.703,-0.228,43.412,278.213,43.412,3.97,687.2,53.28,191.8,1.65,8.90,10.55
1944,3090.38,1.707,-0.945,43.479,276.666,43.479,3.94,730.6,53.41,192.3,1.70,8.85,10.55
1945,3092.09,1.712,-1.661,43.547,275.112,43.547,3.92,793.7,53.55,192.8,1.80,8.75,10.55
1946,3093.81,1.716,-2.375,43.614,273.554,43.614,3.94,885.4,53.66,193.2,1.85,8.65,10.50
1947,3095.31,1.504,-2.999,43.673,272.186,43.673,3.90,1023.0,53.79,193.7,1.95,8.60,10.55
1948,3096.82,1.508,-3.623,43.732,270.814,43.732,3.92,1216.5,53.88,194.0,2.00,8.55,10.55
1949,3098.33,1.510,-4.246,43.790,269.440,43.790,3.86,1469.0,53.98,194.3,2.10,8.45,10.55
1950,3099.84,1.514,-4.869,43.848,268.062,43.848,3.84,1822.6,54.10,194.8,2.15,8.40,10.55
1951,3101.36,1.516,-5.492,43.906,266.681,43.906,3.81,2000.0,54.21,195.2,2.25,8.30,10.55
1952,3102.88,1.520,-6.116,43.964,265.296,43.964,3.81,2000.0,54.33,195.6,2.35,8.25,10.60
1953,3104.40,1.523,-6.740,44.022,263.908,44.022,3.85,2000.0,54.44,196.0,2.40,8.20,10.60
1954,3105.93,1.526,-7.365,44.081,262.517,44.081,3.88,2000.0,54.55,196.4,2.50,8.10,10.60
1955,3107.46,1.529,-7.991,44.140,261.123,44.140,3.84,2000.0,54.65,196.7,2.55,8.05,10.60
1956,3108.99,1.531,-8.617,44.198,259.727,44.198,3.78,2000.0,54.74,197.1,2.65,7.95,10.60
1957,3110.52,1.534,-9.245,44.255,258.328,44.255,3.73,2000.0,54.84,197.4,2.75,7.90,10.65
1958,3112.06,1.538,-9.875,44.311,256.926,44.311,3.68,2000.0,54.97,197.9,2.80,7.80,10.60
1959,3113.60,1.541,-10.505,44.368,255.521,44.368,3.68,2000.0,55.07,198.2,2.90,7.75,10.65
1960,3115.15,1.543,-11.137,44.423,254.114,44.423,3.58,2000.0,55.19,198.7,3.00,7.65,10.65
1961,3116.69,1.546,-11.770,44.478,252.705,44.478,3.54,2000.0,55.24,198.9,3.05,7.60,10.65
1962,3118.24,1.549,-12.404,44.531,251.293,44.531,3.44,2000.0,55.39,199.4,3.15,7.50,10.65
1963,3119.79,1.553,-13.040,44.585,249.877,44.585,3.44,2000.0,55.49,199.8,3.20,7.45,10.65
1964,3121.35,1.556,-13.678,44.638,248.459,44.638,3.44,2000.0,55.61,200.2,3.30,12.25,15.55
1965,3122.91,1.559,-14.316,44.692,247.038,44.692,3.44,2000.0,55.73,200.6,3.40,12.15,15.55
1966,3124.47,1.562,-14.956,44.746,245.614,44.746,3.43,2000.0,55.83,201.0,3.45,12.05,15.50
1967,3126.04,1.564,-15.597,44.799,244.188,44.799,3.41,2000.0,55.90,201.2,3.55,12.00,15.55
1968,3127.60,1.567,-16.239,44.851,242.759,44.851,3.34,2000.0,56.02,201.7,3.65,11.90,15.55
1969,3129.17,1.570,-16.882,44.904,241.328,44.904,3.36,2000.0,56.13,202.1,3.70,11.80,15.50
1970,3130.75,1.574,-17.527,44.957,239.893,44.957,3.35,2000.0,56.25,202.5,3.80,11.70,15.50
1971,3132.32,1.576,-18.172,45.009,238.456,45.009,3.33,2000.0,56.33,202.8,3.90,11.60,15.50
1972,3133.90,1.579,-18.819,45.061,237.017,45.061,3.31,2000.0,56.44,203.2,3.95,11.50,15.45
1973,3135.48,1.582,-19.467,45.113,235.574,45.113,3.28,2000.0,56.54,203.5,4.05,11.40,15.45
1974,3137.07,1.585,-20.116,45.165,234.130,45.165,3.26,2000.0,56.65,203.9,4.15,11.35,15.50
1975,3138.66,1.588,-20.766,45.217,232.682,45.217,3.26,2000.0,56.74,204.3,4.20,11.25,15.45
1976,3140.25,1.590,-21.417,45.268,231.232,45.268,3.22,2000.0,56.86,204.7,4.30,11.15,15.45
1977,3141.84,1.593,-22.069,45.319,229.779,45.319,3.23,2000.0,56.94,205.0,4.40,11.05,15.45
1978,3143.44,1.596,-22.723,45.371,228.324,45.371,3.22,2000.0,57.05,205.4,4.50,10.95,15.45
1979,3145.03,1.599,-23.378,45.422,226.865,45.422,3.21,2000.0,57.15,205.8,4.55,10.45,15.00
1980,3146.64,1.601,-24.034,45.473,225.405,45.473,3.16,2000.0,57.25,206.1,4.80,8.55,13.35
1981,3148.24,1.604,-24.691,45.523,223.943,45.523,3.14,2000.0,57.32,206.4,5.20,6.05,11.25
1982,3149.85,1.607,-25.350,45.572,222.478,45.572,3.08,2000.0,57.45,206.8,5.50,6.00,11.50
1983,3151.46,1.610,-26.011,45.622,221.011,45.622,3.09,2000.0,57.53,207.1,5.65,5.90,11.55
1984,3153.07,1.613,-26.674,45.671,219.541,45.671,3.05,2000.0,57.64,207.5,5.70,5.85,11.55
1985,3154.69,1.616,-27.338,45.720,218.069,45.720,3.04,2000.0,57.74,207.9,5.80,5.75,11.55
1986,3156.30,1.618,-28.004,45.769,216.595,45.769,3.01,2000.0,57.84,208.2,5.90,5.65,11.55
1987,3157.93,1.621,-28.672,45.818,215.119,45.818,3.02,2000.0,57.92,208.5,5.95,5.60,11.55
1988,3159.55,1.624,-29.342,45.866,213.641,45.866,2.99,2000.0,58.05,209.0,6.05,5.50,11.55
1989,3161.18,1.626,-30.014,45.916,212.161,45.916,3.03,2000.0,58.11,209.2,6.10,5.45,11.55
1990,3162.80,1.629,-30.689,45.965,210.679,45.965,3.04,1921.0,58.22,209.6,6.20,5.35,11.55
1991,3164.44,1.632,-31.366,46.015,209.195,46.015,3.07,1856.3,58.33,210.0,6.25,5.30,11.55
1992,3166.07,1.634,-32.046,46.066,207.710,46.066,3.10,1824.9,58.41,210.3,6.35,5.25,11.60
1993,3167.71,1.637,-32.728,46.116,206.222,46.116,3.09,1819.1,58.51,210.6,6.40,5.15,11.55
1994,3169.35,1.639,-33.413,46.167,204.733,46.167,3.09,1836.4,58.58,210.9,6.50,5.10,11.60
1995,3170.99,1.642,-34.100,46.217,203.243,46.217,3.04,1859.0,58.69,211.3,6.55,5.00,11.55
1996,3172.63,1.644,-34.789,46.267,201.751,46.267,3.04,1888.6,58.76,211.5,6.65,4.95,11.60
1997,3174.28,1.647,-35.481,46.317,200.257,46.317,3.01,1915.5,58.85,211.9,6.70,4.85,11.55
1998,3175.93,1.650,-36.175,46.365,198.761,46.365,2.96,1937.4,58.96,212.2,6.75,4.80,11.55
1999,3177.58,1.652,-36.871,46.414,197.264,46.414,2.93,1953.2,59.01,212.4,6.85,4.75,11.60
2000,3179.24,1.654,-37.569,46.461,195.766,46.461,2.85,1968.6,59.13,212.9,6.90,4.65,11.55
2001,3180.89,1.657,-38.270,46.508,194.265,46.508,2.84,1994.8,59.23,213.2,6.95,4.60,11.55
2002,3182.55,1.660,-38.974,46.555,192.763,46.555,2.83,2000.0,59.31,213.5,7.05,4.55,11.60
2003,3184.22,1.662,-39.680,46.601,191.258,46.601,2.82,2000.0,59.40,213.9,7.10,4.50,11.60
2004,3185.88,1.665,-40.388,46.648,189.752,46.648,2.82,2000.0,59.49,214.2,7.15,4.40,11.55
2005,3187.55,1.667,-41.098,46.696,188.244,46.696,2.84,2000.0,59.59,214.5,7.20,4.35,11.55
2006,3189.22,1.670,-41.811,46.744,186.735,46.744,2.88,2000.0,59.69,214.9,7.25,4.30,11.55
2007,3190.89,1.673,-42.525,46.792,185.223,46.792,2.90,2000.0,59.78,215.2,7.30,4.25,11.55
2008,3192.57,1.675,-43.242,46.840,183.710,46.840,2.89,2000.0,59.84,215.4,7.35,4.15,11.50
2009,3194.24,1.677,-43.959,46.888,182.195,46.888,2.81,2000.0,59.92,215.7,7.45,4.10,11.55
2010,3195.92,1.679,-44.679,46.934,180.679,46.934,2.77,2000.0,60.00,216.0,7.50,4.00,11.50
2011,3197.60,1.682,-45.399,46.981,179.160,46.981,2.77,2000.0,60.12,216.4,7.55,3.95,11.50
2012,3199.29,1.685,-46.121,47.028,177.638,47.028,2.82,2000.0,60.21,216.8,7.60,3.85,11.45
2013,3200.98,1.688,-46.844,47.077,176.114,47.077,2.85,2000.0,60.30,217.1,7.65,3.80,11.45
2014,3202.67,1.689,-47.568,47.125,174.589,47.125,2.85,2000.0,60.37,217.3,7.70,3.70,11.40
2015,3204.36,1.692,-48.293,47.172,173.060,47.172,2.82,2000.0,60.47,217.7,7.75,3.65,11.40
2016,3206.05,1.694,-49.018,47.220,171.530,47.220,2.80,2000.0,60.53,217.9,7.80,3.55,11.35
2017,3207.75,1.696,-49.744,47.266,169.997,47.266,2.72,2000.0,60.62,218.2,7.85,3.50,11.35
2018,3209.45,1.698,-50.470,47.311,168.463,47.311,2.65,2000.0,60.68,218.4,7.90,3.40,11.30
2019,3211.15,1.700,-51.196,47.355,166.926,47.355,2.56,2000.0,60.79,218.9,8.00,3.35,11.35
2020,3212.85,1.703,-51.923,47.398,165.386,47.398,2.56,2000.0,60.86,219.1,8.05,3.25,11.30
2021,3214.56,1.706,-52.650,47.442,163.844,47.442,2.55,2000.0,60.95,219.4,8.10,3.20,11.30
2022,3216.26,1.708,-53.377,47.485,162.298,47.485,2.56,2000.0,61.07,219.8,8.15,3.15,11.30
2023,3217.97,1.711,-54.104,47.530,160.750,47.530,2.60,2000.0,61.13,220.1,8.20,3.05,11.25
2024,3219.69,1.713,-54.831,47.574,159.200,47.574,2.57,2000.0,61.21,220.3,8.30,3.00,11.30
2025,3221.40,1.714,-55.559,47.617,157.648,47.617,2.53,2000.0,61.26,220.5,8.35,2.95,11.30
2026,3223.12,1.717,-56.286,47.661,156.093,47.661,2.54,2000.0,61.39,221.0,8.40,2.85,11.25
2027,3224.84,1.720,-57.014,47.706,154.535,47.706,2.62,2000.0,61.47,221.3,8.50,2.80,11.30
2028,3226.56,1.722,-57.743,47.751,152.975,47.751,2.61,2000.0,61.51,221.4,8.55,2.75,11.30
2029,3228.28,1.723,-58.471,47.794,151.414,47.794,2.53,2000.0,61.56,221.6,8.60,2.65,11.25
2030,3230.01,1.723,-59.199,47.838,149.853,47.838,2.54,2000.0,61.49,221.4,8.70,2.60,11.30
2031,3231.73,1.719,-59.926,47.883,148.296,47.883,2.59,2000.0,61.35,220.8,8.75,2.50,11.25
2032,3233.44,1.716,-60.651,47.927,146.741,47.927,2.58,2000.0,61.23,220.4,8.10,2.45,10.55
2033,3235.16,1.712,-61.375,47.970,145.190,47.970,2.50,2000.0,61.07,219.9,8.20,2.40,10.60
2034,3236.86,1.708,-62.098,48.012,143.643,48.012,2.48,2000.0,60.97,219.5,8.25,2.30,10.55
2035,3238.57,1.707,-62.821,48.053,142.097,48.053,2.41,2000.0,60.97,219.5,8.30,2.25,10.55
2036,3240.28,1.707,-63.545,48.091,140.552,48.091,2.25,2000.0,60.98,219.5,8.40,2.20,10.60
2037,3241.99,1.708,-64.270,48.128,139.006,48.128,2.15,1759.8,60.97,219.5,8.45,2.10,10.55
2038,3243.69,1.705,-64.996,48.165,137.464,48.165,2.17,1573.5,60.84,219.0,8.50,2.05,10.55
2039,3245.39,1.701,-65.722,48.204,135.926,48.204,2.28,1480.0,60.71,218.5,8.55,2.00,10.55
2040,3247.09,1.697,-66.449,48.244,134.392,48.244,2.38,1457.4,60.54,217.9,8.60,1.95,10.55
2041,3248.78,1.693,-67.176,48.286,132.863,48.286,2.46,1494.0,60.46,217.6,8.65,1.90,10.55
2042,3250.48,1.693,-67.904,48.326,131.336,48.326,2.39,1556.2,60.47,217.7,8.70,1.85,10.55
2043,3252.17,1.693,-68.634,48.364,129.808,48.364,2.27,1615.0,60.47,217.7,8.75,1.80,10.55
2044,3253.86,1.691,-69.365,48.401,128.283,48.401,2.17,1688.7,60.34,217.2,8.80,1.75,10.55
2045,3255.55,1.686,-70.095,48.436,126.764,48.436,2.08,1753.2,60.09,216.3,8.85,2.80,11.65
2046,3257.22,1.677,-70.823,48.471,125.254,48.471,2.05,1828.3,59.74,215.1,8.90,1.65,10.55
2047,3258.89,1.667,-71.547,48.505,123.753,48.505,2.05,1923.8,59.36,213.7,8.95,1.60,10.55
2048,3260.55,1.655,-72.268,48.539,122.264,48.539,2.08,2000.0,58.94,212.2,9.00,1.55,10.55
2049,3262.19,1.644,-72.985,48.573,120.785,48.573,2.07,2000.0,58.53,210.7,9.05,1.50,10.55
2050,3263.82,1.631,-73.697,48.608,119.318,48.608,2.13,2000.0,58.04,208.9,9.05,1.45,10.50
2051,3265.44,1.619,-74.406,48.643,117.863,48.643,2.15,2000.0,57.64,207.5,9.10,1.40,10.50
2052,3267.05,1.608,-75.110,48.677,116.418,48.677,2.13,2000.0,57.27,206.2,9.15,1.40,10.55
2053,3268.64,1.597,-75.810,48.710,114.982,48.710,2.07,2000.0,56.93,205.0,9.15,1.35,10.50
2054,3270.23,1.589,-76.507,48.740,113.555,48.740,1.90,2000.0,56.58,203.7,9.20,1.30,10.50
2055,3271.81,1.579,-77.201,48.768,112.136,48.768,1.76,2000.0,56.28,202.6,9.25,1.25,10.50
2056,3273.38,1.570,-77.891,48.793,110.726,48.793,1.59,2000.0,55.94,201.4,9.25,1.20,10.45
2057,3274.94,1.560,-78.577,48.816,109.325,48.816,1.47,2000.0,55.52,199.9,9.30,1.20,10.50
2058,3276.49,1.549,-79.259,48.838,107.935,48.838,1.46,1827.9,55.17,198.6,9.35,1.15,10.50
2059,3278.03,1.537,-79.937,48.861,106.555,48.861,1.45,1543.2,54.72,197.0,9.35,1.10,10.45
2060,3279.55,1.525,-80.611,48.884,105.187,48.884,1.51,1354.5,54.23,195.2,9.40,1.05,10.45
2061,3281.06,1.511,-81.280,48.909,103.833,48.909,1.67,1241.1,53.79,193.6,9.40,1.05,10.45
2062,3282.78,1.712,-82.041,48.940,102.300,48.940,1.83,1138.2,53.24,191.7,9.45,1.00,10.45
2063,3284.47,1.695,-82.797,48.974,100.783,48.974,2.00,1076.1,52.76,189.9,9.45,0.95,10.40
2064,3286.15,1.680,-83.548,49.008,99.281,49.008,2.04,1026.9,52.31,188.3,9.50,0.95,10.45
2065,3287.82,1.665,-84.295,49.042,97.793,49.042,2.05,985.7,51.82,186.6,9.50,0.95,10.45
2066,3289.47,1.651,-85.038,49.076,96.319,49.076,2.01,947.2,51.41,185.1,9.50,0.90,10.40
2067,3291.11,1.637,-85.778,49.107,94.859,49.107,1.93,927.1,50.96,183.5,9.50,0.90,10.40
2068,3292.73,1.623,-86.514,49.138,93.413,49.138,1.87,899.8,50.54,181.9,9.55,0.90,10.45
2069,3294.34,1.608,-87.245,49.167,91.981,49.167,1.83,872.5,50.02,180.1,9.55,0.90,10.45
2070,3295.93,1.592,-87.972,49.197,90.565,49.197,1.87,847.6,49.57,178.5,9.55,0.90,10.45
2071,3297.51,1.578,-88.695,49.226,89.162,49.226,1.85,819.2,49.13,176.9,9.55,0.90,10.45
2072,3299.07,1.565,-89.414,49.253,87.773,49.253,1.76,767.9,48.62,175.0,9.55,0.90,10.45
2073,3300.62,1.547,-90.127,49.284,86.401,49.284,1.99,719.5,48.16,173.4,9.55,0.90,10.45
2074,3302.15,1.532,-90.837,49.317,85.043,49.317,2.16,674.3,47.68,171.7,9.50,0.90,10.40
2075,3303.67,1.519,-91.543,49.351,83.699,49.351,2.22,626.9,47.29,170.2,9.50,0.90,10.40
2076,3305.17,1.503,-92.245,49.384,82.370,49.384,2.18,585.3,46.58,167.7,9.50,0.95,10.45
2077,3306.84,1.667,-93.028,49.427,80.900,49.427,2.60,553.4,46.12,166.0,9.45,0.95,10.40
2078,3308.49,1.652,-93.809,49.471,79.444,49.471,2.65,523.0,45.72,164.6,9.45,1.00,10.45
2079,3310.13,1.637,-94.587,49.510,78.005,49.510,2.41,490.4,45.24,162.9,9.40,1.05,10.45
2080,3311.75,1.621,-95.362,49.547,76.582,49.547,2.25,459.3,44.83,161.4,9.35,1.10,10.45
2081,3313.35,1.605,-96.134,49.580,75.176,49.580,2.09,424.7,44.36,159.7,9.35,1.15,10.50
2082,3314.94,1.588,-96.903,49.612,73.787,49.612,1.99,396.4,43.88,158.0,9.30,1.20,10.50
2083,3316.51,1.570,-97.668,49.642,72.417,49.642,1.93,375.5,43.38,156.2,9.25,1.25,10.50
2084,3318.06,1.551,-98.430,49.672,71.066,49.672,1.93,364.6,42.84,154.2,9.20,1.30,10.50
2085,3319.59,1.533,-99.189,49.701,69.735,49.701,1.92,363.8,42.36,152.5,9.15,1.40,10.55
2086,3321.11,1.515,-99.945,49.730,68.424,49.730,1.89,377.8,41.85,150.7,9.05,1.45,10.50
2087,3322.77,1.664,-100.784,49.760,66.986,49.760,1.80,397.0,41.39,149.0,9.00,1.55,10.55
2088,3324.42,1.642,-101.617,49.788,65.571,49.788,1.72,424.9,40.80,146.9,8.90,1.65,10.55
2089,3326.03,1.619,-102.443,49.816,64.179,49.816,1.74,459.6,40.21,144.7,8.85,1.75,10.60
2090,3327.63,1.597,-103.263,49.844,62.809,49.844,1.71,505.3,39.67,142.8,8.75,1.85,10.60
2091,3329.21,1.575,-104.075,49.869,61.460,49.869,1.64,551.0,39.16,141.0,8.65,1.95,10.60
2092,3330.76,1.556,-104.881,49.892,60.130,49.892,1.47,596.3,38.66,139.2,8.50,2.10,10.60
2093,3332.30,1.534,-105.679,49.914,58.820,49.914,1.40,636.5,38.11,137.2,8.40,2.20,10.60
2094,3333.81,1.512,-106.469,49.935,57.531,49.935,1.40,660.3,37.53,135.1,8.30,2.30,10.60
2095,3335.44,1.636,-107.327,49.958,56.138,49.958,1.43,628.2,36.90,132.8,8.20,2.45,10.65
2096,3337.05,1.608,-108.173,49.981,54.770,49.981,1.43,549.4,36.26,130.5,8.05,2.55,10.60
2097,3338.63,1.581,-109.007,50.004,53.428,50.004,1.41,453.9,35.66,128.4,7.90,2.70,10.60
2098,3340.19,1.554,-109.831,50.025,52.110,50.025,1.38,361.3,35.05,126.2,7.80,2.85,10.65
2099,3341.72,1.528,-110.646,50.046,50.817,50.046,1.35,284.8,34.46,124.1,7.65,2.95,10.60
2100,3343.22,1.503,-111.453,50.065,49.550,50.065,1.28,230.7,33.89,122.0,7.55,3.10,10.65
2101,3344.83,1.611,-112.327,50.084,48.198,50.084,1.21,188.0,33.26,119.8,7.40,3.25,10.65
2102,3346.41,1.581,-113.196,50.103,46.877,50.103,1.17,157.0,32.66,117.6,7.25,3.40,10.65
2103,3347.96,1.553,-114.063,50.120,45.589,50.120,1.10,134.1,32.08,115.5,7.10,3.60,10.70
2104,3349.49,1.525,-114.929,50.135,44.333,50.135,1.02,117.3,31.52,113.5,6.90,3.80,10.70
2105,3351.11,1.623,-115.868,50.150,43.009,50.150,0.92,102.4,30.96,111.5,6.70,4.00,10.70
2106,3352.70,1.594,-116.810,50.163,41.724,50.163,0.79,90.7,30.39,109.4,6.50,4.25,10.75
2107,3354.27,1.565,-117.757,50.174,40.477,50.174,0.73,81.3,29.87,107.5,6.25,4.50,10.75
2108,3355.81,1.538,-118.710,50.185,39.270,50.185,0.69,73.8,29.35,105.7,6.00,4.75,10.75
2109,3357.32,1.512,-119.671,50.195,38.102,50.195,0.67,67.1,28.85,103.9,5.75,5.05,10.80
2110,3358.92,1.601,-120.717,50.206,36.890,50.206,0.69,61.1,28.39,102.2,5.45,5.45,10.90
2111,3360.50,1.578,-121.779,50.217,35.723,50.217,0.70,56.7,28.00,100.8,5.15,5.85,11.00
2112,3362.06,1.557,-122.858,50.227,34.601,50.227,0.66,53.1,27.65,99.5,4.85,6.30,11.15
2113,3363.60,1.541,-123.958,50.237,33.521,50.237,0.64,50.7,27.40,98.6,4.50,6.75,11.25
2114,3365.12,1.528,-125.083,50.248,32.488,50.248,0.73,49.4,27.20,97.9,4.15,7.25,11.40
2115,3366.64,1.518,-126.233,50.260,31.497,50.260,0.78,49.1,27.04,97.4,3.85,7.70,11.55
2116,3368.15,1.510,-127.406,50.270,30.545,50.270,0.68,49.2,26.90,96.9,4.60,8.15,12.75
2117,3369.66,1.503,-128.604,50.282,29.638,50.282,0.76,50.2,26.78,96.4,4.35,8.60,12.95
2118,3371.26,1.603,-129.913,50.293,28.713,50.293,0.72,51.2,26.66,96.0,4.10,9.10,13.20
2119,3372.86,1.596,-131.246,50.304,27.835,50.304,0.63,52.3,26.56,95.6,3.85,9.55,13.40
2120,3374.45,1.591,-132.601,50.311,27.002,50.311,0.48,53.6,26.48,95.3,3.60,9.95,13.55
2121,3376.03,1.586,-133.976,50.316,26.211,50.316,0.28,54.9,26.41,95.1,3.30,10.30,13.60
2122,3377.62,1.582,-135.369,50.316,25.461,50.316,0.05,55.4,26.34,94.8,3.10,10.65,13.75
2123,3379.19,1.579,-136.778,50.314,24.748,50.314,-0.17,55.6,26.29,94.6,2.85,10.90,13.75
2124,3380.77,1.575,-138.204,50.313,24.078,50.313,-0.02,55.4,26.23,94.4,2.60,11.10,13.70
2125,3382.34,1.572,-139.645,50.317,23.450,50.317,0.22,55.0,26.18,94.2,2.45,11.25,13.70
2126,3383.91,1.569,-141.100,50.323,22.863,50.323,0.43,54.9,26.14,94.1,2.25,11.35,13.60
2127,3385.48,1.566,-142.570,50.335,22.322,50.335,0.71,55.4,26.09,93.9,2.10,13.05,15.15
2128,3387.04,1.564,-144.052,50.350,21.823,50.350,0.99,56.8,26.05,93.8,1.95,13.10,15.05
2129,3388.60,1.562,-145.547,50.371,21.370,50.371,1.37,58.9,26.01,93.6,1.80,13.05,14.85
2130,3390.16,1.559,-147.051,50.398,20.959,50.398,1.67,61.8,25.97,93.5,1.70,13.00,14.70
2131,3391.72,1.558,-148.563,50.420,20.583,50.420,1.47,64.2,25.97,93.5,1.65,12.90,14.55
2132,3393.28,1.558,-150.083,50.442,20.243,50.442,1.36,65.9,25.95,93.4,1.65,12.80,14.45
2133,3394.84,1.557,-151.609,50.458,19.936,50.458,1.03,66.3,25.96,93.5,1.65,12.60,14.25
2134,3396.39,1.558,-153.143,50.472,19.665,50.472,0.89,66.3,25.96,93.4,1.75,12.40,14.15
2135,3397.95,1.558,-154.683,50.480,19.428,50.480,0.55,66.1,25.98,93.5,1.85,12.20,14.05
2136,3399.51,1.559,-156.229,50.488,19.227,50.488,0.49,66.6,25.99,93.6,2.05,11.85,13.90
2137,3401.07,1.560,-157.782,50.499,19.068,50.499,0.71,68.6,26.02,93.7,2.30,11.55,13.85
2138,3402.63,1.562,-159.339,50.516,18.949,50.516,1.09,72.7,26.05,93.8,2.60,11.25,13.85
2139,3404.20,1.565,-160.901,50.537,18.865,50.537,1.38,78.3,26.09,93.9,2.90,10.90,13.80
2140,3405.77,1.567,-162.467,50.560,18.807,50.560,1.43,84.1,26.16,94.2,3.10,10.55,13.65
2141,3407.34,1.571,-164.038,50.587,18.779,50.587,1.72,90.2,26.19,94.3,2.65,10.20,12.85
2142,3408.91,1.574,-165.611,50.617,18.778,50.617,1.96,95.1,26.25,94.5,3.10,9.85,12.95
2143,3410.49,1.576,-167.187,50.648,18.801,50.648,1.92,97.5,26.29,94.7,3.50,9.55,13.05
2144,3412.06,1.579,-168.765,50.676,18.847,50.676,1.78,98.2,26.35,94.9,3.95,9.25,13.20
2145,3413.65,1.583,-170.346,50.703,18.919,50.703,1.73,99.0,26.39,95.0,4.40,8.80,13.20
2146,3415.23,1.585,-171.928,50.732,19.018,50.732,1.79,100.3,26.44,95.2,4.85,8.45,13.30
2147,3416.82,1.588,-173.511,50.760,19.144,50.760,1.78,102.7,26.50,95.4,5.25,8.05,13.30
2148,3418.41,1.591,-175.094,50.788,19.296,50.788,1.78,106.0,26.54,95.6,5.65,7.65,13.30
2149,3420.01,1.595,-176.679,50.814,19.472,50.814,1.64,110.5,26.60,95.8,6.05,7.25,13.30
2150,3421.60,1.598,-178.264,50.838,19.670,50.838,1.51,115.4,26.66,96.0,6.40,6.90,13.30
2151,3423.21,1.601,-179.850,50.861,19.891,50.861,1.43,119.5,26.72,96.2,6.80,6.55,13.35
2152,3424.81,1.605,-181.436,50.884,20.132,50.884,1.43,121.4,26.77,96.4,7.10,6.20,13.30
2153,3426.31,1.501,-182.918,50.903,20.375,50.903,1.26,121.4,26.83,96.6,7.40,5.85,13.25
2154,3427.82,1.504,-184.399,50.919,20.634,50.919,1.05,118.9,26.88,96.8,7.70,5.55,13.25
2155,3429.32,1.507,-185.880,50.931,20.911,50.931,0.79,114.7,26.94,97.0,7.95,5.30,13.25
2156,3430.83,1.510,-187.361,50.941,21.208,50.941,0.68,109.6,26.98,97.1,8.20,5.00,13.20
2157,3432.35,1.513,-188.839,50.951,21.527,50.951,0.65,104.7,27.04,97.3,8.40,4.80,13.20
2158,3433.86,1.515,-190.316,50.960,21.869,50.960,0.57,100.3,27.08,97.5,8.60,4.55,13.15
2159,3435.38,1.518,-191.789,50.965,22.233,50.965,0.35,96.7,27.12,97.6,8.75,4.40,13.15
2160,3436.90,1.521,-193.259,50.965,22.620,50.965,0.01,93.7,27.18,97.8,8.90,4.20,13.10
2161,3438.42,1.523,-194.725,50.963,23.033,50.963,-0.12,91.6,27.22,98.0,9.05,4.05,13.10
2162,3439.95,1.525,-196.186,50.959,23.472,50.959,-0.31,89.9,27.26,98.1,9.15,3.95,13.10
2163,3441.48,1.528,-197.642,50.951,23.937,50.951,-0.51,88.9,27.31,98.3,9.25,3.85,13.10
2164,3443.01,1.531,-199.092,50.939,24.428,50.939,-0.77,88.7,27.36,98.5,9.30,3.80,13.10
2165,3444.54,1.533,-200.535,50.924,24.944,50.924,-1.00,89.3,27.41,98.7,9.30,3.80,13.10
2166,3446.08,1.537,-201.973,50.907,25.488,50.907,-1.11,91.2,27.47,98.9,9.30,3.80,13.10
2167,3447.62,1.540,-203.403,50.890,26.059,50.890,-1.08,95.2,27.54,99.1,9.30,3.80,13.10
2168,3449.16,1.544,-204.827,50.872,26.656,50.872,-1.15,100.9,27.62,99.4,9.25,3.90,13.15
2169,3450.71,1.550,-206.247,50.852,27.277,50.852,-1.29,108.2,27.72,99.8,9.15,3.95,13.10
2170,3452.27,1.556,-207.662,50.832,27.922,50.832,-1.30,118.2,27.84,100.2,9.05,4.05,13.10
2171,3453.83,1.565,-209.077,50.810,28.589,50.810,-1.38,129.3,28.03,100.9,8.95,4.20,13.15
2172,3455.41,1.577,-210.495,50.787,29.278,50.787,-1.51,142.0,28.26,101.8,8.80,4.35,13.15
2173,3457.00,1.589,-211.917,50.763,29.989,50.763,-1.46,158.2,28.48,102.5,8.65,4.50,13.15
2174,3458.60,1.602,-213.341,50.741,30.721,50.741,-1.40,179.5,28.71,103.4,8.50,4.70,13.20
2175,3460.21,1.614,-214.771,50.719,31.471,50.719,-1.38,206.2,28.94,104.2,8.30,4.90,13.20
2176,3461.72,1.510,-216.103,50.697,32.182,50.697,-1.46,242.1,29.14,104.9,8.10,5.10,13.20
2177,3463.25,1.522,-217.441,50.672,32.905,50.672,-1.60,287.3,29.37,105.7,7.90,5.30,13.20
2178,3464.78,1.534,-218.787,50.648,33.641,50.648,-1.61,342.7,29.61,106.6,7.70,5.55,13.25
2179,3466.32,1.546,-220.139,50.624,34.390,50.624,-1.52,412.7,29.83,107.4,7.50,5.75,13.25
2180,3467.88,1.558,-221.499,50.602,35.149,50.602,-1.47,498.4,30.07,108.2,7.30,6.00,13.30
2181,3469.45,1.570,-222.868,50.578,35.918,50.578,-1.48,610.5,30.33,109.2,7.05,6.25,13.30
2182,3471.04,1.585,-224.248,50.555,36.698,50.555,-1.48,782.5,30.62,110.2,6.80,6.50,13.30
2183,3472.64,1.600,-225.639,50.532,37.488,50.532,-1.40,1085.3,30.90,111.2,6.60,6.75,13.35
2184,3474.25,1.615,-227.041,50.511,38.288,50.511,-1.33,1755.1,31.18,112.2,6.35,7.00,13.35
2185,3475.76,1.504,-228.347,50.491,39.033,50.491,-1.31,2000.0,31.46,113.3,6.10,7.25,13.35
2186,3477.27,1.518,-229.664,50.473,39.786,50.473,-1.19,2000.0,31.74,114.3,5.85,7.50,13.35
2187,3478.80,1.530,-230.993,50.457,40.545,50.457,-1.02,2000.0,32.02,115.3,5.60,7.75,13.35
2188,3480.35,1.544,-232.335,50.444,41.310,50.444,-0.84,1446.2,32.28,116.2,5.35,8.00,13.35
2189,3481.91,1.556,-233.687,50.433,42.080,50.433,-0.71,1070.1,32.53,117.1,5.15,8.20,13.35
2190,3483.47,1.569,-235.053,50.423,42.853,50.423,-0.69,861.6,32.84,118.2,4.90,8.45,13.35
2191,3485.06,1.583,-236.431,50.413,43.631,50.413,-0.63,723.4,33.10,119.2,4.65,8.70,13.35
2192,3486.65,1.595,-237.823,50.401,44.411,50.401,-0.70,624.1,33.33,120.0,4.40,8.95,13.35
2193,3488.26,1.606,-239.225,50.386,45.194,50.386,-0.97,549.9,33.60,121.0,4.15,9.20,13.35
2194,3489.88,1.621,-240.643,50.369,45.980,50.369,-1.06,494.3,33.92,122.1,3.90,7.70,11.60
2195,3491.52,1.635,-242.076,50.352,46.767,50.352,-0.99,457.3,34.19,123.1,3.70,7.90,11.60
2196,3493.02,1.507,-243.399,50.339,47.488,50.339,-0.90,440.4,34.26,123.3,3.50,8.10,11.60
2197,3494.52,1.502,-244.721,50.327,48.202,50.327,-0.78,431.3,33.98,122.3,3.30,8.30,11.60
2198,3496.14,1.620,-246.149,50.315,48.966,50.315,-0.75,414.7,33.56,120.8,3.10,8.55,11.65
2199,3497.74,1.599,-247.561,50.304,49.716,50.304,-0.69,394.5,33.12,119.2,2.90,8.75,11.65
2200,3499.32,1.579,-248.959,50.293,50.451,50.293,-0.68,366.8,32.70,117.7,2.70,8.90,11.60
2201,3500.88,1.558,-250.340,50.282,51.171,50.282,-0.70,333.3,32.24,116.1,2.50,9.10,11.60
2202,3502.42,1.536,-251.706,50.271,51.875,50.271,-0.74,299.1,31.80,114.5,2.35,9.30,11.65
2203,3503.93,1.514,-253.054,50.260,52.562,50.260,-0.75,269.7,31.31,112.7,2.15,9.45,11.60
2204,3505.54,1.615,-254.498,50.249,53.286,50.249,-0.64,237.8,30.84,111.0,2.00,9.60,11.60
2205,3507.14,1.591,-255.925,50.239,53.990,50.239,-0.67,208.4,30.38,109.4,1.85,9.75,11.60
2206,3508.70,1.568,-257.335,50.226,54.674,50.226,-0.79,180.7,29.94,107.8,1.70,9.90,11.60
2207,3510.25,1.544,-258.730,50.211,55.337,50.211,-0.97,156.3,29.49,106.2,1.60,10.00,11.60
2208,3511.77,1.523,-260.110,50.193,55.979,50.193,-1.20,136.2,29.10,104.7,1.45,10.10,11.55
2209,3513.27,1.503,-261.480,50.174,56.598,50.174,-1.27,121.3,28.77,103.6,1.35,10.20,11.55
2210,3514.88,1.605,-262.952,50.152,57.238,50.152,-1.37,109.0,28.58,102.9,1.30,10.30,11.60
2211,3516.48,1.597,-264.425,50.127,57.852,50.127,-1.55,100.3,28.46,102.5,1.25,10.30,11.55
2212,3518.07,1.592,-265.905,50.100,58.438,50.100,-1.68,94.4,28.38,102.2,1.20,10.35,11.55
2213,3519.65,1.586,-267.388,50.069,58.998,50.069,-1.99,90.3,28.28,101.8,1.20,10.35,11.55
2214,3521.23,1.581,-268.877,50.035,59.528,50.035,-2.16,87.9,28.19,101.5,1.25,10.30,11.55
2215,3522.81,1.576,-270.370,49.995,60.031,49.995,-2.53,87.0,28.09,101.1,1.30,10.25,11.55
2216,3524.38,1.570,-271.866,49.953,60.504,49.953,-2.65,87.3,28.00,100.8,1.40,10.20,11.60
2217,3525.95,1.565,-273.367,49.910,60.948,49.910,-2.76,88.4,27.91,100.5,1.50,10.10,11.60
2218,3527.51,1.560,-274.870,49.866,61.363,49.866,-2.85,90.4,27.82,100.2,1.65,9.95,11.60
2219,3529.06,1.556,-276.376,49.819,61.751,49.819,-3.01,93.0,27.75,99.9,1.80,9.80,11.60
2220,3530.61,1.551,-277.883,49.767,62.114,49.767,-3.35,95.2,27.66,99.6,2.00,9.65,11.65
2221,3532.16,1.547,-279.392,49.711,62.452,49.711,-3.59,97.1,27.58,99.3,2.20,9.45,11.65
2222,3533.70,1.543,-280.901,49.653,62.766,49.653,-3.76,98.8,27.51,99.0,2.45,9.60,12.05
2223,3535.24,1.538,-282.411,49.594,63.054,49.594,-3.88,100.2,27.44,98.8,2.75,9.40,12.15
2224,3536.78,1.535,-283.921,49.531,63.320,49.531,-4.09,100.9,27.36,98.5,3.00,9.10,12.10
2225,3538.31,1.530,-285.431,49.467,63.562,49.467,-4.17,101.6,27.30,98.3,3.30,8.85,12.15
2226,3539.83,1.527,-286.940,49.402,63.781,49.402,-4.26,101.9,27.23,98.0,3.65,8.55,12.20
2227,3541.36,1.523,-288.449,49.335,63.978,49.335,-4.40,101.3,27.17,97.8,3.95,8.25,12.20
2228,3542.87,1.519,-289.956,49.267,64.152,49.267,-4.53,100.8,27.10,97.6,4.30,7.95,12.25
2229,3544.39,1.516,-291.463,49.196,64.304,49.196,-4.66,100.1,27.02,97.3,4.60,7.65,12.25
2230,3545.90,1.512,-292.967,49.126,64.432,49.126,-4.65,99.5,26.96,97.1,4.95,7.35,12.30
2231,3547.41,1.508,-294.470,49.057,64.536,49.057,-4.59,99.0,26.90,96.8,5.25,7.05,12.30
2232,3548.91,1.504,-295.970,48.990,64.616,48.990,-4.46,98.7,26.83,96.6,5.60,6.70,12.30
2233,3550.52,1.608,-297.575,48.919,64.675,48.919,-4.39,96.5,26.76,96.3,5.95,6.35,12.30
2234,3552.13,1.604,-299.177,48.848,64.708,48.848,-4.44,93.8,26.70,96.1,6.30,6.00,12.30
2235,3553.72,1.599,-300.775,48.776,64.715,48.776,-4.53,90.5,26.63,95.9,6.65,5.65,12.30
2236,3555.32,1.595,-302.368,48.703,64.694,48.703,-4.55,86.9,26.55,95.6,6.95,5.30,12.25
2237,3556.91,1.591,-303.957,48.631,64.644,48.631,-4.53,83.5,26.48,95.3,7.25,4.95,12.20
2238,3558.50,1.586,-305.539,48.561,64.563,48.561,-4.44,81.0,26.40,95.1,7.45,4.65,12.10
2239,3560.08,1.582,-307.116,48.491,64.451,48.491,-4.42,78.8,26.33,94.8,7.65,4.35,12.00
2240,3561.66,1.577,-308.685,48.421,64.308,48.421,-4.42,77.1,26.26,94.5,7.80,4.10,11.90
2241,3563.23,1.573,-310.247,48.351,64.134,48.351,-4.48,75.6,26.18,94.2,7.95,3.90,11.85
2242,3564.80,1.569,-311.801,48.280,63.929,48.280,-4.51,74.0,26.11,94.0,8.10,3.70,11.80
2243,3566.36,1.564,-313.345,48.211,63.691,48.211,-4.47,72.9,26.04,93.7,8.20,3.55,11.75
2244,3567.92,1.560,-314.880,48.140,63.422,48.140,-4.53,72.0,25.97,93.5,8.35,3.45,11.80
2245,3569.48,1.557,-316.406,48.069,63.119,48.069,-4.54,71.7,25.95,93.4,8.45,3.35,11.80
2246,3571.04,1.558,-317.925,48.000,62.782,48.000,-4.47,71.8,25.98,93.5,8.55,3.25,11.80
2247,3572.60,1.560,-319.439,47.931,62.410,47.931,-4.38,72.4,26.03,93.7,8.65,3.10,11.75
2248,3574.16,1.563,-320.947,47.863,62.005,47.863,-4.35,73.0,26.08,93.9,8.75,3.00,11.75
2249,3575.73,1.566,-322.449,47.796,61.567,47.796,-4.34,73.6,26.12,94.0,8.85,2.90,11.75
2250,3577.30,1.569,-323.945,47.725,61.098,47.725,-4.49,73.5,26.18,94.2,9.00,2.80,11.80
2251,3578.87,1.572,-325.432,47.656,60.596,47.656,-4.43,72.9,26.21,94.4,9.10,2.70,11.80
2252,3580.44,1.574,-326.911,47.587,60.060,47.587,-4.39,71.9,26.26,94.5,9.20,2.60,11.80
2253,3582.02,1.576,-328.380,47.517,59.493,47.517,-4.40,70.3,26.28,94.6,9.30,2.45,11.75
2254,3583.60,1.577,-329.837,47.446,58.894,47.446,-4.52,68.0,26.30,94.7,9.40,2.40,11.80
2255,3585.17,1.578,-331.281,47.375,58.260,47.375,-4.52,65.9,26.31,94.7,9.50,2.30,11.80
2256,3586.75,1.579,-332.709,47.304,57.591,47.304,-4.50,63.9,26.32,94.8,9.55,2.20,11.75
2257,3588.33,1.579,-334.121,47.233,56.888,47.233,-4.52,61.9,26.32,94.8,9.65,2.10,11.75
2258,3589.91,1.579,-335.515,47.161,56.149,47.161,-4.54,60.4,26.33,94.8,9.70,2.05,11.75
2259,3591.49,1.579,-336.888,47.090,55.371,47.090,-4.49,59.7,26.32,94.8,11.25,2.00,13.25
2260,3593.07,1.580,-338.240,47.019,54.557,47.019,-4.52,59.2,26.34,94.8,11.30,1.95,13.25
2261,3594.65,1.581,-339.569,46.948,53.705,46.948,-4.48,59.1,26.35,94.9,11.35,1.90,13.25
2262,3596.23,1.581,-340.876,46.876,52.817,46.876,-4.55,59.0,26.36,94.9,11.40,1.85,13.25
2263,3597.81,1.582,-342.160,46.802,51.895,46.802,-4.67,58.7,26.39,95.0,11.40,1.85,13.25
2264,3599.40,1.584,-343.420,46.726,50.939,46.726,-4.81,58.4,26.41,95.1,11.45,1.80,13.25
2265,3600.98,1.585,-344.656,46.648,49.950,46.648,-4.94,58.5,26.42,95.1,11.50,1.75,13.25
2266,3602.57,1.586,-345.864,46.569,48.925,46.569,-4.97,58.9,26.45,95.2,11.50,1.75,13.25
2267,3604.16,1.587,-347.042,46.495,47.864,46.495,-4.66,60.4,26.46,95.3,11.55,1.70,13.25
2268,3605.75,1.589,-348.190,46.424,46.768,46.424,-4.47,62.9,26.50,95.4,11.60,1.65,13.25
2269,3607.34,1.591,-349.312,46.351,45.643,46.351,-4.60,65.7,26.53,95.5,11.65,1.60,13.25
2270,3608.93,1.593,-350.411,46.273,44.492,46.273,-4.89,68.2,26.57,95.7,11.70,1.55,13.25
2271,3610.53,1.596,-351.484,46.194,43.314,46.194,-4.99,71.4,26.62,95.8,11.70,1.50,13.20
2272,3612.13,1.599,-352.532,46.112,42.109,46.112,-5.11,74.6,26.68,96.0,11.75,1.50,13.25
2273,3613.73,1.603,-353.557,46.031,40.879,46.031,-5.08,78.4,26.76,96.3,11.75,1.50,13.25
2274,3615.34,1.608,-354.558,45.951,39.623,45.951,-5.01,83.6,26.84,96.6,11.75,1.50,13.25
2275,3616.84,1.506,-355.475,45.876,38.431,45.876,-4.96,91.2,26.95,97.0,11.70,1.55,13.25
2276,3618.36,1.513,-356.376,45.802,37.218,45.802,-4.90,99.3,27.08,97.5,11.65,1.60,13.25
2277,3619.88,1.520,-357.265,45.730,35.987,45.730,-4.75,107.7,27.22,98.0,11.55,1.70,13.25
2278,3621.41,1.528,-358.141,45.659,34.737,45.659,-4.61,114.4,27.36,98.5,11.45,1.80,13.25
2279,3622.94,1.536,-359.006,45.591,33.469,45.591,-4.43,118.2,27.49,99.0,11.35,1.95,13.30
2280,3624.49,1.544,-359.860,45.524,32.185,45.524,-4.37,117.9,27.64,99.5,11.20,2.10,13.30
2281,3626.04,1.551,-360.702,45.458,30.883,45.458,-4.28,115.7,27.76,99.9,11.05,2.25,13.30
2282,3627.60,1.559,-361.530,45.391,29.565,45.391,-4.30,112.4,27.91,100.5,10.90,2.45,13.35
2283,3629.16,1.567,-362.344,45.325,28.228,45.325,-4.21,108.5,28.05,101.0,10.65,2.65,13.30
2284,3630.74,1.576,-363.142,45.262,26.870,45.262,-4.01,105.1,28.25,101.7,10.45,2.90,13.35
2285,3632.33,1.588,-363.925,45.201,25.489,45.201,-3.83,102.1,28.47,102.5,10.25,3.10,13.35
2286,3633.93,1.601,-364.693,45.140,24.085,45.140,-3.80,98.9,28.70,103.3,10.00,3.35,13.35
2287,3635.54,1.613,-365.444,45.078,22.659,45.078,-3.85,95.6,28.92,104.1,9.75,3.65,13.40
2288,3637.05,1.510,-366.128,45.019,21.314,45.019,-3.88,94.1,29.15,104.9,9.50,3.90,13.40
2289,3638.58,1.521,-366.793,44.963,19.947,44.963,-3.72,93.8,29.34,105.6,9.25,4.20,13.45
2290,3640.11,1.532,-367.440,44.908,18.560,44.908,-3.58,94.9,29.58,106.5,9.00,4.55,13.55
2291,3641.65,1.544,-368.067,44.857,17.150,44.857,-3.32,98.0,29.78,107.2,8.65,4.45,13.10
2292,3643.21,1.554,-368.673,44.809,15.719,44.809,-3.07,103.4,29.99,108.0,8.35,4.85,13.20
2293,3644.77,1.567,-369.263,44.760,14.268,44.760,-3.10,107.8,30.28,109.0,8.00,5.20,13.20
2294,3646.35,1.581,-369.837,44.712,12.796,44.712,-3.06,112.5,30.50,109.8,7.60,5.60,13.20
2295,3647.95,1.594,-370.395,44.660,11.304,44.660,-3.25,115.8,30.80,110.9,7.25,6.00,13.25
2296,3649.56,1.609,-370.940,44.606,9.790,44.606,-3.40,116.8,31.09,111.9,6.85,6.35,13.20
2297,3651.18,1.625,-371.469,44.548,8.255,44.548,-3.53,115.5,31.37,112.9,6.45,6.75,13.20
2298,3652.70,1.513,-371.942,44.492,6.819,44.492,-3.70,115.5,31.63,113.9,6.15,7.05,13.20
2299,3654.22,1.525,-372.402,44.433,5.367,44.433,-3.90,115.8,31.89,114.8,5.80,7.35,13.15
2300,3655.76,1.538,-372.845,44.372,3.896,44.372,-3.99,117.9,32.15,115.8,5.50,7.65,13.15
2301,3657.31,1.552,-373.271,44.309,2.405,44.309,-4.02,122.1,32.46,116.8,5.20,7.90,13.10
2302,3658.88,1.564,-373.678,44.247,0.896,44.247,-3.97,128.1,32.70,117.7,4.95,8.15,13.10
2303,3660.45,1.576,-374.069,44.182,-0.630,44.182,-4.13,131.7,32.95,118.6,4.65,8.40,13.05
2304,3662.04,1.588,-374.446,44.110,-2.170,44.110,-4.52,132.9,33.19,119.5,4.45,8.60,13.05
2305,3663.64,1.599,-374.811,44.031,-3.725,44.031,-4.95,131.4,33.41,120.3,4.20,8.80,13.00
2306,3665.25,1.613,-375.162,43.947,-5.297,43.947,-5.25,127.9,33.77,121.6,4.00,9.00,13.00
2307,3666.88,1.629,-375.495,43.862,-6.889,43.862,-5.24,125.0,34.06,122.6,3.80,9.15,12.95
2308,3668.39,1.504,-375.782,43.783,-8.364,43.783,-5.24,126.8,34.30,123.5,3.65,9.30,12.95
2309,3669.90,1.514,-376.050,43.703,-9.852,43.703,-5.29,131.7,34.51,124.2,3.55,9.40,12.95
2310,3671.43,1.524,-376.304,43.619,-11.352,43.619,-5.50,138.5,34.75,125.1,3.40,9.50,12.90
2311,3672.96,1.535,-376.544,43.532,-12.866,43.532,-5.69,147.1,35.00,126.0,3.30,9.60,12.90
2312,3674.51,1.547,-376.771,43.441,-14.394,43.441,-5.88,156.7,35.26,126.9,3.25,9.65,12.90
2313,3676.07,1.557,-376.983,43.347,-15.933,43.347,-6.07,164.5,35.49,127.8,3.20,9.75,12.95
2314,3677.63,1.569,-377.182,43.250,-17.486,43.250,-6.21,173.8,35.78,128.8,3.10,9.75,12.85
2315,3679.22,1.580,-377.367,43.151,-19.052,43.151,-6.28,188.0,36.03,129.7,3.10,9.80,12.90
2316,3680.81,1.592,-377.539,43.050,-20.632,43.050,-6.36,210.4,36.29,130.6,3.05,9.80,12.85
2317,3682.41,1.603,-377.699,42.946,-22.223,42.946,-6.46,240.8,36.56,131.6,3.05,9.80,12.85
2318,3684.03,1.615,-377.848,42.841,-23.828,42.841,-6.51,290.5,36.81,132.5,3.05,9.80,12.85
2319,3685.65,1.626,-377.990,42.734,-25.444,42.734,-6.63,372.9,37.08,133.5,3.05,9.80,12.85
2320,3687.29,1.637,-378.126,42.625,-27.072,42.625,-6.66,522.7,37.32,134.3,3.10,9.80,12.90
2321,3688.94,1.650,-378.258,42.514,-28.713,42.514,-6.74,841.3,37.64,135.5,3.10,9.75,12.85
2322,3690.45,1.510,-378.377,42.413,-30.214,42.413,-6.68,1890.8,37.84,136.2,3.15,9.75,12.90
2323,3691.97,1.519,-378.496,42.312,-31.725,42.312,-6.71,2000.0,38.08,137.1,3.15,9.70,12.85
2324,3693.50,1.529,-378.617,42.209,-33.246,42.209,-6.72,2000.0,38.33,138.0,3.20,9.70,12.90
2325,3695.04,1.538,-378.740,42.106,-34.776,42.106,-6.69,1396.1,38.55,138.8,3.20,9.65,12.85
2326,3696.58,1.548,-378.866,42.003,-36.315,42.003,-6.72,1115.3,38.81,139.7,3.25,9.65,12.90
2327,3698.14,1.557,-378.995,41.898,-37.863,41.898,-6.71,1027.3,39.02,140.5,3.25,9.60,12.85
2328,3699.71,1.566,-379.128,41.793,-39.419,41.793,-6.76,1019.0,39.26,141.3,3.25,9.60,12.85
2329,3701.28,1.576,-379.264,41.687,-40.986,41.687,-6.75,1081.5,39.51,142.2,3.30,9.55,12.85
2330,3702.87,1.585,-379.404,41.581,-42.562,41.581,-6.69,1217.9,39.73,143.0,3.30,9.55,12.85
2331,3704.46,1.594,-379.547,41.475,-44.146,41.475,-6.68,1462.2,39.98,143.9,3.30,9.55,12.85
2332,3706.07,1.605,-379.693,41.369,-45.740,41.369,-6.62,1878.2,40.21,144.8,3.30,9.55,12.85
2333,3707.68,1.613,-379.841,41.263,-47.343,41.263,-6.59,2000.0,40.41,145.5,3.30,9.55,12.85
2334,3709.31,1.622,-379.990,41.156,-48.955,41.156,-6.59,2000.0,40.68,146.5,3.30,9.55,12.85
2335,3710.94,1.632,-380.142,41.050,-50.577,41.050,-6.47,2000.0,40.91,147.3,3.30,9.50,12.80
2336,3712.58,1.642,-380.294,40.946,-52.208,40.946,-6.38,2000.0,41.14,148.1,3.30,9.50,12.80
2337,3714.23,1.651,-380.446,40.842,-53.848,40.842,-6.30,2000.0,41.35,148.9,3.35,9.50,12.85
2338,3715.89,1.659,-380.600,40.738,-55.497,40.738,-6.30,2000.0,41.60,149.8,3.35,9.50,12.85
2339,3717.56,1.669,-380.754,40.634,-57.156,40.634,-6.24,2000.0,41.83,150.6,3.35,9.50,12.85
2340,3719.07,1.510,-380.892,40.540,-58.656,40.540,-6.24,2000.0,42.01,151.2,3.35,9.50,12.85
2341,3720.59,1.516,-381.032,40.445,-60.163,40.445,-6.31,2000.0,42.21,152.0,3.35,9.50,12.85
2342,3722.11,1.524,-381.171,40.349,-61.678,40.349,-6.30,2000.0,42.44,152.8,3.35,9.50,12.85
2343,3723.64,1.532,-381.311,40.254,-63.200,40.254,-6.22,2000.0,42.65,153.5,3.35,9.45,12.80
2344,3725.18,1.539,-381.452,40.160,-64.731,40.160,-6.11,2000.0,42.85,154.3,3.35,9.45,12.80
2345,3726.73,1.547,-381.593,40.067,-66.268,40.067,-5.98,2000.0,43.06,155.0,3.35,9.45,12.80
2346,3728.28,1.554,-381.735,39.977,-67.813,39.977,-5.86,2000.0,43.27,155.8,3.35,9.45,12.80
2347,3729.85,1.561,-381.878,39.887,-69.366,39.887,-5.77,2000.0,43.45,156.4,3.40,9.45,12.85
2348,3731.41,1.568,-382.022,39.797,-70.924,39.797,-5.74,2000.0,43.64,157.1,3.40,9.45,12.85
2349,3732.99,1.575,-382.167,39.706,-72.491,39.706,-5.78,2000.0,43.86,157.9,3.40,9.45,12.85
2350,3734.57,1.582,-382.314,39.614,-74.063,39.614,-5.81,2000.0,44.02,158.5,3.40,9.40,12.80
2351,3736.16,1.589,-382.462,39.520,-75.642,39.520,-5.94,1973.0,44.23,159.2,3.40,9.40,12.80
2352,3737.76,1.596,-382.613,39.424,-77.229,39.424,-5.99,1733.1,44.43,159.9,3.40,9.40,12.80
2353,3739.36,1.604,-382.766,39.329,-78.822,39.329,-5.98,1601.4,44.62,160.6,3.40,9.40,12.80
2354,3740.97,1.611,-382.921,39.233,-80.423,39.233,-5.97,1524.3,44.87,161.5,3.40,9.40,12.80
2355,3742.59,1.619,-383.079,39.139,-82.031,39.139,-5.83,1509.2,45.04,162.1,3.40,9.40,12.80
2356,3744.22,1.626,-383.239,39.046,-83.646,39.046,-5.73,1542.2,45.24,162.9,3.40,9.40,12.80
2357,3745.85,1.633,-383.402,38.953,-85.268,38.953,-5.68,1617.1,45.44,163.6,1.85,9.40,11.25
2358,3747.49,1.638,-383.567,38.859,-86.895,38.859,-5.72,1709.0,45.60,164.2,1.85,9.45,11.30
2359,3749.14,1.646,-383.735,38.765,-88.530,38.765,-5.75,1869.2,45.80,164.9,1.85,9.45,11.30
2360,3750.79,1.653,-383.905,38.671,-90.171,38.671,-5.70,2000.0,46.02,165.7,1.80,9.45,11.25
2361,3752.45,1.661,-384.077,38.579,-91.821,38.579,-5.55,2000.0,46.22,166.4,1.80,9.45,11.25
2362,3754.12,1.668,-384.251,38.489,-93.477,38.489,-5.39,2000.0,46.42,167.1,1.80,9.50,11.30
2363,3755.79,1.675,-384.427,38.401,-95.140,38.401,-5.24,2000.0,46.60,167.8,1.75,9.50,11.25
2364,3757.48,1.682,-384.604,38.315,-96.810,38.315,-5.13,2000.0,46.80,168.5,1.75,9.50,11.25
2365,3759.16,1.689,-384.781,38.230,-98.487,38.230,-5.03,2000.0,46.99,169.2,1.75,9.50,11.25
2366,3760.67,1.506,-384.940,38.155,-99.983,38.155,-5.02,2000.0,47.13,169.7,1.70,9.55,11.25
2367,3762.18,1.511,-385.098,38.079,-101.484,38.079,-5.06,2000.0,47.28,170.2,1.70,9.55,11.25
2368,3763.70,1.517,-385.257,38.002,-102.990,38.002,-5.04,2000.0,47.47,170.9,1.70,9.55,11.25
2369,3765.22,1.522,-385.415,37.927,-104.503,37.927,-4.98,2000.0,47.66,171.6,1.70,9.55,11.25
2370,3766.75,1.528,-385.572,37.852,-106.021,37.852,-4.90,2000.0,47.83,172.2,1.65,9.60,11.25
2371,3768.28,1.533,-385.729,37.777,-107.544,37.777,-4.86,2000.0,47.96,172.7,1.65,9.60,11.25
2372,3769.82,1.538,-385.885,37.702,-109.072,37.702,-4.89,1977.3,48.14,173.3,1.65,9.60,11.25
2373,3771.37,1.543,-386.040,37.627,-110.606,37.627,-4.90,1955.1,48.30,173.9,1.65,9.60,11.25
2374,3772.91,1.548,-386.195,37.551,-112.144,37.551,-4.92,1973.0,48.43,174.4,1.65,9.60,11.25
2375,3774.47,1.554,-386.349,37.474,-113.688,37.474,-4.92,2000.0,48.64,175.1,1.60,9.60,11.20
2376,3776.03,1.559,-386.502,37.400,-115.238,37.400,-4.81,2000.0,48.80,175.7,1.60,9.60,11.20
2377,3777.59,1.565,-386.655,37.325,-116.793,37.325,-4.75,2000.0,48.97,176.3,1.60,9.60,11.20
2378,3779.16,1.570,-386.806,37.252,-118.354,37.252,-4.69,2000.0,49.11,176.8,1.60,9.60,11.20
2379,3780.74,1.574,-386.958,37.177,-119.918,37.177,-4.78,2000.0,49.25,177.3,1.60,9.60,11.20
2380,3782.32,1.579,-387.109,37.101,-121.488,37.101,-4.83,2000.0,49.40,177.8,1.60,9.60,11.20
2381,3783.90,1.584,-387.259,37.023,-123.063,37.023,-4.88,2000.0,49.58,178.5,1.60,9.60,11.20
2382,3785.49,1.590,-387.410,36.946,-124.644,36.946,-4.89,2000.0,49.77,179.2,1.60,9.60,11.20
2383,3787.09,1.595,-387.560,36.868,-126.230,36.868,-4.85,2000.0,49.90,179.6,1.60,9.60,11.20
2384,3788.69,1.600,-387.710,36.792,-127.821,36.792,-4.81,2000.0,50.10,180.3,1.60,9.60,11.20
2385,3790.29,1.606,-387.860,36.717,-129.418,36.717,-4.67,2000.0,50.25,180.9,1.60,9.60,11.20
2386,3791.90,1.611,-388.009,36.644,-131.021,36.644,-4.51,2000.0,50.41,181.5,1.60,9.60,11.20
2387,3793.52,1.616,-388.158,36.573,-132.628,36.573,-4.42,2000.0,50.57,182.0,1.60,9.60,11.20
2388,3795.14,1.620,-388.306,36.502,-134.240,36.502,-4.36,2000.0,50.68,182.4,1.60,9.60,11.20
2389,3796.77,1.625,-388.455,36.431,-135.857,36.431,-4.39,2000.0,50.88,183.2,1.65,9.60,11.25
2390,3798.40,1.631,-388.604,36.360,-137.479,36.360,-4.37,2000.0,51.01,183.7,1.65,9.55,11.20
2391,3800.03,1.634,-388.752,36.288,-139.105,36.288,-4.42,2000.0,51.11,184.0,1.65,9.55,11.20
2392,3801.67,1.639,-388.901,36.214,-140.736,36.214,-4.50,2000.0,51.33,184.8,1.65,9.55,11.20
2393,3803.32,1.645,-389.049,36.141,-142.373,36.141,-4.41,2000.0,51.46,185.3,1.65,9.55,11.20
2394,3804.97,1.650,-389.198,36.069,-144.015,36.069,-4.40,2000.0,51.67,186.0,1.65,9.55,11.20
2395,3806.62,1.655,-389.347,35.998,-145.662,35.998,-4.29,2000.0,51.78,186.4,1.65,9.50,11.15
2396,3808.28,1.660,-389.495,35.928,-147.315,35.928,-4.23,2000.0,51.97,187.1,1.70,9.50,11.20
2397,3809.95,1.666,-389.644,35.859,-148.972,35.859,-4.13,2000.0,52.12,187.6,1.70,9.50,11.20
2398,3811.62,1.670,-389.794,35.790,-150.634,35.790,-4.14,2000.0,52.25,188.1,1.70,9.50,11.20
2399,3813.29,1.674,-389.944,35.720,-152.300,35.720,-4.17,2000.0,52.38,188.6,1.70,9.45,11.15
2400,3814.97,1.679,-390.094,35.650,-153.971,35.650,-4.17,2000.0,52.56,189.2,1.70,9.45,11.15
2401,3816.66,1.685,-390.246,35.582,-155.648,35.582,-4.07,2000.0,52.74,189.9,1.75,9.45,11.20
2402,3818.35,1.690,-390.398,35.514,-157.330,35.514,-4.00,2000.0,52.88,190.4,1.75,9.45,11.20
2403,3820.04,1.694,-390.552,35.446,-159.016,35.446,-4.03,2000.0,52.98,190.7,1.75,9.45,11.20
2404,3821.74,1.698,-390.706,35.376,-160.705,35.376,-4.13,2000.0,53.13,191.3,1.75,9.40,11.15
2405,3823.45,1.704,-390.862,35.305,-162.400,35.305,-4.15,2000.0,53.34,192.0,1.75,9.40,11.15
2406,3825.16,1.709,-391.020,35.235,-164.101,35.235,-4.10,2000.0,53.46,192.4,1.75,9.40,11.15
2407,3826.87,1.713,-391.179,35.165,-165.805,35.165,-4.11,1903.0,53.59,192.9,1.75,9.40,11.15
2408,3828.37,1.503,-391.320,35.103,-167.300,35.103,-4.07,1839.8,53.75,193.5,1.75,9.40,11.15
2409,3829.88,1.508,-391.463,35.044,-168.800,35.044,-3.92,1894.0,53.90,194.0,1.75,9.40,11.15
2410,3831.39,1.511,-391.608,34.988,-170.303,34.988,-3.76,2000.0,54.04,194.5,1.75,9.40,11.15
2411,3832.91,1.515,-391.754,34.933,-171.810,34.933,-3.63,2000.0,54.15,194.9,1.75,9.40,11.15
2412,3834.43,1.518,-391.902,34.878,-173.320,34.878,-3.60,2000.0,54.26,195.4,1.75,9.40,11.15
2413,3835.95,1.521,-392.050,34.824,-174.833,34.824,-3.58,2000.0,54.39,195.8,1.75,9.40,11.15
2414,3837.47,1.525,-392.200,34.769,-176.349,34.769,-3.57,2000.0,54.52,196.3,1.75,9.40,11.15
2415,3839.00,1.528,-392.351,34.714,-177.869,34.714,-3.59,2000.0,54.63,196.7,1.75,9.40,11.15
2416,3840.53,1.531,-392.502,34.658,-179.392,34.658,-3.67,2000.0,54.72,197.0,1.75,9.40,11.15
2417,3842.07,1.534,-392.653,34.601,-180.917,34.601,-3.75,2000.0,54.86,197.5,1.75,9.40,11.15
2418,3843.61,1.539,-392.806,34.543,-182.448,34.543,-3.78,2000.0,55.01,198.0,1.70,9.40,11.10
2419,3845.15,1.542,-392.959,34.483,-183.981,34.483,-3.85,2000.0,55.11,198.4,1.70,9.40,11.10
2420,3846.69,1.545,-393.112,34.423,-185.517,34.423,-3.91,2000.0,55.20,198.7,1.70,9.40,11.10
2421,3848.24,1.549,-393.266,34.362,-187.057,34.362,-3.95,2000.0,55.40,199.4,1.70,9.45,11.15
2422,3849.80,1.553,-393.420,34.302,-188.601,34.302,-3.85,2000.0,55.51,199.8,1.70,9.45,11.15
2423,3851.35,1.557,-393.574,34.244,-190.149,34.244,-3.72,2000.0,55.66,200.4,1.70,9.45,11.15
2424,3852.91,1.561,-393.729,34.189,-191.701,34.189,-3.51,2000.0,55.79,200.9,1.70,9.45,11.15
2425,3854.48,1.564,-393.884,34.138,-193.256,34.138,-3.27,2000.0,55.92,201.3,1.70,9.45,11.15
2426,3856.05,1.567,-394.038,34.091,-194.816,34.091,-3.05,2000.0,56.03,201.7,1.65,9.45,11.10
2427,3857.62,1.571,-394.193,34.045,-196.378,34.045,-2.88,2000.0,56.14,202.1,1.65,9.45,11.10
2428,3859.19,1.574,-394.348,34.002,-197.943,34.002,-2.75,2000.0,56.25,202.5,1.65,9.45,11.10
2429,3860.77,1.577,-394.504,33.960,-199.512,33.960,-2.65,2000.0,56.38,203.0,1.65,9.45,11.10
2430,3862.35,1.580,-394.659,33.921,-201.085,33.921,-2.52,2000.0,56.49,203.4,1.65,9.45,11.10
2431,3863.93,1.584,-394.815,33.883,-202.660,33.883,-2.40,2000.0,56.62,203.8,1.65,9.45,11.10
2432,3865.52,1.587,-394.971,33.847,-204.239,33.847,-2.26,2000.0,56.74,204.3,1.65,9.45,11.10
2433,3867.11,1.590,-395.127,33.812,-205.822,33.812,-2.16,2000.0,56.84,204.6,1.65,9.45,11.10
2434,3868.71,1.593,-395.284,33.778,-207.407,33.778,-2.14,2000.0,56.94,205.0,1.65,9.45,11.10
2435,3870.30,1.596,-395.441,33.743,-208.995,33.743,-2.20,2000.0,57.05,205.4,1.60,9.50,11.10
2436,3871.90,1.598,-395.599,33.707,-210.585,33.707,-2.28,2000.0,57.13,205.7,1.60,9.50,11.10
2437,3873.50,1.602,-395.757,33.669,-212.178,33.669,-2.35,2000.0,57.28,206.2,1.60,9.50,11.10
2438,3875.11,1.606,-395.916,33.632,-213.776,33.632,-2.34,2000.0,57.39,206.6,1.60,9.50,11.10
2439,3876.72,1.608,-396.075,33.593,-215.376,33.593,-2.37,2000.0,57.50,207.0,1.60,9.50,11.10
2440,3878.33,1.612,-396.235,33.555,-216.979,33.555,-2.41,2000.0,57.60,207.4,1.60,9.50,11.10
2441,3879.94,1.614,-396.396,33.515,-218.585,33.515,-2.48,2000.0,57.71,207.8,1.60,9.50,11.10
2442,3881.56,1.618,-396.558,33.474,-220.194,33.474,-2.51,2000.0,57.83,208.2,1.60,9.50,11.10
2443,3883.18,1.621,-396.720,33.433,-221.806,33.433,-2.50,2000.0,57.93,208.6,1.55,9.50,11.05
2444,3884.81,1.625,-396.884,33.393,-223.422,33.393,-2.48,2000.0,58.07,209.1,1.55,9.50,11.05
2445,3886.44,1.627,-397.048,33.354,-225.041,33.354,-2.40,2000.0,58.16,209.4,1.55,9.55,11.10
2446,3888.07,1.631,-397.212,33.316,-226.663,33.316,-2.34,2000.0,58.29,209.9,1.55,9.55,11.10
2447,3889.70,1.634,-397.378,33.280,-228.288,33.280,-2.20,2000.0,58.40,210.2,1.55,9.55,11.10
2448,3891.34,1.637,-397.544,33.246,-229.916,33.246,-2.06,2000.0,58.53,210.7,1.50,9.55,11.05
2449,3892.98,1.640,-397.710,33.215,-231.548,33.215,-1.93,2000.0,58.61,211.0,1.50,9.55,11.05
2450,3894.62,1.642,-397.876,33.183,-233.181,33.183,-1.91,2000.0,58.70,211.3,1.50,9.55,11.05
2451,3896.27,1.645,-398.042,33.151,-234.818,33.151,-1.95,2000.0,58.80,211.7,1.50,9.60,11.10
2452,3897.91,1.648,-398.209,33.119,-236.457,33.119,-1.94,2000.0,58.88,212.0,1.50,9.60,11.10
2453,3899.57,1.651,-398.374,33.087,-238.100,33.087,-1.95,2000.0,59.03,212.5,1.45,9.60,11.05
2454,3901.22,1.653,-398.540,33.055,-239.744,33.055,-1.92,2000.0,59.10,212.7,1.45,9.60,11.05
2455,3902.88,1.657,-398.705,33.024,-241.393,33.024,-1.90,2000.0,59.20,213.1,1.45,9.60,11.05
2456,3904.53,1.658,-398.868,32.994,-243.042,32.994,-1.81,1982.8,59.20,213.1,1.45,9.60,11.05
2457,3906.19,1.656,-399.030,32.966,-244.690,32.966,-1.69,1790.3,59.12,212.8,1.45,9.60,11.05
2458,3907.85,1.653,-399.190,32.940,-246.336,32.940,-1.56,1654.1,59.01,212.4,1.45,9.60,11.05
2459,3909.50,1.650,-399.349,32.915,-247.978,32.915,-1.52,1542.5,58.88,212.0,1.45,9.60,11.05
2460,3911.14,1.646,-399.505,32.891,-249.617,32.891,-1.46,1435.2,58.72,211.4,1.45,9.60,11.05
2461,3912.79,1.643,-399.658,32.869,-251.252,32.869,-1.36,1336.4,58.62,211.0,1.45,9.60,11.05
2462,3914.42,1.639,-399.810,32.846,-252.884,32.846,-1.36,1240.0,58.49,210.6,1.45,9.60,11.05
2463,3916.06,1.636,-399.959,32.824,-254.513,32.824,-1.38,1139.0,58.39,210.2,1.45,9.60,11.05
2464,3917.69,1.632,-400.106,32.801,-256.138,32.801,-1.40,1049.2,58.20,209.5,1.45,9.60,11.05
2465,3919.32,1.628,-400.250,32.779,-257.760,32.779,-1.31,953.5,58.06,209.0,1.45,9.55,11.00
2466,3920.95,1.624,-400.390,32.759,-259.377,32.759,-1.26,866.1,57.94,208.6,1.50,9.55,11.05
2467,3922.57,1.621,-400.528,32.738,-260.992,32.738,-1.30,774.6,57.84,208.2,1.50,9.55,11.05
2468,3924.18,1.617,-400.662,32.716,-262.603,32.716,-1.36,696.6,57.69,207.7,1.50,9.50,11.00
2469,3925.80,1.613,-400.793,32.694,-264.211,32.694,-1.36,624.7,57.54,207.1,1.55,9.50,11.05
2470,3927.41,1.608,-400.918,32.674,-265.814,32.674,-1.26,573.3,57.39,206.6,1.55,9.45,11.00
2471,3929.01,1.605,-401.039,32.655,-267.415,32.655,-1.17,534.5,57.25,206.1,1.60,9.40,11.00
2472,3930.61,1.601,-401.154,32.638,-269.011,32.638,-1.08,515.5,57.14,205.7,1.65,9.40,11.05
2473,3932.21,1.598,-401.264,32.621,-270.605,32.621,-1.06,505.4,56.99,205.2,1.65,9.35,11.00
2474,3933.80,1.593,-401.369,32.606,-272.195,32.606,-0.93,510.2,56.82,204.6,1.70,9.30,11.00
2475,3935.39,1.589,-401.467,32.594,-273.781,32.594,-0.77,520.3,56.70,204.1,1.80,9.25,11.05
2476,3936.98,1.586,-401.561,32.582,-275.364,32.582,-0.72,531.1,56.60,203.8,1.85,9.20,11.05
2477,3938.56,1.583,-401.651,32.570,-276.944,32.570,-0.77,527.0,56.48,203.3,1.90,9.10,11.00
2478,3940.14,1.579,-401.736,32.557,-278.521,32.557,-0.81,516.9,56.33,202.8,1.95,9.05,11.00
2479,3941.72,1.575,-401.816,32.544,-280.094,32.544,-0.83,495.3,56.20,202.3,2.05,9.00,11.05
2480,3943.29,1.572,-401.891,32.531,-281.664,32.531,-0.81,474.0,56.07,201.8,2.10,8.90,11.00
2481,3944.86,1.568,-401.961,32.519,-283.230,32.519,-0.77,454.2,55.91,201.3,2.20,8.80,11.00
2482,3946.42,1.563,-402.024,32.510,-284.792,32.510,-0.61,448.1,55.78,200.8,2.30,8.75,11.05
2483,3947.98,1.560,-402.082,32.502,-286.350,32.502,-0.48,449.9,55.64,200.3,2.40,8.65,11.05
2484,3949.54,1.556,-402.134,32.497,-287.905,32.497,-0.35,462.5,55.51,199.9,2.50,8.55,11.05
2485,3951.09,1.552,-402.181,32.492,-289.457,32.492,-0.29,479.4,55.39,199.4,2.60,8.45,11.05
2486,3952.64,1.549,-402.223,32.489,-291.005,32.489,-0.24,501.2,55.26,198.9,2.70,8.35,11.05
2487,3954.19,1.545,-402.259,32.485,-292.550,32.485,-0.25,516.0,55.14,198.5,2.85,8.25,11.10
2488,3955.73,1.542,-402.292,32.480,-294.092,32.480,-0.32,518.1,55.03,198.1,2.95,8.10,11.05
2489,3957.27,1.539,-402.320,32.473,-295.631,32.473,-0.42,504.2,54.91,197.7,3.05,8.00,11.05
2490,3958.80,1.536,-402.344,32.465,-297.166,32.465,-0.57,478.7,54.79,197.3,3.20,7.85,11.05
2491,3960.33,1.532,-402.363,32.454,-298.698,32.454,-0.69,447.4,54.66,196.8,3.35,7.75,11.10
2492,3961.86,1.528,-402.378,32.442,-300.226,32.442,-0.77,416.6,54.52,196.3,3.45,7.60,11.05
2493,3963.39,1.524,-402.386,32.430,-301.751,32.430,-0.81,390.5,54.38,195.8,3.60,7.50,11.10
2494,3964.91,1.521,-402.388,32.418,-303.271,32.418,-0.83,369.3,54.25,195.3,3.75,7.35,11.10
2495,3966.43,1.517,-402.384,32.404,-304.788,32.404,-0.87,355.0,54.13,194.9,3.90,7.20,11.10
2496,3967.94,1.514,-402.373,32.390,-306.302,32.390,-0.92,341.6,54.00,194.4,4.05,7.05,11.10
2497,3969.45,1.510,-402.356,32.376,-307.811,32.376,-0.95,330.1,53.87,193.9,4.25,6.85,11.10
2498,3970.96,1.506,-402.332,32.361,-309.317,32.361,-0.97,319.9,53.73,193.4,4.40,6.70,11.10
2499,3972.46,1.502,-402.301,32.347,-310.819,32.347,-0.98,310.3,53.60,193.0,4.60,6.55,11.15
2500,3974.17,1.712,-402.255,32.330,-312.531,32.330,-0.97,294.8,53.45,192.4,4.80,6.35,11.15
2501,3975.88,1.707,-402.199,32.314,-314.237,32.314,-0.95,282.5,53.28,191.8,5.00,6.10,11.10
2502,3977.58,1.702,-402.133,32.298,-315.938,32.298,-0.91,270.9,53.13,191.3,5.25,5.90,11.15
2503,3979.28,1.698,-402.057,32.283,-317.634,32.283,-0.89,260.9,52.99,190.8,5.45,5.65,11.10
2504,3980.97,1.693,-401.969,32.269,-319.325,32.269,-0.86,253.5,52.84,190.2,5.70,5.55,11.25
2505,3982.66,1.688,-401.870,32.255,-321.009,32.255,-0.81,250.9,52.67,189.6,5.95,5.45,11.40
2506,3984.34,1.683,-401.760,32.243,-322.689,32.243,-0.73,249.8,52.52,189.1,6.20,5.30,11.50
2507,3986.02,1.678,-401.639,32.232,-324.362,32.232,-0.65,252.2,52.36,188.5,6.45,5.30,11.75
2508,3987.70,1.673,-401.507,32.222,-326.030,32.222,-0.58,256.1,52.22,188.0,6.75,5.30,12.05
2509,3989.36,1.668,-401.365,32.213,-327.692,32.213,-0.57,260.5,52.07,187.4,7.00,5.05,12.05
2510,3991.03,1.664,-401.212,32.204,-329.348,32.204,-0.53,266.8,51.93,186.9,7.30,4.85,12.15
2511,3992.69,1.659,-401.050,32.195,-330.999,32.195,-0.51,273.7,51.77,186.4,7.60,4.60,12.20
2512,3994.34,1.654,-400.878,32.187,-332.645,32.187,-0.48,279.1,51.63,185.9,7.90,4.35,12.25
2513,3995.99,1.649,-400.697,32.180,-334.284,32.180,-0.44,283.3,51.49,185.3,8.20,4.15,12.35
2514,3997.64,1.645,-400.507,32.173,-335.918,32.173,-0.41,287.0,51.35,184.8,8.45,3.90,12.35
2515,3999.28,1.641,-400.310,32.166,-337.547,32.166,-0.44,288.0,51.22,184.4,8.70,3.70,12.40
2516,4000.92,1.636,-400.103,32.159,-339.170,32.159,-0.44,288.6,51.07,183.8,8.95,3.55,12.50
2517,4002.55,1.631,-399.888,32.153,-340.787,32.153,-0.36,289.3,50.90,183.2,9.20,3.35,12.55
2518,4004.17,1.626,-399.664,32.150,-342.397,32.150,-0.20,291.0,50.76,182.7,9.40,3.25,12.65
2519,4005.80,1.622,-399.432,32.149,-344.003,32.149,-0.08,291.9,50.64,182.3,9.60,3.10,12.70
2520,4007.41,1.618,-399.191,32.148,-345.603,32.148,-0.03,292.4,50.50,181.8,9.80,2.95,12.75
2521,4009.03,1.614,-398.944,32.148,-347.198,32.148,-0.01,292.2,50.37,181.3,9.95,2.85,12.80
2522,4010.64,1.609,-398.688,32.149,-348.786,32.149,0.06,291.8,50.23,180.8,10.10,2.75,12.85
2523,4012.24,1.604,-398.424,32.152,-350.369,32.152,0.18,291.4,50.07,180.3,10.30,2.65,12.95
2524,4013.84,1.600,-398.151,32.157,-351.946,32.157,0.33,290.9,49.95,179.8,10.45,2.55,13.00
2525,4015.44,1.596,-397.871,32.164,-353.517,32.164,0.42,290.1,49.82,179.4,10.55,2.50,13.05
2526,4017.03,1.592,-397.583,32.170,-355.083,32.170,0.40,286.3,49.69,178.9,10.65,2.45,13.10
2527,4018.62,1.588,-397.288,32.177,-356.643,32.177,0.42,280.9,49.57,178.4,10.80,2.40,13.20
2528,4020.20,1.583,-396.986,32.183,-358.197,32.183,0.43,274.4,49.40,177.9,10.90,2.35,13.25
2529,4021.78,1.579,-396.675,32.192,-359.744,32.192,0.53,268.5,49.28,177.4,11.00,2.30,13.30
2530,4023.36,1.574,-396.355,32.201,-361.286,32.201,0.61,264.4,49.14,176.9,11.05,2.30,13.35
2531,4024.93,1.570,-396.027,32.212,-362.822,32.212,0.67,262.9,49.01,176.4,11.15,2.25,13.40
2532,4026.49,1.566,-395.691,32.223,-364.351,32.223,0.74,262.9,48.87,175.9,11.20,2.20,13.40
2533,4028.06,1.562,-395.347,32.236,-365.874,32.236,0.80,263.4,48.75,175.5,11.25,2.15,13.40
2534,4029.61,1.557,-394.995,32.249,-367.391,32.249,0.86,264.9,48.62,175.0,11.30,2.15,13.45
2535,4031.17,1.555,-394.635,32.263,-368.903,32.263,0.88,265.2,48.55,174.8,11.35,2.10,13.45
2536,4032.72,1.553,-394.266,32.277,-370.412,32.277,0.90,265.1,48.55,174.8,11.40,2.10,13.50
2537,4034.28,1.554,-393.888,32.292,-371.920,32.292,0.95,266.0,48.60,175.0,11.40,2.10,13.50
2538,4035.83,1.557,-393.500,32.307,-373.428,32.307,1.01,267.9,48.71,175.3,11.35,2.10,13.45
2539,4037.40,1.561,-393.103,32.324,-374.938,32.324,1.09,271.7,48.84,175.8,11.30,2.15,13.45
2540,4038.96,1.566,-392.695,32.343,-376.449,32.343,1.19,278.5,49.00,176.4,11.30,2.15,13.45
2541,4040.53,1.570,-392.277,32.364,-377.963,32.364,1.30,288.9,49.14,176.9,11.25,2.20,13.45
2542,4042.11,1.574,-391.850,32.385,-379.478,32.385,1.37,301.8,49.26,177.3,11.20,2.25,13.45
2543,4043.69,1.579,-391.413,32.407,-380.995,32.407,1.41,317.4,49.39,177.8,11.10,2.35,13.45
2544,4045.27,1.583,-390.968,32.430,-382.514,32.430,1.41,332.3,49.52,178.3,11.00,2.45,13.45
2545,4046.86,1.587,-390.515,32.453,-384.035,32.453,1.45,346.0,49.66,178.8,10.90,2.55,13.45
2546,4048.45,1.592,-390.053,32.476,-385.558,32.476,1.47,357.4,49.80,179.3,10.80,2.65,13.45
2547,4050.05,1.596,-389.583,32.500,-387.083,32.500,1.48,365.0,49.92,179.7,10.70,2.75,13.45
2548,4051.65,1.600,-389.106,32.524,-388.610,32.524,1.52,369.2,50.07,180.2,10.60,2.85,13.45
2549,4053.25,1.605,-388.621,32.550,-390.139,32.550,1.59,372.4,50.21,180.7,10.50,3.00,13.50
2550,4054.86,1.609,-388.127,32.577,-391.671,32.577,1.68,374.9,50.34,181.2,10.40,3.10,13.50
2551,4056.47,1.613,-387.626,32.605,-393.204,32.605,1.75,377.1,50.47,181.7,10.25,3.25,13.50
2552,4058.09,1.618,-387.117,32.635,-394.739,32.635,1.84,382.3,50.61,182.2,10.10,3.40,13.50
2553,4059.71,1.622,-386.599,32.666,-396.275,32.666,1.92,389.0,50.73,182.6,9.95,3.60,13.55
2554,4061.34,1.626,-386.074,32.698,-397.814,32.698,2.00,397.3,50.88,183.2,9.75,3.75,13.50
2555,4062.97,1.630,-385.541,32.733,-399.354,32.733,2.11,406.0,51.00,183.6,9.60,3.95,13.55
2556,4064.61,1.634,-385.000,32.768,-400.896,32.768,2.14,415.8,51.13,184.1,9.45,4.15,13.60
2557,4066.25,1.638,-384.453,32.802,-402.440,32.802,2.11,421.7,51.24,184.5,9.20,4.35,13.55
2558,4067.89,1.642,-383.898,32.837,-403.985,32.837,2.10,426.6,51.36,184.9,8.95,4.60,13.55
2559,4069.53,1.647,-383.336,32.871,-405.532,32.871,2.11,427.0,51.54,185.5,8.75,4.85,13.60
2560,4071.19,1.651,-382.765,32.907,-407.081,32.907,2.17,425.5,51.65,185.9,8.55,5.05,13.60
2561,4072.84,1.655,-382.188,32.942,-408.631,32.942,2.11,417.5,51.77,186.4,8.30,5.30,13.60
2562,4074.50,1.658,-381.604,32.976,-410.183,32.976,2.06,408.8,51.87,186.7,8.05,5.55,13.60
2563,4076.16,1.662,-381.012,33.009,-411.736,33.009,2.00,397.1,52.02,187.3,7.80,5.80,13.60
2564,4077.83,1.667,-380.411,33.043,-413.291,33.043,2.03,388.6,52.17,187.8,7.55,5.30,12.85
2565,4079.50,1.672,-379.802,33.078,-414.848,33.078,2.07,381.9,52.30,188.3,7.30,5.50,12.80
2566,4081.18,1.676,-379.185,33.113,-416.405,33.113,2.10,380.9,52.41,188.7,7.10,5.75,12.85
2567,4082.86,1.679,-378.559,33.148,-417.963,33.148,2.07,381.9,52.55,189.2,6.85,5.95,12.80
2568,4084.54,1.684,-377.924,33.183,-419.522,33.183,2.09,386.6,52.67,189.6,6.65,6.20,12.85
2569,4086.23,1.687,-377.282,33.218,-421.082,33.218,2.08,390.5,52.79,190.0,6.40,6.40,12.80
2570,4087.92,1.691,-376.631,33.253,-422.642,33.253,2.06,393.3,52.90,190.5,6.20,6.60,12.80
2571,4089.62,1.695,-375.972,33.287,-424.204,33.287,2.00,388.6,53.03,190.9,6.00,6.80,12.80
2572,4091.32,1.699,-375.305,33.320,-425.766,33.320,1.94,382.2,53.13,191.3,5.75,7.00,12.75
2573,4093.02,1.703,-374.629,33.352,-427.329,33.352,1.90,374.1,53.26,191.8,5.60,7.20,12.80
2574,4094.73,1.707,-373.945,33.384,-428.892,33.384,1.88,364.2,53.40,192.3,5.40,7.40,12.80
2575,4096.44,1.711,-373.252,33.416,-430.456,33.416,1.86,353.4,53.52,192.7,5.20,7.55,12.75
2576,4097.94,1.500,-372.639,33.443,-431.825,33.443,1.81,349.6,53.63,193.1,5.05,7.70,12.75
2577,4099.44,1.503,-372.019,33.470,-433.194,33.470,1.77,344.8,53.71,193.4,4.90,7.85,12.75
2578,4100.95,1.506,-371.393,33.496,-434.563,33.496,1.74,339.7,53.83,193.8,4.75,8.00,12.75
2579,4102.46,1.509,-370.759,33.523,-435.933,33.523,1.76,337.4,53.95,194.2,4.60,8.15,12.75
2580,4103.97,1.512,-370.117,33.550,-437.302,33.550,1.81,338.6,54.05,194.6,4.45,8.30,12.75
2581,4105.49,1.515,-369.468,33.578,-438.671,33.578,1.87,340.9,54.16,195.0,4.30,8.40,12.70
2582,4107.00,1.518,-368.811,33.608,-440.039,33.608,1.92,348.2,54.27,195.4,4.20,8.55,12.75
2583,4108.53,1.521,-368.146,33.637,-441.407,33.637,1.92,356.4,54.37,195.7,4.10,8.65,12.75
2584,4110.05,1.523,-367.475,33.666,-442.774,33.666,1.94,363.9,54.44,196.0,3.95,8.75,12.70
2585,4111.58,1.526,-366.798,33.695,-444.142,33.695,1.89,366.0,54.58,196.5,3.85,8.85,12.70
2586,4113.11,1.529,-366.112,33.724,-445.509,33.724,1.91,365.8,54.64,196.7,3.75,8.95,12.70
2587,4114.64,1.531,-365.422,33.753,-446.875,33.753,1.85,360.6,54.74,197.1,3.65,9.05,12.70
2588,4116.17,1.535,-364.723,33.781,-448.241,33.781,1.87,357.5,54.86,197.5,3.55,9.15,12.70
2589,4117.71,1.538,-364.017,33.811,-449.607,33.811,1.93,356.8,54.98,197.9,3.50,9.20,12.70
2590,4119.25,1.541,-363.303,33.842,-450.973,33.842,2.01,362.6,55.07,198.3,3.40,9.30,12.70
2591,4120.80,1.544,-362.582,33.874,-452.337,33.874,2.04,373.4,55.19,198.7,3.35,9.35,12.70
2592,4122.34,1.546,-361.854,33.906,-453.701,33.906,2.08,390.0,55.28,199.0,3.25,9.40,12.65
2593,4123.89,1.549,-361.119,33.938,-455.065,33.938,2.11,409.9,55.38,199.4,3.20,9.45,12.65
2594,4125.45,1.552,-360.377,33.971,-456.428,33.971,2.13,430.8,55.48,199.7,3.15,9.50,12.65
2595,4127.00,1.555,-359.629,34.004,-457.791,34.004,2.11,450.8,55.57,200.1,3.10,9.55,12.65
2596,4128.56,1.557,-358.876,34.036,-459.154,34.036,2.07,464.2,55.66,200.4,3.05,9.60,12.65
2597,4130.12,1.560,-358.117,34.068,-460.517,34.068,2.06,474.7,55.77,200.8,3.05,9.65,12.70
2598,4131.69,1.564,-357.352,34.101,-461.880,34.101,2.06,482.9,55.89,201.2,3.00,9.65,12.65
2599,4133.25,1.567,-356.581,34.133,-463.243,34.133,2.08,492.8,55.98,201.5,2.95,9.70,12.65
2600,4134.82,1.569,-355.804,34.166,-464.606,34.166,2.09,503.2,56.09,201.9,2.95,9.70,12.65
2601,4136.39,1.572,-355.021,34.200,-465.969,34.200,2.14,520.1,56.21,202.4,2.95,9.75,12.70
2602,4137.97,1.576,-354.232,34.234,-467.332,34.234,2.20,544.1,56.31,202.7,2.90,9.75,12.65
2603,4139.55,1.578,-353.438,34.269,-468.696,34.269,2.22,573.3,56.41,203.1,2.90,9.75,12.65
2604,4141.13,1.581,-352.639,34.305,-470.059,34.305,2.23,608.9,56.51,203.4,2.90,9.75,12.65
2605,4142.71,1.584,-351.835,34.340,-471.423,34.340,2.26,651.8,56.60,203.7,2.90,9.75,12.65
2606,4144.30,1.587,-351.026,34.377,-472.787,34.377,2.28,696.5,56.71,204.2,2.90,9.75,12.65
2607,4145.89,1.590,-350.212,34.413,-474.153,34.413,2.32,739.9,56.83,204.6,2.90,9.75,12.65
2608,4147.48,1.592,-349.394,34.450,-475.518,34.450,2.30,777.3,56.90,204.8,2.90,9.75,12.65
2609,4149.08,1.594,-348.573,34.485,-476.884,34.485,2.21,797.7,56.96,205.1,2.95,9.70,12.65
2610,4150.68,1.597,-347.747,34.520,-478.251,34.520,2.17,804.6,57.10,205.6,2.95,9.70,12.65
2611,4152.28,1.601,-346.917,34.555,-479.619,34.555,2.21,812.9,57.22,206.0,2.95,9.70,12.65
2612,4153.88,1.604,-346.083,34.591,-480.988,34.591,2.25,820.8,57.32,206.3,3.00,9.65,12.65
2613,4155.49,1.606,-345.244,34.628,-482.358,34.628,2.30,838.8,57.41,206.7,3.00,9.65,12.65
2614,4157.10,1.609,-344.401,34.666,-483.728,34.666,2.34,871.4,57.53,207.1,3.05,9.60,12.65
2615,4158.71,1.612,-343.554,34.705,-485.100,34.705,2.43,919.5,57.61,207.4,3.05,9.60,12.65
2616,4160.33,1.615,-342.703,34.745,-486.472,34.745,2.45,973.0,57.73,207.8,3.10,9.55,12.65
2617,4161.95,1.617,-341.848,34.785,-487.844,34.785,2.48,1035.4,57.79,208.0,3.15,9.50,12.65
2618,4163.57,1.620,-340.991,34.825,-489.218,34.825,2.45,1097.2,57.90,208.4,3.20,9.50,12.70
2619,4165.19,1.623,-340.129,34.865,-490.593,34.865,2.49,1169.6,58.01,208.8,3.25,9.45,12.70
2620,4166.81,1.626,-339.264,34.906,-491.969,34.906,2.53,1247.8,58.11,209.2,3.30,9.40,12.70
2621,4168.44,1.628,-338.396,34.947,-493.346,34.947,2.52,1321.0,58.18,209.4,3.35,9.35,12.70
2622,4170.07,1.631,-337.525,34.988,-494.724,34.988,2.49,1393.5,58.27,209.8,3.40,9.30,12.70
2623,4171.71,1.633,-336.651,35.028,-496.103,35.028,2.46,1461.5,58.38,210.2,3.45,9.20,12.65
2624,4173.34,1.636,-335.774,35.068,-497.484,35.068,2.43,1508.7,58.47,210.5,3.50,9.15,12.65
2625,4174.98,1.639,-334.895,35.108,-498.866,35.108,2.45,1558.0,58.57,210.8,3.55,9.10,12.65
2626,4176.63,1.642,-334.012,35.148,-500.249,35.148,2.46,1633.2,58.67,211.2,3.60,9.00,12.60
2627,4178.27,1.644,-333.126,35.189,-501.633,35.189,2.51,1716.0,58.76,211.5,3.60,8.95,12.55
2628,4179.92,1.647,-332.237,35.232,-503.020,35.232,2.57,1848.6,58.89,212.0,3.50,8.90,12.40
2629,4181.57,1.650,-331.345,35.275,-504.407,35.275,2.64,2000.0,58.96,212.2,3.40,8.80,12.20
2630,4183.22,1.651,-330.452,35.319,-505.796,35.319,2.65,2000.0,59.00,212.4,3.25,8.75,12.00
2631,4184.88,1.655,-329.556,35.363,-507.186,35.363,2.63,2000.0,59.16,213.0,3.15,8.65,11.80
2632,4186.53,1.658,-328.657,35.408,-508.578,35.408,2.74,2000.0,59.23,213.2,3.05,8.55,11.60
2633,4188.19,1.660,-327.756,35.454,-509.972,35.454,2.75,2000.0,59.32,213.5,2.95,8.50,11.45
2634,4189.86,1.662,-326.854,35.499,-511.367,35.499,2.74,2000.0,59.38,213.8,2.85,8.40,11.25
2635,4191.52,1.664,-325.950,35.545,-512.763,35.545,2.73,2000.0,59.49,214.2,2.75,8.35,11.10
2636,4193.19,1.667,-325.043,35.591,-514.162,35.591,2.81,2000.0,59.60,214.6,2.65,8.25,10.90
2637,4194.86,1.670,-324.134,35.640,-515.563,35.640,2.92,2000.0,59.69,214.9,2.70,8.15,10.85
2638,4196.53,1.672,-323.224,35.691,-516.965,35.691,3.03,2000.0,59.78,215.2,2.75,8.10,10.85
2639,4198.21,1.676,-322.311,35.744,-518.369,35.744,3.15,2000.0,59.86,215.5,2.85,8.00,10.85
2640,4199.89,1.678,-321.397,35.798,-519.775,35.798,3.24,2000.0,59.97,215.9,2.95,7.90,10.85
2641,4201.57,1.680,-320.482,35.854,-521.182,35.854,3.34,2000.0,60.04,216.1,3.00,7.85,10.85
2642,4203.25,1.682,-319.565,35.910,-522.592,35.910,3.35,2000.0,60.12,216.4,3.10,7.75,10.85
2643,4204.94,1.685,-318.647,35.967,-524.003,35.967,3.36,2000.0,60.20,216.7,3.20,7.65,10.85
2644,4206.62,1.687,-317.728,36.023,-525.417,36.023,3.35,2000.0,60.27,217.0,3.25,7.60,10.85
2645,4208.31,1.689,-316.808,36.079,-526.832,36.079,3.30,2000.0,60.34,217.2,3.35,7.50,10.85
2646,4210.01,1.691,-315.887,36.134,-528.249,36.134,3.27,2000.0,60.45,217.6,3.45,7.40,10.85
2647,4211.70,1.694,-314.964,36.190,-529.669,36.190,3.31,2000.0,60.54,218.0,3.50,7.35,10.85
2648,4213.40,1.697,-314.040,36.248,-531.091,36.248,3.38,2000.0,60.64,218.3,3.60,7.25,10.85
2649,4215.10,1.699,-313.116,36.306,-532.515,36.306,3.46,2000.0,60.72,218.6,3.65,7.15,10.80
2650,4216.80,1.702,-312.190,36.366,-533.942,36.366,3.52,2000.0,60.81,218.9,3.75,7.10,10.85
2651,4218.50,1.704,-311.263,36.426,-535.370,36.426,3.54,2000.0,60.87,219.1,3.80,7.00,10.80
2652,4220.21,1.706,-310.336,36.487,-536.800,36.487,3.55,2000.0,60.96,219.5,3.90,6.95,10.85
2653,4221.92,1.709,-309.407,36.548,-538.233,36.548,3.59,2000.0,61.05,219.8,3.95,6.85,10.80
2654,4223.63,1.710,-308.478,36.610,-539.667,36.610,3.64,2000.0,61.11,220.0,4.05,6.80,10.85
2655,4225.34,1.713,-307.547,36.673,-541.104,36.673,3.66,2000.0,61.21,220.3,4.10,6.70,10.80
2656,4227.06,1.715,-306.616,36.737,-542.543,36.737,3.72,2000.0,61.29,220.6,4.20,6.65,10.85
2657,4228.78,1.717,-305.684,36.802,-543.983,36.802,3.81,2000.0,61.36,220.9,4.25,6.55,10.80
2658,4230.50,1.720,-304.750,36.869,-545.426,36.869,3.90,2000.0,61.46,221.3,4.30,6.50,10.80
2659,4232.22,1.722,-303.816,36.939,-546.871,36.939,4.04,2000.0,61.53,221.5,4.40,6.45,10.85
2660,4233.94,1.724,-302.881,37.010,-548.318,37.010,4.15,2000.0,61.61,221.8,4.45,6.35,10.80
2661,4235.67,1.726,-301.945,37.083,-549.766,37.083,4.22,2000.0,61.68,222.1,4.55,6.30,10.85
2662,4237.40,1.728,-301.008,37.156,-551.217,37.156,4.24,2000.0,61.75,222.3,4.60,6.20,10.80
2663,4239.13,1.730,-300.071,37.230,-552.669,37.230,4.28,2000.0,61.82,222.6,4.65,6.15,10.80
2664,4240.86,1.732,-299.133,37.305,-554.123,37.305,4.32,2000.0,61.90,222.8,4.75,6.10,10.85
2665,4242.60,1.735,-298.194,37.381,-555.580,37.381,4.39,2000.0,61.98,223.1,4.80,6.00,10.80
2666,4244.33,1.737,-297.255,37.457,-557.039,37.457,4.41,2000.0,62.06,223.4,4.85,5.95,10.80
2667,4246.07,1.738,-296.315,37.534,-558.499,37.534,4.39,2000.0,62.08,223.5,4.95,5.85,10.80
2668,4247.81,1.737,-295.377,37.609,-559.960,37.609,4.32,2000.0,62.01,223.2,5.00,5.80,10.80
2669,4249.54,1.734,-294.441,37.683,-561.417,37.683,4.30,2000.0,61.87,222.7,5.10,5.70,10.80
2670,4251.28,1.730,-293.508,37.758,-562.873,37.758,4.32,2000.0,61.73,222.2,5.15,5.65,10.80
2671,4253.00,1.725,-292.579,37.833,-564.325,37.833,4.36,2000.0,61.55,221.6,5.20,5.60,10.80
2672,4254.72,1.722,-291.653,37.909,-565.774,37.909,4.42,2000.0,61.45,221.2,5.30,5.50,10.80
2673,4256.45,1.721,-290.729,37.986,-567.223,37.986,4.49,2000.0,61.46,221.3,5.35,5.45,10.80
2674,4258.17,1.722,-289.804,38.064,-568.674,38.064,4.51,2000.0,61.53,221.5,5.40,5.40,10.80
2675,4259.89,1.724,-288.880,38.142,-570.127,38.142,4.56,2000.0,61.60,221.8,5.50,5.30,10.80
2676,4261.62,1.726,-287.956,38.222,-571.583,38.222,4.60,2000.0,61.68,222.0,5.55,5.25,10.80
2677,4263.35,1.728,-287.032,38.302,-573.041,38.302,4.65,1963.6,61.77,222.4,5.60,5.20,10.80
2678,4265.08,1.731,-286.108,38.383,-574.502,38.383,4.70,1947.5,61.83,222.6,5.65,5.15,10.80
2679,4266.81,1.732,-285.185,38.465,-575.966,38.465,4.71,1962.6,61.92,222.9,5.75,5.05,10.80
2680,4268.55,1.735,-284.262,38.547,-577.432,38.547,4.74,2000.0,61.98,223.1,5.80,5.00,10.80
2681,4270.28,1.737,-283.339,38.629,-578.901,38.629,4.76,2000.0,62.06,223.4,5.85,4.95,10.80
2682,4272.02,1.739,-282.416,38.713,-580.372,38.713,4.80,2000.0,62.14,223.7,5.90,4.90,10.80
2683,4273.77,1.741,-281.493,38.796,-581.846,38.796,4.81,2000.0,62.18,223.8,5.95,4.85,10.80
2684,4275.51,1.740,-280.572,38.879,-583.320,38.879,4.78,2000.0,62.10,223.6,6.00,4.80,10.80
2685,4277.24,1.736,-279.653,38.962,-584.791,38.962,4.78,2000.0,61.95,223.0,6.05,4.75,10.80
2686,4278.98,1.732,-278.738,39.046,-586.259,39.046,4.81,2000.0,61.79,222.5,6.10,4.70,10.80
2687,4280.70,1.728,-277.825,39.129,-587.724,39.129,4.80,2000.0,61.64,221.9,6.15,4.65,10.80
2688,4282.43,1.724,-276.915,39.212,-589.186,39.212,4.82,2000.0,61.54,221.5,6.20,4.55,10.75
2689,4284.15,1.723,-276.006,39.295,-590.647,39.295,4.87,2000.0,61.54,221.5,6.25,4.50,10.75
2690,4285.88,1.724,-275.096,39.380,-592.109,39.380,4.95,2000.0,61.60,221.8,6.30,4.45,10.75
2691,4287.60,1.726,-274.186,39.467,-593.573,39.467,5.04,2000.0,61.68,222.1,6.35,4.45,10.80
2692,4289.33,1.728,-273.274,39.555,-595.038,39.555,5.11,2000.0,61.75,222.3,6.40,4.40,10.80
2693,4291.06,1.730,-272.360,39.645,-596.505,39.645,5.16,2000.0,61.83,222.6,6.45,4.35,10.80
2694,4292.80,1.733,-271.445,39.735,-597.973,39.735,5.23,2000.0,61.91,222.9,6.50,4.30,10.80
2695,4294.53,1.735,-270.528,39.827,-599.443,39.827,5.29,2000.0,61.98,223.1,6.55,4.25,10.80
2696,4296.27,1.737,-269.609,39.919,-600.914,39.919,5.32,2000.0,62.05,223.4,6.60,4.20,10.80
2697,4298.01,1.738,-268.689,40.012,-602.386,40.012,5.34,2000.0,62.09,223.5,6.60,4.15,10.75
2698,4299.75,1.739,-267.768,40.104,-603.858,40.104,5.31,2000.0,62.09,223.5,6.65,4.10,10.75
2699,4301.48,1.737,-266.847,40.197,-605.327,40.197,5.35,2000.0,61.97,223.1,6.70,4.05,10.75
2700,4303.22,1.731,-265.928,40.290,-606.791,40.290,5.37,2000.0,61.70,222.1,6.75,4.00,10.75
2701,4304.94,1.723,-265.013,40.382,-608.248,40.382,5.36,2000.0,61.38,221.0,6.80,3.95,10.75
2702,4306.65,1.713,-264.103,40.473,-609.697,40.473,5.32,2000.0,61.02,219.7,6.80,3.90,10.70
2703,4308.35,1.702,-263.199,40.562,-611.136,40.562,5.27,2000.0,60.61,218.2,6.85,3.80,10.65
2704,4310.04,1.690,-262.301,40.651,-612.564,40.651,5.28,2000.0,60.15,216.5,6.90,3.75,10.65
2705,4311.72,1.678,-261.410,40.740,-613.983,40.740,5.29,2000.0,59.69,214.9,6.95,3.70,10.65
2706,4313.39,1.665,-260.525,40.829,-615.390,40.829,5.34,2000.0,59.33,213.6,7.00,3.65,10.65
2707,4315.04,1.654,-259.646,40.917,-616.788,40.917,5.36,2000.0,58.87,211.9,7.05,3.60,10.65
2708,4316.69,1.642,-258.773,41.006,-618.176,41.006,5.44,2000.0,58.45,210.4,7.10,3.55,10.65
2709,4318.31,1.628,-257.907,41.097,-619.552,41.097,5.56,2000.0,57.94,208.6,7.10,3.50,10.60
2710,4319.93,1.615,-257.048,41.188,-620.917,41.188,5.68,2000.0,57.48,206.9,7.15,3.45,10.60
2711,4321.53,1.601,-256.197,41.281,-622.270,41.281,5.79,2000.0,56.97,205.1,7.20,3.40,10.60
2712,4323.12,1.587,-255.353,41.375,-623.611,41.375,5.91,2000.0,56.49,203.4,7.25,3.35,10.60
2713,4324.69,1.574,-254.515,41.469,-624.940,41.469,5.99,2000.0,56.02,201.7,7.35,3.30,10.65
2714,4326.26,1.563,-253.684,41.561,-626.260,41.561,5.94,2000.0,55.64,200.3,7.40,3.25,10.65
2715,4327.81,1.551,-252.858,41.652,-627.570,41.652,5.88,2000.0,55.25,198.9,7.45,3.20,10.65
2716,4329.35,1.541,-252.038,41.741,-628.872,41.741,5.76,2000.0,54.85,197.5,7.50,3.15,10.65
2717,4330.88,1.530,-251.224,41.828,-630.164,41.828,5.70,2000.0,54.50,196.2,7.55,3.10,10.65
2718,4332.40,1.517,-250.416,41.914,-631.445,41.914,5.67,2000.0,53.95,194.2,7.60,3.05,10.65
2719,4333.90,1.506,-249.614,41.999,-632.716,41.999,5.67,2000.0,53.54,192.7,7.65,3.00,10.65
2720,4335.61,1.703,-248.707,42.096,-634.154,42.096,5.73,2000.0,52.99,190.8,7.70,2.95,10.65
2721,4337.29,1.685,-247.809,42.195,-635.576,42.195,5.84,2000.0,52.40,188.6,7.75,2.90,10.65
2722,4338.96,1.666,-246.922,42.294,-636.982,42.294,5.97,2000.0,51.78,186.4,7.85,2.80,10.65
2723,4340.61,1.650,-246.042,42.393,-638.374,42.393,6.03,2000.0,51.34,184.8,7.90,2.75,10.65
2724,4342.24,1.633,-245.172,42.492,-639.753,42.492,6.07,2000.0,50.88,183.2,7.95,2.70,10.65
2725,4343.86,1.618,-244.309,42.589,-641.118,42.589,6.03,2000.0,50.35,181.2,8.00,2.65,10.65
2726,4345.46,1.603,-243.455,42.686,-642.471,42.686,6.02,2000.0,49.88,179.6,8.05,2.60,10.65
2727,4347.05,1.587,-242.610,42.781,-643.811,42.781,6.02,2000.0,49.35,177.7,8.15,2.55,10.70
2728,4348.62,1.570,-241.774,42.876,-645.138,42.876,6.08,2000.0,48.88,176.0,8.20,2.50,10.70
2729,4350.18,1.554,-240.948,42.971,-646.450,42.971,6.08,2000.0,48.33,174.0,8.25,2.45,10.70
2730,4351.72,1.537,-240.131,43.065,-647.749,43.065,6.15,2000.0,47.82,172.2,8.30,2.40,10.70
2731,4353.24,1.521,-239.323,43.158,-649.034,43.158,6.16,2000.0,47.28,170.2,8.35,2.35,10.70
2732,4354.74,1.504,-238.526,43.252,-650.305,43.252,6.22,2000.0,46.77,168.4,8.40,2.30,10.70
2733,4356.41,1.673,-237.639,43.356,-651.720,43.356,6.25,2000.0,46.23,166.4,8.45,2.25,10.70
2734,4358.07,1.654,-236.763,43.459,-653.119,43.459,6.25,1725.5,45.68,164.5,8.55,2.20,10.75
2735,4359.70,1.633,-235.899,43.562,-654.502,43.562,6.31,1448.4,45.13,162.5,8.60,2.15,10.75
2736,4361.31,1.612,-235.049,43.665,-655.867,43.665,6.41,1245.5,44.52,160.3,8.65,2.10,10.75
2737,4362.91,1.593,-234.209,43.768,-657.218,43.768,6.43,1090.6,44.00,158.4,8.70,2.05,10.75
2738,4364.48,1.574,-233.383,43.869,-658.553,43.869,6.48,997.3,43.52,156.7,8.70,2.00,10.70
2739,4366.04,1.557,-232.567,43.969,-659.875,43.969,6.43,945.9,43.00,154.8,8.75,2.00,10.75
2740,4367.58,1.538,-231.763,44.068,-661.183,44.068,6.43,938.3,42.52,153.1,8.80,1.95,10.75
2741,4369.10,1.520,-230.971,44.165,-662.477,44.165,6.39,974.0,42.01,151.2,8.85,1.90,10.75
2742,4370.77,1.668,-230.104,44.272,-663.898,44.272,6.41,1062.0,41.47,149.3,8.85,1.90,10.75
2743,4372.42,1.648,-229.251,44.377,-665.304,44.377,6.39,1242.5,40.98,147.5,8.90,1.85,10.75
2744,4374.05,1.629,-228.409,44.479,-666.696,44.479,6.28,1577.1,40.51,145.8,8.90,1.85,10.75
2745,4375.66,1.608,-227.580,44.579,-668.070,44.579,6.24,2000.0,39.99,144.0,8.95,1.80,10.75
2746,4377.24,1.588,-226.761,44.677,-669.428,44.677,6.22,2000.0,39.47,142.1,8.95,1.80,10.75
2747,4378.81,1.567,-225.954,44.776,-670.768,44.776,6.33,2000.0,38.99,140.4,9.00,1.80,10.80
2748,4380.36,1.547,-225.158,44.876,-672.091,44.876,6.43,2000.0,38.44,138.4,9.00,1.75,10.75
2749,4381.89,1.529,-224.370,44.975,-673.398,44.975,6.53,2000.0,38.00,136.8,9.00,1.75,10.75
2750,4383.40,1.509,-223.592,45.076,-674.687,45.076,6.67,2000.0,37.52,135.1,9.05,1.70,10.75
2751,4385.04,1.639,-222.747,45.186,-676.086,45.186,6.74,2000.0,37.00,133.2,9.05,1.70,10.75
2752,4386.65,1.615,-221.914,45.297,-677.465,45.297,6.87,2000.0,36.48,131.3,9.10,1.65,10.75
2753,4388.25,1.593,-221.091,45.407,-678.825,45.407,6.94,2000.0,35.97,129.5,9.10,1.65,10.75
2754,4389.82,1.570,-220.282,45.517,-680.166,45.517,7.01,2000.0,35.47,127.7,9.10,1.60,10.70
2755,4391.37,1.549,-219.483,45.624,-681.490,45.624,6.96,1578.4,34.96,125.9,9.15,1.60,10.75
2756,4392.90,1.530,-218.696,45.731,-682.797,45.731,6.98,1230.9,34.64,124.7,9.15,1.60,10.75
2757,4394.41,1.514,-217.919,45.835,-684.092,45.835,6.90,1066.0,34.24,123.3,9.15,1.55,10.70
2758,4396.05,1.633,-217.083,45.949,-685.491,45.949,7.00,986.4,33.84,121.8,9.20,1.55,10.75
2759,4397.66,1.614,-216.260,46.064,-686.875,46.064,7.13,984.5,33.47,120.5,9.20,1.55,10.75
2760,4399.26,1.596,-215.449,46.178,-688.245,46.178,7.19,1054.6,33.07,119.1,9.20,1.55,10.75
2761,4400.84,1.578,-214.649,46.291,-689.601,46.291,7.15,1177.8,32.69,117.7,9.20,1.55,10.75
2762,4402.40,1.559,-213.860,46.401,-690.941,46.401,7.05,1346.3,32.31,116.3,9.20,1.50,10.70
2763,4403.94,1.540,-213.082,46.509,-692.266,46.509,7.03,1570.6,31.91,114.9,9.20,1.50,10.70
2764,4405.46,1.522,-212.315,46.615,-693.576,46.615,7.01,1833.2,31.54,113.5,9.15,1.50,10.65
2765,4407.09,1.627,-211.495,46.729,-694.977,46.729,7.02,2000.0,31.12,112.0,9.15,1.55,10.70
2766,4408.69,1.606,-210.688,46.841,-696.361,46.841,7.00,2000.0,30.65,110.3,9.15,1.55,10.70
2767,4410.28,1.584,-209.892,46.955,-697.726,46.955,7.22,2000.0,30.29,109.0,9.15,1.55,10.70
2768,4411.84,1.563,-209.108,47.069,-699.073,47.069,7.31,2000.0,29.87,107.5,9.15,1.55,10.70
2769,4413.38,1.542,-208.335,47.183,-700.403,47.183,7.42,2000.0,29.45,106.0,9.15,1.55,10.70
2770,4414.91,1.521,-207.574,47.297,-701.715,47.297,7.48,2000.0,29.09,104.7,9.10,1.55,10.65
2771,4416.52,1.615,-206.766,47.415,-703.108,47.415,7.35,2000.0,28.64,103.1,9.10,1.55,10.65
2772,4418.11,1.591,-205.971,47.530,-704.481,47.530,7.24,2000.0,28.19,101.5,9.10,1.55,10.65
2773,4419.68,1.567,-205.188,47.642,-705.834,47.642,7.14,2000.0,27.79,100.0,9.10,1.60,10.70
2774,4421.22,1.541,-204.420,47.752,-707.165,47.752,7.14,2000.0,27.34,98.4,9.10,1.60,10.70
2775,4422.74,1.519,-203.663,47.859,-708.478,47.859,7.08,2000.0,26.88,96.8,9.10,1.60,10.70
2776,4424.34,1.600,-202.868,47.974,-709.862,47.974,7.22,2000.0,26.48,95.3,9.10,1.60,10.70
2777,4425.92,1.573,-202.087,48.089,-711.222,48.089,7.30,2000.0,26.02,93.7,9.10,1.65,10.75
2778,4427.46,1.547,-201.320,48.201,-712.562,48.201,7.30,2000.0,25.59,92.1,9.05,1.65,10.70
2779,4428.99,1.524,-200.565,48.312,-713.881,48.312,7.29,2000.0,25.22,90.8,9.05,1.65,10.70
2780,4430.59,1.601,-199.773,48.429,-715.268,48.429,7.29,1993.1,24.84,89.4,9.05,1.65,10.70
2781,4432.17,1.576,-198.994,48.542,-716.633,48.542,7.19,1620.0,24.45,88.0,9.05,1.70,10.75
2782,4433.72,1.551,-198.228,48.651,-717.978,48.651,7.05,1186.2,24.06,86.6,9.05,1.70,10.75
2783,4435.24,1.525,-197.476,48.758,-719.301,48.758,7.07,826.8,23.66,85.2,9.05,1.75,10.80
2784,4436.84,1.594,-196.692,48.872,-720.684,48.872,7.14,572.5,23.24,83.7,9.00,1.75,10.75
2785,4438.40,1.566,-195.924,48.983,-722.044,48.983,7.15,412.3,22.82,82.2,9.00,1.80,10.80
2786,4439.94,1.535,-195.176,49.092,-723.381,49.092,7.12,312.3,22.36,80.5,8.95,1.80,10.75
2787,4441.53,1.589,-194.408,49.208,-724.768,49.208,7.28,248.2,21.82,78.5,8.95,1.85,10.80
2788,4443.08,1.551,-193.668,49.323,-726.126,49.323,7.47,207.6,21.28,76.6,8.90,1.90,10.80
2789,4444.59,1.510,-192.958,49.437,-727.454,49.437,7.54,183.6,20.71,74.6,8.85,1.95,10.80
2790,4446.15,1.554,-192.238,49.550,-728.827,49.550,7.29,165.1,20.17,72.6,8.75,2.05,10.80
2791,4447.66,1.512,-191.552,49.657,-730.170,49.657,7.13,150.0,19.70,70.9,8.65,2.10,10.75
2792,4449.22,1.555,-190.860,49.764,-731.558,49.764,6.87,132.1,19.22,69.2,8.55,2.25,10.80
2793,4450.74,1.521,-190.197,49.871,-732.923,49.871,7.03,113.6,18.85,67.9,8.45,2.35,10.80
2794,4452.31,1.575,-189.526,49.981,-734.344,49.981,7.05,93.5,18.67,67.2,8.30,2.50,10.80
2795,4453.88,1.563,-188.879,50.089,-735.762,50.089,6.90,76.5,18.54,66.7,8.15,2.65,10.80
2796,4455.43,1.551,-188.263,50.196,-737.182,50.196,6.90,63.9,18.40,66.3,7.95,2.85,10.80
2797,4456.97,1.539,-187.687,50.303,-738.605,50.303,7.02,55.6,18.25,65.7,7.75,3.10,10.85
2798,4458.49,1.526,-187.158,50.407,-740.033,50.407,6.81,50.1,18.11,65.2,7.50,3.40,10.90
2799,4460.01,1.517,-186.681,50.506,-741.469,50.506,6.55,47.2,18.01,64.8,7.20,3.75,10.95
2800,4461.52,1.508,-186.258,50.603,-742.914,50.603,6.41,46.0,17.90,64.5,6.90,4.15,11.05
2801,4463.09,1.573,-185.869,50.701,-744.434,50.701,6.23,45.0,17.86,64.3,6.50,4.60,11.10
2802,4464.67,1.573,-185.533,50.797,-745.968,50.797,6.12,44.1,17.90,64.5,6.05,5.15,11.20
2803,4466.24,1.572,-185.254,50.898,-747.511,50.898,6.46,43.1,17.85,64.2,5.60,5.80,11.40
2804,4467.81,1.571,-185.027,50.999,-749.062,50.999,6.41,41.4,17.87,64.3,5.05,6.50,11.55
2805,4469.38,1.569,-184.854,51.095,-750.619,51.095,6.16,39.0,17.80,64.1,4.50,7.25,11.75
2806,4470.94,1.567,-184.745,51.188,-752.179,51.188,5.98,36.7,17.81,64.1,4.60,8.10,12.70
2807,4472.51,1.563,-184.704,51.278,-753.739,51.278,5.72,34.9,17.74,63.9,3.95,9.15,13.10
2808,4474.07,1.561,-184.732,51.360,-755.297,51.360,5.30,33.4,17.72,63.8,4.35,10.20,14.55
2809,4475.62,1.556,-184.829,51.437,-756.848,51.437,4.93,32.4,17.66,63.6,3.65,11.35,15.00
2810,4477.18,1.552,-185.011,51.518,-758.387,51.518,5.21,32.0,17.59,63.3,3.00,12.80,15.80
2811,4478.72,1.545,-185.273,51.607,-759.907,51.607,5.80,31.7,17.54,63.1,2.35,14.45,16.80
2812,4480.26,1.538,-185.606,51.699,-761.406,51.699,5.96,31.1,17.42,62.7,2.05,16.20,18.25
2813,4481.79,1.533,-185.999,51.790,-762.886,51.790,5.99,30.1,17.40,62.7,2.30,18.05,20.35
2814,4483.32,1.524,-186.454,51.873,-764.338,51.873,5.45,29.2,17.27,62.2,2.90,20.10,23.00
2815,4484.84,1.518,-186.981,51.950,-765.759,51.950,5.07,29.0,17.19,61.9,3.60,22.35,25.95
2816,4486.34,1.508,-187.593,52.027,-767.136,52.027,5.12,30.1,17.10,61.6,4.40,25.10,29.50
2817,4487.85,1.503,-188.285,52.105,-768.467,52.105,5.17,33.0,17.03,61.3,4.05,11.40,15.45
2818,4489.41,1.566,-189.089,52.188,-769.808,52.188,5.32,39.3,17.05,61.4,4.85,11.15,16.00
2819,4490.98,1.565,-189.957,52.269,-771.109,52.269,5.21,52.6,17.00,61.2,5.60,11.00,16.60
2820,4492.55,1.567,-190.860,52.346,-772.387,52.346,4.86,83.5,17.07,61.5,5.55,10.35,15.90
2821,4494.12,1.568,-191.779,52.424,-773.654,52.424,4.98,188.6,17.04,61.4,6.30,9.75,16.05
2822,4495.62,1.503,-192.663,52.505,-774.868,52.505,5.46,2000.0,17.13,61.7,7.00,9.20,16.20
2823,4497.12,1.505,-193.544,52.590,-776.086,52.590,5.63,189.6,17.10,61.5,7.70,8.65,16.35
2824,4498.63,1.507,-194.415,52.672,-777.312,52.672,5.48,106.6,17.15,61.7,8.40,8.10,16.50
2825,4500.14,1.509,-195.268,52.763,-778.554,52.763,5.98,77.0,17.14,61.7,9.10,7.55,16.65
2826,4501.65,1.508,-196.091,52.866,-779.813,52.866,6.90,63.0,17.16,61.8,9.75,7.00,16.75
2827,4503.16,1.511,-196.889,52.969,-781.092,52.969,6.81,55.0,17.13,61.7,10.40,6.35,16.75
2828,4504.67,1.507,-197.651,53.059,-782.389,53.059,5.95,50.7,17.13,61.7,11.00,5.75,16.75
2829,4506.18,1.509,-198.363,53.150,-783.716,53.150,6.06,49.7,17.12,61.6,11.55,5.05,16.60
2830,4507.68,1.505,-199.020,53.250,-785.066,53.250,6.69,51.5,17.10,61.6,12.00,4.30,16.30
2831,4509.19,1.508,-199.636,53.353,-786.439,53.353,6.85,54.6,17.19,61.9,12.30,3.45,15.75
2832,4510.71,1.517,-200.223,53.455,-787.835,53.455,6.68,57.5,17.20,61.9,12.45,2.50,14.95
2833,4512.22,1.512,-200.777,53.554,-789.238,53.554,6.59,59.0,17.19,61.9,12.50,4.60,17.10
2834,4513.74,1.514,-201.299,53.649,-790.657,53.649,6.32,58.2,17.26,62.1,12.35,6.80,19.15
2835,4515.26,1.526,-201.790,53.739,-792.098,53.739,5.87,55.8,17.42,62.7,12.10,7.35,19.45
2836,4516.81,1.545,-202.252,53.815,-793.571,53.815,4.96,53.4,17.64,63.5,11.70,7.15,18.85
2837,4518.35,1.546,-202.666,53.885,-795.058,53.885,4.52,52.3,17.57,63.2,11.15,6.95,18.10
2838,4519.90,1.547,-203.027,53.960,-796.561,53.960,4.82,52.8,17.62,63.4,10.50,6.65,17.15
2839,4521.46,1.558,-203.336,54.052,-798.085,54.052,5.92,54.4,17.79,64.0,9.75,6.35,16.10
2840,4522.96,1.505,-203.596,54.151,-799.564,54.151,6.63,55.8,18.04,64.9,9.05,6.15,15.20
2841,4524.49,1.523,-203.830,54.258,-801.065,54.258,7.05,55.8,18.10,65.2,8.30,6.85,15.15
2842,4526.01,1.521,-204.032,54.364,-802.569,54.364,6.93,54.7,18.11,65.2,7.55,7.50,15.05
2843,4527.53,1.524,-204.191,54.466,-804.082,54.466,6.71,53.3,18.19,65.5,6.80,8.05,14.85
2844,4529.07,1.534,-204.301,54.569,-805.608,54.569,6.73,52.1,18.35,66.0,6.15,8.55,14.70
2845,4530.62,1.550,-204.358,54.673,-807.154,54.673,6.74,51.9,18.58,66.9,5.50,8.50,14.00
2846,4532.19,1.575,-204.365,54.780,-808.725,54.780,6.79,53.0,18.91,68.1,5.35,8.70,14.05
2847,4533.72,1.530,-204.330,54.880,-810.251,54.880,6.58,54.8,19.32,69.5,4.85,9.05,13.90
2848,4535.27,1.551,-204.255,54.979,-811.797,54.979,6.37,56.4,19.36,69.7,4.40,9.35,13.75
2849,4536.82,1.548,-204.137,55.073,-813.337,55.073,6.13,58.4,19.34,69.6,4.00,9.65,13.65
2850,4538.37,1.550,-203.977,55.167,-814.876,55.167,6.03,61.0,19.41,69.9,3.60,9.90,13.50
2851,4539.93,1.558,-203.775,55.261,-816.418,55.261,6.09,64.2,19.55,70.4,3.30,10.10,13.40
2852,4541.50,1.573,-203.531,55.359,-817.969,55.359,6.21,68.9,19.77,71.2,3.00,10.30,13.30
2853,4543.02,1.514,-203.260,55.453,-819.455,55.453,6.24,76.0,20.05,72.2,2.80,10.45,13.25
2854,4544.55,1.538,-202.955,55.548,-820.960,55.548,6.20,83.1,20.42,73.5,2.60,10.60,13.20
2855,4546.12,1.569,-202.620,55.642,-822.490,55.642,5.98,89.4,20.85,75.1,2.40,10.70,13.10
2856,4547.64,1.519,-202.272,55.731,-823.965,55.731,5.86,95.3,21.32,76.8,2.25,10.80,13.05
2857,4549.20,1.555,-201.893,55.820,-825.470,55.820,5.77,99.9,21.84,78.6,2.10,10.90,13.00
2858,4550.79,1.587,-201.482,55.910,-827.001,55.910,5.64,103.1,22.11,79.6,2.00,11.00,13.00
2859,4552.30,1.510,-201.067,55.992,-828.450,55.992,5.49,109.1,22.29,80.2,1.90,11.05,12.95
2860,4553.82,1.522,-200.627,56.074,-829.904,56.074,5.38,117.7,22.47,80.9,1.85,11.05,12.90
2861,4555.35,1.535,-200.165,56.157,-831.365,56.157,5.38,127.6,22.67,81.6,1.75,11.05,12.80
2862,4556.90,1.551,-199.679,56.240,-832.837,56.240,5.37,140.3,22.93,82.6,1.75,11.05,12.80
2863,4558.47,1.566,-199.173,56.323,-834.317,56.323,5.29,155.6,23.13,83.3,1.70,20.20,21.90
2864,4560.05,1.581,-198.646,56.405,-835.805,56.405,5.22,170.6,23.34,84.0,1.70,22.25,23.95
2865,4561.65,1.595,-198.102,56.486,-837.302,56.486,5.08,185.4,23.56,84.8,1.65,23.20,24.85
2866,4563.16,1.515,-197.575,56.561,-838.720,56.561,4.98,201.4,23.75,85.5,1.65,22.35,24.00
2867,4564.69,1.527,-197.033,56.635,-840.146,56.635,4.82,216.9,23.98,86.3,1.65,21.55,23.20
2868,4566.23,1.541,-196.475,56.709,-841.581,56.709,4.85,232.4,24.18,87.0,1.65,20.80,22.45
2869,4567.79,1.554,-195.902,56.785,-843.024,56.785,4.88,247.9,24.40,87.8,1.60,20.10,21.70
2870,4569.35,1.568,-195.316,56.862,-844.476,56.862,4.90,264.3,24.59,88.5,1.60,19.40,21.00
2871,4570.94,1.582,-194.716,56.939,-845.937,56.939,4.86,276.4,24.81,89.3,1.65,18.75,20.40
2872,4572.53,1.595,-194.103,57.018,-847.407,57.018,4.95,284.5,25.02,90.1,1.65,18.10,19.75
2873,4574.04,1.508,-193.516,57.091,-848.795,57.091,4.87,286.4,25.24,90.9,1.65,17.50,19.15
2874,4575.56,1.520,-192.918,57.165,-850.190,57.165,4.90,280.8,25.42,91.5,1.65,16.90,18.55
2875,4577.09,1.532,-192.309,57.238,-851.594,57.238,4.76,268.4,25.67,92.4,1.70,16.30,18.00
2876,4578.64,1.546,-191.686,57.313,-853.006,57.313,4.87,254.8,25.84,93.0,1.70,15.75,17.45
2877,4580.20,1.557,-191.049,57.391,-854.425,57.391,4.97,240.5,26.06,93.8,1.75,15.20,16.95
2878,4581.77,1.570,-190.398,57.470,-855.851,57.470,5.04,228.3,26.25,94.5,1.80,14.70,16.50
2879,4583.35,1.582,-189.731,57.549,-857.284,57.549,5.00,219.4,26.47,95.3,1.85,14.15,16.00
2880,4584.94,1.595,-189.049,57.628,-858.723,57.628,4.96,214.3,26.68,96.0,1.90,13.65,15.55
2881,4586.55,1.607,-188.349,57.707,-860.168,57.707,4.92,212.6,26.89,96.8,1.95,13.15,15.10
2882,4588.06,1.512,-187.681,57.780,-861.522,57.780,4.85,216.8,27.08,97.5,1.95,12.70,14.65
2883,4589.59,1.522,-186.999,57.852,-862.881,57.852,4.76,223.3,27.27,98.2,2.00,12.25,14.25
2884,4591.12,1.533,-186.303,57.924,-864.245,57.924,4.65,230.9,27.48,98.9,2.00,11.85,13.85
2885,4592.67,1.544,-185.592,57.995,-865.614,57.995,4.65,239.5,27.66,99.6,2.05,11.45,13.50
2886,4594.22,1.555,-184.868,58.067,-866.988,58.067,4.62,247.1,27.86,100.3,2.05,10.15,12.20
2887,4595.79,1.566,-184.130,58.139,-868.367,58.139,4.57,249.8,28.05,101.0,2.05,9.80,11.85
2888,4597.36,1.577,-183.378,58.210,-869.751,58.210,4.53,251.4,28.24,101.7,2.00,9.40,11.40
2889,4598.95,1.587,-182.612,58.281,-871.139,58.281,4.49,253.7,28.43,102.3,1.95,9.30,11.25
2890,4600.55,1.598,-181.832,58.352,-872.533,58.352,4.46,256.9,28.63,103.1,1.95,10.05,12.00
2891,4602.16,1.609,-181.038,58.424,-873.930,58.424,4.49,263.0,28.83,103.8,1.90,10.10,12.00
2892,4603.67,1.505,-180.288,58.492,-875.233,58.492,4.51,275.7,29.02,104.5,1.85,10.20,12.05
2893,4605.18,1.514,-179.525,58.560,-876.539,58.560,4.49,291.2,29.21,105.2,1.95,10.25,12.20
2894,4606.71,1.524,-178.751,58.628,-877.851,58.628,4.46,308.8,29.40,105.8,2.05,10.30,12.35
2895,4608.24,1.534,-177.966,58.696,-879.167,58.696,4.41,329.4,29.60,106.6,2.20,10.30,12.50
2896,4609.79,1.545,-177.169,58.763,-880.489,58.763,4.38,353.3,29.81,107.3,2.35,10.35,12.70
2897,4611.34,1.556,-176.359,58.831,-881.816,58.831,4.36,381.0,30.02,108.1,2.55,10.40,12.95
2898,4612.91,1.567,-175.539,58.899,-883.150,58.899,4.30,415.6,30.25,108.9,2.70,10.45,13.15
2899,4614.49,1.580,-174.706,58.966,-884.491,58.966,4.26,469.5,30.50,109.8,2.75,10.50,13.25
2900,4616.08,1.593,-173.861,59.033,-885.840,59.033,4.23,558.5,30.76,110.7,2.75,10.55,13.30
2901,4617.69,1.607,-173.005,59.101,-887.198,59.101,4.21,718.8,31.03,111.7,2.75,10.60,13.35
2902,4619.31,1.621,-172.138,59.169,-888.566,59.169,4.22,1055.7,31.30,112.7,2.80,10.65,13.45
2903,4620.82,1.509,-171.330,59.233,-889.838,59.233,4.22,2000.0,31.55,113.6,2.80,10.70,13.50
2904,4622.35,1.521,-170.514,59.297,-891.120,59.297,4.25,2000.0,31.79,114.4,2.85,10.75,13.60
2905,4623.88,1.533,-169.691,59.362,-892.412,59.362,4.24,2000.0,32.05,115.4,2.85,10.75,13.60
2906,4625.42,1.545,-168.864,59.428,-893.714,59.428,4.28,1392.7,32.30,116.3,2.90,10.85,13.75
2907,4626.98,1.557,-168.031,59.495,-895.028,59.495,4.30,1018.9,32.55,117.2,2.90,10.90,13.80
2908,4628.55,1.569,-167.195,59.563,-896.354,59.563,4.34,860.5,32.80,118.1,2.95,11.00,13.95
2909,4630.13,1.581,-166.355,59.632,-897.691,59.632,4.37,786.2,33.05,119.0,2.95,11.10,14.05
2910,4631.73,1.593,-165.512,59.702,-899.041,59.702,4.39,762.1,33.30,119.9,2.95,11.20,14.15
2911,4633.33,1.605,-164.666,59.772,-900.403,59.772,4.39,779.2,33.54,120.7,3.00,11.30,14.30
2912,4634.95,1.616,-163.817,59.841,-901.776,59.841,4.29,829.6,33.79,121.7,3.00,11.40,14.40
2913,4636.58,1.628,-162.964,59.910,-903.161,59.910,4.21,923.8,34.03,122.5,3.00,11.55,14.55
2914,4638.08,1.504,-162.179,59.972,-904.442,59.972,4.11,1096.2,34.27,123.4,3.00,11.65,14.65
2915,4639.59,1.513,-161.390,60.032,-905.732,60.032,4.02,1378.4,34.49,124.2,3.00,11.75,14.75
2916,4641.12,1.524,-160.597,60.093,-907.032,60.093,3.96,1877.0,34.74,125.1,3.00,11.85,14.85
2917,4642.65,1.534,-159.801,60.153,-908.341,60.153,3.95,2000.0,34.96,125.9,3.00,11.95,14.95
2918,4644.20,1.544,-158.999,60.215,-909.659,60.215,3.98,2000.0,35.21,126.8,3.00,12.10,15.10
2919,4645.75,1.555,-158.192,60.278,-910.987,60.278,4.10,2000.0,35.42,127.5,3.00,12.20,15.20
2920,4647.32,1.564,-157.380,60.343,-912.322,60.343,4.15,2000.0,35.66,128.4,2.95,12.30,15.25
2921,4648.89,1.575,-156.563,60.410,-913.666,60.410,4.22,2000.0,35.87,129.1,2.95,12.45,15.40
2922,4650.48,1.584,-155.740,60.475,-915.018,60.475,4.15,2000.0,36.11,130.0,2.95,12.55,15.50
2923,4652.07,1.594,-154.910,60.541,-916.378,60.541,4.13,2000.0,36.32,130.8,2.95,12.65,15.60
2924,4653.68,1.604,-154.075,60.606,-917.745,60.606,4.04,2000.0,36.55,131.6,2.95,12.80,15.75
2925,4655.29,1.614,-153.234,60.670,-919.121,60.670,3.96,2000.0,36.77,132.4,2.95,12.90,15.85
2926,4656.91,1.623,-152.387,60.732,-920.503,60.732,3.81,2000.0,36.98,133.1,2.95,13.00,15.95
2927,4658.55,1.633,-151.533,60.793,-921.894,60.793,3.74,2000.0,37.23,134.0,2.95,13.15,16.10
2928,4660.19,1.644,-150.673,60.854,-923.293,60.854,3.73,2000.0,37.46,134.8,2.95,13.25,16.20
2929,4661.69,1.503,-149.885,60.910,-924.572,60.910,3.75,2000.0,37.66,135.6,2.95,13.35,16.30
2930,4663.21,1.511,-149.092,60.967,-925.856,60.967,3.76,2000.0,37.86,136.3,3.00,13.45,16.45
2931,4664.73,1.519,-148.294,61.024,-927.148,61.024,3.78,2000.0,38.07,137.0,3.00,13.55,16.55
2932,4666.25,1.527,-147.492,61.082,-928.445,61.082,3.77,2000.0,38.25,137.7,3.00,12.95,15.95
2933,4667.79,1.535,-146.685,61.140,-929.749,61.140,3.76,2000.0,38.44,138.4,3.00,13.05,16.05
2934,4669.33,1.543,-145.873,61.197,-931.060,61.197,3.70,2000.0,38.67,139.2,3.00,13.15,16.15
2935,4670.88,1.551,-145.058,61.254,-932.378,61.254,3.68,2000.0,38.84,139.8,3.00,13.25,16.25
2936,4672.44,1.558,-144.238,61.309,-933.702,61.309,3.52,2000.0,39.05,140.6,3.00,13.35,16.35
2937,4674.01,1.565,-143.416,61.362,-935.033,61.362,3.41,2000.0,39.17,141.0,3.05,13.45,16.50
2938,4675.58,1.568,-142.592,61.414,-936.365,61.414,3.33,2000.0,39.17,141.0,3.05,13.60,16.65
2939,4677.14,1.562,-141.771,61.467,-937.693,61.467,3.43,2000.0,38.93,140.2,3.05,13.70,16.75
2940,4678.69,1.549,-140.957,61.522,-939.010,61.522,3.50,2000.0,38.57,138.9,3.05,13.80,16.85
2941,4680.22,1.534,-140.150,61.576,-940.315,61.576,3.51,2000.0,38.18,137.4,3.05,13.90,16.95
2942,4681.74,1.518,-139.352,61.628,-941.605,61.628,3.48,2000.0,37.77,136.0,3.05,14.00,17.05
2943,4683.24,1.501,-138.563,61.680,-942.881,61.680,3.43,2000.0,37.32,134.4,3.05,14.10,17.15
2944,4684.87,1.630,-137.707,61.734,-944.267,61.734,3.32,2000.0,36.80,132.5,3.10,14.20,17.30
2945,4686.48,1.606,-136.863,61.787,-945.632,61.787,3.31,2000.0,36.25,130.5,3.10,14.30,17.40
2946,4688.06,1.583,-136.031,61.839,-946.977,61.839,3.29,2000.0,35.74,128.6,3.10,14.40,17.50
2947,4689.63,1.562,-135.211,61.889,-948.305,61.889,3.20,2000.0,35.28,127.0,3.10,14.55,17.65
2948,4691.17,1.540,-134.402,61.937,-949.615,61.937,3.11,2000.0,34.79,125.2,3.10,14.65,17.75
2949,4692.69,1.519,-133.606,61.984,-950.907,61.984,3.09,1819.3,34.31,123.5,3.10,14.75,17.85
2950,4694.32,1.635,-132.750,62.035,-952.300,62.035,3.15,1566.7,33.85,121.9,3.10,14.85,17.95
2951,4695.94,1.614,-131.907,62.086,-953.675,62.086,3.14,1430.6,33.42,120.3,3.10,14.95,18.05
2952,4697.53,1.592,-131.077,62.134,-955.033,62.134,3.01,1383.1,32.96,118.7,3.10,15.10,18.20
2953,4699.10,1.571,-130.259,62.179,-956.373,62.179,2.87,1413.0,32.51,117.0,3.10,15.20,18.30
2954,4700.65,1.549,-129.455,62.222,-957.695,62.222,2.81,1532.8,32.07,115.4,3.10,15.30,18.40
2955,4702.18,1.529,-128.662,62.266,-959.002,62.266,2.89,1825.2,31.68,114.0,3.10,15.45,18.55
2956,4703.69,1.511,-127.880,62.312,-960.294,62.312,3.02,2000.0,31.31,112.7,3.10,15.55,18.65
2957,4705.31,1.616,-127.045,62.361,-961.677,62.361,3.06,2000.0,30.89,111.2,3.10,15.70,18.80
2958,4706.90,1.595,-126.221,62.408,-963.042,62.408,2.93,2000.0,30.48,109.7,3.05,16.50,19.55
2959,4708.48,1.572,-125.409,62.454,-964.388,62.454,2.91,2000.0,30.05,108.2,3.05,16.60,19.65
2960,4710.03,1.552,-124.607,62.499,-965.716,62.499,2.91,2000.0,29.64,106.7,3.05,16.75,19.80
2961,4711.56,1.530,-123.815,62.545,-967.024,62.545,3.04,1483.2,29.25,105.3,3.05,16.85,19.90
2962,4713.07,1.510,-123.033,62.590,-968.315,62.590,2.99,1036.2,28.84,103.8,3.05,16.95,20.00
2963,4714.67,1.603,-122.201,62.637,-969.684,62.637,2.92,737.8,28.44,102.4,3.05,17.05,20.10
2964,4716.25,1.579,-121.379,62.679,-971.031,62.679,2.67,537.7,27.98,100.7,3.05,17.20,20.25
2965,4717.81,1.554,-120.566,62.721,-972.356,62.721,2.64,406.5,27.56,99.2,3.05,17.30,20.35
2966,4719.34,1.531,-119.761,62.762,-973.657,62.762,2.68,318.5,27.13,97.7,3.05,17.40,20.45
2967,4720.85,1.508,-118.963,62.803,-974.935,62.803,2.77,257.5,26.76,96.3,3.05,17.45,20.50
2968,4722.44,1.593,-118.112,62.845,-976.281,62.845,2.60,212.3,26.38,95.0,3.05,17.55,20.60
2969,4724.01,1.573,-117.261,62.886,-977.604,62.886,2.61,180.0,26.07,93.8,3.10,17.65,20.75
2970,4725.57,1.553,-116.410,62.926,-978.902,62.926,2.59,156.3,25.73,92.6,3.15,17.70,20.85
2971,4727.10,1.534,-115.556,62.965,-980.176,62.965,2.52,138.5,25.40,91.4,3.20,17.70,20.90
2972,4728.62,1.514,-114.700,63.002,-981.424,63.002,2.47,124.9,25.10,90.3,3.30,17.75,21.05
2973,4730.21,1.594,-113.783,63.039,-982.727,63.039,2.32,113.6,24.74,89.1,3.40,17.75,21.15
2974,4731.79,1.573,-112.859,63.076,-983.999,63.076,2.37,105.3,24.42,87.9,3.55,17.75,21.30
2975,4733.34,1.551,-111.929,63.113,-985.240,63.113,2.39,99.2,24.08,86.7,3.70,17.70,21.40
2976,4734.87,1.530,-110.992,63.149,-986.449,63.149,2.32,94.9,23.76,85.5,3.85,17.65,21.50
2977,4736.38,1.509,-110.049,63.182,-987.626,63.182,2.20,92.5,23.43,84.3,4.05,17.60,21.65
2978,4737.96,1.585,-109.037,63.214,-988.846,63.214,2.03,91.4,23.22,83.6,4.30,17.50,21.80
2979,4739.54,1.572,-108.012,63.242,-990.037,63.242,1.80,91.8,23.04,82.9,4.60,7.90,12.50
2980,4741.10,1.563,-106.970,63.269,-991.203,63.269,1.69,93.6,22.95,82.6,4.85,7.55,12.40
2981,4742.66,1.558,-105.912,63.294,-992.345,63.294,1.62,96.0,22.88,82.4,5.20,7.35,12.55
2982,4744.21,1.554,-104.839,63.316,-993.469,63.316,1.42,97.5,22.84,82.2,5.50,7.15,12.65
2983,4745.77,1.552,-103.751,63.337,-994.576,63.337,1.34,97.8,22.82,82.2,5.90,6.90,12.80
2984,4747.32,1.551,-102.648,63.358,-995.667,63.358,1.35,95.5,22.80,82.1,6.40,6.65,13.05
2985,4748.87,1.550,-101.529,63.380,-996.739,63.380,1.42,90.9,22.79,82.0,5.15,6.35,11.50
2986,4750.42,1.549,-100.393,63.402,-997.792,63.402,1.47,85.1,22.77,82.0,5.50,6.10,11.60
2987,4751.97,1.547,-99.240,63.426,-998.824,63.426,1.49,79.4,22.74,81.9,5.85,5.80,11.65
2988,4753.52,1.546,-98.069,63.448,-999.832,63.448,1.48,74.0,22.73,81.8,6.25,5.50,11.75
2989,4755.07,1.545,-96.877,63.471,-1000.815,63.471,1.46,69.3,22.71,81.7,6.60,5.20,11.80
2990,4756.61,1.543,-95.664,63.495,-1001.769,63.495,1.58,65.7,22.69,81.7,6.95,4.95,11.90
2991,4758.15,1.542,-94.430,63.520,-1002.693,63.520,1.58,63.0,22.67,81.6,7.30,4.65,11.95
2992,4759.70,1.541,-93.175,63.543,-1003.587,63.543,1.52,60.7,22.65,81.5,7.60,4.40,12.00
2993,4761.24,1.539,-91.898,63.569,-1004.446,63.569,1.71,59.1,22.62,81.4,7.85,4.15,12.00
2994,4762.78,1.537,-90.600,63.598,-1005.269,63.598,1.89,57.9,22.60,81.4,8.10,3.90,12.00
2995,4764.31,1.536,-89.282,63.626,-1006.057,63.626,1.83,57.0,22.57,81.3,8.30,3.70,12.00
2996,4765.85,1.534,-87.946,63.651,-1006.810,63.651,1.63,56.3,22.55,81.2,8.45,3.55,12.00
2997,4767.38,1.532,-86.591,63.675,-1007.526,63.675,1.53,55.9,22.52,81.1,8.60,3.40,12.00
2998,4768.92,1.531,-85.218,63.699,-1008.201,63.699,1.55,56.0,22.50,81.0,8.75,3.25,12.00
2999,4770.45,1.529,-83.826,63.725,-1008.835,63.725,1.71,56.7,22.48,80.9,8.95,3.10,12.05
3000,4771.98,1.528,-82.419,63.749,-1009.431,63.749,1.56,57.5,22.47,80.9,9.15,2.90,12.05
3001,4773.51,1.528,-80.999,63.768,-1009.992,63.768,1.27,58.1,22.46,80.9,9.30,2.80,12.10
3002,4775.04,1.527,-79.564,63.789,-1010.514,63.789,1.35,59.0,22.45,80.8,9.50,2.65,12.15
3003,4776.56,1.526,-78.117,63.809,-1011.000,63.809,1.34,59.6,22.45,80.8,9.65,2.55,12.20
3004,4778.09,1.526,-76.659,63.830,-1011.448,63.830,1.37,59.8,22.43,80.8,9.80,2.45,12.25
3005,4779.62,1.525,-75.190,63.853,-1011.858,63.853,1.47,59.6,22.43,80.7,9.95,2.35,12.30
3006,4781.15,1.525,-73.711,63.876,-1012.231,63.876,1.53,59.0,22.42,80.7,10.10,2.30,12.40
3007,4782.67,1.525,-72.224,63.900,-1012.566,63.900,1.61,57.7,22.42,80.7,10.25,2.25,12.50
3008,4784.20,1.524,-70.730,63.922,-1012.865,63.922,1.43,55.7,22.41,80.7,10.35,2.15,12.50
3009,4785.73,1.523,-69.229,63.942,-1013.124,63.942,1.29,53.4,22.40,80.6,10.45,2.10,12.55
3010,4787.25,1.522,-67.722,63.963,-1013.340,63.963,1.37,51.2,22.37,80.5,10.50,2.05,12.55
3011,4788.77,1.521,-66.211,63.985,-1013.508,63.985,1.48,49.2,22.35,80.5,10.55,2.00,12.55
3012,4790.29,1.519,-64.697,64.009,-1013.630,64.009,1.55,47.6,22.33,80.4,10.60,2.00,12.60
3013,4791.81,1.517,-63.182,64.033,-1013.702,64.033,1.62,46.5,22.29,80.3,10.65,2.00,12.65
3014,4793.33,1.515,-61.668,64.057,-1013.726,64.057,1.54,45.5,22.25,80.1,10.75,2.05,12.80
3015,4794.85,1.512,-60.156,64.081,-1013.698,64.081,1.59,44.7,22.22,80.0,10.85,2.00,12.85
3016,4796.36,1.510,-58.649,64.106,-1013.618,64.106,1.65,44.3,22.19,79.9,10.95,2.00,12.95
3017,4797.87,1.507,-57.148,64.130,-1013.487,64.130,1.60,44.1,22.15,79.7,11.10,2.00,13.10
3018,4799.38,1.506,-55.653,64.150,-1013.307,64.150,1.37,44.2,22.14,79.7,11.20,1.95,13.15
3019,4800.88,1.504,-54.167,64.173,-1013.072,64.173,1.49,45.0,22.11,79.6,11.30,1.85,13.15
3020,4802.39,1.503,-52.692,64.197,-1012.785,64.197,1.63,46.2,22.11,79.6,11.40,1.80,13.20
3021,4803.89,1.504,-51.226,64.221,-1012.450,64.221,1.56,47.7,22.12,79.6,11.45,1.75,13.20
3022,4805.40,1.505,-49.771,64.244,-1012.067,64.244,1.53,49.5,22.13,79.7,11.50,1.70,13.20
3023,4806.91,1.506,-48.326,64.262,-1011.644,64.262,1.18,51.3,22.18,79.8,11.50,1.65,13.15
3024,4808.42,1.510,-46.890,64.277,-1011.176,64.277,1.03,53.1,22.22,80.0,11.50,1.60,13.10
3025,4809.94,1.513,-45.466,64.292,-1010.666,64.292,0.96,54.9,22.27,80.2,11.55,1.60,13.15
3026,4811.45,1.517,-44.053,64.307,-1010.114,64.307,1.01,56.9,22.34,80.4,11.60,1.55,13.15
3027,4812.98,1.522,-42.652,64.324,-1009.522,64.324,1.10,59.1,22.41,80.7,11.60,1.50,13.10
3028,4814.51,1.526,-41.262,64.343,-1008.892,64.343,1.25,61.1,22.48,80.9,11.65,1.50,13.15
3029,4816.04,1.532,-39.883,64.363,-1008.225,64.363,1.34,62.1,22.57,81.2,11.70,1.50,13.20
3030,4817.58,1.538,-38.515,64.386,-1007.522,64.386,1.45,62.0,22.65,81.6,11.70,1.50,13.20
3031,4819.12,1.543,-37.159,64.406,-1006.786,64.406,1.31,60.7,22.74,81.9,11.70,1.55,13.25
3032,4820.67,1.549,-35.815,64.421,-1006.017,64.421,0.96,58.4,22.82,82.1,11.65,1.60,13.25
3033,4822.23,1.555,-34.486,64.435,-1005.208,64.435,0.93,56.1,22.90,82.4,11.60,1.70,13.30
3034,4823.79,1.559,-33.180,64.455,-1004.356,64.455,1.27,54.4,22.96,82.7,11.50,1.80,13.30
3035,4825.36,1.563,-31.898,64.479,-1003.463,64.479,1.52,53.0,23.02,82.9,11.40,1.90,13.30
3036,4826.93,1.567,-30.639,64.504,-1002.530,64.504,1.62,52.0,23.06,83.0,11.35,2.00,13.35
3037,4828.50,1.570,-29.405,64.529,-1001.560,64.529,1.58,51.5,23.12,83.2,11.35,2.10,13.45
3038,4830.07,1.573,-28.200,64.555,-1000.548,64.555,1.68,51.4,23.15,83.3,11.35,2.25,13.60
3039,4831.65,1.575,-27.026,64.583,-999.498,64.583,1.76,51.3,23.19,83.5,11.35,2.35,13.70
3040,4833.23,1.579,-25.884,64.612,-998.408,64.612,1.83,51.5,23.24,83.7,11.35,2.45,13.80
3041,4834.81,1.582,-24.776,64.643,-997.281,64.643,1.98,52.3,23.29,83.8,11.30,2.55,13.85
3042,4836.40,1.586,-23.698,64.673,-996.118,64.673,1.86,53.5,23.35,84.1,11.30,2.65,13.95
3043,4837.99,1.590,-22.651,64.700,-994.921,64.700,1.69,54.8,23.43,84.3,11.25,2.80,14.05
3044,4839.49,1.502,-21.693,64.724,-993.764,64.724,1.61,57.0,23.51,84.6,11.25,2.90,14.15
3045,4841.00,1.507,-20.765,64.748,-992.578,64.748,1.57,59.3,23.58,84.9,11.20,3.05,14.25
3046,4842.51,1.512,-19.862,64.769,-991.365,64.769,1.40,61.5,23.68,85.2,11.15,3.20,14.35
3047,4844.03,1.518,-18.986,64.788,-990.125,64.788,1.23,63.5,23.76,85.5,11.05,3.40,14.45
3048,4845.56,1.524,-18.137,64.804,-988.860,64.804,1.07,65.4,23.86,85.9,10.95,3.65,14.60
3049,4847.09,1.531,-17.312,64.817,-987.571,64.817,0.84,66.4,23.97,86.3,10.85,3.90,14.75
3050,4848.62,1.537,-16.515,64.829,-986.256,64.829,0.77,67.4,24.07,86.6,10.70,4.20,14.90
3051,4850.17,1.544,-15.745,64.838,-984.918,64.838,0.62,68.3,24.19,87.1,10.55,4.45,15.00
3052,4851.72,1.552,-15.003,64.848,-983.555,64.848,0.64,69.0,24.30,87.5,10.35,4.75,15.10
3053,4853.28,1.560,-14.289,64.858,-982.168,64.858,0.61,69.9,24.43,88.0,10.05,5.05,15.10
3054,4854.85,1.569,-13.602,64.868,-980.758,64.868,0.65,71.3,24.59,88.5,9.75,5.40,15.15
3055,4856.43,1.580,-12.942,64.877,-979.322,64.877,0.60,72.7,24.79,89.2,9.30,5.80,15.10
3056,4858.02,1.592,-12.309,64.889,-977.861,64.889,0.73,74.5,24.96,89.8,10.35,6.20,16.55
3057,4859.53,1.504,-11.739,64.900,-976.469,64.900,0.72,76.9,25.18,90.6,9.90,6.60,16.50
3058,4861.04,1.516,-11.192,64.912,-975.055,64.912,0.78,80.1,25.35,91.2,9.45,7.00,16.45
3059,4862.57,1.526,-10.668,64.923,-973.622,64.923,0.72,83.8,25.52,91.9,9.00,7.40,16.40
3060,4864.11,1.538,-10.166,64.933,-972.168,64.933,0.67,87.7,25.74,92.7,8.55,7.80,16.35
3061,4865.66,1.551,-9.688,64.947,-970.693,64.947,0.92,91.8,25.94,93.4,8.10,8.20,16.30
3062,4867.22,1.563,-9.235,64.965,-969.197,64.965,1.16,96.5,26.14,94.1,7.65,8.60,16.25
3063,4868.80,1.575,-8.800,64.981,-967.683,64.981,0.97,100.3,26.35,94.9,7.20,8.95,16.15
3064,4870.39,1.589,-8.383,64.994,-966.150,64.994,0.82,103.3,26.60,95.8,6.80,9.35,16.15
3065,4871.99,1.603,-7.987,65.008,-964.597,65.008,0.90,106.0,26.81,96.5,6.40,9.70,16.10
3066,4873.50,1.507,-7.637,65.024,-963.131,65.024,1.03,109.9,27.00,97.2,6.00,10.00,16.00
3067,4875.02,1.519,-7.302,65.037,-961.650,65.037,0.87,112.5,27.23,98.0,5.65,10.30,15.95
3068,4876.55,1.530,-6.986,65.051,-960.153,65.051,0.90,115.7,27.40,98.6,5.35,10.60,15.95
3069,4878.09,1.542,-6.687,65.064,-958.641,65.064,0.84,119.6,27.63,99.5,5.00,10.85,15.85
3070,4879.64,1.553,-6.407,65.078,-957.114,65.078,0.91,124.6,27.81,100.1,4.75,11.10,15.85
3071,4881.20,1.563,-6.145,65.090,-955.573,65.090,0.80,127.5,28.01,100.8,4.45,11.30,15.75
3072,4882.78,1.575,-5.900,65.101,-954.017,65.101,0.71,130.6,28.23,101.6,4.20,11.55,15.75
3073,4884.37,1.587,-5.672,65.112,-952.446,65.112,0.69,134.4,28.43,102.3,4.00,11.70,15.70
3074,4885.96,1.598,-5.462,65.122,-950.863,65.122,0.59,137.7,28.62,103.0,3.80,11.90,15.70
3075,4887.57,1.610,-5.267,65.128,-949.265,65.128,0.39,139.1,28.86,103.9,3.60,12.05,15.65
3076,4889.08,1.506,-5.101,65.133,-947.767,65.133,0.31,141.0,29.06,104.6,3.45,12.20,15.65
3077,4890.60,1.516,-4.950,65.136,-946.259,65.136,0.21,141.7,29.24,105.3,3.30,12.35,15.65
3078,4892.12,1.527,-4.812,65.135,-944.738,65.135,-0.03,140.8,29.47,106.1,3.15,12.45,15.60
3079,4893.66,1.538,-4.691,65.133,-943.205,65.133,-0.15,141.0,29.66,106.8,3.05,12.55,15.60
3080,4895.21,1.549,-4.585,65.130,-941.659,65.130,-0.23,144.2,29.92,107.7,2.95,20.80,23.75
3081,4896.77,1.563,-4.498,65.128,-940.099,65.128,-0.08,149.9,30.14,108.5,2.85,20.85,23.70
3082,4898.35,1.575,-4.430,65.129,-938.526,65.129,0.06,160.7,30.40,109.4,2.80,20.90,23.70
3083,4899.94,1.588,-4.379,65.132,-936.939,65.132,0.18,177.1,30.66,110.4,2.75,20.95,23.70
3084,4901.54,1.603,-4.341,65.133,-935.337,65.133,0.04,197.9,30.94,111.4,2.70,20.95,23.65
3085,4903.15,1.614,-4.313,65.128,-933.723,65.128,-0.32,221.3,31.15,112.1,2.70,21.00,23.70
3086,4904.66,1.503,-4.295,65.117,-932.220,65.117,-0.68,247.8,31.48,113.3,2.65,21.00,23.65
3087,4906.17,1.519,-4.286,65.107,-930.701,65.107,-0.68,278.9,31.79,114.4,2.65,21.00,23.65
3088,4907.71,1.532,-4.288,65.098,-929.169,65.098,-0.57,322.7,32.05,115.4,2.65,21.00,23.65
3089,4909.25,1.545,-4.298,65.090,-927.624,65.090,-0.51,389.9,32.30,116.3,2.70,20.95,23.65
3090,4910.81,1.556,-4.315,65.080,-926.068,65.080,-0.64,496.0,32.54,117.1,2.70,20.95,23.65
3091,4912.38,1.569,-4.336,65.067,-924.498,65.067,-0.84,662.1,32.84,118.2,2.70,20.90,23.60
3092,4913.96,1.584,-4.360,65.053,-922.915,65.053,-0.89,931.0,33.11,119.2,2.75,20.90,23.65
3093,4915.56,1.597,-4.387,65.039,-921.319,65.039,-0.90,1390.2,33.39,120.2,2.75,20.85,23.60
3094,4917.17,1.610,-4.416,65.025,-919.709,65.025,-0.87,2000.0,33.66,121.2,2.80,20.80,23.60
3095,4918.79,1.623,-4.446,65.012,-918.087,65.012,-0.82,2000.0,33.93,122.2,2.80,20.80,23.60
3096,4920.43,1.636,-4.476,64.999,-916.451,64.999,-0.80,2000.0,34.21,123.1,2.85,20.75,23.60
3097,4921.94,1.511,-4.504,64.987,-914.940,64.987,-0.77,2000.0,34.45,124.0,2.90,20.70,23.60
3098,4923.46,1.522,-4.532,64.975,-913.419,64.975,-0.78,2000.0,34.72,125.0,2.90,20.70,23.60
3099,4924.99,1.533,-4.559,64.964,-911.886,64.964,-0.74,2000.0,34.94,125.8,2.95,20.65,23.60
3100,4926.54,1.543,-4.586,64.951,-910.343,64.951,-0.83,2000.0,35.19,126.7,2.95,20.60,23.55
3101,4928.09,1.554,-4.611,64.938,-908.789,64.938,-0.81,2000.0,35.44,127.6,3.00,20.60,23.60
3102,4929.66,1.566,-4.636,64.926,-907.223,64.926,-0.80,1963.6,35.71,128.5,3.00,20.55,23.55
3103,4931.23,1.576,-4.660,64.913,-905.647,64.913,-0.79,1794.2,35.93,129.4,3.05,20.50,23.55
3104,4932.82,1.586,-4.682,64.900,-904.061,64.900,-0.85,1668.9,36.16,130.2,3.10,20.50,23.60
3105,4934.42,1.597,-4.703,64.885,-902.464,64.885,-0.92,1565.4,36.43,131.1,3.10,20.45,23.55
3106,4936.02,1.609,-4.722,64.870,-900.855,64.870,-0.93,1503.3,36.67,132.0,3.15,20.45,23.60
3107,4937.64,1.618,-4.740,64.855,-899.237,64.855,-0.97,1479.6,36.88,132.8,3.15,20.40,23.55
3108,4939.27,1.630,-4.756,64.839,-897.607,64.839,-0.97,1500.0,37.17,133.8,3.20,20.40,23.60
3109,4940.91,1.641,-4.770,64.825,-895.966,64.825,-0.85,1586.0,37.41,134.7,3.20,20.35,23.55
3110,4942.41,1.501,-4.781,64.814,-894.466,64.814,-0.73,1786.5,37.61,135.4,3.25,20.35,23.60
3111,4943.92,1.509,-4.792,64.803,-892.957,64.803,-0.73,2000.0,37.84,136.2,3.25,20.30,23.55
3112,4945.44,1.518,-4.801,64.792,-891.438,64.792,-0.71,2000.0,38.04,136.9,3.25,20.30,23.55
3113,4946.97,1.526,-4.809,64.779,-889.912,64.779,-0.83,2000.0,38.26,137.7,3.30,20.30,23.60
3114,4948.50,1.534,-4.817,64.765,-888.378,64.765,-0.92,2000.0,38.43,138.4,3.30,20.25,23.55
3115,4950.04,1.542,-4.824,64.750,-886.836,64.750,-1.02,2000.0,38.69,139.3,3.30,20.25,23.55
3116,4951.60,1.553,-4.830,64.734,-885.282,64.734,-0.98,2000.0,38.94,140.2,3.35,20.25,23.60
3117,4953.16,1.561,-4.837,64.720,-883.721,64.720,-0.92,2000.0,39.12,140.8,3.35,20.20,23.55
3118,4954.73,1.569,-4.843,64.705,-882.152,64.705,-0.94,2000.0,39.32,141.6,3.35,20.20,23.55
3119,4956.31,1.579,-4.849,64.691,-880.573,64.691,-0.90,2000.0,39.58,142.5,3.40,20.20,23.60
3120,4957.90,1.588,-4.856,64.679,-878.986,64.679,-0.77,2000.0,39.78,143.2,3.40,20.15,23.55
3121,4959.49,1.595,-4.862,64.667,-877.390,64.667,-0.73,2000.0,39.97,143.9,3.40,20.15,23.55
3122,4961.09,1.604,-4.868,64.655,-875.787,64.655,-0.73,2000.0,40.19,144.7,3.40,20.15,23.55
3123,4962.71,1.613,-4.874,64.644,-874.174,64.644,-0.70,2000.0,40.42,145.5,3.45,20.10,23.55
3124,4964.33,1.621,-4.879,64.634,-872.553,64.634,-0.65,2000.0,40.63,146.3,3.45,20.10,23.55
3125,4965.96,1.629,-4.884,64.623,-870.923,64.623,-0.67,2000.0,40.82,146.9,3.45,20.10,23.55
3126,4967.59,1.637,-4.889,64.611,-869.287,64.611,-0.73,2000.0,41.02,147.7,2.05,20.05,22.10
3127,4969.24,1.646,-4.893,64.598,-867.640,64.598,-0.75,2000.0,41.27,148.6,2.05,20.05,22.10
3128,4970.90,1.655,-4.897,64.587,-865.986,64.587,-0.71,2000.0,41.46,149.2,2.05,20.05,22.10
3129,4972.56,1.663,-4.901,64.574,-864.323,64.574,-0.73,2000.0,41.67,150.0,2.05,20.10,22.15
3130,4974.06,1.504,-4.903,64.563,-862.819,64.563,-0.72,2000.0,41.86,150.7,2.10,20.15,22.25
3131,4975.57,1.511,-4.906,64.553,-861.308,64.553,-0.70,2000.0,42.05,151.4,2.10,20.15,22.25
3132,4977.09,1.517,-4.908,64.543,-859.791,64.543,-0.68,2000.0,42.24,152.1,2.10,20.20,22.30
3133,4978.61,1.524,-4.909,64.533,-858.266,64.533,-0.61,2000.0,42.43,152.7,2.10,20.25,22.35
3134,4980.15,1.531,-4.911,64.525,-856.735,64.525,-0.57,2000.0,42.61,153.4,2.15,20.25,22.40
3135,4981.68,1.538,-4.913,64.516,-855.197,64.516,-0.53,2000.0,42.80,154.1,2.15,20.30,22.45
3136,4983.23,1.544,-4.915,64.509,-853.653,64.509,-0.50,2000.0,42.97,154.7,2.15,20.30,22.45
3137,4984.78,1.551,-4.918,64.501,-852.103,64.501,-0.50,2000.0,43.16,155.4,2.15,20.35,22.50
3138,4986.34,1.558,-4.920,64.494,-850.545,64.494,-0.46,2000.0,43.36,156.1,2.15,20.40,22.55
3139,4987.90,1.564,-4.923,64.487,-848.980,64.487,-0.42,2000.0,43.53,156.7,2.20,20.40,22.60
3140,4989.47,1.571,-4.926,64.480,-847.410,64.480,-0.45,2000.0,43.72,157.4,2.20,20.50,22.70
3141,4991.05,1.577,-4.928,64.472,-845.832,64.472,-0.51,2000.0,43.88,158.0,2.20,20.60,22.80
3142,4992.63,1.583,-4.931,64.462,-844.249,64.462,-0.61,2000.0,44.05,158.6,2.20,20.65,22.85
3143,4994.22,1.590,-4.932,64.451,-842.659,64.451,-0.69,2000.0,44.26,159.3,2.25,20.75,23.00
3144,4995.82,1.597,-4.933,64.439,-841.062,64.439,-0.76,2000.0,44.44,160.0,2.25,20.85,23.10
3145,4997.42,1.603,-4.933,64.425,-839.460,64.425,-0.89,2000.0,44.58,160.5,2.25,20.95,23.20
3146,4999.03,1.608,-4.932,64.409,-837.852,64.409,-1.02,1755.3,44.75,161.1,2.25,21.05,23.30
3147,5000.65,1.617,-4.930,64.392,-836.235,64.392,-1.00,1556.2,45.03,162.1,2.25,21.15,23.40
3148,5002.27,1.624,-4.925,64.379,-834.611,64.379,-0.83,1452.1,45.17,162.6,2.25,21.25,23.50
3149,5003.90,1.630,-4.918,64.367,-832.981,64.367,-0.74,1421.8,45.36,163.3,2.25,21.35,23.60
3150,5005.54,1.637,-4.909,64.357,-831.345,64.357,-0.61,1466.3,45.54,163.9,2.25,21.50,23.75
3151,5007.18,1.643,-4.898,64.348,-829.702,64.348,-0.55,1580.4,45.71,164.6,2.25,21.70,23.95
3152,5008.83,1.649,-4.886,64.339,-828.053,64.339,-0.54,1764.8,45.88,165.2,2.25,21.85,24.10
3153,5010.48,1.655,-4.871,64.330,-826.398,64.330,-0.56,2000.0,46.05,165.8,2.25,22.05,24.30
3154,5012.15,1.662,-4.855,64.320,-824.737,64.320,-0.57,2000.0,46.23,166.4,2.25,22.20,24.45
3155,5013.81,1.667,-4.838,64.310,-823.069,64.310,-0.62,2000.0,46.42,167.1,2.25,22.40,24.65
3156,5015.49,1.675,-4.820,64.300,-821.395,64.300,-0.59,2000.0,46.59,167.7,2.25,22.55,24.80
3157,5017.17,1.681,-4.801,64.291,-819.714,64.291,-0.55,2000.0,46.78,168.4,2.25,22.75,25.00
3158,5018.67,1.500,-4.784,64.283,-818.214,64.283,-0.50,2000.0,46.95,169.0,2.20,22.90,25.10
3159,5020.17,1.504,-4.767,64.276,-816.710,64.276,-0.47,2000.0,47.07,169.5,2.20,23.05,25.25
3160,5021.68,1.509,-4.749,64.268,-815.201,64.268,-0.53,2000.0,47.23,170.0,2.20,23.20,25.40
3161,5023.20,1.514,-4.733,64.260,-813.687,64.260,-0.55,2000.0,47.38,170.6,2.20,23.35,25.55
3162,5024.72,1.519,-4.716,64.251,-812.168,64.251,-0.56,2000.0,47.55,171.2,2.20,23.50,25.70
3163,5026.24,1.524,-4.700,64.243,-810.644,64.243,-0.54,2000.0,47.68,171.6,2.20,23.70,25.90
3164,5027.77,1.529,-4.686,64.234,-809.115,64.234,-0.57,1873.3,47.85,172.3,2.20,24.05,26.25
3165,5029.30,1.534,-4.673,64.226,-807.581,64.226,-0.55,1603.4,48.01,172.8,2.15,24.35,26.50
3166,5030.84,1.539,-4.661,64.217,-806.043,64.217,-0.56,1428.0,48.15,173.3,2.15,24.65,26.80
3167,5032.38,1.543,-4.650,64.208,-804.500,64.208,-0.60,1316.6,48.28,173.8,2.15,24.95,27.10
3168,5033.93,1.548,-4.642,64.198,-802.952,64.198,-0.65,1254.8,48.44,174.4,2.15,25.25,27.40
3169,5035.45,1.513,-4.637,64.188,-801.439,64.188,-0.65,1243.7,48.60,175.0,2.15,25.55,27.70
3170,5036.95,1.509,-4.634,64.178,-799.930,64.178,-0.66,1342.8,48.76,175.5,2.20,25.80,28.00
3171,5038.46,1.506,-4.632,64.168,-798.423,64.168,-0.65,1517.9,48.89,176.0,2.20,26.10,28.30
3172,5039.97,1.509,-4.632,64.158,-796.915,64.158,-0.65,1824.3,49.04,176.6,2.20,26.40,28.60
3173,5041.48,1.515,-4.633,64.148,-795.400,64.148,-0.67,2000.0,49.21,177.2,2.20,26.70,28.90
3174,5043.00,1.517,-4.634,64.138,-793.883,64.138,-0.67,2000.0,49.35,177.7,2.20,27.00,29.20
3175,5044.52,1.521,-4.636,64.128,-792.362,64.128,-0.68,2000.0,49.49,178.1,2.25,26.80,29.05
3176,5046.05,1.525,-4.638,64.117,-790.837,64.117,-0.67,2000.0,49.59,178.5,2.25,26.45,28.70
3177,5047.58,1.529,-4.640,64.107,-789.308,64.107,-0.67,2000.0,49.80,179.3,2.25,26.05,28.30
3178,5049.11,1.535,-4.642,64.097,-787.773,64.097,-0.66,2000.0,49.96,179.9,2.25,25.65,27.90
3179,5050.65,1.537,-4.644,64.087,-786.235,64.087,-0.63,2000.0,50.08,180.3,2.30,25.30,27.60
3180,5052.19,1.542,-4.644,64.078,-784.694,64.078,-0.61,2000.0,50.24,180.9,2.30,24.90,27.20
3181,5053.74,1.548,-4.644,64.069,-783.146,64.069,-0.60,2000.0,50.41,181.5,2.30,24.50,26.80
3182,5055.29,1.548,-4.643,64.060,-781.598,64.060,-0.56,2000.0,50.54,182.0,2.30,24.15,26.45
3183,5056.84,1.553,-4.641,64.052,-780.045,64.052,-0.54,1883.5,50.68,182.4,2.30,23.75,26.05
3184,5058.40,1.560,-4.637,64.043,-778.485,64.043,-0.53,1973.3,50.74,182.7,2.30,23.99,26.29
3185,5059.97,1.567,-4.632,64.035,-776.919,64.035,-0.52,2000.0,50.81,182.9,2.30,24.23,26.53
3186,5061.54,1.574,-4.627,64.027,-775.345,64.027,-0.50,2000.0,50.87,183.1,2.31,24.47,26.78
3187,5063.13,1.588,-4.620,64.019,-773.757,64.019,-0.49,2000.0,50.94,183.4,2.31,24.71,27.02
3188,5064.74,1.609,-4.611,64.011,-772.148,64.011,-0.50,2000.0,51.00,183.6,2.31,24.95,27.26
3189,5066.37,1.633,-4.602,64.003,-770.515,64.003,-0.50,2000.0,51.07,183.8,2.31,25.19,27.50
3190,5068.03,1.657,-4.592,63.995,-768.858,63.995,-0.49,2000.0,51.13,184.1,2.32,25.43,27.75
3191,5069.71,1.682,-4.581,63.987,-767.176,63.987,-0.50,2000.0,51.19,184.3,2.32,25.67,27.99
3192,5071.41,1.704,-4.570,63.978,-765.472,63.978,-0.51,2000.0,51.26,184.5,2.32,25.91,28.23
