index,distance_m,segment_length_m,x,y,z,elevation_m,gradient_pct,radius_m,speed_ms,speed_kmh,width_left_m,width_right_m,width_total_m
0,0.00,1.576,-6.715,64.096,-756.783,64.096,0.00,2000.0,44.27,159.4,2.00,2.00,4.00
1,1.58,1.576,-6.716,64.091,-756.009,64.091,-0.34,2000.0,44.34,159.6,2.00,2.00,4.00
2,3.15,1.576,-6.717,64.084,-755.101,64.084,-0.43,2000.0,44.42,159.9,2.00,2.00,4.00
3,4.73,1.576,-6.718,64.075,-754.013,64.075,-0.57,2000.0,44.51,160.2,2.00,2.00,4.00
4,6.30,1.576,-6.720,64.068,-753.167,64.068,-0.47,2000.0,44.57,160.5,2.00,2.00,4.00
5,7.88,1.576,-6.722,64.056,-751.723,64.056,-0.77,2000.0,44.66,160.8,2.00,2.00,4.00
6,9.46,1.576,-6.724,64.044,-750.173,64.044,-0.77,2000.0,44.76,161.1,2.00,2.00,4.00
7,11.03,1.576,-6.726,64.037,-749.264,64.037,-0.42,2000.0,44.82,161.3,2.00,2.00,4.00
8,12.61,1.576,-6.729,64.025,-747.516,64.025,-0.76,2000.0,44.91,161.7,2.00,2.00,4.00
9,14.19,1.576,-6.732,64.013,-745.715,64.013,-0.77,2000.0,45.00,162.0,2.00,2.00,4.00
10,15.76,1.576,-6.734,64.006,-744.624,64.006,-0.45,2000.0,45.05,162.2,2.00,2.00,4.00
11,17.34,1.576,-6.738,63.994,-742.730,63.994,-0.73,2000.0,45.14,162.5,2.00,2.00,4.00
12,18.91,1.576,-6.741,63.987,-741.537,63.987,-0.45,2000.0,45.20,162.7,2.00,2.00,4.00
13,20.49,1.576,-6.745,63.977,-739.846,63.977,-0.63,2000.0,45.28,163.0,2.00,2.00,4.00
14,22.07,1.576,-6.750,63.967,-738.005,63.967,-0.64,2000.0,45.38,163.4,2.00,2.00,4.00
15,23.64,1.576,-6.754,63.959,-736.466,63.959,-0.51,2000.0,45.45,163.6,2.00,2.00,4.00
16,25.22,1.576,-6.758,63.952,-735.195,63.952,-0.42,2000.0,45.50,163.8,2.00,2.00,4.00
17,26.80,1.576,-6.764,63.942,-733.302,63.942,-0.65,2000.0,45.59,164.1,2.00,2.00,4.00
18,28.37,1.576,-6.769,63.934,-731.772,63.934,-0.55,2000.0,45.67,164.4,2.00,2.00,4.00
19,29.95,1.576,-6.775,63.925,-730.392,63.925,-0.51,2000.0,45.73,164.6,2.00,2.00,4.00
20,31.52,1.576,-6.782,63.914,-728.494,63.914,-0.72,2000.0,45.83,165.0,2.00,2.00,4.00
21,33.10,1.576,-6.788,63.905,-727.167,63.905,-0.54,2000.0,45.89,165.2,2.00,2.00,4.00
22,34.68,1.576,-6.795,63.895,-725.619,63.895,-0.65,2000.0,45.96,165.5,2.00,2.00,4.00
23,36.25,1.576,-6.803,63.883,-723.723,63.883,-0.80,2000.0,46.05,165.8,2.00,2.00,4.00
24,37.83,1.576,-6.809,63.874,-722.464,63.874,-0.55,2000.0,46.11,166.0,2.00,2.00,4.00
25,39.40,1.576,-6.817,63.863,-720.921,63.863,-0.68,2000.0,46.18,166.2,2.00,2.00,4.00
26,40.98,1.576,-6.827,63.850,-719.014,63.850,-0.84,2000.0,46.26,166.6,2.00,2.00,4.00
27,42.56,1.576,-6.834,63.841,-717.747,63.841,-0.56,2000.0,46.33,166.8,2.00,2.00,4.00
28,44.13,1.576,-6.843,63.830,-716.092,63.830,-0.70,2000.0,46.40,167.0,2.00,2.00,4.00
29,45.71,1.576,-6.853,63.818,-714.278,63.818,-0.74,2000.0,46.48,167.3,2.00,2.00,4.00
30,47.29,1.576,-6.860,63.811,-713.105,63.811,-0.49,2000.0,46.53,167.5,2.00,2.00,4.00
31,48.86,1.576,-6.870,63.800,-711.386,63.800,-0.69,2000.0,46.61,167.8,2.00,2.00,4.00
32,50.44,1.576,-6.881,63.788,-709.486,63.788,-0.77,2000.0,46.70,168.1,2.00,2.00,4.00
33,52.01,1.576,-6.888,63.780,-708.365,63.780,-0.50,2000.0,46.74,168.3,2.00,2.00,4.00
34,53.59,1.576,-6.899,63.767,-706.638,63.767,-0.80,2000.0,46.82,168.5,2.00,2.00,4.00
35,55.17,1.576,-6.911,63.752,-704.731,63.752,-0.92,2000.0,46.90,168.8,2.00,2.00,4.00
36,56.74,1.576,-6.918,63.743,-703.622,63.743,-0.57,2000.0,46.95,169.0,2.00,2.00,4.00
37,58.32,1.576,-6.929,63.730,-701.956,63.730,-0.86,2000.0,47.03,169.3,2.00,2.00,4.00
38,59.90,1.576,-6.941,63.714,-700.058,63.714,-0.99,2000.0,47.12,169.6,2.00,2.00,4.00
39,61.47,1.576,-6.948,63.705,-698.962,63.705,-0.60,2000.0,47.17,169.8,2.00,2.00,4.00
40,63.05,1.576,-6.960,63.690,-697.173,63.690,-0.93,2000.0,47.24,170.1,2.00,2.00,4.00
41,64.62,1.576,-6.972,63.675,-695.270,63.675,-0.98,2000.0,47.32,170.4,2.00,2.00,4.00
42,66.20,1.576,-6.979,63.666,-694.200,63.666,-0.58,2000.0,47.36,170.5,2.00,2.00,4.00
43,67.78,1.576,-6.991,63.651,-692.422,63.651,-0.96,2000.0,47.45,170.8,2.00,2.00,4.00
44,69.35,1.576,-7.003,63.634,-690.520,63.634,-1.04,2000.0,47.53,171.1,2.00,2.00,4.00
45,70.93,1.576,-7.011,63.624,-689.436,63.624,-0.62,2000.0,47.57,171.3,2.00,2.00,4.00
46,72.50,1.576,-7.022,63.610,-687.762,63.610,-0.93,2000.0,47.64,171.5,2.00,2.00,4.00
47,74.08,1.576,-7.034,63.593,-685.860,63.593,-1.05,2000.0,47.72,171.8,2.00,2.00,4.00
48,75.66,1.576,-7.042,63.583,-684.752,63.583,-0.62,2000.0,47.77,172.0,2.00,2.00,4.00
49,77.23,1.576,-7.053,63.569,-682.983,63.569,-0.92,2000.0,47.85,172.2,2.00,2.00,4.00
50,78.81,1.576,-7.066,63.554,-681.079,63.554,-0.95,2000.0,47.93,172.5,2.00,2.00,4.00
51,80.39,1.576,-7.073,63.545,-679.968,63.545,-0.56,2000.0,47.97,172.7,2.00,2.00,4.00
52,81.96,1.576,-7.084,63.533,-678.268,63.533,-0.79,2000.0,48.04,173.0,2.00,2.00,4.00
53,83.54,1.576,-7.097,63.519,-676.367,63.519,-0.86,2000.0,48.12,173.2,2.00,2.00,4.00
54,85.11,1.576,-7.104,63.511,-675.179,63.511,-0.54,2000.0,48.17,173.4,2.00,2.00,4.00
55,86.69,1.576,-7.114,63.500,-673.586,63.500,-0.70,2000.0,48.23,173.6,2.00,2.00,4.00
56,88.27,1.576,-7.127,63.487,-671.684,63.487,-0.83,2000.0,48.31,173.9,2.00,2.00,4.00
57,89.84,1.576,-7.134,63.478,-670.474,63.478,-0.54,2000.0,48.35,174.1,2.00,2.00,4.00
58,91.42,1.576,-7.145,63.467,-668.815,63.467,-0.71,2000.0,48.42,174.3,2.00,2.00,4.00
59,93.00,1.576,-7.157,63.454,-666.910,63.454,-0.81,2000.0,48.50,174.6,2.00,2.00,4.00
60,94.57,1.576,-7.164,63.446,-665.668,63.446,-0.54,2000.0,48.55,174.8,2.00,2.00,4.00
61,96.15,1.576,-7.173,63.435,-664.175,63.435,-0.65,2000.0,48.61,175.0,2.00,2.00,4.00
62,97.72,1.576,-7.185,63.423,-662.277,63.423,-0.82,2000.0,48.68,175.2,2.00,2.00,4.00
63,99.30,1.576,-7.193,63.413,-660.857,63.413,-0.63,2000.0,48.74,175.5,2.00,2.00,4.00
64,100.88,1.576,-7.202,63.402,-659.435,63.402,-0.65,2000.0,48.79,175.6,2.00,2.00,4.00
65,102.45,1.576,-7.212,63.388,-657.531,63.388,-0.89,2000.0,48.87,175.9,2.00,2.00,4.00
66,104.03,1.576,-7.220,63.377,-656.135,63.377,-0.69,2000.0,48.92,176.1,2.00,2.00,4.00
67,105.60,1.576,-7.228,63.366,-654.683,63.366,-0.73,2000.0,48.98,176.3,2.00,2.00,4.00
68,107.18,1.576,-7.238,63.351,-652.788,63.351,-0.96,2000.0,49.05,176.6,2.00,2.00,4.00
69,108.76,1.576,-7.246,63.339,-651.314,63.339,-0.76,2000.0,49.11,176.8,2.00,2.00,4.00
70,110.33,1.576,-7.252,63.328,-650.076,63.328,-0.65,2000.0,49.16,177.0,2.00,2.00,4.00
71,111.91,1.576,-7.261,63.313,-648.175,63.313,-0.98,2000.0,49.23,177.2,2.00,2.00,4.00
72,113.49,1.576,-7.269,63.299,-646.493,63.299,-0.86,2000.0,49.30,177.5,2.00,2.00,4.00
73,115.06,1.576,-7.274,63.290,-645.324,63.290,-0.59,2000.0,49.33,177.6,2.00,2.00,4.00
74,116.64,1.576,-7.282,63.276,-643.425,63.276,-0.92,2000.0,49.35,177.7,2.00,2.00,4.00
75,118.21,1.576,-7.289,63.263,-641.764,63.263,-0.79,2000.0,49.33,177.6,2.00,2.00,4.00
76,119.79,1.576,-7.293,63.255,-640.720,63.255,-0.49,2000.0,49.31,177.5,2.00,2.00,4.00
77,121.37,1.576,-7.300,63.242,-638.827,63.242,-0.83,2000.0,49.28,177.4,2.00,2.00,4.00
78,122.94,1.576,-7.307,63.230,-636.932,63.230,-0.78,2000.0,49.25,177.3,2.00,2.00,4.00
79,124.52,1.576,-7.311,63.224,-635.955,63.224,-0.40,2000.0,49.24,177.3,2.00,2.00,4.00
80,126.10,1.576,-7.317,63.213,-634.092,63.213,-0.69,2000.0,49.21,177.1,2.00,2.00,4.00
81,127.67,1.576,-7.323,63.202,-632.190,63.202,-0.67,2000.0,49.18,177.0,2.00,2.00,4.00
82,129.25,1.576,-7.326,63.196,-631.105,63.196,-0.38,2000.0,49.26,177.4,2.00,2.00,4.00
83,130.82,1.576,-7.330,63.188,-629.447,63.188,-0.53,2000.0,49.39,177.8,2.00,2.00,4.00
84,132.40,1.576,-7.335,63.179,-627.535,63.179,-0.59,2000.0,49.48,178.1,2.00,2.00,4.00
85,133.98,1.576,-7.338,63.173,-626.343,63.173,-0.38,2000.0,49.53,178.3,2.00,2.00,4.00
86,135.55,1.576,-7.342,63.165,-624.679,63.165,-0.51,2000.0,49.59,178.5,2.00,2.00,4.00
87,137.13,1.576,-7.345,63.155,-622.771,63.155,-0.60,2000.0,49.66,178.8,2.00,2.00,4.00
88,138.70,1.576,-7.348,63.148,-621.487,63.148,-0.43,2000.0,49.71,179.0,2.00,2.00,4.00
89,140.28,1.576,-7.350,63.141,-620.081,63.141,-0.49,2000.0,49.76,179.1,2.00,2.00,4.00
90,141.86,1.576,-7.353,63.130,-618.174,63.130,-0.70,2000.0,49.84,179.4,2.00,2.00,4.00
91,143.43,1.576,-7.355,63.120,-616.632,63.120,-0.60,2000.0,49.90,179.6,2.00,2.00,4.00
92,145.01,1.576,-7.357,63.111,-615.321,63.111,-0.55,2000.0,49.95,179.8,2.00,2.00,4.00
93,146.59,1.576,-7.359,63.099,-613.413,63.099,-0.82,2000.0,50.02,180.1,2.00,2.00,4.00
94,148.16,1.576,-7.360,63.087,-611.863,63.087,-0.71,2000.0,50.08,180.3,2.00,2.00,4.00
95,149.74,1.576,-7.361,63.078,-610.663,63.078,-0.58,2000.0,50.12,180.4,2.00,2.00,4.00
96,151.31,1.576,-7.362,63.064,-608.771,63.064,-0.91,2000.0,50.19,180.7,2.00,2.00,4.00
97,152.89,1.576,-7.363,63.050,-606.992,63.050,-0.89,2000.0,50.26,180.9,2.00,2.00,4.00
98,154.47,1.576,-7.363,63.041,-605.974,63.041,-0.55,2000.0,50.30,181.1,2.00,2.00,4.00
99,156.04,1.576,-7.364,63.026,-604.066,63.026,-1.01,2000.0,50.37,181.3,2.00,2.00,4.00
100,157.62,1.576,-7.364,63.010,-602.177,63.010,-1.01,2000.0,50.44,181.6,2.00,2.00,4.00
101,159.20,1.576,-7.364,63.001,-601.135,63.001,-0.58,2000.0,50.48,181.7,2.00,2.00,4.00
102,160.77,1.576,-7.363,62.986,-599.479,62.986,-0.89,2000.0,50.54,181.9,2.00,2.00,4.00
103,162.35,1.576,-7.363,62.970,-597.569,62.970,-1.02,2000.0,50.61,182.2,2.00,2.00,4.00
104,163.92,1.576,-7.362,62.960,-596.345,62.960,-0.66,2000.0,50.65,182.4,2.00,2.00,4.00
105,165.50,1.576,-7.361,62.947,-594.728,62.947,-0.84,2000.0,50.71,182.6,2.00,2.00,4.00
106,167.08,1.576,-7.360,62.932,-592.816,62.932,-0.96,2000.0,50.78,182.8,2.00,2.00,4.00
107,168.65,1.576,-7.359,62.921,-591.448,62.921,-0.69,2000.0,50.83,183.0,2.00,2.00,4.00
108,170.23,1.576,-7.358,62.910,-590.145,62.910,-0.67,2000.0,50.88,183.2,2.00,2.00,4.00
109,171.80,1.576,-7.357,62.895,-588.233,62.895,-0.96,2000.0,50.94,183.4,2.00,2.00,4.00
110,173.38,1.576,-7.355,62.882,-586.549,62.882,-0.86,2000.0,51.00,183.6,2.00,2.00,4.00
111,174.96,1.576,-7.354,62.872,-585.394,62.872,-0.62,2000.0,51.05,183.8,2.00,2.00,4.00
112,176.53,1.576,-7.352,62.856,-583.482,62.856,-1.02,2000.0,51.11,184.0,2.00,2.00,4.00
113,178.11,1.576,-7.350,62.841,-581.740,62.841,-0.95,2000.0,51.17,184.2,2.00,2.00,4.00
114,179.69,1.576,-7.348,62.832,-580.762,62.832,-0.57,2000.0,51.21,184.4,2.00,2.00,4.00
115,181.26,1.576,-7.346,62.815,-578.905,62.815,-1.04,2000.0,51.28,184.6,2.00,2.00,4.00
116,182.84,1.576,-7.343,62.798,-576.989,62.798,-1.08,2000.0,51.35,184.8,2.00,2.00,4.00
117,184.41,1.576,-7.341,62.788,-575.840,62.788,-0.67,2000.0,51.38,185.0,2.00,2.00,4.00
118,185.99,1.576,-7.339,62.774,-574.282,62.774,-0.90,2000.0,51.44,185.2,2.00,2.00,4.00
119,187.57,1.576,-7.336,62.757,-572.397,62.757,-1.07,2000.0,51.50,185.4,2.00,2.00,4.00
120,189.14,1.576,-7.333,62.743,-570.920,62.743,-0.85,2000.0,51.56,185.6,2.00,2.00,4.00
121,190.72,1.576,-7.331,62.731,-569.578,62.731,-0.77,2000.0,51.60,185.8,2.00,2.00,4.00
122,192.29,1.576,-7.328,62.715,-567.732,62.715,-1.05,2000.0,51.67,186.0,2.00,2.00,4.00
123,193.87,1.576,-7.325,62.699,-566.089,62.699,-0.96,2000.0,51.72,186.2,2.00,2.00,4.00
124,195.45,1.576,-7.322,62.689,-564.964,62.689,-0.68,2000.0,51.76,186.3,2.00,2.00,4.00
125,197.02,1.576,-7.319,62.671,-563.080,62.671,-1.13,2000.0,51.83,186.6,2.00,2.00,4.00
126,198.60,1.576,-7.315,62.653,-561.183,62.653,-1.16,2000.0,51.89,186.8,2.00,2.00,4.00
127,200.18,1.576,-7.313,62.642,-560.180,62.642,-0.67,2000.0,51.93,186.9,2.00,2.00,4.00
128,201.75,1.576,-7.310,62.624,-558.431,62.624,-1.16,2000.0,51.98,187.1,2.00,2.00,4.00
129,203.33,1.576,-7.306,62.604,-556.548,62.604,-1.27,2000.0,52.05,187.4,2.00,2.00,4.00
130,204.90,1.576,-7.304,62.589,-555.240,62.589,-0.92,2000.0,52.09,187.5,2.00,2.00,4.00
131,206.48,1.576,-7.302,62.573,-553.796,62.573,-1.03,2000.0,52.14,187.7,2.00,2.00,4.00
132,208.06,1.576,-7.298,62.552,-551.907,62.552,-1.34,2000.0,52.21,188.0,2.00,2.00,4.00
133,209.63,1.576,-7.296,62.535,-550.395,62.535,-1.10,2000.0,52.26,188.1,2.00,2.00,4.00
134,211.21,1.576,-7.294,62.520,-549.154,62.520,-0.92,2000.0,52.30,188.3,2.00,2.00,4.00
135,212.79,1.576,-7.292,62.499,-547.272,62.499,-1.34,2000.0,52.36,188.5,2.00,2.00,4.00
136,214.36,1.576,-7.290,62.479,-545.442,62.479,-1.30,2000.0,52.43,188.7,2.00,2.00,4.00
137,215.94,1.576,-7.289,62.467,-544.466,62.467,-0.72,2000.0,52.46,188.8,2.00,2.00,4.00
138,217.51,1.576,-7.287,62.447,-542.642,62.447,-1.27,2000.0,52.52,189.1,2.00,2.00,4.00
139,219.09,1.576,-7.286,62.427,-540.761,62.427,-1.31,2000.0,52.58,189.3,2.00,2.00,4.00
140,220.67,1.576,-7.286,62.412,-539.506,62.412,-0.89,2000.0,52.62,189.4,2.00,2.00,4.00
141,222.24,1.576,-7.286,62.396,-538.018,62.396,-1.04,2000.0,52.67,189.6,2.00,2.00,4.00
142,223.82,1.576,-7.286,62.375,-536.119,62.375,-1.32,2000.0,52.73,189.8,2.00,2.00,4.00
143,225.39,1.576,-7.286,62.359,-534.642,62.359,-1.05,2000.0,52.78,190.0,2.00,2.00,4.00
144,226.97,1.576,-7.287,62.344,-533.397,62.344,-0.91,2000.0,52.82,190.2,2.00,2.00,4.00
145,228.55,1.576,-7.289,62.323,-531.517,62.323,-1.36,2000.0,52.88,190.4,2.00,2.00,4.00
146,230.12,1.576,-7.291,62.302,-529.669,62.302,-1.35,2000.0,52.94,190.6,2.00,2.00,4.00
147,231.70,1.576,-7.292,62.290,-528.689,62.290,-0.75,2000.0,52.97,190.7,2.00,2.00,4.00
148,233.28,1.576,-7.295,62.269,-526.899,62.269,-1.32,2000.0,53.04,190.9,2.00,2.00,4.00
149,234.85,1.576,-7.299,62.247,-525.021,62.247,-1.39,2000.0,53.09,191.1,2.00,2.00,4.00
150,236.43,1.576,-7.301,62.231,-523.709,62.231,-0.98,2000.0,53.14,191.3,2.00,2.00,4.00
151,238.00,1.576,-7.305,62.215,-522.285,62.215,-1.05,2000.0,53.18,191.5,2.00,2.00,4.00
152,239.58,1.576,-7.310,62.193,-520.363,62.193,-1.37,2000.0,53.25,191.7,2.00,2.00,4.00
153,241.16,1.576,-7.314,62.176,-518.821,62.176,-1.10,2000.0,53.29,191.8,2.00,2.00,4.00
154,242.73,1.576,-7.318,62.163,-517.685,62.163,-0.82,2000.0,53.33,192.0,2.00,2.00,4.00
155,244.31,1.576,-7.324,62.143,-515.807,62.143,-1.31,2000.0,53.39,192.2,2.00,2.00,4.00
156,245.89,1.576,-7.331,62.122,-513.898,62.122,-1.31,2000.0,53.45,192.4,2.00,2.00,4.00
157,247.46,1.576,-7.335,62.110,-512.848,62.110,-0.75,2000.0,53.48,192.5,2.00,2.00,4.00
158,249.04,1.576,-7.341,62.092,-511.205,62.092,-1.14,2000.0,53.53,192.7,2.00,2.00,4.00
159,250.61,1.576,-7.349,62.071,-509.328,62.071,-1.32,2000.0,53.59,192.9,2.00,2.00,4.00
160,252.19,1.576,-7.356,62.055,-507.848,62.055,-1.06,2000.0,53.64,193.1,2.00,2.00,4.00
161,253.77,1.576,-7.362,62.040,-506.547,62.040,-0.95,2000.0,53.67,193.2,2.00,2.00,4.00
162,255.34,1.576,-7.372,62.018,-504.623,62.018,-1.38,2000.0,53.73,193.4,2.00,2.00,4.00
163,256.92,1.576,-7.380,61.999,-502.942,61.999,-1.23,2000.0,53.79,193.6,2.00,2.00,4.00
164,258.49,1.576,-7.385,61.987,-501.966,61.987,-0.76,2000.0,53.82,193.7,2.00,2.00,4.00
165,260.07,1.576,-7.396,61.965,-500.082,61.965,-1.40,2000.0,53.87,193.9,2.00,2.00,4.00
166,261.65,1.576,-7.407,61.942,-498.161,61.942,-1.42,2000.0,53.93,194.2,2.00,2.00,4.00
167,263.22,1.576,-7.414,61.928,-496.950,61.928,-0.92,2000.0,53.97,194.3,2.00,2.00,4.00
168,264.80,1.576,-7.422,61.911,-495.540,61.911,-1.05,2000.0,54.01,194.4,2.00,2.00,4.00
169,266.38,1.576,-7.434,61.889,-493.618,61.889,-1.42,2000.0,54.07,194.7,2.00,2.00,4.00
170,267.95,1.576,-7.445,61.869,-491.929,61.869,-1.25,2000.0,54.12,194.8,2.00,2.00,4.00
171,269.53,1.576,-7.452,61.856,-490.821,61.856,-0.85,2000.0,54.15,195.0,2.00,2.00,4.00
172,271.10,1.576,-7.465,61.833,-488.899,61.833,-1.42,2000.0,54.21,195.2,2.00,2.00,4.00
173,272.68,1.576,-7.477,61.813,-487.135,61.813,-1.30,2000.0,54.26,195.3,2.00,2.00,4.00
174,274.26,1.576,-7.484,61.799,-485.998,61.799,-0.88,2000.0,54.29,195.5,2.00,2.00,4.00
175,275.83,1.576,-7.496,61.778,-484.329,61.778,-1.30,2000.0,54.35,195.6,2.00,2.00,4.00
176,277.41,1.576,-7.509,61.754,-482.406,61.754,-1.52,2000.0,54.40,195.8,2.00,2.00,4.00
177,278.99,1.576,-7.519,61.736,-480.965,61.736,-1.18,2000.0,54.44,196.0,2.00,2.00,4.00
178,280.56,1.576,-7.527,61.720,-479.793,61.720,-0.99,2000.0,54.48,196.1,2.00,2.00,4.00
179,282.14,1.576,-7.540,61.695,-477.870,61.695,-1.61,2000.0,54.54,196.3,2.00,2.00,4.00
180,283.71,1.576,-7.552,61.668,-475.958,61.668,-1.71,2000.0,54.59,196.5,2.00,2.00,4.00
181,285.29,1.576,-7.559,61.654,-474.949,61.654,-0.91,2000.0,54.62,196.6,2.00,2.00,4.00
182,286.87,1.576,-7.570,61.631,-473.270,61.631,-1.46,2000.0,54.67,196.8,2.00,2.00,4.00
183,288.44,1.576,-7.581,61.606,-471.461,61.606,-1.56,2000.0,54.72,197.0,2.00,2.00,4.00
184,290.02,1.576,-7.587,61.593,-470.513,61.593,-0.82,2000.0,54.75,197.1,2.00,2.00,4.00
185,291.59,1.576,-7.598,61.568,-468.708,61.568,-1.59,2000.0,54.80,197.3,2.00,2.00,4.00
186,293.17,1.576,-7.608,61.543,-466.836,61.543,-1.59,2000.0,54.85,197.5,2.00,2.00,4.00
187,294.75,1.576,-7.619,61.519,-464.957,61.519,-1.56,2000.0,54.91,197.7,2.00,2.00,4.00
188,296.32,1.576,-7.624,61.506,-463.973,61.506,-0.78,2000.0,54.93,197.8,2.00,2.00,4.00
189,297.90,1.576,-7.632,61.484,-462.276,61.484,-1.39,2000.0,54.99,197.9,2.00,2.00,4.00
190,299.48,1.576,-7.640,61.460,-460.404,61.460,-1.54,2000.0,55.03,198.1,2.00,2.00,4.00
191,301.05,1.576,-7.646,61.441,-458.917,61.441,-1.24,2000.0,55.08,198.3,2.00,2.00,4.00
192,302.63,1.576,-7.651,61.424,-457.640,61.424,-1.08,2000.0,55.11,198.4,2.00,2.00,4.00
193,304.20,1.576,-7.658,61.398,-455.710,61.398,-1.60,2000.0,55.17,198.6,2.00,2.00,4.00
194,305.78,1.576,-7.663,61.375,-453.969,61.375,-1.48,2000.0,55.21,198.8,2.00,2.00,4.00
195,307.36,1.576,-7.665,61.361,-453.004,61.361,-0.89,2000.0,55.24,198.9,2.00,2.00,4.00
196,308.93,1.576,-7.669,61.336,-451.218,61.336,-1.56,2000.0,55.29,199.0,2.00,2.00,4.00
197,310.51,1.576,-7.672,61.309,-449.291,61.309,-1.69,2000.0,55.34,199.2,2.00,2.00,4.00
198,312.09,1.576,-7.673,61.290,-447.938,61.290,-1.22,2000.0,55.38,199.4,2.00,2.00,4.00
199,313.66,1.576,-7.674,61.272,-446.693,61.272,-1.15,2000.0,55.41,199.5,2.00,2.00,4.00
200,315.24,1.576,-7.674,61.245,-444.767,61.245,-1.74,2000.0,55.47,199.7,2.00,2.00,4.00
201,316.81,1.576,-7.674,61.217,-442.862,61.217,-1.73,2000.0,55.52,199.9,2.00,2.00,4.00
202,318.39,1.576,-7.673,61.203,-441.887,61.203,-0.92,2000.0,55.54,200.0,2.00,2.00,4.00
203,319.97,1.576,-7.670,61.179,-440.249,61.179,-1.49,2000.0,55.59,200.1,2.00,2.00,4.00
204,321.54,1.576,-7.667,61.152,-438.319,61.152,-1.74,2000.0,55.64,200.3,2.00,2.00,4.00
205,323.12,1.576,-7.663,61.132,-436.912,61.132,-1.29,2000.0,55.68,200.4,2.00,2.00,4.00
206,324.69,1.576,-7.659,61.113,-435.636,61.113,-1.17,2000.0,55.71,200.6,2.00,2.00,4.00
207,326.27,1.576,-7.652,61.087,-433.768,61.087,-1.66,2000.0,55.76,200.7,2.00,2.00,4.00
208,327.85,1.576,-7.645,61.061,-431.878,61.061,-1.68,2000.0,55.81,200.9,2.00,2.00,4.00
209,329.42,1.576,-7.640,61.046,-430.852,61.046,-0.95,2000.0,55.83,201.0,2.00,2.00,4.00
210,331.00,1.576,-7.631,61.023,-429.247,61.023,-1.43,2000.0,55.88,201.2,2.00,2.00,4.00
211,332.58,1.576,-7.620,60.997,-427.365,60.997,-1.68,2000.0,55.93,201.3,2.00,2.00,4.00
212,334.15,1.576,-7.610,60.974,-425.763,60.974,-1.44,2000.0,55.97,201.5,2.00,2.00,4.00
213,335.73,1.576,-7.601,60.957,-424.593,60.957,-1.07,2000.0,56.00,201.6,2.00,2.00,4.00
214,337.30,1.576,-7.586,60.930,-422.669,60.930,-1.71,2000.0,56.05,201.8,2.00,2.00,4.00
215,338.88,1.576,-7.572,60.906,-420.927,60.906,-1.55,2000.0,56.10,201.9,2.00,2.00,4.00
216,340.46,1.576,-7.562,60.889,-419.801,60.889,-1.04,2000.0,56.12,202.0,2.00,2.00,4.00
217,342.03,1.576,-7.547,60.866,-418.155,60.866,-1.49,2000.0,56.17,202.2,2.00,2.00,4.00
218,343.61,1.576,-7.528,60.839,-416.256,60.839,-1.72,2000.0,56.21,202.4,2.00,2.00,4.00
219,345.19,1.576,-7.511,60.816,-414.694,60.816,-1.43,2000.0,56.25,202.5,2.00,2.00,4.00
220,346.76,1.576,-7.499,60.800,-413.638,60.800,-1.01,2000.0,56.28,202.6,2.00,2.00,4.00
221,348.34,1.576,-7.477,60.772,-411.737,60.772,-1.78,2000.0,56.33,202.8,2.00,2.00,4.00
222,349.91,1.576,-7.454,60.744,-409.872,60.744,-1.79,2000.0,56.37,202.9,2.00,2.00,4.00
223,351.49,1.576,-7.437,60.724,-408.607,60.724,-1.25,2000.0,56.41,203.1,2.00,2.00,4.00
224,353.07,1.576,-7.418,60.702,-407.204,60.702,-1.39,2000.0,56.44,203.2,2.00,2.00,4.00
225,354.64,1.576,-7.391,60.672,-405.271,60.672,-1.90,2000.0,56.49,203.4,2.00,2.00,4.00
226,356.22,1.576,-7.366,60.646,-403.601,60.646,-1.68,2000.0,56.54,203.5,2.00,2.00,4.00
227,357.79,1.576,-7.351,60.629,-402.625,60.629,-1.03,2000.0,56.56,203.6,2.00,2.00,4.00
228,359.37,1.576,-7.322,60.600,-400.767,60.600,-1.88,2000.0,56.61,203.8,2.00,2.00,4.00
229,360.95,1.576,-7.289,60.569,-398.827,60.569,-1.96,2000.0,56.66,204.0,2.00,2.00,4.00
230,362.52,1.576,-7.266,60.547,-397.473,60.547,-1.38,2000.0,56.69,204.1,2.00,2.00,4.00
231,364.10,1.576,-7.244,60.527,-396.227,60.527,-1.30,2000.0,56.72,204.2,2.00,2.00,4.00
232,365.68,1.576,-7.209,60.495,-394.297,60.495,-1.98,2000.0,56.77,204.4,2.00,2.00,4.00
233,367.25,1.576,-7.173,60.464,-392.375,60.464,-2.00,2000.0,56.82,204.6,2.00,2.00,4.00
234,368.83,1.576,-7.154,60.447,-391.372,60.447,-1.09,2000.0,56.84,204.6,2.00,2.00,4.00
235,370.40,1.576,-7.121,60.420,-389.749,60.420,-1.72,2000.0,56.88,204.8,2.00,2.00,4.00
236,371.98,1.576,-7.083,60.388,-387.861,60.388,-2.01,2000.0,56.93,205.0,2.00,2.00,4.00
237,373.56,1.576,-7.051,60.360,-386.350,60.360,-1.75,2000.0,56.97,205.1,2.00,2.00,4.00
238,375.13,1.576,-7.028,60.341,-385.258,60.341,-1.24,2000.0,56.99,205.2,2.00,2.00,4.00
239,376.71,1.576,-6.987,60.308,-383.364,60.308,-2.09,2000.0,57.04,205.3,2.00,2.00,4.00
240,378.29,1.576,-6.952,60.280,-381.752,60.280,-1.78,2000.0,57.08,205.5,2.00,2.00,4.00
241,379.86,1.576,-6.930,60.263,-380.797,60.263,-1.06,2000.0,57.11,205.6,2.00,2.00,4.00
242,381.44,1.576,-6.886,60.228,-378.865,60.228,-2.21,2000.0,57.15,205.8,2.00,2.00,4.00
243,383.01,1.576,-6.842,60.194,-376.933,60.194,-2.15,2000.0,57.20,205.9,2.00,2.00,4.00
244,384.59,1.576,-6.799,60.162,-375.099,60.162,-2.03,2000.0,57.24,206.1,2.00,2.00,4.00
245,386.17,1.576,-6.776,60.146,-374.123,60.146,-1.04,2000.0,57.27,206.2,2.00,2.00,4.00
246,387.74,1.576,-6.734,60.116,-372.341,60.116,-1.92,2000.0,57.31,206.3,2.00,2.00,4.00
247,389.32,1.576,-6.690,60.085,-370.502,60.085,-1.96,2000.0,57.36,206.5,2.00,2.00,4.00
248,390.89,1.576,-6.657,60.061,-369.086,60.061,-1.52,2000.0,57.39,206.6,2.00,2.00,4.00
249,392.47,1.576,-6.628,60.040,-367.865,60.040,-1.29,2000.0,57.42,206.7,2.00,2.00,4.00
250,394.05,1.576,-6.583,60.011,-366.005,60.011,-1.89,2000.0,57.47,206.9,2.00,2.00,4.00
251,395.62,1.576,-6.537,59.981,-364.074,59.981,-1.90,2000.0,57.51,207.0,2.12,2.12,4.24
252,397.20,1.576,-6.512,59.963,-362.975,59.963,-1.13,2000.0,57.54,207.1,2.23,2.23,4.47
253,398.78,1.576,-6.478,59.941,-361.543,59.941,-1.42,2000.0,57.57,207.2,2.35,2.35,4.70
254,400.35,1.576,-6.433,59.911,-359.610,59.911,-1.86,2000.0,57.61,207.4,2.48,2.48,4.95
255,401.93,1.576,-6.393,59.884,-357.830,59.884,-1.71,2000.0,57.65,207.6,2.59,2.59,5.19
256,403.50,1.576,-6.371,59.869,-356.855,59.869,-0.97,2000.0,57.68,207.6,2.71,2.71,5.42
257,405.08,1.576,-6.329,59.841,-354.996,59.841,-1.77,2000.0,57.72,207.8,2.83,2.83,5.66
258,406.66,1.576,-6.290,59.814,-353.177,59.814,-1.74,2000.0,57.77,208.0,2.95,2.95,5.91
259,408.23,1.576,-6.261,59.792,-351.796,59.792,-1.37,2000.0,57.79,208.1,3.07,3.07,6.14
260,409.81,1.576,-6.234,59.772,-350.531,59.772,-1.27,2000.0,57.82,208.2,3.19,3.19,6.38
261,411.39,1.576,-6.197,59.743,-348.673,59.743,-1.84,2000.0,57.87,208.3,3.31,3.31,6.61
262,412.96,1.576,-6.159,59.713,-346.752,59.713,-1.91,2000.0,57.91,208.5,3.42,3.42,6.85
263,414.54,1.576,-6.139,59.695,-345.651,59.695,-1.16,2000.0,57.93,208.6,3.54,3.54,7.08
264,416.11,1.576,-6.112,59.670,-344.199,59.670,-1.54,2000.0,57.97,208.7,3.66,3.66,7.32
265,417.69,1.576,-6.078,59.638,-342.265,59.638,-2.04,2000.0,58.01,208.8,3.78,3.78,7.55
266,419.27,1.576,-6.048,59.608,-340.481,59.608,-1.91,2000.0,58.06,209.0,3.89,3.89,7.79
267,420.84,1.576,-6.032,59.591,-339.506,59.591,-1.10,2000.0,58.08,209.1,4.01,4.01,8.02
268,422.42,1.576,-6.004,59.559,-337.668,59.559,-2.02,2000.0,58.12,209.2,4.12,4.12,8.25
269,423.99,1.576,-5.977,59.527,-335.841,59.527,-2.02,1997.0,58.17,209.4,4.24,4.24,8.48
270,425.57,1.576,-5.958,59.501,-334.438,59.501,-1.61,1872.1,58.19,209.5,4.35,4.35,8.71
271,427.15,1.576,-5.942,59.479,-333.215,59.479,-1.42,1837.3,58.22,209.6,4.47,4.47,8.94
272,428.72,1.576,-5.919,59.446,-331.358,59.446,-2.11,1826.8,58.26,209.7,4.58,4.58,9.17
273,430.30,1.576,-5.897,59.410,-329.419,59.410,-2.24,1748.5,58.31,209.9,4.70,4.70,9.39
274,431.88,1.576,-5.885,59.388,-328.276,59.388,-1.40,1655.5,58.34,210.0,4.81,4.81,9.62
275,433.45,1.576,-5.872,59.361,-326.872,59.361,-1.72,1648.9,58.36,210.1,4.92,4.92,9.84
276,435.03,1.576,-5.855,59.323,-324.936,59.323,-2.39,1632.3,58.40,210.2,5.03,5.03,10.06
277,436.60,1.576,-5.840,59.287,-323.090,59.287,-2.32,1542.9,58.44,210.4,5.14,5.14,10.27
278,438.18,1.576,-5.834,59.267,-322.114,59.267,-1.29,1494.7,58.47,210.5,5.24,5.24,10.48
279,439.76,1.576,-5.824,59.231,-320.377,59.231,-2.23,1507.6,58.51,210.6,5.35,5.35,10.69
280,441.33,1.576,-5.814,59.194,-318.520,59.194,-2.39,1478.0,58.56,210.8,5.46,5.46,10.91
281,442.91,1.576,-5.808,59.163,-317.037,59.163,-1.96,1397.4,58.59,210.9,5.56,5.56,11.11
282,444.49,1.576,-5.805,59.140,-315.942,59.140,-1.47,1382.7,58.61,211.0,5.65,5.65,11.31
283,446.06,1.576,-5.801,59.102,-314.043,59.102,-2.42,1389.2,58.65,211.1,5.75,5.75,11.50
284,447.64,1.576,-5.799,59.064,-312.104,59.064,-2.41,1352.3,58.70,211.3,5.85,5.85,11.69
285,449.21,1.576,-5.799,59.039,-310.861,59.039,-1.55,1299.6,58.72,211.4,5.94,5.94,11.87
286,450.79,1.576,-5.801,59.014,-309.563,59.014,-1.59,1301.0,58.75,211.5,6.02,6.02,12.04
287,452.37,1.576,-5.805,58.978,-307.626,58.978,-2.28,1301.8,58.79,211.7,6.11,6.11,12.21
288,453.94,1.576,-5.811,58.943,-305.702,58.943,-2.23,1253.5,58.83,211.8,6.19,6.19,12.38
289,455.52,1.576,-5.816,58.924,-304.688,58.924,-1.21,1218.7,58.86,211.9,6.26,6.26,12.52
290,457.09,1.576,-5.825,58.896,-303.135,58.896,-1.78,1234.0,58.88,212.0,6.33,6.33,12.66
291,458.67,1.576,-5.838,58.862,-301.217,58.862,-2.17,1221.4,58.92,212.1,6.40,6.40,12.81
292,460.25,1.576,-5.851,58.832,-299.599,58.832,-1.88,1164.0,58.95,212.2,6.48,6.48,12.95
293,461.82,1.576,-5.861,58.813,-298.626,58.813,-1.19,1150.2,58.97,212.3,6.53,6.53,13.07
294,463.40,1.576,-5.881,58.778,-296.755,58.778,-2.24,1161.9,59.01,212.4,6.59,6.59,13.19
295,464.98,1.576,-5.905,58.741,-294.825,58.741,-2.36,1134.5,59.01,212.4,6.64,6.64,13.28
296,466.55,1.576,-5.924,58.713,-293.436,58.713,-1.76,1091.4,58.98,212.3,6.67,6.67,13.35
297,468.13,1.576,-5.941,58.690,-292.304,58.690,-1.48,1096.1,58.95,212.2,6.69,6.69,13.38
298,469.70,1.576,-5.972,58.651,-290.388,58.651,-2.46,1098.4,58.91,212.1,6.69,6.69,13.39
299,471.28,1.576,-6.005,58.613,-288.551,58.613,-2.41,1049.6,58.86,211.9,6.68,6.68,13.37
300,472.86,1.576,-6.028,58.587,-287.308,58.587,-1.67,1023.4,58.83,211.8,6.66,6.66,13.32
301,474.43,1.576,-6.056,58.558,-285.956,58.558,-1.81,1040.6,58.79,211.7,6.61,6.61,13.23
302,476.01,1.576,-6.098,58.518,-284.044,58.518,-2.53,1020.3,58.60,211.0,6.56,6.56,13.12
303,477.59,1.576,-6.137,58.482,-282.329,58.482,-2.29,972.0,58.31,209.9,6.49,6.49,12.99
304,479.16,1.576,-6.162,58.460,-281.326,58.460,-1.39,968.9,58.11,209.2,6.43,6.43,12.86
305,480.74,1.576,-6.206,58.425,-279.622,58.425,-2.26,979.6,57.74,207.8,6.37,6.37,12.73
306,482.31,1.576,-6.258,58.385,-277.719,58.385,-2.51,939.0,57.32,206.4,6.29,6.29,12.59
307,483.89,1.576,-6.302,58.353,-276.213,58.353,-2.00,913.9,56.99,205.2,6.23,6.23,12.46
308,485.47,1.576,-6.334,58.331,-275.161,58.331,-1.45,927.3,56.79,204.5,6.17,6.17,12.33
309,487.04,1.576,-6.395,58.291,-273.268,58.291,-2.50,903.3,56.38,203.0,6.10,6.10,12.20
310,488.62,1.576,-6.457,58.252,-271.411,58.252,-2.49,864.8,56.00,201.6,6.04,6.04,12.09
311,490.19,1.576,-6.501,58.225,-270.153,58.225,-1.74,861.4,55.74,200.7,5.99,5.99,11.98
312,491.77,1.576,-6.553,58.194,-268.749,58.194,-1.96,859.5,55.47,199.7,5.94,5.94,11.89
313,493.35,1.576,-6.626,58.151,-266.827,58.151,-2.68,828.6,55.07,198.3,5.90,5.90,11.80
314,494.92,1.576,-6.691,58.115,-265.204,58.115,-2.31,816.5,54.75,197.1,5.86,5.86,11.73
315,496.50,1.576,-6.732,58.092,-264.233,58.092,-1.47,807.8,54.53,196.3,5.84,5.84,11.67
316,498.08,1.576,-6.814,58.048,-262.324,58.048,-2.80,792.3,54.08,194.7,5.82,5.82,11.63
317,499.65,1.576,-6.901,58.003,-260.406,58.003,-2.84,782.5,53.66,193.2,5.81,5.81,11.61
318,501.23,1.576,-6.957,57.974,-259.218,57.974,-1.85,768.7,53.43,192.4,5.80,5.80,11.61
319,502.80,1.576,-7.027,57.939,-257.793,57.939,-2.21,754.2,53.15,191.3,5.81,5.81,11.62
320,504.38,1.576,-7.124,57.892,-255.882,57.892,-3.00,755.6,52.79,190.0,5.83,5.83,11.65
321,505.96,1.576,-7.210,57.850,-254.252,57.850,-2.65,745.1,52.47,188.9,5.84,5.84,11.68
322,507.53,1.576,-7.275,57.818,-253.076,57.818,-2.01,721.8,52.25,188.1,5.85,5.85,11.71
323,509.11,1.576,-7.385,57.767,-251.167,57.767,-3.26,727.7,51.89,186.8,5.86,5.86,11.72
324,510.69,1.576,-7.488,57.719,-249.437,57.719,-3.07,728.7,51.57,185.7,5.86,5.86,11.72
325,512.26,1.576,-7.554,57.686,-248.361,57.686,-2.04,707.3,51.35,184.9,5.85,5.85,11.70
326,513.84,1.576,-7.665,57.636,-246.633,57.636,-3.19,704.8,50.98,183.5,5.83,5.83,11.66
327,515.41,1.576,-7.792,57.580,-244.734,57.580,-3.54,710.7,50.53,181.9,5.80,5.80,11.60
328,516.99,1.576,-7.871,57.545,-243.582,57.545,-2.23,696.0,50.29,181.0,5.76,5.76,11.52
329,518.57,1.576,-7.981,57.499,-242.034,57.499,-2.96,691.3,49.92,179.7,5.70,5.70,11.41
330,520.14,1.576,-8.120,57.443,-240.156,57.443,-3.55,695.6,49.48,178.1,5.64,5.64,11.28
331,521.72,1.576,-8.226,57.401,-238.755,57.401,-2.67,689.2,49.13,176.9,5.57,5.57,11.15
332,523.29,1.576,-8.337,57.358,-237.344,57.358,-2.67,686.0,48.82,175.7,5.50,5.50,11.00
333,524.87,1.576,-8.490,57.302,-235.449,57.302,-3.56,679.9,48.34,174.0,5.42,5.42,10.85
334,526.45,1.576,-8.606,57.259,-234.054,57.259,-2.74,682.8,48.05,173.0,5.34,5.34,10.68
335,528.02,1.576,-8.730,57.214,-232.606,57.214,-2.88,683.6,47.72,171.8,5.26,5.26,10.52
336,529.60,1.576,-8.895,57.154,-230.720,57.154,-3.78,672.1,47.33,170.4,5.17,5.17,10.35
337,531.18,1.576,-9.022,57.108,-229.311,57.108,-2.94,682.6,47.04,169.3,5.09,5.09,10.18
338,532.75,1.576,-9.142,57.063,-228.011,57.063,-2.82,682.5,46.75,168.3,5.00,5.00,10.01
339,534.33,1.576,-9.319,56.999,-226.134,56.999,-4.06,668.9,46.28,166.6,4.92,4.92,9.85
340,535.90,1.576,-9.465,56.947,-224.627,56.947,-3.34,683.1,45.89,165.2,4.85,4.85,9.70
341,537.48,1.576,-9.600,56.898,-223.265,56.898,-3.06,687.6,45.58,164.1,4.78,4.78,9.55
342,539.06,1.576,-9.789,56.833,-221.394,56.833,-4.18,681.1,45.10,162.3,4.71,4.71,9.42
343,540.63,1.576,-9.925,56.785,-220.074,56.785,-3.04,683.8,44.76,161.2,4.64,4.64,9.29
344,542.21,1.576,-10.089,56.729,-218.520,56.729,-3.52,692.8,44.32,159.6,4.58,4.58,9.15
345,543.78,1.576,-10.290,56.663,-216.652,56.663,-4.17,692.1,43.79,157.6,4.52,4.52,9.03
346,545.36,1.576,-10.418,56.621,-215.480,56.621,-2.69,685.1,43.48,156.5,4.45,4.45,8.90
347,546.94,1.576,-10.606,56.562,-213.796,56.562,-3.76,700.2,42.96,154.7,4.38,4.38,8.76
348,548.51,1.576,-10.823,56.496,-211.897,56.496,-4.17,697.3,42.43,152.7,4.30,4.30,8.60
349,550.09,1.576,-10.944,56.459,-210.849,56.459,-2.36,696.0,42.12,151.6,4.22,4.22,8.44
350,551.67,1.576,-11.154,56.398,-209.075,56.398,-3.88,708.7,41.64,149.9,4.14,4.14,8.28
351,553.24,1.576,-11.347,56.341,-207.471,56.341,-3.60,709.2,41.23,148.4,4.06,4.06,8.12
352,554.82,1.576,-11.520,56.290,-206.063,56.290,-3.24,712.6,40.84,147.0,3.99,3.99,7.98
353,556.39,1.576,-11.752,56.222,-204.208,56.222,-4.27,728.3,40.35,145.3,3.93,3.93,7.86
354,557.97,1.576,-11.904,56.177,-203.014,56.177,-2.90,735.0,40.02,144.1,3.87,3.87,7.74
355,559.55,1.576,-12.128,56.110,-201.280,56.110,-4.25,737.9,39.52,142.3,3.83,3.83,7.66
356,561.12,1.576,-12.353,56.042,-199.573,56.042,-4.27,757.7,39.04,140.5,3.79,3.79,7.59
357,562.70,1.576,-12.519,55.992,-198.339,55.992,-3.20,768.2,38.71,139.4,3.77,3.77,7.54
358,564.28,1.576,-12.770,55.917,-196.499,55.917,-4.74,781.2,38.15,137.3,3.76,3.76,7.51
359,565.85,1.576,-12.937,55.866,-195.294,55.866,-3.25,809.5,37.79,136.0,3.74,3.74,7.48
360,567.43,1.576,-13.186,55.793,-193.522,55.793,-4.66,824.0,37.21,134.0,3.72,3.72,7.44
361,569.00,1.576,-13.412,55.726,-191.943,55.726,-4.20,851.8,36.68,132.0,3.69,3.69,7.38
362,570.58,1.576,-13.616,55.667,-190.545,55.667,-3.78,893.7,36.25,130.5,3.66,3.66,7.31
363,572.16,1.576,-13.897,55.586,-188.642,55.586,-5.11,914.2,35.64,128.3,3.61,3.61,7.22
364,573.73,1.576,-14.070,55.536,-187.486,55.536,-3.20,958.6,35.28,127.0,3.55,3.55,7.11
365,575.31,1.576,-14.348,55.458,-185.663,55.458,-4.95,1007.7,34.64,124.7,3.48,3.48,6.96
366,576.88,1.576,-14.527,55.406,-184.496,55.406,-3.28,1032.1,34.26,123.3,3.40,3.40,6.80
367,578.46,1.576,-14.826,55.325,-182.580,55.325,-5.15,1069.0,33.57,120.9,3.31,3.31,6.62
368,580.04,1.576,-15.030,55.270,-181.284,55.270,-3.49,1083.3,33.11,119.2,3.21,3.21,6.43
369,581.61,1.576,-15.304,55.198,-179.563,55.198,-4.55,1089.7,32.46,116.9,3.11,3.11,6.23
370,583.19,1.576,-15.536,55.137,-178.118,55.137,-3.88,1055.7,31.96,115.0,3.01,3.01,6.02
371,584.77,1.576,-15.797,55.067,-176.507,55.067,-4.41,995.8,31.44,113.2,2.91,2.91,5.81
372,586.34,1.576,-16.035,55.001,-175.052,55.001,-4.22,925.2,30.98,111.5,2.80,2.80,5.60
373,587.92,1.576,-16.313,54.922,-173.363,54.922,-5.01,786.7,30.35,109.3,2.70,2.70,5.40
374,589.49,1.576,-16.542,54.856,-171.973,54.856,-4.19,685.1,29.80,107.3,2.60,2.60,5.21
375,591.07,1.576,-16.826,54.777,-170.265,54.777,-4.98,593.2,29.09,104.7,2.51,2.51,5.02
376,592.65,1.576,-17.052,54.717,-168.905,54.717,-3.82,485.1,28.57,102.9,2.43,2.43,4.85
377,594.22,1.576,-17.356,54.641,-167.081,54.641,-4.80,402.6,28.02,100.9,2.35,2.35,4.70
378,595.80,1.576,-17.582,54.584,-165.730,54.584,-3.63,332.1,27.69,99.7,2.28,2.28,4.56
379,597.38,1.576,-17.885,54.507,-163.913,54.507,-4.88,276.6,27.39,98.6,2.22,2.22,4.45
380,598.95,1.576,-18.111,54.445,-162.563,54.445,-3.93,228.8,27.20,97.9,2.18,2.18,4.36
381,600.53,1.576,-18.376,54.371,-160.976,54.371,-4.75,188.7,26.94,97.0,2.15,2.15,4.30
382,602.10,1.576,-18.635,54.295,-159.433,54.295,-4.77,156.3,26.49,95.4,2.14,2.14,4.28
383,603.68,1.576,-18.858,54.229,-158.111,54.229,-4.23,130.3,25.97,93.5,2.16,2.16,4.31
384,605.26,1.576,-19.171,54.139,-156.265,54.139,-5.72,110.2,25.13,90.5,2.20,2.20,4.40
385,606.83,1.576,-19.404,54.073,-154.917,54.073,-4.18,94.6,24.45,88.0,2.27,2.27,4.54
386,608.41,1.576,-19.670,54.001,-153.401,54.001,-4.53,82.4,23.68,85.3,2.38,2.38,4.77
387,609.98,1.576,-19.976,53.924,-151.703,53.924,-4.89,73.0,22.83,82.2,2.53,2.53,5.07
388,611.56,1.576,-20.243,53.858,-150.285,53.858,-4.22,65.5,22.18,79.9,2.73,2.73,5.46
389,613.14,1.576,-20.525,53.788,-148.851,53.788,-4.43,59.4,21.54,77.6,2.98,2.98,5.96
390,614.71,1.576,-20.891,53.699,-147.103,53.699,-5.63,53.9,20.70,74.5,3.28,3.28,6.57
391,616.29,1.576,-21.231,53.622,-145.605,53.622,-4.87,49.6,19.90,71.6,3.65,3.65,7.30
392,617.87,1.576,-21.583,53.549,-144.170,53.549,-4.62,46.1,19.13,68.9,4.07,4.07,8.14
393,619.44,1.576,-21.969,53.478,-142.728,53.478,-4.54,42.8,18.40,66.3,4.55,4.55,9.09
394,621.02,1.576,-22.413,53.403,-141.227,53.403,-4.78,40.2,17.62,63.4,5.09,5.09,10.17
395,622.59,1.576,-22.924,53.322,-139.687,53.322,-5.12,38.1,16.86,60.7,5.68,5.68,11.36
396,624.17,1.576,-23.484,53.240,-138.200,53.240,-5.18,36.2,16.08,57.9,6.31,6.31,12.62
397,625.75,1.576,-24.117,53.157,-136.739,53.157,-5.29,34.5,15.31,55.1,6.81,6.81,13.61
398,627.32,1.576,-24.811,53.076,-135.352,53.076,-5.15,33.0,14.89,53.6,7.16,7.16,14.32
399,628.90,1.576,-25.592,52.994,-134.006,52.994,-5.19,31.5,14.69,52.9,7.36,7.36,14.72
400,630.48,1.576,-26.467,52.911,-132.716,52.911,-5.25,30.0,14.56,52.4,7.41,7.41,14.81
401,632.05,1.576,-27.449,52.826,-131.479,52.826,-5.40,28.8,14.42,51.9,7.28,7.28,14.56
402,633.63,1.576,-28.522,52.742,-130.324,52.742,-5.35,27.8,14.31,51.5,7.09,7.09,14.18
403,635.20,1.576,-29.723,52.659,-129.220,52.659,-5.26,26.9,14.22,51.2,6.72,6.72,13.44
404,636.78,1.576,-30.973,52.582,-128.248,52.582,-4.89,26.3,14.15,50.9,6.17,6.17,12.35
405,638.36,1.576,-32.292,52.505,-127.379,52.505,-4.83,25.9,14.12,50.8,5.47,5.47,10.94
406,639.93,1.576,-33.580,52.435,-126.667,52.435,-4.45,25.6,14.03,50.5,4.78,4.78,9.56
407,641.51,1.576,-35.062,52.360,-125.992,52.360,-4.80,25.4,13.94,50.2,4.13,4.13,8.25
408,643.08,1.576,-36.482,52.288,-125.477,52.288,-4.53,25.4,13.86,49.9,3.55,3.55,7.10
409,644.66,1.576,-37.958,52.210,-125.064,52.210,-4.95,25.4,13.79,49.7,3.08,3.08,6.15
410,646.24,1.576,-39.542,52.120,-124.742,52.120,-5.72,25.5,13.83,49.8,2.74,2.74,5.48
411,647.81,1.576,-41.182,52.014,-124.532,52.014,-6.72,25.7,14.03,50.5,2.45,2.45,4.90
412,649.39,1.576,-42.745,51.898,-124.440,51.898,-7.35,25.9,14.22,51.2,2.32,2.32,4.65
413,650.97,1.576,-44.352,51.766,-124.453,51.766,-8.39,26.4,14.35,51.7,2.38,2.38,4.76
414,652.54,1.576,-45.941,51.624,-124.576,51.624,-9.01,27.0,14.56,52.4,2.70,2.70,5.40
415,654.12,1.576,-47.454,51.485,-124.802,51.485,-8.84,27.7,14.76,53.1,3.22,3.22,6.44
416,655.69,1.576,-48.924,51.357,-125.131,51.357,-8.08,28.4,14.91,53.7,3.91,3.91,7.82
417,657.27,1.576,-50.403,51.247,-125.574,51.247,-7.03,29.4,15.10,54.4,4.75,4.75,9.49
418,658.85,1.576,-51.860,51.162,-126.122,51.162,-5.39,30.4,15.37,55.3,5.62,5.62,11.24
419,660.42,1.576,-53.275,51.103,-126.756,51.103,-3.73,31.5,15.72,56.6,6.35,6.35,12.70
420,662.00,1.576,-54.688,51.058,-127.480,51.058,-2.86,32.6,16.07,57.9,6.92,6.92,13.85
421,663.58,1.576,-56.086,51.019,-128.274,51.019,-2.48,34.1,16.42,59.1,7.33,7.33,14.65
422,665.15,1.576,-57.314,50.988,-129.030,50.988,-1.95,35.5,16.81,60.5,7.54,7.54,15.08
423,666.73,1.576,-58.821,50.952,-130.022,50.952,-2.29,36.8,17.36,62.5,7.40,7.40,14.81
424,668.30,1.576,-60.175,50.921,-130.972,50.921,-1.97,38.7,17.87,64.3,7.06,7.06,14.12
425,669.88,1.576,-61.399,50.894,-131.881,50.894,-1.71,40.5,18.30,65.9,6.51,6.51,13.02
426,671.46,1.576,-62.597,50.870,-132.818,50.870,-1.54,42.0,18.76,67.5,5.76,5.76,11.52
427,673.03,1.576,-63.757,50.849,-133.771,50.849,-1.31,43.9,19.19,69.1,4.89,4.89,9.77
428,674.61,1.576,-64.926,50.830,-134.779,50.830,-1.18,46.0,19.59,70.5,4.05,4.05,8.10
429,676.18,1.576,-66.155,50.813,-135.897,50.813,-1.13,47.9,20.03,72.1,3.21,3.21,6.43
430,677.76,1.576,-67.392,50.798,-137.084,50.798,-0.96,50.6,20.47,73.7,2.46,2.46,4.92
431,679.34,1.576,-68.437,50.788,-138.138,50.788,-0.57,53.8,20.84,75.0,2.00,2.00,4.00
432,680.91,1.576,-69.447,50.783,-139.201,50.783,-0.32,57.4,21.19,76.3,2.00,2.00,4.00
433,682.49,1.576,-70.533,50.782,-140.399,50.782,-0.12,61.0,21.56,77.6,2.00,2.00,4.00
434,684.07,1.576,-71.646,50.782,-141.688,50.782,0.01,64.2,21.91,78.9,2.00,2.00,4.00
435,685.64,1.576,-72.545,50.783,-142.777,50.783,0.09,67.6,22.21,79.9,2.00,2.00,4.00
436,687.22,1.576,-73.586,50.787,-144.094,50.787,0.24,69.6,22.56,81.2,2.00,2.00,4.00
437,688.79,1.576,-74.588,50.793,-145.426,50.793,0.42,72.1,22.91,82.5,2.00,2.00,4.00
438,690.37,1.576,-75.427,50.802,-146.593,50.802,0.54,73.7,23.19,83.5,2.00,2.00,4.00
439,691.95,1.576,-76.302,50.813,-147.859,50.813,0.73,74.1,23.48,84.5,2.00,2.00,4.00
440,693.52,1.576,-77.293,50.830,-149.363,50.830,1.08,75.7,23.81,85.7,2.00,2.00,4.00
441,695.10,1.576,-78.022,50.846,-150.520,50.846,1.01,76.7,24.06,86.6,2.00,2.00,4.00
442,696.68,1.576,-78.836,50.868,-151.861,50.868,1.35,78.0,24.34,87.6,2.00,2.00,4.00
443,698.25,1.576,-79.724,50.895,-153.397,50.895,1.74,79.3,24.64,88.7,2.00,2.00,4.00
444,699.83,1.576,-80.378,50.919,-154.579,50.919,1.51,80.6,24.87,89.5,2.00,2.00,4.00
445,701.40,1.576,-81.060,50.945,-155.860,50.945,1.68,81.8,25.10,90.3,2.00,2.00,4.00
446,702.98,1.576,-81.898,50.983,-157.514,50.983,2.40,83.0,25.39,91.4,2.00,2.00,4.00
447,704.56,1.576,-82.496,51.013,-158.748,51.013,1.90,85.0,25.60,92.2,2.00,2.00,4.00
448,706.13,1.576,-83.297,51.059,-160.486,51.059,2.91,86.6,25.89,93.2,2.00,2.00,4.00
449,707.71,1.576,-83.830,51.095,-161.704,51.095,2.29,88.2,26.08,93.9,2.00,2.00,4.00
450,709.28,1.576,-84.439,51.141,-163.158,51.141,2.94,90.2,26.31,94.7,2.00,2.00,4.00
451,710.86,1.576,-85.048,51.194,-164.692,51.194,3.34,93.0,26.54,95.5,2.00,2.00,4.00
452,712.44,1.576,-85.545,51.242,-166.006,51.242,3.07,95.0,26.72,96.2,2.00,2.00,4.00
453,714.01,1.576,-86.189,51.310,-167.804,51.310,4.32,98.2,26.97,97.1,2.00,2.00,4.00
454,715.59,1.576,-86.609,51.360,-169.050,51.360,3.14,102.4,27.14,97.7,2.00,2.00,4.00
455,717.17,1.576,-87.113,51.423,-170.621,51.423,4.03,105.8,27.34,98.4,2.00,2.00,4.00
456,718.74,1.576,-87.575,51.487,-172.158,51.487,4.03,110.4,27.54,99.1,2.28,2.28,4.55
457,720.32,1.576,-87.961,51.544,-173.511,51.544,3.66,116.2,27.71,99.8,2.75,2.75,5.50
458,721.89,1.576,-88.424,51.619,-175.243,51.619,4.74,119.9,27.91,100.5,3.23,3.23,6.45
459,723.47,1.576,-88.746,51.677,-176.531,51.677,3.66,124.0,28.06,101.0,3.71,3.71,7.42
460,725.05,1.576,-89.175,51.761,-178.360,51.761,5.35,130.0,28.27,101.8,4.19,4.19,8.39
461,726.62,1.576,-89.469,51.828,-179.710,51.828,4.21,132.8,28.43,102.4,4.67,4.67,9.35
462,728.20,1.576,-89.808,51.912,-181.377,51.912,5.32,136.6,28.61,103.0,5.15,5.15,10.29
463,729.78,1.576,-90.087,51.991,-182.852,51.991,5.01,139.3,28.78,103.6,5.61,5.61,11.21
464,731.35,1.576,-90.360,52.075,-184.389,52.075,5.35,141.6,28.95,104.2,6.06,6.06,12.12
465,732.93,1.576,-90.620,52.165,-185.967,52.165,5.69,145.5,29.12,104.8,6.42,6.42,12.84
466,734.50,1.576,-90.839,52.247,-187.372,52.247,5.25,146.4,29.27,105.4,6.72,6.72,13.44
467,736.08,1.576,-91.092,52.349,-189.103,52.349,6.47,148.7,29.46,106.1,6.89,6.89,13.78
468,737.66,1.576,-91.280,52.431,-190.453,52.431,5.20,149.5,29.60,106.6,6.97,6.97,13.93
469,739.23,1.576,-91.525,52.542,-192.304,52.542,7.00,149.5,29.81,107.3,6.96,6.96,13.92
470,740.81,1.576,-91.689,52.619,-193.570,52.619,4.88,152.0,29.95,107.8,6.88,6.88,13.75
471,742.38,1.576,-91.927,52.730,-195.452,52.730,7.07,149.9,30.14,108.5,6.72,6.72,13.43
472,743.96,1.576,-92.095,52.809,-196.777,52.809,5.00,151.0,30.28,109.0,6.49,6.49,12.98
473,745.54,1.576,-92.329,52.915,-198.600,52.915,6.72,149.9,30.48,109.7,6.20,6.20,12.39
474,747.11,1.576,-92.505,52.994,-199.943,52.994,5.05,149.1,30.60,110.2,5.93,5.93,11.87
475,748.69,1.576,-92.746,53.096,-201.714,53.096,6.46,147.8,30.60,110.2,5.67,5.67,11.35
476,750.27,1.576,-92.926,53.170,-202.973,53.170,4.70,144.7,30.53,109.9,5.49,5.49,10.98
477,751.84,1.576,-93.188,53.271,-204.731,53.271,6.39,143.7,30.41,109.5,5.34,5.34,10.69
478,753.42,1.576,-93.408,53.350,-206.108,53.350,5.00,139.4,30.32,109.1,5.23,5.23,10.46
479,754.99,1.576,-93.694,53.444,-207.797,53.444,5.97,137.4,30.19,108.7,5.15,5.15,10.30
480,756.57,1.576,-93.952,53.522,-209.215,53.522,4.97,132.4,30.08,108.3,5.11,5.11,10.21
481,758.15,1.576,-94.258,53.607,-210.795,53.607,5.41,129.1,29.94,107.8,5.09,5.09,10.18
482,759.72,1.576,-94.567,53.687,-212.280,53.687,5.08,124.8,29.82,107.3,5.11,5.11,10.22
483,761.30,1.576,-94.908,53.769,-213.818,53.769,5.21,119.9,29.68,106.8,5.16,5.16,10.32
484,762.88,1.576,-95.281,53.853,-215.384,53.853,5.28,115.6,29.53,106.3,5.24,5.24,10.49
485,764.45,1.576,-95.641,53.928,-216.808,53.928,4.79,109.7,29.38,105.8,5.36,5.36,10.72
486,766.03,1.576,-96.092,54.014,-218.470,54.014,5.41,105.4,29.20,105.1,5.51,5.51,11.01
487,767.60,1.576,-96.449,54.076,-219.716,54.076,3.97,99.9,29.04,104.5,5.68,5.68,11.37
488,769.18,1.576,-97.007,54.162,-221.531,54.162,5.43,95.7,28.82,103.7,5.88,5.88,11.76
489,770.76,1.576,-97.419,54.220,-222.794,54.220,3.70,92.4,28.66,103.2,6.03,6.03,12.06
490,772.33,1.576,-98.027,54.296,-224.551,54.296,4.83,88.2,28.45,102.4,6.13,6.13,12.26
491,773.91,1.576,-98.480,54.349,-225.780,54.349,3.36,85.9,28.33,102.0,6.17,6.17,12.33
492,775.48,1.576,-99.107,54.415,-227.395,54.415,4.17,83.1,28.17,101.4,6.14,6.14,12.28
493,777.06,1.576,-99.668,54.469,-228.752,54.469,3.46,80.9,28.03,100.9,6.05,6.05,12.10
494,778.64,1.576,-100.288,54.525,-230.180,54.525,3.55,79.4,27.89,100.4,5.90,5.90,11.80
495,780.21,1.576,-100.979,54.583,-231.679,54.583,3.66,76.7,27.73,99.8,5.68,5.68,11.35
496,781.79,1.576,-101.583,54.632,-232.924,54.632,3.09,75.6,27.59,99.3,5.39,5.39,10.78
497,783.37,1.576,-102.417,54.695,-234.547,54.695,4.00,74.2,27.40,98.6,5.05,5.05,10.09
498,784.94,1.576,-103.076,54.743,-235.762,54.743,3.08,72.5,27.26,98.1,4.73,4.73,9.45
499,786.52,1.576,-103.942,54.804,-237.280,54.804,3.86,71.5,27.08,97.5,4.43,4.43,8.85
500,788.09,1.576,-104.702,54.855,-238.541,54.855,3.23,70.0,26.93,97.0,4.15,4.15,8.30
501,789.67,1.576,-105.509,54.906,-239.819,54.906,3.26,68.9,26.77,96.4,3.90,3.90,7.81
502,791.25,1.576,-106.454,54.962,-241.237,54.962,3.53,68.5,26.60,95.8,3.69,3.69,7.39
503,792.82,1.576,-107.228,55.005,-242.345,55.005,2.72,66.9,26.46,95.2,3.51,3.51,7.02
504,794.40,1.576,-108.326,55.060,-243.841,55.060,3.52,66.3,26.28,94.6,3.36,3.36,6.72
505,795.98,1.576,-109.195,55.101,-244.960,55.101,2.56,65.9,26.13,94.1,3.23,3.23,6.46
506,797.55,1.576,-110.165,55.143,-246.156,55.143,2.65,64.3,25.97,93.5,3.11,3.11,6.22
507,799.13,1.576,-111.264,55.187,-247.442,55.187,2.81,64.2,25.81,92.9,2.99,2.99,5.99
508,800.70,1.576,-112.184,55.223,-248.467,55.223,2.29,63.7,25.70,92.5,2.88,2.88,5.76
509,802.28,1.576,-113.414,55.270,-249.773,55.270,2.97,63.1,25.57,92.1,2.77,2.77,5.53
510,803.86,1.576,-114.454,55.308,-250.817,55.308,2.41,62.8,25.48,91.7,2.65,2.65,5.30
511,805.43,1.576,-115.506,55.344,-251.825,55.344,2.33,62.3,25.38,91.4,2.52,2.52,5.05
512,807.01,1.576,-116.853,55.387,-253.047,55.387,2.71,62.1,25.25,90.9,2.39,2.39,4.78
513,808.58,1.576,-117.895,55.418,-253.943,55.418,1.98,62.1,25.14,90.5,2.25,2.25,4.49
514,810.16,1.576,-119.152,55.454,-254.972,55.454,2.25,61.5,25.02,90.1,2.10,2.10,4.20
515,811.74,1.576,-120.429,55.487,-255.959,55.487,2.14,61.4,24.91,89.7,2.00,2.00,4.00
516,813.31,1.576,-121.576,55.516,-256.800,55.516,1.81,61.8,24.81,89.3,2.00,2.00,4.00
517,814.89,1.576,-123.071,55.550,-257.833,55.550,2.13,61.3,24.70,88.9,2.00,2.00,4.00
518,816.47,1.576,-124.302,55.576,-258.634,55.576,1.69,61.8,24.68,88.8,2.00,2.00,4.00
519,818.04,1.576,-125.508,55.602,-259.381,55.602,1.61,61.7,24.69,88.9,2.00,2.00,4.00
520,819.62,1.576,-127.147,55.635,-260.331,55.635,2.11,61.8,24.74,89.1,2.00,2.00,4.00
521,821.19,1.576,-128.389,55.658,-261.005,55.658,1.50,62.6,24.79,89.2,2.00,2.00,4.00
522,822.77,1.576,-129.594,55.679,-261.625,55.679,1.31,62.3,24.84,89.4,2.00,2.00,4.00
523,824.35,1.576,-131.315,55.705,-262.451,55.705,1.63,63.1,24.89,89.6,2.00,2.00,4.00
524,825.92,1.576,-132.614,55.721,-263.032,55.721,1.06,63.3,24.91,89.7,2.00,2.00,4.00
525,827.50,1.576,-134.119,55.740,-263.660,55.740,1.16,63.6,24.94,89.8,2.00,2.00,4.00
526,829.08,1.576,-135.624,55.757,-264.241,55.757,1.12,64.7,24.97,89.9,2.00,2.00,4.00
527,830.65,1.576,-136.907,55.772,-264.701,55.772,0.93,64.6,24.99,90.0,2.00,2.00,4.00
528,832.23,1.576,-138.629,55.790,-265.272,55.790,1.16,65.3,25.04,90.1,2.00,2.00,4.00
529,833.80,1.576,-140.045,55.804,-265.699,55.804,0.87,66.0,25.08,90.3,2.00,2.00,4.00
530,835.38,1.576,-141.441,55.816,-266.088,55.816,0.76,66.3,25.13,90.5,2.00,2.00,4.00
531,836.96,1.576,-143.192,55.828,-266.526,55.828,0.78,67.3,25.20,90.7,2.00,2.00,4.00
532,838.53,1.576,-144.583,55.836,-266.839,55.836,0.51,67.6,25.27,91.0,2.00,2.00,4.00
533,840.11,1.576,-146.164,55.844,-267.160,55.844,0.49,68.0,25.38,91.4,2.00,2.00,4.00
534,841.68,1.576,-147.785,55.851,-267.448,55.851,0.43,68.9,25.54,92.0,2.00,2.00,4.00
535,843.26,1.576,-149.188,55.856,-267.668,55.856,0.34,69.3,25.72,92.6,2.00,2.00,4.00
536,844.84,1.576,-150.980,55.862,-267.909,55.862,0.36,69.3,25.98,93.5,2.00,2.00,4.00
537,846.41,1.576,-152.398,55.865,-268.067,55.865,0.23,70.8,26.16,94.2,2.00,2.00,4.00
538,847.99,1.576,-153.916,55.868,-268.210,55.868,0.18,71.1,26.32,94.8,2.00,2.00,4.00
539,849.57,1.576,-155.609,55.870,-268.331,55.870,0.10,71.0,26.45,95.2,2.00,2.00,4.00
540,851.14,1.576,-157.010,55.870,-268.404,55.870,-0.02,72.1,26.53,95.5,2.00,2.00,4.00
541,852.72,1.576,-158.867,55.867,-268.464,55.867,-0.17,71.9,26.65,95.9,2.00,2.00,4.00
542,854.29,1.576,-160.242,55.863,-268.478,55.863,-0.23,73.0,26.75,96.3,2.00,2.00,4.00
543,855.87,1.576,-161.808,55.858,-268.467,55.858,-0.32,73.2,26.88,96.8,2.00,2.00,4.00
544,857.45,1.576,-163.471,55.852,-268.420,55.852,-0.42,73.2,26.99,97.2,2.00,2.00,4.00
545,859.02,1.576,-164.865,55.845,-268.353,55.845,-0.41,74.4,27.08,97.5,2.00,2.00,4.00
546,860.60,1.576,-166.692,55.835,-268.228,55.835,-0.62,74.1,27.19,97.9,2.00,2.00,4.00
547,862.17,1.576,-168.080,55.826,-268.103,55.826,-0.56,74.6,27.26,98.1,2.00,2.00,4.00
548,863.75,1.576,-169.749,55.815,-267.920,55.815,-0.74,74.8,27.32,98.4,2.00,2.00,4.00
549,865.33,1.576,-171.279,55.802,-267.718,55.802,-0.79,74.9,27.37,98.5,2.00,2.00,4.00
550,866.90,1.576,-172.726,55.789,-267.499,55.789,-0.85,75.2,27.43,98.7,2.00,2.00,4.00
551,868.48,1.576,-174.456,55.771,-267.197,55.771,-1.13,75.3,27.49,99.0,2.00,2.00,4.00
552,870.06,1.576,-175.773,55.756,-266.938,55.756,-0.94,75.2,27.55,99.2,2.00,2.00,4.00
553,871.63,1.576,-177.604,55.735,-266.538,55.735,-1.34,75.7,27.60,99.4,2.00,2.00,4.00
554,873.21,1.576,-178.953,55.719,-266.209,55.719,-1.02,75.7,27.65,99.5,2.00,2.00,4.00
555,874.78,1.576,-180.544,55.700,-265.789,55.700,-1.22,75.9,27.70,99.7,2.00,2.00,4.00
556,876.36,1.576,-182.052,55.681,-265.353,55.681,-1.21,76.3,27.73,99.8,2.00,2.00,4.00
557,877.94,1.576,-183.394,55.663,-264.938,55.663,-1.12,76.2,27.75,99.9,2.00,2.00,4.00
558,879.51,1.576,-185.111,55.639,-264.362,55.639,-1.51,77.3,27.77,100.0,2.00,2.00,4.00
559,881.09,1.576,-186.331,55.621,-263.926,55.621,-1.17,77.4,27.79,100.1,2.00,2.00,4.00
560,882.67,1.576,-188.113,55.593,-263.244,55.593,-1.80,78.3,27.83,100.2,2.00,2.00,4.00
561,884.24,1.576,-189.324,55.571,-262.748,55.571,-1.37,79.0,27.85,100.3,2.00,2.00,4.00
562,885.82,1.576,-190.898,55.541,-262.070,55.541,-1.90,79.8,27.88,100.4,2.00,2.00,4.00
563,887.39,1.576,-192.269,55.512,-261.441,55.512,-1.82,81.1,27.90,100.5,2.00,2.00,4.00
564,888.97,1.576,-193.642,55.483,-260.780,55.483,-1.90,82.1,27.94,100.6,2.26,2.26,4.52
565,890.55,1.576,-195.156,55.448,-260.009,55.448,-2.22,83.8,28.00,100.8,2.52,2.52,5.04
566,892.12,1.576,-196.378,55.418,-259.356,55.418,-1.90,85.0,28.04,101.0,2.80,2.80,5.59
567,893.70,1.576,-197.979,55.377,-258.457,55.377,-2.57,86.9,28.11,101.2,3.09,3.09,6.18
568,895.27,1.576,-199.170,55.345,-257.756,55.345,-2.06,88.6,28.17,101.4,3.40,3.40,6.79
569,896.85,1.576,-200.697,55.303,-256.818,55.303,-2.66,90.3,28.26,101.7,3.72,3.72,7.44
570,898.43,1.576,-201.879,55.269,-256.058,55.269,-2.16,92.8,28.37,102.1,4.05,4.05,8.10
571,900.00,1.576,-203.241,55.230,-255.151,55.230,-2.48,94.5,28.53,102.7,4.38,4.38,8.75
572,901.58,1.576,-204.517,55.193,-254.265,55.193,-2.36,97.5,28.71,103.4,4.70,4.70,9.40
573,903.16,1.576,-205.722,55.156,-253.400,55.156,-2.33,99.5,28.89,104.0,5.03,5.03,10.05
574,904.73,1.576,-207.167,55.110,-252.324,55.110,-2.90,102.3,29.10,104.8,5.34,5.34,10.68
575,906.31,1.576,-208.193,55.075,-251.536,55.075,-2.20,104.7,29.25,105.3,5.65,5.65,11.29
576,907.88,1.576,-209.636,55.025,-250.392,55.025,-3.20,107.3,29.47,106.1,5.94,5.94,11.87
577,909.46,1.576,-210.653,54.988,-249.562,54.988,-2.37,110.9,29.62,106.6,6.21,6.21,12.42
578,911.04,1.576,-212.109,54.933,-248.341,54.933,-3.46,113.4,29.86,107.5,6.46,6.46,12.91
579,912.61,1.576,-213.133,54.893,-247.459,54.893,-2.55,117.5,30.02,108.1,6.64,6.64,13.28
580,914.19,1.576,-214.525,54.838,-246.231,54.838,-3.51,120.4,30.24,108.9,6.76,6.76,13.53
581,915.77,1.576,-215.462,54.797,-245.384,54.797,-2.56,124.3,30.40,109.4,6.83,6.83,13.67
582,917.34,1.576,-216.837,54.737,-244.117,54.737,-3.82,127.9,30.63,110.3,6.85,6.85,13.70
583,918.92,1.576,-217.802,54.691,-243.206,54.691,-2.92,131.6,30.78,110.8,6.81,6.81,13.63
584,920.49,1.576,-219.077,54.628,-241.981,54.628,-4.03,135.3,30.99,111.5,6.73,6.73,13.46
585,922.07,1.576,-220.099,54.573,-240.978,54.573,-3.46,138.8,31.16,112.2,6.60,6.60,13.19
586,923.65,1.576,-221.325,54.505,-239.754,54.505,-4.31,143.5,31.36,112.9,6.42,6.42,12.83
587,925.22,1.576,-222.308,54.447,-238.752,54.447,-3.69,146.6,31.53,113.5,6.21,6.21,12.42
588,926.80,1.576,-223.491,54.376,-237.526,54.376,-4.52,150.7,31.72,114.2,6.01,6.01,12.01
589,928.37,1.576,-224.461,54.314,-236.501,54.314,-3.95,154.2,31.88,114.8,5.81,5.81,11.63
590,929.95,1.576,-225.649,54.237,-235.224,54.237,-4.83,158.2,32.07,115.5,5.61,5.61,11.22
591,931.53,1.576,-226.553,54.177,-234.232,54.177,-3.82,160.8,32.18,115.8,5.43,5.43,10.87
592,933.10,1.576,-227.777,54.096,-232.867,54.096,-5.15,164.0,32.15,115.7,5.25,5.25,10.50
593,934.68,1.576,-228.638,54.039,-231.888,54.039,-3.65,167.3,32.13,115.7,5.09,5.09,10.18
594,936.26,1.576,-229.855,53.956,-230.481,53.956,-5.26,169.4,32.11,115.6,4.93,4.93,9.86
595,937.83,1.576,-230.716,53.895,-229.467,53.895,-3.86,172.8,32.08,115.5,4.79,4.79,9.59
596,939.41,1.576,-231.905,53.811,-228.040,53.811,-5.32,175.7,32.16,115.8,4.66,4.66,9.33
597,940.98,1.576,-232.696,53.749,-227.074,53.749,-3.90,179.1,32.34,116.4,4.55,4.55,9.11
598,942.56,1.576,-233.927,53.655,-225.543,53.655,-5.97,181.4,32.58,117.3,4.46,4.46,8.92
599,944.14,1.576,-234.673,53.593,-224.598,53.593,-3.98,185.0,32.76,117.9,4.40,4.40,8.79
600,945.71,1.576,-235.803,53.497,-223.138,53.497,-6.07,187.9,33.01,118.8,4.33,4.33,8.66
601,947.29,1.576,-236.576,53.427,-222.121,53.427,-4.45,190.9,33.11,119.2,4.30,4.30,8.59
602,948.87,1.576,-237.716,53.323,-220.595,53.323,-6.60,194.9,33.26,119.7,4.26,4.26,8.52
603,950.44,1.576,-238.431,53.257,-219.619,53.257,-4.18,197.8,33.40,120.2,4.25,4.25,8.49
604,952.02,1.576,-239.513,53.153,-218.116,53.153,-6.60,202.0,33.57,120.9,4.23,4.23,8.46
605,953.59,1.576,-240.450,53.060,-216.788,53.060,-5.87,205.4,33.70,121.3,4.23,4.23,8.45
606,955.17,1.576,-241.327,52.974,-215.519,52.974,-5.49,210.5,33.85,121.9,4.22,4.22,8.44
607,956.75,1.576,-242.086,52.895,-214.405,52.895,-4.98,213.4,33.98,122.3,4.22,4.22,8.43
608,958.32,1.576,-243.051,52.791,-212.961,52.791,-6.59,217.0,34.14,122.9,4.21,4.21,8.42
609,959.90,1.576,-243.892,52.701,-211.680,52.701,-5.72,221.0,34.29,123.4,4.20,4.20,8.40
610,961.47,1.576,-244.747,52.607,-210.355,52.607,-5.99,223.3,34.45,124.0,4.18,4.18,8.37
611,963.05,1.576,-245.662,52.504,-208.915,52.504,-6.52,227.1,34.62,124.6,4.17,4.17,8.34
612,964.63,1.576,-246.394,52.421,-207.747,52.421,-5.27,229.7,34.76,125.1,4.15,4.15,8.30
613,966.20,1.576,-247.370,52.309,-206.167,52.309,-7.13,233.3,34.94,125.8,4.13,4.13,8.26
614,967.78,1.576,-248.029,52.229,-205.084,52.229,-5.04,234.6,35.07,126.2,4.11,4.11,8.21
615,969.36,1.576,-249.001,52.114,-203.468,52.114,-7.28,237.4,35.25,126.9,4.08,4.08,8.17
616,970.93,1.576,-249.601,52.041,-202.460,52.041,-4.67,240.3,35.37,127.3,4.06,4.06,8.12
617,972.51,1.576,-250.541,51.928,-200.860,51.928,-7.19,240.7,35.55,128.0,4.04,4.04,8.07
618,974.08,1.576,-251.262,51.839,-199.620,51.839,-5.62,244.0,35.67,128.4,4.01,4.01,8.03
619,975.66,1.576,-252.056,51.742,-198.238,51.742,-6.12,245.6,35.84,129.0,3.99,3.99,7.98
620,977.24,1.576,-252.884,51.641,-196.784,51.641,-6.41,246.9,36.00,129.6,3.96,3.96,7.93
621,978.81,1.576,-253.604,51.552,-195.503,51.552,-5.66,247.3,36.13,130.1,3.94,3.94,7.87
622,980.39,1.576,-254.508,51.442,-193.878,51.442,-6.98,250.4,36.30,130.7,3.91,3.91,7.81
623,981.97,1.576,-255.068,51.372,-192.860,51.372,-4.46,252.5,36.41,131.1,3.87,3.87,7.75
624,983.54,1.576,-255.963,51.263,-191.213,51.263,-6.91,250.4,36.58,131.7,3.84,3.84,7.67
625,985.12,1.576,-256.586,51.186,-190.052,51.186,-4.88,252.9,36.69,132.1,3.79,3.79,7.58
626,986.69,1.576,-257.386,51.090,-188.541,51.090,-6.07,249.5,36.84,132.6,3.74,3.74,7.48
627,988.27,1.576,-258.120,51.002,-187.135,51.002,-5.58,250.2,36.98,133.1,3.68,3.68,7.36
628,989.85,1.576,-258.810,50.920,-185.793,50.920,-5.24,246.5,37.11,133.6,3.62,3.62,7.23
629,991.42,1.576,-259.647,50.821,-184.139,50.821,-6.26,245.4,37.27,134.2,3.54,3.54,7.08
630,993.00,1.576,-260.152,50.759,-183.122,50.759,-3.93,242.3,37.35,134.5,3.46,3.46,6.91
631,994.57,1.576,-260.961,50.662,-181.469,50.662,-6.16,238.7,37.39,134.6,3.36,3.36,6.73
632,996.15,1.576,-261.548,50.590,-180.249,50.590,-4.58,236.3,37.36,134.5,3.26,3.26,6.53
633,997.73,1.576,-262.288,50.500,-178.680,50.500,-5.70,232.0,37.32,134.3,3.16,3.16,6.32
634,999.30,1.576,-262.935,50.421,-177.282,50.421,-4.99,228.7,37.27,134.2,3.05,3.05,6.10
635,1000.88,1.576,-263.521,50.350,-175.990,50.350,-4.51,224.2,37.18,133.9,2.94,2.94,5.87
636,1002.46,1.576,-264.264,50.263,-174.321,50.263,-5.53,221.5,36.74,132.3,2.82,2.82,5.64
637,1004.03,1.576,-264.719,50.209,-173.280,50.209,-3.44,215.9,36.41,131.1,2.70,2.70,5.40
638,1005.61,1.576,-265.490,50.121,-171.478,50.121,-5.59,213.9,36.01,129.6,2.58,2.58,5.16
639,1007.18,1.576,-265.978,50.065,-170.313,50.065,-3.57,208.9,35.76,128.7,2.46,2.46,4.92
640,1008.76,1.576,-266.633,49.991,-168.715,49.991,-4.68,204.8,35.31,127.1,2.34,2.34,4.67
641,1010.34,1.576,-267.190,49.927,-167.330,49.927,-4.03,200.1,34.83,125.4,2.20,2.20,4.41
642,1011.91,1.576,-267.741,49.864,-165.925,49.864,-4.02,193.0,34.34,123.6,2.06,2.06,4.13
643,1013.49,1.576,-268.366,49.793,-164.295,49.793,-4.52,188.4,33.74,121.5,2.00,2.00,4.00
644,1015.07,1.576,-268.820,49.739,-163.083,49.739,-3.37,177.1,33.32,119.9,2.00,2.00,4.00
645,1016.64,1.576,-269.483,49.664,-161.274,49.664,-4.77,169.7,32.63,117.5,2.00,2.00,4.00
646,1018.22,1.576,-269.894,49.617,-160.119,49.617,-3.00,162.7,32.19,115.9,2.00,2.00,4.00
647,1019.79,1.576,-270.498,49.550,-158.384,49.550,-4.26,149.1,31.53,113.5,2.00,2.00,4.00
648,1021.37,1.576,-270.922,49.502,-157.134,49.502,-3.03,142.0,31.08,111.9,2.00,2.00,4.00
649,1022.95,1.576,-271.500,49.439,-155.386,49.439,-4.01,134.3,30.44,109.6,2.00,2.00,4.00
650,1024.52,1.576,-271.880,49.396,-154.201,49.396,-2.75,124.0,30.00,108.0,2.00,2.00,4.00
651,1026.10,1.576,-272.438,49.333,-152.415,49.333,-3.98,116.0,29.32,105.5,2.00,2.00,4.00
652,1027.67,1.576,-272.817,49.289,-151.163,49.289,-2.76,110.5,28.78,103.6,2.00,2.00,4.00
653,1029.25,1.576,-273.290,49.236,-149.556,49.236,-3.41,104.3,28.08,101.1,2.00,2.00,4.00
654,1030.83,1.576,-273.705,49.189,-148.094,49.189,-2.97,97.1,27.44,98.8,2.00,2.00,4.00
655,1032.40,1.576,-274.098,49.145,-146.666,49.145,-2.76,92.3,26.80,96.5,2.00,2.00,4.00
656,1033.98,1.576,-274.538,49.098,-144.997,49.098,-3.00,88.0,26.03,93.7,2.00,2.00,4.00
657,1035.56,1.576,-274.881,49.061,-143.632,49.061,-2.34,82.7,25.40,91.5,2.00,2.00,4.00
658,1037.13,1.576,-275.285,49.018,-141.931,49.018,-2.74,78.6,24.71,89.0,2.00,2.00,4.00
659,1038.71,1.576,-275.616,48.980,-140.423,48.980,-2.40,75.6,24.20,87.1,2.00,2.00,4.00
660,1040.28,1.576,-275.898,48.946,-139.040,48.946,-2.19,71.9,23.85,85.9,2.00,2.00,4.00
661,1041.86,1.576,-276.229,48.903,-137.209,48.903,-2.75,68.6,23.52,84.7,2.00,2.00,4.00
662,1043.44,1.576,-276.455,48.870,-135.738,48.870,-2.07,65.4,23.27,83.8,2.00,2.00,4.00
663,1045.01,1.576,-276.636,48.842,-134.367,48.842,-1.76,62.8,23.04,82.9,2.00,2.00,4.00
664,1046.59,1.576,-276.828,48.807,-132.473,48.807,-2.25,60.5,22.73,81.8,2.00,2.00,4.00
665,1048.17,1.576,-276.925,48.781,-131.069,48.781,-1.60,57.9,22.51,81.0,2.00,2.00,4.00
666,1049.74,1.576,-276.985,48.755,-129.616,48.755,-1.68,55.4,22.25,80.1,2.00,2.00,4.00
667,1051.32,1.576,-277.000,48.725,-127.974,48.725,-1.87,53.0,22.04,79.3,2.38,2.38,4.76
668,1052.89,1.576,-276.952,48.695,-126.267,48.695,-1.91,51.2,21.88,78.8,2.85,2.85,5.71
669,1054.47,1.576,-276.863,48.671,-124.822,48.671,-1.57,49.4,21.74,78.3,3.35,3.35,6.70
670,1056.05,1.576,-276.726,48.646,-123.357,48.646,-1.54,47.6,21.62,77.8,3.86,3.86,7.73
671,1057.62,1.576,-276.496,48.620,-121.630,48.620,-1.68,45.7,21.52,77.5,4.40,4.40,8.81
672,1059.20,1.576,-276.230,48.596,-120.087,48.596,-1.53,44.3,21.40,77.0,4.87,4.87,9.73
673,1060.77,1.576,-275.940,48.574,-118.706,48.574,-1.40,43.2,21.25,76.5,5.23,5.23,10.45
674,1062.35,1.576,-275.517,48.544,-117.004,48.544,-1.88,42.0,21.06,75.8,5.49,5.49,10.98
675,1063.93,1.576,-275.073,48.516,-115.488,48.516,-1.77,41.2,20.88,75.2,5.65,5.65,11.30
676,1065.50,1.576,-274.593,48.489,-114.056,48.489,-1.75,40.3,20.71,74.5,5.67,5.67,11.35
677,1067.08,1.576,-274.087,48.463,-112.711,48.463,-1.62,39.4,20.54,74.0,5.60,5.60,11.20
678,1068.66,1.576,-273.499,48.437,-111.305,48.437,-1.63,39.2,20.37,73.3,5.42,5.42,10.84
679,1070.23,1.576,-272.766,48.409,-109.741,48.409,-1.81,38.7,20.18,72.6,5.14,5.14,10.29
680,1071.81,1.576,-272.007,48.380,-108.293,48.380,-1.81,38.1,20.00,72.0,4.77,4.77,9.54
681,1073.38,1.576,-271.266,48.353,-107.017,48.353,-1.70,38.0,19.82,71.4,4.39,4.39,8.79
682,1074.96,1.576,-270.475,48.327,-105.771,48.327,-1.68,37.6,19.64,70.7,4.04,4.04,8.09
683,1076.54,1.576,-269.590,48.301,-104.501,48.301,-1.66,37.2,19.45,70.0,3.72,3.72,7.44
684,1078.11,1.576,-268.539,48.274,-103.135,48.274,-1.72,37.1,19.26,69.3,3.43,3.43,6.86
685,1079.69,1.576,-267.520,48.250,-101.937,48.250,-1.50,37.0,19.12,68.8,3.16,3.16,6.33
686,1081.27,1.576,-266.504,48.229,-100.845,48.229,-1.36,36.7,19.04,68.5,2.93,2.93,5.85
687,1082.84,1.576,-265.437,48.208,-99.796,48.208,-1.28,36.4,19.01,68.4,2.73,2.73,5.45
688,1084.42,1.576,-264.188,48.188,-98.677,48.188,-1.27,36.5,19.03,68.5,2.56,2.56,5.12
689,1085.99,1.576,-262.887,48.172,-97.622,48.172,-1.05,36.4,19.07,68.7,2.42,2.42,4.84
690,1087.57,1.576,-261.619,48.160,-96.690,48.160,-0.76,36.2,19.15,69.0,2.29,2.29,4.57
691,1089.15,1.576,-260.378,48.151,-95.857,48.151,-0.56,36.1,19.24,69.3,2.18,2.18,4.36
692,1090.72,1.576,-259.106,48.144,-95.078,48.144,-0.47,36.0,19.34,69.6,2.09,2.09,4.18
693,1092.30,1.576,-257.777,48.137,-94.338,48.137,-0.46,36.1,19.44,70.0,2.02,2.02,4.03
694,1093.87,1.576,-256.236,48.129,-93.569,48.129,-0.47,36.2,19.51,70.2,2.00,2.00,4.00
695,1095.45,1.576,-254.747,48.125,-92.910,48.125,-0.28,36.1,19.55,70.4,2.00,2.00,4.00
696,1097.03,1.576,-253.378,48.125,-92.372,48.125,0.00,36.2,19.60,70.6,2.00,2.00,4.00
697,1098.60,1.576,-251.935,48.128,-91.871,48.128,0.20,36.5,19.64,70.7,2.00,2.00,4.00
698,1100.18,1.576,-250.511,48.133,-91.442,48.133,0.32,37.0,19.69,70.9,2.00,2.00,4.00
699,1101.76,1.576,-248.852,48.140,-91.022,48.140,0.47,37.3,19.71,71.0,2.00,2.00,4.00
700,1103.33,1.576,-247.251,48.151,-90.694,48.151,0.65,37.5,19.72,71.0,2.00,2.00,4.00
701,1104.91,1.576,-245.785,48.163,-90.457,48.163,0.81,38.1,19.75,71.1,2.00,2.00,4.00
702,1106.48,1.576,-244.305,48.178,-90.279,48.178,0.93,38.9,19.78,71.2,2.00,2.00,4.00
703,1108.06,1.576,-242.768,48.193,-90.157,48.193,0.98,39.6,19.82,71.4,2.00,2.00,4.00
704,1109.64,1.576,-241.074,48.210,-90.099,48.210,1.09,40.1,19.84,71.4,2.00,2.00,4.00
705,1111.21,1.576,-239.455,48.230,-90.117,48.230,1.25,40.9,19.87,71.5,2.00,2.00,4.00
706,1112.79,1.576,-237.938,48.254,-90.198,48.254,1.52,42.0,19.93,71.7,2.00,2.00,4.00
707,1114.37,1.576,-236.464,48.282,-90.333,48.282,1.76,42.9,19.99,72.0,2.00,2.00,4.00
708,1115.94,1.576,-234.939,48.313,-90.535,48.313,1.99,44.1,20.05,72.2,2.00,2.00,4.00
709,1117.52,1.576,-233.217,48.348,-90.838,48.348,2.21,45.4,20.11,72.4,2.00,2.00,4.00
710,1119.09,1.576,-231.699,48.379,-91.172,48.379,1.96,46.7,20.19,72.7,2.00,2.00,4.00
711,1120.67,1.576,-230.268,48.409,-91.541,48.409,1.88,48.4,20.27,73.0,2.00,2.00,4.00
712,1122.25,1.576,-228.819,48.440,-91.967,48.440,1.99,50.5,20.37,73.3,2.00,2.00,4.00
713,1123.82,1.576,-227.241,48.476,-92.495,48.476,2.25,53.0,20.46,73.7,2.00,2.00,4.00
714,1125.40,1.576,-225.639,48.514,-93.097,48.514,2.43,55.4,20.56,74.0,2.00,2.00,4.00
715,1126.97,1.576,-224.298,48.548,-93.652,48.548,2.19,57.5,20.65,74.3,2.00,2.00,4.00
716,1128.55,1.576,-222.898,48.587,-94.278,48.587,2.45,59.8,20.79,74.9,2.00,2.00,4.00
717,1130.13,1.576,-221.462,48.629,-94.969,48.629,2.66,62.4,21.07,75.9,2.00,2.00,4.00
718,1131.70,1.576,-219.875,48.677,-95.790,48.677,3.07,65.2,21.45,77.2,2.00,2.00,4.00
719,1133.28,1.576,-218.629,48.716,-96.476,48.716,2.46,67.2,21.74,78.3,2.00,2.00,4.00
720,1134.86,1.576,-217.333,48.755,-97.225,48.755,2.51,69.6,22.04,79.3,2.00,2.00,4.00
721,1136.43,1.576,-215.890,48.797,-98.101,48.797,2.66,71.8,22.37,80.5,2.13,2.13,4.27
722,1138.01,1.576,-214.519,48.836,-98.971,48.836,2.45,74.5,22.68,81.7,2.30,2.30,4.60
723,1139.58,1.576,-213.305,48.870,-99.771,48.870,2.13,77.5,22.98,82.7,2.46,2.46,4.92
724,1141.16,1.576,-212.000,48.906,-100.657,48.906,2.28,79.5,23.28,83.8,2.60,2.60,5.21
725,1142.74,1.576,-210.545,48.945,-101.675,48.945,2.48,81.6,23.62,85.0,2.73,2.73,5.47
726,1144.31,1.576,-209.409,48.975,-102.485,48.975,1.94,83.3,23.89,86.0,2.86,2.86,5.72
727,1145.89,1.576,-208.136,49.008,-103.405,49.008,2.10,86.1,24.19,87.1,3.03,3.03,6.06
728,1147.47,1.576,-206.725,49.044,-104.431,49.044,2.23,87.7,24.52,88.3,3.17,3.17,6.35
729,1149.04,1.576,-205.566,49.071,-105.273,49.071,1.77,88.1,24.77,89.2,3.38,3.38,6.76
730,1150.62,1.576,-204.230,49.101,-106.236,49.101,1.88,89.7,25.07,90.3,3.62,3.62,7.24
731,1152.19,1.576,-202.919,49.128,-107.167,49.128,1.69,89.7,25.33,91.2,3.90,3.90,7.81
732,1153.77,1.576,-201.800,49.149,-107.948,49.149,1.35,90.3,25.57,92.0,4.24,4.24,8.47
733,1155.35,1.576,-200.251,49.177,-109.000,49.177,1.76,89.8,25.85,93.1,4.62,4.62,9.23
734,1156.92,1.576,-199.068,49.198,-109.778,49.198,1.35,87.3,26.05,93.8,5.05,5.05,10.10
735,1158.50,1.576,-197.791,49.221,-110.593,49.221,1.44,87.4,26.27,94.6,5.53,5.53,11.07
736,1160.07,1.576,-196.358,49.244,-111.469,49.244,1.50,86.1,26.41,95.1,6.03,6.03,12.07
737,1161.65,1.576,-195.203,49.262,-112.150,49.262,1.11,83.2,26.33,94.8,6.62,6.62,13.24
738,1163.23,1.576,-193.601,49.283,-113.051,49.283,1.35,81.8,26.18,94.3,7.21,7.21,14.42
739,1164.80,1.576,-192.351,49.298,-113.719,49.298,0.94,80.1,26.07,93.8,7.70,7.70,15.41
740,1166.38,1.576,-190.796,49.314,-114.511,49.314,1.02,76.4,25.92,93.3,8.09,8.09,16.18
741,1167.96,1.576,-189.539,49.324,-115.113,49.324,0.64,74.4,25.78,92.8,8.32,8.32,16.63
742,1169.53,1.576,-188.176,49.333,-115.733,49.333,0.53,72.2,25.63,92.3,8.41,8.41,16.82
743,1171.11,1.576,-186.562,49.339,-116.418,49.339,0.39,68.6,25.47,91.7,8.37,8.37,16.74
744,1172.68,1.576,-185.272,49.343,-116.928,49.343,0.25,65.8,25.33,91.2,8.19,8.19,16.38
745,1174.26,1.576,-183.684,49.348,-117.512,49.348,0.33,63.8,25.15,90.5,7.87,7.87,15.74
746,1175.84,1.576,-182.180,49.355,-118.016,49.355,0.44,61.7,24.97,89.9,7.40,7.40,14.81
747,1177.41,1.576,-180.864,49.363,-118.421,49.363,0.50,60.2,24.82,89.3,6.79,6.79,13.59
748,1178.99,1.576,-179.062,49.376,-118.918,49.376,0.85,59.0,24.60,88.6,6.17,6.17,12.34
749,1180.57,1.576,-177.736,49.389,-119.238,49.389,0.81,57.3,24.44,88.0,5.54,5.54,11.08
750,1182.14,1.576,-176.296,49.406,-119.547,49.406,1.09,56.5,24.27,87.4,4.95,4.95,9.90
751,1183.72,1.576,-174.499,49.433,-119.870,49.433,1.74,55.8,24.06,86.6,4.37,4.37,8.74
752,1185.29,1.576,-173.087,49.461,-120.077,49.461,1.72,54.9,23.91,86.1,3.81,3.81,7.61
753,1186.87,1.576,-171.571,49.493,-120.257,49.493,2.07,53.9,23.75,85.5,3.27,3.27,6.54
754,1188.45,1.576,-169.830,49.535,-120.404,49.535,2.67,53.3,23.55,84.8,2.76,2.76,5.53
755,1190.02,1.576,-168.392,49.573,-120.479,49.573,2.40,52.8,23.40,84.2,2.29,2.29,4.58
756,1191.60,1.576,-166.972,49.611,-120.513,49.611,2.41,51.6,23.29,83.8,2.00,2.00,4.00
757,1193.17,1.576,-165.064,49.663,-120.496,49.663,3.27,51.5,23.24,83.7,2.00,2.00,4.00
758,1194.75,1.576,-163.679,49.699,-120.438,49.699,2.31,51.1,23.22,83.6,2.00,2.00,4.00
759,1196.33,1.576,-162.203,49.740,-120.338,49.740,2.61,50.4,23.17,83.4,2.00,2.00,4.00
760,1197.90,1.576,-160.599,49.785,-120.178,49.785,2.84,50.2,23.12,83.2,2.00,2.00,4.00
761,1199.48,1.576,-158.951,49.834,-119.960,49.834,3.12,49.9,23.05,83.0,2.00,2.00,4.00
762,1201.06,1.576,-157.528,49.875,-119.731,49.875,2.62,50.0,22.98,82.7,2.00,2.00,4.00
763,1202.63,1.576,-155.785,49.924,-119.394,49.924,3.12,49.6,22.89,82.4,2.00,2.00,4.00
764,1204.21,1.576,-154.314,49.964,-119.058,49.964,2.48,49.7,22.80,82.1,2.00,2.00,4.00
765,1205.78,1.576,-152.954,49.998,-118.707,49.998,2.20,50.5,22.71,81.8,2.00,2.00,4.00
766,1207.36,1.576,-151.280,50.039,-118.220,50.039,2.57,50.4,22.60,81.4,2.00,2.00,4.00
767,1208.94,1.576,-149.774,50.075,-117.726,50.075,2.29,50.7,22.50,81.0,2.00,2.00,4.00
768,1210.51,1.576,-148.402,50.108,-117.230,50.108,2.11,51.7,22.40,80.7,2.00,2.00,4.00
769,1212.09,1.576,-146.937,50.143,-116.648,50.143,2.22,52.1,22.31,80.3,2.00,2.00,4.00
770,1213.66,1.576,-145.339,50.181,-115.948,50.181,2.38,52.8,22.28,80.2,2.00,2.00,4.00
771,1215.24,1.576,-144.062,50.210,-115.337,50.210,1.84,54.4,22.30,80.3,2.00,2.00,4.00
772,1216.82,1.576,-142.765,50.238,-114.670,50.238,1.81,54.9,22.34,80.4,2.10,2.10,4.20
773,1218.39,1.576,-141.166,50.271,-113.775,50.271,2.09,55.8,22.37,80.5,2.45,2.45,4.90
774,1219.97,1.576,-139.878,50.298,-112.992,50.298,1.72,57.6,22.41,80.7,2.83,2.83,5.65
775,1221.55,1.576,-138.657,50.325,-112.201,50.325,1.68,59.0,22.43,80.8,3.23,3.23,6.46
776,1223.12,1.576,-137.303,50.355,-111.261,50.355,1.95,60.4,22.48,80.9,3.65,3.65,7.29
777,1224.70,1.576,-136.002,50.385,-110.291,50.385,1.87,62.3,22.54,81.2,4.08,4.08,8.16
778,1226.27,1.576,-134.846,50.410,-109.374,50.410,1.62,64.3,22.61,81.4,4.52,4.52,9.04
779,1227.85,1.576,-133.631,50.436,-108.354,50.436,1.60,66.3,22.69,81.7,4.97,4.97,9.93
780,1229.43,1.576,-132.323,50.462,-107.186,50.462,1.68,69.5,22.82,82.1,5.37,5.37,10.74
781,1231.00,1.576,-131.261,50.483,-106.187,50.483,1.34,72.4,22.95,82.6,5.67,5.67,11.35
782,1232.58,1.576,-130.220,50.504,-105.164,50.504,1.29,75.2,23.11,83.2,5.88,5.88,11.76
783,1234.16,1.576,-129.085,50.524,-103.995,50.524,1.30,79.3,23.38,84.2,5.99,5.99,11.99
784,1235.73,1.576,-127.963,50.544,-102.789,50.544,1.25,84.0,23.67,85.2,6.02,6.02,12.04
785,1237.31,1.576,-126.998,50.561,-101.714,50.561,1.09,88.3,23.91,86.1,5.96,5.96,11.93
786,1238.88,1.576,-125.753,50.584,-100.271,50.584,1.44,93.6,24.28,87.4,5.82,5.82,11.64
787,1240.46,1.576,-124.837,50.601,-99.173,50.601,1.10,101.7,24.51,88.2,5.59,5.59,11.19
788,1242.04,1.576,-123.938,50.618,-98.066,50.618,1.07,108.3,24.74,89.1,5.29,5.29,10.58
789,1243.61,1.576,-122.803,50.638,-96.631,50.638,1.29,115.7,25.06,90.2,4.95,4.95,9.91
790,1245.19,1.576,-121.930,50.654,-95.499,50.654,0.98,127.1,25.31,91.1,4.63,4.63,9.26
791,1246.76,1.576,-120.956,50.670,-94.212,50.670,1.06,138.6,25.58,92.1,4.32,4.32,8.65
792,1248.34,1.576,-119.979,50.687,-92.895,50.687,1.08,150.8,25.85,93.1,4.04,4.04,8.07
793,1249.92,1.576,-119.175,50.701,-91.798,50.701,0.90,167.5,26.07,93.9,3.77,3.77,7.54
794,1251.49,1.576,-118.067,50.720,-90.267,50.720,1.21,188.3,26.41,95.1,3.53,3.53,7.05
795,1253.07,1.576,-117.270,50.734,-89.153,50.734,0.84,207.9,26.62,95.8,3.31,3.31,6.62
796,1254.65,1.576,-116.326,50.748,-87.826,50.748,0.90,232.0,26.85,96.7,3.11,3.11,6.23
797,1256.22,1.576,-115.372,50.760,-86.476,50.760,0.80,267.8,27.10,97.5,2.94,2.94,5.88
798,1257.80,1.576,-114.616,50.770,-85.403,50.770,0.62,305.9,27.33,98.4,2.79,2.79,5.58
799,1259.37,1.576,-113.510,50.785,-83.830,50.785,0.92,345.3,27.58,99.3,2.65,2.65,5.31
800,1260.95,1.576,-112.710,50.797,-82.689,50.797,0.78,406.1,27.79,100.0,2.54,2.54,5.08
801,1262.53,1.576,-111.706,50.814,-81.259,50.814,1.07,467.0,28.04,100.9,2.44,2.44,4.88
802,1264.10,1.576,-110.866,50.829,-80.061,50.829,0.97,535.3,28.25,101.7,2.35,2.35,4.70
803,1265.68,1.576,-109.986,50.846,-78.806,50.846,1.04,672.1,28.47,102.5,2.27,2.27,4.53
804,1267.26,1.576,-109.035,50.863,-77.452,50.863,1.11,787.9,28.69,103.3,2.18,2.18,4.36
805,1268.83,1.576,-108.225,50.878,-76.297,50.878,0.93,937.6,28.87,103.9,2.09,2.09,4.19
806,1270.41,1.576,-107.206,50.895,-74.845,50.895,1.12,1179.8,29.11,104.8,2.00,2.00,4.00
807,1271.98,1.576,-106.416,50.909,-73.720,50.909,0.84,1404.8,29.28,105.4,2.00,2.00,4.00
808,1273.56,1.576,-105.356,50.925,-72.211,50.925,1.05,1784.9,29.52,106.3,2.00,2.00,4.00
809,1275.14,1.576,-104.589,50.937,-71.119,50.937,0.75,2000.0,29.68,106.8,2.00,2.00,4.00
810,1276.71,1.576,-103.511,50.953,-69.583,50.953,1.03,2000.0,29.92,107.7,2.00,2.00,4.00
811,1278.29,1.576,-102.784,50.965,-68.549,50.965,0.72,2000.0,30.07,108.2,2.00,2.00,4.00
812,1279.86,1.576,-101.690,50.982,-66.991,50.982,1.10,2000.0,30.30,109.1,2.00,2.00,4.00
813,1281.44,1.576,-100.928,50.995,-65.905,50.995,0.81,2000.0,30.46,109.6,2.00,2.00,4.00
814,1283.02,1.576,-99.923,51.011,-64.471,51.011,1.05,2000.0,30.67,110.4,2.00,2.00,4.00
815,1284.59,1.576,-99.106,51.025,-63.305,51.025,0.87,2000.0,30.83,111.0,2.00,2.00,4.00
816,1286.17,1.576,-98.116,51.041,-61.892,51.041,1.02,2000.0,31.02,111.7,2.00,2.00,4.00
817,1287.75,1.576,-97.300,51.054,-60.724,51.054,0.84,2000.0,31.18,112.3,2.00,2.00,4.00
818,1289.32,1.576,-96.304,51.070,-59.299,51.070,0.99,2000.0,31.38,113.0,2.00,2.00,4.00
819,1290.90,1.576,-95.465,51.083,-58.098,51.083,0.82,2000.0,31.54,113.5,2.00,2.00,4.00
820,1292.47,1.576,-94.521,51.097,-56.744,51.097,0.88,2000.0,31.72,114.2,2.00,2.00,4.00
821,1294.05,1.576,-93.680,51.108,-55.535,51.108,0.73,2000.0,31.87,114.7,2.00,2.00,4.00
822,1295.63,1.576,-92.701,51.120,-54.126,51.120,0.73,2000.0,32.06,115.4,2.00,2.00,4.00
823,1297.20,1.576,-91.861,51.127,-52.915,51.127,0.48,2000.0,32.20,115.9,2.00,2.00,4.00
824,1298.78,1.576,-90.875,51.134,-51.492,51.134,0.41,2000.0,32.37,116.5,2.00,2.00,4.00
825,1300.36,1.576,-90.087,51.137,-50.351,51.137,0.22,2000.0,32.52,117.1,2.00,2.00,4.00
826,1301.93,1.576,-89.084,51.141,-48.897,51.141,0.20,2000.0,32.71,117.8,2.02,2.02,4.04
827,1303.51,1.576,-88.304,51.143,-47.765,51.143,0.14,2000.0,32.85,118.3,2.10,2.10,4.20
828,1305.08,1.576,-87.258,51.146,-46.241,51.146,0.21,2000.0,33.03,118.9,2.18,2.18,4.35
829,1306.66,1.576,-86.572,51.148,-45.240,51.148,0.15,2000.0,33.15,119.3,2.25,2.25,4.51
830,1308.24,1.576,-85.482,51.152,-43.646,51.152,0.22,2000.0,33.34,120.0,2.33,2.33,4.67
831,1309.81,1.576,-84.789,51.153,-42.629,51.153,0.10,2000.0,33.46,120.5,2.42,2.42,4.84
832,1311.39,1.576,-83.751,51.154,-41.103,51.154,0.06,2000.0,33.56,120.8,2.51,2.51,5.02
833,1312.96,1.576,-83.067,51.154,-40.096,51.154,-0.02,2000.0,33.56,120.8,2.60,2.60,5.21
834,1314.54,1.576,-81.981,51.152,-38.491,51.152,-0.12,2000.0,33.65,121.1,2.70,2.70,5.40
835,1316.12,1.576,-81.286,51.150,-37.463,51.150,-0.13,2000.0,33.62,121.0,2.80,2.80,5.60
836,1317.69,1.576,-80.275,51.146,-35.963,51.146,-0.25,2000.0,33.60,121.0,2.91,2.91,5.81
837,1319.27,1.576,-79.469,51.142,-34.765,51.142,-0.26,2000.0,33.58,120.9,3.02,3.02,6.03
838,1320.85,1.576,-78.500,51.135,-33.323,51.135,-0.40,2000.0,33.56,120.8,3.12,3.12,6.24
839,1322.42,1.576,-77.681,51.129,-32.102,51.129,-0.39,2000.0,33.54,120.7,3.23,3.23,6.46
840,1324.00,1.576,-76.783,51.122,-30.761,51.122,-0.48,2000.0,33.58,120.9,3.33,3.33,6.66
841,1325.57,1.576,-75.853,51.114,-29.372,51.114,-0.52,2000.0,33.84,121.8,3.43,3.43,6.86
842,1327.15,1.576,-75.038,51.106,-28.153,51.106,-0.47,2000.0,34.08,122.7,3.52,3.52,7.05
843,1328.73,1.576,-74.029,51.097,-26.645,51.097,-0.58,2000.0,34.27,123.4,3.61,3.61,7.22
844,1330.30,1.576,-73.310,51.090,-25.569,51.090,-0.45,2000.0,34.40,123.8,3.69,3.69,7.39
845,1331.88,1.576,-72.281,51.079,-24.031,51.079,-0.67,2000.0,34.57,124.4,3.77,3.77,7.55
846,1333.46,1.576,-71.587,51.071,-22.992,51.071,-0.53,2000.0,34.68,124.9,3.84,3.84,7.68
847,1335.03,1.576,-70.524,51.057,-21.404,51.057,-0.88,2000.0,34.86,125.5,3.92,3.92,7.83
848,1336.61,1.576,-69.862,51.047,-20.416,51.047,-0.64,2000.0,34.97,125.9,3.98,3.98,7.96
849,1338.18,1.576,-68.829,51.029,-18.874,51.029,-1.12,2000.0,35.14,126.5,4.04,4.04,8.08
850,1339.76,1.576,-68.018,51.014,-17.665,51.014,-0.99,2000.0,35.27,127.0,4.10,4.10,8.20
851,1341.34,1.576,-67.068,50.994,-16.250,50.994,-1.24,2000.0,35.43,127.5,4.17,4.17,8.34
852,1342.91,1.576,-66.200,50.975,-14.959,50.975,-1.20,2000.0,35.57,128.1,4.24,4.24,8.48
853,1344.49,1.576,-65.373,50.957,-13.731,50.957,-1.19,2000.0,35.71,128.5,4.31,4.31,8.62
854,1346.06,1.576,-64.336,50.933,-12.192,50.933,-1.50,2000.0,35.87,129.1,4.38,4.38,8.77
855,1347.64,1.576,-63.677,50.917,-11.217,50.917,-0.99,2000.0,35.97,129.5,4.46,4.46,8.91
856,1349.22,1.576,-62.615,50.892,-9.646,50.892,-1.59,2000.0,36.15,130.1,4.53,4.53,9.06
857,1350.79,1.576,-61.911,50.875,-8.606,50.875,-1.11,2000.0,36.25,130.5,4.60,4.60,9.20
858,1352.37,1.576,-60.868,50.849,-7.068,50.849,-1.65,2000.0,36.40,131.1,4.66,4.66,9.33
859,1353.95,1.576,-60.064,50.828,-5.885,50.828,-1.32,2000.0,36.53,131.5,4.72,4.72,9.44
860,1355.52,1.576,-59.170,50.804,-4.571,50.804,-1.49,2000.0,36.67,132.0,4.77,4.77,9.54
861,1357.10,1.576,-58.166,50.778,-3.097,50.778,-1.67,2000.0,36.83,132.6,4.81,4.81,9.61
862,1358.67,1.576,-57.469,50.759,-2.076,50.759,-1.20,2000.0,36.93,132.9,4.84,4.84,9.68
863,1360.25,1.576,-56.388,50.731,-0.493,50.731,-1.82,2000.0,37.08,133.5,4.86,4.86,9.73
864,1361.83,1.576,-55.698,50.711,0.517,50.711,-1.21,2000.0,37.19,133.9,4.88,4.88,9.76
865,1363.40,1.576,-54.643,50.683,2.058,50.683,-1.82,2000.0,37.34,134.4,4.90,4.90,9.79
866,1364.98,1.576,-53.806,50.659,3.280,50.659,-1.49,2000.0,37.47,134.9,4.90,4.90,9.81
867,1366.56,1.576,-52.942,50.635,4.542,50.635,-1.55,2000.0,37.60,135.3,4.91,4.91,9.82
868,1368.13,1.576,-51.898,50.605,6.065,50.605,-1.87,2000.0,37.74,135.9,4.91,4.91,9.82
869,1369.71,1.576,-51.241,50.586,7.023,50.586,-1.21,2000.0,37.83,136.2,4.91,4.91,9.83
870,1371.28,1.576,-50.181,50.557,8.568,50.557,-1.88,2000.0,37.99,136.8,4.91,4.91,9.82
871,1372.86,1.576,-49.409,50.535,9.695,50.535,-1.38,2000.0,38.09,137.1,4.91,4.91,9.82
872,1374.44,1.576,-48.414,50.508,11.147,50.508,-1.71,2000.0,38.23,137.6,4.90,4.90,9.80
873,1376.01,1.576,-47.508,50.484,12.470,50.484,-1.53,2000.0,38.36,138.1,4.90,4.90,9.79
874,1377.59,1.576,-46.718,50.463,13.625,50.463,-1.35,1983.6,38.47,138.5,4.89,4.89,9.78
875,1379.16,1.576,-45.661,50.434,15.172,50.434,-1.78,1891.3,38.61,139.0,4.88,4.88,9.76
876,1380.74,1.576,-45.010,50.417,16.125,50.417,-1.13,1764.4,38.70,139.3,4.87,4.87,9.74
877,1382.32,1.576,-43.972,50.389,17.650,50.389,-1.78,1721.8,38.84,139.8,4.86,4.86,9.72
878,1383.89,1.576,-43.066,50.364,18.981,50.364,-1.59,1603.4,38.96,140.3,4.85,4.85,9.70
879,1385.47,1.576,-42.275,50.341,20.146,50.341,-1.41,1526.1,39.06,140.6,4.84,4.84,9.68
880,1387.05,1.576,-41.239,50.312,21.675,50.312,-1.83,1455.4,39.21,141.1,4.83,4.83,9.66
881,1388.62,1.576,-40.615,50.294,22.599,50.294,-1.15,1350.3,39.28,141.4,4.82,4.82,9.63
882,1390.20,1.576,-39.534,50.264,24.202,50.264,-1.92,1305.0,39.43,141.9,4.80,4.80,9.61
883,1391.77,1.576,-38.672,50.240,25.484,50.240,-1.51,1213.3,39.54,142.4,4.79,4.79,9.58
884,1393.35,1.576,-37.891,50.219,26.649,50.219,-1.34,1136.1,39.64,142.7,4.78,4.78,9.56
885,1394.93,1.576,-36.817,50.192,28.257,50.192,-1.74,1089.9,39.79,143.2,4.77,4.77,9.53
886,1396.50,1.576,-36.177,50.176,29.216,50.176,-1.01,1018.7,39.86,143.5,4.76,4.76,9.51
887,1398.08,1.576,-35.140,50.152,30.778,50.152,-1.52,980.0,39.99,144.0,4.75,4.75,9.49
888,1399.66,1.576,-34.298,50.133,32.051,50.133,-1.21,933.5,40.10,144.4,4.74,4.74,9.47
889,1401.23,1.576,-33.500,50.115,33.262,50.115,-1.13,886.2,40.20,144.7,4.73,4.73,9.45
890,1402.81,1.576,-32.469,50.092,34.832,50.092,-1.44,864.7,40.32,145.2,4.72,4.72,9.44
891,1404.38,1.576,-31.834,50.078,35.803,50.078,-0.93,825.3,40.40,145.4,4.71,4.71,9.43
892,1405.96,1.576,-30.844,50.055,37.323,50.055,-1.45,798.8,40.52,145.9,4.71,4.71,9.42
893,1407.54,1.576,-29.916,50.032,38.755,50.032,-1.41,780.6,40.64,146.3,4.71,4.71,9.41
894,1409.11,1.576,-29.233,50.015,39.815,50.015,-1.09,753.8,40.72,146.6,4.70,4.70,9.40
895,1410.69,1.576,-28.216,49.990,41.398,49.990,-1.61,739.7,40.84,147.0,4.70,4.70,9.39
896,1412.26,1.576,-27.521,49.972,42.484,49.972,-1.14,723.0,40.93,147.3,4.69,4.69,9.38
897,1413.84,1.576,-26.622,49.949,43.898,49.949,-1.44,702.5,41.04,147.8,4.68,4.68,9.37
898,1415.42,1.576,-25.625,49.924,45.474,49.924,-1.57,694.8,41.16,148.2,4.68,4.68,9.35
899,1416.99,1.576,-25.040,49.910,46.404,49.910,-0.93,681.3,41.23,148.4,4.66,4.66,9.33
900,1418.57,1.576,-24.044,49.886,47.996,49.886,-1.51,666.6,41.35,148.9,4.65,4.65,9.30
901,1420.15,1.576,-23.223,49.867,49.315,49.867,-1.23,665.8,41.44,149.2,4.64,4.64,9.27
902,1421.72,1.576,-22.468,49.849,50.536,49.849,-1.12,654.8,41.53,149.5,4.62,4.62,9.24
903,1423.30,1.576,-21.497,49.827,52.113,49.827,-1.40,648.9,41.65,149.9,4.60,4.60,9.20
904,1424.87,1.576,-20.886,49.813,53.113,49.813,-0.90,650.2,41.71,150.2,4.58,4.58,9.17
905,1426.45,1.576,-19.960,49.792,54.636,49.792,-1.31,639.4,41.82,150.5,4.56,4.56,9.12
906,1428.03,1.576,-19.033,49.772,56.169,49.772,-1.28,645.3,41.93,150.9,4.54,4.54,9.08
907,1429.60,1.576,-18.434,49.759,57.166,49.759,-0.85,645.3,42.00,151.2,4.52,4.52,9.03
908,1431.18,1.576,-17.470,49.738,58.781,49.738,-1.32,637.1,42.11,151.6,4.49,4.49,8.99
909,1432.76,1.576,-16.698,49.721,60.081,49.721,-1.08,650.3,42.19,151.9,4.47,4.47,8.94
910,1434.33,1.576,-15.944,49.704,61.360,49.704,-1.07,648.1,42.27,152.2,4.44,4.44,8.88
911,1435.91,1.576,-15.011,49.683,62.950,49.683,-1.34,650.2,42.39,152.6,4.42,4.42,8.83
912,1437.48,1.576,-14.425,49.668,63.954,49.668,-0.91,664.9,42.45,152.8,4.39,4.39,8.78
913,1439.06,1.576,-13.532,49.646,65.495,49.646,-1.39,661.6,42.55,153.2,4.36,4.36,8.72
914,1440.64,1.576,-12.622,49.624,67.075,49.624,-1.44,678.5,42.65,153.6,4.33,4.33,8.65
915,1442.21,1.576,-12.061,49.609,68.054,49.609,-0.95,693.8,42.72,153.8,4.29,4.29,8.57
916,1443.79,1.576,-11.128,49.584,69.691,49.584,-1.54,695.4,42.83,154.2,4.25,4.25,8.50
917,1445.36,1.576,-10.351,49.564,71.062,49.564,-1.28,719.8,42.91,154.5,4.21,4.21,8.41
918,1446.94,1.576,-9.682,49.547,72.250,49.547,-1.08,733.3,42.99,154.8,4.15,4.15,8.31
919,1448.52,1.576,-8.759,49.525,73.897,49.525,-1.39,750.1,43.09,155.1,4.10,4.10,8.21
920,1450.09,1.576,-8.144,49.511,74.998,49.511,-0.91,781.2,43.16,155.4,4.04,4.04,8.08
921,1451.67,1.576,-7.332,49.493,76.461,49.493,-1.11,791.8,43.26,155.7,3.98,3.98,7.96
922,1453.25,1.576,-6.418,49.474,78.115,49.474,-1.21,824.8,43.36,156.1,3.92,3.92,7.83
923,1454.82,1.576,-5.914,49.463,79.032,49.463,-0.72,859.4,43.41,156.3,3.85,3.85,7.69
924,1456.40,1.576,-5.008,49.442,80.687,49.442,-1.31,878.9,43.50,156.6,3.78,3.78,7.56
925,1457.97,1.576,-4.175,49.421,82.216,49.421,-1.33,925.1,43.60,157.0,3.71,3.71,7.41
926,1459.55,1.576,-3.618,49.405,83.240,49.405,-1.02,958.1,43.67,157.2,3.63,3.63,7.26
927,1461.13,1.576,-2.722,49.378,84.899,49.378,-1.72,1004.1,43.77,157.6,3.56,3.56,7.12
928,1462.70,1.576,-2.027,49.355,86.188,49.355,-1.44,1067.9,43.84,157.8,3.49,3.49,6.97
929,1464.28,1.576,-1.335,49.332,87.478,49.332,-1.46,1104.4,43.92,158.1,3.41,3.41,6.83
930,1465.86,1.576,-0.445,49.303,89.142,49.303,-1.84,1181.9,44.04,158.5,3.34,3.34,6.69
931,1467.43,1.576,0.157,49.285,90.269,49.285,-1.18,1259.7,44.11,158.8,3.27,3.27,6.53
932,1469.01,1.576,0.886,49.263,91.641,49.263,-1.36,1310.4,44.18,159.1,3.20,3.20,6.39
933,1470.58,1.576,1.779,49.239,93.325,49.239,-1.57,1419.4,44.29,159.5,3.12,3.12,6.25
934,1472.16,1.576,2.495,49.219,94.678,49.219,-1.24,1498.7,44.35,159.7,3.05,3.05,6.10
935,1473.74,1.576,3.146,49.202,95.913,49.202,-1.06,1589.3,44.35,159.7,2.98,2.98,5.96
936,1475.31,1.576,3.953,49.181,97.445,49.181,-1.36,1734.9,44.32,159.5,2.91,2.91,5.81
937,1476.89,1.576,4.423,49.167,98.339,49.167,-0.89,1804.4,44.29,159.5,2.83,2.83,5.67
938,1478.46,1.576,5.302,49.140,100.013,49.140,-1.70,1960.1,44.25,159.3,2.76,2.76,5.52
939,1480.04,1.576,6.081,49.116,101.501,49.116,-1.54,2000.0,44.09,158.7,2.69,2.69,5.37
940,1481.62,1.576,6.615,49.098,102.521,49.098,-1.11,2000.0,43.84,157.8,2.61,2.61,5.23
941,1483.19,1.576,7.473,49.069,104.163,49.069,-1.90,2000.0,43.36,156.1,2.54,2.54,5.09
942,1484.77,1.576,8.342,49.038,105.828,49.038,-1.94,2000.0,42.87,154.3,2.48,2.48,4.95
943,1486.35,1.576,8.825,49.021,106.753,49.021,-1.06,2000.0,42.56,153.2,2.41,2.41,4.81
944,1487.92,1.576,9.689,48.991,108.410,48.991,-1.91,2000.0,41.99,151.1,2.34,2.34,4.68
945,1489.50,1.576,10.453,48.965,109.876,48.965,-1.69,2000.0,41.47,149.3,2.28,2.28,4.56
946,1491.07,1.576,11.034,48.946,110.992,48.946,-1.19,2000.0,41.05,147.8,2.22,2.22,4.43
947,1492.65,1.576,11.874,48.921,112.607,48.921,-1.56,2000.0,40.46,145.6,2.16,2.16,4.32
948,1494.23,1.576,12.398,48.906,113.614,48.906,-0.98,2000.0,40.14,144.5,2.11,2.11,4.21
949,1495.80,1.576,13.259,48.882,115.270,48.882,-1.50,2000.0,39.56,142.4,2.05,2.05,4.11
950,1497.38,1.576,13.930,48.864,116.560,48.864,-1.14,2000.0,39.13,140.9,2.00,2.00,4.01
951,1498.96,1.576,14.684,48.843,118.009,48.843,-1.32,2000.0,38.65,139.1,2.00,2.00,4.00
952,1500.53,1.576,15.501,48.819,119.582,48.819,-1.55,2000.0,38.09,137.1,2.00,2.00,4.00
953,1502.11,1.576,16.127,48.799,120.787,48.799,-1.28,2000.0,37.72,135.8,2.00,2.00,4.00
954,1503.68,1.576,16.929,48.772,122.334,48.772,-1.66,2000.0,37.17,133.8,2.00,2.00,4.00
955,1505.26,1.576,17.502,48.753,123.438,48.753,-1.21,2000.0,36.76,132.3,2.00,2.00,4.00
956,1506.84,1.576,18.306,48.728,124.990,48.728,-1.64,1807.6,36.14,130.1,2.00,2.00,4.00
957,1508.41,1.576,19.035,48.707,126.396,48.707,-1.28,1507.7,35.56,128.0,2.00,2.00,4.00
958,1509.99,1.576,19.684,48.693,127.652,48.693,-0.94,1308.3,35.01,126.0,2.00,2.00,4.00
959,1511.56,1.576,20.544,48.676,129.315,48.676,-1.05,1074.6,34.30,123.5,2.00,2.00,4.00
960,1513.14,1.576,21.134,48.665,130.459,48.665,-0.69,891.8,33.89,122.0,2.00,2.00,4.00
961,1514.72,1.576,21.984,48.648,132.110,48.648,-1.10,740.6,33.42,120.3,2.00,2.00,4.00
962,1516.29,1.576,22.524,48.634,133.159,48.634,-0.89,566.5,33.10,119.2,2.00,2.00,4.00
963,1517.87,1.576,23.383,48.605,134.833,48.605,-1.80,477.6,32.51,117.0,2.00,2.00,4.00
964,1519.45,1.576,24.033,48.581,136.105,48.581,-1.54,399.7,31.97,115.1,2.00,2.00,4.00
965,1521.02,1.576,24.784,48.552,137.578,48.552,-1.86,321.2,31.30,112.7,2.00,2.00,4.00
966,1522.60,1.576,25.463,48.526,138.914,48.526,-1.62,272.8,30.67,110.4,2.00,2.00,4.00
967,1524.17,1.576,26.195,48.501,140.359,48.501,-1.59,237.8,30.00,108.0,2.00,2.00,4.00
968,1525.75,1.576,26.840,48.480,141.640,48.480,-1.34,205.5,29.42,105.9,2.00,2.00,4.00
969,1527.33,1.576,27.646,48.455,143.250,48.455,-1.60,177.5,28.66,103.2,2.00,2.00,4.00
970,1528.90,1.576,28.227,48.435,144.417,48.435,-1.23,159.2,28.14,101.3,2.00,2.00,4.00
971,1530.48,1.576,28.990,48.409,145.963,48.409,-1.67,144.7,27.44,98.8,2.00,2.00,4.00
972,1532.06,1.576,29.642,48.384,147.297,48.384,-1.58,130.1,26.84,96.6,2.00,2.00,4.00
973,1533.63,1.576,30.291,48.358,148.639,48.358,-1.65,117.6,26.23,94.4,2.00,2.00,4.00
974,1535.21,1.576,31.034,48.328,150.201,48.328,-1.94,108.7,25.45,91.6,2.00,2.00,4.00
975,1536.78,1.576,31.623,48.304,151.462,48.304,-1.51,101.6,24.78,89.2,2.00,2.00,4.00
976,1538.36,1.576,32.406,48.273,153.186,48.273,-1.96,94.5,23.94,86.2,2.00,2.00,4.00
977,1539.94,1.576,32.956,48.252,154.443,48.252,-1.31,88.5,23.32,83.9,2.00,2.00,4.00
978,1541.51,1.576,33.545,48.229,155.838,48.229,-1.46,82.7,22.73,81.8,2.03,2.03,4.05
979,1543.09,1.576,34.230,48.202,157.560,48.202,-1.73,78.6,22.23,80.0,2.17,2.17,4.34
980,1544.66,1.576,34.737,48.180,158.930,48.180,-1.40,74.9,22.04,79.4,2.35,2.35,4.70
981,1546.24,1.576,35.216,48.158,160.317,48.158,-1.34,70.6,21.88,78.8,2.56,2.56,5.11
982,1547.82,1.576,35.723,48.136,161.929,48.136,-1.43,67.0,21.70,78.1,2.80,2.80,5.60
983,1549.39,1.576,36.168,48.116,163.525,48.116,-1.28,63.8,21.55,77.6,3.08,3.08,6.16
984,1550.97,1.576,36.510,48.099,164.919,48.099,-1.08,61.4,21.44,77.2,3.31,3.31,6.61
985,1552.55,1.576,36.825,48.081,166.387,48.081,-1.14,58.8,21.30,76.7,3.50,3.50,7.00
986,1554.12,1.576,37.130,48.059,168.106,48.059,-1.37,56.3,21.12,76.0,3.67,3.67,7.34
987,1555.70,1.576,37.349,48.040,169.679,48.040,-1.21,54.0,20.95,75.4,3.81,3.81,7.63
988,1557.27,1.576,37.497,48.024,171.097,48.024,-1.01,52.3,20.80,74.9,3.94,3.94,7.87
989,1558.85,1.576,37.607,48.009,172.605,48.009,-0.93,50.7,20.62,74.2,4.03,4.03,8.05
990,1560.43,1.576,37.663,47.995,174.335,47.995,-0.93,49.1,20.41,73.5,4.08,4.08,8.16
991,1562.00,1.576,37.656,47.981,175.963,47.981,-0.85,47.5,20.21,72.8,4.09,4.09,8.17
992,1563.58,1.576,37.598,47.967,177.431,47.967,-0.90,46.1,20.08,72.3,4.04,4.04,8.07
993,1565.15,1.576,37.492,47.948,178.922,47.948,-1.24,45.2,19.96,71.9,4.02,4.02,8.03
994,1566.73,1.576,37.337,47.919,180.401,47.919,-1.81,44.2,19.87,71.5,4.01,4.01,8.01
995,1568.31,1.576,37.073,47.861,182.250,47.861,-3.67,43.2,19.83,71.4,3.99,3.99,7.97
996,1569.88,1.576,36.797,47.798,183.745,47.798,-3.99,42.5,19.87,71.5,3.96,3.96,7.91
997,1571.46,1.576,36.478,47.734,185.198,47.734,-4.11,41.9,19.93,71.8,3.91,3.91,7.82
998,1573.04,1.576,36.106,47.672,186.649,47.672,-3.88,41.2,19.96,71.9,3.85,3.85,7.70
999,1574.61,1.576,35.634,47.613,188.240,47.613,-3.75,40.8,20.02,72.1,3.78,3.78,7.55
1000,1576.19,1.576,35.078,47.553,189.874,47.553,-3.82,40.5,20.10,72.3,3.70,3.70,7.39
1001,1577.76,1.576,34.556,47.499,191.230,47.499,-3.43,40.2,20.14,72.5,3.61,3.61,7.21
1002,1579.34,1.576,33.970,47.437,192.612,47.437,-3.94,39.8,20.13,72.5,3.51,3.51,7.02
1003,1580.92,1.576,33.347,47.374,193.947,47.374,-4.02,39.4,20.07,72.2,3.41,3.41,6.82
1004,1582.49,1.576,32.555,47.297,195.488,47.297,-4.89,39.2,19.95,71.8,3.30,3.30,6.60
1005,1584.07,1.576,31.767,47.224,196.880,47.224,-4.60,38.7,19.80,71.3,3.19,3.19,6.38
1006,1585.65,1.576,30.981,47.154,198.154,47.154,-4.45,38.2,19.63,70.7,3.08,3.08,6.15
1007,1587.22,1.576,30.169,47.084,199.365,47.084,-4.43,38.0,19.47,70.1,2.96,2.96,5.92
1008,1588.80,1.576,29.258,47.009,200.617,47.009,-4.80,37.8,19.30,69.5,2.85,2.85,5.70
1009,1590.37,1.576,28.219,46.923,201.919,46.923,-5.41,37.5,19.12,68.8,2.74,2.74,5.49
1010,1591.95,1.576,27.106,46.834,203.187,46.834,-5.66,37.2,18.92,68.1,2.64,2.64,5.28
1011,1593.53,1.576,26.072,46.753,204.262,46.753,-5.14,36.9,18.72,67.4,2.55,2.55,5.10
1012,1595.10,1.576,24.990,46.673,205.298,46.673,-5.07,37.0,18.56,66.8,2.47,2.47,4.94
1013,1596.68,1.576,23.804,46.587,206.336,46.587,-5.46,37.1,18.42,66.3,2.40,2.40,4.80
1014,1598.25,1.576,22.625,46.501,207.280,46.501,-5.47,36.8,18.36,66.1,2.34,2.34,4.68
1015,1599.83,1.576,21.297,46.397,208.249,46.397,-6.61,36.8,18.39,66.2,2.29,2.29,4.58
1016,1601.41,1.576,20.027,46.295,209.087,46.295,-6.49,36.9,18.50,66.6,2.25,2.25,4.50
1017,1602.98,1.576,18.472,46.164,210.014,46.164,-8.31,37.1,18.69,67.3,2.21,2.21,4.42
1018,1604.56,1.576,17.155,46.051,210.715,46.051,-7.12,37.2,18.89,68.0,2.18,2.18,4.35
1019,1606.14,1.576,15.802,45.936,211.361,45.936,-7.35,37.4,19.04,68.5,2.15,2.15,4.31
1020,1607.71,1.576,14.397,45.822,211.954,45.822,-7.21,37.6,19.15,68.9,2.14,2.14,4.27
1021,1609.29,1.576,12.977,45.722,212.479,45.722,-6.32,37.9,19.26,69.3,2.13,2.13,4.26
1022,1610.86,1.576,11.476,45.632,212.957,45.632,-5.71,38.1,19.38,69.8,2.14,2.14,4.27
1023,1612.44,1.576,9.807,45.551,213.400,45.551,-5.15,38.6,19.54,70.3,2.16,2.16,4.31
1024,1614.02,1.576,8.303,45.485,213.722,45.485,-4.18,39.1,19.72,71.0,2.19,2.19,4.37
1025,1615.59,1.576,6.851,45.422,213.971,45.422,-4.04,39.2,19.90,71.6,2.23,2.23,4.47
1026,1617.17,1.576,5.263,45.346,214.173,45.346,-4.80,39.7,20.06,72.2,2.29,2.29,4.59
1027,1618.75,1.576,3.735,45.274,214.305,45.274,-4.58,40.4,20.24,72.9,2.37,2.37,4.73
1028,1620.32,1.576,1.963,45.201,214.381,45.201,-4.59,40.6,20.51,73.8,2.44,2.44,4.89
1029,1621.90,1.576,0.530,45.162,214.384,45.162,-2.52,41.3,20.76,74.7,2.52,2.52,5.05
1030,1623.47,1.576,-0.961,45.137,214.338,45.137,-1.58,41.9,21.01,75.6,2.59,2.59,5.19
1031,1625.05,1.576,-2.678,45.129,214.215,45.129,-0.52,42.4,21.29,76.7,2.65,2.65,5.31
1032,1626.63,1.576,-4.281,45.137,214.039,45.137,0.55,43.0,21.53,77.5,2.70,2.70,5.39
1033,1628.20,1.576,-5.733,45.160,213.831,45.160,1.44,43.7,21.75,78.3,2.72,2.72,5.44
1034,1629.78,1.576,-7.206,45.199,213.576,45.199,2.48,44.3,21.92,78.9,2.72,2.72,5.44
1035,1631.35,1.576,-8.757,45.253,213.260,45.253,3.44,45.3,22.08,79.5,2.71,2.71,5.42
1036,1632.93,1.576,-10.382,45.317,212.879,45.317,4.05,46.4,22.24,80.1,2.69,2.69,5.38
1037,1634.51,1.576,-11.778,45.370,212.508,45.370,3.36,47.0,22.37,80.5,2.66,2.66,5.33
1038,1636.08,1.576,-13.217,45.422,212.083,45.422,3.32,47.9,22.49,81.0,2.64,2.64,5.29
1039,1637.66,1.576,-14.964,45.484,211.506,45.484,3.89,49.0,22.58,81.3,2.63,2.63,5.26
1040,1639.24,1.576,-16.322,45.539,211.007,45.539,3.51,50.0,22.67,81.6,2.63,2.63,5.25
1041,1640.81,1.576,-17.603,45.600,210.501,45.600,3.88,51.3,22.73,81.8,2.66,2.66,5.31
1042,1642.39,1.576,-19.250,45.689,209.789,45.689,5.65,52.7,22.81,82.1,2.69,2.69,5.38
1043,1643.96,1.576,-20.664,45.771,209.121,45.771,5.20,53.3,22.91,82.5,2.74,2.74,5.48
1044,1645.54,1.576,-21.902,45.841,208.495,45.841,4.40,54.6,23.00,82.8,2.83,2.83,5.66
1045,1647.12,1.576,-23.551,45.927,207.595,45.927,5.50,56.5,23.12,83.2,2.93,2.93,5.86
1046,1648.69,1.576,-24.796,45.989,206.862,45.989,3.92,57.8,23.22,83.6,3.04,3.04,6.08
1047,1650.27,1.576,-26.015,46.049,206.105,46.049,3.84,59.1,23.30,83.9,3.16,3.16,6.32
1048,1651.85,1.576,-27.533,46.123,205.102,46.123,4.66,60.4,23.41,84.3,3.29,3.29,6.57
1049,1653.42,1.576,-28.705,46.181,204.274,46.181,3.71,62.2,23.48,84.5,3.41,3.41,6.82
1050,1655.00,1.576,-29.865,46.239,203.415,46.239,3.65,63.6,23.59,84.9,3.57,3.57,7.13
1051,1656.57,1.576,-31.334,46.310,202.259,46.310,4.53,64.8,23.76,85.5,3.79,3.79,7.58
1052,1658.15,1.576,-32.467,46.368,201.313,46.368,3.63,66.5,23.95,86.2,4.03,4.03,8.07
1053,1659.73,1.576,-33.490,46.420,200.421,46.420,3.34,68.7,24.11,86.8,4.20,4.20,8.40
1054,1661.30,1.576,-34.890,46.492,199.127,46.492,4.57,70.3,24.35,87.6,4.30,4.30,8.60
1055,1662.88,1.576,-35.913,46.546,198.134,46.546,3.42,71.8,24.51,88.2,4.34,4.34,8.69
1056,1664.45,1.576,-36.932,46.600,197.104,46.600,3.39,75.0,24.65,88.7,4.33,4.33,8.66
1057,1666.03,1.576,-38.181,46.665,195.782,46.665,4.15,77.2,24.83,89.4,4.25,4.25,8.50
1058,1667.61,1.576,-39.139,46.716,194.724,46.716,3.22,78.9,24.98,89.9,4.14,4.14,8.27
1059,1669.18,1.576,-40.019,46.761,193.722,46.761,2.87,82.6,25.12,90.4,3.92,3.92,7.85
1060,1670.76,1.576,-41.256,46.826,192.254,46.826,4.10,84.7,25.32,91.2,3.62,3.62,7.24
1061,1672.34,1.576,-42.153,46.872,191.151,46.872,2.94,86.8,25.49,91.8,3.25,3.25,6.50
1062,1673.91,1.576,-43.252,46.930,189.755,46.930,3.68,90.5,25.71,92.6,2.91,2.91,5.82
1063,1675.49,1.576,-44.144,46.977,188.585,46.977,2.97,92.9,25.90,93.2,2.59,2.59,5.18
1064,1677.06,1.576,-45.024,47.023,187.399,47.023,2.90,95.2,26.11,94.0,2.30,2.30,4.59
1065,1678.64,1.576,-46.056,47.073,185.970,47.073,3.19,99.5,26.36,94.9,2.03,2.03,4.06
1066,1680.22,1.576,-46.865,47.112,184.820,47.112,2.47,102.1,26.60,95.7,2.00,2.00,4.00
1067,1681.79,1.576,-47.870,47.160,183.355,47.160,3.03,104.2,26.86,96.7,2.00,2.00,4.00
1068,1683.37,1.576,-48.688,47.199,182.132,47.199,2.51,109.7,27.07,97.5,2.00,2.00,4.00
1069,1684.95,1.576,-49.524,47.241,180.855,47.241,2.66,113.0,27.28,98.2,2.00,2.00,4.00
1070,1686.52,1.576,-50.441,47.286,179.419,47.286,2.85,115.6,27.51,99.1,2.00,2.00,4.00
1071,1688.10,1.576,-51.140,47.321,178.300,47.321,2.19,120.0,27.68,99.7,2.00,2.00,4.00
1072,1689.67,1.576,-52.133,47.368,176.669,47.368,3.01,123.0,27.93,100.6,2.00,2.00,4.00
1073,1691.25,1.576,-52.842,47.400,175.476,47.400,2.02,126.1,28.10,101.2,2.00,2.00,4.00
1074,1692.83,1.576,-53.719,47.438,173.963,47.438,2.44,132.0,28.32,102.0,2.00,2.00,4.00
1075,1694.40,1.576,-54.441,47.470,172.681,47.470,2.00,135.1,28.49,102.6,2.00,2.00,4.00
1076,1695.98,1.576,-55.175,47.501,171.348,47.501,1.99,138.8,28.67,103.2,2.00,2.00,4.00
1077,1697.55,1.576,-55.946,47.535,169.905,47.535,2.12,142.7,28.87,103.9,2.00,2.00,4.00
1078,1699.13,1.576,-56.610,47.565,168.627,47.565,1.91,146.3,29.01,104.5,2.00,2.00,4.00
1079,1700.71,1.576,-57.443,47.603,166.976,47.603,2.39,152.7,29.23,105.2,2.00,2.00,4.00
1080,1702.28,1.576,-58.005,47.629,165.828,47.629,1.69,157.1,29.37,105.7,2.00,2.00,4.00
1081,1703.86,1.576,-58.795,47.667,164.160,47.667,2.40,163.0,29.57,106.4,2.00,2.00,4.00
1082,1705.44,1.576,-59.352,47.694,162.948,47.694,1.71,169.4,29.71,106.9,2.00,2.00,4.00
1083,1707.01,1.576,-60.040,47.728,161.406,47.728,2.14,175.4,29.89,107.6,2.00,2.00,4.00
1084,1708.59,1.576,-60.621,47.757,160.061,47.757,1.88,183.0,30.04,108.1,2.00,2.00,4.00
1085,1710.16,1.576,-61.363,47.797,158.285,47.797,2.48,187.9,30.25,108.9,2.00,2.00,4.00
1086,1711.74,1.576,-61.842,47.822,157.096,47.822,1.62,195.2,30.38,109.4,2.00,2.00,4.00
1087,1713.32,1.576,-62.396,47.852,155.688,47.852,1.91,200.7,30.53,109.9,2.00,2.00,4.00
1088,1714.89,1.576,-62.998,47.888,154.111,47.888,2.25,205.2,30.71,110.5,2.00,2.00,4.00
1089,1716.47,1.576,-63.600,47.925,152.487,47.925,2.38,212.4,30.88,111.2,2.00,2.00,4.00
1090,1718.05,1.576,-64.090,47.958,151.126,47.958,2.07,216.7,31.03,111.7,2.00,2.00,4.00
1091,1719.62,1.576,-64.654,47.999,149.528,47.999,2.61,224.5,31.20,112.3,2.00,2.00,4.00
1092,1721.20,1.576,-65.130,48.034,148.149,48.034,2.24,229.9,31.35,112.8,2.00,2.00,4.00
1093,1722.77,1.576,-65.567,48.067,146.860,48.067,2.05,238.6,31.49,113.4,2.00,2.00,4.00
1094,1724.35,1.576,-66.120,48.109,145.203,48.109,2.71,244.4,31.67,114.0,2.00,2.00,4.00
1095,1725.93,1.576,-66.659,48.149,143.570,48.149,2.53,253.7,31.84,114.6,2.00,2.00,4.00
1096,1727.50,1.576,-67.119,48.183,142.163,48.183,2.18,264.0,32.00,115.2,2.00,2.00,4.00
1097,1729.08,1.576,-67.650,48.224,140.532,48.224,2.60,271.9,32.17,115.8,2.00,2.00,4.00
1098,1730.65,1.576,-68.103,48.261,139.136,48.261,2.31,284.9,32.32,116.3,2.00,2.00,4.00
1099,1732.23,1.576,-68.628,48.304,137.525,48.304,2.77,296.8,32.38,116.6,2.00,2.00,4.00
1100,1733.81,1.576,-69.044,48.339,136.251,48.339,2.19,307.7,32.36,116.5,2.00,2.00,4.00
1101,1735.38,1.576,-69.513,48.377,134.823,48.377,2.41,320.1,32.32,116.4,2.00,2.00,4.00
1102,1736.96,1.576,-70.044,48.419,133.226,48.419,2.66,342.8,32.29,116.2,2.00,2.00,4.00
1103,1738.54,1.576,-70.513,48.454,131.827,48.454,2.22,354.0,32.25,116.1,2.00,2.00,4.00
1104,1740.11,1.576,-71.038,48.491,130.285,48.491,2.37,367.1,32.29,116.2,2.00,2.00,4.00
1105,1741.69,1.576,-71.648,48.534,128.520,48.534,2.74,382.1,32.59,117.3,2.00,2.00,4.00
1106,1743.26,1.576,-72.086,48.565,127.274,48.565,1.92,395.7,32.78,118.0,2.00,2.00,4.00
1107,1744.84,1.576,-72.703,48.608,125.548,48.608,2.74,403.6,32.95,118.6,2.00,2.00,4.00
1108,1746.42,1.576,-73.125,48.639,124.391,48.639,1.96,416.8,33.06,119.0,2.00,2.00,4.00
1109,1747.99,1.576,-73.784,48.685,122.607,48.685,2.92,423.6,33.22,119.6,2.00,2.00,4.00
1110,1749.57,1.576,-74.195,48.714,121.515,48.714,1.87,420.1,33.32,119.9,2.00,2.00,4.00
1111,1751.15,1.576,-74.888,48.761,119.700,48.761,2.98,419.4,33.49,120.6,2.00,2.00,4.00
1112,1752.72,1.576,-75.334,48.791,118.552,48.791,1.89,411.4,33.59,120.9,2.00,2.00,4.00
1113,1754.30,1.576,-76.005,48.833,116.850,48.833,2.63,403.5,33.75,121.5,2.07,2.07,4.14
1114,1755.87,1.576,-76.536,48.864,115.521,48.864,1.99,392.7,33.87,121.9,2.25,2.25,4.49
1115,1757.45,1.576,-77.191,48.899,113.910,48.899,2.22,387.0,34.02,122.5,2.43,2.43,4.86
1116,1759.03,1.576,-77.759,48.927,112.527,48.927,1.81,384.3,34.15,122.9,2.63,2.63,5.26
1117,1760.60,1.576,-78.401,48.957,110.984,48.957,1.91,381.0,34.30,123.5,2.83,2.83,5.67
1118,1762.18,1.576,-79.014,48.985,109.529,48.985,1.73,382.7,34.43,123.9,3.03,3.03,6.06
1119,1763.75,1.576,-79.592,49.010,108.170,49.010,1.62,386.2,34.56,124.4,3.25,3.25,6.50
1120,1765.33,1.576,-80.311,49.042,106.498,49.042,2.00,389.4,34.71,125.0,3.46,3.46,6.93
1121,1766.91,1.576,-80.800,49.065,105.372,49.065,1.44,394.7,34.81,125.3,3.68,3.68,7.36
1122,1768.48,1.576,-81.572,49.101,103.608,49.101,2.29,402.9,34.98,125.9,3.90,3.90,7.81
1123,1770.06,1.576,-82.031,49.124,102.570,49.124,1.45,411.5,35.08,126.3,4.13,4.13,8.26
1124,1771.64,1.576,-82.827,49.163,100.783,49.163,2.50,417.8,35.23,126.8,4.33,4.33,8.67
1125,1773.21,1.576,-83.353,49.190,99.612,49.190,1.71,428.5,35.33,127.2,4.49,4.49,8.99
1126,1774.79,1.576,-84.078,49.226,98.013,49.226,2.27,435.9,35.48,127.7,4.60,4.60,9.21
1127,1776.36,1.576,-84.731,49.257,96.584,49.257,2.01,446.2,35.60,128.2,4.66,4.66,9.33
1128,1777.94,1.576,-85.377,49.288,95.185,49.288,1.93,456.1,35.73,128.6,4.67,4.67,9.35
1129,1779.52,1.576,-86.129,49.322,93.568,49.322,2.17,464.6,35.87,129.1,4.63,4.63,9.27
1130,1781.09,1.576,-86.674,49.347,92.408,49.347,1.58,472.6,35.97,129.5,4.55,4.55,9.10
1131,1782.67,1.576,-87.474,49.383,90.717,49.383,2.30,475.6,36.11,130.0,4.41,4.41,8.83
1132,1784.25,1.576,-87.983,49.407,89.649,49.407,1.55,484.0,36.20,130.3,4.23,4.23,8.47
1133,1785.82,1.576,-88.781,49.446,87.991,49.446,2.43,481.9,36.34,130.8,4.03,4.03,8.07
1134,1787.40,1.576,-89.413,49.478,86.686,49.478,2.04,488.3,36.46,131.3,3.84,3.84,7.68
1135,1788.97,1.576,-90.158,49.517,85.164,49.517,2.47,481.2,36.58,131.7,3.66,3.66,7.31
1136,1790.55,1.576,-90.888,49.555,83.683,49.555,2.45,480.6,36.70,132.1,3.48,3.48,6.96
1137,1792.13,1.576,-91.497,49.588,82.458,49.588,2.08,474.0,36.80,132.5,3.32,3.32,6.64
1138,1793.70,1.576,-92.331,49.633,80.791,49.633,2.82,465.1,36.93,132.9,3.17,3.17,6.33
1139,1795.28,1.576,-92.864,49.662,79.735,49.662,1.83,458.5,37.02,133.3,3.02,3.02,6.04
1140,1796.85,1.576,-93.693,49.705,78.105,49.705,2.72,444.9,37.15,133.7,2.89,2.89,5.78
1141,1798.43,1.576,-94.351,49.739,76.820,49.739,2.17,435.3,37.25,134.1,2.76,2.76,5.53
1142,1800.01,1.576,-95.121,49.778,75.330,49.778,2.48,418.8,37.38,134.6,2.65,2.65,5.29
1143,1801.58,1.576,-95.899,49.816,73.834,49.816,2.44,406.1,37.47,134.9,2.53,2.53,5.07
1144,1803.16,1.576,-96.503,49.846,72.680,49.846,1.90,386.5,37.46,134.8,2.43,2.43,4.86
1145,1804.74,1.576,-97.365,49.888,71.047,49.888,2.63,371.8,37.40,134.6,2.33,2.33,4.65
1146,1806.31,1.576,-97.894,49.913,70.051,49.913,1.62,355.7,37.36,134.5,2.23,2.23,4.46
1147,1807.89,1.576,-98.763,49.952,68.427,49.952,2.46,338.1,37.30,134.3,2.14,2.14,4.27
1148,1809.46,1.576,-99.477,49.983,67.103,49.983,1.96,322.8,37.13,133.7,2.05,2.05,4.09
1149,1811.04,1.576,-100.211,50.012,65.754,50.012,1.88,303.8,36.77,132.4,2.00,2.00,4.00
1150,1812.62,1.576,-101.067,50.044,64.195,50.044,2.03,288.2,36.30,130.7,2.00,2.00,4.00
1151,1814.19,1.576,-101.660,50.066,63.126,50.066,1.35,267.8,36.08,129.9,2.00,2.00,4.00
1152,1815.77,1.576,-102.566,50.097,61.506,50.097,1.96,252.7,35.58,128.1,2.00,2.00,4.00
1153,1817.35,1.576,-103.141,50.116,60.489,50.116,1.26,235.9,35.21,126.8,2.00,2.00,4.00
1154,1818.92,1.576,-104.047,50.147,58.902,50.147,1.91,217.2,34.60,124.6,2.00,2.00,4.00
1155,1820.50,1.576,-104.753,50.170,57.683,50.170,1.51,204.2,34.11,122.8,2.00,2.00,4.00
1156,1822.07,1.576,-105.628,50.199,56.192,50.199,1.83,185.7,33.50,120.6,2.00,2.00,4.00
1157,1823.65,1.576,-106.383,50.224,54.922,50.224,1.56,173.9,32.99,118.8,2.00,2.00,4.00
1158,1825.23,1.576,-107.251,50.251,53.488,50.251,1.70,161.5,32.43,116.8,2.00,2.00,4.00
1159,1826.80,1.576,-108.038,50.274,52.209,50.274,1.47,148.8,31.95,115.0,2.02,2.02,4.05
1160,1828.38,1.576,-108.867,50.296,50.886,50.296,1.44,139.8,31.44,113.2,2.19,2.19,4.38
1161,1829.95,1.576,-109.730,50.318,49.536,50.318,1.38,128.8,30.91,111.3,2.39,2.39,4.78
1162,1831.53,1.576,-110.588,50.338,48.221,50.338,1.27,121.8,30.39,109.4,2.63,2.63,5.26
1163,1833.11,1.576,-111.416,50.356,46.977,50.356,1.12,115.2,29.88,107.6,2.89,2.89,5.79
1164,1834.68,1.576,-112.327,50.374,45.641,50.374,1.13,106.8,29.34,105.6,3.19,3.19,6.39
1165,1836.26,1.576,-113.167,50.389,44.437,50.389,0.96,102.1,28.84,103.8,3.52,3.52,7.05
1166,1837.84,1.576,-114.167,50.405,43.047,50.405,1.01,97.4,28.24,101.7,3.83,3.83,7.66
1167,1839.41,1.576,-114.990,50.417,41.932,50.417,0.75,91.6,27.73,99.8,4.05,4.05,8.10
1168,1840.99,1.576,-116.141,50.430,40.428,50.430,0.87,88.1,27.03,97.3,4.19,4.19,8.38
1169,1842.56,1.576,-116.983,50.439,39.367,50.439,0.54,84.2,26.72,96.2,4.25,4.25,8.50
1170,1844.14,1.576,-118.074,50.448,38.042,50.448,0.60,80.2,26.45,95.2,4.22,4.22,8.43
1171,1845.72,1.576,-119.075,50.456,36.880,50.456,0.51,77.5,26.20,94.3,4.10,4.10,8.19
1172,1847.29,1.576,-120.037,50.464,35.806,50.464,0.50,74.2,25.97,93.5,3.89,3.89,7.77
1173,1848.87,1.576,-121.294,50.475,34.475,50.475,0.72,71.5,25.73,92.6,3.60,3.60,7.19
1174,1850.45,1.576,-122.260,50.485,33.502,50.485,0.63,69.3,25.55,92.0,3.22,3.22,6.43
1175,1852.02,1.576,-123.457,50.498,32.352,50.498,0.83,66.8,25.40,91.4,2.80,2.80,5.61
1176,1853.60,1.576,-124.625,50.511,31.296,50.511,0.77,64.7,25.25,90.9,2.42,2.42,4.84
1177,1855.17,1.576,-125.699,50.520,30.373,50.520,0.63,63.3,25.13,90.5,2.06,2.06,4.13
1178,1856.75,1.576,-127.151,50.531,29.198,50.531,0.67,61.4,24.95,89.8,2.00,2.00,4.00
1179,1858.33,1.576,-128.242,50.538,28.370,50.538,0.44,60.0,24.83,89.4,2.00,2.00,4.00
1180,1859.90,1.576,-129.449,50.546,27.498,50.546,0.52,59.2,24.71,89.0,2.00,2.00,4.00
1181,1861.48,1.576,-130.966,50.558,26.474,50.558,0.78,57.8,24.57,88.4,2.00,2.00,4.00
1182,1863.05,1.576,-132.124,50.569,25.741,50.569,0.67,57.3,24.48,88.1,2.00,2.00,4.00
1183,1864.63,1.576,-133.484,50.581,24.931,50.581,0.74,56.9,24.38,87.8,2.00,2.00,4.00
1184,1866.21,1.576,-134.979,50.590,24.104,50.590,0.59,56.2,24.26,87.3,2.00,2.00,4.00
1185,1867.78,1.576,-136.246,50.595,23.452,50.595,0.33,56.3,24.16,87.0,2.00,2.00,4.00
1186,1869.36,1.576,-137.719,50.599,22.750,50.599,0.24,56.3,24.03,86.5,2.00,2.00,4.00
1187,1870.94,1.576,-139.199,50.604,22.103,50.604,0.29,56.7,23.90,86.0,2.00,2.00,4.00
1188,1872.51,1.576,-140.518,50.610,21.571,50.610,0.40,57.1,23.80,85.7,2.00,2.00,4.00
1189,1874.09,1.576,-142.107,50.621,20.988,50.621,0.68,57.6,23.72,85.4,2.00,2.00,4.00
1190,1875.66,1.576,-143.615,50.633,20.492,50.633,0.80,58.6,23.71,85.4,2.00,2.00,4.00
1191,1877.24,1.576,-144.995,50.645,20.083,50.645,0.76,59.4,23.73,85.4,2.00,2.00,4.00
1192,1878.82,1.576,-146.640,50.658,19.652,50.658,0.83,60.6,23.77,85.6,2.00,2.00,4.00
1193,1880.39,1.576,-148.218,50.670,19.294,50.670,0.72,61.7,23.84,85.8,2.00,2.00,4.00
1194,1881.97,1.576,-149.576,50.679,19.025,50.679,0.62,62.6,23.91,86.1,2.00,2.00,4.00
1195,1883.54,1.576,-151.329,50.693,18.730,50.693,0.86,64.7,24.02,86.5,2.00,2.00,4.00
1196,1885.12,1.576,-152.883,50.706,18.517,50.706,0.83,65.7,24.13,86.9,2.00,2.00,4.00
1197,1886.70,1.576,-154.269,50.719,18.359,50.719,0.79,67.0,24.26,87.3,2.00,2.00,4.00
1198,1888.27,1.576,-156.074,50.735,18.200,50.735,1.04,69.3,24.51,88.2,2.00,2.00,4.00
1199,1889.85,1.576,-157.571,50.750,18.108,50.750,0.93,70.5,24.77,89.2,2.00,2.00,4.00
1200,1891.43,1.576,-158.999,50.764,18.047,50.764,0.93,72.6,24.99,90.0,2.00,2.00,4.00
1201,1893.00,1.576,-160.825,50.784,18.010,50.784,1.26,74.8,25.30,91.1,2.41,2.41,4.82
1202,1894.58,1.576,-162.247,50.802,18.008,50.802,1.11,76.8,25.53,91.9,2.89,2.89,5.78
1203,1896.15,1.576,-163.834,50.823,18.032,50.823,1.35,79.4,25.78,92.8,3.39,3.39,6.79
1204,1897.73,1.576,-165.494,50.848,18.088,50.848,1.56,82.0,26.05,93.8,3.88,3.88,7.76
1205,1899.31,1.576,-166.903,50.870,18.156,50.870,1.40,84.3,26.26,94.5,4.27,4.27,8.53
1206,1900.88,1.576,-168.729,50.898,18.273,50.898,1.82,87.7,26.54,95.6,4.56,4.56,9.11
1207,1902.46,1.576,-170.130,50.921,18.384,50.921,1.43,90.9,26.75,96.3,4.72,4.72,9.43
1208,1904.04,1.576,-171.709,50.946,18.529,50.946,1.60,93.3,26.99,97.2,4.80,4.80,9.61
1209,1905.61,1.576,-173.349,50.972,18.703,50.972,1.66,97.2,27.22,98.0,4.77,4.77,9.53
1210,1907.19,1.576,-174.734,50.994,18.866,50.994,1.40,100.4,27.42,98.7,4.63,4.63,9.27
1211,1908.76,1.576,-176.553,51.022,19.106,51.022,1.75,102.6,27.67,99.6,4.41,4.41,8.83
1212,1910.34,1.576,-177.932,51.042,19.306,51.042,1.29,106.5,27.85,100.2,4.11,4.11,8.21
1213,1911.92,1.576,-179.663,51.066,19.577,51.066,1.51,109.3,28.08,101.1,3.75,3.75,7.50
1214,1913.49,1.576,-181.086,51.084,19.821,51.084,1.17,111.0,28.26,101.7,3.43,3.43,6.86
1215,1915.07,1.576,-182.662,51.103,20.108,51.103,1.16,114.9,28.47,102.5,3.13,3.13,6.27
1216,1916.64,1.576,-184.213,51.118,20.412,51.118,0.97,116.4,28.66,103.2,2.90,2.90,5.81
1217,1918.22,1.576,-185.609,51.130,20.701,51.130,0.76,117.7,28.83,103.8,2.67,2.67,5.35
1218,1919.80,1.576,-187.420,51.142,21.102,51.142,0.78,119.8,29.05,104.6,2.50,2.50,5.01
1219,1921.37,1.576,-188.664,51.149,21.394,51.149,0.44,120.8,29.20,105.1,2.36,2.36,4.73
1220,1922.95,1.576,-190.492,51.156,21.847,51.156,0.44,122.4,29.42,105.9,2.26,2.26,4.51
1221,1924.53,1.576,-191.773,51.159,22.182,51.159,0.16,123.3,29.57,106.5,2.17,2.17,4.35
1222,1926.10,1.576,-193.548,51.159,22.670,51.159,0.00,124.3,29.77,107.2,2.12,2.12,4.23
1223,1927.68,1.576,-194.861,51.156,23.049,51.156,-0.17,126.1,29.92,107.7,2.09,2.09,4.17
1224,1929.25,1.576,-196.577,51.150,23.568,51.150,-0.41,126.8,30.11,108.4,2.08,2.08,4.17
1225,1930.83,1.576,-197.852,51.142,23.973,51.142,-0.47,128.8,30.26,108.9,2.11,2.11,4.21
1226,1932.41,1.576,-199.539,51.130,24.531,51.130,-0.78,130.2,30.45,109.6,2.15,2.15,4.31
1227,1933.98,1.576,-200.838,51.118,24.982,51.118,-0.76,132.0,30.59,110.1,2.22,2.22,4.44
1228,1935.56,1.576,-202.417,51.101,25.550,51.101,-1.06,134.6,30.65,110.3,2.31,2.31,4.62
1229,1937.14,1.576,-203.813,51.084,26.074,51.084,-1.07,137.1,30.61,110.2,2.41,2.41,4.82
1230,1938.71,1.576,-205.334,51.065,26.666,51.065,-1.25,141.0,30.56,110.0,2.52,2.52,5.04
1231,1940.29,1.576,-206.782,51.044,27.253,51.044,-1.29,144.5,30.51,109.9,2.64,2.64,5.29
1232,1941.86,1.576,-208.244,51.023,27.866,51.023,-1.36,150.0,30.47,109.7,2.77,2.77,5.54
1233,1943.44,1.576,-209.663,51.001,28.485,51.001,-1.35,154.8,30.63,110.3,2.91,2.91,5.82
1234,1945.02,1.576,-211.083,50.980,29.124,50.980,-1.38,161.6,30.85,111.1,3.05,3.05,6.11
1235,1946.59,1.576,-212.601,50.956,29.831,50.956,-1.48,167.9,31.07,111.8,3.20,3.20,6.41
1236,1948.17,1.576,-213.939,50.935,30.473,50.935,-1.33,174.1,31.22,112.4,3.36,3.36,6.73
1237,1949.74,1.576,-215.443,50.911,31.218,50.911,-1.55,180.6,31.39,113.0,3.53,3.53,7.05
1238,1951.32,1.576,-216.767,50.888,31.889,50.888,-1.44,187.0,31.54,113.6,3.70,3.70,7.40
1239,1952.90,1.576,-218.215,50.862,32.644,50.862,-1.65,193.5,31.71,114.1,3.91,3.91,7.81
1240,1954.47,1.576,-219.527,50.837,33.342,50.837,-1.57,200.2,31.86,114.7,4.12,4.12,8.25
1241,1956.05,1.576,-221.024,50.809,34.157,50.809,-1.79,207.2,32.03,115.3,4.35,4.35,8.69
1242,1957.63,1.576,-222.331,50.784,34.880,50.784,-1.56,213.2,32.19,115.9,4.58,4.58,9.16
1243,1959.20,1.576,-223.777,50.758,35.696,50.758,-1.70,220.9,32.36,116.5,4.81,4.81,9.62
1244,1960.78,1.576,-225.117,50.733,36.460,50.733,-1.54,226.4,32.52,117.1,5.01,5.01,10.03
1245,1962.35,1.576,-226.442,50.710,37.227,50.710,-1.47,234.0,32.69,117.7,5.17,5.17,10.33
1246,1963.93,1.576,-227.847,50.687,38.045,50.687,-1.50,239.5,32.85,118.3,5.27,5.27,10.54
1247,1965.51,1.576,-229.186,50.666,38.831,50.666,-1.32,246.8,33.01,118.8,5.33,5.33,10.65
1248,1967.08,1.576,-230.633,50.645,39.683,50.645,-1.30,252.7,33.18,119.5,5.31,5.31,10.62
1249,1968.66,1.576,-231.870,50.630,40.413,50.630,-0.99,259.9,33.33,120.0,5.25,5.25,10.49
1250,1970.24,1.576,-233.421,50.613,41.328,50.613,-1.07,263.1,33.51,120.6,5.14,5.14,10.27
1251,1971.81,1.576,-234.549,50.602,41.991,50.602,-0.68,269.1,33.63,121.1,4.98,4.98,9.95
1252,1973.39,1.576,-236.139,50.589,42.922,50.589,-0.88,270.9,33.80,121.7,4.77,4.77,9.55
1253,1974.96,1.576,-237.246,50.579,43.566,50.579,-0.62,273.1,33.85,121.9,4.56,4.56,9.12
1254,1976.54,1.576,-238.857,50.564,44.497,50.564,-0.93,273.4,33.82,121.8,4.36,4.36,8.71
1255,1978.12,1.576,-239.892,50.554,45.089,50.554,-0.67,271.5,33.79,121.6,4.16,4.16,8.32
1256,1979.69,1.576,-241.513,50.536,46.008,50.536,-1.09,268.0,33.74,121.5,3.97,3.97,7.95
1257,1981.27,1.576,-242.644,50.524,46.640,50.524,-0.79,263.1,33.71,121.4,3.80,3.80,7.59
1258,1982.84,1.576,-244.238,50.507,47.520,50.507,-1.08,255.4,33.66,121.2,3.63,3.63,7.25
1259,1984.42,1.576,-245.423,50.495,48.166,50.495,-0.78,246.6,33.62,121.0,3.47,3.47,6.94
1260,1986.00,1.576,-246.983,50.480,49.001,50.480,-0.95,237.2,33.56,120.8,3.32,3.32,6.64
1261,1987.57,1.576,-248.287,50.467,49.688,50.467,-0.77,226.5,33.49,120.6,3.18,3.18,6.36
1262,1989.15,1.576,-249.742,50.454,50.440,50.454,-0.83,215.4,33.40,120.2,3.05,3.05,6.10
1263,1990.73,1.576,-251.163,50.441,51.162,50.441,-0.81,203.1,33.28,119.8,2.93,2.93,5.86
1264,1992.30,1.576,-252.543,50.429,51.848,50.429,-0.79,192.1,33.16,119.4,2.81,2.81,5.63
1265,1993.88,1.576,-254.002,50.416,52.560,50.416,-0.84,181.3,33.04,119.0,2.70,2.70,5.39
1266,1995.45,1.576,-255.314,50.403,53.186,50.403,-0.79,171.7,32.93,118.6,2.59,2.59,5.18
1267,1997.03,1.576,-256.916,50.387,53.933,50.387,-1.02,163.2,32.79,118.0,2.49,2.49,4.98
1268,1998.61,1.576,-258.108,50.374,54.475,50.374,-0.87,156.3,32.68,117.7,2.39,2.39,4.79
1269,2000.18,1.576,-259.845,50.352,55.246,50.352,-1.39,150.0,32.51,117.1,2.30,2.30,4.60
1270,2001.76,1.576,-261.000,50.335,55.742,50.335,-1.06,143.8,32.41,116.7,2.21,2.21,4.43
1271,2003.34,1.576,-262.698,50.308,56.455,50.308,-1.68,138.6,32.23,116.0,2.13,2.13,4.27
1272,2004.91,1.576,-263.919,50.287,56.951,50.287,-1.35,134.0,32.11,115.6,2.06,2.06,4.12
1273,2006.49,1.576,-265.647,50.255,57.630,50.255,-2.02,129.2,31.93,114.9,2.00,2.00,4.00
1274,2008.06,1.576,-266.792,50.231,58.063,50.231,-1.53,125.3,31.81,114.5,2.00,2.00,4.00
1275,2009.64,1.576,-268.603,50.191,58.725,50.191,-2.55,121.5,31.62,113.8,2.00,2.00,4.00
1276,2011.22,1.576,-269.794,50.162,59.141,50.162,-1.88,117.8,31.52,113.5,2.00,2.00,4.00
1277,2012.79,1.576,-271.629,50.113,59.754,50.113,-3.06,114.6,31.41,113.1,2.00,2.00,4.00
1278,2014.37,1.576,-272.804,50.080,60.128,50.080,-2.12,111.5,31.36,112.9,2.00,2.00,4.00
1279,2015.94,1.576,-274.591,50.028,60.670,50.028,-3.29,108.4,31.28,112.6,2.00,2.00,4.00
1280,2017.52,1.576,-275.868,49.988,61.035,49.988,-2.52,105.8,31.22,112.4,2.00,2.00,4.00
1281,2019.10,1.576,-277.644,49.932,61.514,49.932,-3.54,103.1,31.15,112.1,2.00,2.00,4.00
1282,2020.67,1.576,-278.863,49.891,61.821,49.891,-2.63,100.6,31.11,112.0,2.01,2.01,4.01
1283,2022.25,1.576,-280.656,49.828,62.245,49.828,-3.99,98.4,31.06,111.8,2.09,2.09,4.17
1284,2023.83,1.576,-281.970,49.778,62.531,49.778,-3.17,96.3,31.02,111.7,2.19,2.19,4.37
1285,2025.40,1.576,-283.775,49.708,62.894,49.708,-4.44,94.0,30.97,111.5,2.30,2.30,4.60
1286,2026.98,1.576,-284.999,49.657,63.117,49.657,-3.23,92.6,30.94,111.4,2.44,2.44,4.87
1287,2028.55,1.576,-286.874,49.579,63.428,49.579,-4.97,90.6,30.88,111.2,2.59,2.59,5.17
1288,2030.13,1.576,-288.143,49.523,63.612,49.523,-3.53,88.9,30.84,111.0,2.75,2.75,5.51
1289,2031.71,1.576,-289.920,49.444,63.842,49.444,-5.02,87.6,30.79,110.8,2.94,2.94,5.88
1290,2033.28,1.576,-291.299,49.380,63.991,49.380,-4.05,86.3,30.74,110.7,3.14,3.14,6.29
1291,2034.86,1.576,-293.034,49.301,64.150,49.301,-5.04,85.0,30.66,110.4,3.36,3.36,6.73
1292,2036.44,1.576,-294.412,49.237,64.247,49.237,-4.07,84.0,30.60,110.2,3.59,3.59,7.19
1293,2038.01,1.576,-296.149,49.158,64.339,49.158,-4.98,82.9,30.52,109.9,3.84,3.84,7.68
1294,2039.59,1.576,-297.546,49.096,64.384,49.096,-3.97,82.1,30.45,109.6,4.09,4.09,8.18
1295,2041.16,1.576,-299.206,49.021,64.408,49.021,-4.71,81.4,30.37,109.3,4.35,4.35,8.69
1296,2042.74,1.576,-300.726,48.953,64.397,48.953,-4.36,80.4,30.29,109.1,4.58,4.58,9.15
1297,2044.32,1.576,-302.317,48.880,64.356,48.880,-4.61,80.0,30.21,108.8,4.76,4.76,9.52
1298,2045.89,1.576,-303.908,48.805,64.279,48.805,-4.73,79.3,30.11,108.4,4.89,4.89,9.78
1299,2047.47,1.576,-305.415,48.734,64.178,48.734,-4.51,78.8,30.01,108.0,4.98,4.98,9.96
1300,2049.04,1.576,-307.026,48.660,64.034,48.660,-4.74,78.2,29.90,107.6,5.03,5.03,10.05
1301,2050.62,1.576,-308.446,48.593,63.881,48.593,-4.22,78.0,29.81,107.3,5.03,5.03,10.06
1302,2052.20,1.576,-310.244,48.511,63.647,48.511,-5.20,77.4,29.72,107.0,4.99,4.99,9.98
1303,2053.77,1.576,-311.519,48.452,63.455,48.452,-3.77,77.2,29.69,106.9,4.91,4.91,9.82
1304,2055.35,1.576,-313.331,48.367,63.140,48.367,-5.35,77.0,29.67,106.8,4.79,4.79,9.59
1305,2056.93,1.576,-314.658,48.304,62.881,48.304,-4.01,76.6,29.66,106.8,4.67,4.67,9.33
1306,2058.50,1.576,-316.450,48.219,62.490,48.219,-5.39,76.4,29.65,106.7,4.56,4.56,9.11
1307,2060.08,1.576,-317.744,48.156,62.179,48.156,-3.99,76.2,29.64,106.7,4.45,4.45,8.90
1308,2061.65,1.576,-319.545,48.072,61.707,48.072,-5.37,76.2,29.63,106.7,4.35,4.35,8.70
1309,2063.23,1.576,-320.759,48.013,61.359,48.013,-3.71,75.8,29.63,106.7,4.25,4.25,8.50
1310,2064.81,1.576,-322.532,47.930,60.815,47.930,-5.26,75.9,29.62,106.6,4.14,4.14,8.29
1311,2066.38,1.576,-323.804,47.870,60.392,47.870,-3.85,75.6,29.62,106.6,4.04,4.04,8.07
1312,2067.96,1.576,-325.400,47.793,59.829,47.793,-4.86,75.8,29.63,106.7,3.92,3.92,7.84
1313,2069.54,1.576,-326.805,47.724,59.298,47.724,-4.38,75.5,29.63,106.7,3.80,3.80,7.60
1314,2071.11,1.576,-328.280,47.651,58.707,47.651,-4.63,75.7,29.64,106.7,3.68,3.68,7.35
1315,2072.69,1.576,-329.759,47.576,58.076,47.576,-4.74,75.4,29.64,106.7,3.55,3.55,7.09
1316,2074.26,1.576,-331.109,47.507,57.471,47.507,-4.37,75.8,29.64,106.7,3.41,3.41,6.82
1317,2075.84,1.576,-332.620,47.431,56.752,47.431,-4.86,75.3,29.65,106.7,3.27,3.27,6.54
1318,2077.42,1.576,-333.836,47.368,56.147,47.368,-4.02,75.6,29.65,106.7,3.13,3.13,6.27
1319,2078.99,1.576,-335.494,47.283,55.276,47.283,-5.35,75.4,29.66,106.8,3.00,3.00,5.99
1320,2080.57,1.576,-336.598,47.226,54.667,47.226,-3.64,75.6,29.66,106.8,2.86,2.86,5.73
1321,2082.14,1.576,-338.213,47.143,53.732,47.143,-5.23,75.6,29.65,106.8,2.74,2.74,5.47
1322,2083.72,1.576,-339.303,47.087,53.072,47.087,-3.57,75.5,29.66,106.8,2.62,2.62,5.23
1323,2085.30,1.576,-340.890,47.005,52.064,47.005,-5.19,75.4,29.66,106.8,2.50,2.50,5.00
1324,2086.87,1.576,-342.019,46.944,51.313,46.944,-3.87,75.3,29.67,106.8,2.38,2.38,4.77
1325,2088.45,1.576,-343.505,46.864,50.280,46.864,-5.08,75.4,29.68,106.8,2.27,2.27,4.54
1326,2090.03,1.576,-344.620,46.802,49.466,46.802,-3.96,75.1,29.66,106.8,2.17,2.17,4.33
1327,2091.60,1.576,-345.979,46.727,48.436,46.727,-4.73,75.3,29.65,106.7,2.06,2.06,4.12
1328,2093.18,1.576,-347.122,46.666,47.528,46.666,-3.90,74.9,29.64,106.7,2.00,2.00,4.00
1329,2094.75,1.576,-348.336,46.602,46.528,46.602,-4.04,75.2,29.63,106.7,2.00,2.00,4.00
1330,2096.33,1.576,-349.512,46.540,45.514,46.540,-3.95,74.8,29.63,106.7,2.00,2.00,4.00
1331,2097.91,1.576,-350.660,46.478,44.485,46.478,-3.95,75.0,29.64,106.7,2.00,2.00,4.00
1332,2099.48,1.576,-351.868,46.408,43.352,46.408,-4.40,74.7,29.67,106.8,2.00,2.00,4.00
1333,2101.06,1.576,-352.895,46.346,42.351,46.346,-3.94,75.0,29.69,106.9,2.00,2.00,4.00
1334,2102.64,1.576,-354.116,46.271,41.105,46.271,-4.76,74.6,29.72,107.0,2.00,2.00,4.00
1335,2104.21,1.576,-355.004,46.214,40.164,46.214,-3.62,74.8,29.73,107.0,2.00,2.00,4.00
1336,2105.79,1.576,-356.288,46.134,38.739,46.134,-5.09,74.9,29.75,107.1,2.00,2.00,4.00
1337,2107.36,1.576,-357.114,46.081,37.784,46.081,-3.36,75.0,29.76,107.1,2.00,2.00,4.00
1338,2108.94,1.576,-358.316,46.005,36.333,46.005,-4.80,75.3,29.79,107.2,2.00,2.00,4.00
1339,2110.52,1.576,-359.127,45.953,35.308,45.953,-3.30,75.5,29.80,107.3,2.00,2.00,4.00
1340,2112.09,1.576,-360.234,45.882,33.847,45.882,-4.52,75.7,29.81,107.3,2.00,2.00,4.00
1341,2113.67,1.576,-361.031,45.828,32.743,45.828,-3.40,76.2,29.83,107.4,2.00,2.00,4.00
1342,2115.24,1.576,-362.051,45.759,31.269,45.759,-4.37,76.9,29.85,107.5,2.00,2.00,4.00
1343,2116.82,1.576,-362.786,45.707,30.150,45.707,-3.34,77.1,29.87,107.5,2.00,2.00,4.00
1344,2118.40,1.576,-363.719,45.640,28.672,45.640,-4.22,78.1,29.89,107.6,2.00,2.00,4.00
1345,2119.97,1.576,-364.446,45.587,27.459,45.587,-3.41,78.7,29.91,107.7,2.03,2.03,4.05
1346,2121.55,1.576,-365.266,45.525,26.030,45.525,-3.90,79.6,29.96,107.9,2.19,2.19,4.38
1347,2123.13,1.576,-366.007,45.467,24.667,45.467,-3.66,80.6,30.01,108.0,2.38,2.38,4.76
1348,2124.70,1.576,-366.726,45.409,23.281,45.409,-3.73,81.8,30.07,108.2,2.59,2.59,5.19
1349,2126.28,1.576,-367.446,45.347,21.812,45.347,-3.90,82.8,30.13,108.5,2.83,2.83,5.67
1350,2127.85,1.576,-368.048,45.294,20.524,45.294,-3.38,84.5,30.17,108.6,3.09,3.09,6.19
1351,2129.43,1.576,-368.746,45.231,18.940,45.231,-3.99,85.7,30.23,108.8,3.38,3.38,6.75
1352,2131.01,1.576,-369.284,45.182,17.659,45.182,-3.12,87.4,30.29,109.1,3.68,3.68,7.36
1353,2132.58,1.576,-369.929,45.123,16.027,45.123,-3.76,89.4,30.41,109.5,4.04,4.04,8.08
1354,2134.16,1.576,-370.412,45.076,14.744,45.076,-2.98,91.6,30.51,109.8,4.38,4.38,8.76
1355,2135.74,1.576,-371.020,45.013,13.020,45.013,-3.97,94.1,30.68,110.5,4.68,4.68,9.36
1356,2137.31,1.576,-371.422,44.967,11.814,44.967,-2.92,96.8,30.80,110.9,4.94,4.94,9.88
1357,2138.89,1.576,-372.004,44.893,9.958,44.893,-4.69,99.9,30.98,111.5,5.09,5.09,10.18
1358,2140.46,1.576,-372.358,44.843,8.763,44.843,-3.19,103.4,31.11,112.0,5.19,5.19,10.38
1359,2142.04,1.576,-372.856,44.765,6.973,44.765,-4.91,107.2,31.29,112.7,5.19,5.19,10.37
1360,2143.62,1.576,-373.200,44.705,5.658,44.705,-3.85,111.2,31.42,113.1,5.13,5.13,10.26
1361,2145.19,1.576,-373.618,44.629,3.961,44.629,-4.77,116.3,31.60,113.8,4.97,4.97,9.95
1362,2146.77,1.576,-373.916,44.570,2.680,44.570,-3.75,121.2,31.72,114.2,4.70,4.70,9.39
1363,2148.34,1.576,-374.326,44.484,0.791,44.484,-5.49,127.6,31.91,114.9,4.38,4.38,8.76
1364,2149.92,1.576,-374.572,44.427,-0.415,44.427,-3.58,133.8,32.04,115.3,4.04,4.04,8.08
1365,2151.50,1.576,-374.937,44.332,-2.334,44.332,-6.05,141.9,32.23,116.0,3.68,3.68,7.35
1366,2153.07,1.576,-375.153,44.267,-3.541,44.267,-4.10,149.8,32.36,116.5,3.36,3.36,6.72
1367,2154.65,1.576,-375.458,44.168,-5.369,44.168,-6.33,159.2,32.56,117.2,3.02,3.02,6.05
1368,2156.23,1.576,-375.660,44.092,-6.661,44.092,-4.79,169.3,32.70,117.7,2.73,2.73,5.46
1369,2157.80,1.576,-375.926,43.988,-8.470,43.988,-6.62,181.3,32.91,118.5,2.42,2.42,4.84
1370,2159.38,1.576,-376.110,43.909,-9.790,43.909,-5.02,193.9,33.05,119.0,2.15,2.15,4.30
1371,2160.95,1.576,-376.337,43.805,-11.529,43.805,-6.58,210.2,33.25,119.7,2.00,2.00,4.00
1372,2162.53,1.576,-376.521,43.715,-13.000,43.715,-5.72,226.1,33.40,120.2,2.00,2.00,4.00
1373,2164.11,1.576,-376.718,43.612,-14.678,43.612,-6.55,244.0,33.59,120.9,2.00,2.00,4.00
1374,2165.68,1.576,-376.885,43.519,-16.167,43.519,-5.90,266.4,33.75,121.5,2.00,2.00,4.00
1375,2167.26,1.576,-377.052,43.420,-17.717,43.420,-6.28,288.0,33.93,122.2,2.00,2.00,4.00
1376,2168.84,1.576,-377.228,43.312,-19.412,43.312,-6.86,314.9,34.12,122.8,2.00,2.00,4.00
1377,2170.41,1.576,-377.365,43.222,-20.786,43.222,-5.69,347.7,34.26,123.3,2.00,2.00,4.00
1378,2171.99,1.576,-377.549,43.100,-22.674,43.100,-7.76,380.2,34.48,124.1,2.00,2.00,4.00
1379,2173.56,1.576,-377.665,43.018,-23.894,43.018,-5.17,421.5,34.61,124.6,2.00,2.00,4.00
1380,2175.14,1.576,-377.838,42.898,-25.744,42.898,-7.63,469.4,34.81,125.3,2.00,2.00,4.00
1381,2176.72,1.576,-377.949,42.817,-26.951,42.817,-5.16,521.7,34.94,125.8,2.00,2.00,4.00
1382,2178.29,1.576,-378.124,42.689,-28.887,42.689,-8.08,591.3,35.16,126.6,2.00,2.00,4.00
1383,2179.87,1.576,-378.238,42.604,-30.149,42.604,-5.39,668.1,35.28,127.0,2.00,2.00,4.00
1384,2181.44,1.576,-378.395,42.488,-31.912,42.488,-7.40,758.2,35.47,127.7,2.00,2.00,4.00
1385,2183.02,1.576,-378.532,42.384,-33.457,42.384,-6.58,856.8,35.63,128.3,2.00,2.00,4.00
1386,2184.60,1.576,-378.671,42.279,-35.021,42.279,-6.65,989.5,35.79,128.9,2.00,2.00,4.00
1387,2186.17,1.576,-378.827,42.162,-36.777,42.162,-7.43,1126.1,35.98,129.5,2.00,2.00,4.00
1388,2187.75,1.576,-378.941,42.075,-38.064,42.075,-5.56,1310.2,36.11,130.0,2.00,2.00,4.00
1389,2189.33,1.576,-379.106,41.950,-39.917,41.950,-7.87,1512.7,36.30,130.7,2.00,2.00,4.00
1390,2190.90,1.576,-379.209,41.871,-41.074,41.871,-5.04,1803.1,36.41,131.1,2.00,2.00,4.00
1391,2192.48,1.576,-379.375,41.747,-42.928,41.747,-7.85,2000.0,36.60,131.7,2.00,2.00,4.00
1392,2194.05,1.576,-379.505,41.650,-44.366,41.650,-6.18,2000.0,36.74,132.3,2.00,2.00,4.00
1393,2195.63,1.576,-379.657,41.538,-46.049,41.538,-7.09,2000.0,36.90,132.8,2.00,2.00,4.00
1394,2197.21,1.576,-379.804,41.432,-47.657,41.432,-6.73,2000.0,37.06,133.4,2.00,2.00,4.00
1395,2198.78,1.576,-379.932,41.339,-49.049,41.339,-5.87,2000.0,37.19,133.9,2.00,2.00,4.00
1396,2200.36,1.576,-380.104,41.219,-50.901,41.219,-7.62,2000.0,37.38,134.6,2.00,2.00,4.00
1397,2201.94,1.576,-380.210,41.144,-52.039,41.144,-4.76,2000.0,37.48,134.9,2.00,2.00,4.00
1398,2203.51,1.576,-380.384,41.027,-53.895,41.027,-7.46,2000.0,37.66,135.6,2.00,2.00,4.00
1399,2205.09,1.576,-380.526,40.931,-55.390,40.931,-6.05,2000.0,37.79,136.0,2.00,2.00,4.00
1400,2206.66,1.576,-380.677,40.832,-56.973,40.832,-6.31,2000.0,37.94,136.6,2.00,2.00,4.00
1401,2208.24,1.576,-380.844,40.724,-58.721,40.724,-6.86,2000.0,38.10,137.2,2.00,2.00,4.00
1402,2209.82,1.576,-380.963,40.645,-59.950,40.645,-4.96,2000.0,38.20,137.5,2.00,2.00,4.00
1403,2211.39,1.576,-381.147,40.528,-61.854,40.528,-7.45,2000.0,38.37,138.1,2.00,2.00,4.00
1404,2212.97,1.576,-381.268,40.450,-63.107,40.450,-4.96,2000.0,38.49,138.6,2.00,2.00,4.00
1405,2214.54,1.576,-381.436,40.345,-64.835,40.345,-6.63,2000.0,38.64,139.1,2.00,2.00,4.00
1406,2216.12,1.576,-381.600,40.243,-66.533,40.243,-6.48,2000.0,38.79,139.6,2.00,2.00,4.00
1407,2217.70,1.576,-381.724,40.167,-67.805,40.167,-4.85,2000.0,38.91,140.1,2.00,2.00,4.00
1408,2219.27,1.576,-381.903,40.059,-69.664,40.059,-6.83,2000.0,39.06,140.6,2.00,2.00,4.00
1409,2220.85,1.576,-382.019,39.988,-70.866,39.988,-4.53,2000.0,39.16,141.0,2.00,2.00,4.00
1410,2222.43,1.576,-382.190,39.884,-72.655,39.884,-6.58,2000.0,39.32,141.5,2.00,2.00,4.00
1411,2224.00,1.576,-382.348,39.788,-74.320,39.788,-6.12,2000.0,39.46,142.0,2.00,2.00,4.00
1412,2225.58,1.576,-382.469,39.711,-75.605,39.711,-4.83,2000.0,39.56,142.4,2.00,2.00,4.00
1413,2227.15,1.576,-382.647,39.600,-77.514,39.600,-7.04,2000.0,39.72,143.0,2.00,2.00,4.00
1414,2228.73,1.576,-382.761,39.526,-78.760,39.526,-4.75,2000.0,39.82,143.4,2.00,2.00,4.00
1415,2230.31,1.576,-382.926,39.420,-80.567,39.420,-6.70,2000.0,39.97,143.9,2.00,2.00,4.00
1416,2231.88,1.576,-383.075,39.323,-82.219,39.323,-6.15,2000.0,40.11,144.4,2.00,2.00,4.00
1417,2233.46,1.576,-383.189,39.246,-83.512,39.246,-4.88,2000.0,40.21,144.8,2.00,2.00,4.00
1418,2235.03,1.576,-383.354,39.136,-85.395,39.136,-6.98,2000.0,40.36,145.3,2.00,2.00,4.00
1419,2236.61,1.576,-383.461,39.062,-86.632,39.062,-4.69,2000.0,40.46,145.6,2.00,2.00,4.00
1420,2238.19,1.576,-383.607,38.963,-88.342,38.963,-6.27,2000.0,40.59,146.1,2.00,2.00,4.00
1421,2239.76,1.576,-383.759,38.860,-90.139,38.860,-6.55,2000.0,40.73,146.6,2.00,2.00,4.00
1422,2241.34,1.576,-383.856,38.793,-91.306,38.793,-4.29,2000.0,40.82,147.0,2.00,2.00,4.00
1423,2242.92,1.576,-384.010,38.690,-93.177,38.690,-6.53,2000.0,40.97,147.5,2.00,2.00,4.00
1424,2244.49,1.576,-384.122,38.614,-94.556,38.614,-4.80,2000.0,41.07,147.9,2.00,2.00,4.00
1425,2246.07,1.576,-384.249,38.529,-96.130,38.529,-5.36,2000.0,41.19,148.3,2.00,2.00,4.00
1426,2247.64,1.576,-384.398,38.432,-98.001,38.432,-6.20,2000.0,41.33,148.8,2.00,2.00,4.00
1427,2249.22,1.576,-384.484,38.374,-99.080,38.374,-3.65,2000.0,41.41,149.1,2.00,2.00,4.00
1428,2250.80,1.576,-384.631,38.279,-100.953,38.279,-6.04,2000.0,41.54,149.5,2.00,2.00,4.00
1429,2252.37,1.576,-384.761,38.195,-102.608,38.195,-5.35,2000.0,41.66,150.0,2.00,2.00,4.00
1430,2253.95,1.576,-384.862,38.129,-103.896,38.129,-4.18,2000.0,41.76,150.3,2.00,2.00,4.00
1431,2255.53,1.576,-385.008,38.036,-105.772,38.036,-5.89,2000.0,41.89,150.8,2.00,2.00,4.00
1432,2257.10,1.576,-385.108,37.971,-107.057,37.971,-4.12,2000.0,41.97,151.1,2.00,2.00,4.00
1433,2258.68,1.576,-385.238,37.889,-108.712,37.889,-5.23,2000.0,42.09,151.5,2.00,2.00,4.00
1434,2260.25,1.576,-385.385,37.797,-110.587,37.797,-5.84,2000.0,42.22,152.0,2.00,2.00,4.00
1435,2261.83,1.576,-385.469,37.743,-111.652,37.743,-3.43,2000.0,42.29,152.2,2.00,2.00,4.00
1436,2263.41,1.576,-385.617,37.651,-113.526,37.651,-5.80,2000.0,42.42,152.7,2.00,2.00,4.00
1437,2264.98,1.576,-385.749,37.570,-115.177,37.570,-5.15,2000.0,42.53,153.1,2.00,2.00,4.00
1438,2266.56,1.576,-385.852,37.507,-116.455,37.507,-4.01,2000.0,42.62,153.4,2.00,2.00,4.00
1439,2268.13,1.576,-386.006,37.417,-118.335,37.417,-5.72,2000.0,42.74,153.9,2.00,2.00,4.00
1440,2269.71,1.576,-386.114,37.352,-119.658,37.352,-4.12,2000.0,42.83,154.2,2.00,2.00,4.00
1441,2271.29,1.576,-386.248,37.274,-121.263,37.274,-4.95,2000.0,42.93,154.5,2.00,2.00,4.00
1442,2272.86,1.576,-386.407,37.184,-123.139,37.184,-5.72,2000.0,43.05,155.0,2.00,2.00,4.00
1443,2274.44,1.576,-386.500,37.129,-124.232,37.129,-3.44,2000.0,43.12,155.2,2.00,2.00,4.00
1444,2276.02,1.576,-386.659,37.042,-126.067,37.042,-5.54,2000.0,43.24,155.7,2.00,2.00,4.00
1445,2277.59,1.576,-386.814,36.958,-127.841,36.958,-5.34,2000.0,43.35,156.1,2.00,2.00,4.00
1446,2279.17,1.576,-386.916,36.903,-128.986,36.903,-3.48,2000.0,43.43,156.3,2.00,2.00,4.00
1447,2280.74,1.576,-387.084,36.818,-130.864,36.818,-5.42,2000.0,43.54,156.8,2.00,2.00,4.00
1448,2282.32,1.576,-387.219,36.750,-132.347,36.750,-4.29,2000.0,43.64,157.1,2.00,2.00,4.00
1449,2283.90,1.576,-387.351,36.685,-133.779,36.685,-4.12,2000.0,43.72,157.4,2.00,2.00,4.00
1450,2285.47,1.576,-387.525,36.602,-135.657,36.602,-5.28,2000.0,43.83,157.8,2.00,2.00,4.00
1451,2287.05,1.576,-387.646,36.544,-136.947,36.544,-3.67,2000.0,43.91,158.1,2.00,2.00,4.00
1452,2288.63,1.576,-387.791,36.476,-138.479,36.476,-4.30,2000.0,44.00,158.4,2.00,2.00,4.00
1453,2290.20,1.576,-387.973,36.393,-140.384,36.393,-5.29,2000.0,44.12,158.8,2.00,2.00,4.00
1454,2291.78,1.576,-388.086,36.340,-141.556,36.340,-3.33,2000.0,44.18,159.1,2.00,2.00,4.00
1455,2293.35,1.576,-388.260,36.263,-143.346,36.263,-4.89,2000.0,44.30,159.5,2.00,2.00,4.00
1456,2294.93,1.576,-388.430,36.189,-145.089,36.189,-4.70,2000.0,44.40,159.8,2.00,2.00,4.00
1457,2296.51,1.576,-388.531,36.143,-146.123,36.143,-2.90,2000.0,44.46,160.0,2.00,2.00,4.00
1458,2298.08,1.576,-388.719,36.063,-148.028,36.063,-5.08,2000.0,44.57,160.5,2.00,2.00,4.00
1459,2299.66,1.576,-388.890,35.992,-149.746,35.992,-4.54,2000.0,44.67,160.8,2.00,2.00,4.00
1460,2301.23,1.576,-389.005,35.943,-150.894,35.943,-3.10,2000.0,44.73,161.0,2.00,2.00,4.00
1461,2302.81,1.576,-389.193,35.866,-152.773,35.866,-4.89,2000.0,44.84,161.4,2.00,2.00,4.00
1462,2304.39,1.576,-389.355,35.799,-154.383,35.799,-4.21,2000.0,44.93,161.8,2.00,2.00,4.00
1463,2305.96,1.576,-389.485,35.746,-155.669,35.746,-3.38,2000.0,45.01,162.0,2.00,2.00,4.00
1464,2307.54,1.576,-389.676,35.670,-157.553,35.670,-4.81,2000.0,45.12,162.4,2.00,2.00,4.00
1465,2309.12,1.576,-389.817,35.613,-158.944,35.613,-3.62,2000.0,45.19,162.7,2.00,2.00,4.00
1466,2310.69,1.576,-389.971,35.552,-160.446,35.552,-3.90,2000.0,45.27,163.0,2.00,2.00,4.00
1467,2312.27,1.576,-390.163,35.476,-162.327,35.476,-4.82,2000.0,45.38,163.4,2.00,2.00,4.00
1468,2313.84,1.576,-390.294,35.424,-163.600,35.424,-3.31,2000.0,45.46,163.7,2.00,2.00,4.00
1469,2315.42,1.576,-390.449,35.363,-165.112,35.363,-3.86,2000.0,45.53,163.9,2.00,2.00,4.00
1470,2317.00,1.576,-390.645,35.288,-167.011,35.288,-4.76,2000.0,45.64,164.3,2.00,2.00,4.00
1471,2318.57,1.576,-390.774,35.238,-168.264,35.238,-3.17,2000.0,45.71,164.5,2.00,2.00,4.00
1472,2320.15,1.576,-390.946,35.174,-169.926,35.174,-4.02,2000.0,45.80,164.9,2.00,2.00,4.00
1473,2321.73,1.576,-391.132,35.108,-171.719,35.108,-4.22,2000.0,45.90,165.2,2.00,2.00,4.00
1474,2323.30,1.576,-391.250,35.065,-172.853,35.065,-2.73,2000.0,45.95,165.4,2.00,2.00,4.00
1475,2324.88,1.576,-391.432,35.001,-174.603,35.001,-4.05,2000.0,46.05,165.8,2.00,2.00,4.00
1476,2326.45,1.576,-391.628,34.933,-176.485,34.933,-4.29,2000.0,46.15,166.1,2.00,2.00,4.00
1477,2328.03,1.576,-391.738,34.894,-177.538,34.894,-2.50,2000.0,46.20,166.3,2.00,2.00,4.00
1478,2329.61,1.576,-391.928,34.828,-179.357,34.828,-4.18,2000.0,46.29,166.6,2.00,2.00,4.00
1479,2331.18,1.576,-392.127,34.759,-181.253,34.759,-4.41,2000.0,46.38,167.0,2.00,2.00,4.00
1480,2332.76,1.576,-392.231,34.720,-182.248,34.720,-2.44,2000.0,46.44,167.2,2.02,2.02,4.04
1481,2334.33,1.576,-392.429,34.650,-184.133,34.650,-4.42,2000.0,46.54,167.5,2.06,2.06,4.11
1482,2335.91,1.576,-392.611,34.586,-185.865,34.586,-4.07,2000.0,46.63,167.9,2.09,2.09,4.17
1483,2337.49,1.576,-392.715,34.548,-186.856,34.548,-2.42,2000.0,46.68,168.0,2.12,2.12,4.24
1484,2339.06,1.576,-392.914,34.479,-188.750,34.479,-4.37,2000.0,46.78,168.4,2.15,2.15,4.30
1485,2340.64,1.576,-393.107,34.415,-190.583,34.415,-4.10,2000.0,46.87,168.7,2.18,2.18,4.36
1486,2342.22,1.576,-393.216,34.378,-191.612,34.378,-2.32,2000.0,46.92,168.9,2.21,2.21,4.42
1487,2343.79,1.576,-393.415,34.316,-193.499,34.316,-3.93,2000.0,47.02,169.3,2.24,2.24,4.47
1488,2345.37,1.576,-393.605,34.259,-195.304,34.259,-3.64,2000.0,47.10,169.6,2.26,2.26,4.53
1489,2346.94,1.576,-393.717,34.225,-196.366,34.225,-2.11,2000.0,47.15,169.8,2.29,2.29,4.58
1490,2348.52,1.576,-393.917,34.171,-198.255,34.171,-3.43,2000.0,47.24,170.1,2.31,2.31,4.62
1491,2350.10,1.576,-394.095,34.125,-199.945,34.125,-2.94,2000.0,47.32,170.4,2.33,2.33,4.67
1492,2351.67,1.576,-394.205,34.097,-200.989,34.097,-1.80,2000.0,47.37,170.5,2.35,2.35,4.70
1493,2353.25,1.576,-394.405,34.050,-202.879,34.050,-2.98,2000.0,47.46,170.9,2.37,2.37,4.74
1494,2354.83,1.576,-394.595,34.007,-204.680,34.007,-2.71,2000.0,47.54,171.2,2.38,2.38,4.77
1495,2356.40,1.576,-394.704,33.982,-205.719,33.982,-1.58,2000.0,47.59,171.3,2.40,2.40,4.79
1496,2357.98,1.576,-394.904,33.940,-207.608,33.940,-2.68,2000.0,47.67,171.6,2.40,2.40,4.81
1497,2359.55,1.576,-395.096,33.899,-209.429,33.899,-2.58,2000.0,47.74,171.9,2.41,2.41,4.82
1498,2361.13,1.576,-395.205,33.875,-210.468,33.875,-1.52,2000.0,47.79,172.0,2.41,2.41,4.83
1499,2362.71,1.576,-395.404,33.833,-212.361,33.833,-2.66,2000.0,47.88,172.4,2.41,2.41,4.82
1500,2364.28,1.576,-395.587,33.794,-214.091,33.794,-2.46,2000.0,47.97,172.7,2.41,2.41,4.82
1501,2365.86,1.576,-395.689,33.771,-215.064,33.771,-1.48,2000.0,48.00,172.8,2.40,2.40,4.80
1502,2367.43,1.576,-395.887,33.728,-216.948,33.728,-2.76,2000.0,48.09,173.1,2.39,2.39,4.77
1503,2369.01,1.576,-396.086,33.684,-218.841,33.684,-2.78,2000.0,48.17,173.4,2.37,2.37,4.74
1504,2370.59,1.576,-396.190,33.660,-219.830,33.660,-1.54,2000.0,48.22,173.6,2.36,2.36,4.71
1505,2372.16,1.576,-396.385,33.616,-221.687,33.616,-2.77,2000.0,48.30,173.9,2.33,2.33,4.67
1506,2373.74,1.576,-396.583,33.571,-223.575,33.571,-2.82,2000.0,48.38,174.2,2.31,2.31,4.62
1507,2375.32,1.576,-396.690,33.547,-224.598,33.547,-1.57,2000.0,48.43,174.3,2.29,2.29,4.57
1508,2376.89,1.576,-396.882,33.506,-226.422,33.506,-2.60,2000.0,48.50,174.6,2.26,2.26,4.52
1509,2378.47,1.576,-397.066,33.467,-228.182,33.467,-2.44,2000.0,48.59,174.9,2.23,2.23,4.46
1510,2380.04,1.576,-397.180,33.443,-229.272,33.443,-1.56,2000.0,48.63,175.1,2.20,2.20,4.40
1511,2381.62,1.576,-397.362,33.406,-231.006,33.406,-2.31,2000.0,48.70,175.3,2.16,2.16,4.33
1512,2383.20,1.576,-397.561,33.368,-232.899,33.368,-2.44,2000.0,48.78,175.6,2.13,2.13,4.25
1513,2384.77,1.576,-397.682,33.344,-234.055,33.344,-1.51,2000.0,48.83,175.8,2.08,2.08,4.17
1514,2386.35,1.576,-397.849,33.312,-235.649,33.312,-2.02,2000.0,48.89,176.0,2.04,2.04,4.08
1515,2387.93,1.576,-398.046,33.275,-237.531,33.275,-2.33,2000.0,48.98,176.3,2.00,2.00,4.00
1516,2389.50,1.576,-398.184,33.250,-238.844,33.250,-1.58,2000.0,49.02,176.5,2.00,2.00,4.00
1517,2391.08,1.576,-398.342,33.222,-240.353,33.222,-1.77,2000.0,49.09,176.7,2.00,2.00,4.00
1518,2392.65,1.576,-398.536,33.189,-242.208,33.189,-2.11,2000.0,49.16,177.0,2.00,2.00,4.00
1519,2394.23,1.576,-398.729,33.156,-244.057,33.156,-2.10,2000.0,49.19,177.1,2.00,2.00,4.00
1520,2395.81,1.576,-398.829,33.140,-245.016,33.140,-0.99,2000.0,49.18,177.0,2.00,2.00,4.00
1521,2397.38,1.576,-399.025,33.111,-246.901,33.111,-1.88,2000.0,49.15,176.9,2.00,2.00,4.00
1522,2398.96,1.576,-399.172,33.089,-248.310,33.089,-1.37,1977.3,49.13,176.9,2.00,2.00,4.00
1523,2400.53,1.576,-399.303,33.069,-249.584,33.069,-1.26,1712.8,49.11,176.8,2.00,2.00,4.00
1524,2402.11,1.576,-399.499,33.042,-251.481,33.042,-1.73,1599.5,49.09,176.7,2.00,2.00,4.00
1525,2403.69,1.576,-399.666,33.019,-253.119,33.019,-1.43,1458.9,49.06,176.6,2.00,2.00,4.00
1526,2405.26,1.576,-399.790,33.003,-254.333,33.003,-1.02,1262.9,49.05,176.6,2.00,2.00,4.00
1527,2406.84,1.576,-399.981,32.979,-256.233,32.979,-1.57,1171.7,49.14,176.9,2.00,2.00,4.00
1528,2408.42,1.576,-400.161,32.955,-258.037,32.955,-1.48,1096.5,49.22,177.2,2.00,2.00,4.00
1529,2409.99,1.576,-400.291,32.938,-259.361,32.938,-1.07,982.8,49.26,177.3,2.00,2.00,4.00
1530,2411.57,1.576,-400.438,32.920,-260.878,32.920,-1.19,911.3,49.31,177.5,2.00,2.00,4.00
1531,2413.14,1.576,-400.611,32.898,-262.684,32.898,-1.37,870.9,49.38,177.8,2.00,2.00,4.00
1532,2414.72,1.576,-400.706,32.886,-263.689,32.886,-0.77,805.4,49.43,177.9,2.00,2.00,4.00
1533,2416.30,1.576,-400.881,32.864,-265.587,32.864,-1.40,735.7,49.51,178.2,2.00,2.00,4.00
1534,2417.87,1.576,-401.052,32.843,-267.474,32.843,-1.29,703.9,49.57,178.5,2.00,2.00,4.00
1535,2419.45,1.576,-401.141,32.833,-268.483,32.833,-0.68,665.7,49.61,178.6,2.00,2.00,4.00
1536,2421.03,1.576,-401.296,32.816,-270.289,32.816,-1.07,615.4,49.67,178.8,2.00,2.00,4.00
1537,2422.60,1.576,-401.444,32.800,-272.059,32.800,-0.98,592.7,49.75,179.1,2.00,2.00,4.00
1538,2424.18,1.576,-401.537,32.790,-273.200,32.790,-0.64,562.1,49.79,179.2,2.00,2.00,4.00
1539,2425.75,1.576,-401.670,32.777,-274.900,32.777,-0.86,521.1,49.84,179.4,2.00,2.00,4.00
1540,2427.33,1.576,-401.812,32.762,-276.801,32.762,-0.92,506.3,49.91,179.7,2.05,2.05,4.10
1541,2428.91,1.576,-401.902,32.753,-278.044,32.753,-0.60,486.6,49.95,179.8,2.15,2.15,4.30
1542,2430.48,1.576,-401.999,32.743,-279.454,32.743,-0.64,458.1,50.00,180.0,2.25,2.25,4.50
1543,2432.06,1.576,-402.123,32.730,-281.352,32.730,-0.79,443.9,50.06,180.2,2.36,2.36,4.72
1544,2433.63,1.576,-402.217,32.721,-282.886,32.721,-0.58,430.0,50.11,180.4,2.47,2.47,4.95
1545,2435.21,1.576,-402.293,32.715,-284.198,32.715,-0.43,406.1,50.15,180.5,2.59,2.59,5.18
1546,2436.79,1.576,-402.396,32.706,-286.106,32.706,-0.54,391.7,50.21,180.8,2.71,2.71,5.42
1547,2438.36,1.576,-402.491,32.699,-288.024,32.699,-0.45,385.7,50.26,180.9,2.84,2.84,5.68
1548,2439.94,1.576,-402.543,32.695,-289.172,32.695,-0.22,367.2,50.30,181.1,2.97,2.97,5.94
1549,2441.52,1.576,-402.608,32.691,-290.730,32.691,-0.28,352.2,50.34,181.2,3.10,3.10,6.20
1550,2443.09,1.576,-402.679,32.686,-292.624,32.686,-0.33,350.4,50.39,181.4,3.24,3.24,6.48
1551,2444.67,1.576,-402.723,32.681,-294.000,32.681,-0.29,336.1,50.43,181.5,3.38,3.38,6.77
1552,2446.24,1.576,-402.764,32.676,-295.424,32.676,-0.33,320.5,50.46,181.7,3.53,3.53,7.06
1553,2447.82,1.576,-402.809,32.668,-297.311,32.668,-0.52,319.2,50.51,181.8,3.68,3.68,7.36
1554,2449.40,1.576,-402.830,32.662,-298.379,32.662,-0.37,312.6,50.54,181.9,3.84,3.84,7.67
1555,2450.97,1.576,-402.853,32.652,-300.011,32.652,-0.65,298.0,50.58,182.1,4.00,4.00,7.99
1556,2452.55,1.576,-402.872,32.638,-301.925,32.638,-0.85,294.9,50.63,182.3,4.16,4.16,8.32
1557,2454.13,1.576,-402.877,32.628,-303.172,32.628,-0.63,294.0,50.66,182.4,4.33,4.33,8.65
1558,2455.70,1.576,-402.877,32.615,-304.789,32.615,-0.87,283.1,50.69,182.5,4.50,4.50,9.00
1559,2457.28,1.576,-402.865,32.597,-306.698,32.597,-1.10,278.2,50.73,182.6,4.67,4.67,9.35
1560,2458.85,1.576,-402.848,32.584,-308.083,32.584,-0.84,278.7,50.76,182.7,4.81,4.81,9.62
1561,2460.43,1.576,-402.826,32.572,-309.387,32.572,-0.79,270.2,50.78,182.8,4.90,4.90,9.80
1562,2462.01,1.576,-402.783,32.554,-311.304,32.554,-1.15,263.5,50.82,182.9,4.94,4.94,9.89
1563,2463.58,1.576,-402.733,32.537,-313.002,32.537,-1.02,264.6,50.84,183.0,4.95,4.95,9.90
1564,2465.16,1.576,-402.693,32.527,-314.141,32.527,-0.68,259.6,50.86,183.1,4.92,4.92,9.84
1565,2466.73,1.576,-402.614,32.510,-316.046,32.510,-1.07,251.9,50.89,183.2,4.85,4.85,9.70
1566,2468.31,1.576,-402.532,32.495,-317.783,32.495,-0.94,252.7,50.90,183.3,4.75,4.75,9.51
1567,2469.89,1.576,-402.480,32.487,-318.767,32.487,-0.53,251.2,50.92,183.3,4.63,4.63,9.25
1568,2471.46,1.576,-402.370,32.473,-320.612,32.473,-0.89,243.0,50.94,183.4,4.47,4.47,8.94
1569,2473.04,1.576,-402.243,32.459,-322.520,32.459,-0.86,244.1,50.96,183.5,4.33,4.33,8.65
1570,2474.62,1.576,-402.161,32.451,-323.659,32.451,-0.50,246.2,50.97,183.5,4.20,4.20,8.40
1571,2476.19,1.576,-402.036,32.441,-325.226,32.441,-0.64,238.9,50.99,183.6,4.09,4.09,8.17
1572,2477.77,1.576,-401.876,32.430,-327.104,32.430,-0.72,238.4,51.01,183.6,3.98,3.98,7.97
1573,2479.34,1.576,-401.743,32.421,-328.537,32.421,-0.53,241.0,51.02,183.7,3.89,3.89,7.78
1574,2480.92,1.576,-401.608,32.414,-329.903,32.414,-0.48,234.9,51.04,183.7,3.80,3.80,7.60
1575,2482.50,1.576,-401.412,32.404,-331.760,32.404,-0.61,233.2,51.06,183.8,3.70,3.70,7.39
1576,2484.07,1.576,-401.237,32.396,-333.319,32.396,-0.50,238.8,51.07,183.9,3.60,3.60,7.21
1577,2485.65,1.576,-401.093,32.390,-334.523,32.390,-0.37,236.0,51.09,183.9,3.51,3.51,7.02
1578,2487.23,1.576,-400.858,32.382,-336.394,32.382,-0.53,231.2,51.11,184.0,3.40,3.40,6.80
1579,2488.80,1.576,-400.621,32.375,-338.187,32.375,-0.46,236.6,51.12,184.0,3.31,3.31,6.61
1580,2490.38,1.576,-400.486,32.371,-339.159,32.371,-0.23,239.5,51.13,184.1,3.21,3.21,6.43
1581,2491.95,1.576,-400.213,32.366,-341.025,32.366,-0.36,234.2,51.15,184.1,3.12,3.12,6.23
1582,2493.53,1.576,-399.928,32.361,-342.889,32.361,-0.30,238.8,51.18,184.2,3.02,3.02,6.05
1583,2495.11,1.576,-399.750,32.358,-344.004,32.358,-0.15,244.5,51.19,184.3,2.95,2.95,5.89
1584,2496.68,1.576,-399.491,32.356,-345.563,32.356,-0.13,239.3,51.20,184.3,2.88,2.88,5.76
1585,2498.26,1.576,-399.166,32.355,-347.446,32.355,-0.07,242.3,51.22,184.4,2.81,2.81,5.62
1586,2499.83,1.576,-398.937,32.356,-348.733,32.356,0.02,250.4,51.24,184.4,2.76,2.76,5.52
1587,2501.41,1.576,-398.664,32.357,-350.203,32.357,0.09,248.3,51.26,184.5,2.72,2.72,5.44
1588,2502.99,1.576,-398.309,32.360,-352.052,32.360,0.19,248.0,51.28,184.6,2.68,2.68,5.36
1589,2504.56,1.576,-398.013,32.363,-353.540,32.363,0.22,256.1,51.30,184.7,2.65,2.65,5.29
1590,2506.14,1.576,-397.778,32.367,-354.684,32.367,0.22,259.2,51.32,184.7,2.63,2.63,5.26
1591,2507.72,1.576,-397.383,32.374,-356.554,32.374,0.43,257.3,51.35,184.8,2.62,2.62,5.23
1592,2509.29,1.576,-396.993,32.381,-358.346,32.381,0.47,264.6,51.37,184.9,2.60,2.60,5.20
1593,2510.87,1.576,-396.775,32.385,-359.319,32.385,0.27,271.0,51.39,185.0,2.59,2.59,5.18
1594,2512.44,1.576,-396.385,32.394,-361.016,32.394,0.55,266.5,51.42,185.1,2.59,2.59,5.17
1595,2514.02,1.576,-395.947,32.404,-362.877,32.404,0.66,272.8,51.46,185.3,2.58,2.58,5.15
1596,2515.60,1.576,-395.550,32.415,-364.516,32.415,0.68,283.1,51.49,185.4,2.57,2.57,5.15
1597,2517.17,1.576,-395.281,32.423,-365.602,32.423,0.47,280.8,51.51,185.4,2.57,2.57,5.15
1598,2518.75,1.576,-394.811,32.436,-367.459,32.436,0.85,282.9,51.55,185.6,2.58,2.58,5.15
1599,2520.33,1.576,-394.483,32.446,-368.730,32.446,0.65,295.0,51.58,185.7,2.58,2.58,5.16
1600,2521.90,1.576,-394.149,32.458,-370.001,32.458,0.72,296.4,51.61,185.8,2.59,2.59,5.18
1601,2523.48,1.576,-393.652,32.474,-371.849,32.474,1.05,295.7,51.65,185.9,2.61,2.61,5.22
1602,2525.05,1.576,-393.209,32.489,-373.465,32.489,0.98,305.4,51.69,186.1,2.64,2.64,5.27
1603,2526.63,1.576,-392.907,32.501,-374.550,32.501,0.71,310.4,51.71,186.2,2.67,2.67,5.35
1604,2528.21,1.576,-392.429,32.519,-376.236,32.519,1.20,308.7,51.76,186.3,2.72,2.72,5.44
1605,2529.78,1.576,-391.901,32.541,-378.062,32.541,1.39,317.7,51.80,186.5,2.78,2.78,5.56
1606,2531.36,1.576,-391.462,32.560,-379.560,32.560,1.21,325.8,51.83,186.6,2.85,2.85,5.69
1607,2532.93,1.576,-391.101,32.577,-380.768,32.577,1.04,322.3,51.86,186.7,2.93,2.93,5.85
1608,2534.51,1.576,-390.545,32.603,-382.602,32.603,1.65,326.3,51.91,186.9,3.01,3.01,6.03
1609,2536.09,1.576,-390.057,32.627,-384.191,32.627,1.50,338.7,51.95,187.0,3.11,3.11,6.22
1610,2537.66,1.576,-389.768,32.642,-385.114,32.642,0.96,338.7,51.97,187.1,3.22,3.22,6.44
1611,2539.24,1.576,-389.192,32.670,-386.933,32.670,1.80,334.9,52.02,187.3,3.33,3.33,6.66
1612,2540.82,1.576,-388.604,32.700,-388.760,32.700,1.86,346.3,52.06,187.4,3.45,3.45,6.90
1613,2542.39,1.576,-388.269,32.718,-389.784,32.718,1.14,348.8,52.09,187.5,3.57,3.57,7.15
1614,2543.97,1.576,-387.767,32.744,-391.301,32.744,1.67,343.3,52.12,187.6,3.70,3.70,7.41
1615,2545.54,1.576,-387.169,32.776,-393.085,32.776,2.04,355.4,52.16,187.8,3.84,3.84,7.68
1616,2547.12,1.576,-386.701,32.802,-394.463,32.802,1.66,358.0,52.19,187.9,3.98,3.98,7.97
1617,2548.70,1.576,-386.266,32.827,-395.728,32.827,1.60,351.0,52.22,188.0,4.13,4.13,8.27
1618,2550.27,1.576,-385.635,32.864,-397.534,32.864,2.33,356.8,52.26,188.1,4.29,4.29,8.58
1619,2551.85,1.576,-385.094,32.896,-399.064,32.896,2.04,366.1,52.29,188.3,4.45,4.45,8.90
1620,2553.43,1.576,-384.729,32.919,-400.084,32.919,1.46,359.0,52.31,188.3,4.62,4.62,9.24
1621,2555.00,1.576,-384.088,32.958,-401.852,32.958,2.49,355.1,52.35,188.4,4.79,4.79,9.58
1622,2556.58,1.576,-383.418,32.999,-403.673,32.999,2.56,365.2,52.38,188.6,4.95,4.95,9.89
1623,2558.15,1.576,-383.051,33.022,-404.659,33.022,1.47,363.9,52.40,188.7,5.07,5.07,10.14
1624,2559.73,1.576,-382.463,33.057,-406.217,33.057,2.25,354.8,52.44,188.8,5.14,5.14,10.29
1625,2561.31,1.576,-381.791,33.098,-407.979,33.098,2.55,365.3,52.47,188.9,5.20,5.20,10.40
1626,2562.88,1.576,-381.275,33.129,-409.310,33.129,1.97,371.1,52.50,189.0,5.22,5.22,10.44
1627,2564.46,1.576,-380.777,33.157,-410.582,33.157,1.81,361.4,52.52,189.1,5.19,5.19,10.39
1628,2566.03,1.576,-380.070,33.197,-412.367,33.197,2.48,364.3,52.55,189.2,5.13,5.13,10.26
1629,2567.61,1.576,-379.654,33.220,-413.404,33.220,1.49,375.3,52.58,189.3,5.02,5.02,10.05
1630,2569.19,1.576,-379.057,33.253,-414.878,33.253,2.12,368.2,52.61,189.4,4.88,4.88,9.76
1631,2570.76,1.576,-378.344,33.291,-416.616,33.291,2.39,363.5,52.65,189.5,4.71,4.71,9.41
1632,2572.34,1.576,-377.776,33.321,-417.984,33.321,1.87,374.4,52.67,189.6,4.55,4.55,9.10
1633,2573.92,1.576,-377.280,33.346,-419.165,33.346,1.60,375.5,52.70,189.7,4.40,4.40,8.79
1634,2575.49,1.576,-376.542,33.382,-420.902,33.382,2.32,366.9,52.73,189.8,4.23,4.23,8.46
1635,2577.07,1.576,-375.845,33.417,-422.524,33.417,2.18,374.7,52.76,189.9,4.08,4.08,8.16
1636,2578.64,1.576,-375.457,33.436,-423.419,33.436,1.24,382.4,52.78,190.0,3.95,3.95,7.89
1637,2580.22,1.576,-374.677,33.472,-425.195,33.472,2.28,374.8,52.82,190.2,3.82,3.82,7.64
1638,2581.80,1.576,-373.898,33.508,-426.948,33.508,2.25,376.9,52.85,190.3,3.70,3.70,7.41
1639,2583.37,1.576,-373.430,33.530,-427.989,33.530,1.37,389.6,52.88,190.4,3.61,3.61,7.21
1640,2584.95,1.576,-372.802,33.558,-429.373,33.558,1.79,386.6,52.91,190.5,3.52,3.52,7.04
1641,2586.52,1.576,-372.014,33.592,-431.091,33.592,2.17,383.8,52.95,190.6,3.42,3.42,6.84
1642,2588.10,1.576,-371.372,33.619,-432.476,33.619,1.74,395.1,52.97,190.7,3.33,3.33,6.67
1643,2589.68,1.576,-370.863,33.641,-433.562,33.641,1.38,398.5,52.99,190.8,3.24,3.24,6.48
1644,2591.25,1.576,-370.059,33.675,-435.262,33.675,2.12,397.1,53.03,190.9,3.14,3.14,6.28
1645,2592.83,1.576,-369.267,33.708,-436.920,33.708,2.10,404.0,53.07,191.1,3.03,3.03,6.05
1646,2594.41,1.576,-368.843,33.726,-437.799,33.726,1.17,409.2,53.09,191.1,2.91,2.91,5.83
1647,2595.98,1.576,-368.029,33.760,-439.472,33.760,2.13,412.1,53.13,191.3,2.79,2.79,5.59
1648,2597.56,1.576,-367.181,33.795,-441.196,33.795,2.21,417.2,53.17,191.4,2.66,2.66,5.32
1649,2599.13,1.576,-366.655,33.817,-442.258,33.817,1.44,423.5,53.19,191.5,2.54,2.54,5.07
1650,2600.71,1.576,-366.023,33.844,-443.522,33.844,1.71,426.8,53.22,191.6,2.41,2.41,4.82
1651,2602.29,1.576,-365.159,33.880,-445.233,33.880,2.28,435.9,53.26,191.7,2.29,2.29,4.57
1652,2603.86,1.576,-364.430,33.911,-446.666,33.911,1.94,443.9,53.29,191.9,2.17,2.17,4.33
1653,2605.44,1.576,-363.952,33.932,-447.598,33.932,1.32,447.9,53.32,191.9,2.05,2.05,4.10
1654,2607.02,1.576,-363.090,33.968,-449.264,33.968,2.30,457.7,53.36,192.1,2.00,2.00,4.00
1655,2608.59,1.576,-362.207,34.006,-450.956,34.006,2.39,471.2,53.40,192.2,2.00,2.00,4.00
1656,2610.17,1.576,-361.731,34.026,-451.863,34.026,1.29,477.0,53.42,192.3,2.00,2.00,4.00
1657,2611.74,1.576,-360.908,34.062,-453.415,34.062,2.26,483.1,53.45,192.4,2.00,2.00,4.00
1658,2613.32,1.576,-360.003,34.101,-455.110,34.101,2.50,496.0,53.50,192.6,2.00,2.00,4.00
1659,2614.90,1.576,-359.178,34.137,-456.643,34.137,2.30,507.2,53.54,192.7,2.00,2.00,4.00
1660,2616.47,1.576,-358.704,34.158,-457.518,34.158,1.34,510.8,53.55,192.8,2.00,2.00,4.00
1661,2618.05,1.576,-357.852,34.196,-459.079,34.196,2.37,523.9,53.59,192.9,2.00,2.00,4.00
1662,2619.62,1.576,-356.928,34.236,-460.762,34.236,2.57,543.1,53.64,193.1,2.00,2.00,4.00
1663,2621.20,1.576,-356.304,34.264,-461.890,34.264,1.78,548.4,53.67,193.2,2.00,2.00,4.00
1664,2622.78,1.576,-355.668,34.293,-463.033,34.293,1.84,555.4,53.69,193.3,2.00,2.00,4.00
1665,2624.35,1.576,-354.731,34.334,-464.709,34.334,2.62,577.4,53.74,193.5,2.00,2.00,4.00
1666,2625.93,1.576,-353.855,34.373,-466.264,34.373,2.43,590.1,53.78,193.6,2.00,2.00,4.00
1667,2627.51,1.576,-353.354,34.396,-467.147,34.396,1.49,594.2,53.80,193.7,2.00,2.00,4.00
1668,2629.08,1.576,-352.494,34.435,-468.660,34.435,2.44,613.9,53.84,193.8,2.00,2.00,4.00
1669,2630.66,1.576,-351.530,34.478,-470.343,34.478,2.73,635.5,53.88,194.0,2.00,2.00,4.00
1670,2632.23,1.576,-350.931,34.506,-471.383,34.506,1.76,641.6,53.91,194.1,2.00,2.00,4.00
1671,2633.81,1.576,-350.125,34.543,-472.779,34.543,2.34,654.1,53.94,194.2,2.00,2.00,4.00
1672,2635.39,1.576,-349.168,34.586,-474.425,34.586,2.75,678.1,53.99,194.3,2.00,2.00,4.00
1673,2636.96,1.576,-348.396,34.622,-475.746,34.622,2.30,690.0,54.02,194.5,2.00,2.00,4.00
1674,2638.54,1.576,-347.823,34.649,-476.721,34.649,1.70,700.3,54.04,194.5,2.00,2.00,4.00
1675,2640.12,1.576,-346.847,34.693,-478.376,34.693,2.79,721.5,54.08,194.7,2.00,2.00,4.00
1676,2641.69,1.576,-346.139,34.726,-479.572,34.726,2.09,744.8,54.12,194.8,2.00,2.00,4.00
1677,2643.27,1.576,-345.447,34.759,-480.736,34.759,2.09,755.0,54.15,194.9,2.00,2.00,4.00
1678,2644.84,1.576,-344.482,34.803,-482.351,34.803,2.82,765.2,54.19,195.1,2.00,2.00,4.00
1679,2646.42,1.576,-343.551,34.846,-483.904,34.846,2.72,798.0,54.23,195.2,2.00,2.00,4.00
1680,2648.00,1.576,-343.062,34.871,-484.714,34.871,1.56,819.4,54.25,195.3,2.00,2.00,4.00
1681,2649.57,1.576,-342.124,34.914,-486.266,34.914,2.77,825.6,54.29,195.4,2.00,2.00,4.00
1682,2651.15,1.576,-341.151,34.961,-487.867,34.961,2.93,849.1,54.33,195.6,2.00,2.00,4.00
1683,2652.72,1.576,-340.466,34.994,-488.991,34.994,2.10,883.2,54.35,195.7,2.00,2.00,4.00
1684,2654.30,1.576,-339.735,35.029,-490.186,35.029,2.22,893.4,54.39,195.8,2.00,2.00,4.00
1685,2655.88,1.576,-338.751,35.076,-491.787,35.076,2.98,914.4,54.43,195.9,2.00,2.00,4.00
1686,2657.45,1.576,-337.844,35.119,-493.257,35.119,2.78,945.3,54.47,196.1,2.00,2.00,4.00
1687,2659.03,1.576,-337.331,35.143,-494.087,35.143,1.52,965.1,54.48,196.1,2.00,2.00,4.00
1688,2660.61,1.576,-336.321,35.192,-495.713,35.192,3.06,983.5,54.53,196.3,2.00,2.00,4.00
1689,2662.18,1.576,-335.303,35.240,-497.346,35.240,3.08,1022.3,54.57,196.4,2.00,2.00,4.00
1690,2663.76,1.576,-334.415,35.285,-498.766,35.285,2.85,1049.5,54.60,196.6,2.00,2.00,4.00
1691,2665.33,1.576,-333.911,35.310,-499.569,35.310,1.56,1073.0,54.62,196.6,2.00,2.00,4.00
1692,2666.91,1.576,-332.913,35.358,-501.154,35.358,3.06,1125.4,54.67,196.8,2.00,2.00,4.00
1693,2668.49,1.576,-331.998,35.402,-502.603,35.402,2.83,1151.9,54.70,196.9,2.00,2.00,4.00
1694,2670.06,1.576,-331.423,35.432,-503.511,35.432,1.86,1171.6,54.73,197.0,2.00,2.00,4.00
1695,2671.64,1.576,-330.489,35.479,-504.982,35.479,3.02,1233.3,54.76,197.1,2.00,2.00,4.00
1696,2673.22,1.576,-329.457,35.531,-506.603,35.531,3.25,1296.5,54.80,197.3,2.00,2.00,4.00
1697,2674.79,1.576,-328.832,35.562,-507.583,35.562,1.98,1319.6,54.83,197.4,2.00,2.00,4.00
1698,2676.37,1.576,-327.970,35.605,-508.929,35.605,2.72,1375.5,54.86,197.5,2.00,2.00,4.00
1699,2677.94,1.576,-326.945,35.656,-510.526,35.656,3.27,1463.6,54.90,197.6,2.00,2.00,4.00
1700,2679.52,1.576,-325.986,35.706,-512.017,35.706,3.18,1514.9,54.93,197.8,2.00,2.00,4.00
1701,2681.10,1.576,-325.318,35.742,-513.054,35.742,2.29,1558.7,54.96,197.9,2.00,2.00,4.00
1702,2682.67,1.576,-324.479,35.787,-514.354,35.787,2.81,1681.6,54.99,198.0,2.00,2.00,4.00
1703,2684.25,1.576,-323.464,35.842,-515.922,35.842,3.53,1799.1,55.04,198.1,2.00,2.00,4.00
1704,2685.82,1.576,-322.844,35.877,-516.878,35.877,2.17,1855.2,55.06,198.2,2.00,2.00,4.00
1705,2687.40,1.576,-322.031,35.925,-518.129,35.925,3.09,1934.4,55.09,198.3,2.00,2.00,4.00
1706,2688.98,1.576,-321.002,35.986,-519.712,35.986,3.83,2000.0,55.13,198.5,2.07,2.07,4.13
1707,2690.55,1.576,-319.981,36.046,-521.278,36.046,3.86,2000.0,55.16,198.6,2.19,2.19,4.37
1708,2692.13,1.576,-319.302,36.087,-522.319,36.087,2.57,2000.0,55.18,198.7,2.30,2.30,4.60
1709,2693.71,1.576,-318.525,36.134,-523.508,36.134,2.97,2000.0,55.21,198.8,2.41,2.41,4.82
1710,2695.28,1.576,-317.507,36.195,-525.064,36.195,3.90,2000.0,55.25,198.9,2.52,2.52,5.04
1711,2696.86,1.576,-316.572,36.252,-526.492,36.252,3.60,2000.0,55.28,199.0,2.62,2.62,5.24
1712,2698.43,1.576,-316.027,36.287,-527.325,36.287,2.23,2000.0,55.30,199.1,2.72,2.72,5.45
1713,2700.01,1.576,-314.975,36.352,-528.928,36.352,4.11,2000.0,55.34,199.2,2.83,2.83,5.65
1714,2701.59,1.576,-313.917,36.417,-530.540,36.417,4.16,2000.0,55.38,199.4,2.93,2.93,5.86
1715,2703.16,1.576,-313.264,36.460,-531.534,36.460,2.71,2000.0,55.40,199.4,3.03,3.03,6.06
1716,2704.74,1.576,-312.508,36.510,-532.685,36.510,3.15,2000.0,55.43,199.5,3.13,3.13,6.27
1717,2706.32,1.576,-311.451,36.578,-534.292,36.578,4.31,2000.0,55.46,199.7,3.23,3.23,6.47
1718,2707.89,1.576,-310.485,36.644,-535.761,36.644,4.21,2000.0,55.50,199.8,3.33,3.33,6.67
1719,2709.47,1.576,-309.924,36.682,-536.613,36.682,2.41,2000.0,55.52,199.9,3.43,3.43,6.87
1720,2711.04,1.576,-308.967,36.745,-538.066,36.745,4.00,2000.0,55.55,200.0,3.53,3.53,7.06
1721,2712.62,1.576,-308.022,36.808,-539.502,36.808,3.99,2000.0,55.58,200.1,3.63,3.63,7.26
1722,2714.20,1.576,-307.457,36.847,-540.361,36.847,2.47,2000.0,55.60,200.2,3.73,3.73,7.45
1723,2715.77,1.576,-306.396,36.921,-541.973,36.921,4.72,2000.0,55.63,200.3,3.82,3.82,7.64
1724,2717.35,1.576,-305.369,36.993,-543.531,36.993,4.53,2000.0,55.67,200.4,3.91,3.91,7.83
1725,2718.92,1.576,-304.422,37.059,-544.970,37.059,4.23,2000.0,55.70,200.5,4.01,4.01,8.02
1726,2720.50,1.576,-303.886,37.097,-545.785,37.097,2.39,2000.0,55.72,200.6,4.10,4.10,8.21
1727,2722.08,1.576,-302.881,37.171,-547.311,37.171,4.70,2000.0,55.75,200.7,4.20,4.20,8.39
1728,2723.65,1.576,-301.856,37.248,-548.870,37.248,4.87,2000.0,55.78,200.8,4.29,4.29,8.58
1729,2725.23,1.576,-301.094,37.306,-550.028,37.306,3.70,2000.0,55.80,200.9,4.38,4.38,8.77
1730,2726.81,1.576,-300.361,37.363,-551.143,37.363,3.60,2000.0,55.83,201.0,4.48,4.48,8.96
1731,2728.38,1.576,-299.305,37.444,-552.750,37.444,5.17,2000.0,55.86,201.1,4.57,4.57,9.15
1732,2729.96,1.576,-298.360,37.519,-554.189,37.519,4.72,2000.0,55.89,201.2,4.67,4.67,9.34
1733,2731.53,1.576,-297.840,37.563,-554.981,37.563,2.81,2000.0,55.90,201.3,4.77,4.77,9.54
1734,2733.11,1.576,-296.847,37.641,-556.494,37.641,4.99,2000.0,55.94,201.4,4.87,4.87,9.74
1735,2734.69,1.576,-295.791,37.725,-558.105,37.725,5.30,2000.0,55.96,201.5,4.94,4.94,9.88
1736,2736.26,1.576,-295.050,37.785,-559.236,37.785,3.81,2000.0,55.98,201.5,5.00,5.00,10.00
1737,2737.84,1.576,-294.376,37.841,-560.265,37.841,3.54,2000.0,56.01,201.6,5.04,5.04,10.08
1738,2739.42,1.576,-293.321,37.926,-561.878,37.926,5.40,2000.0,56.04,201.8,5.04,5.04,10.09
1739,2740.99,1.576,-292.268,38.011,-563.489,38.011,5.42,2000.0,56.07,201.9,5.04,5.04,10.07
1740,2742.57,1.576,-291.731,38.057,-564.312,38.057,2.88,2000.0,56.09,201.9,5.01,5.01,10.01
1741,2744.14,1.576,-290.856,38.128,-565.654,38.128,4.54,2000.0,56.12,202.0,4.95,4.95,9.91
1742,2745.72,1.576,-289.805,38.215,-567.268,38.215,5.47,2000.0,56.15,202.1,4.87,4.87,9.74
1743,2747.30,1.576,-289.008,38.282,-568.493,38.282,4.28,2000.0,56.17,202.2,4.77,4.77,9.55
1744,2748.87,1.576,-288.364,38.338,-569.484,38.338,3.52,2000.0,56.19,202.3,4.68,4.68,9.36
1745,2750.45,1.576,-287.349,38.423,-571.047,38.423,5.39,2000.0,56.22,202.4,4.57,4.57,9.14
1746,2752.02,1.576,-286.301,38.511,-572.664,38.511,5.59,2000.0,56.25,202.5,4.46,4.46,8.91
1747,2753.60,1.576,-285.701,38.563,-573.591,38.563,3.35,2000.0,56.27,202.6,4.37,4.37,8.73
1748,2755.18,1.576,-284.900,38.634,-574.831,38.634,4.44,2000.0,56.29,202.6,4.25,4.25,8.51
1749,2756.75,1.576,-283.857,38.724,-576.447,38.724,5.71,2000.0,56.32,202.7,4.14,4.14,8.28
1750,2758.33,1.576,-282.936,38.804,-577.876,38.804,5.10,2000.0,56.34,202.8,4.03,4.03,8.06
1751,2759.91,1.576,-282.359,38.856,-578.772,38.856,3.29,2000.0,56.36,202.9,3.92,3.92,7.85
1752,2761.48,1.576,-281.419,38.938,-580.236,38.938,5.23,2000.0,56.39,203.0,3.81,3.81,7.62
1753,2763.06,1.576,-280.379,39.030,-581.858,39.030,5.83,2000.0,56.41,203.1,3.70,3.70,7.39
1754,2764.63,1.576,-279.710,39.092,-582.902,39.092,3.90,2000.0,56.43,203.1,3.60,3.60,7.19
1755,2766.21,1.576,-278.902,39.165,-584.166,39.165,4.65,2000.0,56.45,203.2,3.49,3.49,6.99
1756,2767.79,1.576,-277.900,39.255,-585.736,39.255,5.71,2000.0,56.48,203.3,3.38,3.38,6.77
1757,2769.36,1.576,-276.960,39.340,-587.212,39.340,5.39,1976.3,56.51,203.4,3.29,3.29,6.57
1758,2770.94,1.576,-276.438,39.390,-588.034,39.390,3.18,1953.9,56.52,203.5,3.19,3.19,6.38
1759,2772.52,1.576,-275.486,39.478,-589.533,39.478,5.60,1983.4,56.55,203.6,3.10,3.10,6.20
1760,2774.09,1.576,-274.489,39.571,-591.106,39.571,5.89,1944.6,56.58,203.7,3.01,3.01,6.03
1761,2775.67,1.576,-273.703,39.645,-592.350,39.645,4.71,1890.5,56.60,203.7,2.93,2.93,5.86
1762,2777.24,1.576,-273.030,39.710,-593.415,39.710,4.08,1907.8,56.61,203.8,2.85,2.85,5.71
1763,2778.82,1.576,-272.089,39.798,-594.907,39.798,5.64,1933.8,56.64,203.9,2.78,2.78,5.55
1764,2780.40,1.576,-271.078,39.895,-596.515,39.895,6.14,1876.5,56.66,204.0,2.71,2.71,5.41
1765,2781.97,1.576,-270.516,39.952,-597.410,39.952,3.58,1855.8,56.68,204.0,2.64,2.64,5.28
1766,2783.55,1.576,-269.610,40.040,-598.855,40.040,5.58,1896.4,56.70,204.1,2.58,2.58,5.16
1767,2785.12,1.576,-268.591,40.138,-600.482,40.138,6.27,1900.7,56.73,204.2,2.52,2.52,5.04
1768,2786.70,1.576,-267.800,40.216,-601.750,40.216,4.95,1844.9,56.75,204.3,2.47,2.47,4.94
1769,2788.28,1.576,-267.227,40.275,-602.669,40.275,3.74,1858.2,56.76,204.4,2.42,2.42,4.85
1770,2789.85,1.576,-266.216,40.376,-604.292,40.376,6.37,1904.0,56.79,204.4,2.38,2.38,4.76
1771,2791.43,1.576,-265.234,40.474,-605.874,40.474,6.24,1870.3,56.81,204.5,2.34,2.34,4.68
1772,2793.01,1.576,-264.583,40.541,-606.923,40.541,4.21,1843.0,56.83,204.6,2.31,2.31,4.62
1773,2794.58,1.576,-263.837,40.616,-608.129,40.616,4.78,1894.1,56.85,204.7,2.28,2.28,4.56
1774,2796.16,1.576,-262.873,40.713,-609.689,40.713,6.13,1926.2,56.87,204.7,2.25,2.25,4.51
1775,2797.73,1.576,-261.948,40.807,-611.188,40.807,5.96,1885.4,56.90,204.8,2.23,2.23,4.47
1776,2799.31,1.576,-261.437,40.861,-612.018,40.861,3.45,1895.9,56.91,204.9,2.22,2.22,4.43
1777,2800.89,1.576,-260.468,40.959,-613.594,40.959,6.23,1958.4,56.94,205.0,2.20,2.20,4.40
1778,2802.46,1.576,-259.459,41.062,-615.239,41.062,6.50,1966.9,56.96,205.1,2.19,2.19,4.37
1779,2804.04,1.576,-258.755,41.135,-616.388,41.135,4.67,1934.1,56.98,205.1,2.18,2.18,4.36
1780,2805.62,1.576,-258.120,41.203,-617.426,41.203,4.32,1982.0,56.99,205.2,2.17,2.17,4.35
1781,2807.19,1.576,-257.116,41.309,-619.072,41.309,6.69,2000.0,57.02,205.3,2.17,2.17,4.34
1782,2808.77,1.576,-256.124,41.414,-620.699,41.414,6.69,2000.0,57.04,205.3,2.17,2.17,4.33
1783,2810.34,1.576,-255.580,41.474,-621.595,41.474,3.82,2000.0,57.06,205.4,2.17,2.17,4.33
1784,2811.92,1.576,-254.780,41.561,-622.912,41.561,5.50,2000.0,57.08,205.5,2.17,2.17,4.34
1785,2813.50,1.576,-253.800,41.668,-624.528,41.668,6.76,2000.0,57.10,205.6,2.17,2.17,4.35
1786,2815.07,1.576,-252.976,41.759,-625.889,41.759,5.82,2000.0,57.12,205.6,2.18,2.18,4.36
1787,2816.65,1.576,-252.447,41.820,-626.765,41.820,3.87,2000.0,57.13,205.7,2.19,2.19,4.38
1788,2818.22,1.576,-251.459,41.929,-628.402,41.929,6.91,2000.0,57.15,205.7,2.20,2.20,4.40
1789,2819.80,1.576,-250.457,42.039,-630.066,42.039,6.98,2000.0,57.17,205.8,2.21,2.21,4.42
1790,2821.38,1.576,-249.810,42.112,-631.142,42.112,4.63,2000.0,57.19,205.9,2.23,2.23,4.45
1791,2822.95,1.576,-249.131,42.191,-632.272,42.191,4.95,2000.0,57.21,205.9,2.24,2.24,4.48
1792,2824.53,1.576,-248.140,42.302,-633.925,42.302,7.08,2000.0,57.23,206.0,2.25,2.25,4.50
1793,2826.11,1.576,-247.175,42.411,-635.537,42.411,6.93,2000.0,57.26,206.1,2.26,2.26,4.53
1794,2827.68,1.576,-246.677,42.470,-636.369,42.470,3.72,2000.0,57.27,206.2,2.28,2.28,4.55
1795,2829.26,1.576,-245.844,42.565,-637.764,42.565,6.02,2000.0,57.28,206.2,2.28,2.28,4.57
1796,2830.83,1.576,-244.863,42.677,-639.410,42.677,7.11,2000.0,57.27,206.2,2.29,2.29,4.58
1797,2832.41,1.576,-244.118,42.769,-640.660,42.769,5.85,2000.0,57.23,206.0,2.30,2.30,4.60
1798,2833.99,1.576,-243.539,42.838,-641.632,42.838,4.39,2000.0,57.20,205.9,2.30,2.30,4.60
1799,2835.56,1.576,-242.591,42.948,-643.227,42.948,6.96,2000.0,57.13,205.7,2.30,2.30,4.61
1800,2837.14,1.576,-241.797,43.040,-644.564,43.040,5.84,2000.0,57.07,205.5,2.30,2.30,4.61
1801,2838.72,1.576,-241.290,43.100,-645.418,43.100,3.79,2000.0,57.03,205.3,2.30,2.30,4.61
1802,2840.29,1.576,-240.330,43.216,-647.037,43.216,7.40,2000.0,56.82,204.6,2.30,2.30,4.60
1803,2841.87,1.576,-239.365,43.331,-648.668,43.331,7.28,2000.0,56.40,203.0,2.30,2.30,4.59
1804,2843.44,1.576,-238.470,43.438,-650.180,43.438,6.75,2000.0,56.01,201.6,2.29,2.29,4.58
1805,2845.02,1.576,-237.976,43.495,-651.016,43.495,3.66,2000.0,55.78,200.8,2.29,2.29,4.57
1806,2846.60,1.576,-237.100,43.601,-652.499,43.601,6.71,2000.0,55.33,199.2,2.28,2.28,4.56
1807,2848.17,1.576,-236.131,43.719,-654.140,43.719,7.50,2000.0,54.84,197.4,2.28,2.28,4.55
1808,2849.75,1.576,-235.481,43.802,-655.243,43.802,5.24,2000.0,54.50,196.2,2.27,2.27,4.54
1809,2851.32,1.576,-234.741,43.895,-656.498,43.895,5.92,2000.0,54.12,194.8,2.26,2.26,4.53
1810,2852.90,1.576,-233.794,44.013,-658.106,44.013,7.49,2000.0,53.65,193.1,2.26,2.26,4.52
1811,2854.48,1.576,-232.934,44.120,-659.567,44.120,6.78,2000.0,53.24,191.7,2.25,2.25,4.51
1812,2856.05,1.576,-232.433,44.188,-660.420,44.188,4.30,2000.0,52.99,190.8,2.25,2.25,4.49
1813,2857.63,1.576,-231.476,44.309,-662.048,44.309,7.68,2000.0,52.51,189.1,2.24,2.24,4.48
1814,2859.21,1.576,-230.522,44.428,-663.673,44.428,7.57,2000.0,52.11,187.6,2.23,2.23,4.46
1815,2860.78,1.576,-229.941,44.502,-664.663,44.502,4.68,2000.0,51.84,186.6,2.23,2.23,4.45
1816,2862.36,1.576,-229.161,44.599,-665.994,44.599,6.14,2000.0,51.46,185.2,2.22,2.22,4.43
1817,2863.93,1.576,-228.201,44.717,-667.631,44.717,7.52,2000.0,51.01,183.6,2.21,2.21,4.42
1818,2865.51,1.576,-227.520,44.807,-668.795,44.807,5.70,2000.0,50.65,182.3,2.20,2.20,4.41
1819,2867.09,1.576,-226.789,44.899,-670.043,44.899,5.81,2000.0,50.25,180.9,2.20,2.20,4.39
1820,2868.66,1.576,-225.844,45.016,-671.660,45.016,7.42,2000.0,49.69,178.9,2.19,2.19,4.38
1821,2870.24,1.576,-225.343,45.082,-672.517,45.082,4.17,2000.0,49.39,177.8,2.18,2.18,4.36
1822,2871.82,1.576,-224.479,45.196,-673.997,45.196,7.25,2000.0,48.90,176.0,2.18,2.18,4.35
1823,2873.39,1.576,-223.525,45.320,-675.631,45.320,7.85,2000.0,48.33,174.0,2.17,2.17,4.34
1824,2874.97,1.576,-222.927,45.397,-676.658,45.397,4.92,2000.0,48.00,172.8,2.16,2.16,4.32
1825,2876.54,1.576,-222.077,45.508,-678.116,45.508,7.01,2000.0,47.50,171.0,2.15,2.15,4.31
1826,2878.12,1.576,-221.180,45.629,-679.657,45.629,7.66,2000.0,46.96,169.1,2.14,2.14,4.29
1827,2879.70,1.576,-220.323,45.746,-681.129,45.746,7.42,2000.0,46.48,167.3,2.13,2.13,4.27
1828,2881.27,1.576,-219.731,45.826,-682.148,45.826,5.09,2000.0,46.17,166.2,2.12,2.12,4.24
1829,2882.85,1.576,-218.780,45.956,-683.784,45.956,8.28,2000.0,45.61,164.2,2.11,2.11,4.22
1830,2884.42,1.576,-217.975,46.073,-685.170,46.073,7.38,2000.0,45.12,162.4,2.09,2.09,4.19
1831,2886.00,1.576,-217.380,46.159,-686.194,46.159,5.50,2000.0,44.75,161.1,2.08,2.08,4.16
1832,2887.58,1.576,-216.439,46.291,-687.817,46.291,8.34,2000.0,44.17,159.0,2.06,2.06,4.13
1833,2889.15,1.576,-215.908,46.364,-688.732,46.364,4.68,2000.0,43.83,157.8,2.05,2.05,4.10
1834,2890.73,1.576,-214.989,46.496,-690.313,46.496,8.34,2000.0,43.30,155.9,2.03,2.03,4.06
1835,2892.31,1.576,-214.050,46.627,-691.931,46.627,8.29,2000.0,42.74,153.9,2.01,2.01,4.03
1836,2893.88,1.576,-213.420,46.714,-693.015,46.714,5.56,2000.0,42.37,152.5,2.00,2.00,4.00
1837,2895.46,1.576,-212.585,46.830,-694.452,46.830,7.34,2000.0,41.84,150.6,2.00,2.00,4.00
1838,2897.03,1.576,-211.647,46.960,-696.064,46.960,8.27,2000.0,41.23,148.4,2.00,2.00,4.00
1839,2898.61,1.576,-211.110,47.039,-696.987,47.039,4.99,2000.0,40.86,147.1,2.00,2.00,4.00
1840,2900.19,1.576,-210.172,47.172,-698.595,47.172,8.44,2000.0,40.21,144.7,2.00,2.00,4.00
1841,2901.76,1.576,-209.391,47.285,-699.932,47.285,7.16,2000.0,39.68,142.8,2.00,2.00,4.00
1842,2903.34,1.576,-208.691,47.387,-701.130,47.387,6.47,2000.0,39.17,141.0,2.00,2.00,4.00
1843,2904.92,1.576,-207.751,47.522,-702.733,47.522,8.57,2000.0,38.54,138.8,2.00,2.00,4.00
1844,2906.49,1.576,-207.180,47.607,-703.705,47.607,5.40,2000.0,38.20,137.5,2.00,2.00,4.00
1845,2908.07,1.576,-206.203,47.746,-705.366,47.746,8.83,1827.4,37.57,135.3,2.00,2.00,4.00
1846,2909.64,1.576,-205.473,47.851,-706.603,47.851,6.65,1580.6,37.10,133.5,2.00,2.00,4.00
1847,2911.22,1.576,-204.683,47.964,-707.938,47.964,7.17,1341.4,36.57,131.6,2.00,2.00,4.00
1848,2912.80,1.576,-203.770,48.093,-709.478,48.093,8.16,1072.9,35.94,129.4,2.00,2.00,4.00
1849,2914.37,1.576,-203.134,48.183,-710.546,48.183,5.74,897.2,35.44,127.6,2.00,2.00,4.00
1850,2915.95,1.576,-202.190,48.316,-712.128,48.316,8.41,729.9,34.73,125.0,2.00,2.00,4.00
1851,2917.52,1.576,-201.570,48.406,-713.162,48.406,5.71,585.3,34.29,123.4,2.00,2.00,4.00
1852,2919.10,1.576,-200.578,48.545,-714.813,48.545,8.83,499.5,33.56,120.8,2.00,2.00,4.00
1853,2920.68,1.576,-199.943,48.636,-715.867,48.636,5.80,415.0,33.09,119.1,2.00,2.00,4.00
1854,2922.25,1.576,-199.011,48.767,-717.409,48.767,8.33,344.0,32.42,116.7,2.00,2.00,4.00
1855,2923.83,1.576,-198.290,48.869,-718.599,48.869,6.45,297.9,31.90,114.8,2.00,2.00,4.00
1856,2925.41,1.576,-197.401,48.992,-720.062,48.992,7.79,250.7,31.21,112.4,2.00,2.00,4.00
1857,2926.98,1.576,-196.691,49.093,-721.232,49.093,6.40,212.2,30.65,110.4,2.00,2.00,4.00
1858,2928.56,1.576,-195.754,49.224,-722.774,49.224,8.31,181.0,29.86,107.5,2.00,2.00,4.00
1859,2930.13,1.576,-195.085,49.320,-723.877,49.320,6.12,158.6,29.26,105.3,2.00,2.00,4.00
1860,2931.71,1.576,-194.147,49.456,-725.431,49.456,8.58,140.7,28.40,102.3,2.00,2.00,4.00
1861,2933.29,1.576,-193.446,49.558,-726.599,49.558,6.52,123.0,27.78,100.0,2.00,2.00,4.00
1862,2934.86,1.576,-192.510,49.694,-728.176,49.694,8.62,108.7,26.94,97.0,2.02,2.02,4.03
1863,2936.44,1.576,-191.808,49.799,-729.375,49.799,6.61,98.1,26.37,94.9,2.09,2.09,4.18
1864,2938.01,1.576,-191.008,49.916,-730.765,49.916,7.43,89.2,25.68,92.4,2.18,2.18,4.37
1865,2939.59,1.576,-190.219,50.032,-732.170,50.032,7.37,81.8,24.97,89.9,2.30,2.30,4.60
1866,2941.17,1.576,-189.541,50.135,-733.411,50.135,6.55,74.7,24.34,87.6,2.44,2.44,4.88
1867,2942.74,1.576,-188.831,50.241,-734.753,50.241,6.75,69.3,23.66,85.2,2.62,2.62,5.23
1868,2944.32,1.576,-188.041,50.366,-736.313,50.366,7.88,65.1,22.88,82.4,2.82,2.82,5.65
1869,2945.90,1.576,-187.430,50.463,-737.578,50.463,6.19,60.4,22.25,80.1,3.07,3.07,6.14
1870,2947.47,1.576,-186.718,50.583,-739.142,50.583,7.57,56.6,21.51,77.4,3.36,3.36,6.73
1871,2949.05,1.576,-186.079,50.694,-740.659,50.694,7.08,53.6,20.78,74.8,3.69,3.69,7.37
1872,2950.62,1.576,-185.562,50.790,-741.997,50.790,6.09,50.8,20.13,72.5,3.94,3.94,7.87
1873,2952.20,1.576,-185.066,50.888,-743.407,50.888,6.24,48.5,19.62,70.6,4.11,4.11,8.21
1874,2953.78,1.576,-184.612,50.985,-744.866,50.985,6.11,46.6,19.18,69.0,4.19,4.19,8.38
1875,2955.35,1.576,-184.154,51.096,-746.596,51.096,7.08,45.2,18.78,67.6,4.17,4.17,8.35
1876,2956.93,1.576,-183.819,51.196,-748.174,51.196,6.30,44.2,18.51,66.7,4.04,4.04,8.09
1877,2958.51,1.576,-183.578,51.288,-749.652,51.288,5.86,43.7,18.29,65.8,3.79,3.79,7.58
1878,2960.08,1.576,-183.409,51.376,-751.136,51.376,5.58,43.6,18.06,65.0,3.40,3.40,6.79
1879,2961.66,1.576,-183.308,51.462,-752.714,51.462,5.50,43.8,17.84,64.2,2.93,2.93,5.87
1880,2963.23,1.576,-183.286,51.541,-754.230,51.541,5.00,44.0,17.76,63.9,2.40,2.40,4.80
1881,2964.81,1.576,-183.346,51.622,-755.833,51.622,5.13,44.0,17.70,63.7,2.00,2.00,4.00
1882,2966.39,1.576,-183.481,51.693,-757.302,51.693,4.48,44.0,17.64,63.5,2.00,2.00,4.00
1883,2967.96,1.576,-183.741,51.781,-759.080,51.781,5.60,43.8,17.58,63.3,2.00,2.00,4.00
1884,2969.54,1.576,-184.068,51.864,-760.657,51.864,5.25,43.7,17.53,63.1,2.00,2.00,4.00
1885,2971.11,1.576,-184.449,51.941,-762.102,51.941,4.91,43.6,17.50,63.0,2.00,2.00,4.00
1886,2972.69,1.576,-184.930,52.022,-763.600,52.022,5.13,43.5,17.51,63.0,2.00,2.00,4.00
1887,2974.27,1.576,-185.475,52.097,-765.041,52.097,4.76,43.8,17.55,63.2,2.00,2.00,4.00
1888,2975.84,1.576,-186.079,52.170,-766.432,52.170,4.65,44.1,17.60,63.4,2.00,2.00,4.00
1889,2977.42,1.576,-186.764,52.246,-767.832,52.246,4.82,44.5,17.72,63.8,2.04,2.04,4.08
1890,2979.00,1.576,-187.494,52.321,-769.183,52.321,4.78,44.9,17.93,64.6,2.57,2.57,5.13
1891,2980.57,1.576,-188.343,52.405,-770.627,52.405,5.32,45.5,18.19,65.5,3.12,3.12,6.25
1892,2982.15,1.576,-189.224,52.489,-772.031,52.489,5.34,46.6,18.49,66.6,3.71,3.71,7.42
1893,2983.72,1.576,-190.126,52.575,-773.411,52.575,5.45,47.6,18.85,67.8,4.22,4.22,8.45
1894,2985.30,1.576,-190.961,52.656,-774.661,52.656,5.14,48.3,19.20,69.1,4.61,4.61,9.23
1895,2986.88,1.576,-191.796,52.739,-775.911,52.739,5.23,49.0,19.53,70.3,4.89,4.89,9.79
1896,2988.45,1.576,-192.622,52.823,-777.158,52.823,5.38,49.8,19.79,71.3,5.06,5.06,10.12
1897,2990.03,1.576,-193.520,52.925,-778.549,52.925,6.42,50.9,19.90,71.6,5.12,5.12,10.23
1898,2991.61,1.576,-194.321,53.020,-779.836,53.020,6.05,51.7,19.88,71.6,5.05,5.05,10.10
1899,2993.18,1.576,-195.159,53.129,-781.250,53.129,6.93,52.4,19.91,71.7,4.84,4.84,9.69
1900,2994.76,1.576,-195.876,53.226,-782.524,53.226,6.16,53.4,19.96,71.9,4.58,4.58,9.15
1901,2996.33,1.576,-196.593,53.331,-783.871,53.331,6.64,54.9,19.96,71.9,4.28,4.28,8.56
1902,2997.91,1.576,-197.354,53.449,-785.400,53.449,7.51,56.4,19.87,71.5,4.06,4.06,8.12
1903,2999.49,1.576,-198.031,53.561,-786.863,53.561,7.11,58.0,19.79,71.2,3.93,3.93,7.85
1904,3001.06,1.576,-198.615,53.660,-788.226,53.660,6.24,59.5,19.68,70.8,3.88,3.88,7.77
1905,3002.64,1.576,-199.171,53.758,-789.625,53.758,6.23,60.6,19.51,70.2,3.94,3.94,7.87
1906,3004.21,1.576,-199.702,53.863,-791.068,53.863,6.64,61.9,19.44,70.0,4.09,4.09,8.18
1907,3005.79,1.576,-200.236,53.987,-792.658,53.987,7.88,62.4,19.42,69.9,4.35,4.35,8.69
1908,3007.37,1.576,-200.728,54.110,-794.274,54.110,7.80,62.0,19.39,69.8,4.70,4.70,9.40
1909,3008.94,1.576,-201.124,54.201,-795.737,54.201,5.78,61.7,19.40,69.8,5.00,5.00,9.99
1910,3010.52,1.576,-201.470,54.266,-797.206,54.266,4.14,61.0,19.38,69.8,5.21,5.21,10.41
1911,3012.10,1.576,-201.771,54.313,-798.706,54.313,2.96,60.4,19.34,69.6,5.32,5.32,10.64
1912,3013.67,1.576,-202.032,54.365,-800.313,54.365,3.29,60.6,19.61,70.6,5.33,5.33,10.66
1913,3015.25,1.576,-202.220,54.437,-801.821,54.437,4.58,61.2,19.74,71.1,5.20,5.20,10.39
1914,3016.82,1.576,-202.369,54.556,-803.548,54.556,7.57,62.0,19.99,72.0,4.97,4.97,9.93
1915,3018.40,1.576,-202.436,54.667,-805.009,54.667,7.02,63.2,20.24,72.9,4.65,4.65,9.30
1916,3019.98,1.576,-202.457,54.778,-806.534,54.778,7.03,65.0,20.48,73.7,4.25,4.25,8.49
1917,3021.55,1.576,-202.421,54.889,-808.250,54.889,7.08,66.4,20.82,75.0,3.79,3.79,7.59
1918,3023.13,1.576,-202.341,54.985,-809.821,54.985,6.04,68.1,21.15,76.1,3.38,3.38,6.75
1919,3024.71,1.576,-202.223,55.078,-811.372,55.078,5.94,70.0,21.46,77.2,2.99,2.99,5.98
1920,3026.28,1.576,-202.077,55.167,-812.842,55.167,5.63,72.2,21.72,78.2,2.63,2.63,5.27
1921,3027.86,1.576,-201.894,55.259,-814.350,55.259,5.85,74.3,22.01,79.2,2.31,2.31,4.61
1922,3029.43,1.576,-201.632,55.371,-816.156,55.371,7.08,76.3,22.33,80.4,2.05,2.05,4.10
1923,3031.01,1.576,-201.406,55.457,-817.522,55.457,5.48,78.4,22.59,81.3,2.00,2.00,4.00
1924,3032.59,1.576,-201.144,55.547,-818.957,55.547,5.68,80.8,22.89,82.4,2.00,2.00,4.00
1925,3034.16,1.576,-200.777,55.661,-820.801,55.661,7.27,84.5,23.23,83.6,2.00,2.00,4.00
1926,3035.74,1.576,-200.475,55.747,-822.212,55.747,5.44,88.7,23.51,84.6,2.00,2.00,4.00
1927,3037.31,1.576,-200.137,55.839,-823.719,55.839,5.83,92.3,23.80,85.7,2.00,2.00,4.00
1928,3038.89,1.576,-199.735,55.942,-825.432,55.942,6.56,97.9,24.09,86.7,2.00,2.00,4.00
1929,3040.47,1.576,-199.397,56.027,-826.813,56.027,5.39,103.2,24.36,87.7,2.00,2.00,4.00
1930,3042.04,1.576,-199.058,56.107,-828.162,56.107,5.04,109.3,24.60,88.5,2.00,2.00,4.00
1931,3043.62,1.576,-198.575,56.217,-830.017,56.217,6.98,117.3,24.91,89.7,2.00,2.00,4.00
1932,3045.20,1.576,-198.227,56.292,-831.313,56.292,4.75,123.6,25.14,90.5,2.00,2.00,4.00
1933,3046.77,1.576,-197.755,56.392,-833.021,56.392,6.35,129.6,25.42,91.5,2.00,2.00,4.00
1934,3048.35,1.576,-197.326,56.479,-834.520,56.479,5.53,136.1,25.66,92.4,2.00,2.00,4.00
1935,3049.92,1.576,-196.931,56.557,-835.863,56.557,4.97,142.8,25.87,93.1,2.00,2.00,4.00
1936,3051.50,1.576,-196.399,56.654,-837.615,56.654,6.15,150.6,26.15,94.1,2.00,2.00,4.00
1937,3053.08,1.576,-195.995,56.725,-838.899,56.725,4.50,156.1,26.35,94.9,2.00,2.00,4.00
1938,3054.65,1.576,-195.468,56.812,-840.526,56.812,5.54,161.7,26.58,95.7,2.00,2.00,4.00
1939,3056.23,1.576,-194.958,56.894,-842.046,56.894,5.17,171.6,26.82,96.5,2.00,2.00,4.00
1940,3057.81,1.576,-194.524,56.962,-843.305,56.962,4.35,175.2,26.99,97.2,2.00,2.00,4.00
1941,3059.38,1.576,-193.885,57.059,-845.096,57.059,6.11,178.9,27.25,98.1,2.00,2.00,4.00
1942,3060.96,1.576,-193.433,57.126,-846.323,57.126,4.29,183.9,27.42,98.7,2.00,2.00,4.00
1943,3062.53,1.576,-192.891,57.203,-847.754,57.203,4.86,186.0,27.61,99.4,2.00,2.00,4.00
1944,3064.11,1.576,-192.243,57.292,-849.410,57.292,5.68,187.9,27.84,100.2,2.00,2.00,4.00
1945,3065.69,1.576,-191.683,57.367,-850.803,57.367,4.75,191.8,28.02,100.9,2.00,2.00,4.00
1946,3067.26,1.576,-191.034,57.451,-852.368,57.451,5.35,192.6,28.23,101.6,2.00,2.00,4.00
1947,3068.84,1.576,-190.507,57.519,-853.609,57.519,4.33,194.7,28.39,102.2,2.00,2.00,4.00
1948,3070.41,1.576,-189.774,57.611,-855.288,57.611,5.80,197.8,28.60,103.0,2.00,2.00,4.00
1949,3071.99,1.576,-189.224,57.679,-856.516,57.679,4.32,199.5,28.77,103.6,2.00,2.00,4.00
1950,3073.57,1.576,-188.459,57.770,-858.188,57.770,5.75,204.6,28.97,104.3,2.00,2.00,4.00
1951,3075.14,1.576,-187.877,57.839,-859.433,57.839,4.38,207.9,29.14,104.9,2.00,2.00,4.00
1952,3076.72,1.576,-187.116,57.925,-861.028,57.925,5.48,212.4,29.34,105.6,2.00,2.00,4.00
1953,3078.30,1.576,-186.506,57.994,-862.282,57.994,4.39,218.8,29.49,106.2,2.00,2.00,4.00
1954,3079.87,1.576,-185.754,58.076,-863.802,58.076,5.21,223.3,29.67,106.8,2.00,2.00,4.00
1955,3081.45,1.576,-185.054,58.151,-865.191,58.151,4.72,232.6,29.86,107.5,2.00,2.00,4.00
1956,3083.02,1.576,-184.374,58.222,-866.520,58.222,4.51,239.8,30.01,108.0,2.00,2.00,4.00
1957,3084.60,1.576,-183.620,58.298,-867.971,58.298,4.84,247.4,30.18,108.7,2.00,2.00,4.00
1958,3086.18,1.576,-182.927,58.367,-869.287,58.367,4.38,261.9,30.34,109.2,2.00,2.00,4.00
1959,3087.75,1.576,-182.129,58.444,-870.779,58.444,4.91,271.2,30.52,109.9,2.02,2.02,4.04
1960,3089.33,1.576,-181.444,58.510,-872.045,58.510,4.16,283.9,30.67,110.4,2.06,2.06,4.12
1961,3090.91,1.576,-180.616,58.587,-873.555,58.587,4.90,298.0,30.85,111.1,2.11,2.11,4.22
1962,3092.48,1.576,-179.954,58.649,-874.749,58.649,3.95,316.1,30.99,111.5,2.16,2.16,4.31
1963,3094.06,1.576,-179.046,58.732,-876.366,58.732,5.25,334.0,31.18,112.2,2.21,2.21,4.42
1964,3095.63,1.576,-178.402,58.791,-877.502,58.791,3.76,354.9,31.30,112.7,2.25,2.25,4.51
1965,3097.21,1.576,-177.506,58.871,-879.064,58.871,5.08,378.1,31.48,113.3,2.30,2.30,4.60
1966,3098.79,1.576,-176.824,58.933,-880.244,58.933,3.90,401.5,31.61,113.8,2.34,2.34,4.68
1967,3100.36,1.576,-175.911,59.012,-881.805,59.012,5.04,428.0,31.79,114.4,2.38,2.38,4.76
1968,3101.94,1.576,-175.242,59.071,-882.940,59.071,3.71,454.0,31.91,114.9,2.41,2.41,4.81
1969,3103.51,1.576,-174.329,59.148,-884.475,59.148,4.90,483.3,32.08,115.5,2.44,2.44,4.87
1970,3105.09,1.576,-173.608,59.210,-885.680,59.210,3.90,508.2,32.21,116.0,2.45,2.45,4.89
1971,3106.67,1.576,-172.694,59.285,-887.194,59.285,4.80,540.5,32.37,116.5,2.45,2.45,4.91
1972,3108.24,1.576,-171.959,59.347,-888.405,59.347,3.91,569.7,32.51,117.0,2.45,2.45,4.90
1973,3109.82,1.576,-171.084,59.419,-889.837,59.419,4.55,602.5,32.64,117.5,2.44,2.44,4.89
1974,3111.40,1.576,-170.325,59.481,-891.074,59.481,3.96,633.7,32.62,117.4,2.44,2.44,4.87
1975,3112.97,1.576,-169.451,59.551,-892.490,59.551,4.45,669.6,32.58,117.3,2.43,2.43,4.86
1976,3114.55,1.576,-168.638,59.616,-893.802,59.616,4.14,703.3,32.54,117.1,2.42,2.42,4.84
1977,3116.12,1.576,-167.773,59.685,-895.195,59.685,4.37,747.3,32.49,117.0,2.41,2.41,4.82
1978,3117.70,1.576,-166.947,59.751,-896.521,59.751,4.20,783.0,32.47,116.9,2.40,2.40,4.80
1979,3119.28,1.576,-166.131,59.818,-897.829,59.818,4.23,829.2,32.66,117.6,2.39,2.39,4.78
1980,3120.85,1.576,-165.248,59.891,-899.242,59.891,4.61,877.0,32.94,118.6,2.38,2.38,4.77
1981,3122.43,1.576,-164.466,59.956,-900.495,59.956,4.12,929.8,33.10,119.2,2.38,2.38,4.76
1982,3124.01,1.576,-163.536,60.033,-901.986,60.033,4.88,983.4,33.25,119.7,2.37,2.37,4.74
1983,3125.58,1.576,-162.806,60.093,-903.157,60.093,3.82,1043.3,33.37,120.1,2.36,2.36,4.73
1984,3127.16,1.576,-161.857,60.168,-904.682,60.168,4.79,1111.1,33.52,120.7,2.35,2.35,4.71
1985,3128.73,1.576,-161.154,60.224,-905.816,60.224,3.55,1172.3,33.63,121.1,2.34,2.34,4.69
1986,3130.31,1.576,-160.179,60.299,-907.390,60.299,4.74,1248.0,33.78,121.6,2.33,2.33,4.67
1987,3131.89,1.576,-159.548,60.348,-908.414,60.348,3.11,1316.2,33.89,122.0,2.32,2.32,4.65
1988,3133.46,1.576,-158.556,60.423,-910.026,60.423,4.73,1400.7,34.04,122.6,2.31,2.31,4.63
1989,3135.04,1.576,-157.892,60.475,-911.108,60.475,3.28,1472.2,34.15,122.9,2.31,2.31,4.61
1990,3136.61,1.576,-156.924,60.549,-912.692,60.549,4.70,1555.1,34.29,123.5,2.30,2.30,4.60
1991,3138.19,1.576,-156.243,60.602,-913.810,60.602,3.42,1623.9,34.41,123.9,2.29,2.29,4.59
1992,3139.77,1.576,-155.316,60.675,-915.337,60.675,4.60,1690.1,34.54,124.4,2.29,2.29,4.58
1993,3141.34,1.576,-154.544,60.736,-916.613,60.736,3.88,1746.6,34.66,124.8,2.29,2.29,4.58
1994,3142.92,1.576,-153.712,60.801,-917.994,60.801,4.11,1795.1,34.79,125.2,2.29,2.29,4.59
1995,3144.50,1.576,-152.842,60.868,-919.441,60.868,4.24,1810.4,34.93,125.7,2.30,2.30,4.60
1996,3146.07,1.576,-152.120,60.923,-920.645,60.923,3.51,1788.3,35.03,126.1,2.31,2.31,4.61
1997,3147.65,1.576,-151.145,60.996,-922.276,60.996,4.62,1781.9,35.19,126.7,2.32,2.32,4.64
1998,3149.22,1.576,-150.539,61.042,-923.292,61.042,2.93,1772.1,35.28,127.0,2.33,2.33,4.66
1999,3150.80,1.576,-149.571,61.114,-924.918,61.114,4.56,1764.6,35.43,127.5,2.35,2.35,4.70
2000,3152.38,1.576,-148.971,61.160,-925.928,61.160,2.91,1768.2,35.51,127.9,2.38,2.38,4.75
2001,3153.95,1.576,-148.023,61.230,-927.528,61.230,4.44,1744.0,35.66,128.4,2.40,2.40,4.81
2002,3155.53,1.576,-147.283,61.285,-928.780,61.285,3.53,1745.8,35.77,128.8,2.44,2.44,4.88
2003,3157.11,1.576,-146.421,61.349,-930.239,61.349,4.05,1687.0,35.90,129.2,2.48,2.48,4.95
2004,3158.68,1.576,-145.583,61.411,-931.660,61.411,3.90,1663.7,36.03,129.7,2.52,2.52,5.04
2005,3160.26,1.576,-144.880,61.462,-932.853,61.462,3.26,1592.9,36.12,130.0,2.57,2.57,5.14
2006,3161.83,1.576,-143.935,61.529,-934.459,61.529,4.28,1508.4,36.26,130.5,2.62,2.62,5.25
2007,3163.41,1.576,-143.345,61.572,-935.462,61.572,2.69,1465.1,36.35,130.9,2.68,2.68,5.36
2008,3164.99,1.576,-142.399,61.637,-937.072,61.637,4.15,1352.7,36.49,131.4,2.74,2.74,5.48
2009,3166.56,1.576,-141.717,61.685,-938.232,61.685,3.04,1302.2,36.59,131.7,2.80,2.80,5.60
2010,3168.14,1.576,-140.809,61.747,-939.777,61.747,3.94,1192.9,36.72,132.2,2.86,2.86,5.72
2011,3169.71,1.576,-140.041,61.800,-941.084,61.800,3.35,1127.6,36.84,132.6,2.92,2.92,5.84
2012,3171.29,1.576,-139.277,61.853,-942.383,61.853,3.34,1062.2,36.94,133.0,2.98,2.98,5.96
2013,3172.87,1.576,-138.332,61.916,-943.988,61.916,4.04,977.8,37.07,133.5,3.03,3.03,6.07
2014,3174.44,1.576,-137.747,61.956,-944.979,61.956,2.53,936.5,37.16,133.8,3.09,3.09,6.17
2015,3176.02,1.576,-136.797,62.019,-946.587,62.019,3.95,864.7,37.29,134.3,3.14,3.14,6.27
2016,3177.60,1.576,-136.102,62.064,-947.761,62.064,2.89,821.1,37.38,134.6,3.18,3.18,6.36
2017,3179.17,1.576,-135.198,62.121,-949.283,62.121,3.60,769.9,37.51,135.0,3.22,3.22,6.44
2018,3180.75,1.576,-134.386,62.171,-950.645,62.171,3.20,721.5,37.62,135.4,3.26,3.26,6.52
2019,3182.32,1.576,-133.655,62.216,-951.864,62.216,2.86,689.2,37.72,135.8,3.29,3.29,6.58
2020,3183.90,1.576,-132.693,62.274,-953.463,62.274,3.65,643.6,37.85,136.3,3.31,3.31,6.63
2021,3185.48,1.576,-132.103,62.309,-954.436,62.309,2.26,615.1,37.92,136.5,3.34,3.34,6.67
2022,3187.05,1.576,-131.132,62.366,-956.030,62.366,3.56,579.1,38.05,137.0,3.36,3.36,6.71
2023,3188.63,1.576,-130.352,62.411,-957.302,62.411,2.86,549.6,38.14,137.3,3.37,3.37,6.74
2024,3190.21,1.576,-129.518,62.458,-958.649,62.458,2.98,519.3,38.25,137.7,3.38,3.38,6.76
2025,3191.78,1.576,-128.587,62.509,-960.142,62.509,3.25,492.1,38.37,138.1,3.39,3.39,6.77
2026,3193.36,1.576,-127.946,62.545,-961.161,62.545,2.27,466.3,38.40,138.3,3.39,3.39,6.78
2027,3194.93,1.576,-126.927,62.599,-962.767,62.599,3.45,441.0,38.35,138.1,3.39,3.39,6.78
2028,3196.51,1.576,-126.245,62.636,-963.833,62.636,2.31,419.3,38.31,137.9,3.39,3.39,6.77
2029,3198.09,1.576,-125.323,62.683,-965.259,62.683,3.01,399.9,38.25,137.7,3.38,3.38,6.76
2030,3199.66,1.576,-124.400,62.730,-966.676,62.730,2.98,379.6,38.18,137.4,3.37,3.37,6.74
2031,3201.24,1.576,-123.705,62.765,-967.731,62.765,2.22,362.0,38.09,137.1,3.35,3.35,6.70
2032,3202.81,1.576,-122.691,62.814,-969.257,62.814,3.09,345.3,37.69,135.7,3.33,3.33,6.66
2033,3204.39,1.576,-122.050,62.845,-970.215,62.845,1.97,327.6,37.37,134.5,3.31,3.31,6.62
2034,3205.97,1.576,-121.006,62.892,-971.757,62.892,3.01,312.8,36.81,132.5,3.28,3.28,6.57
2035,3207.54,1.576,-120.168,62.929,-972.982,62.929,2.36,293.6,36.38,131.0,3.26,3.26,6.53
2036,3209.12,1.576,-119.301,62.967,-974.237,62.967,2.40,279.2,35.87,129.1,3.24,3.24,6.47
2037,3210.70,1.576,-118.279,63.011,-975.704,63.011,2.77,259.0,35.25,126.9,3.22,3.22,6.44
2038,3212.27,1.576,-117.552,63.042,-976.735,63.042,1.98,243.4,34.81,125.3,3.20,3.20,6.40
2039,3213.85,1.576,-116.483,63.087,-978.238,63.087,2.82,226.1,34.17,123.0,3.19,3.19,6.39
2040,3215.42,1.576,-115.760,63.117,-979.243,63.117,1.93,209.0,33.72,121.4,3.19,3.19,6.37
2041,3217.00,1.576,-114.639,63.161,-980.785,63.161,2.82,196.4,33.07,119.1,3.21,3.21,6.41
2042,3218.58,1.576,-113.922,63.190,-981.759,63.190,1.81,177.3,32.66,117.6,3.23,3.23,6.46
2043,3220.15,1.576,-112.824,63.231,-983.233,63.231,2.63,165.4,32.01,115.2,3.29,3.29,6.58
2044,3221.73,1.576,-112.022,63.262,-984.296,63.262,1.92,155.7,31.54,113.5,3.37,3.37,6.73
2045,3223.31,1.576,-110.904,63.303,-985.756,63.303,2.59,141.0,30.82,111.0,3.48,3.48,6.95
2046,3224.88,1.576,-110.141,63.331,-986.740,63.331,1.80,133.7,30.39,109.4,3.61,3.61,7.22
2047,3226.46,1.576,-108.945,63.373,-988.256,63.373,2.64,125.7,29.72,107.0,3.77,3.77,7.54
2048,3228.03,1.576,-108.159,63.399,-989.238,63.399,1.70,116.9,29.27,105.4,3.95,3.95,7.89
2049,3229.61,1.576,-106.965,63.436,-990.700,63.436,2.34,111.5,28.55,102.8,4.15,4.15,8.30
2050,3231.19,1.576,-106.128,63.460,-991.706,63.460,1.53,105.2,28.05,101.0,4.36,4.36,8.71
2051,3232.76,1.576,-104.982,63.491,-993.053,63.491,1.92,99.5,27.34,98.4,4.59,4.59,9.18
2052,3234.34,1.576,-104.027,63.515,-994.144,63.515,1.52,95.2,26.77,96.4,4.80,4.80,9.60
2053,3235.91,1.576,-102.993,63.540,-995.296,63.540,1.58,90.6,26.13,94.1,4.96,4.96,9.93
2054,3237.49,1.576,-101.832,63.567,-996.544,63.567,1.76,86.0,25.57,92.0,5.07,5.07,10.15
2055,3239.07,1.576,-100.837,63.591,-997.576,63.591,1.50,83.0,25.24,90.9,5.13,5.13,10.27
2056,3240.64,1.576,-99.588,63.621,-998.819,63.621,1.88,79.2,24.95,89.8,5.15,5.15,10.29
2057,3242.22,1.576,-98.487,63.647,-999.862,63.647,1.68,75.7,24.77,89.2,5.11,5.11,10.22
2058,3243.80,1.576,-97.443,63.672,-1000.811,63.672,1.59,73.5,24.65,88.8,5.03,5.03,10.06
2059,3245.37,1.576,-96.006,63.705,-1002.043,63.705,2.11,70.6,24.49,88.2,4.91,4.91,9.81
2060,3246.95,1.576,-94.902,63.730,-1002.935,63.730,1.57,68.0,24.37,87.7,4.74,4.74,9.49
2061,3248.52,1.576,-93.751,63.756,-1003.821,63.756,1.61,66.1,24.26,87.3,4.56,4.56,9.11
2062,3250.10,1.576,-92.278,63.788,-1004.886,63.788,2.04,63.9,24.18,87.0,4.38,4.38,8.77
2063,3251.68,1.576,-91.136,63.814,-1005.661,63.814,1.65,61.9,24.17,87.0,4.23,4.23,8.46
2064,3253.25,1.576,-89.797,63.844,-1006.521,63.844,1.91,60.6,24.15,86.9,4.09,4.09,8.18
2065,3254.83,1.576,-88.345,63.875,-1007.390,63.875,1.96,58.8,24.08,86.7,3.97,3.97,7.95
2066,3256.40,1.576,-87.101,63.899,-1008.087,63.899,1.57,57.4,24.00,86.4,3.87,3.87,7.74
2067,3257.98,1.576,-85.682,63.925,-1008.831,63.925,1.63,56.4,23.90,86.0,3.79,3.79,7.58
2068,3259.56,1.576,-84.196,63.950,-1009.552,63.950,1.61,55.3,23.80,85.7,3.73,3.73,7.46
2069,3261.13,1.576,-82.883,63.972,-1010.142,63.972,1.36,54.3,23.72,85.4,3.69,3.69,7.37
2070,3262.71,1.576,-81.380,63.995,-1010.765,63.995,1.46,53.9,23.67,85.2,3.66,3.66,7.32
2071,3264.29,1.576,-79.781,64.018,-1011.368,64.018,1.45,53.0,23.66,85.2,3.64,3.64,7.29
2072,3265.86,1.576,-78.491,64.036,-1011.810,64.036,1.14,52.5,23.68,85.2,3.64,3.64,7.28
2073,3267.44,1.576,-76.879,64.058,-1012.309,64.058,1.42,52.7,23.71,85.4,3.64,3.64,7.28
2074,3269.01,1.576,-75.289,64.081,-1012.745,64.081,1.46,52.0,23.74,85.5,3.64,3.64,7.29
2075,3270.59,1.576,-73.893,64.102,-1013.082,64.102,1.34,51.8,23.78,85.6,3.65,3.65,7.30
2076,3272.17,1.576,-72.303,64.125,-1013.417,64.125,1.47,52.3,23.82,85.7,3.66,3.66,7.31
2077,3273.74,1.576,-70.706,64.147,-1013.700,64.147,1.38,51.5,23.85,85.9,3.65,3.65,7.30
2078,3275.32,1.576,-69.290,64.165,-1013.908,64.165,1.15,51.5,23.88,86.0,3.64,3.64,7.28
2079,3276.90,1.576,-67.646,64.186,-1014.100,64.186,1.32,51.9,23.91,86.1,3.62,3.62,7.24
2080,3278.47,1.576,-65.989,64.208,-1014.238,64.208,1.41,51.3,23.93,86.2,3.59,3.59,7.18
2081,3280.05,1.576,-64.634,64.227,-1014.310,64.227,1.22,51.4,23.96,86.3,3.55,3.55,7.09
2082,3281.62,1.576,-62.893,64.253,-1014.353,64.253,1.61,51.7,23.99,86.4,3.49,3.49,6.99
2083,3283.20,1.576,-61.309,64.276,-1014.338,64.276,1.49,51.1,23.99,86.4,3.43,3.43,6.85
2084,3284.78,1.576,-59.907,64.298,-1014.286,64.298,1.35,51.2,24.00,86.4,3.34,3.34,6.68
2085,3286.35,1.576,-58.173,64.324,-1014.169,64.324,1.65,51.6,24.02,86.5,3.24,3.24,6.48
2086,3287.93,1.576,-56.645,64.347,-1014.015,64.347,1.47,51.0,24.03,86.5,3.12,3.12,6.25
2087,3289.50,1.576,-55.227,64.369,-1013.834,64.369,1.37,51.2,24.00,86.4,2.99,2.99,5.97
2088,3291.08,1.576,-53.500,64.395,-1013.561,64.395,1.69,51.5,23.89,86.0,2.84,2.84,5.68
2089,3292.66,1.576,-52.030,64.418,-1013.279,64.418,1.46,50.9,23.79,85.6,2.68,2.68,5.35
2090,3294.23,1.576,-50.627,64.440,-1012.971,64.440,1.37,51.1,23.71,85.4,2.49,2.49,4.98
2091,3295.81,1.576,-48.858,64.465,-1012.524,64.465,1.61,51.3,23.61,85.0,2.31,2.31,4.62
2092,3297.39,1.576,-47.456,64.484,-1012.121,64.484,1.18,50.8,23.56,84.8,2.13,2.13,4.26
2093,3298.96,1.576,-46.074,64.501,-1011.684,64.501,1.09,51.2,23.56,84.8,2.00,2.00,4.00
2094,3300.54,1.576,-44.375,64.521,-1011.086,64.521,1.26,51.3,23.59,84.9,2.00,2.00,4.00
2095,3302.11,1.576,-42.968,64.538,-1010.539,64.538,1.07,50.9,23.60,85.0,2.00,2.00,4.00
2096,3303.69,1.576,-41.643,64.555,-1009.983,64.555,1.08,51.5,23.60,85.0,2.00,2.00,4.00
2097,3305.27,1.576,-40.052,64.577,-1009.257,64.577,1.40,51.7,23.60,85.0,2.00,2.00,4.00
2098,3306.84,1.576,-38.708,64.596,-1008.589,64.596,1.25,51.3,23.61,85.0,2.00,2.00,4.00
2099,3308.42,1.576,-37.436,64.615,-1007.915,64.615,1.15,52.1,23.61,85.0,2.00,2.00,4.00
2100,3310.00,1.576,-35.911,64.635,-1007.043,64.635,1.27,52.1,23.61,85.0,2.00,2.00,4.00
2101,3311.57,1.576,-34.607,64.652,-1006.238,64.652,1.09,52.1,23.59,84.9,2.00,2.00,4.00
2102,3313.15,1.576,-33.436,64.669,-1005.473,64.669,1.06,52.9,23.58,84.9,2.00,2.00,4.00
2103,3314.72,1.576,-31.958,64.692,-1004.435,64.692,1.49,52.8,23.57,84.9,2.00,2.00,4.00
2104,3316.30,1.576,-30.742,64.714,-1003.519,64.714,1.40,53.0,23.57,84.9,2.00,2.00,4.00
2105,3317.88,1.576,-29.625,64.735,-1002.628,64.735,1.35,54.0,23.58,84.9,2.00,2.00,4.00
2106,3319.45,1.576,-28.239,64.763,-1001.442,64.763,1.78,54.0,23.60,85.0,2.00,2.00,4.00
2107,3321.03,1.576,-27.220,64.785,-1000.512,64.785,1.40,54.4,23.64,85.1,2.00,2.00,4.00
2108,3322.60,1.576,-26.076,64.812,-999.409,64.812,1.71,55.5,23.70,85.3,2.00,2.00,4.00
2109,3324.18,1.576,-24.858,64.843,-998.154,64.843,1.94,55.9,23.81,85.7,2.00,2.00,4.00
2110,3325.76,1.576,-23.918,64.868,-997.125,64.868,1.56,56.6,23.90,86.0,2.00,2.00,4.00
2111,3327.33,1.576,-22.889,64.894,-995.938,64.894,1.66,57.6,23.99,86.4,2.00,2.00,4.00
2112,3328.91,1.576,-21.776,64.921,-994.571,64.921,1.71,58.5,24.10,86.7,2.01,2.01,4.02
2113,3330.49,1.576,-20.943,64.940,-993.487,64.940,1.24,59.4,24.19,87.1,2.23,2.23,4.47
2114,3332.06,1.576,-19.992,64.961,-992.184,64.961,1.35,60.9,24.30,87.5,2.48,2.48,4.96
2115,3333.64,1.576,-19.026,64.981,-990.776,64.981,1.26,62.3,24.40,87.9,2.75,2.75,5.50
2116,3335.21,1.576,-18.292,64.995,-989.646,64.995,0.86,63.3,24.49,88.2,3.04,3.04,6.09
2117,3336.79,1.576,-17.372,65.009,-988.148,65.009,0.93,65.6,24.61,88.6,3.35,3.35,6.71
2118,3338.37,1.576,-16.583,65.020,-986.781,65.020,0.67,67.1,24.72,89.0,3.68,3.68,7.37
2119,3339.94,1.576,-15.921,65.028,-985.574,65.028,0.51,68.7,24.83,89.4,4.03,4.03,8.06
2120,3341.52,1.576,-15.071,65.038,-983.925,65.038,0.62,71.6,25.03,90.1,4.39,4.39,8.78
2121,3343.10,1.576,-14.436,65.045,-982.614,65.045,0.49,73.6,25.25,90.9,4.77,4.77,9.54
2122,3344.67,1.576,-13.819,65.053,-981.274,65.053,0.51,75.9,25.46,91.7,5.17,5.17,10.33
2123,3346.25,1.576,-13.115,65.063,-979.645,65.063,0.63,79.2,25.72,92.6,5.50,5.50,11.00
2124,3347.82,1.576,-12.580,65.072,-978.333,65.072,0.53,81.4,25.93,93.3,5.70,5.70,11.40
2125,3349.40,1.576,-11.973,65.082,-976.760,65.082,0.66,84.2,26.18,94.2,5.84,5.84,11.69
2126,3350.98,1.576,-11.441,65.092,-975.295,65.092,0.64,88.1,26.40,95.0,5.86,5.86,11.71
2127,3352.55,1.576,-10.977,65.102,-973.954,65.102,0.63,90.3,26.61,95.8,5.77,5.77,11.54
2128,3354.13,1.576,-10.401,65.116,-972.183,65.116,0.87,93.6,26.87,96.7,5.59,5.59,11.19
2129,3355.70,1.576,-10.000,65.127,-970.884,65.127,0.72,97.6,27.08,97.5,5.32,5.32,10.64
2130,3357.28,1.576,-9.509,65.143,-969.211,65.143,0.99,100.2,27.33,98.4,4.95,4.95,9.90
2131,3358.86,1.576,-9.113,65.157,-967.784,65.157,0.89,104.3,27.53,99.1,4.49,4.49,8.97
2132,3360.43,1.576,-8.717,65.171,-966.295,65.171,0.94,108.4,27.75,99.9,4.01,4.01,8.01
2133,3362.01,1.576,-8.302,65.187,-964.650,65.187,1.01,111.4,27.99,100.7,3.60,3.60,7.19
2134,3363.59,1.576,-7.998,65.199,-963.392,65.199,0.77,117.1,28.16,101.4,3.16,3.16,6.33
2135,3365.16,1.576,-7.566,65.217,-961.509,65.217,1.12,121.0,28.42,102.3,2.80,2.80,5.61
2136,3366.74,1.576,-7.290,65.229,-960.249,65.229,0.77,124.8,28.58,102.9,2.47,2.47,4.95
2137,3368.31,1.576,-6.900,65.247,-958.380,65.247,1.11,131.6,28.83,103.8,2.18,2.18,4.36
2138,3369.89,1.576,-6.646,65.259,-957.095,65.259,0.76,135.8,28.99,104.4,2.00,2.00,4.00
2139,3371.47,1.576,-6.327,65.274,-955.411,65.274,0.95,141.1,29.21,105.1,2.00,2.00,4.00
2140,3373.04,1.576,-6.064,65.286,-953.936,65.286,0.77,147.3,29.38,105.8,2.00,2.00,4.00
2141,3374.62,1.576,-5.797,65.298,-952.364,65.298,0.75,151.9,29.58,106.5,2.00,2.00,4.00
2142,3376.20,1.576,-5.544,65.308,-950.769,65.308,0.67,159.6,29.77,107.2,2.00,2.00,4.00
2143,3377.77,1.576,-5.323,65.317,-949.297,65.317,0.53,165.0,29.94,107.8,2.00,2.00,4.00
2144,3379.35,1.576,-5.092,65.324,-947.638,65.324,0.44,170.7,30.14,108.5,2.00,2.00,4.00
2145,3380.92,1.576,-4.912,65.328,-946.263,65.328,0.25,177.8,30.29,109.0,2.00,2.00,4.00
2146,3382.50,1.576,-4.691,65.330,-944.422,65.330,0.15,183.1,30.49,109.8,2.00,2.00,4.00
2147,3384.08,1.576,-4.551,65.331,-943.156,65.331,0.04,191.1,30.63,110.3,2.00,2.00,4.00
2148,3385.65,1.576,-4.368,65.331,-941.333,65.331,0.04,196.3,30.84,111.0,2.00,2.00,4.00
2149,3387.23,1.576,-4.244,65.332,-939.988,65.332,0.06,204.7,30.99,111.5,2.00,2.00,4.00
2150,3388.80,1.576,-4.092,65.334,-938.149,65.334,0.11,211.2,31.18,112.2,2.00,2.00,4.00
2151,3390.38,1.576,-3.999,65.335,-936.898,65.335,0.05,218.6,31.30,112.7,2.00,2.00,4.00
2152,3391.96,1.576,-3.873,65.334,-934.964,65.334,-0.06,226.4,31.49,113.4,2.00,2.00,4.00
2153,3393.53,1.576,-3.801,65.331,-933.726,65.331,-0.15,234.3,31.58,113.7,2.00,2.00,4.00
2154,3395.11,1.576,-3.708,65.326,-931.865,65.326,-0.37,244.9,31.80,114.5,2.00,2.00,4.00
2155,3396.69,1.576,-3.651,65.320,-930.543,65.320,-0.33,254.0,31.92,114.9,2.00,2.00,4.00
2156,3398.26,1.576,-3.584,65.313,-928.694,65.313,-0.49,266.0,32.10,115.6,2.00,2.00,4.00
2157,3399.84,1.576,-3.546,65.307,-927.464,65.307,-0.36,277.4,32.21,116.0,2.00,2.00,4.00
2158,3401.41,1.576,-3.498,65.297,-925.504,65.297,-0.63,292.1,32.39,116.6,2.02,2.02,4.04
2159,3402.99,1.576,-3.474,65.290,-924.259,65.290,-0.48,306.4,32.50,117.0,2.12,2.12,4.24
2160,3404.57,1.576,-3.447,65.277,-922.423,65.277,-0.81,325.2,32.66,117.6,2.22,2.22,4.44
2161,3406.14,1.576,-3.432,65.267,-921.094,65.267,-0.65,341.9,32.82,118.1,2.32,2.32,4.64
2162,3407.72,1.576,-3.420,65.252,-919.292,65.252,-0.93,363.4,32.97,118.7,2.42,2.42,4.84
2163,3409.30,1.576,-3.416,65.240,-917.884,65.240,-0.75,387.2,33.11,119.2,2.52,2.52,5.04
2164,3410.87,1.576,-3.416,65.226,-916.186,65.226,-0.87,412.3,33.26,119.7,2.63,2.63,5.25
2165,3412.45,1.576,-3.420,65.214,-914.654,65.214,-0.79,438.2,33.38,120.2,2.73,2.73,5.46
2166,3414.02,1.576,-3.429,65.201,-913.028,65.201,-0.83,470.8,33.36,120.1,2.84,2.84,5.67
2167,3415.60,1.576,-3.441,65.188,-911.445,65.188,-0.81,502.4,33.46,120.5,2.94,2.94,5.89
2168,3417.18,1.576,-3.455,65.176,-909.974,65.176,-0.77,538.9,33.51,120.6,3.05,3.05,6.10
2169,3418.75,1.576,-3.475,65.162,-908.242,65.162,-0.91,580.0,33.55,120.8,3.15,3.15,6.31
2170,3420.33,1.576,-3.494,65.149,-906.813,65.149,-0.79,622.0,33.58,120.9,3.26,3.26,6.51
2171,3421.90,1.576,-3.521,65.133,-905.000,65.133,-1.02,666.4,33.61,121.0,3.35,3.35,6.71
2172,3423.48,1.576,-3.541,65.121,-903.771,65.121,-0.74,717.9,33.59,120.9,3.45,3.45,6.89
2173,3425.06,1.576,-3.575,65.103,-901.830,65.103,-1.18,769.2,33.55,120.8,3.53,3.53,7.06
2174,3426.63,1.576,-3.598,65.090,-900.597,65.090,-0.82,819.1,33.53,120.7,3.60,3.60,7.21
2175,3428.21,1.576,-3.635,65.070,-898.735,65.070,-1.23,885.8,33.49,120.5,3.66,3.66,7.32
2176,3429.79,1.576,-3.662,65.058,-897.501,65.058,-0.82,945.0,33.46,120.5,3.71,3.71,7.41
2177,3431.36,1.576,-3.704,65.039,-895.650,65.039,-1.14,1016.8,33.62,121.0,3.74,3.74,7.47
2178,3432.94,1.576,-3.737,65.027,-894.287,65.027,-0.80,1080.4,33.82,121.8,3.75,3.75,7.50
2179,3434.51,1.576,-3.784,65.012,-892.464,65.012,-0.95,1160.6,34.07,122.6,3.75,3.75,7.50
2180,3436.09,1.576,-3.824,65.000,-891.015,65.000,-0.74,1233.4,34.20,123.1,3.74,3.74,7.47
2181,3437.67,1.576,-3.870,64.987,-889.402,64.987,-0.82,1318.5,34.34,123.6,3.71,3.71,7.41
2182,3439.24,1.576,-3.918,64.974,-887.802,64.974,-0.85,1399.0,34.48,124.1,3.67,3.67,7.33
2183,3440.82,1.576,-3.967,64.960,-886.254,64.960,-0.86,1490.3,34.64,124.7,3.61,3.61,7.22
2184,3442.40,1.576,-4.025,64.944,-884.506,64.944,-1.01,1566.1,34.80,125.3,3.55,3.55,7.10
2185,3443.97,1.576,-4.069,64.932,-883.201,64.932,-0.80,1639.8,34.92,125.7,3.48,3.48,6.95
2186,3445.55,1.576,-4.139,64.913,-881.248,64.913,-1.17,1706.5,35.10,126.4,3.39,3.39,6.79
2187,3447.12,1.576,-4.180,64.903,-880.116,64.903,-0.69,1782.1,35.21,126.8,3.30,3.30,6.61
2188,3448.70,1.576,-4.253,64.884,-878.192,64.884,-1.15,1839.7,35.38,127.4,3.21,3.21,6.41
2189,3450.28,1.576,-4.300,64.873,-876.971,64.873,-0.73,1904.1,35.49,127.8,3.10,3.10,6.20
2190,3451.85,1.576,-4.372,64.857,-875.153,64.857,-1.02,1964.3,35.65,128.4,2.99,2.99,5.99
2191,3453.43,1.576,-4.434,64.844,-873.620,64.844,-0.84,2000.0,35.79,128.8,2.88,2.88,5.76
2192,3455.00,1.576,-4.501,64.830,-872.002,64.830,-0.87,2000.0,35.93,129.4,2.77,2.77,5.54
2193,3456.58,1.576,-4.571,64.816,-870.295,64.816,-0.89,2000.0,36.08,129.9,2.66,2.66,5.32
2194,3458.16,1.576,-4.627,64.805,-868.957,64.805,-0.70,2000.0,36.19,130.3,2.56,2.56,5.12
2195,3459.73,1.576,-4.706,64.789,-867.095,64.789,-0.99,2000.0,36.36,130.9,2.47,2.47,4.94
2196,3461.31,1.576,-4.757,64.779,-865.900,64.779,-0.66,2000.0,36.46,131.2,2.39,2.39,4.77
2197,3462.89,1.576,-4.834,64.764,-864.073,64.764,-0.96,2000.0,36.61,131.8,2.31,2.31,4.63
2198,3464.46,1.576,-4.885,64.754,-862.876,64.754,-0.64,2000.0,36.71,132.2,2.25,2.25,4.51
2199,3466.04,1.576,-4.967,64.738,-860.934,64.738,-1.01,2000.0,36.87,132.7,2.20,2.20,4.40
2200,3467.61,1.576,-5.036,64.725,-859.293,64.725,-0.81,2000.0,37.01,133.2,2.16,2.16,4.32
2201,3469.19,1.576,-5.094,64.715,-857.918,64.715,-0.63,2000.0,37.12,133.6,2.12,2.12,4.25
2202,3470.77,1.576,-5.171,64.702,-856.055,64.702,-0.81,2000.0,37.28,134.2,2.09,2.09,4.19
2203,3472.34,1.576,-5.220,64.695,-854.882,64.695,-0.49,2000.0,37.37,134.5,2.07,2.07,4.13
2204,3473.92,1.576,-5.295,64.684,-853.045,64.684,-0.68,2000.0,37.51,135.1,2.04,2.04,4.07
2205,3475.50,1.576,-5.353,64.676,-851.587,64.676,-0.53,2000.0,37.63,135.5,2.01,2.01,4.01
2206,3477.07,1.576,-5.418,64.667,-849.952,64.667,-0.57,2000.0,37.76,135.9,2.00,2.00,4.00
2207,3478.65,1.576,-5.488,64.657,-848.194,64.657,-0.60,2000.0,37.90,136.4,2.00,2.00,4.00
2208,3480.22,1.576,-5.536,64.650,-846.953,64.650,-0.45,2000.0,37.99,136.8,2.00,2.00,4.00
2209,3481.80,1.576,-5.608,64.639,-845.060,64.639,-0.73,2000.0,38.14,137.3,2.00,2.00,4.00
2210,3483.38,1.576,-5.653,64.630,-843.854,64.630,-0.53,2000.0,38.23,137.6,2.00,2.00,4.00
2211,3484.95,1.576,-5.721,64.617,-842.025,64.617,-0.86,2000.0,38.37,138.1,2.00,2.00,4.00
2212,3486.53,1.576,-5.779,64.604,-840.419,64.604,-0.82,2000.0,38.50,138.6,2.00,2.00,4.00
2213,3488.10,1.576,-5.828,64.592,-839.051,64.592,-0.76,2000.0,38.59,138.9,2.00,2.00,4.00
2214,3489.68,1.576,-5.895,64.575,-837.113,64.575,-1.08,2000.0,38.74,139.5,2.00,2.00,4.00
2215,3491.26,1.576,-5.931,64.566,-836.068,64.566,-0.60,2000.0,38.83,139.8,2.00,2.00,4.00
2216,3492.83,1.576,-5.996,64.549,-834.143,64.549,-1.05,2000.0,38.97,140.3,2.00,2.00,4.00
2217,3494.41,1.576,-6.046,64.536,-832.612,64.536,-0.81,2000.0,39.07,140.7,2.00,2.00,4.00
2218,3495.99,1.576,-6.095,64.524,-831.086,64.524,-0.76,2000.0,39.19,141.1,2.00,2.00,4.00
2219,3497.56,1.576,-6.153,64.511,-829.245,64.511,-0.87,2000.0,39.32,141.6,2.00,2.00,4.00
2220,3499.14,1.576,-6.189,64.502,-828.100,64.502,-0.55,2000.0,39.40,141.8,2.00,2.00,4.00
2221,3500.71,1.576,-6.245,64.489,-826.228,64.489,-0.84,2000.0,39.54,142.3,2.00,2.00,4.00
2222,3502.29,1.576,-6.292,64.478,-824.660,64.478,-0.68,2000.0,39.65,142.7,2.00,2.00,4.00
2223,3503.87,1.576,-6.334,64.468,-823.221,64.468,-0.62,2000.0,39.74,143.1,2.00,2.00,4.00
2224,3505.44,1.576,-6.387,64.456,-821.347,64.456,-0.79,2000.0,39.87,143.5,2.00,2.00,4.00
2225,3507.02,1.576,-6.418,64.448,-820.236,64.448,-0.48,2000.0,39.96,143.8,2.00,2.00,4.00
2226,3508.60,1.576,-6.469,64.436,-818.368,64.436,-0.76,2000.0,40.08,144.3,2.00,2.00,4.00
2227,3510.17,1.576,-6.512,64.425,-816.761,64.425,-0.68,2000.0,40.19,144.7,2.00,2.00,4.00
2228,3511.75,1.576,-6.548,64.416,-815.374,64.416,-0.57,2000.0,40.28,145.0,2.00,2.00,4.00
2229,3513.32,1.576,-6.592,64.406,-813.681,64.406,-0.68,2000.0,40.40,145.4,2.00,2.00,4.00
2230,3514.90,1.576,-6.624,64.397,-812.424,64.397,-0.52,2000.0,40.49,145.8,2.00,2.00,4.00
2231,3516.48,1.576,-6.671,64.385,-810.523,64.385,-0.77,2000.0,40.61,146.2,2.00,2.00,4.00
2232,3518.05,1.576,-6.713,64.375,-808.823,64.375,-0.68,2000.0,40.72,146.6,2.00,2.00,4.00
2233,3519.63,1.576,-6.746,64.366,-807.450,64.366,-0.54,2000.0,40.82,146.9,2.00,2.00,4.00
2234,3521.20,1.576,-6.788,64.355,-805.683,64.355,-0.70,2000.0,40.93,147.3,2.00,2.00,4.00
2235,3522.78,1.576,-6.820,64.346,-804.310,64.346,-0.57,2000.0,41.01,147.6,2.00,2.00,4.00
2236,3524.36,1.576,-6.859,64.335,-802.618,64.335,-0.70,2000.0,41.13,148.1,2.00,2.00,4.00
2237,3525.93,1.576,-6.901,64.323,-800.773,64.323,-0.77,2000.0,41.24,148.5,2.00,2.00,4.00
2238,3527.51,1.576,-6.923,64.316,-799.749,64.316,-0.46,2000.0,41.31,148.7,2.00,2.00,4.00
2239,3529.09,1.576,-6.966,64.302,-797.823,64.302,-0.85,2000.0,41.43,149.2,2.00,2.00,4.00
2240,3530.66,1.576,-6.998,64.292,-796.338,64.292,-0.68,2000.0,41.52,149.5,2.00,2.00,4.00
2241,3532.24,1.576,-7.031,64.280,-794.819,64.280,-0.70,2000.0,41.62,149.8,2.00,2.00,4.00
2242,3533.81,1.576,-7.069,64.267,-793.016,64.267,-0.83,2000.0,41.73,150.2,2.00,2.00,4.00
2243,3535.39,1.576,-7.095,64.258,-791.798,64.258,-0.58,2000.0,41.80,150.5,2.00,2.00,4.00
2244,3536.97,1.576,-7.133,64.245,-789.985,64.245,-0.84,2000.0,41.92,150.9,2.00,2.00,4.00
2245,3538.54,1.576,-7.169,64.232,-788.238,64.232,-0.79,2000.0,42.02,151.3,2.00,2.00,4.00
2246,3540.12,1.576,-7.192,64.224,-787.104,64.224,-0.50,2000.0,42.09,151.5,2.00,2.00,4.00
2247,3541.70,1.576,-7.232,64.212,-785.181,64.212,-0.79,2000.0,42.20,151.9,2.00,2.00,4.00
2248,3543.27,1.576,-7.261,64.203,-783.745,64.203,-0.56,2000.0,42.29,152.2,2.00,2.00,4.00
2249,3544.85,1.576,-7.291,64.195,-782.203,64.195,-0.54,2000.0,42.38,152.6,2.00,2.00,4.00
2250,3546.42,1.576,-7.329,64.185,-780.321,64.185,-0.61,2000.0,42.49,153.0,2.00,2.00,4.00
2251,3548.00,1.576,-7.352,64.180,-779.172,64.180,-0.36,2000.0,42.55,153.2,2.00,2.00,4.00
2252,3549.58,1.576,-7.387,64.172,-777.374,64.172,-0.51,2000.0,42.66,153.6,2.00,2.00,4.00
2253,3551.15,1.576,-7.422,64.164,-775.579,64.164,-0.49,2000.0,42.76,153.9,2.00,2.00,4.00
2254,3552.73,1.576,-7.442,64.159,-774.540,64.159,-0.30,2000.0,42.81,154.1,2.00,2.00,4.00
2255,3554.30,1.576,-7.477,64.150,-772.724,64.150,-0.55,2000.0,42.92,154.5,2.00,2.00,4.00
2256,3555.88,1.576,-7.504,64.143,-771.351,64.143,-0.48,2000.0,43.01,154.8,2.00,2.00,4.00
2257,3557.46,1.576,-7.527,64.135,-770.159,64.135,-0.48,2000.0,43.09,155.1,2.00,2.00,4.00
2258,3559.03,1.576,-7.555,64.125,-768.720,64.125,-0.64,2000.0,43.19,155.5,2.00,2.00,4.00
2259,3560.61,1.576,-7.571,64.118,-767.834,64.118,-0.44,2000.0,43.26,155.7,2.00,2.00,4.00
2260,3562.19,1.576,-7.591,64.110,-766.800,64.110,-0.51,2000.0,43.36,156.1,2.00,2.00,4.00
2261,3563.76,1.576,-7.613,64.102,-765.675,64.102,-0.50,2000.0,43.46,156.4,2.00,2.00,4.00
2262,3565.34,1.576,-7.624,64.099,-765.105,64.099,-0.22,2000.0,43.51,156.7,2.00,2.00,4.00
