index,distance_m,segment_length_m,x,y,z,elevation_m,gradient_pct,radius_m,speed_ms,speed_kmh,width_left_m,width_right_m,width_total_m
0,0.00,1.538,-4.974,63.960,-763.293,63.960,0.00,1316.7,50.85,183.1,2.75,29.27,32.02
1,1.53,1.534,-5.025,63.951,-761.760,63.951,-0.59,1259.2,50.91,183.3,2.78,29.13,31.92
2,3.06,1.522,-5.074,63.942,-760.239,63.942,-0.59,1201.6,50.97,183.5,2.82,28.99,31.81
3,4.56,1.505,-5.119,63.933,-758.735,63.933,-0.59,1144.0,51.03,183.7,2.85,28.85,31.70
4,6.05,1.486,-5.156,63.924,-757.250,63.924,-0.59,1086.4,51.09,183.9,2.89,28.70,31.59
5,7.52,1.469,-5.185,63.915,-755.781,63.915,-0.59,1028.8,51.15,184.1,2.92,28.56,31.49
6,8.97,1.457,-5.206,63.907,-754.324,63.907,-0.58,971.2,51.21,184.3,2.96,28.42,31.38
7,10.42,1.451,-5.218,63.899,-752.873,63.899,-0.58,913.7,51.26,184.6,2.99,28.28,31.27
8,11.87,1.450,-5.221,63.890,-751.423,63.890,-0.57,856.1,51.32,184.8,3.03,28.13,31.16
9,13.33,1.454,-5.218,63.882,-749.970,63.882,-0.57,798.5,51.38,185.0,3.06,27.99,31.06
10,14.79,1.460,-5.208,63.874,-748.510,63.874,-0.56,740.9,51.44,185.2,3.10,27.85,30.95
11,16.25,1.467,-5.193,63.866,-747.043,63.866,-0.55,1068.0,51.57,185.7,3.05,27.85,30.90
12,17.73,1.473,-5.174,63.858,-745.570,63.858,-0.54,1474.9,51.68,186.0,3.05,27.90,30.95
13,19.21,1.480,-5.153,63.850,-744.091,63.850,-0.53,1892.7,51.84,186.6,3.05,27.90,30.95
14,20.69,1.485,-5.129,63.842,-742.606,63.842,-0.53,2000.0,51.97,187.1,3.00,27.90,30.90
15,22.18,1.490,-5.103,63.834,-741.116,63.834,-0.52,2000.0,52.09,187.5,3.00,27.95,30.95
16,23.68,1.494,-5.076,63.827,-739.623,63.827,-0.51,2000.0,52.26,188.1,2.95,27.95,30.90
17,25.17,1.498,-5.048,63.819,-738.125,63.819,-0.50,2000.0,52.36,188.5,2.95,28.25,31.20
18,26.67,1.501,-5.019,63.812,-736.624,63.812,-0.50,2000.0,52.42,188.7,2.95,28.30,31.25
19,28.18,1.505,-4.989,63.804,-735.119,63.804,-0.51,2000.0,52.61,189.4,2.90,28.30,31.20
20,29.69,1.508,-4.958,63.796,-733.611,63.796,-0.51,2000.0,52.74,189.9,2.90,28.30,31.20
21,31.20,1.512,-4.927,63.788,-732.099,63.788,-0.52,2000.0,52.89,190.4,2.85,28.35,31.20
22,32.72,1.515,-4.895,63.780,-730.584,63.780,-0.54,2000.0,53.03,190.9,2.85,28.35,31.20
23,34.23,1.519,-4.863,63.772,-729.066,63.772,-0.55,2000.0,53.12,191.2,2.80,28.40,31.20
24,35.76,1.522,-4.830,63.763,-727.544,63.763,-0.57,2000.0,53.29,191.8,2.80,28.40,31.20
25,40.45,4.690,-4.730,63.734,-722.855,63.734,-0.61,2000.0,53.43,192.3,2.75,28.45,31.20
26,42.05,1.605,-4.697,63.724,-721.251,63.724,-0.67,2000.0,53.54,192.7,2.70,28.45,31.15
27,43.66,1.608,-4.666,63.712,-719.643,63.712,-0.70,1869.4,53.66,193.2,2.70,28.50,31.20
28,45.27,1.613,-4.635,63.702,-718.031,63.702,-0.68,1595.3,53.83,193.8,2.65,28.50,31.15
29,46.89,1.617,-4.607,63.692,-716.414,63.692,-0.61,1430.2,53.93,194.1,2.65,28.50,31.15
30,48.51,1.620,-4.580,63.682,-714.794,63.682,-0.61,1398.3,54.06,194.6,2.60,28.25,30.85
31,50.13,1.624,-4.554,63.672,-713.170,63.672,-0.58,1353.0,54.20,195.1,2.60,28.30,30.90
32,51.76,1.628,-4.531,63.664,-711.543,63.664,-0.53,1332.3,54.32,195.5,2.60,28.25,30.85
33,53.39,1.632,-4.510,63.655,-709.911,63.655,-0.51,1334.8,54.46,196.0,2.55,28.25,30.80
34,55.03,1.634,-4.492,63.647,-708.277,63.647,-0.53,1349.5,54.47,196.1,2.55,28.25,30.80
35,56.66,1.634,-4.475,63.636,-706.643,63.636,-0.65,1389.5,54.43,195.9,2.55,28.25,30.80
36,58.29,1.632,-4.459,63.622,-705.011,63.622,-0.87,1424.1,54.37,195.7,2.55,28.25,30.80
37,59.92,1.630,-4.446,63.606,-703.382,63.606,-0.94,1518.3,54.30,195.5,2.55,28.25,30.80
38,61.55,1.628,-4.435,63.592,-701.754,63.592,-0.86,1710.8,54.25,195.3,2.55,28.25,30.80
39,63.18,1.626,-4.426,63.580,-700.127,63.580,-0.79,2000.0,54.19,195.1,2.55,28.25,30.80
40,64.80,1.625,-4.418,63.568,-698.502,63.568,-0.69,2000.0,54.15,195.0,2.55,30.55,33.10
41,66.43,1.624,-4.411,63.557,-696.878,63.557,-0.73,2000.0,54.10,194.8,2.55,30.45,33.00
42,68.05,1.622,-4.404,63.544,-695.257,63.544,-0.79,2000.0,54.04,194.6,2.55,30.40,32.95
43,69.67,1.622,-4.398,63.529,-693.635,63.529,-0.89,2000.0,54.10,194.8,2.55,30.30,32.85
44,71.29,1.624,-4.392,63.515,-692.010,63.515,-0.88,2000.0,54.18,195.1,2.55,30.25,32.80
45,72.92,1.627,-4.385,63.501,-690.384,63.501,-0.86,2000.0,54.27,195.4,2.55,30.20,32.75
46,74.55,1.630,-4.379,63.487,-688.753,63.487,-0.89,2000.0,54.40,195.8,2.55,30.20,32.75
47,76.18,1.634,-4.371,63.472,-687.120,63.472,-0.88,2000.0,54.49,196.2,2.55,30.15,32.70
48,77.82,1.637,-4.363,63.458,-685.483,63.458,-0.88,2000.0,54.60,196.5,2.55,30.15,32.70
49,79.46,1.640,-4.354,63.445,-683.844,63.445,-0.79,2000.0,54.71,197.0,2.55,30.15,32.70
50,81.10,1.643,-4.344,63.434,-682.201,63.434,-0.69,2000.0,54.82,197.4,2.55,30.15,32.70
51,82.75,1.646,-4.334,63.424,-680.554,63.424,-0.57,2000.0,54.92,197.7,2.55,30.15,32.70
52,84.40,1.649,-4.322,63.415,-678.905,63.415,-0.56,2000.0,55.03,198.1,2.55,30.15,32.70
53,86.05,1.652,-4.311,63.406,-677.253,63.406,-0.56,2000.0,55.11,198.4,2.55,30.15,32.70
54,87.71,1.655,-4.298,63.395,-675.598,63.395,-0.62,2000.0,55.21,198.8,2.55,30.15,32.70
55,89.37,1.658,-4.286,63.385,-673.939,63.385,-0.64,2000.0,55.34,199.2,2.55,30.15,32.70
56,91.03,1.662,-4.273,63.374,-672.278,63.374,-0.62,2000.0,55.42,199.5,2.55,30.15,32.70
57,92.69,1.664,-4.260,63.364,-670.614,63.364,-0.64,2000.0,55.53,199.9,2.55,30.15,32.70
58,94.19,1.501,-4.248,63.354,-669.113,63.354,-0.66,2000.0,55.63,200.3,2.55,30.15,32.70
59,95.70,1.503,-4.237,63.344,-667.610,63.344,-0.63,2000.0,55.71,200.6,2.55,30.15,32.70
60,97.20,1.506,-4.225,63.335,-666.104,63.335,-0.64,2000.0,55.81,200.9,2.55,30.15,32.70
61,98.71,1.508,-4.214,63.325,-664.596,63.325,-0.63,2000.0,55.91,201.3,2.55,30.15,32.70
62,100.22,1.511,-4.203,63.316,-663.085,63.316,-0.63,2000.0,56.00,201.6,2.55,30.15,32.70
63,101.73,1.513,-4.192,63.306,-661.572,63.306,-0.65,2000.0,56.07,201.9,2.55,30.15,32.70
64,103.25,1.516,-4.181,63.295,-660.057,63.295,-0.71,2000.0,56.18,202.2,2.55,30.15,32.70
65,104.77,1.518,-4.171,63.284,-658.539,63.284,-0.71,2000.0,56.27,202.6,2.55,30.15,32.70
66,106.29,1.521,-4.161,63.273,-657.018,63.273,-0.77,2000.0,56.36,202.9,2.55,30.15,32.70
67,107.81,1.523,-4.151,63.260,-655.495,63.260,-0.81,2000.0,56.42,203.1,2.55,30.15,32.70
68,109.34,1.525,-4.141,63.247,-653.971,63.247,-0.90,2000.0,56.53,203.5,2.55,30.15,32.70
69,110.86,1.528,-4.132,63.233,-652.443,63.233,-0.88,2000.0,56.62,203.8,2.55,30.15,32.70
70,112.39,1.530,-4.123,63.220,-650.913,63.220,-0.88,2000.0,56.72,204.2,2.55,30.15,32.70
71,113.93,1.533,-4.114,63.207,-649.380,63.207,-0.82,2000.0,56.80,204.5,2.55,30.15,32.70
72,115.46,1.535,-4.106,63.195,-647.845,63.195,-0.80,2000.0,56.91,204.9,2.55,30.15,32.70
73,117.00,1.538,-4.098,63.183,-646.307,63.183,-0.79,2000.0,56.99,205.2,2.55,30.15,32.70
74,118.54,1.539,-4.090,63.170,-644.768,63.170,-0.80,2000.0,57.04,205.4,2.55,30.10,32.65
75,120.08,1.542,-4.082,63.157,-643.226,63.157,-0.85,2000.0,57.16,205.8,2.55,30.10,32.65
76,121.63,1.545,-4.074,63.145,-641.681,63.145,-0.78,2000.0,57.24,206.1,2.60,30.10,32.70
77,123.17,1.547,-4.067,63.134,-640.135,63.134,-0.72,2000.0,57.33,206.4,2.60,30.10,32.70
78,124.72,1.550,-4.059,63.124,-638.585,63.124,-0.66,2000.0,57.43,206.8,2.60,30.10,32.70
79,126.27,1.552,-4.052,63.115,-637.033,63.115,-0.57,2000.0,57.52,207.1,2.60,30.10,32.70
80,127.83,1.554,-4.045,63.107,-635.479,63.107,-0.54,2000.0,57.60,207.3,2.60,30.10,32.70
81,129.38,1.556,-4.038,63.099,-633.923,63.099,-0.51,2000.0,57.68,207.6,2.60,30.10,32.70
82,130.94,1.559,-4.031,63.091,-632.364,63.091,-0.50,2000.0,57.78,208.0,2.60,30.10,32.70
83,132.50,1.561,-4.024,63.084,-630.803,63.084,-0.45,2000.0,57.85,208.2,2.60,30.10,32.70
84,134.07,1.563,-4.017,63.077,-629.240,63.077,-0.47,2000.0,57.93,208.6,2.60,30.10,32.70
85,135.63,1.566,-4.010,63.069,-627.674,63.069,-0.48,2000.0,58.04,208.9,2.60,30.05,32.65
86,137.20,1.568,-4.003,63.062,-626.106,63.062,-0.46,2000.0,58.10,209.1,2.65,13.40,16.05
87,138.77,1.570,-3.996,63.054,-624.536,63.054,-0.52,2000.0,58.19,209.5,2.65,30.05,32.70
88,140.34,1.573,-3.989,63.045,-622.964,63.045,-0.54,2000.0,58.29,209.8,2.65,30.05,32.70
89,141.92,1.575,-3.982,63.037,-621.389,63.037,-0.55,2000.0,58.36,210.1,2.65,30.05,32.70
90,143.50,1.577,-3.975,63.027,-619.812,63.027,-0.61,2000.0,58.44,210.4,2.65,30.05,32.70
91,145.08,1.579,-3.968,63.017,-618.232,63.017,-0.64,2000.0,58.54,210.7,2.65,30.05,32.70
92,146.66,1.582,-3.961,63.007,-616.650,63.007,-0.67,2000.0,58.63,211.1,2.65,13.35,16.00
93,148.24,1.584,-3.954,62.996,-615.067,62.996,-0.69,2000.0,58.69,211.3,2.65,13.35,16.00
94,149.83,1.586,-3.947,62.984,-613.481,62.984,-0.75,2000.0,58.79,211.6,2.65,30.00,32.65
95,151.42,1.589,-3.940,62.971,-611.892,62.971,-0.77,2000.0,58.88,212.0,2.70,30.00,32.70
96,153.01,1.591,-3.933,62.959,-610.301,62.959,-0.76,2000.0,58.95,212.2,2.70,30.00,32.70
97,154.60,1.593,-3.925,62.947,-608.708,62.947,-0.78,2000.0,59.05,212.6,2.70,30.00,32.70
98,156.19,1.596,-3.917,62.935,-607.113,62.935,-0.77,2000.0,59.13,212.9,2.70,30.00,32.70
99,157.79,1.598,-3.910,62.922,-605.515,62.922,-0.78,2000.0,59.21,213.1,2.70,30.00,32.70
100,159.39,1.600,-3.901,62.909,-603.915,62.909,-0.79,2000.0,59.29,213.4,2.70,30.00,32.70
101,160.99,1.602,-3.893,62.896,-602.313,62.896,-0.81,2000.0,59.38,213.8,2.70,30.00,32.70
102,162.60,1.605,-3.884,62.884,-600.709,62.884,-0.81,2000.0,59.46,214.1,2.70,30.00,32.70
103,164.21,1.606,-3.875,62.871,-599.102,62.871,-0.80,2000.0,59.53,214.3,2.70,30.00,32.70
104,165.81,1.609,-3.866,62.858,-597.494,62.858,-0.80,2000.0,59.63,214.7,2.70,30.00,32.70
105,167.43,1.611,-3.856,62.846,-595.883,62.846,-0.76,2000.0,59.71,215.0,2.75,29.95,32.70
106,169.04,1.613,-3.846,62.834,-594.269,62.834,-0.73,2000.0,59.79,215.3,2.75,29.95,32.70
107,170.65,1.616,-3.836,62.822,-592.653,62.822,-0.70,2000.0,59.89,215.6,2.75,29.95,32.70
108,172.27,1.618,-3.825,62.811,-591.035,62.811,-0.69,2000.0,59.96,215.9,2.75,29.95,32.70
109,173.89,1.620,-3.814,62.799,-589.416,62.799,-0.74,2000.0,60.03,216.1,2.75,29.95,32.70
110,175.51,1.622,-3.803,62.787,-587.794,62.787,-0.77,2000.0,60.11,216.4,2.75,29.95,32.70
111,177.14,1.624,-3.792,62.774,-586.169,62.774,-0.81,2000.0,60.20,216.7,2.75,29.95,32.70
112,178.77,1.627,-3.781,62.761,-584.543,62.761,-0.81,2000.0,60.28,217.0,2.75,29.95,32.70
113,180.39,1.629,-3.769,62.747,-582.914,62.747,-0.83,2000.0,60.37,217.3,2.75,29.95,32.70
114,182.03,1.631,-3.758,62.734,-581.283,62.734,-0.82,2000.0,60.45,217.6,2.75,29.95,32.70
115,183.66,1.634,-3.746,62.720,-579.650,62.720,-0.82,2000.0,60.54,217.9,2.75,29.95,32.70
116,185.29,1.636,-3.735,62.706,-578.014,62.706,-0.85,2000.0,60.60,218.2,2.75,29.95,32.70
117,186.93,1.637,-3.723,62.691,-576.377,62.691,-0.92,2000.0,60.67,218.4,2.75,29.95,32.70
118,188.57,1.640,-3.711,62.676,-574.738,62.676,-0.94,2000.0,60.76,218.7,2.75,29.95,32.70
119,190.21,1.642,-3.699,62.660,-573.096,62.660,-0.93,2000.0,60.86,219.1,2.75,29.95,32.70
120,191.86,1.644,-3.688,62.645,-571.452,62.645,-0.94,2000.0,60.93,219.3,2.75,29.95,32.70
121,193.50,1.646,-3.676,62.629,-569.806,62.629,-0.98,2000.0,60.98,219.5,2.75,29.95,32.70
122,195.15,1.648,-3.664,62.612,-568.158,62.612,-1.03,2000.0,61.09,219.9,2.75,29.95,32.70
123,196.80,1.651,-3.652,62.595,-566.507,62.595,-0.99,2000.0,61.17,220.2,2.75,29.95,32.70
124,198.46,1.653,-3.640,62.579,-564.855,62.579,-0.98,2000.0,61.25,220.5,2.75,29.95,32.70
125,200.11,1.655,-3.627,62.563,-563.200,62.563,-0.97,2000.0,61.34,220.8,2.75,29.95,32.70
126,201.77,1.657,-3.615,62.547,-561.542,62.547,-0.97,2000.0,61.42,221.1,2.75,29.95,32.70
127,203.43,1.659,-3.603,62.530,-559.883,62.530,-1.04,2000.0,61.49,221.3,2.75,29.95,32.70
128,205.09,1.661,-3.590,62.511,-558.222,62.511,-1.14,2000.0,61.55,221.6,2.75,29.95,32.70
129,206.75,1.663,-3.577,62.491,-556.559,62.491,-1.22,2000.0,61.63,221.9,2.75,29.95,32.70
130,208.42,1.665,-3.564,62.470,-554.894,62.470,-1.22,2000.0,61.72,222.2,2.75,29.95,32.70
131,210.08,1.668,-3.551,62.450,-553.227,62.450,-1.22,2000.0,61.82,222.5,2.75,29.95,32.70
132,211.75,1.670,-3.538,62.431,-551.557,62.431,-1.17,2000.0,61.88,222.8,2.75,29.95,32.70
133,213.43,1.672,-3.524,62.411,-549.885,62.411,-1.17,2000.0,61.97,223.1,2.75,29.95,32.70
134,215.10,1.674,-3.510,62.392,-548.210,62.392,-1.12,2000.0,62.05,223.4,2.75,29.95,32.70
135,216.78,1.677,-3.496,62.374,-546.534,62.374,-1.10,2000.0,62.14,223.7,2.75,29.95,32.70
136,218.46,1.679,-3.481,62.356,-544.855,62.356,-1.08,2000.0,62.20,223.9,2.75,29.95,32.70
137,220.14,1.680,-3.466,62.338,-543.175,62.338,-1.07,2000.0,62.27,224.2,2.75,29.95,32.70
138,221.82,1.683,-3.451,62.320,-541.493,62.320,-1.06,2000.0,62.37,224.5,2.75,29.95,32.70
139,223.50,1.685,-3.436,62.303,-539.808,62.303,-1.00,2000.0,62.44,224.8,2.75,29.95,32.70
140,225.19,1.687,-3.420,62.286,-538.121,62.286,-1.03,2000.0,62.52,225.1,2.75,29.95,32.70
141,226.69,1.501,-3.406,62.270,-536.620,62.270,-1.04,2000.0,62.57,225.2,2.75,29.95,32.70
142,228.20,1.503,-3.391,62.254,-535.117,62.254,-1.06,2000.0,62.65,225.6,2.75,29.95,32.70
143,229.70,1.505,-3.377,62.238,-533.613,62.238,-1.06,2000.0,62.73,225.8,2.75,29.95,32.70
144,231.21,1.506,-3.362,62.222,-532.107,62.222,-1.04,2000.0,62.78,226.0,2.70,29.95,32.65
145,232.71,1.508,-3.347,62.206,-530.599,62.206,-1.07,2000.0,62.87,226.3,2.70,29.95,32.65
146,234.22,1.510,-3.332,62.190,-529.089,62.190,-1.06,2000.0,62.93,226.5,2.70,30.00,32.70
147,235.73,1.511,-3.316,62.174,-527.579,62.174,-1.05,2000.0,62.99,226.8,2.70,30.00,32.70
148,237.25,1.513,-3.301,62.159,-526.066,62.159,-1.04,2000.0,63.08,227.1,2.70,30.00,32.70
149,238.76,1.515,-3.285,62.143,-524.551,62.143,-1.00,2000.0,63.15,227.3,2.70,30.00,32.70
150,240.28,1.516,-3.269,62.128,-523.035,62.128,-0.99,2000.0,63.22,227.6,2.70,30.00,32.70
151,241.80,1.518,-3.253,62.113,-521.517,62.113,-1.01,2000.0,63.28,227.8,2.70,30.00,32.70
152,243.32,1.519,-3.237,62.097,-519.998,62.097,-1.04,2000.0,63.33,228.0,2.70,30.00,32.70
153,244.84,1.521,-3.221,62.081,-518.477,62.081,-1.05,2000.0,63.41,228.3,2.70,30.00,32.70
154,246.36,1.523,-3.204,62.065,-516.954,62.065,-1.03,2000.0,63.48,228.5,2.70,30.00,32.70
155,247.88,1.524,-3.188,62.050,-515.431,62.050,-1.03,2000.0,63.48,228.5,2.70,30.00,32.70
156,249.41,1.523,-3.171,62.033,-513.908,62.033,-1.08,2000.0,63.43,228.3,2.70,30.00,32.70
157,250.93,1.521,-3.154,62.017,-512.387,62.017,-1.09,2000.0,63.37,228.1,2.70,30.00,32.70
158,252.45,1.520,-3.137,62.000,-510.867,62.000,-1.10,2000.0,63.31,227.9,2.70,30.05,32.75
159,253.97,1.519,-3.121,61.983,-509.349,61.983,-1.11,2000.0,63.25,227.7,2.70,30.05,32.75
160,255.48,1.517,-3.103,61.966,-507.832,61.966,-1.11,2000.0,63.20,227.5,2.65,30.05,32.70
161,257.00,1.516,-3.086,61.948,-506.316,61.948,-1.17,2000.0,63.14,227.3,2.65,30.05,32.70
162,258.51,1.515,-3.069,61.931,-504.801,61.931,-1.14,2000.0,63.08,227.1,2.65,30.05,32.70
163,260.03,1.513,-3.052,61.915,-503.288,61.915,-1.09,2000.0,63.04,227.0,2.65,30.05,32.70
164,261.54,1.512,-3.035,61.898,-501.776,61.898,-1.12,2000.0,62.98,226.7,2.65,30.05,32.70
165,263.05,1.510,-3.018,61.881,-500.266,61.881,-1.10,2000.0,62.89,226.4,2.65,30.05,32.70
166,264.56,1.509,-3.001,61.864,-498.757,61.864,-1.13,2000.0,62.89,226.4,2.65,30.05,32.70
167,266.07,1.510,-2.983,61.847,-497.248,61.847,-1.12,2000.0,62.92,226.5,2.65,30.10,32.75
168,267.58,1.510,-2.966,61.830,-495.738,61.830,-1.12,2000.0,62.95,226.6,2.65,30.10,32.75
169,269.09,1.512,-2.949,61.813,-494.226,61.813,-1.11,2000.0,63.01,226.8,2.65,30.10,32.75
170,270.60,1.513,-2.931,61.797,-492.713,61.797,-1.08,2000.0,63.08,227.1,2.65,30.10,32.75
171,272.12,1.515,-2.914,61.781,-491.198,61.781,-1.05,2000.0,63.15,227.3,2.60,30.10,32.70
172,273.64,1.516,-2.896,61.765,-489.683,61.765,-1.06,2000.0,63.18,227.5,2.60,30.10,32.70
173,275.15,1.517,-2.878,61.748,-488.166,61.748,-1.12,2000.0,63.24,227.7,2.60,30.10,32.70
174,276.67,1.519,-2.860,61.731,-486.647,61.731,-1.13,2000.0,63.32,227.9,2.60,30.10,32.70
175,278.19,1.520,-2.843,61.714,-485.127,61.714,-1.13,2000.0,63.37,228.1,2.60,30.10,32.70
176,279.71,1.521,-2.825,61.696,-483.606,61.696,-1.15,2000.0,63.41,228.3,2.60,30.15,32.75
177,281.24,1.523,-2.807,61.677,-482.083,61.677,-1.24,2000.0,63.49,228.6,2.60,30.15,32.75
178,282.76,1.524,-2.789,61.658,-480.559,61.658,-1.26,2000.0,63.52,228.7,2.60,30.15,32.75
179,284.29,1.525,-2.771,61.638,-479.034,61.638,-1.33,2000.0,63.58,228.9,2.60,30.15,32.75
180,285.81,1.527,-2.753,61.617,-477.507,61.617,-1.34,2000.0,63.65,229.2,2.55,30.15,32.70
181,287.34,1.528,-2.735,61.597,-475.979,61.597,-1.32,2000.0,63.71,229.4,2.55,30.15,32.70
182,288.87,1.530,-2.717,61.577,-474.450,61.577,-1.30,2000.0,63.76,229.6,2.55,30.15,32.70
183,290.40,1.531,-2.699,61.557,-472.919,61.557,-1.31,2000.0,63.82,229.8,2.55,30.15,32.70
184,291.93,1.533,-2.681,61.537,-471.386,61.537,-1.31,2000.0,63.88,230.0,2.55,30.20,32.75
185,293.47,1.534,-2.663,61.517,-469.853,61.517,-1.31,2000.0,63.93,230.1,2.55,30.20,32.75
186,295.00,1.535,-2.645,61.497,-468.318,61.497,-1.31,2000.0,63.98,230.3,2.55,30.20,32.75
187,296.54,1.536,-2.627,61.477,-466.782,61.477,-1.30,2000.0,64.05,230.6,2.50,30.20,32.70
188,298.08,1.538,-2.609,61.458,-465.244,61.458,-1.27,2000.0,64.10,230.8,2.50,30.20,32.70
189,299.62,1.539,-2.591,61.438,-463.705,61.438,-1.27,2000.0,64.15,231.0,2.50,30.20,32.70
190,301.16,1.540,-2.573,61.418,-462.165,61.418,-1.28,2000.0,64.20,231.1,2.50,30.20,32.70
191,302.70,1.542,-2.555,61.398,-460.624,61.398,-1.29,2000.0,64.27,231.4,2.50,30.20,32.70
192,304.24,1.543,-2.538,61.378,-459.081,61.378,-1.29,2000.0,64.33,231.6,2.50,30.20,32.70
193,305.79,1.544,-2.520,61.358,-457.537,61.358,-1.34,2000.0,64.36,231.7,2.50,30.25,32.75
194,307.33,1.545,-2.503,61.336,-455.992,61.336,-1.39,2000.0,64.41,231.9,2.50,30.25,32.75
195,308.88,1.547,-2.486,61.314,-454.445,61.314,-1.46,2000.0,64.48,232.1,2.45,30.25,32.70
196,310.43,1.548,-2.469,61.291,-452.897,61.291,-1.47,2000.0,64.51,232.2,2.45,30.25,32.70
197,311.98,1.549,-2.452,61.268,-451.348,61.268,-1.52,2000.0,64.59,232.5,2.45,30.25,32.70
198,313.53,1.551,-2.436,61.244,-449.798,61.244,-1.51,2000.0,64.65,232.7,2.45,30.25,32.70
199,315.08,1.552,-2.420,61.221,-448.246,61.221,-1.49,2000.0,64.70,232.9,2.45,30.25,32.70
200,316.63,1.554,-2.405,61.198,-446.692,61.198,-1.51,2000.0,64.76,233.1,2.45,30.30,32.75
201,318.19,1.555,-2.390,61.174,-445.138,61.174,-1.49,2000.0,64.81,233.3,2.45,30.40,32.85
202,319.74,1.556,-2.376,61.151,-443.582,61.151,-1.48,2000.0,64.87,233.5,2.45,30.50,32.95
203,321.30,1.558,-2.362,61.129,-442.025,61.129,-1.46,2000.0,64.92,233.7,2.45,30.60,33.05
204,322.86,1.559,-2.349,61.105,-440.466,61.105,-1.48,2000.0,64.97,233.9,2.45,30.70,33.15
205,324.42,1.559,-2.337,61.082,-438.907,61.082,-1.49,2000.0,65.00,234.0,2.45,30.80,33.25
206,325.98,1.561,-2.326,61.059,-437.346,61.059,-1.51,2000.0,65.07,234.3,2.45,30.90,33.35
207,327.54,1.562,-2.315,61.036,-435.784,61.036,-1.44,2000.0,65.12,234.4,2.45,30.90,33.35
208,329.11,1.564,-2.306,61.014,-434.220,61.014,-1.41,2000.0,65.19,234.7,2.45,30.90,33.35
209,330.67,1.565,-2.298,60.992,-432.655,60.992,-1.37,2000.0,65.23,234.8,2.45,30.90,33.35
210,332.24,1.566,-2.290,60.971,-431.089,60.971,-1.37,2000.0,65.29,235.0,2.45,30.90,33.35
211,333.81,1.568,-2.284,60.950,-429.521,60.950,-1.35,2000.0,65.34,235.2,2.45,30.90,33.35
212,335.37,1.569,-2.279,60.929,-427.953,60.929,-1.34,2000.0,65.40,235.4,2.45,30.85,33.30
213,336.94,1.570,-2.274,60.907,-426.383,60.907,-1.35,2000.0,65.44,235.6,2.45,30.85,33.30
214,338.52,1.571,-2.271,60.886,-424.812,60.886,-1.37,2000.0,65.49,235.8,2.45,30.85,33.30
215,340.09,1.573,-2.269,60.865,-423.239,60.865,-1.35,2000.0,65.54,236.0,2.50,30.85,33.35
216,341.66,1.574,-2.268,60.843,-421.666,60.843,-1.35,2000.0,65.60,236.2,2.50,30.85,33.35
217,343.24,1.575,-2.268,60.822,-420.091,60.822,-1.38,2000.0,65.64,236.3,2.50,30.80,33.30
218,344.81,1.575,-2.269,60.799,-418.516,60.799,-1.46,2000.0,65.64,236.3,2.50,30.80,33.30
219,346.39,1.576,-2.271,60.774,-416.939,60.774,-1.55,2000.0,65.73,236.6,2.55,30.80,33.35
220,347.97,1.578,-2.274,60.750,-415.361,60.750,-1.51,2000.0,65.80,236.9,2.55,30.80,33.35
221,349.55,1.580,-2.279,60.727,-413.781,60.727,-1.48,2000.0,65.86,237.1,2.60,30.75,33.35
222,351.13,1.581,-2.284,60.703,-412.200,60.703,-1.50,2000.0,65.89,237.2,2.60,30.75,33.35
223,352.71,1.582,-2.290,60.679,-410.618,60.679,-1.55,2000.0,65.94,237.4,2.60,30.75,33.35
224,354.29,1.584,-2.298,60.654,-409.035,60.654,-1.56,2000.0,66.01,237.6,2.65,24.20,26.85
225,355.88,1.585,-2.307,60.629,-407.450,60.629,-1.56,2000.0,66.06,237.8,2.65,23.90,26.55
226,357.46,1.586,-2.317,60.605,-405.865,60.605,-1.56,2000.0,66.11,238.0,2.70,23.60,26.30
227,359.05,1.587,-2.328,60.580,-404.277,60.580,-1.58,2000.0,66.16,238.2,2.70,23.30,26.00
228,360.64,1.589,-2.340,60.554,-402.689,60.554,-1.58,2000.0,66.21,238.4,2.75,23.00,25.75
229,362.23,1.590,-2.354,60.529,-401.100,60.529,-1.60,2000.0,66.26,238.5,2.75,22.70,25.45
230,363.82,1.591,-2.368,60.503,-399.509,60.503,-1.61,2000.0,66.31,238.7,2.80,22.40,25.20
231,365.41,1.592,-2.384,60.477,-397.917,60.477,-1.65,1975.2,66.37,238.9,2.85,22.10,24.95
232,367.01,1.593,-2.402,60.450,-396.324,60.450,-1.70,1881.1,66.41,239.1,2.85,21.75,24.60
233,368.60,1.594,-2.420,60.422,-394.730,60.422,-1.78,1752.5,66.45,239.2,2.90,21.45,24.35
234,370.20,1.595,-2.440,60.392,-393.135,60.392,-1.86,1637.3,66.48,239.3,2.90,21.15,24.05
235,371.79,1.596,-2.461,60.362,-391.539,60.362,-1.89,1530.9,66.54,239.6,2.95,20.85,23.80
236,373.39,1.598,-2.485,60.332,-389.942,60.332,-1.85,1460.4,66.60,239.8,3.00,20.50,23.50
237,374.99,1.599,-2.510,60.303,-388.343,60.303,-1.83,1410.0,66.66,240.0,3.05,20.20,23.25
238,376.59,1.600,-2.537,60.274,-386.744,60.274,-1.80,1381.5,66.65,239.9,3.05,19.90,22.95
239,378.19,1.600,-2.565,60.245,-385.144,60.245,-1.85,1348.0,66.72,240.2,3.10,19.55,22.65
240,379.79,1.602,-2.596,60.215,-383.542,60.215,-1.84,1339.9,66.80,240.5,3.15,19.25,22.40
241,381.40,1.603,-2.629,60.186,-381.939,60.186,-1.80,1329.9,66.83,240.6,3.20,18.90,22.10
242,383.00,1.605,-2.664,60.157,-380.335,60.157,-1.81,1314.2,66.90,240.8,3.25,18.60,21.85
243,384.61,1.606,-2.701,60.129,-378.729,60.129,-1.78,1303.8,66.96,241.0,3.30,18.50,21.80
244,386.21,1.608,-2.739,60.100,-377.122,60.100,-1.77,1310.5,67.00,241.2,3.35,18.40,21.75
245,387.82,1.608,-2.780,60.071,-375.515,60.071,-1.79,1307.7,67.02,241.3,3.40,18.35,21.75
246,389.43,1.609,-2.823,60.043,-373.906,60.043,-1.78,1322.1,67.09,241.5,3.45,18.25,21.70
247,391.04,1.611,-2.867,60.015,-372.296,60.015,-1.73,1364.7,67.14,241.7,3.50,18.20,21.70
248,392.65,1.612,-2.914,59.988,-370.685,59.988,-1.64,1426.0,67.17,241.8,3.60,18.10,21.70
249,394.27,1.613,-2.963,59.962,-369.073,59.962,-1.63,1484.9,67.24,242.0,3.65,18.00,21.65
250,395.88,1.614,-3.014,59.936,-367.460,59.936,-1.59,1571.8,67.27,242.2,3.70,17.95,21.65
251,397.50,1.615,-3.066,59.910,-365.847,59.910,-1.62,1647.6,67.29,242.3,3.75,17.85,21.60
252,399.11,1.616,-3.119,59.884,-364.232,59.884,-1.64,1725.2,67.37,242.5,3.85,17.75,21.60
253,400.73,1.618,-3.175,59.858,-362.615,59.858,-1.59,1823.1,67.42,242.7,3.90,17.65,21.55
254,402.35,1.619,-3.232,59.833,-360.997,59.833,-1.56,1963.1,67.47,242.9,3.95,17.60,21.55
255,403.97,1.620,-3.290,59.808,-359.379,59.808,-1.55,2000.0,67.53,243.1,4.05,17.50,21.55
256,405.59,1.621,-3.350,59.782,-357.759,59.782,-1.56,2000.0,67.56,243.2,4.10,17.40,21.50
257,407.21,1.622,-3.411,59.756,-356.138,59.756,-1.63,2000.0,67.58,243.3,4.20,17.30,21.50
258,408.84,1.623,-3.472,59.728,-354.517,59.728,-1.72,2000.0,67.66,243.6,4.25,17.20,21.45
259,410.46,1.624,-3.535,59.700,-352.894,59.700,-1.74,2000.0,67.67,243.6,4.35,17.05,21.40
260,412.08,1.623,-3.599,59.671,-351.273,59.671,-1.77,2000.0,67.58,243.3,4.40,16.95,21.35
261,413.70,1.620,-3.663,59.642,-349.655,59.642,-1.79,2000.0,67.39,242.6,4.50,16.80,21.30
262,415.32,1.614,-3.728,59.614,-348.042,59.614,-1.76,2000.0,67.14,241.7,4.55,16.65,21.20
263,416.92,1.608,-3.794,59.585,-346.436,59.585,-1.79,2000.0,66.88,240.8,4.65,16.50,21.15
264,418.52,1.600,-3.860,59.556,-344.837,59.556,-1.83,2000.0,66.52,239.5,4.70,16.35,21.05
265,420.12,1.592,-3.926,59.526,-343.247,59.526,-1.87,2000.0,66.18,238.2,4.80,16.25,21.05
266,421.70,1.583,-3.992,59.496,-341.665,59.496,-1.86,2000.0,65.81,236.9,4.90,16.10,21.00
267,423.27,1.575,-4.058,59.467,-340.092,59.467,-1.83,2000.0,65.47,235.7,4.95,15.95,20.90
268,424.84,1.566,-4.124,59.439,-338.528,59.439,-1.84,2000.0,65.06,234.2,5.05,15.80,20.85
269,426.40,1.556,-4.191,59.411,-336.973,59.411,-1.80,2000.0,64.69,232.9,5.10,15.65,20.75
270,427.95,1.549,-4.257,59.382,-335.426,59.382,-1.83,2000.0,64.41,231.9,5.20,15.50,20.70
271,429.49,1.541,-4.324,59.353,-333.886,59.353,-1.89,2000.0,64.07,230.7,5.25,15.40,20.65
272,431.02,1.533,-4.390,59.323,-332.355,59.323,-1.94,2000.0,63.73,229.4,5.35,15.25,20.60
273,432.54,1.524,-4.457,59.294,-330.833,59.294,-1.96,2000.0,63.32,228.0,5.45,15.10,20.55
274,434.06,1.515,-4.523,59.264,-329.320,59.264,-1.94,2000.0,62.96,226.6,5.50,14.95,20.45
275,435.57,1.507,-4.590,59.234,-327.814,59.234,-1.97,2000.0,62.67,225.6,5.60,14.85,20.45
276,437.07,1.500,-4.656,59.203,-326.316,59.203,-2.08,2000.0,62.41,224.7,5.65,14.70,20.35
277,438.75,1.680,-4.731,59.166,-324.637,59.166,-2.22,2000.0,62.11,223.6,5.75,14.55,20.30
278,440.42,1.672,-4.806,59.127,-322.968,59.127,-2.36,2000.0,61.75,222.3,5.85,14.40,20.25
279,442.08,1.661,-4.881,59.087,-321.309,59.087,-2.39,2000.0,61.29,220.6,5.90,14.20,20.10
280,443.73,1.647,-4.957,59.050,-319.665,59.050,-2.27,2000.0,60.76,218.7,6.00,13.95,19.95
281,445.36,1.633,-5.032,59.014,-318.033,59.014,-2.19,2000.0,60.29,217.0,6.10,13.65,19.75
282,446.98,1.622,-5.108,58.980,-316.413,58.980,-2.10,2000.0,59.91,215.7,6.15,13.40,19.55
283,448.59,1.611,-5.184,58.946,-314.804,58.946,-2.06,2000.0,59.49,214.2,6.25,13.15,19.40
284,450.19,1.600,-5.260,58.913,-313.207,58.913,-2.08,2000.0,59.04,212.5,6.35,12.90,19.25
285,451.78,1.588,-5.336,58.881,-311.622,58.881,-2.02,2000.0,58.61,211.0,6.45,12.65,19.10
286,453.36,1.576,-5.413,58.850,-310.048,58.850,-1.98,2000.0,58.16,209.4,6.50,12.35,18.85
287,454.92,1.562,-5.491,58.820,-308.487,58.820,-1.89,2000.0,57.63,207.5,6.60,12.10,18.70
288,456.47,1.548,-5.568,58.794,-306.941,58.794,-1.72,2000.0,57.14,205.7,6.70,11.85,18.55
289,458.00,1.537,-5.647,58.768,-305.407,58.768,-1.66,2000.0,56.76,204.3,6.75,11.60,18.35
290,459.53,1.528,-5.726,58.742,-303.881,58.742,-1.69,2000.0,56.47,203.3,6.85,11.35,18.20
291,461.05,1.521,-5.806,58.714,-302.362,58.714,-1.85,2000.0,56.21,202.3,6.95,11.10,18.05
292,462.56,1.513,-5.885,58.683,-300.852,58.683,-2.04,2000.0,55.88,201.2,7.00,10.85,17.85
293,464.07,1.502,-5.965,58.652,-299.352,58.652,-2.09,2000.0,55.47,199.7,7.10,10.55,17.65
294,465.72,1.657,-6.055,58.617,-297.698,58.617,-2.12,2000.0,54.99,198.0,7.20,10.30,17.50
295,467.37,1.643,-6.144,58.583,-296.058,58.583,-2.08,2000.0,54.59,196.5,7.30,10.00,17.30
296,469.00,1.631,-6.234,58.548,-294.430,58.548,-2.15,2000.0,54.18,195.0,7.35,9.75,17.10
297,470.62,1.618,-6.325,58.513,-292.815,58.513,-2.16,2000.0,53.76,193.6,7.45,9.45,16.90
298,472.22,1.606,-6.415,58.476,-291.212,58.476,-2.27,2000.0,53.30,191.9,7.50,9.15,16.65
299,473.81,1.592,-6.506,58.441,-289.622,58.441,-2.23,2000.0,52.93,190.5,7.55,8.90,16.45
300,475.39,1.579,-6.597,58.406,-288.047,58.406,-2.21,2000.0,52.37,188.5,7.55,8.60,16.15
301,476.95,1.562,-6.688,58.373,-286.487,58.373,-2.08,2000.0,51.83,186.6,7.55,8.30,15.85
302,478.50,1.548,-6.779,58.342,-284.942,58.342,-2.01,2000.0,51.40,185.0,7.55,8.05,15.60
303,480.04,1.536,-6.871,58.312,-283.410,58.312,-1.97,2000.0,51.06,183.8,7.55,7.75,15.30
304,481.56,1.527,-6.963,58.279,-281.886,58.279,-2.17,2000.0,50.68,182.4,7.55,7.45,15.00
305,483.08,1.513,-7.055,58.246,-280.376,58.246,-2.19,2000.0,50.27,181.0,7.50,7.20,14.70
306,484.73,1.649,-7.155,58.209,-278.731,58.209,-2.22,2000.0,49.70,178.9,7.50,6.90,14.40
307,486.36,1.631,-7.256,58.175,-277.103,58.175,-2.13,2000.0,49.24,177.2,7.45,6.55,14.00
308,487.97,1.616,-7.357,58.140,-275.491,58.140,-2.12,2000.0,48.76,175.6,7.40,6.25,13.65
309,489.58,1.602,-7.457,58.106,-273.892,58.106,-2.15,2000.0,48.33,174.0,7.35,5.95,13.30
310,491.16,1.588,-7.557,58.070,-272.308,58.070,-2.24,2000.0,47.90,172.4,7.30,5.65,12.95
311,492.74,1.572,-7.657,58.034,-270.740,58.034,-2.27,2000.0,47.45,170.8,7.25,5.40,12.65
312,494.29,1.559,-7.756,57.997,-269.185,57.997,-2.37,2000.0,47.04,169.3,7.20,5.35,12.55
313,495.84,1.543,-7.855,57.961,-267.645,57.961,-2.38,2000.0,46.57,167.6,7.10,5.30,12.40
314,497.37,1.530,-7.953,57.923,-266.119,57.923,-2.46,2000.0,46.13,166.1,7.05,5.30,12.35
315,498.88,1.513,-8.049,57.887,-264.610,57.887,-2.42,2000.0,45.58,164.1,6.95,5.35,12.30
316,500.51,1.630,-8.154,57.849,-262.983,57.849,-2.30,2000.0,45.04,162.2,6.90,5.35,12.25
317,502.12,1.614,-8.258,57.813,-261.373,57.813,-2.27,2000.0,44.64,160.7,6.80,5.40,12.20
318,503.72,1.597,-8.361,57.777,-259.780,57.777,-2.21,2000.0,44.22,159.2,6.70,5.45,12.15
319,505.30,1.583,-8.463,57.739,-258.201,57.739,-2.41,2000.0,43.75,157.5,6.60,5.50,12.10
320,506.87,1.567,-8.565,57.701,-256.637,57.701,-2.46,2000.0,43.30,155.9,6.50,5.55,12.05
321,508.42,1.553,-8.666,57.660,-255.088,57.660,-2.63,2000.0,42.98,154.7,6.40,5.60,12.00
322,509.96,1.537,-8.766,57.617,-253.555,57.617,-2.76,2000.0,42.45,152.8,6.30,5.70,12.00
323,511.48,1.520,-8.867,57.575,-252.038,57.575,-2.77,2000.0,42.06,151.4,6.20,5.75,11.95
324,512.99,1.505,-8.967,57.531,-250.537,57.531,-2.92,2000.0,41.61,149.8,6.15,5.85,12.00
325,514.60,1.612,-9.075,57.485,-248.929,57.485,-2.87,2000.0,41.11,148.0,6.05,5.90,11.95
326,516.19,1.592,-9.183,57.438,-247.341,57.438,-2.92,2000.0,40.53,145.9,5.95,6.00,11.95
327,517.76,1.570,-9.291,57.393,-245.775,57.393,-2.88,1858.7,40.05,144.2,5.90,6.10,12.00
328,519.31,1.550,-9.399,57.350,-244.230,57.350,-2.82,1776.3,39.52,142.3,5.80,6.20,12.00
329,520.84,1.531,-9.506,57.305,-242.703,57.305,-2.91,1717.1,39.01,140.4,5.75,6.30,12.05
330,522.35,1.509,-9.614,57.262,-241.199,57.262,-2.88,1703.6,38.47,138.5,5.65,6.40,12.05
331,523.95,1.602,-9.730,57.215,-239.602,57.215,-2.89,1712.3,37.82,136.1,5.55,6.50,12.05
332,525.53,1.579,-9.845,57.170,-238.027,57.170,-2.86,1770.8,37.36,134.5,5.50,6.60,12.10
333,527.09,1.555,-9.961,57.125,-236.477,57.125,-2.93,1852.6,36.76,132.3,5.40,6.70,12.10
334,528.62,1.532,-10.076,57.080,-234.950,57.080,-2.90,1989.6,36.24,130.5,5.30,6.85,12.15
335,530.13,1.511,-10.190,57.034,-233.444,57.034,-3.06,2000.0,35.74,128.7,5.25,6.95,12.20
336,531.73,1.597,-10.312,56.984,-231.853,56.984,-3.15,2000.0,35.27,127.0,5.15,7.10,12.25
337,533.30,1.573,-10.434,56.931,-230.285,56.931,-3.37,2000.0,34.72,125.0,5.05,7.20,12.25
338,534.85,1.547,-10.554,56.877,-228.744,56.877,-3.48,2000.0,34.07,122.7,4.95,7.35,12.30
339,536.37,1.520,-10.673,56.825,-227.229,56.825,-3.43,2000.0,33.49,120.6,4.85,7.50,12.35
340,537.96,1.590,-10.799,56.772,-225.646,56.772,-3.33,1894.8,32.88,118.4,4.75,7.65,12.40
341,539.52,1.565,-10.923,56.719,-224.086,56.719,-3.37,1600.1,32.35,116.5,4.65,7.75,12.40
342,541.06,1.542,-11.048,56.668,-222.550,56.668,-3.36,1332.8,31.94,115.0,5.40,7.90,13.30
343,542.58,1.516,-11.171,56.614,-221.040,56.614,-3.54,1111.1,31.31,112.7,5.30,8.05,13.35
344,544.17,1.585,-11.302,56.557,-219.462,56.557,-3.58,916.0,30.78,110.8,5.20,8.20,13.40
345,545.72,1.559,-11.434,56.504,-217.910,56.504,-3.43,789.0,30.39,109.4,5.10,8.35,13.45
346,547.26,1.536,-11.567,56.451,-216.381,56.451,-3.43,702.0,29.90,107.6,5.00,8.50,13.50
347,548.77,1.512,-11.701,56.400,-214.876,56.400,-3.37,644.1,29.40,105.8,4.90,8.65,13.55
348,550.35,1.576,-11.845,56.346,-213.308,56.346,-3.44,600.3,28.94,104.2,4.80,8.80,13.60
349,551.90,1.551,-11.991,56.295,-211.765,56.295,-3.31,585.4,28.56,102.8,4.75,8.95,13.70
350,553.43,1.531,-12.139,56.243,-210.242,56.243,-3.40,576.1,28.21,101.5,4.65,9.10,13.75
351,554.94,1.513,-12.290,56.189,-208.737,56.189,-3.57,577.7,27.86,100.3,4.55,9.25,13.80
352,556.52,1.579,-12.451,56.131,-207.167,56.131,-3.63,587.3,27.55,99.2,4.45,9.40,13.85
353,558.08,1.559,-12.615,56.073,-205.617,56.073,-3.76,610.1,27.18,97.8,4.40,9.55,13.95
354,559.62,1.540,-12.781,56.013,-204.087,56.013,-3.89,631.6,26.84,96.6,4.30,9.70,14.00
355,561.14,1.518,-12.947,55.954,-202.579,55.954,-3.86,664.9,26.50,95.4,4.25,9.85,14.10
356,562.64,1.502,-13.116,55.896,-201.088,55.896,-3.90,700.0,26.21,94.3,5.35,10.00,15.35
357,564.20,1.562,-13.295,55.835,-199.538,55.835,-3.89,735.5,25.89,93.2,8.45,10.15,18.60
358,565.75,1.547,-13.474,55.774,-198.002,55.774,-3.98,765.3,25.65,92.3,8.40,10.30,18.70
359,567.28,1.530,-13.655,55.711,-196.484,55.711,-4.07,807.1,25.40,91.4,8.35,10.40,18.75
360,568.80,1.516,-13.837,55.647,-194.981,55.647,-4.25,849.9,25.12,90.4,8.30,10.55,18.85
361,570.37,1.573,-14.030,55.585,-193.420,55.585,-3.93,907.3,24.90,89.6,8.20,10.70,18.90
362,571.93,1.557,-14.223,55.522,-191.877,55.522,-4.04,994.1,24.56,88.4,8.15,10.85,19.00
363,573.47,1.542,-14.416,55.460,-190.348,55.460,-4.02,1110.1,24.37,87.7,8.10,10.95,19.05
364,575.00,1.528,-14.610,55.394,-188.834,55.394,-4.37,1234.9,24.16,87.0,8.05,11.10,19.15
365,576.51,1.515,-14.804,55.328,-187.332,55.328,-4.34,1380.6,23.96,86.3,8.00,11.25,19.25
366,578.01,1.503,-14.997,55.266,-185.843,55.266,-4.10,1540.1,23.76,85.5,7.95,11.40,19.35
367,579.58,1.561,-15.200,55.204,-184.297,55.204,-3.98,1690.9,23.53,84.7,7.90,11.55,19.45
368,581.11,1.534,-15.401,55.140,-182.777,55.140,-4.21,1893.8,22.96,82.6,7.85,11.65,19.50
369,582.67,1.564,-15.607,55.078,-181.228,55.078,-3.98,2000.0,22.46,80.9,7.75,11.80,19.55
370,584.21,1.534,-15.810,55.016,-179.709,55.016,-4.04,2000.0,22.03,79.3,7.70,11.95,19.65
371,585.71,1.503,-16.010,54.954,-178.221,54.954,-4.13,2000.0,21.57,77.7,7.65,12.10,19.75
372,587.25,1.538,-16.215,54.889,-176.698,54.889,-4.24,2000.0,21.16,76.2,7.60,12.25,19.85
373,588.76,1.510,-16.417,54.820,-175.203,54.820,-4.58,2000.0,20.77,74.8,7.55,12.40,19.95
374,590.30,1.539,-16.623,54.747,-173.680,54.747,-4.72,2000.0,20.31,73.1,7.50,12.50,20.00
375,591.80,1.507,-16.825,54.678,-172.188,54.678,-4.62,2000.0,19.89,71.6,7.45,12.65,20.10
376,593.34,1.534,-17.031,54.611,-170.669,54.611,-4.38,2000.0,19.45,70.0,7.40,12.80,20.20
377,594.90,1.558,-17.241,54.547,-169.127,54.547,-4.05,2000.0,19.03,68.5,7.35,12.95,20.30
378,596.42,1.524,-17.447,54.486,-167.618,54.486,-4.04,1419.3,18.61,67.0,7.30,13.10,20.40
379,597.97,1.545,-17.655,54.422,-166.088,54.422,-4.15,807.1,18.19,65.5,7.25,13.25,20.50
380,599.48,1.510,-17.861,54.357,-164.594,54.357,-4.32,507.3,17.77,64.0,7.20,13.35,20.55
381,601.00,1.527,-18.071,54.290,-163.083,54.290,-4.39,344.2,17.35,62.5,7.10,13.50,20.60
382,602.54,1.537,-18.289,54.220,-161.564,54.220,-4.56,251.2,16.81,60.5,7.05,13.65,20.70
383,604.08,1.538,-18.516,54.150,-160.045,54.150,-4.56,198.3,16.27,58.6,7.05,13.75,20.80
384,605.61,1.534,-18.756,54.077,-158.531,54.077,-4.72,167.5,15.72,56.6,7.00,13.85,20.85
385,607.14,1.533,-19.010,54.003,-157.021,54.003,-4.85,147.6,15.29,55.0,7.00,13.95,20.95
386,608.68,1.541,-19.283,53.927,-155.506,53.927,-4.91,133.7,14.95,53.8,7.00,14.05,21.05
387,610.19,1.508,-19.568,53.856,-154.026,53.856,-4.71,122.9,14.65,52.7,7.00,14.10,21.10
388,611.72,1.522,-19.873,53.787,-152.537,53.787,-4.57,110.7,14.36,51.7,7.05,14.15,21.20
389,613.25,1.535,-20.199,53.715,-151.038,53.715,-4.68,95.9,14.09,50.7,7.10,14.15,21.25
390,614.76,1.508,-20.538,53.641,-149.571,53.641,-4.91,80.8,13.85,49.9,7.20,14.15,21.35
391,616.29,1.527,-20.905,53.563,-148.090,53.563,-5.15,66.6,13.68,49.3,7.30,14.15,21.45
392,617.80,1.510,-21.298,53.486,-146.634,53.486,-5.11,54.9,13.54,48.7,7.45,14.10,21.55
393,619.33,1.535,-21.736,53.410,-145.164,53.410,-4.92,46.0,13.39,48.2,7.60,14.00,21.60
394,620.85,1.518,-22.217,53.335,-143.727,53.335,-4.98,40.1,13.24,47.7,7.85,13.90,21.75
395,622.39,1.541,-22.764,53.261,-142.288,53.261,-4.79,36.3,13.10,47.2,8.20,13.75,21.95
396,623.91,1.523,-23.369,53.182,-140.892,53.182,-5.19,34.0,12.95,46.6,8.60,13.55,22.15
397,625.42,1.506,-24.038,53.105,-139.545,53.105,-5.14,33.0,12.82,46.2,9.10,13.35,22.45
398,626.95,1.528,-24.783,53.021,-138.214,53.021,-5.50,32.3,12.67,45.6,9.75,13.10,22.85
399,628.46,1.512,-25.579,52.940,-136.931,52.940,-5.39,31.6,12.53,45.1,10.45,12.75,23.20
400,629.99,1.533,-26.442,52.857,-135.666,52.857,-5.41,30.5,12.40,44.6,11.25,12.35,23.60
401,631.51,1.516,-27.353,52.776,-134.457,52.776,-5.31,29.3,12.27,44.2,12.20,11.95,24.15
402,633.05,1.537,-28.339,52.696,-133.281,52.696,-5.21,28.0,12.13,43.7,13.35,11.45,24.80
403,634.57,1.520,-29.378,52.616,-132.175,52.616,-5.30,27.1,12.00,43.2,14.65,10.95,25.60
404,636.07,1.504,-30.471,52.536,-131.145,52.536,-5.34,26.7,11.87,42.7,16.10,10.40,26.50
405,637.60,1.524,-31.639,52.456,-130.169,52.456,-5.27,26.8,11.76,42.3,17.95,9.85,27.80
406,639.10,1.508,-32.851,52.380,-129.276,52.380,-5.05,27.3,11.65,41.9,20.15,9.40,29.55
407,640.63,1.529,-34.129,52.304,-128.440,52.304,-4.98,28.2,11.53,41.5,22.70,8.75,31.45
408,642.15,1.515,-35.438,52.228,-127.682,52.228,-4.96,29.1,11.43,41.1,25.70,8.00,33.70
409,643.68,1.535,-36.804,52.151,-126.984,52.151,-5.03,29.7,11.32,40.8,29.20,6.90,36.10
410,645.21,1.522,-38.190,52.070,-126.361,52.070,-5.34,30.1,11.23,40.4,33.15,5.70,38.85
411,646.72,1.510,-39.594,51.980,-125.811,51.980,-5.97,30.4,11.15,40.1,34.90,4.35,39.25
412,648.25,1.534,-41.044,51.870,-125.322,51.870,-7.17,30.2,11.09,39.9,32.50,2.95,35.45
413,649.78,1.525,-42.507,51.744,-124.910,51.744,-8.31,29.7,11.03,39.7,29.80,2.25,32.05
414,651.29,1.517,-43.981,51.608,-124.575,51.608,-9.01,29.2,10.97,39.5,27.30,1.95,29.25
415,652.80,1.509,-45.463,51.475,-124.322,51.475,-8.81,28.8,10.91,39.3,25.10,2.00,27.10
416,654.34,1.535,-46.982,51.349,-124.139,51.349,-8.23,28.0,10.84,39.0,23.70,2.45,26.15
417,655.86,1.524,-48.498,51.235,-124.042,51.235,-7.57,27.6,10.78,38.8,22.50,3.05,25.55
418,657.38,1.513,-50.008,51.147,-124.031,51.147,-5.82,27.4,10.70,38.5,21.50,3.80,25.30
419,658.88,1.502,-51.507,51.084,-124.103,51.084,-4.20,27.4,10.61,38.2,20.70,4.75,25.45
420,660.40,1.520,-53.018,51.033,-124.266,51.033,-3.32,27.6,10.51,37.8,20.00,6.00,26.00
421,661.91,1.510,-54.507,50.996,-124.512,50.996,-2.46,28.2,10.48,37.7,19.35,7.20,26.55
422,663.42,1.507,-55.979,50.964,-124.835,50.964,-2.15,28.9,10.46,37.7,18.85,8.25,27.10
423,664.92,1.504,-57.429,50.939,-125.235,50.939,-1.61,29.7,10.44,37.6,18.25,9.15,27.40
424,666.42,1.502,-58.854,50.917,-125.708,50.917,-1.52,30.7,10.43,37.5,17.80,9.95,27.75
425,667.93,1.505,-60.256,50.896,-126.253,50.896,-1.39,32.0,10.48,37.7,17.40,10.65,28.05
426,669.44,1.517,-61.641,50.874,-126.870,50.874,-1.40,33.5,10.59,38.1,11.10,11.25,22.35
427,670.95,1.503,-62.984,50.849,-127.544,50.849,-1.68,35.2,10.70,38.5,10.35,11.80,22.15
428,672.45,1.507,-64.301,50.824,-128.275,50.824,-1.67,36.9,10.67,38.4,9.55,12.35,21.90
429,673.96,1.505,-65.585,50.802,-129.060,50.802,-1.50,38.9,10.70,38.5,8.80,12.20,21.00
430,675.48,1.518,-66.849,50.783,-129.900,50.783,-1.23,40.4,10.82,39.0,8.05,12.65,20.70
431,676.98,1.503,-68.070,50.767,-130.777,50.767,-1.04,41.8,10.99,39.5,7.35,13.05,20.40
432,678.50,1.520,-69.272,50.746,-131.707,50.746,-1.43,42.5,11.10,40.0,6.75,13.45,20.20
433,680.01,1.505,-70.430,50.733,-132.670,50.733,-0.83,43.1,11.21,40.3,6.20,13.75,19.95
434,681.53,1.524,-71.568,50.720,-133.683,50.720,-0.83,43.3,11.33,40.8,5.65,14.10,19.75
435,683.04,1.507,-72.657,50.713,-134.724,50.713,-0.53,43.5,11.47,41.3,5.15,14.35,19.50
436,684.56,1.521,-73.718,50.712,-135.815,50.712,-0.03,43.8,11.62,41.8,4.75,14.60,19.35
437,686.06,1.503,-74.728,50.709,-136.927,50.709,-0.22,44.7,11.70,42.1,4.35,14.80,19.15
438,687.58,1.518,-75.708,50.708,-138.087,50.708,-0.03,46.3,11.80,42.5,4.00,14.95,18.95
439,689.11,1.533,-76.657,50.706,-139.290,50.706,-0.16,48.7,11.98,43.1,3.65,15.15,18.80
440,690.62,1.512,-77.552,50.706,-140.508,50.706,0.02,51.9,12.06,43.4,3.40,15.25,18.65
441,692.13,1.503,-78.405,50.715,-141.745,50.715,0.59,56.5,12.41,44.7,3.20,15.35,18.55
442,693.65,1.523,-79.238,50.721,-143.020,50.721,0.41,60.7,13.00,46.8,3.00,15.50,18.50
443,695.17,1.525,-80.042,50.728,-144.317,50.728,0.44,64.1,13.78,49.6,2.85,15.60,18.45
444,696.71,1.538,-80.821,50.737,-145.643,50.737,0.58,67.2,14.72,53.0,2.75,15.65,18.40
445,698.22,1.507,-81.556,50.750,-146.958,50.750,0.86,69.5,15.71,56.5,2.65,15.70,18.35
446,699.77,1.550,-82.288,50.767,-148.324,50.767,1.10,70.2,16.55,59.6,2.60,15.75,18.35
447,701.29,1.519,-82.973,50.785,-149.680,50.785,1.16,72.5,17.12,61.6,2.60,15.75,18.35
448,702.80,1.507,-83.618,50.802,-151.042,50.802,1.13,76.3,17.55,63.2,3.60,15.75,19.35
449,704.34,1.544,-84.250,50.824,-152.451,50.824,1.44,80.4,17.97,64.7,5.15,15.70,20.85
450,705.87,1.528,-84.850,50.850,-153.856,50.850,1.74,83.9,18.37,66.1,4.85,15.65,20.50
451,707.37,1.506,-85.420,50.879,-155.249,50.879,1.91,86.9,18.78,67.6,4.90,15.60,20.50
452,708.91,1.539,-85.980,50.908,-156.682,50.908,1.87,86.8,19.19,69.1,5.00,15.50,20.50
453,710.43,1.513,-86.508,50.939,-158.100,50.939,2.03,84.9,19.60,70.6,4.45,15.35,19.80
454,711.97,1.545,-87.020,50.975,-159.557,50.975,2.32,82.7,19.98,71.9,4.60,15.25,19.85
455,713.48,1.514,-87.493,51.014,-160.994,51.014,2.60,80.5,20.37,73.3,4.00,15.10,19.10
456,715.03,1.542,-87.945,51.060,-162.468,51.060,2.95,79.1,20.74,74.7,4.20,14.95,19.15
457,716.53,1.506,-88.360,51.107,-163.915,51.107,3.16,78.5,21.09,75.9,4.35,14.75,19.10
458,718.06,1.533,-88.755,51.156,-165.395,51.156,3.15,78.1,21.46,77.2,4.55,14.55,19.10
459,719.62,1.560,-89.126,51.206,-166.909,51.206,3.24,77.9,21.86,78.7,4.75,14.30,19.05
460,721.15,1.522,-89.456,51.259,-168.394,51.259,3.47,78.8,22.27,80.2,5.00,14.05,19.05
461,722.70,1.552,-89.764,51.315,-169.914,51.315,3.62,79.6,22.75,81.9,5.25,13.80,19.05
462,724.21,1.516,-90.034,51.373,-171.405,51.373,3.82,80.7,23.18,83.5,5.50,13.50,19.00
463,725.76,1.546,-90.283,51.431,-172.930,51.431,3.79,82.4,23.63,85.1,5.80,13.15,18.95
464,727.26,1.502,-90.498,51.486,-174.415,51.486,3.64,85.2,24.04,86.6,6.10,12.85,18.95
465,728.79,1.531,-90.691,51.543,-175.933,51.543,3.71,88.2,24.52,88.3,6.40,12.50,18.90
466,730.35,1.561,-90.856,51.605,-177.484,51.605,4.00,94.2,25.00,90.0,6.75,12.10,18.85
467,731.87,1.513,-90.988,51.670,-178.989,51.670,4.30,105.3,25.42,91.5,7.05,11.70,18.75
468,733.40,1.537,-91.100,51.737,-180.521,51.737,4.36,123.0,25.83,93.0,7.45,11.25,18.70
469,734.97,1.562,-91.193,51.808,-182.079,51.808,4.57,151.0,26.26,94.5,7.80,10.80,18.60
470,736.48,1.510,-91.267,51.881,-183.586,51.881,4.84,203.5,26.71,96.1,8.15,17.05,25.20
471,738.01,1.534,-91.330,51.961,-185.116,51.961,5.19,310.7,27.10,97.6,8.50,15.70,24.20
472,739.57,1.557,-91.387,52.044,-186.669,52.044,5.39,574.7,27.50,99.0,8.85,14.10,22.95
473,741.15,1.580,-91.443,52.132,-188.246,52.132,5.55,2000.0,27.91,100.5,9.15,12.05,21.20
474,742.67,1.517,-91.497,52.217,-189.760,52.217,5.62,1722.7,28.27,101.8,9.50,9.50,19.00
475,744.20,1.537,-91.554,52.304,-191.293,52.304,5.69,755.2,28.62,103.0,9.75,7.85,17.60
476,745.75,1.548,-91.617,52.395,-192.838,52.395,5.84,534.5,28.64,103.1,10.05,7.35,17.40
477,747.28,1.533,-91.684,52.482,-194.367,52.482,5.73,422.2,28.12,101.2,10.30,6.90,17.20
478,748.79,1.503,-91.755,52.569,-195.866,52.569,5.78,341.7,27.54,99.1,10.50,6.50,17.00
479,750.33,1.544,-91.833,52.658,-197.406,52.658,5.76,271.3,26.68,96.1,10.75,6.10,16.85
480,751.90,1.574,-91.918,52.751,-198.974,52.751,5.91,214.2,25.86,93.1,10.95,5.70,16.65
481,753.44,1.531,-92.011,52.839,-200.500,52.839,5.76,173.7,25.29,91.0,11.15,5.30,16.45
482,754.95,1.510,-92.117,52.922,-202.003,52.922,5.51,146.8,25.05,90.2,11.30,5.00,16.30
483,756.52,1.573,-92.245,53.007,-203.569,53.007,5.44,127.1,24.89,89.6,11.45,4.65,16.10
484,758.08,1.561,-92.392,53.092,-205.121,53.092,5.44,113.7,24.69,88.9,11.60,4.35,15.95
485,759.63,1.551,-92.561,53.180,-206.660,53.180,5.67,104.2,24.54,88.3,11.70,4.10,15.80
486,761.17,1.540,-92.751,53.267,-208.185,53.267,5.71,96.9,24.37,87.7,11.75,3.85,15.60
487,762.70,1.530,-92.962,53.352,-209.698,53.352,5.51,91.1,24.20,87.1,11.80,3.65,15.45
488,764.22,1.520,-93.196,53.434,-211.198,53.434,5.40,86.9,24.05,86.6,11.85,3.50,15.35
489,765.73,1.508,-93.455,53.512,-212.682,53.512,5.22,83.5,23.85,85.9,11.85,3.35,15.20
490,767.30,1.568,-93.757,53.599,-214.218,53.599,5.52,80.8,23.67,85.2,11.85,3.25,15.10
491,768.85,1.557,-94.087,53.687,-215.737,53.687,5.66,78.7,23.53,84.7,11.85,3.15,15.00
492,770.40,1.546,-94.443,53.769,-217.239,53.769,5.33,76.9,23.34,84.0,11.80,3.10,14.90
493,771.94,1.536,-94.823,53.846,-218.725,53.846,5.02,74.5,23.19,83.5,11.70,3.05,14.75
494,773.46,1.524,-95.231,53.918,-220.192,53.918,4.74,71.9,23.01,82.8,11.60,3.10,14.70
495,774.97,1.513,-95.667,53.989,-221.639,53.989,4.69,69.6,22.84,82.2,11.50,3.15,14.65
496,776.47,1.502,-96.131,54.057,-223.066,54.057,4.53,67.2,22.69,81.7,10.70,3.25,13.95
497,778.03,1.559,-96.646,54.123,-224.536,54.123,4.24,64.4,22.52,81.1,10.55,3.40,13.95
498,779.58,1.547,-97.192,54.185,-225.983,54.185,4.01,61.8,22.34,80.4,10.35,3.60,13.95
499,781.12,1.536,-97.771,54.244,-227.404,54.244,3.85,59.9,22.20,79.9,10.15,3.80,13.95
500,782.64,1.527,-98.382,54.300,-228.803,54.300,3.65,58.3,22.07,79.5,9.90,4.05,13.95
501,784.16,1.518,-99.025,54.351,-230.178,54.351,3.39,57.0,21.94,79.0,9.65,4.30,13.95
502,785.67,1.509,-99.701,54.401,-231.526,54.401,3.30,56.8,21.81,78.5,9.40,4.60,14.00
503,787.17,1.501,-100.411,54.451,-232.848,54.451,3.34,57.3,21.71,78.2,9.10,4.90,14.00
504,788.73,1.560,-101.188,54.504,-234.200,54.504,3.37,58.0,21.64,77.9,13.15,5.25,18.40
505,790.29,1.556,-102.000,54.556,-235.527,54.556,3.35,59.2,21.59,77.7,11.20,5.55,16.75
506,791.84,1.553,-102.845,54.607,-236.829,54.607,3.28,60.8,21.54,77.5,8.95,5.90,14.85
507,793.39,1.549,-103.720,54.656,-238.106,54.656,3.20,62.5,21.49,77.4,7.80,6.20,14.00
508,794.94,1.546,-104.624,54.704,-239.359,54.704,3.08,64.0,21.46,77.2,7.45,6.50,13.95
509,796.48,1.544,-105.557,54.752,-240.588,54.752,3.09,65.6,21.43,77.2,7.15,6.80,13.95
510,798.03,1.543,-106.518,54.800,-241.794,54.800,3.10,66.9,21.42,77.1,6.85,7.05,13.90
511,799.57,1.542,-107.506,54.845,-242.977,54.845,2.95,67.7,21.41,77.1,6.60,7.25,13.85
512,801.11,1.541,-108.518,54.887,-244.138,54.887,2.75,68.2,21.40,77.1,6.60,7.50,14.10
513,802.65,1.541,-109.556,54.925,-245.277,54.925,2.45,68.4,21.40,77.0,6.65,7.70,14.35
514,804.19,1.541,-110.619,54.962,-246.391,54.962,2.38,68.9,21.39,77.0,6.55,7.95,14.50
515,805.73,1.540,-111.709,55.000,-247.479,55.000,2.49,69.8,21.39,77.0,6.30,8.20,14.50
516,807.27,1.540,-112.823,55.039,-248.541,55.039,2.51,70.9,21.39,77.0,6.05,8.45,14.50
517,808.81,1.540,-113.958,55.076,-249.581,55.076,2.40,72.0,21.38,77.0,5.80,8.70,14.50
518,810.35,1.539,-115.115,55.112,-250.595,55.112,2.37,73.2,21.38,77.0,5.55,8.95,14.50
519,811.89,1.539,-116.292,55.146,-251.587,55.146,2.18,73.9,21.38,77.0,5.30,32.90,38.20
520,813.43,1.539,-117.490,55.179,-252.552,55.179,2.20,74.2,21.36,76.9,5.05,35.75,40.80
521,814.97,1.538,-118.706,55.214,-253.493,55.214,2.22,74.0,21.35,76.9,4.80,38.75,43.55
522,816.50,1.537,-119.942,55.247,-254.406,55.247,2.20,73.5,21.35,76.8,4.60,42.00,46.60
523,818.04,1.536,-121.195,55.280,-255.295,55.280,2.10,72.6,21.32,76.8,4.35,45.45,49.80
524,819.57,1.533,-122.462,55.308,-256.156,55.308,1.83,71.6,21.26,76.5,4.15,49.10,53.25
525,821.10,1.528,-123.744,55.334,-256.988,55.334,1.70,71.2,21.20,76.3,3.95,53.15,57.10
526,822.62,1.524,-125.040,55.358,-257.789,55.358,1.61,71.0,21.13,76.1,3.75,57.60,61.35
527,824.15,1.524,-126.355,55.387,-258.558,55.387,1.88,71.4,21.17,76.2,3.60,62.65,66.25
528,825.67,1.524,-127.687,55.417,-259.300,55.417,2.00,71.7,21.17,76.2,3.40,67.95,71.35
529,827.20,1.524,-129.033,55.446,-260.014,55.446,1.90,71.7,21.17,76.2,3.25,73.55,76.80
530,828.72,1.524,-130.393,55.468,-260.703,55.468,1.38,70.5,21.17,76.2,3.15,79.35,82.50
531,830.25,1.524,-131.767,55.487,-261.363,55.487,1.25,69.0,21.17,76.2,3.00,86.25,89.25
532,831.77,1.524,-133.155,55.506,-261.992,55.506,1.25,67.3,21.17,76.2,2.90,94.15,97.05
533,833.30,1.524,-134.558,55.525,-262.588,55.525,1.25,65.7,21.17,76.2,2.75,11.47,14.22
534,834.82,1.524,-135.974,55.543,-263.150,55.543,1.22,64.5,21.16,76.2,2.65,11.57,14.22
535,836.34,1.524,-137.403,55.561,-263.679,55.561,1.18,64.1,21.17,76.2,2.55,11.66,14.21
536,837.87,1.524,-138.844,55.578,-264.172,55.578,1.10,64.2,21.16,76.2,2.45,11.75,14.20
537,839.39,1.524,-140.297,55.592,-264.632,55.592,0.95,64.4,21.17,76.2,2.40,11.82,14.22
538,840.92,1.524,-141.761,55.606,-265.056,55.606,0.87,64.9,21.17,76.2,2.30,11.89,14.19
539,842.44,1.525,-143.235,55.617,-265.446,55.617,0.75,65.3,21.18,76.2,2.25,11.94,14.19
540,843.97,1.526,-144.718,55.627,-265.801,55.627,0.64,65.7,21.19,76.3,2.20,11.99,14.19
541,845.49,1.526,-146.210,55.633,-266.124,55.633,0.42,65.8,21.20,76.3,2.15,12.03,14.18
542,847.02,1.527,-147.710,55.639,-266.411,55.639,0.41,65.7,21.22,76.4,2.10,12.08,14.18
543,848.55,1.528,-149.218,55.644,-266.664,55.644,0.31,65.5,21.24,76.5,2.05,12.09,14.14
544,850.08,1.529,-150.731,55.650,-266.880,55.650,0.39,65.4,21.24,76.5,2.05,12.10,14.15
545,851.61,1.530,-152.250,55.655,-267.062,55.655,0.29,65.0,21.25,76.5,2.05,12.10,14.15
546,853.14,1.531,-153.774,55.659,-267.209,55.659,0.25,64.9,21.27,76.6,2.00,12.10,14.10
547,854.67,1.531,-155.302,55.662,-267.317,55.662,0.21,65.0,21.28,76.6,2.00,12.09,14.09
548,856.20,1.533,-156.832,55.662,-267.391,55.662,0.03,65.1,21.29,76.7,1.95,12.09,14.04
549,857.74,1.533,-158.365,55.660,-267.428,55.660,-0.14,65.6,21.31,76.7,1.95,12.09,14.04
550,859.27,1.534,-159.900,55.655,-267.429,55.655,-0.34,66.5,21.32,76.7,1.95,12.09,14.04
551,860.81,1.535,-161.435,55.648,-267.393,55.648,-0.41,67.8,21.33,76.8,1.95,12.09,14.04
552,862.34,1.536,-162.969,55.642,-267.322,55.642,-0.44,69.5,21.35,76.9,2.00,12.09,14.09
553,863.88,1.538,-164.503,55.634,-267.216,55.634,-0.50,71.6,21.37,76.9,2.00,12.09,14.09
554,865.42,1.539,-166.036,55.625,-267.077,55.625,-0.55,73.8,21.38,77.0,2.00,12.08,14.08
555,866.96,1.540,-167.567,55.616,-266.906,55.616,-0.60,75.6,21.40,77.1,2.00,12.07,14.07
556,868.50,1.542,-169.096,55.606,-266.705,55.606,-0.68,76.9,21.42,77.1,2.00,12.06,14.06
557,870.05,1.544,-170.622,55.593,-266.474,55.593,-0.80,77.3,21.45,77.2,2.00,12.02,14.02
558,871.59,1.545,-172.144,55.578,-266.212,55.578,-0.95,77.2,21.47,77.3,2.05,11.96,14.01
559,873.14,1.547,-173.663,55.560,-265.921,55.560,-1.19,76.9,21.49,77.4,2.10,11.84,13.94
560,874.69,1.548,-175.177,55.540,-265.598,55.540,-1.29,76.7,21.51,77.5,2.15,11.70,13.85
561,876.24,1.550,-176.685,55.518,-265.244,55.518,-1.41,76.8,21.53,77.5,2.25,11.56,13.81
562,877.79,1.551,-178.188,55.498,-264.857,55.498,-1.29,77.3,21.56,77.6,2.35,11.40,13.75
563,879.34,1.553,-179.683,55.480,-264.439,55.480,-1.19,78.2,21.59,77.7,2.50,11.23,13.73
564,880.90,1.555,-181.173,55.461,-263.991,55.461,-1.21,79.2,21.61,77.8,2.65,11.06,13.71
565,882.46,1.557,-182.655,55.439,-263.515,55.439,-1.39,79.5,21.63,77.9,2.80,10.88,13.68
566,884.01,1.558,-184.128,55.417,-263.009,55.417,-1.41,79.2,21.65,77.9,3.00,10.70,13.70
567,885.57,1.560,-185.594,55.395,-262.474,55.395,-1.44,78.5,21.68,78.0,3.25,10.50,13.75
568,887.14,1.562,-187.049,55.372,-261.909,55.372,-1.49,77.4,21.71,78.1,3.45,10.29,13.74
569,888.70,1.564,-188.496,55.342,-261.316,55.342,-1.86,76.1,21.73,78.2,3.70,10.07,13.77
570,890.27,1.565,-189.931,55.311,-260.693,55.311,-1.99,75.5,21.75,78.3,4.00,9.86,13.86
571,891.77,1.502,-191.296,55.281,-260.067,55.281,-2.04,76.4,21.77,78.4,4.30,9.66,13.96
572,893.27,1.503,-192.649,55.249,-259.412,55.249,-2.08,77.9,21.80,78.5,4.55,9.46,14.01
573,894.78,1.505,-193.989,55.219,-258.730,55.219,-2.05,80.0,21.82,78.6,4.85,9.27,14.12
574,896.28,1.507,-195.319,55.187,-258.022,55.187,-2.11,82.8,21.86,78.7,5.20,9.09,14.29
575,897.79,1.509,-196.638,55.154,-257.289,55.154,-2.20,85.8,21.88,78.8,5.50,8.91,14.41
576,899.30,1.511,-197.946,55.117,-256.534,55.117,-2.44,88.0,21.92,78.9,5.85,8.71,14.56
577,900.82,1.514,-199.243,55.079,-255.754,55.079,-2.49,90.0,21.96,79.0,6.15,8.50,14.65
578,902.33,1.517,-200.528,55.042,-254.950,55.042,-2.42,92.7,22.00,79.2,6.50,97.65,104.15
579,903.85,1.520,-201.804,55.003,-254.124,55.003,-2.56,95.7,22.05,79.4,6.75,98.35,105.10
580,905.38,1.524,-203.068,54.965,-253.274,54.965,-2.50,98.9,22.12,79.6,6.75,92.80,99.55
581,906.91,1.530,-204.324,54.926,-252.402,54.926,-2.60,102.9,22.21,79.9,6.80,90.75,97.55
582,908.44,1.536,-205.571,54.892,-251.505,54.892,-2.21,107.7,22.34,80.4,7.10,88.75,95.85
583,909.99,1.548,-206.815,54.854,-250.585,54.854,-2.44,111.3,22.53,81.1,7.40,87.00,94.40
584,911.56,1.563,-208.059,54.812,-249.640,54.812,-2.67,113.3,22.76,81.9,7.70,85.30,93.00
585,913.07,1.510,-209.249,54.770,-248.712,54.770,-2.80,115.2,22.99,82.8,7.95,83.75,91.70
586,914.59,1.526,-210.439,54.726,-247.758,54.726,-2.86,116.8,23.23,83.6,8.20,82.20,90.40
587,916.13,1.542,-211.629,54.681,-246.778,54.681,-2.92,117.4,23.48,84.5,8.45,80.70,89.15
588,917.69,1.558,-212.818,54.635,-245.771,54.635,-2.94,118.4,23.73,85.4,8.65,79.20,87.85
589,919.20,1.503,-213.951,54.590,-244.785,54.590,-3.02,119.6,23.97,86.3,8.85,77.85,86.70
590,920.71,1.518,-215.084,54.542,-243.775,54.542,-3.16,120.4,24.22,87.2,9.05,76.55,85.60
591,922.25,1.533,-216.216,54.489,-242.742,54.489,-3.47,120.6,24.46,88.1,9.25,75.35,84.60
592,923.80,1.549,-217.345,54.433,-241.684,54.433,-3.62,121.4,24.70,88.9,9.40,74.10,83.50
593,925.36,1.564,-218.472,54.374,-240.600,54.374,-3.79,122.2,24.96,89.9,9.60,72.90,82.50
594,926.87,1.505,-219.541,54.318,-239.542,54.318,-3.69,125.1,25.19,90.7,9.70,71.75,81.45
595,928.39,1.519,-220.608,54.260,-238.462,54.260,-3.80,128.0,25.44,91.6,9.85,70.70,80.55
596,929.92,1.534,-221.672,54.198,-237.359,54.198,-4.06,131.7,25.68,92.4,10.00,69.70,79.70
597,931.47,1.548,-222.733,54.132,-236.233,54.132,-4.28,135.3,25.94,93.4,10.15,68.75,78.90
598,933.03,1.564,-223.792,54.064,-235.084,54.064,-4.35,139.9,26.19,94.3,10.25,67.75,78.00
599,934.61,1.579,-224.846,53.995,-233.911,53.995,-4.37,144.7,26.43,95.2,10.35,7.75,18.10
600,936.13,1.514,-225.846,53.926,-232.776,53.926,-4.55,152.4,26.67,96.0,10.50,7.60,18.10
601,937.65,1.527,-226.843,53.855,-231.621,53.855,-4.68,162.1,26.92,96.9,10.60,7.45,18.05
602,939.20,1.541,-227.837,53.783,-230.445,53.783,-4.68,175.6,27.16,97.8,10.65,7.35,18.00
603,940.75,1.555,-228.829,53.711,-229.249,53.711,-4.60,193.2,27.39,98.6,10.75,7.25,18.00
604,942.32,1.569,-229.820,53.638,-228.034,53.638,-4.64,213.9,27.64,99.5,10.80,7.20,18.00
605,943.90,1.582,-230.810,53.563,-226.803,53.563,-4.75,234.7,27.86,100.3,10.90,7.10,18.00
606,945.41,1.511,-231.750,53.486,-225.622,53.486,-5.11,254.5,28.11,101.2,10.95,7.05,18.00
607,946.94,1.524,-232.691,53.409,-224.425,53.409,-5.06,267.8,28.35,102.0,11.00,7.00,18.00
608,948.48,1.538,-233.633,53.330,-223.212,53.330,-5.13,272.9,28.58,102.9,11.05,6.95,18.00
609,950.03,1.550,-234.576,53.250,-221.985,53.250,-5.21,271.1,28.81,103.7,11.10,6.95,18.05
610,951.59,1.563,-235.521,53.165,-220.742,53.165,-5.43,265.7,29.05,104.6,11.15,6.90,18.05
611,953.17,1.576,-236.466,53.077,-219.485,53.077,-5.60,257.7,29.33,105.6,11.20,6.90,18.10
612,954.67,1.503,-237.360,52.993,-218.279,52.993,-5.56,254.8,29.58,106.5,11.20,6.90,18.10
613,956.18,1.515,-238.253,52.911,-217.058,52.911,-5.43,254.7,29.83,107.4,11.25,6.80,18.05
614,957.71,1.528,-239.147,52.827,-215.821,52.827,-5.55,254.6,30.10,108.4,11.25,6.75,18.00
615,959.26,1.543,-240.042,52.739,-214.566,52.739,-5.66,254.6,30.40,109.5,11.30,6.65,17.95
616,960.82,1.559,-240.938,52.651,-213.294,52.651,-5.68,257.2,30.69,110.5,11.30,6.60,17.90
617,962.39,1.574,-241.835,52.560,-212.004,52.560,-5.82,256.7,31.01,111.6,11.35,6.55,17.90
618,963.98,1.589,-242.732,52.466,-210.696,52.466,-5.89,255.3,31.30,112.7,11.35,6.55,17.90
619,965.49,1.510,-243.578,52.376,-209.448,52.376,-5.99,257.1,31.61,113.8,11.35,6.50,17.85
620,967.01,1.524,-244.423,52.285,-208.183,52.285,-5.99,261.1,31.88,114.8,11.40,6.50,17.90
621,968.55,1.538,-245.269,52.191,-206.902,52.191,-6.11,263.9,32.18,115.8,11.40,6.50,17.90
622,970.10,1.552,-246.115,52.097,-205.604,52.097,-6.09,270.3,32.46,116.9,11.40,6.50,17.90
623,971.67,1.566,-246.960,52.001,-204.290,52.001,-6.09,280.3,32.76,118.0,11.40,6.50,17.90
624,973.25,1.580,-247.805,51.907,-202.959,51.907,-6.02,294.2,33.03,118.9,11.40,6.55,17.95
625,974.84,1.589,-248.648,51.811,-201.615,51.811,-6.00,315.8,33.14,119.3,11.40,6.55,17.95
626,976.43,1.589,-249.483,51.716,-200.266,51.716,-5.99,347.9,33.05,119.0,11.40,6.60,18.00
627,978.01,1.579,-250.307,51.621,-198.922,51.621,-6.08,387.3,32.70,117.7,11.40,6.60,18.00
628,979.56,1.554,-251.112,51.528,-197.597,51.528,-6.00,434.4,32.06,115.4,11.40,6.60,18.00
629,981.08,1.523,-251.898,51.438,-196.295,51.438,-5.86,478.8,31.44,113.2,11.40,6.55,17.95
630,982.67,1.585,-252.712,51.347,-194.939,51.347,-5.78,510.2,30.76,110.7,11.35,6.55,17.90
631,984.22,1.551,-253.505,51.258,-193.609,51.258,-5.74,525.7,30.10,108.3,11.35,6.55,17.90
632,985.74,1.517,-254.277,51.171,-192.305,51.171,-5.73,526.0,29.44,106.0,11.35,6.55,17.90
633,987.31,1.570,-255.071,51.082,-190.955,51.082,-5.68,511.8,28.74,103.5,11.35,6.50,17.85
634,988.84,1.534,-255.844,50.996,-189.632,50.996,-5.65,490.9,28.12,101.2,11.35,6.55,17.90
635,990.43,1.584,-256.638,50.907,-188.264,50.907,-5.59,464.1,27.49,99.0,11.35,6.55,17.90
636,991.97,1.547,-257.409,50.823,-186.925,50.823,-5.47,430.9,26.86,96.7,11.35,6.55,17.90
637,993.49,1.516,-258.160,50.742,-185.611,50.742,-5.37,396.8,26.36,94.9,11.35,6.55,17.90
638,995.06,1.567,-258.931,50.658,-184.250,50.658,-5.36,359.5,25.91,93.3,11.35,6.60,17.95
639,996.60,1.542,-259.685,50.575,-182.907,50.575,-5.40,326.7,25.55,92.0,11.35,6.60,17.95
640,998.12,1.524,-260.423,50.492,-181.577,50.492,-5.43,299.8,25.27,91.0,11.35,6.65,18.00
641,999.63,1.509,-261.148,50.411,-180.255,50.411,-5.35,278.3,25.05,90.2,11.35,6.70,18.05
642,1001.20,1.569,-261.894,50.332,-178.877,50.332,-5.09,260.5,24.78,89.2,11.30,6.70,18.00
643,1002.76,1.553,-262.623,50.257,-177.508,50.257,-4.81,251.5,24.54,88.3,11.30,6.70,18.00
644,1004.29,1.540,-263.338,50.185,-176.146,50.185,-4.70,247.4,24.36,87.7,11.25,6.65,17.90
645,1005.83,1.530,-264.039,50.114,-174.788,50.114,-4.63,248.1,24.22,87.2,11.25,6.65,17.90
646,1007.35,1.520,-264.727,50.045,-173.435,50.045,-4.53,253.8,24.04,86.5,11.20,6.65,17.85
647,1008.85,1.508,-265.401,49.978,-172.087,49.978,-4.47,264.0,23.83,85.8,11.15,6.70,17.85
648,1010.42,1.565,-266.093,49.910,-170.685,49.910,-4.33,273.6,23.61,85.0,11.10,6.70,17.80
649,1011.97,1.551,-266.771,49.844,-169.292,49.844,-4.24,284.6,23.41,84.3,11.05,6.75,17.80
650,1013.51,1.538,-267.436,49.780,-167.906,49.780,-4.21,293.0,23.21,83.5,11.00,6.80,17.80
651,1015.03,1.525,-268.089,49.718,-166.529,49.718,-4.08,296.4,23.02,82.9,10.95,6.80,17.75
652,1016.55,1.513,-268.729,49.657,-165.159,49.657,-4.02,293.5,22.84,82.2,10.90,6.90,17.80
653,1018.05,1.502,-269.358,49.598,-163.797,49.598,-3.93,285.2,22.67,81.6,10.85,6.95,17.80
654,1019.61,1.557,-270.004,49.538,-162.381,49.538,-3.84,267.2,22.49,81.0,10.80,7.00,17.80
655,1021.15,1.545,-270.637,49.481,-160.972,49.481,-3.71,244.1,22.31,80.3,10.75,7.10,17.85
656,1022.69,1.534,-271.256,49.426,-159.571,49.426,-3.57,217.8,22.14,79.7,10.70,7.20,17.90
657,1024.21,1.522,-271.862,49.374,-158.176,49.374,-3.43,190.6,21.98,79.1,11.50,7.25,18.75
658,1025.72,1.512,-272.454,49.323,-156.786,49.323,-3.34,164.6,21.86,78.7,12.80,7.30,20.10
659,1027.22,1.505,-273.031,49.274,-155.397,49.274,-3.30,141.9,21.76,78.3,29.40,7.40,36.80
660,1028.79,1.563,-273.616,49.223,-153.948,49.223,-3.22,121.6,21.67,78.0,25.35,7.50,32.85
661,1030.34,1.556,-274.180,49.174,-152.498,49.174,-3.20,105.1,21.56,77.6,21.15,7.60,28.75
662,1031.89,1.549,-274.721,49.125,-151.048,49.125,-3.11,92.3,21.46,77.3,16.75,7.75,24.50
663,1033.44,1.541,-275.234,49.079,-149.595,49.079,-3.05,82.9,21.36,76.9,11.95,8.70,20.65
664,1034.97,1.534,-275.717,49.033,-148.140,49.033,-2.94,76.5,21.25,76.5,10.20,10.15,20.35
665,1036.50,1.526,-276.168,48.991,-146.683,48.991,-2.80,72.1,21.14,76.1,10.05,11.70,21.75
666,1038.01,1.518,-276.584,48.951,-145.224,48.951,-2.61,69.3,21.02,75.7,9.95,13.35,23.30
667,1039.52,1.510,-276.964,48.915,-143.764,48.915,-2.42,67.4,20.92,75.3,9.80,15.10,24.90
668,1041.03,1.502,-277.310,48.878,-142.302,48.878,-2.42,65.9,20.82,74.9,9.65,16.95,26.60
669,1042.58,1.556,-277.635,48.839,-140.781,48.839,-2.51,63.8,20.70,74.5,9.50,19.00,28.50
670,1044.13,1.548,-277.921,48.801,-139.260,48.801,-2.47,62.0,20.58,74.1,9.30,21.25,30.55
671,1045.67,1.539,-278.167,48.764,-137.741,48.764,-2.37,60.3,20.47,73.7,9.10,23.70,32.80
672,1047.20,1.530,-278.373,48.731,-136.225,48.731,-2.18,58.5,20.35,73.3,8.95,26.35,35.30
673,1048.72,1.522,-278.538,48.701,-134.712,48.701,-1.97,56.6,20.24,72.8,8.75,29.20,37.95
674,1050.24,1.513,-278.663,48.673,-133.204,48.673,-1.84,54.8,20.13,72.5,8.55,43.75,52.30
675,1051.74,1.505,-278.748,48.644,-131.701,48.644,-1.92,52.6,20.02,72.1,8.35,44.25,52.60
676,1053.30,1.556,-278.790,48.614,-130.146,48.614,-1.96,50.2,19.89,71.6,8.15,44.90,53.05
677,1054.85,1.546,-278.785,48.585,-128.600,48.585,-1.85,48.0,19.77,71.2,7.95,45.55,53.50
678,1056.38,1.536,-278.728,48.559,-127.066,48.559,-1.69,46.1,19.63,70.7,7.70,46.45,54.15
679,1057.91,1.527,-278.620,48.535,-125.543,48.535,-1.57,44.5,19.51,70.2,7.45,47.50,54.95
680,1059.43,1.517,-278.461,48.512,-124.035,48.512,-1.55,43.2,19.39,69.8,7.20,48.70,55.90
681,1060.93,1.507,-278.252,48.487,-122.543,48.487,-1.63,42.0,19.26,69.3,6.95,50.00,56.95
682,1062.49,1.554,-277.980,48.462,-121.013,48.462,-1.62,40.7,19.12,68.8,6.70,51.50,58.20
683,1064.03,1.544,-277.650,48.438,-119.505,48.438,-1.57,39.7,19.00,68.4,6.40,53.20,59.60
684,1065.56,1.533,-277.266,48.412,-118.021,48.412,-1.71,38.9,18.86,67.9,6.10,55.60,61.70
685,1067.09,1.522,-276.826,48.386,-116.564,48.386,-1.69,38.4,18.73,67.4,5.80,60.10,65.90
686,1068.60,1.512,-276.330,48.359,-115.136,48.359,-1.75,38.3,18.60,67.0,5.45,65.25,70.70
687,1070.10,1.501,-275.781,48.333,-113.739,48.333,-1.74,38.6,18.48,66.5,5.80,68.50,74.30
688,1071.65,1.546,-275.158,48.305,-112.324,48.305,-1.81,39.0,18.35,66.1,5.40,71.40,76.80
689,1073.18,1.536,-274.481,48.279,-110.944,48.279,-1.72,39.6,18.23,65.6,5.05,74.20,79.25
690,1074.71,1.527,-273.758,48.251,-109.601,48.251,-1.82,40.3,18.12,65.2,4.70,76.30,81.00
691,1076.23,1.517,-272.990,48.222,-108.293,48.222,-1.90,40.8,18.01,64.8,4.35,77.70,82.05
692,1077.74,1.508,-272.179,48.193,-107.022,48.193,-1.94,40.9,17.90,64.4,4.00,78.85,82.85
693,1079.29,1.552,-271.296,48.165,-105.745,48.165,-1.83,40.7,17.80,64.1,3.75,78.95,82.70
694,1080.83,1.545,-270.368,48.139,-104.510,48.139,-1.64,40.3,17.72,63.8,3.50,78.90,82.40
695,1082.37,1.538,-269.401,48.113,-103.314,48.113,-1.70,39.8,17.64,63.5,3.25,78.35,81.60
696,1083.90,1.531,-268.394,48.087,-102.162,48.087,-1.72,39.3,17.55,63.2,3.05,77.75,80.80
697,1085.43,1.523,-267.346,48.063,-101.057,48.063,-1.54,39.0,17.46,62.9,2.90,76.70,79.60
698,1086.94,1.516,-266.260,48.043,-100.000,48.043,-1.37,39.0,17.39,62.6,2.70,74.65,77.35
699,1088.45,1.509,-265.139,48.022,-98.990,48.022,-1.36,38.9,17.32,62.3,2.60,72.40,75.00
700,1089.96,1.504,-263.984,48.003,-98.027,48.003,-1.26,38.8,17.25,62.1,2.45,66.90,69.35
701,1091.50,1.549,-262.755,47.989,-97.084,47.989,-0.94,38.3,17.19,61.9,2.30,62.80,65.10
702,1093.05,1.543,-261.496,47.975,-96.192,47.975,-0.86,37.5,17.10,61.6,2.20,60.35,62.55
703,1094.58,1.536,-260.206,47.967,-95.358,47.967,-0.53,36.5,17.03,61.3,2.10,56.95,59.05
704,1096.11,1.530,-258.889,47.961,-94.581,47.961,-0.39,35.4,16.96,61.1,2.00,53.60,55.60
705,1097.64,1.523,-257.546,47.955,-93.863,47.955,-0.40,34.4,16.89,60.8,1.95,50.65,52.60
706,1099.15,1.516,-256.179,47.947,-93.207,47.947,-0.52,33.5,16.80,60.5,1.90,47.95,49.85
707,1100.66,1.509,-254.790,47.943,-92.618,47.943,-0.31,32.9,16.72,60.2,1.85,45.50,47.35
708,1102.16,1.501,-253.381,47.943,-92.102,47.943,0.05,32.7,16.64,59.9,1.80,42.95,44.75
709,1103.71,1.544,-251.908,47.947,-91.639,47.947,0.26,32.5,16.57,59.7,1.75,40.75,42.50
710,1105.25,1.539,-250.419,47.951,-91.250,47.951,0.26,32.7,16.53,59.5,1.75,38.90,40.65
711,1106.78,1.535,-248.917,47.955,-90.932,47.955,0.27,33.1,16.49,59.4,1.75,37.30,39.05
712,1108.31,1.532,-247.405,47.963,-90.687,47.963,0.51,33.8,16.46,59.3,1.75,36.00,37.75
713,1109.84,1.530,-245.885,47.974,-90.515,47.974,0.68,34.5,16.44,59.2,1.75,34.85,36.60
714,1111.37,1.529,-244.359,47.987,-90.411,47.987,0.89,35.3,16.44,59.2,1.80,33.95,35.75
715,1112.90,1.529,-242.831,48.000,-90.369,48.000,0.83,36.0,16.44,59.2,1.80,33.20,35.00
716,1114.43,1.528,-241.303,48.014,-90.391,48.014,0.92,36.5,16.43,59.2,1.85,32.60,34.45
717,1115.96,1.528,-239.778,48.030,-90.476,48.030,1.03,36.8,16.43,59.1,1.90,32.00,33.90
718,1117.49,1.528,-238.258,48.052,-90.627,48.052,1.45,37.1,16.43,59.1,1.95,31.45,33.40
719,1119.01,1.528,-236.745,48.080,-90.842,48.080,1.83,37.6,16.44,59.2,2.05,31.05,33.10
720,1120.54,1.529,-235.241,48.108,-91.116,48.108,1.84,38.3,16.45,59.2,2.15,30.80,32.95
721,1122.07,1.531,-233.748,48.137,-91.454,48.137,1.94,39.7,16.48,59.3,2.25,30.60,32.85
722,1123.61,1.536,-232.266,48.168,-91.854,48.168,1.98,41.8,16.56,59.6,2.35,31.85,34.20
723,1125.16,1.550,-230.787,48.199,-92.316,48.199,2.00,44.8,16.77,60.4,2.45,33.50,35.95
724,1126.68,1.522,-229.351,48.229,-92.820,48.229,1.96,48.6,17.07,61.4,2.55,34.45,37.00
725,1128.18,1.502,-227.950,48.259,-93.360,48.259,2.02,53.2,17.45,62.8,2.75,34.40,37.15
726,1129.72,1.537,-226.532,48.292,-93.952,48.292,2.14,57.8,17.86,64.3,3.05,34.40,37.45
727,1131.24,1.518,-225.147,48.328,-94.571,48.328,2.39,62.2,18.26,65.7,3.40,34.10,37.50
728,1132.79,1.551,-223.747,48.368,-95.237,48.368,2.56,65.8,18.67,67.2,3.80,33.55,37.35
729,1134.32,1.528,-222.382,48.410,-95.924,48.410,2.75,68.8,19.06,68.6,3.55,10.55,14.10
730,1135.82,1.503,-221.055,48.452,-96.629,48.452,2.83,71.1,19.45,70.0,4.00,10.30,14.30
731,1137.35,1.533,-219.718,48.497,-97.376,48.497,2.90,73.0,19.84,71.4,4.40,10.55,14.95
732,1138.86,1.502,-218.423,48.539,-98.135,48.539,2.80,75.7,20.21,72.8,4.80,10.30,15.10
733,1140.39,1.530,-217.119,48.580,-98.935,48.580,2.71,79.6,20.57,74.1,5.15,10.10,15.25
734,1141.94,1.556,-215.809,48.620,-99.775,48.620,2.57,84.9,20.91,75.3,5.50,9.90,15.40
735,1143.45,1.512,-214.553,48.658,-100.617,48.658,2.51,93.6,21.02,75.7,5.85,9.75,15.60
736,1144.96,1.507,-213.317,48.696,-101.479,48.696,2.50,107.9,20.84,75.0,6.15,9.65,15.80
737,1146.50,1.539,-212.068,48.734,-102.376,48.734,2.46,132.2,20.12,72.4,6.40,9.55,15.95
738,1148.03,1.530,-210.834,48.775,-103.281,48.775,2.66,179.9,19.19,69.1,6.70,9.50,16.20
739,1149.55,1.515,-209.621,48.812,-104.189,48.812,2.44,307.7,18.26,65.7,6.95,9.45,16.40
740,1151.06,1.513,-208.417,48.840,-105.105,48.840,1.85,1360.0,17.92,64.5,7.20,9.40,16.60
741,1152.56,1.500,-207.227,48.860,-106.017,48.860,1.37,548.0,17.81,64.1,7.45,9.35,16.80
742,1154.11,1.544,-205.997,48.886,-106.952,48.886,1.69,238.9,17.70,63.7,7.70,9.35,17.05
743,1155.64,1.536,-204.766,48.916,-107.869,48.916,1.95,165.1,17.60,63.4,8.00,9.30,17.30
744,1157.17,1.527,-203.530,48.944,-108.765,48.944,1.81,135.4,17.50,63.0,8.35,9.25,17.60
745,1158.68,1.517,-202.290,48.970,-109.639,48.970,1.76,122.1,17.39,62.6,8.70,9.15,17.85
746,1160.19,1.509,-201.045,48.996,-110.491,48.996,1.72,114.7,17.29,62.3,9.05,9.10,18.15
747,1161.75,1.552,-199.755,49.023,-111.352,49.023,1.71,107.5,17.19,61.9,9.45,9.00,18.45
748,1163.29,1.543,-198.461,49.050,-112.192,49.050,1.72,99.3,17.09,61.5,9.85,8.85,18.70
749,1164.82,1.534,-197.163,49.074,-113.008,49.074,1.59,90.1,16.99,61.2,10.25,8.75,19.00
750,1166.35,1.525,-195.860,49.095,-113.799,49.095,1.38,80.8,16.89,60.8,10.75,8.65,19.40
751,1167.86,1.515,-194.550,49.115,-114.560,49.115,1.34,72.5,16.79,60.5,11.25,8.50,19.75
752,1169.37,1.506,-193.232,49.135,-115.289,49.135,1.31,65.5,16.69,60.1,11.75,8.35,20.10
753,1170.92,1.547,-191.861,49.153,-116.007,49.153,1.14,59.1,16.59,59.7,12.30,8.15,20.45
754,1172.45,1.538,-190.481,49.165,-116.686,49.165,0.79,54.1,16.49,59.4,12.80,7.95,20.75
755,1173.98,1.529,-189.090,49.171,-117.321,49.171,0.41,50.1,16.39,59.0,13.40,7.70,21.10
756,1175.50,1.519,-187.690,49.175,-117.909,49.175,0.23,47.0,16.29,58.6,14.00,7.40,21.40
757,1177.01,1.510,-186.278,49.180,-118.446,49.180,0.33,44.5,16.20,58.3,14.60,7.05,21.65
758,1178.52,1.504,-184.855,49.188,-118.931,49.188,0.56,42.8,16.14,58.1,15.25,6.70,21.95
759,1180.06,1.546,-183.376,49.195,-119.378,49.195,0.43,40.9,16.06,57.8,15.95,6.25,22.20
760,1181.60,1.538,-181.888,49.201,-119.768,49.201,0.42,39.5,15.98,57.5,16.65,5.75,22.40
761,1183.13,1.530,-180.393,49.209,-120.097,49.209,0.51,38.7,15.90,57.2,17.25,6.30,23.55
762,1184.65,1.523,-178.894,49.219,-120.363,49.219,0.65,38.5,15.83,57.0,17.80,5.80,23.60
763,1186.17,1.516,-177.392,49.232,-120.566,49.232,0.87,38.7,15.76,56.7,18.25,5.25,23.50
764,1187.68,1.510,-175.888,49.250,-120.705,49.250,1.22,39.9,15.71,56.5,18.60,3.60,22.20
765,1189.19,1.505,-174.385,49.274,-120.786,49.274,1.57,41.5,15.66,56.4,18.90,4.15,23.05
766,1190.69,1.502,-172.884,49.296,-120.815,49.296,1.47,43.4,15.63,56.3,19.10,2.60,21.70
767,1192.23,1.546,-171.338,49.323,-120.787,49.323,1.76,45.6,15.61,56.2,19.15,3.20,22.35
768,1193.78,1.544,-169.797,49.355,-120.706,49.355,2.09,47.9,15.58,56.1,19.05,2.75,21.80
769,1195.32,1.541,-168.262,49.394,-120.576,49.394,2.51,50.0,15.55,56.0,18.90,2.35,21.25
770,1196.86,1.538,-166.735,49.440,-120.397,49.440,3.02,52.1,15.53,55.9,18.70,2.10,20.80
771,1198.39,1.537,-165.215,49.491,-120.176,49.491,3.27,54.1,15.51,55.9,18.45,0.95,19.40
772,1199.93,1.535,-163.703,49.533,-119.917,49.533,2.74,55.7,15.50,55.8,18.05,2.00,20.05
773,1201.46,1.533,-162.200,49.568,-119.616,49.568,2.29,57.2,15.48,55.7,17.55,1.05,18.60
774,1202.99,1.532,-160.707,49.604,-119.270,49.604,2.39,58.6,15.48,55.7,16.85,2.20,19.05
775,1204.53,1.533,-159.224,49.640,-118.887,49.640,2.30,59.6,15.49,55.8,16.10,2.35,18.45
776,1206.06,1.535,-157.747,49.675,-118.467,49.675,2.32,59.8,15.52,55.9,15.30,2.60,17.90
777,1207.60,1.539,-156.278,49.709,-118.010,49.709,2.18,59.6,15.57,56.0,14.50,2.90,17.40
778,1209.14,1.544,-154.817,49.750,-117.515,49.750,2.64,59.6,15.62,56.2,14.50,2.15,16.65
779,1210.65,1.506,-153.404,49.787,-116.996,49.787,2.52,60.3,15.78,56.8,13.65,3.60,17.25
780,1212.18,1.529,-151.984,49.820,-116.431,49.820,2.12,61.6,16.09,57.9,50.15,4.05,54.20
781,1213.69,1.516,-150.592,49.851,-115.831,49.851,2.08,64.9,16.51,59.4,60.70,3.40,64.10
782,1215.20,1.505,-149.226,49.883,-115.200,49.883,2.10,69.7,16.91,60.9,72.80,3.90,76.70
783,1216.74,1.539,-147.842,49.915,-114.528,49.915,2.08,74.7,17.32,62.4,71.50,4.45,75.95
784,1218.27,1.527,-146.482,49.943,-113.835,49.943,1.82,78.7,17.75,63.9,66.65,4.50,71.15
785,1219.77,1.508,-145.151,49.974,-113.125,49.974,2.11,82.0,18.15,65.3,62.20,5.05,67.25
786,1221.32,1.542,-143.803,50.006,-112.377,50.006,2.06,82.4,18.56,66.8,59.40,5.60,65.00
787,1222.84,1.519,-142.488,50.034,-111.616,50.034,1.87,81.7,18.94,68.2,56.85,6.15,63.00
788,1224.38,1.548,-141.163,50.063,-110.816,50.063,1.85,80.3,19.28,69.4,54.35,6.70,61.05
789,1225.90,1.518,-139.880,50.091,-110.006,50.091,1.83,79.6,19.64,70.7,52.10,7.20,59.30
790,1227.45,1.546,-138.590,50.122,-109.153,50.122,2.01,79.2,20.00,72.0,50.40,7.65,58.05
791,1228.96,1.513,-137.344,50.150,-108.296,50.150,1.88,79.6,20.34,73.2,48.85,8.10,56.95
792,1230.50,1.538,-136.093,50.176,-107.401,50.176,1.69,80.2,20.67,74.4,47.40,8.50,55.90
793,1232.00,1.502,-134.888,50.199,-106.504,50.199,1.54,81.5,21.03,75.7,46.05,8.90,54.95
794,1233.53,1.528,-133.682,50.226,-105.567,50.226,1.73,83.2,21.39,77.0,44.70,9.25,53.95
795,1235.08,1.553,-132.474,50.254,-104.591,50.254,1.79,85.3,21.74,78.3,30.85,9.60,40.45
796,1236.60,1.513,-131.313,50.276,-103.620,50.276,1.50,87.3,22.14,79.7,27.25,9.90,37.15
797,1238.14,1.543,-130.146,50.299,-102.610,50.299,1.47,89.6,22.58,81.3,24.05,10.15,34.20
798,1239.65,1.506,-129.025,50.321,-101.605,50.321,1.45,92.2,23.04,82.9,21.30,10.40,31.70
799,1241.18,1.536,-127.899,50.343,-100.560,50.343,1.43,95.2,23.48,84.5,5.55,10.65,16.20
800,1242.75,1.565,-126.769,50.364,-99.477,50.364,1.33,99.5,23.91,86.1,5.30,10.85,16.15
801,1244.27,1.522,-125.687,50.382,-98.407,50.382,1.22,106.4,24.37,87.7,5.10,11.05,16.15
802,1245.82,1.550,-124.603,50.403,-97.300,50.403,1.34,115.9,24.80,89.3,4.90,11.20,16.10
803,1247.32,1.503,-123.567,50.423,-96.212,50.423,1.33,128.9,25.26,91.0,4.70,11.35,16.05
804,1248.85,1.528,-122.527,50.445,-95.093,50.445,1.42,146.4,25.64,92.3,4.55,11.50,16.05
805,1250.40,1.551,-121.481,50.463,-93.947,50.463,1.21,166.7,26.08,93.9,4.40,11.60,16.00
806,1251.98,1.577,-120.429,50.481,-92.773,50.481,1.09,188.5,26.45,95.2,4.30,11.70,16.00
807,1253.50,1.522,-119.422,50.497,-91.632,50.497,1.06,213.0,26.88,96.8,4.15,11.80,15.95
808,1255.04,1.545,-118.409,50.516,-90.466,50.516,1.27,238.0,27.29,98.2,4.05,11.90,15.95
809,1256.61,1.569,-117.387,50.536,-89.275,50.536,1.25,254.9,27.72,99.8,4.00,12.00,16.00
810,1258.12,1.505,-116.413,50.553,-88.129,50.553,1.16,265.1,28.10,101.1,3.90,12.05,15.95
811,1259.65,1.530,-115.428,50.572,-86.958,50.572,1.21,265.6,28.52,102.7,3.80,12.10,15.90
812,1261.20,1.549,-114.438,50.589,-85.767,50.589,1.12,255.3,28.88,104.0,3.70,12.15,15.85
813,1262.77,1.570,-113.440,50.606,-84.554,50.606,1.08,237.3,29.25,105.3,3.60,12.20,15.80
814,1264.27,1.502,-112.493,50.622,-83.388,50.622,1.07,221.2,29.64,106.7,3.50,12.25,15.75
815,1265.79,1.523,-111.541,50.640,-82.199,50.640,1.13,207.1,30.06,108.2,3.40,12.95,16.35
816,1267.34,1.542,-110.587,50.658,-80.987,50.658,1.21,196.6,30.41,109.5,3.30,12.95,16.25
817,1268.90,1.561,-109.632,50.676,-79.754,50.676,1.15,188.4,30.78,110.8,3.25,12.95,16.20
818,1270.47,1.579,-108.676,50.694,-78.497,50.694,1.14,183.0,31.14,112.1,3.20,12.95,16.15
819,1271.98,1.502,-107.776,50.710,-77.294,50.710,1.09,180.7,31.46,113.2,3.15,12.95,16.10
820,1273.50,1.518,-106.877,50.727,-76.070,50.727,1.06,180.1,31.79,114.4,3.15,12.90,16.05
821,1275.03,1.535,-105.979,50.742,-74.826,50.742,1.02,181.7,32.14,115.7,3.10,12.85,15.95
822,1276.58,1.545,-105.086,50.756,-73.565,50.756,0.93,187.6,32.17,115.8,3.10,12.80,15.90
823,1278.12,1.543,-104.206,50.768,-72.298,50.768,0.73,200.5,32.12,115.6,3.15,12.75,15.90
824,1279.66,1.540,-103.337,50.777,-71.026,50.777,0.60,221.6,32.06,115.4,3.15,12.65,15.80
825,1281.20,1.538,-102.481,50.788,-69.749,50.788,0.71,256.9,32.01,115.3,3.20,12.60,15.80
826,1282.73,1.535,-101.633,50.800,-68.469,50.800,0.81,312.7,31.96,115.1,3.25,12.50,15.75
827,1284.27,1.538,-100.790,50.815,-67.183,50.815,0.95,395.1,32.13,115.7,3.30,12.40,15.70
828,1285.82,1.549,-99.946,50.830,-65.885,50.830,0.95,515.4,32.41,116.7,3.40,12.30,15.70
829,1287.38,1.563,-99.097,50.844,-64.573,50.844,0.90,691.1,32.68,117.7,3.45,12.15,15.60
830,1288.96,1.575,-98.244,50.858,-63.249,50.858,0.91,943.9,32.93,118.5,3.50,12.05,15.55
831,1290.54,1.588,-97.386,50.871,-61.912,50.871,0.84,1289.4,33.21,119.6,3.60,11.90,15.50
832,1292.04,1.501,-96.576,50.883,-60.649,50.883,0.79,1754.7,33.46,120.5,3.65,11.80,15.45
833,1293.56,1.511,-95.762,50.896,-59.376,50.896,0.83,2000.0,33.68,121.2,3.20,11.70,14.90
834,1295.08,1.522,-94.942,50.906,-58.094,50.906,0.68,2000.0,33.95,122.2,2.70,11.55,14.25
835,1296.61,1.533,-94.117,50.917,-56.801,50.917,0.72,2000.0,34.20,123.1,2.15,11.45,13.60
836,1298.16,1.545,-93.286,50.928,-55.499,50.928,0.71,2000.0,34.44,124.0,1.65,11.35,13.00
837,1299.71,1.556,-92.449,50.937,-54.187,50.937,0.59,2000.0,34.68,124.8,3.40,11.20,14.60
838,1301.28,1.566,-91.607,50.943,-52.867,50.943,0.35,2000.0,34.92,125.7,3.50,11.10,14.60
839,1302.85,1.577,-90.760,50.945,-51.537,50.945,0.11,2000.0,35.15,126.5,3.60,11.00,14.60
840,1304.44,1.588,-89.907,50.944,-50.198,50.944,-0.03,2000.0,35.40,127.4,3.75,10.85,14.60
841,1306.04,1.600,-89.048,50.943,-48.848,50.943,-0.05,2000.0,35.68,128.4,3.85,10.75,14.60
842,1307.55,1.504,-88.240,50.944,-47.579,50.944,0.07,2000.0,35.92,129.3,3.95,10.65,14.60
843,1309.06,1.514,-87.428,50.948,-46.302,50.948,0.22,2000.0,36.14,130.1,4.05,10.55,14.60
844,1310.58,1.523,-86.611,50.952,-45.017,50.952,0.28,2000.0,36.36,130.9,4.15,10.45,14.60
845,1312.12,1.532,-85.790,50.955,-43.724,50.955,0.20,2000.0,36.59,131.7,4.25,10.35,14.60
846,1313.66,1.541,-84.964,50.957,-42.422,50.957,0.13,2000.0,36.80,132.5,4.35,10.25,14.60
847,1315.21,1.551,-84.133,50.957,-41.113,50.957,-0.02,2000.0,37.03,133.3,4.45,10.15,14.60
848,1316.77,1.560,-83.298,50.955,-39.795,50.955,-0.14,2000.0,37.25,134.1,2.85,10.05,12.90
849,1318.34,1.570,-82.457,50.952,-38.470,50.952,-0.18,2000.0,37.49,135.0,2.95,9.95,12.90
850,1319.92,1.580,-81.612,50.949,-37.135,50.949,-0.16,2000.0,37.71,135.8,3.05,9.85,12.90
851,1321.51,1.589,-80.761,50.946,-35.793,50.946,-0.20,2000.0,37.95,136.6,3.15,9.70,12.85
852,1323.10,1.599,-79.906,50.942,-34.442,50.942,-0.23,2000.0,38.14,137.3,3.25,9.60,12.85
853,1324.71,1.607,-79.047,50.936,-33.084,50.936,-0.39,2000.0,38.37,138.1,3.35,9.50,12.85
854,1326.21,1.501,-78.244,50.928,-31.816,50.928,-0.51,2000.0,38.58,138.9,3.45,9.45,12.90
855,1327.72,1.509,-77.437,50.920,-30.541,50.920,-0.53,2000.0,38.77,139.6,3.50,9.35,12.85
856,1329.24,1.517,-76.626,50.911,-29.259,50.911,-0.60,2000.0,38.98,140.3,3.60,9.25,12.85
857,1330.76,1.525,-75.810,50.901,-27.971,50.901,-0.64,2000.0,39.21,141.1,3.70,9.15,12.85
858,1332.30,1.534,-74.990,50.891,-26.675,50.891,-0.66,2000.0,39.43,142.0,3.75,9.05,12.80
859,1333.84,1.542,-74.166,50.882,-25.372,50.882,-0.61,2000.0,39.62,142.6,3.85,9.00,12.85
860,1335.39,1.550,-73.337,50.872,-24.062,50.872,-0.66,2000.0,39.84,143.4,3.95,8.90,12.85
861,1336.95,1.558,-72.504,50.861,-22.746,50.861,-0.67,2000.0,40.03,144.1,4.05,8.80,12.85
862,1338.51,1.565,-71.668,50.848,-21.423,50.848,-0.82,2000.0,40.24,144.9,4.10,8.70,12.80
863,1340.09,1.574,-70.827,50.834,-20.093,50.834,-0.93,2000.0,40.45,145.6,4.20,8.65,12.85
864,1341.67,1.581,-69.982,50.817,-18.756,50.817,-1.05,2000.0,40.62,146.2,4.30,8.55,12.85
865,1343.26,1.589,-69.134,50.798,-17.413,50.798,-1.20,2000.0,40.86,147.1,4.40,8.45,12.85
866,1344.85,1.598,-68.281,50.779,-16.062,50.779,-1.23,2000.0,41.05,147.8,4.45,8.35,12.80
867,1346.46,1.605,-67.424,50.758,-14.704,50.758,-1.26,2000.0,41.26,148.6,4.55,8.30,12.85
868,1348.07,1.614,-66.563,50.739,-13.339,50.739,-1.22,2000.0,41.48,149.3,4.65,8.20,12.85
869,1349.70,1.622,-65.698,50.719,-11.967,50.719,-1.21,2000.0,41.69,150.1,4.70,8.10,12.80
870,1351.20,1.504,-64.896,50.701,-10.695,50.701,-1.21,2000.0,41.85,150.7,4.80,7.40,12.20
871,1352.71,1.511,-64.091,50.681,-9.417,50.681,-1.30,2000.0,42.07,151.4,4.90,7.30,12.20
872,1354.23,1.518,-63.282,50.661,-8.132,50.661,-1.32,2000.0,42.23,152.0,4.95,7.20,12.15
873,1355.75,1.523,-62.470,50.640,-6.843,50.640,-1.42,2000.0,42.40,152.6,4.90,7.15,12.05
874,1357.28,1.531,-61.655,50.617,-5.548,50.617,-1.50,2000.0,42.62,153.4,5.00,7.05,12.05
875,1358.82,1.538,-60.837,50.594,-4.246,50.594,-1.45,2000.0,42.81,154.1,5.10,6.95,12.05
876,1360.36,1.545,-60.014,50.574,-2.939,50.574,-1.35,2000.0,43.01,154.8,5.15,6.85,12.00
877,1361.92,1.552,-59.188,50.553,-1.625,50.553,-1.31,2000.0,43.20,155.5,5.25,6.80,12.05
878,1363.47,1.556,-58.360,50.533,-0.308,50.533,-1.31,2000.0,43.21,155.5,5.30,6.70,12.00
879,1365.03,1.555,-57.533,50.510,1.008,50.510,-1.47,2000.0,43.16,155.4,5.40,6.60,12.00
880,1366.58,1.553,-56.707,50.487,2.323,50.487,-1.46,2000.0,43.13,155.3,5.45,6.50,11.95
881,1368.13,1.552,-55.882,50.465,3.637,50.465,-1.45,2000.0,43.08,155.1,5.50,6.40,11.90
882,1369.68,1.550,-55.058,50.443,4.950,50.443,-1.42,2000.0,43.04,155.0,5.55,6.30,11.85
883,1371.23,1.549,-54.234,50.421,6.262,50.421,-1.40,2000.0,43.01,154.8,5.65,9.10,14.75
884,1372.78,1.548,-53.412,50.399,7.573,50.399,-1.43,2000.0,42.96,154.7,5.70,19.75,25.45
885,1374.33,1.547,-52.591,50.377,8.884,50.377,-1.41,2000.0,43.03,154.9,5.75,18.10,23.85
886,1375.88,1.552,-51.767,50.355,10.199,50.355,-1.44,2000.0,43.18,155.5,5.80,16.40,22.20
887,1377.44,1.558,-50.941,50.334,11.519,50.334,-1.37,2000.0,43.33,156.0,5.85,14.75,20.60
888,1379.00,1.563,-50.113,50.313,12.845,50.313,-1.31,2000.0,43.49,156.6,5.90,13.10,19.00
889,1380.57,1.569,-49.282,50.294,14.175,50.294,-1.22,2000.0,43.65,157.2,5.95,11.40,17.35
890,1382.14,1.574,-48.449,50.276,15.511,50.276,-1.16,2000.0,43.79,157.7,6.00,9.70,15.70
891,1383.72,1.579,-47.614,50.258,16.851,50.258,-1.16,2000.0,43.94,158.2,6.05,8.00,14.05
892,1385.31,1.585,-46.776,50.239,18.197,50.239,-1.15,2000.0,44.10,158.7,6.05,6.30,12.35
893,1386.90,1.591,-45.937,50.221,19.548,50.221,-1.16,2000.0,44.26,159.3,6.10,5.05,11.15
894,1388.49,1.596,-45.095,50.202,20.903,50.202,-1.17,2000.0,44.38,159.8,6.15,4.95,11.10
895,1390.09,1.600,-44.251,50.182,22.263,50.182,-1.29,2000.0,44.52,160.3,6.20,4.85,11.05
896,1391.70,1.606,-43.405,50.160,23.628,50.160,-1.34,2000.0,44.69,160.9,6.25,4.70,10.95
897,1393.31,1.612,-42.556,50.139,24.998,50.139,-1.31,2000.0,44.84,161.4,6.30,4.60,10.90
898,1394.93,1.617,-41.706,50.118,26.374,50.118,-1.31,2000.0,44.98,161.9,6.30,4.50,10.80
899,1396.55,1.622,-40.854,50.097,27.754,50.097,-1.31,2000.0,45.13,162.5,6.35,4.35,10.70
900,1398.18,1.628,-40.000,50.076,29.139,50.076,-1.30,2000.0,45.28,163.0,6.40,4.25,10.65
901,1399.81,1.633,-39.144,50.056,30.530,50.056,-1.22,2000.0,45.42,163.5,6.40,4.10,10.50
902,1401.31,1.502,-38.358,50.039,31.809,50.039,-1.13,2000.0,45.57,164.1,6.45,4.00,10.45
903,1402.82,1.506,-37.571,50.023,33.093,50.023,-1.02,2000.0,45.70,164.5,6.45,3.90,10.35
904,1404.33,1.510,-36.782,50.008,34.381,50.008,-0.99,2000.0,45.82,165.0,6.50,3.80,10.30
905,1405.84,1.515,-35.991,49.993,35.673,49.993,-1.03,2000.0,45.97,165.5,6.55,3.70,10.25
906,1407.36,1.519,-35.199,49.977,36.969,49.977,-1.05,2000.0,46.10,165.9,6.55,3.60,10.15
907,1408.89,1.523,-34.406,49.960,38.269,49.960,-1.11,2000.0,46.21,166.3,6.60,3.50,10.10
908,1410.41,1.528,-33.610,49.941,39.573,49.941,-1.22,2000.0,46.36,166.9,10.10,3.35,13.45
909,1411.95,1.532,-32.814,49.922,40.882,49.922,-1.23,2000.0,46.49,167.4,27.30,3.25,30.55
910,1413.48,1.537,-32.015,49.903,42.195,49.903,-1.26,2000.0,46.63,167.9,27.20,3.15,30.35
911,1415.02,1.541,-31.216,49.883,43.512,49.883,-1.27,1987.3,46.76,168.3,26.55,3.05,29.60
912,1416.57,1.545,-30.415,49.864,44.834,49.864,-1.24,1858.2,46.88,168.8,25.90,2.95,28.85
913,1418.12,1.550,-29.613,49.845,46.160,49.845,-1.25,1745.3,47.03,169.3,25.25,2.85,28.10
914,1419.67,1.554,-28.810,49.826,47.491,49.826,-1.21,1642.7,47.16,169.8,24.60,2.75,27.35
915,1421.23,1.558,-28.007,49.808,48.825,49.808,-1.18,1558.8,47.27,170.2,23.95,2.70,26.65
916,1422.79,1.562,-27.202,49.788,50.164,49.788,-1.25,1466.5,47.41,170.7,23.30,2.60,25.90
917,1424.36,1.567,-26.396,49.769,51.508,49.769,-1.21,1391.4,47.54,171.1,22.65,2.55,25.20
918,1425.93,1.571,-25.590,49.751,52.857,49.751,-1.20,1325.7,47.68,171.6,22.00,2.50,24.50
919,1427.51,1.576,-24.783,49.732,54.210,49.732,-1.16,1278.3,47.80,172.1,21.35,2.45,23.80
920,1429.09,1.580,-23.976,49.714,55.568,49.714,-1.16,1249.0,47.93,172.6,20.70,2.40,23.10
921,1430.67,1.584,-23.169,49.696,56.931,49.696,-1.12,1239.3,48.05,173.0,20.05,2.35,22.40
922,1432.26,1.588,-22.361,49.680,58.297,49.680,-1.02,1220.8,48.17,173.4,19.40,2.35,21.75
923,1433.85,1.592,-21.553,49.664,59.669,49.664,-1.01,1200.0,48.32,174.0,18.75,2.30,21.05
924,1435.45,1.596,-20.745,49.648,61.045,49.648,-0.97,1162.9,48.38,174.2,18.25,14.95,33.20
925,1437.05,1.599,-19.936,49.630,62.425,49.630,-1.18,1104.1,48.53,174.7,18.25,15.10,33.35
926,1438.65,1.604,-19.127,49.610,63.810,49.610,-1.22,1043.4,48.68,175.2,18.25,15.20,33.45
927,1440.26,1.609,-18.318,49.591,65.201,49.591,-1.19,993.3,48.83,175.8,18.25,15.30,33.55
928,1441.87,1.614,-17.510,49.573,66.597,49.573,-1.14,941.0,48.95,176.2,18.25,15.40,33.65
929,1443.49,1.618,-16.701,49.554,67.998,49.554,-1.15,887.6,49.07,176.7,18.25,15.50,33.75
930,1445.11,1.622,-15.893,49.534,69.404,49.534,-1.21,830.1,49.20,177.1,18.25,15.55,33.80
931,1446.74,1.626,-15.086,49.514,70.814,49.514,-1.27,768.5,49.31,177.5,18.25,15.60,33.85
932,1448.37,1.630,-14.279,49.492,72.230,49.492,-1.30,708.2,49.43,178.0,18.25,15.70,33.95
933,1450.00,1.634,-13.474,49.471,73.651,49.471,-1.28,662.9,49.56,178.4,18.25,15.75,34.00
934,1451.64,1.638,-12.670,49.452,75.078,49.452,-1.19,641.0,49.70,178.9,18.30,15.80,34.10
935,1453.28,1.642,-11.868,49.435,76.511,49.435,-1.04,646.6,49.82,179.3,18.30,15.85,34.15
936,1454.93,1.646,-11.069,49.420,77.950,49.420,-0.91,677.7,49.94,179.8,18.35,15.90,34.25
937,1456.43,1.500,-10.343,49.407,79.263,49.407,-0.86,734.5,50.06,180.2,18.35,15.90,34.25
938,1457.93,1.503,-9.619,49.393,80.580,49.393,-0.90,800.2,50.15,180.5,18.35,15.95,34.30
939,1459.44,1.506,-8.895,49.377,81.900,49.377,-1.12,835.6,50.22,180.8,18.35,16.00,34.35
940,1460.94,1.508,-8.172,49.356,83.223,49.356,-1.39,832.4,50.29,181.0,18.35,16.00,34.35
941,1462.45,1.510,-7.450,49.332,84.550,49.332,-1.59,774.6,50.42,181.5,18.30,16.05,34.35
942,1463.97,1.515,-6.728,49.307,85.882,49.307,-1.66,699.4,50.59,182.1,18.30,16.05,34.35
943,1465.49,1.520,-6.007,49.281,87.219,49.281,-1.70,627.1,50.70,182.5,18.30,16.05,34.35
944,1467.01,1.522,-5.288,49.254,88.560,49.254,-1.74,578.3,50.75,182.7,6.10,2.90,9.00
945,1468.53,1.524,-4.571,49.227,89.905,49.227,-1.78,546.7,50.89,183.2,6.10,2.90,9.00
946,1470.06,1.529,-3.857,49.202,91.257,49.202,-1.61,552.8,51.03,183.7,6.05,2.90,8.95
947,1471.60,1.533,-3.145,49.183,92.615,49.183,-1.29,586.6,51.14,184.1,6.05,2.90,8.95
948,1473.13,1.536,-2.436,49.166,93.977,49.166,-1.06,654.8,51.25,184.5,6.05,2.90,8.95
949,1474.67,1.540,-1.729,49.152,95.345,49.152,-0.94,759.2,51.38,185.0,6.05,2.90,8.95
950,1476.21,1.543,-1.023,49.137,96.716,49.137,-0.94,913.0,51.45,185.2,6.05,2.90,8.95
951,1477.76,1.545,-0.318,49.121,98.090,49.121,-1.07,1070.3,51.53,185.5,6.05,2.90,8.95
952,1479.31,1.548,0.387,49.102,99.469,49.102,-1.20,1222.7,51.68,186.0,6.05,2.90,8.95
953,1480.86,1.552,1.093,49.083,100.851,49.083,-1.25,1343.8,51.79,186.4,6.05,2.90,8.95
954,1482.42,1.555,1.798,49.062,102.238,49.062,-1.35,1438.1,51.89,186.8,6.05,2.95,9.00
955,1483.97,1.558,2.503,49.039,103.627,49.039,-1.47,1491.7,51.99,187.2,6.05,2.95,9.00
956,1485.54,1.562,3.208,49.015,105.020,49.015,-1.56,1560.2,52.12,187.6,6.05,2.95,9.00
957,1487.10,1.565,3.913,48.990,106.418,48.990,-1.57,1640.8,52.23,188.0,6.05,2.95,9.00
958,1488.67,1.569,4.618,48.966,107.819,48.966,-1.56,1757.8,52.35,188.4,6.05,2.90,8.95
959,1490.24,1.572,5.324,48.941,109.224,48.941,-1.54,1905.2,52.46,188.9,6.05,2.90,8.95
960,1491.82,1.576,6.030,48.918,110.632,48.918,-1.50,2000.0,52.58,189.3,6.05,2.90,8.95
961,1493.40,1.579,6.736,48.895,112.044,48.895,-1.46,2000.0,52.68,189.6,6.10,2.90,9.00
962,1494.98,1.582,7.443,48.872,113.459,48.872,-1.45,2000.0,52.79,190.0,6.10,2.90,9.00
963,1496.56,1.586,8.151,48.849,114.878,48.849,-1.43,2000.0,52.90,190.5,6.10,2.90,9.00
964,1498.15,1.589,8.859,48.827,116.300,48.827,-1.39,2000.0,53.00,190.8,6.10,2.85,8.95
965,1499.74,1.592,9.568,48.805,117.725,48.805,-1.41,2000.0,53.11,191.2,6.10,2.85,8.95
966,1501.34,1.595,10.279,48.783,119.153,48.783,-1.36,2000.0,53.22,191.6,6.15,2.85,9.00
967,1502.94,1.599,10.990,48.762,120.584,48.762,-1.33,2000.0,53.34,192.0,6.15,2.85,9.00
968,1504.54,1.602,11.703,48.741,122.019,48.741,-1.30,2000.0,53.44,192.4,6.15,2.80,8.95
969,1506.15,1.605,12.417,48.719,123.456,48.719,-1.38,2000.0,53.54,192.7,6.20,2.80,9.00
970,1507.75,1.608,13.131,48.696,124.896,48.696,-1.41,2000.0,53.63,193.1,6.20,2.80,9.00
971,1509.36,1.611,13.847,48.672,126.339,48.672,-1.47,2000.0,53.76,193.6,6.20,2.75,8.95
972,1510.98,1.614,14.565,48.649,127.785,48.649,-1.43,2000.0,53.85,193.9,6.25,2.75,9.00
973,1512.60,1.617,15.283,48.626,129.234,48.626,-1.43,2000.0,53.96,194.3,6.25,2.75,9.00
974,1514.22,1.620,16.002,48.606,130.686,48.606,-1.27,2000.0,54.07,194.6,6.25,2.70,8.95
975,1515.84,1.624,16.722,48.588,132.141,48.588,-1.10,2000.0,54.19,195.1,6.30,2.70,9.00
976,1517.47,1.627,17.444,48.573,133.600,48.573,-0.90,2000.0,54.28,195.4,6.30,2.70,9.00
977,1519.10,1.630,18.166,48.557,135.061,48.557,-0.97,2000.0,54.37,195.7,6.30,2.65,8.95
978,1520.73,1.633,18.890,48.538,136.525,48.538,-1.16,2000.0,54.47,196.1,6.35,2.65,9.00
979,1522.37,1.636,19.614,48.517,137.991,48.517,-1.32,2000.0,54.57,196.4,6.35,2.65,9.00
980,1524.00,1.639,20.339,48.493,139.460,48.493,-1.45,2000.0,54.68,196.8,6.40,2.60,9.00
981,1525.65,1.641,21.066,48.469,140.932,48.469,-1.47,2000.0,54.71,196.9,6.40,2.60,9.00
982,1527.28,1.639,21.790,48.445,142.401,48.445,-1.44,2000.0,54.52,196.3,6.40,2.55,8.95
983,1528.91,1.630,22.511,48.423,143.864,48.423,-1.39,2000.0,54.21,195.2,6.45,2.55,9.00
984,1530.54,1.620,23.227,48.399,145.317,48.399,-1.44,2000.0,53.86,193.9,6.45,2.55,9.00
985,1532.14,1.609,23.938,48.376,146.760,48.376,-1.49,2000.0,53.44,192.4,6.45,2.50,8.95
986,1533.74,1.597,24.644,48.351,148.192,48.351,-1.52,2000.0,53.03,190.9,6.50,2.50,9.00
987,1535.32,1.583,25.344,48.328,149.613,48.328,-1.50,2000.0,52.58,189.3,6.50,2.50,9.00
988,1536.90,1.571,26.038,48.304,151.021,48.304,-1.51,2000.0,52.22,188.0,6.50,2.45,8.95
989,1538.46,1.560,26.728,48.279,152.421,48.279,-1.62,2000.0,51.81,186.5,6.55,2.45,9.00
990,1540.00,1.548,27.413,48.253,153.809,48.253,-1.67,2000.0,51.42,185.1,6.55,2.45,9.00
991,1541.54,1.534,28.092,48.227,155.184,48.227,-1.70,2000.0,50.91,183.3,6.55,2.40,8.95
992,1543.06,1.520,28.765,48.202,156.546,48.202,-1.62,2000.0,50.44,181.6,6.60,2.40,9.00
993,1544.56,1.506,29.432,48.179,157.896,48.179,-1.58,2000.0,50.03,180.1,6.60,2.40,9.00
994,1546.21,1.642,30.160,48.152,159.368,48.152,-1.60,2000.0,49.53,178.3,6.60,2.40,9.00
995,1547.83,1.627,30.881,48.126,160.826,48.126,-1.64,2000.0,49.12,176.8,6.60,2.35,8.95
996,1549.44,1.613,31.597,48.097,162.271,48.097,-1.75,2000.0,48.65,175.1,6.65,2.35,9.00
997,1551.04,1.597,32.307,48.069,163.701,48.069,-1.77,2000.0,48.20,173.5,6.65,2.35,9.00
998,1552.62,1.581,33.009,48.041,165.117,48.041,-1.77,2000.0,47.66,171.6,6.65,2.35,9.00
999,1554.19,1.565,33.706,48.014,166.518,48.014,-1.76,2000.0,47.22,170.0,6.65,2.30,8.95
1000,1555.74,1.550,34.396,47.986,167.906,47.986,-1.79,2000.0,46.79,168.4,6.70,2.30,9.00
1001,1557.28,1.539,35.081,47.955,169.284,47.955,-2.00,2000.0,46.47,167.3,6.70,2.30,9.00
1002,1558.80,1.525,35.760,47.923,170.648,47.923,-2.12,2000.0,46.00,165.6,6.70,2.25,8.95
1003,1560.31,1.511,36.434,47.890,172.000,47.890,-2.21,2000.0,45.56,164.0,6.75,5.25,12.00
1004,1561.94,1.630,37.161,47.853,173.458,47.853,-2.23,2000.0,45.03,162.1,6.75,4.75,11.50
1005,1563.55,1.611,37.881,47.817,174.899,47.817,-2.22,2000.0,44.57,160.5,6.75,4.95,11.70
1006,1565.15,1.592,38.592,47.782,176.323,47.782,-2.24,2000.0,43.98,158.3,6.80,5.75,12.55
1007,1566.72,1.574,39.296,47.747,177.730,47.747,-2.21,2000.0,43.46,156.5,6.80,6.55,13.35
1008,1568.27,1.554,39.991,47.713,179.120,47.713,-2.18,2000.0,42.96,154.6,6.80,7.50,14.30
1009,1569.81,1.537,40.679,47.679,180.493,47.679,-2.21,2000.0,42.45,152.8,6.80,8.50,15.30
1010,1571.33,1.519,41.360,47.646,181.851,47.646,-2.21,2000.0,41.96,151.1,6.80,9.70,16.50
1011,1572.95,1.623,42.087,47.610,183.301,47.610,-2.18,2000.0,41.34,148.8,6.85,11.10,17.95
1012,1574.55,1.601,42.805,47.577,184.732,47.577,-2.07,2000.0,40.81,146.9,6.85,12.70,19.55
1013,1576.13,1.582,43.515,47.546,186.145,47.546,-1.99,2000.0,40.31,145.1,6.85,14.55,21.40
1014,1577.70,1.564,44.217,47.514,187.542,47.514,-2.03,2000.0,39.91,143.7,6.85,16.75,23.60
1015,1579.25,1.547,44.911,47.481,188.924,47.481,-2.10,2000.0,39.44,142.0,6.85,2.10,8.95
1016,1580.77,1.529,45.598,47.449,190.290,47.449,-2.14,2000.0,39.03,140.5,6.90,2.10,9.00
1017,1582.29,1.512,46.277,47.416,191.640,47.416,-2.16,2000.0,38.54,138.7,6.90,2.10,9.00
1018,1583.90,1.609,47.001,47.384,193.078,47.384,-2.01,2000.0,38.16,137.4,6.90,2.10,9.00
1019,1585.49,1.591,47.716,47.352,194.498,47.352,-2.01,2000.0,37.67,135.6,6.90,2.10,9.00
1020,1587.06,1.574,48.424,47.319,195.904,47.319,-2.08,2000.0,37.26,134.1,6.90,2.10,9.00
1021,1588.62,1.557,49.125,47.286,197.293,47.286,-2.13,1931.2,36.90,132.8,6.90,2.10,9.00
1022,1590.16,1.542,49.820,47.253,198.669,47.253,-2.11,1421.9,36.59,131.7,6.90,2.10,9.00
1023,1591.69,1.528,50.510,47.220,200.032,47.220,-2.18,1087.6,36.23,130.4,6.90,2.05,8.95
1024,1593.20,1.516,51.197,47.187,201.384,47.187,-2.16,860.1,35.98,129.5,6.90,2.05,8.95
1025,1594.71,1.505,51.880,47.154,202.724,47.154,-2.19,705.9,35.72,128.6,6.90,2.05,8.95
1026,1596.31,1.600,52.610,47.119,204.147,47.119,-2.23,574.6,35.40,127.4,6.90,2.10,9.00
1027,1597.90,1.587,53.339,47.084,205.557,47.084,-2.19,480.6,35.15,126.5,6.90,2.10,9.00
1028,1599.47,1.576,54.066,47.048,206.955,47.048,-2.28,405.6,34.89,125.6,6.90,2.10,9.00
1029,1601.03,1.563,54.792,47.011,208.338,47.011,-2.37,346.6,34.60,124.6,6.90,2.10,9.00
1030,1602.59,1.551,55.518,46.972,209.708,46.972,-2.51,299.7,34.31,123.5,6.85,2.15,9.00
1031,1604.12,1.536,56.245,46.934,211.060,46.934,-2.46,269.1,34.02,122.5,6.85,2.15,9.00
1032,1605.65,1.525,56.974,46.895,212.399,46.895,-2.55,245.3,33.75,121.5,6.80,2.20,9.00
1033,1607.16,1.515,57.706,46.856,213.724,46.856,-2.62,229.4,33.58,120.9,6.75,2.25,9.00
1034,1608.67,1.508,58.445,46.817,215.038,46.817,-2.60,220.0,33.48,120.5,6.70,2.30,9.00
1035,1610.17,1.503,59.191,46.776,216.343,46.776,-2.68,214.4,33.36,120.1,6.60,2.40,9.00
1036,1611.77,1.599,59.995,46.734,217.725,46.734,-2.68,208.1,33.27,119.8,6.55,2.45,9.00
1037,1613.37,1.594,60.807,46.690,219.096,46.690,-2.76,202.8,33.17,119.4,6.45,2.55,9.00
1038,1614.95,1.590,61.628,46.644,220.456,46.644,-2.84,196.6,33.07,119.1,6.35,2.65,9.00
1039,1616.54,1.586,62.457,46.597,221.807,46.597,-2.96,188.5,33.00,118.8,6.25,2.80,9.05
1040,1618.12,1.581,63.294,46.548,223.147,46.548,-3.14,179.2,32.90,118.4,6.10,2.90,9.00
1041,1619.70,1.577,64.140,46.496,224.477,46.496,-3.29,169.5,32.81,118.1,6.00,3.05,9.05
1042,1621.27,1.572,64.997,46.443,225.795,46.443,-3.41,159.5,32.71,117.8,5.85,3.20,9.05
1043,1622.84,1.568,65.864,46.388,227.101,46.388,-3.46,149.9,32.64,117.5,5.70,3.35,9.05
1044,1624.40,1.564,66.741,46.332,228.394,46.332,-3.62,141.0,32.54,117.2,5.50,3.55,9.05
1045,1625.96,1.560,67.630,46.273,229.675,46.273,-3.75,132.8,32.46,116.8,5.35,3.75,9.10
1046,1627.52,1.555,68.531,46.213,230.941,46.213,-3.88,125.8,32.34,116.4,5.15,3.90,9.05
1047,1629.07,1.550,69.446,46.154,232.191,46.154,-3.82,119.9,32.26,116.1,4.95,4.15,9.10
1048,1630.62,1.546,70.374,46.094,233.427,46.094,-3.86,114.9,32.17,115.8,4.75,14.65,19.40
1049,1632.16,1.542,71.315,46.034,234.646,46.034,-3.94,110.2,32.08,115.5,4.85,13.40,18.25
1050,1633.69,1.537,72.270,45.972,235.848,45.972,-4.01,106.7,31.97,115.1,4.65,12.20,16.85
1051,1635.23,1.532,73.239,45.910,237.034,45.910,-4.06,103.6,31.86,114.7,4.45,11.50,15.95
1052,1636.75,1.527,74.223,45.849,238.200,45.849,-4.00,101.3,31.78,114.4,4.30,10.75,15.05
1053,1638.28,1.523,75.221,45.788,239.348,45.788,-4.03,99.8,31.68,114.1,4.10,10.10,14.20
1054,1639.79,1.518,76.235,45.727,240.476,45.727,-4.00,98.7,31.58,113.7,3.90,9.45,13.35
1055,1641.31,1.514,77.261,45.665,241.587,45.665,-4.08,97.1,31.48,113.3,3.70,8.85,12.55
1056,1642.82,1.509,78.302,45.603,242.677,45.603,-4.10,96.2,31.40,113.0,3.55,8.30,11.85
1057,1644.32,1.504,79.355,45.540,243.748,45.540,-4.22,95.0,31.28,112.6,3.35,7.75,11.10
1058,1645.91,1.592,80.490,45.474,244.863,45.474,-4.17,93.2,31.14,112.1,3.20,7.20,10.40
1059,1647.50,1.587,81.641,45.411,245.953,45.411,-3.93,92.3,31.06,111.8,3.05,6.35,9.40
1060,1649.08,1.581,82.808,45.351,247.019,45.351,-3.82,91.8,30.98,111.5,2.90,6.45,9.35
1061,1650.66,1.577,83.988,45.289,248.062,45.289,-3.95,90.8,30.86,111.1,2.75,6.60,9.35
1062,1652.23,1.571,85.182,45.227,249.082,45.227,-3.95,89.6,30.76,110.7,2.65,6.70,9.35
1063,1653.79,1.566,86.390,45.165,250.077,45.165,-3.94,88.9,30.67,110.4,2.55,6.80,9.35
1064,1655.36,1.561,87.610,45.103,251.048,45.103,-3.98,87.9,30.55,110.0,2.50,6.85,9.35
1065,1656.91,1.556,88.843,45.042,251.995,45.042,-3.96,86.5,30.45,109.6,2.40,6.95,9.35
1066,1658.46,1.550,90.089,44.980,252.916,44.980,-3.95,85.3,30.36,109.3,2.35,7.00,9.35
1067,1660.01,1.545,91.347,44.921,253.810,44.921,-3.86,84.1,30.25,108.9,2.25,7.10,9.35
1068,1661.55,1.540,92.617,44.861,254.680,44.861,-3.91,82.5,30.15,108.5,2.20,7.15,9.35
1069,1663.08,1.535,93.898,44.800,255.525,44.800,-3.96,80.9,30.06,108.2,2.10,7.20,9.30
1070,1664.61,1.530,95.189,44.739,256.342,44.739,-4.01,79.6,29.95,107.8,2.05,7.30,9.35
1071,1666.14,1.524,96.492,44.679,257.131,44.679,-3.93,78.9,29.82,107.4,2.00,7.35,9.35
1072,1667.66,1.519,97.806,44.622,257.890,44.622,-3.74,78.9,29.74,107.1,1.95,7.40,9.35
1073,1669.17,1.514,99.130,44.567,258.621,44.567,-3.64,79.3,29.64,106.7,1.85,7.50,9.35
1074,1670.68,1.509,100.464,44.511,259.326,44.511,-3.70,79.7,29.54,106.3,1.80,7.55,9.35
1075,1672.18,1.504,101.805,44.455,260.003,44.455,-3.75,80.3,29.43,105.9,1.75,7.60,9.35
1076,1673.77,1.586,103.235,44.397,260.687,44.397,-3.63,80.5,29.33,105.6,1.70,7.65,9.35
1077,1675.35,1.581,104.672,44.339,261.342,44.339,-3.70,80.2,29.22,105.2,1.70,7.65,9.35
1078,1676.92,1.575,106.118,44.281,261.965,44.281,-3.67,80.0,29.11,104.8,1.65,7.65,9.30
1079,1678.49,1.570,107.570,44.224,262.557,44.224,-3.63,79.6,29.03,104.5,1.65,7.65,9.30
1080,1680.06,1.565,109.029,44.165,263.119,44.165,-3.75,79.1,28.92,104.1,1.70,7.65,9.35
1081,1681.62,1.559,110.493,44.105,263.652,44.105,-3.87,78.5,28.83,103.8,1.70,7.65,9.35
1082,1683.17,1.553,111.962,44.044,264.154,44.044,-3.92,78.1,28.73,103.4,1.70,7.60,9.30
1083,1684.72,1.548,113.435,43.984,264.626,43.984,-3.93,77.5,28.62,103.0,1.75,7.60,9.35
1084,1686.26,1.543,114.913,43.925,265.064,43.925,-3.81,76.9,28.53,102.7,1.75,7.60,9.35
1085,1687.80,1.538,116.395,43.865,265.473,43.865,-3.91,75.7,28.44,102.4,1.80,7.55,9.35
1086,1689.34,1.533,117.879,43.803,265.852,43.803,-4.03,74.2,28.35,102.1,1.80,7.55,9.35
1087,1690.86,1.528,119.365,43.738,266.201,43.738,-4.23,72.1,28.25,101.7,1.80,7.55,9.35
1088,1692.39,1.522,120.853,43.674,266.519,43.674,-4.26,70.0,28.15,101.3,1.85,7.50,9.35
1089,1693.90,1.517,122.342,43.610,266.802,43.610,-4.17,68.3,28.04,100.9,1.90,7.45,9.35
1090,1695.41,1.511,123.831,43.551,267.049,43.551,-3.96,67.9,27.95,100.6,1.90,7.45,9.35
1091,1696.92,1.506,125.321,43.493,267.262,43.493,-3.83,68.9,27.84,100.2,1.95,7.40,9.35
1092,1698.42,1.503,126.813,43.439,267.441,43.439,-3.60,71.7,27.87,100.3,2.00,7.40,9.40
1093,1699.93,1.508,128.313,43.388,267.586,43.388,-3.36,76.5,28.01,100.8,2.00,7.35,9.35
1094,1701.45,1.518,129.827,43.342,267.698,43.342,-3.05,83.2,28.22,101.6,2.10,7.30,9.40
1095,1702.98,1.530,131.353,43.296,267.783,43.296,-3.02,90.1,28.44,102.4,2.15,7.25,9.40
1096,1704.52,1.541,132.893,43.246,267.844,43.246,-3.21,96.4,28.64,103.1,2.25,11.85,14.10
1097,1706.08,1.552,134.444,43.192,267.884,43.192,-3.48,100.8,28.86,103.9,2.35,29.65,32.00
1098,1707.64,1.565,136.008,43.133,267.903,43.133,-3.75,102.4,29.09,104.7,2.45,25.70,28.15
1099,1709.22,1.577,137.583,43.074,267.898,43.074,-3.80,101.8,29.32,105.6,2.60,21.95,24.55
1100,1710.72,1.501,139.083,43.017,267.871,43.017,-3.75,101.6,29.55,106.4,2.75,19.25,22.00
1101,1712.23,1.513,140.595,42.963,267.820,42.963,-3.59,101.9,29.78,107.2,2.90,16.85,19.75
1102,1713.76,1.526,142.118,42.910,267.746,42.910,-3.47,102.2,30.04,108.2,3.05,14.55,17.60
1103,1715.30,1.538,143.652,42.860,267.647,42.860,-3.24,103.6,30.28,109.0,3.20,12.85,16.05
1104,1716.85,1.553,145.199,42.811,267.524,42.811,-3.20,105.4,30.58,110.1,3.40,11.30,14.70
1105,1718.42,1.567,146.758,42.763,267.377,42.763,-3.03,107.2,30.85,111.1,3.55,9.85,13.40
1106,1720.00,1.581,148.328,42.716,267.205,42.716,-2.97,109.1,31.12,112.0,3.75,8.40,12.15
1107,1721.50,1.501,149.817,42.672,267.021,42.672,-2.99,112.1,31.39,113.0,3.90,7.10,11.00
1108,1723.01,1.513,151.315,42.627,266.815,42.627,-2.97,115.4,31.64,113.9,4.05,5.85,9.90
1109,1724.54,1.525,152.823,42.580,266.589,42.580,-3.08,118.8,31.89,114.8,4.20,5.20,9.40
1110,1726.08,1.537,154.339,42.532,266.341,42.532,-3.12,122.4,32.15,115.8,4.40,5.05,9.45
1111,1727.63,1.550,155.865,42.482,266.071,42.482,-3.19,125.1,32.43,116.7,4.55,4.85,9.40
1112,1729.19,1.563,157.399,42.432,265.778,42.432,-3.20,127.3,32.68,117.6,4.70,4.70,9.40
1113,1730.76,1.575,158.942,42.379,265.465,42.379,-3.37,128.6,32.94,118.6,4.85,4.60,9.45
1114,1732.35,1.587,160.493,42.323,265.132,42.323,-3.54,129.0,33.19,119.5,4.95,4.45,9.40
1115,1733.95,1.600,162.052,42.264,264.777,42.264,-3.70,128.4,33.46,120.4,5.10,4.30,9.40
1116,1735.46,1.511,163.520,42.207,264.424,42.207,-3.81,129.9,33.70,121.3,5.25,4.15,9.40
1117,1736.99,1.522,164.995,42.147,264.050,42.147,-3.91,132.0,33.93,122.2,5.35,4.05,9.40
1118,1738.52,1.532,166.474,42.085,263.658,42.085,-4.05,134.4,34.17,123.0,5.45,3.95,9.40
1119,1740.06,1.544,167.960,42.022,263.244,42.022,-4.08,137.5,34.43,123.9,5.55,3.85,9.40
1120,1741.62,1.555,169.452,41.958,262.810,41.958,-4.15,141.0,34.66,124.8,5.65,3.75,9.40
1121,1743.18,1.564,170.948,41.889,262.357,41.889,-4.39,142.0,34.88,125.6,5.75,3.65,9.40
1122,1744.76,1.575,172.450,41.817,261.886,41.817,-4.59,142.7,35.12,126.4,5.80,3.55,9.35
1123,1746.34,1.586,173.956,41.742,261.396,41.742,-4.72,145.0,35.33,127.2,5.85,3.50,9.35
1124,1747.93,1.592,175.461,41.665,260.885,41.665,-4.82,150.8,35.38,127.4,5.90,3.45,9.35
1125,1749.52,1.589,176.958,41.588,260.357,41.588,-4.85,163.6,35.25,126.9,5.95,3.40,9.35
1126,1751.10,1.578,178.439,41.512,259.816,41.512,-4.84,185.0,34.92,125.7,5.95,3.40,9.35
1127,1752.66,1.560,179.898,41.438,259.269,41.438,-4.76,216.4,34.39,123.8,5.95,3.40,9.35
1128,1754.20,1.536,181.331,41.367,258.722,41.367,-4.66,260.8,33.92,122.1,5.90,3.45,9.35
1129,1755.71,1.511,182.739,41.294,258.177,41.294,-4.78,312.2,33.29,119.9,5.90,3.45,9.35
1130,1757.29,1.584,184.212,41.218,257.599,41.218,-4.83,362.3,32.72,117.8,5.85,3.50,9.35
1131,1758.85,1.553,185.654,41.143,257.027,41.143,-4.85,413.1,32.06,115.4,5.80,3.55,9.35
1132,1760.37,1.524,187.066,41.068,256.460,41.068,-4.88,462.4,31.44,113.2,5.75,3.60,9.35
1133,1761.96,1.587,188.535,40.991,255.865,40.991,-4.90,511.5,30.84,111.0,5.70,3.65,9.35
1134,1763.51,1.554,189.972,40.913,255.278,40.913,-4.98,581.7,30.16,108.6,5.65,3.70,9.35
1135,1765.03,1.521,191.377,40.837,254.699,40.837,-5.05,692.1,29.52,106.3,5.60,3.75,9.35
1136,1766.61,1.573,192.828,40.758,254.098,40.758,-5.04,875.4,28.83,103.8,5.55,3.80,9.35
1137,1768.15,1.542,194.250,40.679,253.505,40.679,-5.08,1284.0,28.32,101.9,5.50,3.90,9.40
1138,1769.67,1.515,195.646,40.603,252.921,40.603,-5.07,2000.0,27.85,100.2,5.40,3.95,9.35
1139,1771.24,1.576,197.097,40.524,252.311,40.524,-5.01,2000.0,27.46,98.9,5.35,4.00,9.35
1140,1772.80,1.554,198.529,40.448,251.711,40.448,-4.87,1775.8,27.09,97.5,5.30,4.10,9.40
1141,1774.33,1.534,199.942,40.375,251.120,40.375,-4.77,1024.2,26.75,96.3,5.20,4.15,9.35
1142,1775.85,1.515,201.340,40.303,250.539,40.303,-4.77,759.0,26.45,95.2,5.15,4.65,9.80
1143,1777.42,1.575,202.793,40.226,249.938,40.226,-4.91,619.6,26.06,93.8,5.10,4.70,9.80
1144,1778.97,1.553,204.229,40.149,249.350,40.149,-4.93,538.9,25.71,92.6,5.00,4.80,9.80
1145,1780.50,1.531,205.645,40.074,248.773,40.074,-4.91,483.1,25.32,91.2,4.65,4.85,9.50
1146,1782.01,1.508,207.042,40.003,248.211,40.003,-4.72,436.5,24.97,89.9,4.60,4.90,9.50
1147,1783.57,1.561,208.490,39.930,247.632,39.930,-4.71,385.5,24.61,88.6,4.55,4.95,9.50
1148,1785.12,1.542,209.923,39.857,247.067,39.857,-4.68,335.0,24.34,87.6,4.50,4.95,9.45
1149,1786.64,1.520,211.337,39.784,246.515,39.784,-4.83,285.2,23.89,86.0,4.45,5.00,9.45
1150,1788.20,1.562,212.793,39.709,245.955,39.709,-4.82,238.0,23.46,84.5,4.45,5.00,9.45
1151,1789.73,1.531,214.223,39.633,245.414,39.633,-5.00,199.0,22.98,82.7,4.40,5.05,9.45
1152,1791.30,1.568,215.692,39.553,244.872,39.553,-5.09,167.7,22.51,81.0,4.40,5.05,9.45
1153,1792.84,1.543,217.142,39.472,244.351,39.472,-5.22,144.1,22.23,80.0,4.40,5.05,9.45
1154,1794.37,1.528,218.583,39.389,243.851,39.389,-5.43,125.6,22.09,79.5,4.45,5.00,9.45
1155,1795.89,1.520,220.023,39.307,243.371,39.307,-5.41,110.8,21.98,79.1,4.45,5.00,9.45
1156,1797.40,1.514,221.464,39.228,242.912,39.228,-5.25,97.9,21.90,78.9,4.50,4.95,9.45
1157,1798.91,1.508,222.905,39.148,242.475,39.148,-5.31,86.6,21.81,78.5,4.55,4.90,9.45
1158,1800.41,1.502,224.348,39.068,242.064,39.068,-5.35,76.4,21.73,78.2,4.60,4.85,9.45
1159,1801.97,1.560,225.854,38.984,241.666,38.984,-5.41,66.8,21.63,77.9,4.70,4.75,9.45
1160,1803.53,1.553,227.362,38.898,241.304,38.898,-5.49,58.8,21.52,77.5,4.85,4.70,9.55
1161,1805.07,1.546,228.872,38.813,240.985,38.813,-5.54,52.5,21.42,77.1,5.00,4.60,9.60
1162,1806.61,1.538,230.382,38.723,240.709,38.723,-5.83,47.5,21.30,76.7,5.15,4.45,9.60
1163,1808.14,1.529,231.892,38.634,240.485,38.634,-5.89,43.8,21.18,76.3,5.35,4.30,9.65
1164,1809.66,1.520,233.401,38.543,240.317,38.543,-5.96,40.9,21.06,75.8,5.50,4.15,9.65
1165,1811.17,1.511,234.905,38.453,240.207,38.453,-6.00,38.8,20.93,75.4,5.70,4.00,9.70
1166,1812.74,1.564,236.466,38.358,240.157,38.358,-6.09,37.1,20.80,74.9,5.90,3.85,9.75
1167,1814.29,1.555,238.018,38.261,240.173,38.261,-6.24,35.7,20.67,74.4,6.10,3.70,9.80
1168,1815.84,1.544,239.556,38.160,240.255,38.160,-6.55,34.8,20.51,73.9,6.30,3.60,9.90
1169,1817.37,1.534,241.079,38.060,240.407,38.060,-6.55,34.5,20.39,73.4,6.45,3.45,9.90
1170,1818.89,1.523,242.583,37.960,240.628,37.960,-6.58,34.7,20.26,72.9,6.65,3.35,10.00
1171,1820.41,1.515,244.068,37.858,240.912,37.858,-6.69,35.7,20.16,72.6,6.80,3.20,10.00
1172,1821.92,1.510,245.533,37.758,241.262,37.758,-6.68,37.3,20.11,72.4,7.00,3.05,10.05
1173,1823.43,1.507,246.981,37.658,241.672,37.658,-6.62,39.4,20.09,72.3,7.15,2.95,10.10
1174,1824.93,1.505,248.409,37.558,242.136,37.558,-6.68,41.5,20.09,72.3,7.30,2.80,10.10
1175,1826.44,1.506,249.820,37.459,242.652,37.459,-6.61,43.4,20.05,72.2,7.50,2.70,10.20
1176,1828.00,1.563,251.265,37.356,243.238,37.356,-6.61,44.5,20.02,72.1,7.75,2.55,10.30
1177,1829.56,1.560,252.687,37.251,243.870,37.251,-6.70,44.8,19.99,72.0,7.95,2.40,10.35
1178,1831.12,1.556,254.085,37.144,244.547,37.144,-6.88,44.3,19.94,71.8,8.10,2.20,10.30
1179,1832.67,1.553,255.454,37.039,245.272,37.039,-6.83,43.7,19.88,71.6,8.25,2.05,10.30
1180,1834.22,1.550,256.794,36.934,246.043,36.934,-6.76,42.7,19.84,71.4,8.35,1.95,10.30
1181,1835.77,1.546,258.102,36.831,246.861,36.831,-6.66,42.0,19.81,71.3,8.45,1.80,10.25
1182,1837.31,1.543,259.376,36.730,247.725,36.730,-6.57,41.4,19.76,71.1,8.50,1.75,10.25
1183,1838.85,1.539,260.615,36.631,248.634,36.631,-6.48,40.8,19.71,71.0,8.55,1.70,10.25
1184,1840.39,1.536,261.817,36.531,249.585,36.531,-6.46,40.1,19.67,70.8,8.55,1.70,10.25
1185,1841.92,1.532,262.978,36.433,250.580,36.433,-6.44,39.4,19.62,70.6,8.55,1.75,10.30
1186,1843.45,1.528,264.098,36.334,251.615,36.334,-6.51,38.8,19.57,70.5,8.60,1.75,10.35
1187,1844.97,1.525,265.174,36.233,252.690,36.233,-6.64,38.1,19.53,70.3,8.65,1.80,10.45
1188,1846.49,1.521,266.202,36.134,253.807,36.134,-6.54,37.9,19.50,70.2,8.75,1.80,10.55
1189,1848.01,1.519,267.183,36.034,254.964,36.034,-6.55,38.0,19.47,70.1,8.80,1.75,10.55
1190,1849.53,1.517,268.114,35.936,256.158,35.936,-6.49,38.3,19.45,70.0,8.90,1.70,10.60
1191,1851.05,1.515,268.996,35.833,257.385,35.833,-6.79,38.8,19.42,69.9,9.05,1.60,10.65
1192,1852.56,1.514,269.826,35.734,258.647,35.734,-6.55,39.8,19.40,69.9,9.15,1.55,10.70
1193,1854.07,1.513,270.608,35.635,259.938,35.635,-6.57,40.9,19.39,69.8,9.70,1.50,11.20
1194,1855.58,1.512,271.343,35.536,261.256,35.536,-6.61,42.1,19.38,69.8,9.75,1.45,11.20
1195,1857.10,1.511,272.028,35.436,262.599,35.436,-6.58,43.6,19.38,69.8,9.80,1.45,11.25
1196,1858.61,1.512,272.666,35.340,263.967,35.340,-6.40,45.5,19.40,69.8,9.85,1.50,11.35
1197,1860.12,1.514,273.257,35.246,265.359,35.246,-6.22,47.6,19.44,70.0,9.85,1.50,11.35
1198,1861.64,1.517,273.805,35.151,266.770,35.151,-6.25,50.3,19.47,70.1,9.80,1.55,11.35
1199,1863.16,1.523,274.311,35.057,268.204,35.057,-6.19,53.4,19.61,70.6,9.80,1.60,11.40
1200,1864.70,1.540,274.778,34.965,269.668,34.965,-6.00,56.3,19.88,71.6,9.75,1.70,11.45
1201,1866.27,1.562,275.212,34.875,271.167,34.875,-5.77,59.2,20.17,72.6,9.75,1.80,11.55
1202,1867.79,1.523,275.599,34.787,272.637,34.787,-5.78,61.5,20.44,73.6,9.65,1.90,11.55
1203,1869.33,1.543,275.958,34.697,274.135,34.697,-5.82,62.7,20.71,74.6,9.60,2.05,11.65
1204,1870.90,1.564,276.283,34.610,275.663,34.610,-5.56,63.3,20.99,75.6,9.45,2.20,11.65
1205,1872.42,1.521,276.563,34.534,277.156,34.534,-5.03,64.1,21.24,76.5,9.35,2.40,11.75
1206,1873.96,1.540,276.810,34.462,278.674,34.462,-4.68,64.7,21.51,77.4,9.20,2.60,11.80
1207,1875.52,1.558,277.023,34.393,280.216,34.393,-4.41,65.0,21.75,78.3,9.00,2.90,11.90
1208,1877.03,1.511,277.194,34.330,281.716,34.330,-4.18,66.4,22.02,79.3,8.80,3.20,12.00
1209,1878.56,1.528,277.331,34.270,283.236,34.270,-3.96,68.7,22.26,80.1,8.50,3.55,12.05
1210,1880.10,1.545,277.435,34.210,284.777,34.210,-3.91,71.5,22.51,81.1,9.80,3.90,13.70
1211,1881.67,1.562,277.506,34.148,286.336,34.148,-3.94,75.3,22.76,82.0,9.50,4.25,13.75
1212,1883.18,1.511,277.540,34.090,287.846,34.090,-3.83,81.4,23.01,82.8,9.15,4.65,13.80
1213,1884.70,1.527,277.547,34.033,289.371,34.033,-3.78,88.7,23.26,83.8,8.75,5.00,13.75
1214,1886.25,1.544,277.527,33.974,290.914,33.974,-3.80,96.9,23.52,84.7,8.40,5.35,13.75
1215,1887.81,1.561,277.483,33.914,292.473,33.914,-3.84,105.8,23.77,85.6,8.05,5.70,13.75
1216,1889.31,1.506,277.421,33.855,293.976,33.855,-3.95,114.1,24.02,86.5,7.65,6.05,13.70
1217,1890.84,1.522,277.339,33.794,295.495,33.794,-3.96,120.2,24.27,87.4,7.30,6.40,13.70
1218,1892.37,1.537,277.237,33.733,297.027,33.733,-4.03,124.2,24.52,88.3,6.95,6.30,13.25
1219,1893.93,1.553,277.115,33.668,298.574,33.668,-4.16,126.6,24.77,89.2,6.60,6.65,13.25
1220,1895.50,1.569,276.974,33.597,300.135,33.597,-4.51,127.6,25.03,90.1,6.25,7.00,13.25
1221,1897.01,1.509,276.819,33.528,301.635,33.528,-4.63,128.7,25.28,91.0,5.95,7.30,13.25
1222,1898.53,1.525,276.645,33.455,303.148,33.455,-4.78,130.6,25.53,91.9,5.60,7.60,13.20
1223,1900.07,1.540,276.451,33.380,304.674,33.380,-4.83,134.2,25.78,92.8,5.30,7.85,13.15
1224,1901.63,1.555,276.236,33.304,306.212,33.304,-4.91,139.3,26.04,93.7,5.05,8.10,13.15
1225,1903.20,1.570,276.002,33.226,307.763,33.226,-4.97,145.8,26.30,94.7,4.75,8.35,13.10
1226,1904.70,1.506,275.761,33.152,309.248,33.152,-4.95,153.4,26.54,95.6,4.55,15.35,19.90
1227,1906.22,1.520,275.504,33.075,310.744,33.075,-5.08,159.1,26.79,96.4,4.30,13.35,17.65
1228,1907.76,1.534,275.231,32.994,312.252,32.994,-5.29,163.6,27.03,97.3,4.10,11.65,15.75
1229,1909.31,1.548,274.942,32.908,313.770,32.908,-5.53,165.9,27.27,98.2,3.90,9.10,13.00
1230,1910.87,1.562,274.636,32.821,315.299,32.821,-5.58,168.0,27.51,99.1,3.75,9.30,13.05
1231,1912.45,1.576,274.312,32.732,316.839,32.732,-5.64,169.4,27.76,99.9,3.60,9.45,13.05
1232,1913.95,1.505,273.989,32.648,318.306,32.648,-5.63,173.9,27.98,100.7,3.45,9.55,13.00
1233,1915.47,1.518,273.652,32.559,319.783,32.559,-5.88,178.4,28.23,101.6,3.30,9.70,13.00
1234,1917.00,1.531,273.298,32.468,321.270,32.468,-5.92,184.2,28.45,102.4,3.20,9.80,13.00
1235,1918.54,1.543,272.928,32.375,322.766,32.375,-6.04,191.5,28.69,103.3,3.10,9.90,13.00
1236,1920.10,1.557,272.543,32.281,324.271,32.281,-6.08,200.8,28.94,104.2,3.00,9.95,12.95
1237,1921.67,1.570,272.143,32.186,325.786,32.186,-6.01,211.1,29.19,105.1,2.95,10.05,13.00
1238,1923.25,1.584,271.727,32.092,327.311,32.092,-5.95,224.5,29.45,106.0,2.85,10.10,12.95
1239,1924.76,1.509,271.321,32.004,328.762,32.004,-5.87,241.5,29.71,107.0,2.80,10.15,12.95
1240,1926.29,1.522,270.903,31.914,330.222,31.914,-5.96,256.1,29.97,107.9,2.80,10.15,12.95
1241,1927.82,1.536,270.473,31.821,331.694,31.821,-6.05,268.6,30.25,108.9,2.75,10.20,12.95
1242,1929.37,1.552,270.030,31.725,333.178,31.725,-6.16,278.1,30.57,110.1,2.75,10.20,12.95
1243,1930.94,1.567,269.575,31.628,334.674,31.628,-6.22,284.5,30.87,111.1,2.70,10.20,12.90
1244,1932.52,1.583,269.106,31.530,336.182,31.530,-6.24,287.5,31.18,112.3,2.70,10.20,12.90
1245,1934.03,1.504,268.654,31.435,337.614,31.435,-6.30,293.6,31.48,113.3,2.75,10.20,12.95
1246,1935.55,1.518,268.189,31.340,339.055,31.340,-6.27,300.5,31.75,114.3,2.75,10.20,12.95
1247,1937.08,1.532,267.713,31.243,340.508,31.243,-6.37,307.8,32.05,115.4,2.75,10.15,12.90
1248,1938.62,1.546,267.226,31.144,341.972,31.144,-6.38,313.5,32.34,116.4,2.80,10.15,12.95
1249,1940.18,1.560,266.726,31.044,343.446,31.044,-6.43,319.9,32.64,117.5,2.85,10.10,12.95
1250,1941.76,1.574,266.215,30.944,344.932,30.944,-6.40,326.2,32.93,118.5,2.90,10.05,12.95
1251,1943.35,1.588,265.691,30.843,346.428,30.843,-6.34,338.3,33.21,119.6,2.95,10.00,12.95
1252,1944.95,1.602,265.156,30.742,347.934,30.742,-6.34,360.2,33.51,120.6,3.05,9.90,12.95
1253,1946.46,1.514,264.644,30.648,349.356,30.648,-6.17,406.7,33.78,121.6,3.10,9.85,12.95
1254,1947.99,1.527,264.121,30.555,350.788,30.555,-6.11,487.3,34.07,122.7,3.20,9.75,12.95
1255,1949.53,1.540,263.588,30.464,352.230,30.464,-5.93,650.9,34.34,123.6,3.30,9.70,13.00
1256,1951.08,1.552,263.048,30.372,353.681,30.372,-5.92,1000.4,34.61,124.6,3.35,9.60,12.95
1257,1952.65,1.564,262.501,30.280,355.144,30.280,-5.92,2000.0,34.88,125.6,3.45,9.50,12.95
1258,1954.22,1.576,261.949,30.186,356.617,30.186,-5.96,2000.0,35.16,126.6,3.60,9.40,13.00
1259,1955.81,1.589,261.393,30.092,358.103,30.092,-5.95,1757.7,35.43,127.6,3.70,9.30,13.00
1260,1957.41,1.601,260.835,29.997,359.600,29.997,-5.96,1015.8,35.69,128.5,3.80,9.15,12.95
1261,1958.92,1.505,260.313,29.906,361.008,29.906,-6.05,754.0,35.95,129.4,3.90,9.05,12.95
1262,1960.43,1.516,259.790,29.815,362.428,29.815,-6.03,626.3,36.20,130.3,4.00,8.95,12.95
1263,1961.96,1.526,259.267,29.723,363.858,29.723,-6.03,549.9,36.45,131.2,4.10,8.85,12.95
1264,1963.50,1.536,258.744,29.631,365.300,29.631,-6.00,502.4,36.70,132.1,4.20,8.75,12.95
1265,1965.04,1.547,258.223,29.539,366.754,29.539,-5.93,473.1,36.95,133.0,4.30,8.65,12.95
1266,1966.60,1.557,257.704,29.448,368.219,29.448,-5.89,454.6,37.19,133.9,4.40,8.60,13.00
1267,1968.17,1.567,257.186,29.356,369.695,29.356,-5.89,438.2,37.43,134.7,4.50,8.50,13.00
1268,1969.75,1.578,256.670,29.263,371.183,29.263,-5.86,430.7,37.68,135.6,4.55,8.40,12.95
1269,1971.34,1.588,256.157,29.172,372.683,29.172,-5.76,429.2,37.91,136.5,4.65,8.35,13.00
1270,1972.93,1.598,255.646,29.080,374.194,29.080,-5.73,432.5,38.16,137.4,4.75,8.25,13.00
1271,1974.54,1.609,255.138,28.989,375.718,28.989,-5.68,439.9,38.42,138.3,2.65,8.20,10.85
1272,1976.05,1.503,254.668,28.905,377.142,28.905,-5.61,458.4,38.61,139.0,2.70,8.15,10.85
1273,1977.56,1.511,254.200,28.819,378.576,28.819,-5.71,474.7,38.85,139.9,2.75,8.10,10.85
1274,1979.08,1.520,253.733,28.732,380.021,28.732,-5.70,488.7,39.08,140.7,2.80,8.05,10.85
1275,1980.61,1.528,253.269,28.644,381.474,28.644,-5.77,496.8,39.29,141.4,2.85,8.00,10.85
1276,1982.14,1.537,252.806,28.555,382.937,28.555,-5.85,497.6,39.51,142.2,2.90,7.95,10.85
1277,1983.69,1.546,252.345,28.464,384.410,28.464,-5.88,491.1,39.73,143.0,2.90,7.90,10.80
1278,1985.24,1.554,251.886,28.372,385.892,28.372,-5.93,485.9,39.97,143.9,2.95,7.90,10.85
1279,1986.81,1.563,251.429,28.281,387.384,28.281,-5.83,483.9,40.19,144.7,3.00,7.85,10.85
1280,1988.38,1.572,250.975,28.190,388.886,28.190,-5.76,488.3,40.42,145.5,3.00,7.85,10.85
1281,1989.96,1.581,250.524,28.102,390.399,28.102,-5.62,501.1,40.63,146.3,3.05,7.80,10.85
1282,1991.55,1.589,250.075,28.014,391.921,28.014,-5.54,517.5,40.85,147.0,3.05,7.80,10.85
1283,1993.15,1.598,249.628,27.926,393.452,27.926,-5.51,537.4,41.08,147.9,3.05,7.75,10.80
1284,1994.75,1.606,249.184,27.839,394.994,27.839,-5.40,564.0,41.29,148.6,3.05,7.75,10.80
1285,1996.37,1.615,248.742,27.752,396.544,27.752,-5.38,589.3,41.52,149.5,3.10,7.70,10.80
1286,1997.99,1.624,248.302,27.665,398.105,27.665,-5.40,609.5,41.73,150.2,3.10,7.70,10.80
1287,1999.50,1.506,247.896,27.582,399.552,27.582,-5.50,624.7,41.91,150.9,3.10,7.65,10.75
1288,2001.01,1.513,247.493,27.497,401.008,27.497,-5.62,628.7,42.11,151.6,3.10,7.65,10.75
1289,2002.53,1.520,247.090,27.410,402.471,27.410,-5.72,618.4,42.33,152.4,3.10,7.65,10.75
1290,2004.06,1.527,246.689,27.323,403.942,27.323,-5.76,608.6,42.51,153.0,3.10,7.65,10.75
1291,2005.59,1.534,246.290,27.234,405.421,27.234,-5.80,600.1,42.71,153.8,3.10,7.65,10.75
1292,2007.14,1.542,245.893,27.145,406.908,27.145,-5.75,597.3,42.93,154.6,3.10,7.65,10.75
1293,2008.69,1.550,245.499,27.058,408.404,27.058,-5.63,604.6,43.14,155.3,3.10,7.65,10.75
1294,2010.24,1.557,245.106,26.972,409.909,26.972,-5.53,619.8,43.33,156.0,3.10,7.70,10.80
1295,2011.81,1.564,244.716,26.886,411.420,26.886,-5.52,633.9,43.52,156.7,3.10,7.70,10.80
1296,2013.38,1.570,244.327,26.799,412.939,26.799,-5.55,646.1,43.71,157.3,3.05,7.75,10.80
1297,2014.95,1.577,243.941,26.711,414.466,26.711,-5.58,651.3,43.92,158.1,3.05,7.75,10.80
1298,2016.54,1.585,243.556,26.623,416.001,26.623,-5.57,649.8,44.11,158.8,3.05,21.65,24.70
1299,2018.13,1.592,243.173,26.534,417.544,26.534,-5.58,643.4,44.30,159.5,3.05,21.80,24.85
1300,2019.73,1.599,242.793,26.445,419.094,26.445,-5.62,635.1,44.50,160.2,3.05,21.95,25.00
1301,2021.34,1.606,242.415,26.354,420.651,26.354,-5.63,624.8,44.69,160.9,3.05,22.10,25.15
1302,2022.95,1.613,242.039,26.264,422.217,26.264,-5.61,617.3,44.89,161.6,3.10,24.15,27.25
1303,2024.57,1.620,241.666,26.174,423.791,26.174,-5.58,610.2,45.09,162.3,3.10,26.70,29.80
1304,2026.20,1.627,241.295,26.083,425.373,26.083,-5.58,601.3,45.29,163.0,3.10,26.50,29.60
1305,2027.83,1.634,240.927,25.992,426.962,25.992,-5.59,591.0,45.46,163.6,3.15,25.10,28.25
1306,2029.33,1.503,240.592,25.906,428.424,25.906,-5.71,586.3,45.63,164.3,3.15,22.25,25.40
1307,2030.84,1.509,240.259,25.820,429.893,25.820,-5.72,580.8,45.81,164.9,3.15,19.45,22.60
1308,2032.36,1.515,239.929,25.734,431.370,25.734,-5.69,579.3,45.99,165.6,3.20,16.60,19.80
1309,2033.88,1.521,239.602,25.648,432.853,25.648,-5.64,582.0,46.18,166.2,3.20,13.80,17.00
1310,2035.41,1.527,239.277,25.563,434.342,25.563,-5.57,589.8,46.34,166.8,3.20,11.05,14.25
1311,2036.94,1.533,238.955,25.478,435.838,25.478,-5.60,592.3,46.53,167.5,3.20,8.30,11.50
1312,2038.48,1.538,238.636,25.392,437.340,25.392,-5.59,595.7,46.67,168.0,3.25,7.55,10.80
1313,2040.02,1.543,238.319,25.305,438.848,25.305,-5.64,594.2,46.85,168.7,3.25,7.55,10.80
1314,2041.57,1.549,238.005,25.218,440.363,25.218,-5.63,592.9,47.03,169.3,3.25,7.55,10.80
1315,2043.12,1.555,237.694,25.131,441.884,25.131,-5.60,589.7,47.20,169.9,3.25,7.55,10.80
1316,2044.69,1.561,237.386,25.044,443.411,25.044,-5.56,591.9,47.37,170.5,3.25,7.55,10.80
1317,2046.25,1.566,237.081,24.957,444.945,24.957,-5.56,592.7,47.54,171.2,3.25,7.55,10.80
1318,2047.82,1.572,236.779,24.870,446.485,24.870,-5.55,598.1,47.70,171.7,3.25,7.55,10.80
1319,2049.40,1.577,236.480,24.782,448.031,24.782,-5.58,602.3,47.88,172.4,3.25,7.55,10.80
1320,2050.98,1.583,236.184,24.694,449.584,24.694,-5.56,609.3,48.04,173.0,3.25,7.55,10.80
1321,2052.57,1.588,235.891,24.607,451.143,24.607,-5.54,613.4,48.21,173.6,3.25,7.55,10.80
1322,2054.17,1.594,235.602,24.519,452.708,24.519,-5.53,620.3,48.38,174.2,3.25,7.55,10.80
1323,2055.77,1.600,235.315,24.430,454.279,24.430,-5.55,625.8,48.55,174.8,3.25,7.55,10.80
1324,2057.37,1.605,235.031,24.340,455.856,24.340,-5.59,633.7,48.70,175.3,3.25,7.50,10.75
1325,2058.98,1.610,234.751,24.250,457.439,24.250,-5.61,638.7,48.88,176.0,3.25,7.50,10.75
1326,2060.60,1.616,234.473,24.160,459.029,24.160,-5.58,648.4,49.05,176.6,3.25,7.50,10.75
1327,2062.22,1.622,234.199,24.070,460.624,24.070,-5.57,651.7,49.22,177.2,3.25,7.50,10.75
1328,2063.85,1.627,233.928,23.978,462.226,23.978,-5.64,640.5,49.36,177.7,3.25,7.50,10.75
1329,2065.48,1.632,233.660,23.885,463.833,23.885,-5.74,616.1,49.52,178.3,3.25,7.50,10.75
1330,2067.12,1.637,233.394,23.790,465.446,23.790,-5.81,586.6,49.67,178.8,3.25,7.50,10.75
1331,2068.76,1.642,233.132,23.693,467.064,23.693,-5.90,548.9,49.85,179.5,3.25,7.50,10.75
1332,2070.41,1.648,232.874,23.596,468.689,23.596,-5.87,517.3,50.01,180.0,3.25,7.50,10.75
1333,2071.91,1.503,232.644,23.509,470.171,23.509,-5.81,505.6,50.18,180.6,3.25,7.55,10.80
1334,2073.42,1.508,232.417,23.423,471.660,23.423,-5.72,507.5,50.33,181.2,3.20,7.55,10.75
1335,2074.93,1.512,232.194,23.338,473.153,23.338,-5.61,519.8,50.47,181.7,3.20,7.55,10.75
1336,2076.45,1.517,231.975,23.255,474.651,23.255,-5.53,547.4,50.62,182.2,3.20,7.55,10.75
1337,2077.97,1.521,231.760,23.172,476.155,23.172,-5.45,585.3,50.77,182.8,3.20,7.60,10.80
1338,2079.49,1.525,231.548,23.089,477.663,23.089,-5.40,623.0,50.91,183.3,3.15,7.60,10.75
1339,2081.02,1.530,231.339,23.006,479.176,23.006,-5.44,653.3,51.06,183.8,3.15,7.60,10.75
1340,2082.56,1.534,231.132,22.922,480.694,22.922,-5.47,679.3,51.18,184.3,3.15,7.60,10.75
1341,2084.10,1.538,230.929,22.837,482.216,22.837,-5.57,685.7,51.32,184.7,3.15,7.60,10.75
1342,2085.64,1.542,230.728,22.750,483.742,22.750,-5.64,678.5,51.48,185.3,3.10,7.65,10.75
1343,2087.18,1.547,230.530,22.663,485.274,22.663,-5.65,660.3,51.64,185.9,3.10,7.65,10.75
1344,2088.74,1.551,230.335,22.575,486.811,22.575,-5.67,643.1,51.77,186.4,3.10,7.65,10.75
1345,2090.29,1.555,230.143,22.486,488.352,22.486,-5.72,619.5,51.92,186.9,3.10,7.65,10.75
1346,2091.85,1.560,229.955,22.397,489.897,22.397,-5.72,604.4,52.02,187.3,3.10,7.65,10.75
1347,2093.41,1.560,229.770,22.308,491.444,22.308,-5.74,590.8,51.99,187.2,3.10,7.65,10.75
1348,2094.97,1.559,229.590,22.219,492.990,22.219,-5.72,583.6,51.96,187.0,3.10,7.65,10.75
1349,2096.53,1.558,229.415,22.129,494.536,22.129,-5.75,575.0,51.92,186.9,3.10,7.65,10.75
1350,2098.09,1.557,229.243,22.040,496.081,22.040,-5.75,569.9,51.87,186.7,3.10,7.65,10.75
1351,2099.64,1.556,229.076,21.951,497.625,21.951,-5.74,564.1,51.84,186.6,3.10,7.60,10.70
1352,2101.20,1.554,228.913,21.862,499.168,21.862,-5.72,565.2,51.79,186.4,3.10,7.60,10.70
1353,2102.75,1.553,228.755,21.774,500.710,21.774,-5.67,567.5,51.74,186.3,3.10,7.60,10.70
1354,2104.30,1.551,228.601,21.688,502.251,21.688,-5.57,582.0,51.68,186.0,3.10,7.60,10.70
1355,2105.85,1.551,228.451,21.603,503.792,21.603,-5.48,602.1,51.72,186.2,3.10,7.60,10.70
1356,2107.41,1.553,228.306,21.519,505.337,21.519,-5.43,623.9,51.83,186.6,3.10,7.60,10.70
1357,2108.96,1.557,228.163,21.434,506.885,21.434,-5.44,637.9,51.95,187.0,3.10,7.60,10.70
1358,2110.52,1.560,228.025,21.349,508.437,21.349,-5.47,646.1,52.05,187.4,3.10,7.60,10.70
1359,2112.09,1.563,227.889,21.261,509.991,21.261,-5.61,634.0,52.16,187.8,3.10,7.60,10.70
1360,2113.65,1.567,227.756,21.172,511.550,21.172,-5.68,614.4,52.29,188.3,3.10,7.60,10.70
1361,2115.22,1.571,227.627,21.083,513.114,21.083,-5.70,591.5,52.43,188.8,3.10,7.60,10.70
1362,2116.80,1.575,227.503,20.993,514.681,20.993,-5.70,571.4,52.54,189.2,3.10,7.60,10.70
1363,2118.38,1.578,227.382,20.904,516.252,20.904,-5.70,551.6,52.65,189.5,3.10,7.65,10.75
1364,2119.96,1.582,227.266,20.813,517.827,20.813,-5.73,540.8,52.78,190.0,3.10,7.65,10.75
1365,2121.54,1.585,227.154,20.723,519.405,20.723,-5.68,532.7,52.88,190.4,3.10,7.65,10.75
1366,2123.13,1.588,227.046,20.634,520.988,20.634,-5.62,535.4,53.00,190.8,3.05,7.65,10.70
1367,2124.73,1.592,226.944,20.545,522.574,20.545,-5.59,541.2,53.13,191.3,3.05,7.65,10.70
1368,2126.32,1.595,226.846,20.458,524.164,20.458,-5.48,556.7,53.23,191.6,3.05,7.65,10.70
1369,2127.92,1.599,226.752,20.371,525.758,20.371,-5.46,571.9,53.36,192.1,3.05,7.70,10.75
1370,2129.52,1.603,226.663,20.284,527.355,20.284,-5.41,589.3,53.45,192.4,3.05,7.70,10.75
1371,2131.13,1.605,226.578,20.196,528.956,20.196,-5.49,591.2,53.57,192.8,3.00,7.70,10.70
1372,2132.74,1.609,226.496,20.107,530.561,20.107,-5.53,589.4,53.67,193.2,3.00,7.70,10.70
1373,2134.35,1.612,226.419,20.017,532.168,20.017,-5.62,576.6,53.80,193.7,3.00,7.70,10.70
1374,2135.96,1.616,226.346,19.926,533.780,19.926,-5.65,561.5,53.91,194.1,3.00,7.70,10.70
1375,2137.58,1.619,226.277,19.834,535.395,19.834,-5.65,548.3,54.03,194.5,3.00,7.70,10.70
1376,2139.21,1.623,226.214,19.743,537.014,19.743,-5.65,540.6,54.15,195.0,3.00,7.70,10.70
1377,2140.83,1.626,226.155,19.651,538.637,19.651,-5.63,534.5,54.25,195.3,3.00,7.75,10.75
1378,2142.46,1.630,226.101,19.559,540.263,19.559,-5.66,531.5,54.37,195.7,3.00,7.75,10.75
1379,2144.10,1.633,226.052,19.467,541.892,19.467,-5.65,533.5,54.48,196.1,2.95,7.75,10.70
1380,2145.73,1.636,226.008,19.375,543.525,19.375,-5.65,533.9,54.60,196.5,2.95,7.75,10.70
1381,2147.37,1.640,225.969,19.283,545.162,19.283,-5.62,540.7,54.71,197.0,2.95,7.75,10.70
1382,2149.02,1.643,225.935,19.191,546.802,19.191,-5.60,547.2,54.82,197.4,2.95,7.75,10.70
1383,2150.66,1.646,225.906,19.099,548.446,19.099,-5.58,556.7,54.93,197.7,2.95,7.75,10.70
1384,2152.31,1.650,225.882,19.007,550.093,19.007,-5.60,562.7,55.05,198.2,2.95,7.75,10.70
1385,2153.97,1.653,225.863,18.915,551.743,18.915,-5.59,566.0,55.13,198.5,2.95,7.75,10.70
1386,2155.62,1.656,225.847,18.822,553.397,18.822,-5.64,562.0,55.26,199.0,2.95,7.75,10.70
1387,2157.28,1.660,225.837,18.729,555.054,18.729,-5.61,561.4,55.38,199.4,2.95,7.75,10.70
1388,2158.95,1.663,225.832,18.636,556.715,18.636,-5.60,559.5,55.50,199.8,2.95,7.75,10.70
1389,2160.61,1.667,225.832,18.543,558.379,18.543,-5.59,560.0,55.60,200.2,2.90,7.75,10.65
1390,2162.11,1.503,225.835,18.458,559.879,18.458,-5.61,571.8,55.70,200.5,2.90,7.80,10.70
1391,2163.62,1.505,225.843,18.374,561.382,18.374,-5.62,586.2,55.80,200.9,2.90,7.80,10.70
1392,2165.13,1.508,225.854,18.289,562.888,18.289,-5.61,597.8,55.89,201.2,2.85,7.80,10.65
1393,2166.64,1.511,225.869,18.205,564.396,18.205,-5.63,609.8,56.00,201.6,2.85,7.85,10.70
1394,2168.15,1.513,225.887,18.120,565.907,18.120,-5.61,621.7,56.08,201.9,2.85,7.85,10.70
1395,2169.67,1.516,225.910,18.034,567.420,18.034,-5.64,626.7,56.18,202.3,2.80,7.90,10.70
1396,2171.19,1.519,225.936,17.949,568.936,17.949,-5.65,633.3,56.29,202.6,2.80,7.90,10.70
1397,2172.71,1.521,225.966,17.864,570.454,17.864,-5.60,647.3,56.39,203.0,2.75,7.95,10.70
1398,2174.23,1.524,225.999,17.778,571.976,17.778,-5.62,661.9,56.49,203.4,2.75,7.95,10.70
1399,2175.76,1.526,226.036,17.693,573.499,17.693,-5.59,678.8,56.57,203.7,2.70,8.00,10.70
1400,2177.29,1.529,226.077,17.607,575.026,17.607,-5.64,690.4,56.69,204.1,2.65,8.00,10.65
1401,2178.82,1.532,226.121,17.521,576.554,17.521,-5.64,701.4,56.76,204.3,2.65,8.05,10.70
1402,2180.35,1.534,226.168,17.433,578.085,17.433,-5.70,698.0,56.87,204.7,2.60,8.05,10.65
1403,2181.89,1.537,226.219,17.345,579.619,17.345,-5.72,691.5,56.97,205.1,2.60,8.10,10.70
1404,2183.43,1.539,226.273,17.257,581.155,17.257,-5.73,681.4,57.07,205.4,2.55,8.10,10.65
1405,2184.97,1.542,226.331,17.169,582.694,17.169,-5.73,678.0,57.17,205.8,2.55,8.15,10.70
1406,2186.52,1.545,226.392,17.081,584.235,17.081,-5.70,679.0,57.26,206.1,2.50,8.15,10.65
1407,2188.07,1.547,226.457,16.994,585.778,16.994,-5.68,692.6,57.36,206.5,2.50,8.15,10.65
1408,2189.62,1.550,226.527,16.907,587.324,16.907,-5.62,714.6,57.46,206.9,2.50,8.20,10.70
1409,2191.17,1.553,226.599,16.820,588.873,16.820,-5.57,746.4,57.56,207.2,2.45,8.20,10.65
1410,2192.72,1.555,226.675,16.734,590.424,16.734,-5.56,780.7,57.65,207.5,2.45,8.25,10.70
1411,2194.28,1.558,226.754,16.647,591.978,16.647,-5.60,811.0,57.74,207.9,2.40,8.25,10.65
1412,2195.84,1.560,226.836,16.559,593.533,16.559,-5.62,836.4,57.83,208.2,2.40,8.25,10.65
1413,2197.41,1.563,226.921,16.471,595.092,16.471,-5.64,853.5,57.93,208.5,2.40,8.30,10.70
1414,2198.97,1.565,227.009,16.382,596.652,16.382,-5.67,854.4,58.03,208.9,2.35,8.30,10.65
1415,2200.54,1.568,227.100,16.293,598.215,16.293,-5.68,839.8,58.13,209.3,2.35,8.30,10.65
1416,2202.11,1.571,227.194,16.204,599.781,16.204,-5.70,823.3,58.22,209.6,2.35,8.30,10.65
1417,2203.68,1.573,227.291,16.114,601.348,16.114,-5.74,797.0,58.30,209.9,2.35,8.35,10.70
1418,2205.26,1.575,227.391,16.024,602.918,16.024,-5.72,781.6,58.39,210.2,2.30,8.35,10.65
1419,2206.84,1.578,227.495,15.935,604.490,15.935,-5.67,781.5,58.50,210.6,2.30,8.35,10.65
1420,2208.42,1.581,227.602,15.848,606.065,15.848,-5.51,806.2,58.59,210.9,2.30,8.35,10.65
1421,2210.00,1.583,227.713,15.762,607.642,15.762,-5.40,840.5,58.69,211.3,2.30,8.35,10.65
1422,2211.59,1.586,227.828,15.678,609.221,15.678,-5.30,899.6,58.75,211.5,2.25,8.40,10.65
1423,2213.17,1.588,227.945,15.593,610.802,15.593,-5.37,937.7,58.86,211.9,2.25,8.40,10.65
1424,2214.77,1.591,228.064,15.507,612.386,15.507,-5.41,954.0,58.96,212.3,2.25,8.40,10.65
1425,2216.36,1.593,228.186,15.420,613.972,15.420,-5.47,933.3,59.05,212.6,2.25,8.40,10.65
1426,2217.95,1.595,228.311,15.332,615.560,15.332,-5.55,890.0,59.13,212.9,2.25,8.40,10.65
1427,2219.55,1.598,228.439,15.243,617.151,15.243,-5.60,826.9,59.23,213.2,2.25,8.40,10.65
1428,2221.15,1.601,228.570,15.153,618.743,15.153,-5.58,777.6,59.33,213.6,2.25,8.40,10.65
1429,2222.76,1.603,228.705,15.065,620.339,15.065,-5.53,730.9,59.43,214.0,2.25,8.40,10.65
1430,2224.36,1.606,228.843,14.977,621.936,14.977,-5.48,698.3,59.52,214.3,2.25,8.40,10.65
1431,2225.97,1.608,228.986,14.890,623.536,14.890,-5.42,671.1,59.60,214.6,2.25,8.40,10.65
1432,2227.58,1.611,229.132,14.804,625.138,14.804,-5.36,654.0,59.70,214.9,2.25,8.40,10.65
1433,2229.20,1.613,229.283,14.719,626.742,14.719,-5.28,637.7,59.79,215.2,2.25,8.40,10.65
1434,2230.81,1.615,229.438,14.635,628.347,14.635,-5.20,628.9,59.86,215.5,2.25,8.40,10.65
1435,2232.43,1.618,229.598,14.551,629.955,14.551,-5.17,616.0,59.96,215.9,2.25,8.40,10.65
1436,2234.05,1.620,229.762,14.469,631.565,14.469,-5.09,606.3,60.03,216.1,2.25,8.40,10.65
1437,2235.67,1.622,229.930,14.387,633.176,14.387,-5.05,596.6,60.13,216.5,2.25,8.40,10.65
1438,2237.30,1.625,230.103,14.306,634.789,14.306,-5.00,587.9,60.20,216.7,2.25,8.40,10.65
1439,2238.92,1.626,230.281,14.226,636.404,14.226,-4.93,580.0,60.28,217.0,2.25,8.40,10.65
1440,2240.55,1.629,230.464,14.146,638.021,14.146,-4.93,573.5,60.38,217.4,2.25,8.40,10.65
1441,2242.18,1.631,230.652,14.067,639.639,14.067,-4.83,568.1,60.44,217.6,2.25,8.40,10.65
1442,2243.82,1.634,230.844,13.988,641.259,13.988,-4.85,558.1,60.55,218.0,2.25,8.40,10.65
1443,2245.45,1.636,231.042,13.909,642.881,13.909,-4.79,552.7,60.62,218.2,2.25,8.40,10.65
1444,2247.09,1.638,231.244,13.831,644.505,13.831,-4.81,543.0,60.70,218.5,2.25,8.40,10.65
1445,2248.73,1.640,231.452,13.752,646.130,13.752,-4.79,539.0,60.80,218.9,2.25,8.40,10.65
1446,2250.37,1.643,231.665,13.675,647.757,13.675,-4.74,536.7,60.87,219.1,2.25,8.40,10.65
1447,2252.02,1.645,231.884,13.597,649.385,13.597,-4.69,538.8,60.95,219.4,2.25,8.40,10.65
1448,2253.66,1.647,232.107,13.520,651.015,13.520,-4.68,537.5,61.04,219.8,2.25,8.40,10.65
1449,2255.31,1.649,232.337,13.444,652.646,13.444,-4.64,540.6,61.09,219.9,2.25,8.40,10.65
1450,2256.96,1.650,232.571,13.367,654.278,13.367,-4.69,541.8,61.14,220.1,2.60,8.40,11.00
1451,2258.61,1.650,232.810,13.290,655.909,13.290,-4.65,553.2,61.06,219.8,3.45,8.40,11.85
1452,2260.26,1.644,233.053,13.214,657.533,13.214,-4.61,580.5,60.78,218.8,4.25,8.40,12.65
1453,2261.89,1.635,233.300,13.141,659.148,13.141,-4.48,629.2,60.32,217.2,5.25,8.40,13.65
1454,2263.52,1.624,233.550,13.072,660.751,13.072,-4.30,703.2,60.02,216.1,6.40,8.45,14.85
1455,2265.13,1.614,233.802,13.004,662.344,13.004,-4.19,809.8,59.64,214.7,7.50,8.45,15.95
1456,2266.74,1.605,234.056,12.937,663.928,12.937,-4.16,913.6,59.32,213.5,8.60,8.45,17.05
1457,2268.33,1.596,234.310,12.869,665.502,12.869,-4.28,990.8,58.92,212.1,9.70,8.45,18.15
1458,2269.92,1.586,234.564,12.801,667.066,12.801,-4.30,1024.0,58.57,210.8,10.80,8.45,19.25
1459,2271.49,1.575,234.819,12.733,668.618,12.733,-4.30,1012.9,58.18,209.4,12.00,8.45,20.45
1460,2273.06,1.565,235.074,12.665,670.160,12.665,-4.33,963.7,57.70,207.7,13.15,8.45,21.60
1461,2274.61,1.552,235.331,12.600,671.689,12.600,-4.22,937.0,57.32,206.4,14.30,8.45,22.75
1462,2276.15,1.541,235.587,12.535,673.208,12.535,-4.23,910.1,56.87,204.7,2.15,8.45,10.60
1463,2277.68,1.530,235.845,12.471,674.714,12.471,-4.16,884.0,56.49,203.4,2.15,8.45,10.60
1464,2279.20,1.519,236.103,12.408,676.210,12.408,-4.16,855.7,56.07,201.8,2.20,8.45,10.65
1465,2280.71,1.506,236.361,12.347,677.692,12.347,-4.06,830.3,55.58,200.1,2.20,8.45,10.65
1466,2282.37,1.660,236.650,12.281,679.325,12.281,-3.98,781.7,55.06,198.2,2.60,8.45,11.05
1467,2284.01,1.646,236.939,12.217,680.945,12.217,-3.91,738.2,54.72,197.0,2.60,8.45,11.05
1468,2285.64,1.632,237.229,12.153,682.549,12.153,-3.88,707.9,54.18,195.0,2.60,8.45,11.05
1469,2287.26,1.620,237.521,12.091,684.141,12.091,-3.85,685.5,53.78,193.6,2.60,8.45,11.05
1470,2288.87,1.606,237.814,12.031,685.718,12.031,-3.77,677.1,53.32,192.0,2.60,8.45,11.05
1471,2290.46,1.593,238.109,11.971,687.283,11.971,-3.71,675.9,52.95,190.6,2.60,8.45,11.05
1472,2292.04,1.581,238.406,11.913,688.835,11.913,-3.69,675.9,52.49,189.0,2.60,8.45,11.05
1473,2293.61,1.570,238.703,11.855,690.375,11.855,-3.71,662.1,52.17,187.8,2.60,8.45,11.05
1474,2295.17,1.557,239.001,11.797,691.902,11.797,-3.72,650.7,51.72,186.2,2.60,8.45,11.05
1475,2296.72,1.544,239.300,11.739,693.416,11.739,-3.73,632.2,51.24,184.5,2.60,8.45,11.05
1476,2298.25,1.530,239.600,11.684,694.915,11.684,-3.62,621.3,50.82,182.9,2.60,8.45,11.05
1477,2299.76,1.517,239.902,11.630,696.401,11.630,-3.55,614.8,50.37,181.3,2.60,8.45,11.05
1478,2301.27,1.504,240.205,11.578,697.874,11.578,-3.49,619.9,49.96,179.9,2.60,8.45,11.05
1479,2302.91,1.640,240.540,11.521,699.479,11.521,-3.46,619.0,49.50,178.2,2.60,8.70,11.30
1480,2304.53,1.625,240.875,11.465,701.068,11.465,-3.44,620.3,49.02,176.5,2.60,9.60,12.20
1481,2306.14,1.608,241.211,11.411,702.640,11.411,-3.36,621.3,48.50,174.6,2.60,10.50,13.10
1482,2307.73,1.592,241.549,11.359,704.195,11.359,-3.28,622.2,48.06,173.0,2.60,11.45,14.05
1483,2309.31,1.578,241.886,11.308,705.735,11.308,-3.26,622.7,47.58,171.3,2.60,12.85,15.45
1484,2310.88,1.563,242.225,11.257,707.261,11.257,-3.26,623.2,47.18,169.8,2.55,22.90,25.45
1485,2312.42,1.547,242.563,11.207,708.769,11.207,-3.25,617.8,46.62,167.8,2.60,21.60,24.20
1486,2313.95,1.531,242.901,11.158,710.261,11.158,-3.15,610.1,46.16,166.2,2.60,20.30,22.90
1487,2315.47,1.515,243.240,11.111,711.737,11.111,-3.10,602.5,45.71,164.6,2.60,19.05,21.65
1488,2317.10,1.635,243.610,11.062,713.329,11.062,-3.01,589.9,45.20,162.7,2.60,17.70,20.30
1489,2318.72,1.617,243.980,11.014,714.903,11.014,-2.96,582.6,44.69,160.9,2.60,16.40,19.00
1490,2320.32,1.599,244.351,10.969,716.457,10.969,-2.83,584.7,44.19,159.1,2.60,15.05,17.65
1491,2321.90,1.582,244.722,10.926,717.994,10.926,-2.75,590.2,43.70,157.3,2.60,13.70,16.30
1492,2323.47,1.565,245.093,10.883,719.514,10.883,-2.71,594.9,43.31,155.9,2.60,12.40,15.00
1493,2325.02,1.550,245.464,10.840,721.019,10.840,-2.75,598.1,42.83,154.2,2.60,11.15,13.75
1494,2326.55,1.533,245.834,10.798,722.505,10.798,-2.75,596.1,42.37,152.5,2.60,10.15,12.75
1495,2328.06,1.515,246.204,10.757,723.974,10.757,-2.76,588.6,41.86,150.7,2.60,9.15,11.75
1496,2329.69,1.621,246.604,10.714,725.544,10.714,-2.62,578.3,41.32,148.7,2.60,8.40,11.00
1497,2331.29,1.600,247.004,10.673,727.093,10.673,-2.57,574.6,40.75,146.7,2.60,8.40,11.00
1498,2332.86,1.577,247.402,10.634,728.619,10.634,-2.45,577.0,40.18,144.7,2.60,8.35,10.95
1499,2334.42,1.555,247.799,10.598,730.122,10.598,-2.35,586.4,39.62,142.6,3.45,8.40,11.85
1500,2335.95,1.534,248.194,10.562,731.604,10.562,-2.31,601.6,39.04,140.5,3.45,8.40,11.85
1501,2337.46,1.512,248.587,10.529,733.063,10.529,-2.21,628.9,38.51,138.6,3.45,8.40,11.85
1502,2339.07,1.604,249.008,10.494,734.610,10.494,-2.16,667.8,37.90,136.4,3.45,8.40,11.85
1503,2340.65,1.579,249.426,10.462,736.132,10.462,-2.05,738.7,37.33,134.4,3.45,8.85,12.30
1504,2342.20,1.556,249.842,10.431,737.631,10.431,-1.99,878.2,36.81,132.5,3.45,8.85,12.30
1505,2343.74,1.533,250.255,10.402,739.107,10.402,-1.92,1194.1,36.24,130.5,3.40,8.85,12.25
1506,2345.25,1.509,250.664,10.374,740.560,10.374,-1.87,2000.0,35.67,128.4,3.40,8.90,12.30
1507,2346.84,1.591,251.096,10.345,742.091,10.345,-1.79,2000.0,35.10,126.4,3.35,8.90,12.25
1508,2348.40,1.566,251.522,10.317,743.598,10.317,-1.77,1206.8,34.56,124.4,3.35,8.90,12.25
1509,2349.94,1.541,251.940,10.289,745.081,10.289,-1.84,605.0,33.97,122.3,3.35,8.95,12.30
1510,2351.46,1.514,252.348,10.261,746.539,10.261,-1.88,385.9,33.32,120.0,3.35,8.95,12.30
1511,2353.04,1.584,252.769,10.232,748.065,10.232,-1.80,272.3,32.71,117.7,3.35,8.95,12.30
1512,2354.60,1.554,253.174,10.205,749.565,10.205,-1.74,208.6,32.09,115.5,3.35,8.95,12.30
1513,2356.13,1.528,253.561,10.180,751.043,10.180,-1.64,169.7,31.63,113.9,3.35,8.90,12.25
1514,2357.63,1.505,253.929,10.155,752.503,10.155,-1.67,145.5,31.17,112.2,3.40,8.85,12.25
1515,2359.21,1.578,254.298,10.127,754.037,10.127,-1.75,128.1,30.71,110.6,3.45,8.80,12.25
1516,2360.76,1.556,254.643,10.100,755.554,10.100,-1.74,117.4,30.32,109.2,3.55,8.75,12.30
1517,2362.30,1.536,254.961,10.073,757.056,10.073,-1.75,111.0,29.91,107.7,3.65,8.65,12.30
1518,2363.82,1.516,255.254,10.046,758.543,10.046,-1.76,108.1,29.56,106.4,3.75,8.55,12.30
1519,2365.40,1.584,255.536,10.017,760.101,10.017,-1.87,105.4,29.14,104.9,3.90,8.40,12.30
1520,2366.96,1.563,255.792,9.985,761.642,9.985,-2.04,104.0,28.74,103.4,4.10,8.25,12.35
1521,2368.50,1.539,256.021,9.951,763.164,9.951,-2.17,103.0,28.28,101.8,4.30,8.05,12.35
1522,2370.02,1.514,256.225,9.917,764.663,9.917,-2.30,102.2,27.83,100.2,4.50,7.85,12.35
1523,2371.59,1.572,256.415,9.878,766.223,9.878,-2.45,100.3,27.37,98.5,4.75,7.65,12.40
1524,2373.13,1.545,256.577,9.838,767.760,9.838,-2.58,99.2,26.91,96.9,5.05,7.40,12.45
1525,2374.66,1.523,256.712,9.798,769.276,9.798,-2.67,98.9,26.54,95.6,5.30,7.10,12.40
1526,2376.16,1.502,256.822,9.755,770.773,9.755,-2.81,98.3,26.16,94.2,5.65,6.85,12.50
1527,2377.72,1.557,256.912,9.710,772.328,9.710,-2.89,96.4,25.80,92.9,5.95,6.50,12.45
1528,2379.25,1.536,256.978,9.662,773.861,9.662,-3.15,93.6,25.42,91.5,6.30,6.20,12.50
1529,2380.77,1.515,257.019,9.612,775.375,9.612,-3.31,90.0,25.08,90.3,6.65,5.85,12.50
1530,2382.34,1.571,257.036,9.557,776.944,9.557,-3.50,85.7,24.80,89.3,7.00,5.50,12.50
1531,2383.89,1.552,257.025,9.498,778.495,9.498,-3.78,81.7,24.51,88.2,6.25,5.10,11.35
1532,2385.43,1.537,256.984,9.439,780.030,9.439,-3.89,78.8,24.28,87.4,6.40,4.75,11.15
1533,2386.95,1.522,256.912,9.381,781.550,9.381,-3.82,77.6,24.07,86.7,6.75,4.35,11.10
1534,2388.46,1.510,256.809,9.326,783.055,9.326,-3.62,77.7,23.89,86.0,7.05,3.95,11.00
1535,2390.03,1.572,256.671,9.272,784.620,9.272,-3.45,77.7,23.74,85.5,7.35,3.60,10.95
1536,2391.59,1.561,256.501,9.223,786.171,9.223,-3.11,77.8,23.58,84.9,7.60,3.25,10.85
1537,2393.15,1.552,256.302,9.182,787.710,9.182,-2.63,76.9,23.45,84.4,7.85,3.00,10.85
1538,2394.69,1.543,256.076,9.145,789.236,9.145,-2.42,73.7,23.32,84.0,8.00,2.75,10.75
1539,2396.22,1.534,255.824,9.109,790.748,9.109,-2.34,68.4,23.17,83.4,8.15,2.55,10.70
1540,2397.75,1.525,255.543,9.075,792.247,9.075,-2.25,62.7,23.02,82.9,8.25,2.40,10.65
1541,2399.26,1.515,255.229,9.043,793.728,9.043,-2.14,56.8,22.88,82.4,8.35,2.30,10.65
1542,2400.77,1.504,254.879,9.011,795.191,9.011,-2.10,51.6,22.70,81.7,8.40,2.20,10.60
1543,2402.33,1.561,254.469,8.983,796.696,8.983,-1.77,47.0,22.54,81.1,8.45,2.10,10.55
1544,2403.88,1.548,254.011,8.960,798.175,8.960,-1.50,43.7,22.36,80.5,8.50,2.05,10.55
1545,2405.42,1.537,253.505,8.938,799.626,8.938,-1.46,41.0,22.18,79.8,8.50,2.05,10.55
1546,2406.94,1.525,252.949,8.917,801.045,8.917,-1.33,39.1,22.02,79.3,8.50,2.00,10.50
1547,2408.45,1.513,252.341,8.898,802.430,8.898,-1.26,37.6,21.85,78.7,8.50,2.00,10.50
1548,2409.96,1.502,251.682,8.881,803.779,8.881,-1.16,36.5,21.68,78.1,8.45,2.00,10.45
1549,2411.51,1.555,250.941,8.863,805.146,8.863,-1.13,35.6,21.51,77.4,8.45,2.00,10.45
1550,2413.05,1.542,250.147,8.846,806.468,8.846,-1.10,35.0,21.34,76.8,8.45,2.00,10.45
1551,2414.59,1.529,249.302,8.830,807.742,8.830,-1.09,34.8,21.16,76.2,8.45,2.00,10.45
1552,2416.10,1.517,248.408,8.814,808.967,8.814,-1.05,34.9,20.98,75.5,8.45,1.95,10.40
1553,2417.61,1.504,247.466,8.798,810.141,8.798,-1.02,35.5,20.82,74.9,8.50,1.90,10.40
1554,2419.16,1.555,246.440,8.783,811.309,8.783,-1.01,36.6,20.66,74.4,8.55,1.85,10.40
1555,2420.71,1.543,245.373,8.767,812.422,8.767,-1.05,38.0,20.50,73.8,8.55,1.80,10.35
1556,2422.24,1.532,244.268,8.752,813.482,8.752,-0.98,39.7,20.35,73.3,8.60,1.75,10.35
1557,2423.76,1.521,243.131,8.737,814.493,8.737,-0.95,41.4,20.23,72.8,8.65,1.70,10.35
1558,2425.28,1.512,241.967,8.723,815.458,8.723,-0.96,42.7,20.09,72.3,8.70,1.70,10.40
1559,2426.78,1.502,240.781,8.708,816.380,8.708,-0.95,43.5,19.95,71.8,8.70,1.70,10.40
1560,2428.33,1.550,239.523,8.699,817.286,8.699,-0.61,43.4,19.81,71.3,8.70,1.70,10.40
1561,2429.87,1.541,238.240,8.700,818.139,8.700,0.08,42.8,19.70,70.9,8.65,1.70,10.35
1562,2431.41,1.533,236.936,8.700,818.946,8.700,-0.03,41.6,19.63,70.7,8.60,1.75,10.35
1563,2432.94,1.528,235.609,8.698,819.704,8.698,-0.12,40.1,19.56,70.4,8.55,1.80,10.35
1564,2434.46,1.523,234.259,8.695,820.409,8.695,-0.21,38.8,19.49,70.2,8.50,1.85,10.35
1565,2435.98,1.520,232.884,8.694,821.057,8.694,-0.07,37.6,19.46,70.1,8.40,1.95,10.35
1566,2437.50,1.514,231.489,8.693,821.648,8.693,-0.08,36.4,19.37,69.7,8.35,2.00,10.35
1567,2439.01,1.507,230.078,8.693,822.175,8.693,0.02,35.5,19.28,69.4,8.25,2.05,10.30
1568,2440.51,1.500,228.652,8.694,822.641,8.694,0.06,34.7,19.19,69.1,8.20,2.10,10.30
1569,2442.06,1.550,227.159,8.694,823.056,8.694,0.01,33.8,19.08,68.7,8.15,2.15,10.30
1570,2443.60,1.542,225.655,8.695,823.400,8.695,0.08,33.2,19.00,68.4,8.10,2.15,10.25
1571,2445.14,1.535,224.144,8.696,823.670,8.696,0.08,32.7,18.91,68.1,8.05,2.15,10.20
1572,2446.67,1.528,222.628,8.698,823.866,8.698,0.10,32.7,18.82,67.8,8.05,2.15,10.20
1573,2448.19,1.521,221.112,8.699,823.991,8.699,0.07,32.8,18.74,67.5,8.05,2.15,10.20
1574,2449.71,1.514,219.599,8.700,824.042,8.700,0.10,33.5,18.66,67.2,8.05,2.10,10.15
1575,2451.22,1.508,218.090,8.701,824.025,8.701,0.05,34.3,18.58,66.9,8.25,2.05,10.30
1576,2452.72,1.502,216.591,8.704,823.939,8.704,0.17,35.6,18.51,66.6,9.95,2.00,11.95
1577,2454.28,1.552,215.047,8.704,823.784,8.704,0.03,36.7,18.43,66.4,12.65,1.95,14.60
1578,2455.82,1.547,213.517,8.708,823.561,8.708,0.22,38.1,18.40,66.3,14.35,1.90,16.25
1579,2457.37,1.545,211.998,8.711,823.275,8.711,0.22,39.5,18.40,66.2,15.05,1.85,16.90
1580,2458.92,1.546,210.490,8.716,822.932,8.716,0.29,40.7,18.39,66.2,14.75,1.80,16.55
1581,2460.46,1.544,208.999,8.721,822.532,8.721,0.36,41.6,18.38,66.2,14.00,1.80,15.80
1582,2462.01,1.546,207.520,8.727,822.080,8.727,0.40,42.0,18.43,66.3,12.60,1.75,14.35
1583,2463.56,1.550,206.055,8.735,821.572,8.735,0.52,41.9,18.48,66.5,11.00,1.75,12.75
1584,2465.12,1.554,204.607,8.745,821.010,8.745,0.64,41.6,18.50,66.6,9.60,1.75,11.35
1585,2466.67,1.552,203.182,8.759,820.395,8.759,0.85,41.2,18.47,66.5,8.40,1.75,10.15
1586,2468.22,1.553,201.780,8.774,819.728,8.774,0.98,40.6,18.51,66.7,7.95,1.80,9.75
1587,2469.73,1.501,200.450,8.790,819.032,8.790,1.06,40.5,18.54,66.7,7.90,1.80,9.70
1588,2471.23,1.501,199.148,8.807,818.287,8.807,1.17,40.3,18.50,66.6,7.85,1.85,9.70
1589,2472.78,1.554,197.831,8.828,817.463,8.828,1.31,40.0,18.50,66.6,7.80,1.90,9.70
1590,2474.34,1.555,196.546,8.851,816.587,8.851,1.48,39.7,18.53,66.7,7.70,2.00,9.70
1591,2475.89,1.555,195.297,8.873,815.661,8.873,1.47,39.5,18.49,66.6,7.65,2.05,9.70
1592,2477.45,1.552,194.086,8.895,814.690,8.895,1.38,39.1,18.46,66.4,7.55,2.15,9.70
1593,2478.99,1.547,192.921,8.919,813.673,8.919,1.56,39.1,18.38,66.2,7.50,2.20,9.70
1594,2480.54,1.541,191.801,8.944,812.615,8.944,1.60,39.3,18.31,65.9,7.40,2.30,9.70
1595,2482.07,1.535,190.728,8.970,811.518,8.970,1.74,39.8,18.25,65.7,9.45,2.35,11.80
1596,2483.60,1.530,189.702,8.998,810.383,8.998,1.78,40.5,18.19,65.5,9.40,2.40,11.80
1597,2485.13,1.525,188.722,9.026,809.214,9.026,1.84,41.6,18.13,65.3,9.30,2.45,11.75
1598,2486.65,1.521,187.789,9.055,808.014,9.055,1.96,42.8,18.09,65.1,9.25,2.50,11.75
1599,2488.17,1.517,186.902,9.086,806.784,9.086,2.02,44.4,18.05,65.0,9.20,2.60,11.80
1600,2489.68,1.514,186.058,9.118,805.527,9.118,2.11,46.6,18.01,64.8,9.15,2.65,11.80
1601,2491.19,1.512,185.258,9.151,804.244,9.151,2.19,49.5,18.00,64.8,9.05,2.75,11.80
1602,2492.71,1.510,184.501,9.184,802.937,9.184,2.20,53.5,17.97,64.7,8.95,2.85,11.80
1603,2494.22,1.513,183.782,9.220,801.607,9.220,2.35,58.6,18.06,65.0,8.80,3.05,11.85
1604,2495.74,1.524,183.093,9.257,800.248,9.257,2.42,64.5,18.24,65.6,8.65,3.25,11.90
1605,2497.29,1.543,182.428,9.299,798.857,9.299,2.72,71.6,18.51,66.6,8.40,3.55,11.95
1606,2498.80,1.513,181.803,9.343,797.480,9.343,2.92,78.5,18.85,67.8,8.15,3.85,12.00
1607,2500.34,1.544,181.190,9.393,796.063,9.393,3.22,83.9,19.28,69.4,7.85,4.20,12.05
1608,2501.87,1.523,180.610,9.444,794.656,9.444,3.37,87.5,19.76,71.2,7.55,4.55,12.10
1609,2503.37,1.502,180.060,9.498,793.259,9.498,3.59,88.8,20.29,73.0,7.20,4.95,12.15
1610,2504.91,1.545,179.518,9.554,791.813,9.554,3.62,87.3,20.89,75.2,6.80,5.35,12.15
1611,2506.44,1.527,179.007,9.612,790.376,9.612,3.84,85.0,21.50,77.4,6.45,5.75,12.20
1612,2507.95,1.505,178.528,9.671,788.950,9.671,3.91,83.0,22.09,79.5,6.05,6.20,12.25
1613,2509.48,1.539,178.065,9.730,787.484,9.730,3.85,80.9,22.45,80.8,5.60,6.60,12.20
1614,2511.04,1.556,177.628,9.788,785.992,9.788,3.69,80.4,22.66,81.6,5.20,7.00,12.20
1615,2512.54,1.502,177.234,9.841,784.543,9.841,3.58,82.0,22.85,82.3,4.80,7.35,12.15
1616,2514.06,1.515,176.866,9.897,783.074,9.897,3.65,84.0,23.05,83.0,4.40,7.70,12.10
1617,2515.59,1.529,176.522,9.951,781.586,9.951,3.57,86.2,23.27,83.8,4.05,8.00,12.05
1618,2517.13,1.543,176.201,10.008,780.078,10.008,3.67,89.4,23.48,84.5,3.70,8.30,12.00
1619,2518.69,1.557,175.902,10.062,778.551,10.062,3.46,92.5,23.69,85.3,3.40,8.15,11.55
1620,2520.26,1.570,175.626,10.114,777.006,10.114,3.32,95.6,23.90,86.0,3.10,8.40,11.50
1621,2521.77,1.512,175.386,10.164,775.514,10.164,3.28,98.5,24.10,86.7,2.85,8.60,11.45
1622,2523.29,1.525,175.169,10.217,774.005,10.217,3.50,101.5,24.31,87.5,2.65,8.80,11.45
1623,2524.83,1.539,174.973,10.270,772.480,10.270,3.43,103.2,24.51,88.2,2.45,9.00,11.45
1624,2526.38,1.548,174.794,10.313,770.942,10.313,2.79,102.5,24.69,88.9,2.25,9.15,11.40
1625,2527.95,1.564,174.633,10.348,769.387,10.348,2.24,99.7,24.94,89.8,2.10,9.30,11.40
1626,2529.45,1.503,174.502,10.380,767.891,10.380,2.17,97.8,25.14,90.5,1.95,9.40,11.35
1627,2530.96,1.515,174.396,10.413,766.380,10.413,2.14,96.6,25.34,91.2,1.85,9.50,11.35
1628,2532.49,1.527,174.315,10.444,764.856,10.444,2.05,96.6,25.55,92.0,1.75,10.00,11.75
1629,2534.03,1.539,174.259,10.475,763.318,10.475,2.01,99.1,25.76,92.7,1.70,11.15,12.85
1630,2535.58,1.552,174.228,10.506,761.766,10.506,2.02,104.4,25.96,93.5,1.70,12.10,13.80
1631,2537.15,1.565,174.220,10.538,760.202,10.538,2.00,111.5,26.19,94.3,1.65,13.15,14.80
1632,2538.72,1.578,174.236,10.569,758.624,10.569,1.98,120.8,26.40,95.1,1.70,14.65,16.35
1633,2540.24,1.511,174.270,10.597,757.114,10.597,1.85,133.4,26.61,95.8,1.70,20.20,21.90
1634,2541.76,1.523,174.321,10.623,755.592,10.623,1.72,149.3,26.81,96.5,1.75,21.35,23.10
1635,2543.29,1.535,174.388,10.648,754.059,10.648,1.61,168.8,27.01,97.3,1.85,21.90,23.75
1636,2544.84,1.547,174.469,10.671,752.515,10.671,1.52,193.6,27.24,98.1,1.95,19.15,21.10
1637,2546.40,1.559,174.566,10.697,750.959,10.697,1.68,229.9,27.45,98.8,2.05,17.20,19.25
1638,2547.97,1.571,174.673,10.726,749.392,10.726,1.80,281.6,27.66,99.6,2.15,15.40,17.55
1639,2549.55,1.583,174.790,10.755,747.814,10.755,1.85,361.3,27.86,100.3,2.25,14.05,16.30
1640,2551.06,1.511,174.907,10.782,746.308,10.782,1.78,489.3,28.07,101.0,2.40,12.80,15.20
1641,2552.58,1.521,175.029,10.811,744.792,10.811,1.89,702.7,28.27,101.8,2.50,11.65,14.15
1642,2554.12,1.533,175.155,10.838,743.264,10.838,1.76,976.4,28.49,102.6,2.65,10.75,13.40
1643,2555.66,1.543,175.284,10.862,741.727,10.862,1.55,1176.4,28.69,103.3,2.75,9.85,12.60
1644,2557.22,1.556,175.413,10.882,740.177,10.882,1.29,1095.0,28.92,104.1,2.90,8.90,11.80
1645,2558.78,1.568,175.544,10.900,738.615,10.900,1.18,861.8,29.13,104.9,3.05,8.30,11.35
1646,2560.36,1.579,175.677,10.922,737.041,10.922,1.34,670.6,29.36,105.7,3.20,8.15,11.35
1647,2561.87,1.503,175.809,10.946,735.544,10.946,1.66,569.5,29.58,106.5,3.30,8.00,11.30
1648,2563.38,1.515,175.947,10.979,734.036,10.979,2.18,531.0,29.81,107.3,3.45,7.85,11.30
1649,2564.91,1.526,176.093,11.018,732.517,11.018,2.50,539.2,30.03,108.1,3.60,7.75,11.35
1650,2566.45,1.538,176.244,11.057,730.986,11.057,2.56,585.9,30.29,109.1,3.75,7.60,11.35
1651,2568.00,1.552,176.400,11.097,729.443,11.097,2.58,678.3,30.55,110.0,3.90,7.40,11.30
1652,2569.56,1.565,176.561,11.137,727.886,11.137,2.54,833.5,30.81,110.9,4.05,7.25,11.30
1653,2571.14,1.579,176.727,11.175,726.317,11.175,2.43,1094.8,31.09,111.9,4.25,7.10,11.35
1654,2572.74,1.593,176.897,11.214,724.733,11.214,2.43,1663.6,31.36,112.9,4.40,6.95,11.35
1655,2574.25,1.512,177.060,11.251,723.230,11.251,2.44,2000.0,31.63,113.9,4.55,6.80,11.35
1656,2575.77,1.525,177.225,11.290,721.715,11.290,2.54,2000.0,31.89,114.8,4.70,6.60,11.30
1657,2577.31,1.537,177.390,11.330,720.187,11.330,2.66,2000.0,32.15,115.7,4.90,6.45,11.35
1658,2578.86,1.549,177.556,11.372,718.647,11.372,2.68,1607.8,32.40,116.7,5.05,6.30,11.35
1659,2580.42,1.561,177.722,11.414,717.096,11.414,2.72,1175.8,32.62,117.4,5.30,6.15,11.45
1660,2582.00,1.574,177.887,11.456,715.531,11.456,2.65,953.0,32.92,118.5,5.55,6.00,11.55
1661,2583.58,1.586,178.050,11.501,713.954,11.501,2.83,825.5,33.17,119.4,5.80,5.80,11.60
1662,2585.18,1.599,178.211,11.548,712.364,11.548,2.91,741.7,33.42,120.3,6.05,5.65,11.70
1663,2586.69,1.509,178.360,11.592,710.862,11.592,2.94,695.9,33.66,121.2,6.30,5.50,11.80
1664,2588.21,1.521,178.507,11.637,709.349,11.637,2.99,666.3,33.90,122.0,6.50,5.35,11.85
1665,2589.74,1.531,178.651,11.685,707.826,11.685,3.14,651.7,34.14,122.9,6.70,5.25,11.95
1666,2591.28,1.542,178.792,11.736,706.291,11.736,3.26,647.4,34.38,123.8,6.95,5.10,12.05
1667,2592.84,1.553,178.931,11.788,704.745,11.788,3.35,650.4,34.62,124.6,7.15,4.95,12.10
1668,2594.40,1.563,179.066,11.841,703.188,11.841,3.42,649.1,34.85,125.5,7.40,4.80,12.20
1669,2595.97,1.574,179.199,11.895,701.621,11.895,3.44,651.2,35.09,126.3,7.55,4.70,12.25
1670,2597.56,1.585,179.329,11.951,700.043,11.951,3.52,659.2,35.31,127.1,7.50,4.55,12.05
1671,2599.15,1.594,179.455,12.007,698.455,12.007,3.52,667.9,35.55,128.0,7.45,4.45,11.90
1672,2600.76,1.606,179.579,12.065,696.855,12.065,3.65,681.1,35.80,128.9,7.40,4.30,11.70
1673,2602.27,1.508,179.692,12.122,695.352,12.122,3.77,707.9,36.01,129.6,7.00,4.20,11.20
1674,2603.78,1.516,179.802,12.179,693.841,12.179,3.74,734.4,36.19,130.3,5.80,4.10,9.90
1675,2605.31,1.525,179.910,12.235,692.321,12.235,3.65,755.3,36.41,131.1,5.20,4.00,9.20
1676,2606.84,1.535,180.016,12.291,690.791,12.291,3.67,781.4,36.65,131.9,5.30,3.90,9.20
1677,2608.39,1.544,180.118,12.350,689.252,12.350,3.81,810.7,36.85,132.7,5.40,3.80,9.20
1678,2609.94,1.553,180.219,12.410,687.703,12.410,3.91,842.1,37.07,133.5,5.45,3.70,9.15
1679,2611.50,1.562,180.317,12.473,686.146,12.473,4.00,884.3,37.28,134.2,5.55,3.60,9.15
1680,2613.07,1.570,180.413,12.538,684.580,12.538,4.14,939.5,37.48,134.9,5.65,3.50,9.15
1681,2614.65,1.580,180.506,12.603,683.004,12.603,4.17,990.9,37.71,135.8,5.75,3.40,9.15
1682,2616.24,1.588,180.598,12.672,681.421,12.672,4.32,1050.6,37.89,136.4,5.85,3.30,9.15
1683,2617.84,1.596,180.688,12.741,679.828,12.741,4.31,1102.9,38.12,137.2,5.90,3.25,9.15
1684,2619.44,1.606,180.776,12.812,678.226,12.812,4.44,1153.8,38.34,138.0,6.00,3.15,9.15
1685,2621.06,1.614,180.862,12.885,676.616,12.885,4.50,1199.5,38.52,138.7,6.05,3.35,9.40
1686,2622.56,1.506,180.941,12.952,675.113,12.952,4.47,1248.4,38.71,139.3,6.15,3.30,9.45
1687,2624.08,1.514,181.018,13.019,673.602,13.019,4.43,1280.6,38.93,140.1,6.20,3.25,9.45
1688,2625.60,1.522,181.094,13.088,672.084,13.088,4.51,1311.8,39.10,140.8,6.25,3.15,9.40
1689,2627.13,1.528,181.169,13.155,670.559,13.155,4.44,1330.1,39.29,141.4,6.35,3.10,9.45
1690,2628.66,1.537,181.242,13.224,669.026,13.224,4.49,1342.0,39.49,142.2,6.40,3.05,9.45
1691,2630.21,1.544,181.314,13.295,667.485,13.295,4.60,1348.5,39.68,142.8,6.45,2.95,9.40
1692,2631.76,1.552,181.384,13.367,665.937,13.367,4.66,1352.6,39.88,143.6,6.50,2.90,9.40
1693,2633.32,1.559,181.453,13.441,664.381,13.441,4.76,1349.9,40.04,144.2,6.60,2.85,9.45
1694,2634.89,1.566,181.520,13.515,662.819,13.515,4.74,1335.3,40.24,144.9,6.65,2.80,9.45
1695,2636.46,1.573,181.586,13.591,661.248,13.591,4.78,1304.6,40.43,145.5,6.70,2.70,9.40
1696,2638.04,1.581,181.650,13.667,659.671,13.667,4.84,1261.1,40.60,146.2,6.75,2.65,9.40
1697,2639.63,1.588,181.713,13.744,658.086,13.744,4.82,1201.0,40.79,146.9,6.80,2.60,9.40
1698,2641.22,1.595,181.774,13.820,656.495,13.820,4.83,1123.0,40.98,147.5,6.85,2.55,9.40
1699,2642.82,1.603,181.833,13.898,654.895,13.898,4.87,1049.5,41.17,148.2,6.90,2.50,9.40
1700,2644.43,1.610,181.890,13.977,653.288,13.977,4.91,987.3,41.36,148.9,6.95,2.45,9.40
1701,2646.05,1.617,181.944,14.057,651.674,14.057,4.91,933.3,41.54,149.5,7.00,2.40,9.40
1702,2647.68,1.624,181.996,14.137,650.053,14.137,4.95,894.6,41.73,150.2,7.05,2.35,9.40
1703,2649.18,1.506,182.041,14.212,648.550,14.212,5.00,885.3,41.91,150.9,7.10,2.30,9.40
1704,2650.69,1.512,182.084,14.289,647.041,14.289,5.06,889.4,42.07,151.4,7.15,2.25,9.40
1705,2652.21,1.517,182.125,14.365,645.526,14.365,5.05,902.7,42.22,152.0,7.20,2.20,9.40
1706,2653.73,1.523,182.163,14.442,644.005,14.442,5.05,934.1,42.40,152.6,7.20,2.20,9.40
1707,2655.26,1.530,182.198,14.520,642.477,14.520,5.08,981.1,42.58,153.3,7.25,2.15,9.40
1708,2656.80,1.536,182.232,14.598,640.944,14.598,5.14,1037.5,42.74,153.8,7.30,2.10,9.40
1709,2658.34,1.542,182.263,14.678,639.404,14.678,5.14,1105.9,42.91,154.5,7.30,2.10,9.40
1710,2659.89,1.548,182.291,14.757,637.859,14.757,5.17,1185.8,43.06,155.0,7.35,2.05,9.40
1711,2661.44,1.553,182.319,14.836,636.308,14.836,5.09,1267.2,43.23,155.6,7.35,2.05,9.40
1712,2663.00,1.559,182.344,14.916,634.751,14.916,5.10,1356.6,43.39,156.2,7.40,2.00,9.40
1713,2664.57,1.565,182.368,14.996,633.188,14.996,5.13,1459.9,43.56,156.8,7.40,2.00,9.40
1714,2666.14,1.571,182.390,15.079,631.618,15.079,5.26,1592.8,43.74,157.4,7.40,1.95,9.35
1715,2667.72,1.578,182.410,15.164,630.043,15.164,5.42,1788.3,43.90,158.1,7.45,1.95,9.40
1716,2669.30,1.584,182.429,15.252,628.462,15.252,5.57,2000.0,44.07,158.7,7.45,1.95,9.40
1717,2670.89,1.589,182.447,15.342,626.875,15.342,5.67,2000.0,44.22,159.2,7.45,1.90,9.35
1718,2672.49,1.595,182.464,15.433,625.282,15.433,5.69,2000.0,44.39,159.8,7.50,1.90,9.40
1719,2674.09,1.601,182.480,15.525,623.684,15.525,5.74,2000.0,44.55,160.4,7.50,1.90,9.40
1720,2675.69,1.607,182.495,15.617,622.080,15.617,5.75,2000.0,44.71,161.0,7.50,1.90,9.40
1721,2677.31,1.612,182.511,15.709,620.470,15.709,5.72,2000.0,44.83,161.4,7.50,1.90,9.40
1722,2678.92,1.617,182.525,15.798,618.855,15.798,5.55,2000.0,45.01,162.0,7.50,1.90,9.40
1723,2680.55,1.623,182.540,15.888,617.235,15.888,5.55,2000.0,45.16,162.6,7.55,1.90,9.45
1724,2682.18,1.629,182.555,15.978,615.608,15.978,5.51,2000.0,45.33,163.2,7.55,1.90,9.45
1725,2683.81,1.635,182.569,16.069,613.975,16.069,5.57,2000.0,45.50,163.8,7.55,1.90,9.45
1726,2685.32,1.504,182.582,16.154,612.473,16.154,5.65,2000.0,45.65,164.3,7.55,1.95,9.50
1727,2686.83,1.509,182.595,16.240,610.967,16.240,5.73,2000.0,45.80,164.9,7.55,1.95,9.50
1728,2688.34,1.514,182.608,16.329,609.455,16.329,5.86,2000.0,45.96,165.4,7.55,1.95,9.50
1729,2689.86,1.519,182.620,16.419,607.938,16.419,5.98,2000.0,46.10,166.0,7.55,1.95,9.50
1730,2691.38,1.524,182.633,16.511,606.417,16.511,6.00,2000.0,46.23,166.4,7.60,1.95,9.55
1731,2692.91,1.528,182.645,16.602,604.892,16.602,6.00,2000.0,46.36,166.9,7.60,1.95,9.55
1732,2694.44,1.533,182.657,16.693,603.363,16.693,5.95,2000.0,46.51,167.4,7.60,1.95,9.55
1733,2695.98,1.537,182.669,16.786,601.828,16.786,6.04,2000.0,46.65,167.9,7.60,1.95,9.55
1734,2697.52,1.543,182.681,16.880,600.289,16.880,6.11,2000.0,46.81,168.5,7.60,1.95,9.55
1735,2699.07,1.547,182.692,16.976,598.744,16.976,6.23,2000.0,46.95,169.0,7.60,2.00,9.60
1736,2700.62,1.551,182.703,17.073,597.196,17.073,6.26,2000.0,47.08,169.5,7.60,2.00,9.60
1737,2702.18,1.556,182.715,17.171,595.643,17.171,6.29,2000.0,47.22,170.0,7.60,2.00,9.60
1738,2703.74,1.561,182.726,17.269,594.085,17.269,6.28,2000.0,47.37,170.5,7.60,2.00,9.60
1739,2705.31,1.565,182.737,17.367,592.523,17.367,6.29,2000.0,47.48,170.9,7.60,2.05,9.65
1740,2706.87,1.569,182.749,17.464,590.957,17.464,6.23,2000.0,47.61,171.4,7.55,2.05,9.60
1741,2708.45,1.573,182.761,17.563,589.387,17.563,6.27,2000.0,47.71,171.7,7.55,2.05,9.60
1742,2710.02,1.571,182.774,17.664,587.819,17.664,6.42,2000.0,47.48,170.9,7.60,2.05,9.65
1743,2711.58,1.560,182.788,17.766,586.263,17.766,6.55,2000.0,47.06,169.4,7.60,2.05,9.65
1744,2713.12,1.545,182.802,17.868,584.722,17.868,6.63,2000.0,46.59,167.7,7.60,2.05,9.65
1745,2714.65,1.529,182.816,17.970,583.196,17.970,6.71,2000.0,46.12,166.0,7.60,2.10,9.70
1746,2716.17,1.513,182.830,18.072,581.687,18.072,6.74,2000.0,45.61,164.2,7.60,2.10,9.70
1747,2717.80,1.630,182.847,18.183,580.061,18.183,6.82,2000.0,44.99,162.0,7.60,2.35,9.95
1748,2719.40,1.609,182.863,18.294,578.456,18.294,6.95,2000.0,44.44,160.0,7.60,2.60,10.20
1749,2720.99,1.590,182.880,18.404,576.870,18.404,6.95,2000.0,43.92,158.1,7.65,2.65,10.30
1750,2722.57,1.572,182.897,18.513,575.302,18.513,6.91,2000.0,43.47,156.5,7.65,2.65,10.30
1751,2724.12,1.556,182.914,18.617,573.750,18.617,6.73,2000.0,42.98,154.7,7.65,2.60,10.25
1752,2725.66,1.538,182.932,18.719,572.216,18.719,6.62,2000.0,42.48,152.9,7.65,2.60,10.25
1753,2727.18,1.519,182.950,18.819,570.700,18.819,6.59,2000.0,41.94,151.0,7.70,2.60,10.30
1754,2728.80,1.621,182.969,18.926,569.082,18.926,6.64,2000.0,41.26,148.5,7.70,2.55,10.25
1755,2730.40,1.597,182.988,19.034,567.489,19.034,6.77,2000.0,40.70,146.5,7.75,2.55,10.30
1756,2731.97,1.575,183.008,19.141,565.918,19.141,6.84,2000.0,40.12,144.4,7.75,2.50,10.25
1757,2733.53,1.553,183.028,19.249,564.368,19.249,6.94,2000.0,39.59,142.5,7.75,2.50,10.25
1758,2735.06,1.533,183.048,19.357,562.839,19.357,7.05,2000.0,39.11,140.8,7.80,2.50,10.30
1759,2736.58,1.516,183.067,19.464,561.327,19.464,7.13,2000.0,38.66,139.2,7.80,2.45,10.25
1760,2738.19,1.616,183.088,19.580,559.716,19.580,7.15,2000.0,38.26,137.8,7.80,2.45,10.25
1761,2739.79,1.596,183.108,19.694,558.123,19.694,7.15,1504.8,37.81,136.1,7.85,2.45,10.30
1762,2741.37,1.578,183.125,19.806,556.550,19.806,7.11,1086.3,37.35,134.5,7.85,2.40,10.25
1763,2742.93,1.561,183.141,19.916,554.993,19.916,7.11,842.4,37.00,133.2,7.85,2.40,10.25
1764,2744.48,1.549,183.153,20.026,553.448,20.026,7.08,689.4,36.79,132.4,7.85,2.40,10.25
1765,2746.02,1.542,183.162,20.132,551.910,20.132,6.93,581.0,36.62,131.8,7.85,2.40,10.25
1766,2747.55,1.535,183.167,20.238,550.379,20.238,6.94,506.2,36.50,131.4,7.85,2.40,10.25
1767,2749.08,1.530,183.167,20.344,548.853,20.344,6.93,455.1,36.36,130.9,7.85,2.45,10.30
1768,2750.61,1.524,183.162,20.451,547.333,20.451,7.01,420.6,36.23,130.4,7.80,2.45,10.25
1769,2752.13,1.519,183.151,20.559,545.818,20.559,7.17,394.1,36.11,130.0,7.80,2.50,10.30
1770,2753.64,1.513,183.134,20.670,544.308,20.670,7.35,372.8,35.98,129.5,7.75,2.50,10.25
1771,2755.15,1.508,183.111,20.783,542.805,20.783,7.50,350.3,35.85,129.1,7.70,2.55,10.25
1772,2756.76,1.611,183.079,20.905,541.199,20.905,7.56,319.8,35.75,128.7,7.65,2.60,10.25
1773,2758.36,1.605,183.041,21.022,539.598,21.022,7.36,288.6,35.61,128.2,7.60,2.65,10.25
1774,2759.96,1.599,182.994,21.138,538.004,21.138,7.23,259.9,35.47,127.7,7.55,2.70,10.25
1775,2761.56,1.593,182.938,21.253,536.416,21.253,7.26,235.5,35.33,127.2,7.50,2.75,10.25
1776,2763.14,1.586,182.871,21.370,534.836,21.370,7.42,215.9,35.19,126.7,7.45,2.80,10.25
1777,2764.72,1.580,182.791,21.490,533.262,21.490,7.59,201.7,35.05,126.2,7.35,2.90,10.25
1778,2766.30,1.575,182.701,21.609,531.695,21.609,7.61,189.0,34.92,125.7,7.30,3.00,10.30
1779,2767.86,1.569,182.598,21.727,530.134,21.727,7.53,177.7,34.79,125.3,7.20,3.10,10.30
1780,2769.43,1.562,182.482,21.843,528.580,21.843,7.44,167.2,34.66,124.8,7.10,3.25,10.35
1781,2770.98,1.556,182.353,21.957,527.034,21.957,7.35,158.7,34.51,124.3,7.95,3.40,11.35
1782,2772.53,1.550,182.209,22.071,525.495,22.071,7.35,150.6,34.37,123.7,7.85,3.55,11.40
1783,2774.08,1.543,182.049,22.184,523.964,22.184,7.38,144.5,34.24,123.3,7.70,3.70,11.40
1784,2775.61,1.537,181.873,22.297,522.441,22.297,7.37,139.0,34.10,122.8,7.55,3.90,11.45
1785,2777.15,1.531,181.682,22.410,520.926,22.410,7.35,134.9,33.97,122.3,7.35,4.10,11.45
1786,2778.67,1.525,181.476,22.518,519.419,22.518,7.14,130.2,33.82,121.7,7.20,4.30,11.50
1787,2780.19,1.518,181.252,22.627,517.921,22.627,7.17,126.2,33.69,121.3,7.00,4.55,11.55
1788,2781.70,1.512,181.012,22.734,516.432,22.734,7.10,121.9,33.51,120.6,6.85,4.80,11.65
1789,2783.21,1.505,180.754,22.843,514.953,22.843,7.23,118.6,33.40,120.2,6.65,5.10,11.75
1790,2784.81,1.598,180.458,22.959,513.386,22.959,7.28,114.8,33.23,119.6,6.40,5.40,11.80
1791,2786.40,1.592,180.143,23.075,511.830,23.075,7.30,111.8,33.07,119.1,6.20,5.70,11.90
1792,2787.98,1.584,179.806,23.193,510.287,23.193,7.48,109.8,32.94,118.6,5.95,6.00,11.95
1793,2789.56,1.576,179.448,23.313,508.757,23.313,7.64,109.0,32.77,118.0,5.75,6.25,12.00
1794,2791.13,1.569,179.070,23.435,507.238,23.435,7.79,108.4,32.62,117.4,5.50,6.45,11.95
1795,2792.69,1.562,178.672,23.557,505.732,23.557,7.85,108.6,32.49,117.0,5.25,6.70,11.95
1796,2794.24,1.555,178.255,23.678,504.239,23.678,7.83,108.6,32.33,116.4,5.05,6.85,11.90
1797,2795.79,1.548,177.818,23.800,502.759,23.800,7.90,108.7,32.19,115.9,4.80,7.05,11.85
1798,2797.33,1.541,177.364,23.921,501.291,23.921,7.84,108.8,32.04,115.3,4.60,7.20,11.80
1799,2798.87,1.534,176.891,24.041,499.837,24.041,7.86,109.8,31.88,114.8,4.40,7.35,11.75
1800,2800.40,1.527,176.401,24.161,498.396,24.161,7.91,111.1,31.75,114.3,4.20,7.50,11.70
1801,2801.92,1.520,175.891,24.282,496.969,24.282,8.00,112.7,31.61,113.8,4.05,7.65,11.70
1802,2803.43,1.513,175.365,24.404,495.556,24.404,8.03,114.1,31.44,113.2,3.90,7.80,11.70
1803,2804.94,1.507,174.824,24.523,494.154,24.523,7.97,115.5,31.32,112.8,3.75,8.00,11.75
1804,2806.53,1.593,174.232,24.650,492.681,24.650,7.97,116.4,31.19,112.3,3.55,8.15,11.70
1805,2808.11,1.586,173.623,24.776,491.223,24.776,7.96,118.0,31.00,111.6,3.40,8.35,11.75
1806,2809.69,1.578,172.994,24.905,489.781,24.905,8.25,121.3,30.87,111.1,3.25,8.25,11.50
1807,2811.26,1.570,172.350,25.038,488.355,25.038,8.50,126.1,30.74,110.7,3.10,7.75,10.85
1808,2812.83,1.563,171.690,25.171,486.944,25.171,8.53,131.7,30.58,110.1,2.90,7.05,9.95
1809,2814.38,1.557,171.019,25.302,485.545,25.302,8.44,137.7,30.47,109.7,2.75,7.20,9.95
1810,2815.93,1.550,170.336,25.432,484.160,25.432,8.38,144.1,30.34,109.2,2.60,7.35,9.95
1811,2817.48,1.543,169.641,25.560,482.788,25.560,8.33,148.5,30.18,108.6,2.50,7.45,9.95
1812,2819.01,1.536,168.936,25.689,481.430,25.689,8.45,152.3,30.05,108.2,2.35,7.55,9.90
1813,2820.54,1.529,168.220,25.821,480.085,25.821,8.64,156.0,29.95,107.8,2.25,7.65,9.90
1814,2822.06,1.523,167.494,25.950,478.752,25.950,8.51,158.1,29.79,107.2,2.15,7.75,9.90
1815,2823.58,1.517,166.760,26.079,477.431,26.079,8.54,159.0,29.68,106.9,2.10,7.80,9.90
1816,2825.09,1.509,166.016,26.208,476.124,26.208,8.55,160.5,29.54,106.4,2.00,7.90,9.90
1817,2826.68,1.591,165.219,26.346,474.755,26.346,8.73,161.3,29.38,105.8,1.95,7.95,9.90
1818,2828.27,1.584,164.411,26.486,473.400,26.486,8.91,162.8,29.25,105.3,1.85,8.00,9.85
1819,2829.84,1.575,163.595,26.631,472.061,26.631,9.19,166.0,29.11,104.8,1.80,8.10,9.90
1820,2831.41,1.568,162.769,26.779,470.736,26.779,9.50,169.6,28.97,104.3,1.70,8.15,9.85
1821,2832.97,1.561,161.935,26.928,469.424,26.928,9.62,171.3,28.85,103.9,1.65,8.20,9.85
1822,2834.52,1.555,161.094,27.076,468.125,27.076,9.51,170.0,28.74,103.5,1.60,8.25,9.85
1823,2836.07,1.549,160.246,27.217,466.837,27.217,9.16,162.4,28.62,103.0,1.55,8.30,9.85
1824,2837.62,1.543,159.389,27.355,465.561,27.355,8.96,151.9,28.52,102.7,1.50,8.30,9.80
1825,2839.15,1.537,158.524,27.489,464.299,27.489,8.77,139.5,28.41,102.3,1.50,8.35,9.85
1826,2840.68,1.531,157.649,27.619,463.049,27.619,8.52,128.9,28.29,101.8,1.45,8.35,9.80
1827,2842.21,1.525,156.762,27.746,461.815,27.746,8.39,121.0,28.18,101.4,1.45,8.35,9.80
1828,2843.73,1.518,155.863,27.874,460.599,27.874,8.45,116.8,28.07,101.0,1.45,8.35,9.80
1829,2845.24,1.512,154.950,28.002,459.400,28.002,8.47,114.5,27.94,100.6,1.50,8.30,9.80
1830,2846.75,1.506,154.024,28.132,458.220,28.132,8.65,115.2,27.84,100.2,1.55,8.30,9.85
1831,2848.33,1.584,153.033,28.268,456.992,28.268,8.65,115.7,27.76,99.9,1.55,8.25,9.80
1832,2849.91,1.581,152.028,28.401,455.779,28.401,8.45,115.4,27.72,99.8,1.65,8.15,9.80
1833,2851.49,1.580,151.007,28.531,454.580,28.531,8.23,113.6,27.71,99.8,1.70,8.10,9.80
1834,2853.07,1.579,149.970,28.658,453.397,28.658,8.05,111.0,27.70,99.7,1.75,8.05,9.80
1835,2854.65,1.580,148.917,28.781,452.226,28.781,7.81,107.6,27.73,99.8,1.80,7.95,9.75
1836,2856.23,1.583,147.845,28.903,451.067,28.903,7.74,105.7,27.82,100.2,1.90,7.90,9.80
1837,2857.74,1.506,146.810,29.019,449.979,29.019,7.71,107.2,27.95,100.6,1.95,7.80,9.75
1838,2859.25,1.516,145.750,29.141,448.903,29.141,8.07,112.2,28.15,101.3,2.00,7.75,9.75
1839,2860.78,1.525,144.668,29.271,447.837,29.271,8.58,120.9,28.31,101.9,2.05,7.70,9.75
1840,2862.31,1.534,143.565,29.407,446.780,29.407,8.89,132.3,28.48,102.5,2.10,7.65,9.75
1841,2863.86,1.543,142.445,29.542,445.727,29.542,8.79,144.1,28.64,103.1,2.15,7.60,9.75
1842,2865.41,1.551,141.309,29.675,444.679,29.675,8.60,151.9,28.80,103.7,2.20,7.55,9.75
1843,2866.97,1.561,140.156,29.805,443.635,29.805,8.38,155.8,28.99,104.4,2.25,7.50,9.75
1844,2868.54,1.571,138.985,29.935,442.596,29.935,8.30,155.8,29.18,105.1,2.35,7.40,9.75
1845,2870.12,1.580,137.797,30.068,441.563,30.068,8.44,156.1,29.36,105.7,2.45,7.30,9.75
1846,2871.71,1.592,136.589,30.201,440.535,30.201,8.39,157.6,29.56,106.4,2.55,7.20,9.75
1847,2873.22,1.513,135.431,30.328,439.570,30.328,8.41,163.4,29.76,107.1,2.70,7.10,9.80
1848,2874.75,1.523,134.256,30.455,438.609,30.455,8.38,171.3,29.98,107.9,2.80,6.95,9.75
1849,2876.28,1.535,133.062,30.583,437.652,30.583,8.37,181.5,30.20,108.7,2.95,6.80,9.75
1850,2877.83,1.546,131.853,30.711,436.698,30.711,8.29,190.9,30.42,109.5,3.10,6.65,9.75
1851,2879.39,1.558,130.626,30.838,435.745,30.838,8.16,201.7,30.66,110.4,3.25,6.50,9.75
1852,2880.96,1.571,129.382,30.963,434.795,30.963,8.04,212.3,30.91,111.3,3.45,6.30,9.75
1853,2882.54,1.583,128.121,31.090,433.847,31.090,8.01,225.4,31.15,112.1,3.65,6.15,9.80
1854,2884.14,1.596,126.843,31.217,432.900,31.217,8.00,242.0,31.40,113.0,3.85,5.95,9.80
1855,2885.65,1.513,125.625,31.337,432.010,31.337,7.97,266.5,31.64,113.9,4.00,5.75,9.75
1856,2887.18,1.524,124.393,31.458,431.121,31.458,7.92,296.9,31.86,114.7,4.20,5.60,9.80
1857,2888.71,1.535,123.148,31.578,430.231,31.578,7.88,336.6,32.09,115.5,4.40,5.40,9.80
1858,2890.26,1.547,121.889,31.698,429.340,31.698,7.78,390.9,32.34,116.4,4.65,6.20,10.85
1859,2891.82,1.558,120.618,31.819,428.448,31.819,7.77,464.2,32.56,117.2,4.85,6.00,10.85
1860,2893.39,1.569,119.334,31.938,427.555,31.938,7.62,572.3,32.80,118.1,5.05,5.80,10.85
1861,2894.97,1.580,118.038,32.058,426.658,32.058,7.59,774.0,33.02,118.9,5.30,5.60,10.90
1862,2896.56,1.592,116.730,32.177,425.758,32.177,7.52,1225.3,33.27,119.8,5.50,5.35,10.85
1863,2898.16,1.603,115.412,32.297,424.853,32.297,7.47,2000.0,33.52,120.7,5.75,5.15,10.90
1864,2899.68,1.514,114.168,32.410,423.999,32.410,7.48,2000.0,33.74,121.5,5.95,4.95,10.90
1865,2901.20,1.524,112.915,32.522,423.139,32.522,7.40,1837.4,33.97,122.3,6.15,4.75,10.90
1866,2902.73,1.533,111.655,32.633,422.272,32.633,7.27,1104.3,34.17,123.0,6.40,4.55,10.95
1867,2904.28,1.543,110.389,32.743,421.397,32.743,7.12,820.4,34.39,123.8,6.60,4.35,10.95
1868,2905.83,1.553,109.115,32.852,420.514,32.852,7.04,674.2,34.62,124.6,6.80,4.15,10.95
1869,2907.39,1.564,107.836,32.960,419.622,32.960,6.91,583.5,34.86,125.5,7.85,3.95,11.80
1870,2908.97,1.573,106.551,33.067,418.721,33.067,6.86,522.8,35.03,126.1,9.90,3.75,13.65
1871,2910.55,1.583,105.261,33.172,417.810,33.172,6.65,476.2,35.29,127.1,14.30,3.55,17.85
1872,2912.14,1.593,103.965,33.278,416.889,33.278,6.63,442.1,35.51,127.8,28.65,3.40,32.05
1873,2913.75,1.603,102.665,33.382,415.957,33.382,6.55,413.5,35.73,128.6,30.20,3.20,33.40
1874,2915.25,1.505,101.448,33.479,415.078,33.479,6.45,394.7,35.93,129.3,31.65,3.05,34.70
1875,2916.77,1.514,100.226,33.575,414.189,33.575,6.37,378.6,36.14,130.1,33.15,2.90,36.05
1876,2918.29,1.522,99.002,33.672,413.290,33.672,6.33,366.1,36.32,130.8,23.80,2.75,26.55
1877,2919.82,1.531,97.774,33.768,412.381,33.768,6.28,356.2,36.55,131.6,14.35,2.60,16.95
1878,2921.36,1.539,96.544,33.865,411.462,33.865,6.34,350.8,36.74,132.3,11.30,2.45,13.75
1879,2922.91,1.547,95.311,33.963,410.531,33.963,6.33,344.5,36.95,133.0,10.30,2.35,12.65
1880,2924.46,1.556,94.076,34.062,409.590,34.062,6.39,338.6,37.14,133.7,9.60,2.20,11.80
1881,2926.03,1.564,92.838,34.162,408.638,34.162,6.38,331.6,37.34,134.4,9.35,2.10,11.45
1882,2927.60,1.573,91.598,34.261,407.676,34.261,6.36,323.5,37.51,135.1,9.40,1.95,11.35
1883,2929.18,1.580,90.357,34.361,406.703,34.361,6.33,312.8,37.71,135.8,9.55,1.85,11.40
1884,2930.77,1.588,89.115,34.463,405.719,34.463,6.41,303.5,37.93,136.5,9.70,1.75,11.45
1885,2932.36,1.597,87.871,34.568,404.722,34.568,6.59,296.2,38.11,137.2,9.80,1.65,11.45
1886,2933.97,1.605,86.627,34.676,403.714,34.676,6.76,289.8,38.31,137.9,9.95,1.60,11.55
1887,2935.58,1.613,85.382,34.786,402.693,34.786,6.83,284.2,38.51,138.6,10.05,1.50,11.55
1888,2937.09,1.505,84.226,34.889,401.736,34.889,6.85,283.8,38.67,139.2,10.10,1.45,11.55
1889,2938.60,1.512,83.069,34.993,400.768,34.993,6.88,285.4,38.84,139.8,10.15,1.45,11.60
1890,2940.12,1.518,81.913,35.099,399.790,35.099,6.99,287.6,39.02,140.5,10.20,1.45,11.65
1891,2941.65,1.526,80.756,35.207,398.800,35.207,7.14,292.3,39.22,141.2,10.25,1.45,11.70
1892,2943.18,1.533,79.600,35.318,397.799,35.318,7.24,297.9,39.38,141.8,10.25,1.45,11.70
1893,2944.72,1.539,78.445,35.428,396.789,35.428,7.17,299.3,39.51,142.2,10.25,1.50,11.75
1894,2946.26,1.544,77.289,35.535,395.770,35.535,6.96,293.4,39.69,142.9,10.25,1.55,11.80
1895,2947.81,1.552,76.133,35.642,394.740,35.642,6.89,282.2,39.87,143.5,10.20,1.65,11.85
1896,2949.37,1.559,74.978,35.747,393.699,35.747,6.76,262.7,40.05,144.2,10.15,1.75,11.90
1897,2950.94,1.565,73.824,35.851,392.647,35.851,6.63,239.5,40.17,144.6,10.10,1.85,11.95
1898,2952.51,1.570,72.673,35.951,391.585,35.951,6.42,215.8,40.32,145.2,10.05,1.95,12.00
1899,2954.08,1.576,71.524,36.051,390.511,36.051,6.33,196.5,40.51,145.8,9.95,2.05,12.00
1900,2955.67,1.583,70.378,36.151,389.423,36.151,6.33,181.9,40.68,146.4,9.85,2.15,12.00
1901,2957.26,1.590,69.238,36.253,388.318,36.253,6.47,174.8,40.85,147.1,9.75,2.25,12.00
1902,2958.86,1.597,68.106,36.359,387.198,36.359,6.63,173.4,41.03,147.7,9.65,2.40,12.05
1903,2960.46,1.603,66.981,36.469,386.061,36.469,6.85,176.3,41.17,148.2,9.55,2.50,12.05
1904,2962.07,1.609,65.862,36.581,384.910,36.581,6.98,184.3,41.33,148.8,9.40,2.65,12.05
1905,2963.68,1.615,64.750,36.694,383.744,36.694,7.04,195.9,41.48,149.3,9.30,2.80,12.10
1906,2965.30,1.621,63.642,36.807,382.567,36.807,6.98,206.9,41.64,149.9,9.15,2.95,12.10
1907,2966.93,1.628,62.539,36.920,381.376,36.920,6.94,215.8,41.81,150.5,9.00,3.15,12.15
1908,2968.44,1.508,61.524,37.023,380.265,37.023,6.89,224.8,41.94,151.0,8.85,3.30,12.15
1909,2969.95,1.512,60.513,37.124,379.145,37.124,6.70,227.1,42.08,151.5,8.65,3.50,12.15
1910,2971.47,1.518,59.504,37.224,378.015,37.224,6.61,224.9,42.23,152.0,8.50,3.65,12.15
1911,2972.99,1.524,58.500,37.324,376.873,37.324,6.55,222.0,42.41,152.7,8.30,3.90,12.20
1912,2974.52,1.529,57.500,37.424,375.720,37.424,6.56,219.2,42.55,153.2,8.10,4.10,12.20
1913,2976.06,1.535,56.504,37.525,374.557,37.525,6.56,215.8,42.69,153.7,7.90,4.30,12.20
1914,2977.60,1.540,55.514,37.626,373.382,37.626,6.60,215.7,42.85,154.2,7.70,3.70,11.40
1915,2979.14,1.545,54.530,37.729,372.195,37.729,6.67,219.2,42.97,154.7,7.50,3.90,11.40
1916,2980.69,1.550,53.551,37.832,370.998,37.832,6.67,224.2,43.14,155.3,7.30,4.15,11.45
1917,2982.25,1.556,52.577,37.936,369.789,37.936,6.72,231.1,43.27,155.8,7.10,4.35,11.45
1918,2983.81,1.560,51.608,38.041,368.570,38.041,6.70,237.1,43.42,156.3,6.90,4.60,11.50
1919,2985.38,1.566,50.644,38.145,367.340,38.145,6.65,244.0,43.56,156.8,6.65,4.85,11.50
1920,2986.95,1.570,49.685,38.247,366.101,38.247,6.55,248.0,43.69,157.3,6.45,5.10,11.55
1921,2988.52,1.575,48.730,38.348,364.852,38.348,6.42,249.4,43.82,157.8,6.25,5.30,11.55
1922,2990.10,1.581,47.780,38.448,363.593,38.448,6.33,246.0,43.97,158.3,6.00,5.55,11.55
1923,2991.69,1.586,46.836,38.547,362.323,38.547,6.27,239.1,44.09,158.7,5.80,5.80,11.60
1924,2993.28,1.590,45.896,38.644,361.044,38.644,6.10,227.6,44.24,159.3,5.60,6.00,11.60
1925,2994.87,1.594,44.962,38.740,359.755,38.740,6.01,216.6,44.34,159.6,5.35,6.25,11.60
1926,2996.47,1.599,44.034,38.834,358.456,38.834,5.91,209.2,44.51,160.2,5.15,6.45,11.60
1927,2998.08,1.605,43.113,38.930,357.144,38.930,6.00,207.4,44.68,160.8,4.95,6.65,11.60
1928,2999.69,1.611,42.203,39.030,355.819,39.030,6.20,212.8,44.83,161.4,4.80,6.85,11.65
1929,3001.31,1.617,41.300,39.132,354.481,39.132,6.35,223.1,44.98,161.9,4.60,7.05,11.65
1930,3002.93,1.621,40.405,39.236,353.133,39.236,6.40,238.6,45.07,162.2,4.45,7.20,11.65
1931,3004.55,1.625,39.516,39.337,351.777,39.337,6.21,253.5,45.20,162.7,4.30,7.40,11.70
1932,3006.18,1.631,38.631,39.436,350.412,39.436,6.08,264.5,45.36,163.3,4.15,7.55,11.70
1933,3007.82,1.636,37.751,39.533,349.036,39.533,5.96,268.3,45.50,163.8,4.00,7.35,11.35
1934,3009.32,1.504,36.949,39.620,347.768,39.620,5.83,270.5,45.64,164.3,3.90,7.45,11.35
1935,3010.83,1.509,36.151,39.708,346.490,39.708,5.79,272.2,45.77,164.8,3.75,7.60,11.35
1936,3012.34,1.513,35.357,39.794,345.205,39.794,5.73,279.2,45.90,165.3,3.65,7.70,11.35
1937,3013.86,1.517,34.570,39.881,343.911,39.881,5.76,293.1,46.04,165.7,3.55,7.85,11.40
1938,3015.38,1.522,33.787,39.969,342.609,39.969,5.79,314.9,46.20,166.3,3.45,7.95,11.40
1939,3016.91,1.527,33.008,40.058,341.298,40.058,5.83,344.0,46.33,166.8,3.35,8.05,11.40
1940,3018.44,1.530,32.234,40.146,339.981,40.146,5.77,375.7,46.38,167.0,3.25,8.15,11.40
1941,3019.98,1.534,31.461,40.231,338.658,40.231,5.54,403.6,46.57,167.6,3.15,8.20,11.35
1942,3021.51,1.539,30.692,40.315,337.328,40.315,5.47,424.1,46.72,168.2,3.10,8.30,11.40
1943,3023.06,1.544,29.924,40.398,335.991,40.398,5.37,437.3,46.85,168.6,3.05,8.40,11.45
1944,3024.61,1.549,29.159,40.479,334.647,40.479,5.26,441.6,46.98,169.1,2.95,8.45,11.40
1945,3026.16,1.553,28.396,40.560,333.297,40.560,5.20,448.0,47.10,169.6,2.90,8.55,11.45
1946,3027.72,1.558,27.636,40.641,331.940,40.641,5.17,459.6,47.29,170.2,2.85,8.60,11.45
1947,3029.28,1.563,26.878,40.723,330.575,40.723,5.25,479.1,47.42,170.7,2.80,8.65,11.45
1948,3030.85,1.567,26.123,40.805,329.204,40.805,5.27,504.8,47.55,171.2,2.75,9.55,12.30
1949,3032.42,1.572,25.370,40.888,327.827,40.888,5.26,537.8,47.68,171.6,2.70,11.00,13.70
1950,3034.00,1.576,24.619,40.969,326.444,40.969,5.18,571.5,47.82,172.2,2.70,12.50,15.20
1951,3035.58,1.581,23.869,41.051,325.055,41.051,5.18,608.1,47.97,172.7,2.65,13.90,16.55
1952,3037.16,1.586,23.121,41.133,323.659,41.133,5.18,648.6,48.11,173.2,2.60,15.90,18.50
1953,3038.75,1.590,22.374,41.214,322.258,41.214,5.11,684.1,48.24,173.7,2.60,20.55,23.15
1954,3040.35,1.594,21.628,41.295,320.851,41.295,5.08,724.5,48.37,174.1,2.55,20.55,23.10
1955,3041.95,1.599,20.884,41.375,319.439,41.375,5.01,761.2,48.52,174.7,2.55,20.55,23.10
1956,3043.55,1.604,20.139,41.454,318.020,41.454,4.96,791.6,48.66,175.2,2.55,20.55,23.10
1957,3045.16,1.608,19.396,41.532,316.596,41.532,4.86,805.4,48.79,175.6,2.55,20.50,23.05
1958,3046.77,1.612,18.654,41.608,315.168,41.608,4.74,812.4,48.89,176.0,2.55,20.50,23.05
1959,3048.39,1.616,17.912,41.682,313.734,41.682,4.58,801.2,49.05,176.6,2.55,20.50,23.05
1960,3050.01,1.621,17.170,41.756,312.294,41.756,4.56,792.3,49.17,177.0,2.50,20.45,22.95
1961,3051.63,1.625,16.431,41.830,310.849,41.830,4.54,788.7,49.30,177.5,2.55,20.40,22.95
1962,3053.26,1.630,15.691,41.903,309.397,41.903,4.49,781.4,49.48,178.1,2.55,17.50,20.05
1963,3054.90,1.635,14.953,41.978,307.941,41.978,4.57,784.8,49.59,178.5,2.55,9.00,11.55
1964,3056.54,1.640,14.216,42.052,306.478,42.052,4.52,796.2,49.76,179.2,2.55,9.00,11.55
1965,3058.18,1.644,13.480,42.127,305.010,42.127,4.55,814.5,49.85,179.5,2.60,9.00,11.60
1966,3059.83,1.648,12.745,42.201,303.537,42.201,4.49,835.6,50.03,180.1,2.60,9.00,11.60
1967,3061.33,1.503,12.077,42.268,302.192,42.268,4.50,881.2,50.15,180.5,2.60,8.95,11.55
1968,3062.84,1.507,11.409,42.336,300.843,42.336,4.47,929.3,50.27,181.0,2.65,8.95,11.60
1969,3064.35,1.510,10.743,42.403,299.490,42.403,4.44,981.1,50.39,181.4,2.65,8.90,11.55
1970,3065.86,1.513,10.076,42.468,298.132,42.468,4.35,1017.6,50.51,181.8,2.70,8.90,11.60
1971,3067.38,1.517,9.410,42.533,296.771,42.533,4.27,1040.8,50.62,182.2,2.75,8.85,11.60
1972,3068.90,1.521,8.744,42.597,295.405,42.597,4.18,1035.7,50.73,182.6,2.75,8.85,11.60
1973,3070.42,1.524,8.079,42.659,294.035,42.659,4.09,1016.8,50.87,183.1,2.80,8.80,11.60
1974,3071.95,1.528,7.414,42.721,292.661,42.721,4.09,1005.6,51.00,183.6,2.85,8.80,11.65
1975,3073.49,1.532,6.749,42.784,291.281,42.784,4.10,1013.7,51.14,184.1,2.85,8.75,11.60
1976,3075.02,1.536,6.085,42.848,289.897,42.848,4.15,1047.9,51.25,184.5,2.90,8.70,11.60
1977,3076.56,1.540,5.422,42.912,288.509,42.912,4.17,1102.0,51.39,185.0,2.95,8.65,11.60
1978,3078.11,1.544,4.759,42.977,287.116,42.977,4.21,1182.2,51.52,185.5,2.00,8.60,10.60
1979,3079.65,1.547,4.096,43.042,285.720,43.042,4.18,1263.4,51.63,185.9,2.05,8.80,10.85
1980,3081.20,1.550,3.434,43.105,284.319,43.105,4.12,1348.9,51.70,186.1,2.10,9.35,11.45
1981,3082.76,1.553,2.772,43.167,282.916,43.167,3.97,1406.6,51.84,186.6,2.15,10.00,12.15
1982,3084.31,1.557,2.109,43.229,281.508,43.229,3.98,1469.5,51.98,187.1,2.20,10.60,12.80
1983,3085.88,1.562,1.446,43.291,280.095,43.291,4.00,1536.9,52.13,187.7,2.30,11.30,13.60
1984,3087.44,1.566,0.784,43.354,278.678,43.354,4.03,1634.1,52.24,188.1,2.35,12.55,14.90
1985,3089.01,1.569,0.121,43.417,277.257,43.417,4.01,1741.8,52.36,188.5,2.40,13.80,16.20
1986,3090.58,1.573,-0.543,43.480,275.832,43.480,3.99,1904.8,52.49,189.0,2.45,15.10,17.55
1987,3092.16,1.577,-1.206,43.543,274.403,43.543,3.98,2000.0,52.61,189.4,2.50,16.40,18.90
1988,3093.74,1.580,-1.870,43.605,272.971,43.605,3.98,2000.0,52.72,189.8,2.60,17.70,20.30
1989,3095.33,1.584,-2.535,43.668,271.534,43.668,3.93,2000.0,52.86,190.3,2.65,20.25,22.90
1990,3096.91,1.588,-3.200,43.730,270.094,43.730,3.95,2000.0,52.96,190.7,2.70,22.85,25.55
1991,3098.50,1.591,-3.866,43.792,268.651,43.792,3.88,2000.0,53.08,191.1,2.80,25.60,28.40
1992,3100.10,1.595,-4.533,43.853,267.204,43.853,3.85,2000.0,53.20,191.5,2.85,31.80,34.65
1993,3101.70,1.598,-5.200,43.915,265.753,43.915,3.83,2000.0,53.32,192.0,2.95,39.50,42.45
1994,3103.30,1.602,-5.869,43.976,264.299,43.976,3.85,2000.0,53.45,192.4,3.00,44.95,47.95
1995,3104.90,1.605,-6.538,44.038,262.841,44.038,3.87,2000.0,53.58,192.9,3.05,7.50,10.55
1996,3106.51,1.609,-7.209,44.101,261.380,44.101,3.88,2000.0,53.67,193.2,3.15,7.45,10.60
1997,3108.12,1.612,-7.880,44.162,259.916,44.162,3.82,2000.0,53.78,193.6,3.20,7.40,10.60
1998,3109.74,1.615,-8.553,44.222,258.448,44.222,3.75,2000.0,53.88,194.0,3.30,7.30,10.60
1999,3111.36,1.616,-9.225,44.282,256.980,44.282,3.71,2000.0,53.84,193.8,3.35,7.25,10.60
2000,3112.97,1.614,-9.897,44.342,255.513,44.342,3.71,2000.0,53.78,193.6,3.45,7.20,10.65
2001,3114.58,1.612,-10.568,44.401,254.048,44.401,3.63,2000.0,53.72,193.4,3.50,7.10,10.60
2002,3116.19,1.610,-11.237,44.458,252.585,44.458,3.55,2000.0,53.66,193.2,3.60,7.05,10.65
2003,3117.80,1.609,-11.906,44.513,251.123,44.513,3.42,2000.0,53.59,192.9,3.65,7.00,10.65
2004,3119.41,1.607,-12.574,44.568,249.663,44.568,3.43,2000.0,53.53,192.7,3.75,6.90,10.65
2005,3121.01,1.605,-13.242,44.623,248.204,44.623,3.45,2000.0,53.47,192.5,3.80,11.75,15.55
2006,3122.62,1.603,-13.909,44.679,246.748,44.679,3.46,2000.0,53.37,192.1,3.90,11.65,15.55
2007,3124.22,1.601,-14.575,44.734,245.293,44.734,3.47,2000.0,53.37,192.1,3.95,11.60,15.55
2008,3125.82,1.602,-15.242,44.789,243.838,44.789,3.45,2000.0,53.42,192.3,4.05,11.50,15.55
2009,3127.42,1.604,-15.910,44.844,242.381,44.844,3.38,2000.0,53.52,192.7,4.10,11.40,15.50
2010,3129.03,1.607,-16.580,44.898,240.921,44.898,3.40,2000.0,53.62,193.0,4.15,11.35,15.50
2011,3130.64,1.610,-17.251,44.953,239.458,44.953,3.39,2000.0,53.72,193.4,4.25,11.25,15.50
2012,3132.25,1.613,-17.925,45.007,237.993,45.007,3.37,2000.0,53.82,193.8,4.30,11.15,15.45
2013,3133.87,1.616,-18.600,45.061,236.526,45.061,3.35,2000.0,53.91,194.1,4.40,11.10,15.50
2014,3135.49,1.619,-19.277,45.115,235.056,45.115,3.33,2000.0,54.01,194.4,4.45,11.00,15.45
2015,3137.11,1.622,-19.956,45.168,233.584,45.168,3.30,2000.0,54.11,194.8,4.55,10.95,15.50
2016,3138.74,1.625,-20.637,45.222,232.110,45.222,3.32,2000.0,54.19,195.1,4.60,10.85,15.45
2017,3140.36,1.628,-21.320,45.276,230.634,45.276,3.27,2000.0,54.30,195.5,4.65,10.80,15.45
2018,3141.99,1.630,-22.005,45.329,229.155,45.329,3.27,2000.0,54.38,195.8,4.75,10.70,15.45
2019,3143.63,1.633,-22.692,45.382,227.675,45.382,3.24,2000.0,54.48,196.1,4.80,67.65,72.45
2020,3145.26,1.636,-23.381,45.435,226.192,45.435,3.24,2000.0,54.55,196.4,4.90,34.00,38.90
2021,3146.90,1.638,-24.071,45.486,224.707,45.486,3.16,2000.0,54.65,196.8,5.20,29.00,34.20
2022,3148.54,1.641,-24.763,45.538,223.220,45.538,3.12,2000.0,54.75,197.1,5.55,24.80,30.35
2023,3150.19,1.644,-25.458,45.589,221.731,45.589,3.10,2000.0,54.85,197.5,4.90,21.70,26.60
2024,3151.83,1.647,-26.155,45.639,220.239,45.639,3.09,2000.0,54.95,197.8,5.85,19.30,25.15
2025,3153.48,1.650,-26.853,45.690,218.745,45.690,3.08,2000.0,55.04,198.2,5.90,17.35,23.25
2026,3155.14,1.653,-27.554,45.741,217.249,45.741,3.08,2000.0,55.14,198.5,6.00,15.80,21.80
2027,3156.79,1.656,-28.257,45.792,215.751,45.792,3.06,2000.0,55.22,198.8,6.05,14.35,20.40
2028,3158.45,1.658,-28.962,45.842,214.251,45.842,3.06,2000.0,55.32,199.1,6.10,13.05,19.15
2029,3160.11,1.661,-29.670,45.893,212.749,45.893,3.07,2000.0,55.40,199.5,6.15,11.85,18.00
2030,3161.77,1.664,-30.379,45.945,211.245,45.945,3.08,2000.0,55.50,199.8,6.20,10.80,17.00
2031,3163.44,1.667,-31.090,45.996,209.739,45.996,3.10,2000.0,55.61,200.2,6.25,9.90,16.15
2032,3164.94,1.503,-31.733,46.043,208.381,46.043,3.15,2000.0,55.68,200.5,6.30,9.20,15.50
2033,3166.45,1.505,-32.377,46.091,207.022,46.091,3.13,2000.0,55.77,200.8,6.35,8.50,14.85
2034,3167.96,1.507,-33.023,46.138,205.661,46.138,3.13,2000.0,55.85,201.1,6.40,7.90,14.30
2035,3169.46,1.509,-33.670,46.185,204.299,46.185,3.11,2000.0,55.92,201.3,6.45,7.35,13.80
2036,3170.98,1.511,-34.319,46.231,202.935,46.231,3.07,2000.0,56.02,201.7,6.50,6.85,13.35
2037,3172.49,1.513,-34.970,46.277,201.569,46.277,3.06,2000.0,56.09,201.9,6.55,6.35,12.90
2038,3174.00,1.516,-35.623,46.323,200.202,46.323,3.03,2000.0,56.17,202.2,6.60,5.85,12.45
2039,3175.52,1.518,-36.277,46.368,198.833,46.368,2.98,2000.0,56.26,202.5,6.65,5.65,12.30
2040,3177.04,1.520,-36.933,46.413,197.462,46.413,2.95,2000.0,56.31,202.7,6.70,5.60,12.30
2041,3178.56,1.522,-37.590,46.457,196.091,46.457,2.86,2000.0,56.41,203.1,6.75,5.55,12.30
2042,3180.09,1.524,-38.249,46.500,194.717,46.500,2.85,2000.0,56.50,203.4,6.75,5.50,12.25
2043,3181.62,1.527,-38.910,46.544,193.341,46.544,2.86,2000.0,56.57,203.7,6.80,5.50,12.30
2044,3183.14,1.529,-39.573,46.587,191.964,46.587,2.83,2000.0,56.67,204.0,6.85,5.45,12.30
2045,3184.68,1.531,-40.237,46.631,190.585,46.631,2.84,2000.0,56.74,204.3,6.90,5.40,12.30
2046,3186.21,1.533,-40.904,46.674,189.205,46.674,2.84,2000.0,56.83,204.6,6.95,4.65,11.60
2047,3187.74,1.536,-41.572,46.718,187.823,46.718,2.88,2000.0,56.91,204.9,6.95,4.60,11.55
2048,3189.28,1.538,-42.242,46.763,186.440,46.763,2.90,2000.0,57.00,205.2,7.00,4.55,11.55
2049,3190.82,1.540,-42.914,46.808,185.055,46.808,2.91,2000.0,57.08,205.5,7.05,4.50,11.55
2050,3192.36,1.542,-43.587,46.852,183.668,46.852,2.87,2000.0,57.14,205.7,7.10,4.45,11.55
2051,3193.91,1.544,-44.262,46.895,182.280,46.895,2.79,2000.0,57.21,206.0,7.10,4.40,11.50
2052,3195.45,1.546,-44.938,46.938,180.891,46.938,2.77,2000.0,57.29,206.2,7.15,4.35,11.50
2053,3197.00,1.548,-45.616,46.981,179.499,46.981,2.77,2000.0,57.38,206.6,7.20,4.30,11.50
2054,3198.55,1.551,-46.295,47.024,178.106,47.024,2.82,2000.0,57.47,206.9,7.20,4.25,11.45
2055,3200.11,1.553,-46.977,47.069,176.712,47.069,2.84,2000.0,57.55,207.2,7.25,4.20,11.45
2056,3201.66,1.555,-47.659,47.113,175.315,47.113,2.86,2000.0,57.61,207.4,7.30,4.15,11.45
2057,3203.22,1.557,-48.343,47.157,173.918,47.157,2.80,2000.0,57.70,207.7,7.30,4.10,11.40
2058,3204.78,1.559,-49.029,47.200,172.518,47.200,2.80,2000.0,57.77,208.0,7.35,4.05,11.40
2059,3206.34,1.561,-49.715,47.242,171.117,47.242,2.71,2000.0,57.85,208.3,7.40,4.00,11.40
2060,3207.90,1.563,-50.403,47.284,169.714,47.284,2.64,2000.0,57.91,208.5,7.40,3.95,11.35
2061,3209.46,1.564,-51.092,47.324,168.310,47.324,2.56,2000.0,57.96,208.7,7.45,3.90,11.35
2062,3211.03,1.567,-51.782,47.362,166.904,47.362,2.47,2000.0,58.09,209.1,7.45,3.85,11.30
2063,3212.60,1.569,-52.473,47.401,165.496,47.401,2.49,2000.0,58.15,209.3,7.50,3.80,11.30
2064,3214.17,1.571,-53.166,47.440,164.086,47.440,2.48,2000.0,58.23,209.6,7.55,3.75,11.30
2065,3215.75,1.574,-53.859,47.480,162.674,47.480,2.50,2000.0,58.33,210.0,7.55,3.75,11.30
2066,3217.32,1.576,-54.554,47.520,161.260,47.520,2.55,2000.0,58.40,210.3,7.60,3.70,11.30
2067,3218.90,1.578,-55.250,47.559,159.844,47.559,2.50,2000.0,58.48,210.5,7.60,3.65,11.25
2068,3220.48,1.579,-55.946,47.598,158.427,47.598,2.46,2000.0,58.52,210.7,7.65,3.65,11.30
2069,3222.06,1.581,-56.643,47.637,157.008,47.637,2.43,2000.0,58.62,211.0,7.65,3.60,11.25
2070,3223.65,1.584,-57.342,47.676,155.586,47.676,2.49,2000.0,58.72,211.4,7.70,3.55,11.25
2071,3225.23,1.587,-58.041,47.716,154.163,47.716,2.50,2000.0,58.79,211.6,7.75,3.55,11.30
2072,3226.82,1.588,-58.741,47.755,152.738,47.755,2.45,2000.0,58.80,211.7,7.75,3.50,11.25
2073,3228.41,1.589,-59.441,47.792,151.312,47.792,2.34,2000.0,58.92,212.1,7.80,3.45,11.25
2074,3230.00,1.592,-60.143,47.830,149.884,47.830,2.41,2000.0,59.02,212.5,7.80,3.45,11.25
2075,3231.60,1.595,-60.846,47.869,148.453,47.869,2.47,2000.0,59.11,212.8,7.85,3.40,11.25
2076,3233.19,1.596,-61.549,47.909,147.020,47.909,2.49,2000.0,59.13,212.9,7.20,3.35,10.55
2077,3234.79,1.598,-62.253,47.948,145.586,47.948,2.42,2000.0,59.23,213.2,7.20,3.35,10.55
2078,3236.39,1.601,-62.958,47.986,144.150,47.986,2.40,2000.0,59.32,213.6,7.25,3.30,10.55
2079,3237.99,1.602,-63.664,48.024,142.712,48.024,2.34,2000.0,59.37,213.7,7.30,3.25,10.55
2080,3239.60,1.603,-64.370,48.059,141.273,48.059,2.20,2000.0,59.33,213.6,7.30,3.25,10.55
2081,3241.19,1.599,-65.074,48.094,139.838,48.094,2.16,2000.0,59.14,212.9,7.35,3.20,10.55
2082,3242.79,1.593,-65.775,48.129,138.408,48.129,2.25,2000.0,58.83,211.8,7.35,3.20,10.55
2083,3244.37,1.583,-66.473,48.167,136.988,48.167,2.40,2000.0,58.46,210.5,7.40,3.15,10.55
2084,3245.94,1.573,-67.165,48.206,135.576,48.206,2.47,2000.0,58.09,209.1,7.45,3.45,10.90
2085,3247.51,1.563,-67.854,48.245,134.174,48.245,2.48,2000.0,57.74,207.9,7.45,3.70,11.15
2086,3249.06,1.555,-68.539,48.282,132.778,48.282,2.40,2000.0,57.47,206.9,7.50,3.80,11.30
2087,3250.61,1.546,-69.221,48.317,131.391,48.317,2.26,2000.0,57.13,205.7,7.50,3.90,11.40
2088,3252.15,1.539,-69.899,48.349,130.010,48.349,2.09,2000.0,56.83,204.6,7.55,4.00,11.55
2089,3253.67,1.528,-70.573,48.380,128.638,48.380,2.01,2000.0,56.46,203.3,7.60,4.10,11.70
2090,3255.19,1.519,-71.243,48.409,127.276,48.409,1.93,2000.0,56.05,201.8,7.60,4.20,11.80
2091,3256.70,1.506,-71.907,48.439,125.924,48.439,1.96,2000.0,55.59,200.1,13.95,12.55,26.50
2092,3258.36,1.659,-72.640,48.472,124.436,48.472,2.00,2000.0,55.06,198.2,18.90,12.45,31.35
2093,3260.00,1.644,-73.366,48.506,122.961,48.506,2.10,2000.0,54.58,196.5,18.95,12.40,31.35
2094,3261.63,1.629,-74.085,48.541,121.500,48.541,2.13,2000.0,54.08,194.7,18.95,12.35,31.30
2095,3263.25,1.614,-74.799,48.577,120.053,48.577,2.19,2000.0,53.57,192.9,18.95,12.30,31.25
2096,3264.85,1.601,-75.506,48.611,118.617,48.611,2.18,2000.0,53.16,191.4,18.95,12.25,31.20
2097,3266.43,1.588,-76.209,48.645,117.193,48.645,2.12,2000.0,52.79,190.0,18.95,12.20,31.15
2098,3268.01,1.578,-76.906,48.676,115.779,48.676,1.98,2000.0,52.43,188.7,18.95,12.15,31.10
2099,3269.58,1.568,-77.600,48.704,114.373,48.704,1.79,2000.0,52.12,187.6,18.95,12.10,31.05
2100,3271.14,1.557,-78.289,48.729,112.977,48.729,1.61,2000.0,51.73,186.2,19.00,12.05,31.05
2101,3272.68,1.546,-78.973,48.753,111.591,48.753,1.51,2000.0,51.36,184.9,19.00,12.00,31.00
2102,3274.22,1.533,-79.652,48.775,110.216,48.775,1.43,2000.0,50.85,183.1,19.05,12.00,31.05
2103,3275.73,1.517,-80.323,48.798,108.856,48.798,1.52,2000.0,50.36,181.3,19.05,11.95,31.00
2104,3277.24,1.502,-80.988,48.822,107.509,48.822,1.63,2000.0,49.83,179.4,19.10,11.95,31.05
2105,3278.87,1.633,-81.710,48.851,106.044,48.851,1.77,2000.0,49.24,177.2,19.15,11.90,31.05
2106,3280.48,1.614,-82.424,48.882,104.597,48.882,1.92,2000.0,48.68,175.2,19.20,11.90,31.10
2107,3282.08,1.597,-83.130,48.914,103.164,48.914,1.98,2000.0,48.19,173.5,19.25,11.85,31.10
2108,3283.66,1.582,-83.828,48.945,101.745,48.945,1.97,2000.0,47.72,171.8,19.30,11.85,31.15
2109,3285.23,1.567,-84.520,48.975,100.340,48.975,1.93,2000.0,47.27,170.2,19.35,11.80,31.15
2110,3286.78,1.551,-85.203,49.005,98.947,49.005,1.89,2000.0,46.79,168.4,19.40,11.80,31.20
2111,3288.32,1.536,-85.879,49.033,97.569,49.033,1.87,2000.0,46.32,166.8,19.45,11.75,31.20
2112,3289.84,1.520,-86.548,49.061,96.204,49.061,1.84,2000.0,45.84,165.0,19.50,11.75,31.25
2113,3291.34,1.503,-87.207,49.090,94.854,49.090,1.89,2000.0,45.33,163.2,19.55,11.70,31.25
2114,3292.96,1.621,-87.918,49.120,93.397,49.120,1.91,1924.8,44.74,161.1,19.65,11.70,31.35
2115,3294.56,1.601,-88.618,49.153,91.957,49.153,2.02,1891.1,44.24,159.3,8.35,3.70,12.05
2116,3296.14,1.583,-89.309,49.186,90.534,49.186,2.08,1930.0,43.71,157.3,8.35,3.70,12.05
2117,3297.71,1.564,-89.990,49.220,89.127,49.220,2.17,2000.0,43.24,155.7,8.40,3.70,12.10
2118,3299.25,1.546,-90.663,49.253,87.735,49.253,2.18,2000.0,42.72,153.8,8.45,3.65,12.10
2119,3300.78,1.529,-91.328,49.287,86.358,49.287,2.23,2000.0,42.26,152.1,8.50,3.65,12.15
2120,3302.30,1.512,-91.984,49.321,84.996,49.321,2.23,2000.0,41.79,150.4,8.50,3.65,12.15
2121,3303.92,1.619,-92.685,49.357,83.537,49.357,2.23,2000.0,41.27,148.6,8.55,3.60,12.15
2122,3305.51,1.599,-93.377,49.393,82.097,49.393,2.23,2000.0,40.76,146.7,8.60,3.60,12.20
2123,3307.09,1.578,-94.059,49.428,80.674,49.428,2.23,2000.0,40.22,144.8,8.65,3.60,12.25
2124,3308.65,1.557,-94.732,49.463,79.270,49.463,2.25,2000.0,39.68,142.9,8.70,3.55,12.25
2125,3310.19,1.536,-95.395,49.498,77.884,49.498,2.25,2000.0,39.13,140.9,8.75,3.55,12.30
2126,3311.70,1.514,-96.048,49.532,76.518,49.532,2.26,2000.0,38.57,138.9,8.80,3.50,12.30
2127,3313.31,1.607,-96.740,49.568,75.069,49.568,2.27,2000.0,37.97,136.7,8.85,3.50,12.35
2128,3314.89,1.581,-97.422,49.604,73.643,49.604,2.27,2000.0,37.37,134.5,8.90,3.45,12.35
2129,3316.44,1.556,-98.093,49.640,72.240,49.640,2.28,2000.0,36.74,132.3,8.95,3.45,12.40
2130,3317.97,1.529,-98.752,49.676,70.861,49.676,2.35,1909.3,36.12,130.0,9.00,3.40,12.40
2131,3319.48,1.504,-99.402,49.711,69.505,49.711,2.32,1190.7,35.56,128.0,9.05,3.40,12.45
2132,3321.06,1.585,-100.088,49.747,68.076,49.747,2.27,767.8,34.96,125.8,9.10,3.40,12.50
2133,3322.62,1.560,-100.765,49.780,66.671,49.780,2.13,524.2,34.38,123.8,9.15,3.35,12.50
2134,3324.15,1.531,-101.433,49.812,65.294,49.812,2.08,374.7,33.72,121.4,9.20,3.35,12.55
2135,3325.66,1.502,-102.093,49.843,63.945,49.843,2.11,279.6,33.08,119.1,9.25,3.35,12.60
2136,3327.23,1.573,-102.791,49.876,62.536,49.876,2.05,212.8,32.50,117.0,9.25,5.40,14.65
2137,3328.78,1.548,-103.488,49.906,61.153,49.906,1.93,170.2,32.09,115.5,9.25,5.45,14.70
2138,3330.31,1.534,-104.190,49.931,59.790,49.931,1.67,142.1,31.85,114.7,9.25,5.55,14.80
2139,3331.84,1.525,-104.903,49.954,58.442,49.954,1.52,124.4,31.71,114.1,9.25,5.70,14.95
2140,3333.35,1.519,-105.631,49.977,57.109,49.977,1.49,113.3,31.58,113.7,9.20,5.85,15.05
2141,3334.87,1.513,-106.375,50.000,55.793,50.000,1.54,107.2,31.46,113.2,9.15,6.00,15.15
2142,3336.37,1.507,-107.136,50.024,54.492,50.024,1.59,104.3,31.34,112.8,9.10,6.20,15.30
2143,3337.88,1.501,-107.914,50.048,53.209,50.048,1.57,103.3,31.22,112.4,9.00,6.40,15.40
2144,3339.46,1.589,-108.758,50.072,51.863,50.072,1.49,102.2,31.09,111.9,8.85,10.30,19.15
2145,3341.05,1.582,-109.620,50.093,50.536,50.093,1.37,101.4,30.97,111.5,8.75,36.30,45.05
2146,3342.62,1.576,-110.499,50.113,49.228,50.113,1.23,100.5,30.85,111.1,8.55,35.85,44.40
2147,3344.19,1.570,-111.394,50.130,47.938,50.130,1.10,99.2,30.73,110.6,8.40,35.40,43.80
2148,3345.76,1.564,-112.306,50.145,46.668,50.145,0.97,97.3,30.61,110.2,8.20,35.05,43.25
2149,3347.31,1.558,-113.235,50.158,45.417,50.158,0.84,95.5,30.49,109.8,7.95,34.70,42.65
2150,3348.87,1.552,-114.179,50.169,44.185,50.169,0.72,92.8,30.37,109.3,7.70,34.40,42.10
2151,3350.41,1.546,-115.140,50.179,42.974,50.179,0.62,89.5,30.26,108.9,7.45,30.10,37.55
2152,3351.95,1.540,-116.116,50.186,41.784,50.186,0.48,85.4,30.14,108.5,7.15,34.25,41.40
2153,3353.49,1.534,-117.110,50.192,40.615,50.192,0.39,81.5,30.01,108.0,6.85,19.60,26.45
2154,3355.01,1.527,-118.120,50.197,39.470,50.197,0.30,77.6,29.88,107.6,6.50,28.95,35.45
2155,3356.53,1.520,-119.148,50.201,38.350,50.201,0.26,74.0,29.76,107.1,6.20,29.30,35.50
2156,3358.05,1.513,-120.194,50.205,37.256,50.205,0.25,71.0,29.61,106.6,5.80,29.75,35.55
2157,3359.55,1.506,-121.259,50.210,36.192,50.210,0.37,68.8,29.47,106.1,5.45,30.20,35.65
2158,3361.14,1.587,-122.408,50.216,35.095,50.216,0.38,66.4,29.33,105.6,5.00,30.80,35.80
2159,3362.72,1.579,-123.576,50.222,34.033,50.222,0.39,64.7,29.18,105.1,4.60,31.40,36.00
2160,3364.29,1.570,-124.763,50.229,33.006,50.229,0.42,63.5,29.00,104.4,4.15,32.15,36.30
2161,3365.85,1.562,-125.971,50.238,32.014,50.238,0.59,63.1,28.86,103.9,3.75,32.90,36.65
2162,3367.41,1.555,-127.197,50.248,31.058,50.248,0.60,63.0,28.73,103.4,3.65,33.75,37.40
2163,3368.95,1.547,-128.439,50.257,30.137,50.257,0.63,64.0,28.58,102.9,4.10,34.65,38.75
2164,3370.49,1.539,-129.697,50.266,29.249,50.266,0.57,65.5,28.42,102.3,3.85,35.65,39.50
2165,3372.03,1.532,-130.970,50.276,28.398,50.276,0.64,67.9,28.30,101.9,3.60,36.70,40.30
2166,3373.55,1.525,-132.256,50.285,27.579,50.285,0.59,70.1,28.18,101.4,3.35,37.80,41.15
2167,3375.07,1.518,-133.554,50.292,26.791,50.292,0.50,71.9,28.06,101.0,3.10,38.90,42.00
2168,3376.58,1.512,-134.862,50.296,26.032,50.296,0.26,73.0,27.95,100.6,2.90,40.05,42.95
2169,3378.09,1.506,-136.178,50.297,25.301,50.297,0.07,73.1,27.83,100.2,2.70,41.30,44.00
2170,3379.67,1.582,-137.578,50.299,24.563,50.299,0.11,72.1,27.70,99.7,2.55,42.70,45.25
2171,3381.24,1.575,-138.988,50.305,23.861,50.305,0.39,71.2,27.58,99.3,2.40,44.20,46.60
2172,3382.81,1.568,-140.408,50.316,23.195,50.316,0.67,70.9,27.47,98.9,2.30,45.80,48.10
2173,3384.37,1.562,-141.836,50.329,22.562,50.329,0.85,70.8,27.33,98.4,2.20,47.50,49.70
2174,3385.93,1.555,-143.271,50.347,21.964,50.347,1.15,70.8,27.22,98.0,2.15,49.30,51.45
2175,3387.48,1.548,-144.712,50.368,21.400,50.368,1.33,71.1,27.11,97.6,2.10,51.20,53.30
2176,3389.02,1.542,-146.160,50.391,20.869,50.391,1.54,71.1,27.00,97.2,2.05,53.20,55.25
2177,3390.56,1.536,-147.612,50.413,20.368,50.413,1.40,69.9,26.89,96.8,2.10,55.15,57.25
2178,3392.08,1.529,-149.067,50.434,19.901,50.434,1.38,68.9,26.76,96.4,2.20,57.40,59.60
2179,3393.61,1.522,-150.527,50.457,19.469,50.457,1.55,67.5,26.65,96.0,2.30,59.85,62.15
2180,3395.12,1.515,-151.989,50.481,19.072,50.481,1.54,66.0,26.52,95.5,2.50,62.40,64.90
2181,3396.63,1.509,-153.453,50.504,18.709,50.504,1.54,64.1,26.42,95.1,2.70,65.15,67.85
2182,3398.13,1.501,-154.918,50.526,18.382,50.526,1.47,62.3,26.28,94.6,2.95,68.15,71.10
2183,3399.70,1.573,-156.461,50.549,18.077,50.549,1.45,59.4,26.12,94.0,3.25,71.45,74.70
2184,3401.27,1.564,-158.004,50.575,17.817,50.575,1.67,57.1,26.02,93.7,3.65,75.35,79.00
2185,3402.83,1.557,-159.545,50.600,17.597,50.600,1.57,55.3,25.87,93.1,4.05,79.40,83.45
2186,3404.37,1.548,-161.083,50.624,17.423,50.624,1.58,54.4,25.74,92.7,4.50,84.05,88.55
2187,3405.91,1.539,-162.617,50.650,17.295,50.650,1.67,54.4,25.58,92.1,3.85,89.35,93.20
2188,3407.44,1.530,-164.145,50.682,17.219,50.682,2.10,56.3,25.45,91.6,4.30,6.81,11.11
2189,3408.97,1.523,-165.667,50.715,17.184,50.715,2.19,58.7,25.34,91.2,4.70,6.63,11.33
2190,3410.48,1.517,-167.184,50.744,17.185,50.744,1.87,61.5,25.23,90.8,5.15,6.45,11.60
2191,3411.99,1.510,-168.693,50.767,17.221,50.767,1.58,64.7,25.10,90.4,5.55,6.24,11.79
2192,3413.50,1.503,-170.193,50.790,17.291,50.790,1.48,68.6,24.99,89.9,5.95,97.75,103.70
2193,3415.07,1.570,-171.759,50.815,17.405,50.815,1.62,72.9,24.87,89.5,6.35,93.00,99.35
2194,3416.63,1.563,-173.315,50.843,17.555,50.843,1.79,78.9,24.77,89.2,6.70,89.35,96.05
2195,3418.19,1.557,-174.862,50.869,17.736,50.869,1.70,86.1,24.67,88.8,7.05,86.85,93.90
2196,3419.74,1.552,-176.400,50.894,17.942,50.894,1.57,94.8,24.60,88.6,7.40,84.60,92.00
2197,3421.29,1.551,-177.934,50.915,18.171,50.915,1.37,104.1,24.66,88.8,7.70,82.65,90.35
2198,3422.85,1.558,-179.471,50.934,18.423,50.934,1.20,113.0,24.80,89.3,8.00,80.80,88.80
2199,3424.42,1.569,-181.016,50.952,18.697,50.952,1.16,119.6,25.01,90.1,8.30,79.05,87.35
2200,3425.92,1.508,-182.496,50.969,18.979,50.969,1.15,125.0,25.23,90.8,8.55,77.40,85.95
2201,3427.45,1.521,-183.987,50.984,19.281,50.984,1.00,126.8,25.45,91.6,8.80,75.90,84.70
2202,3428.98,1.534,-185.487,50.996,19.602,50.996,0.76,126.7,25.67,92.4,9.00,74.45,83.45
2203,3430.53,1.547,-186.996,51.003,19.942,51.003,0.47,125.0,25.90,93.2,9.20,72.65,81.85
2204,3432.09,1.561,-188.514,51.010,20.306,51.010,0.42,123.2,26.11,94.0,9.40,70.65,80.05
2205,3433.66,1.574,-190.040,51.015,20.693,51.015,0.35,121.2,26.34,94.8,9.60,68.75,78.35
2206,3435.17,1.507,-191.496,51.020,21.084,51.020,0.33,121.4,26.52,95.5,9.70,66.95,76.65
2207,3436.69,1.518,-192.958,51.020,21.493,51.020,-0.01,121.7,26.74,96.3,9.85,65.30,75.15
2208,3438.22,1.530,-194.425,51.017,21.925,51.017,-0.21,122.1,26.94,97.0,9.95,63.60,73.55
2209,3439.76,1.541,-195.898,51.011,22.379,51.011,-0.39,122.2,27.14,97.7,10.05,62.00,72.05
2210,3441.31,1.553,-197.377,51.003,22.856,51.003,-0.56,122.0,27.35,98.5,10.15,60.40,70.55
2211,3442.88,1.565,-198.860,50.991,23.355,50.991,-0.77,121.0,27.56,99.2,10.20,58.85,69.05
2212,3444.45,1.577,-200.349,50.975,23.876,50.975,-1.00,119.8,27.76,99.9,10.25,57.55,67.80
2213,3445.96,1.505,-201.763,50.957,24.391,50.957,-1.21,119.8,27.98,100.7,10.25,56.30,66.55
2214,3447.48,1.517,-203.181,50.938,24.929,50.938,-1.24,120.9,28.19,101.5,10.25,55.05,65.30
2215,3449.00,1.528,-204.602,50.919,25.490,50.919,-1.22,123.0,28.38,102.2,10.25,53.85,64.10
2216,3450.54,1.539,-206.026,50.898,26.072,50.898,-1.35,124.5,28.60,103.0,10.20,52.75,62.95
2217,3452.09,1.551,-207.453,50.878,26.678,50.878,-1.32,127.3,28.82,103.7,10.15,51.95,62.10
2218,3453.66,1.562,-208.884,50.856,27.306,50.856,-1.39,130.6,29.03,104.5,10.05,51.55,61.60
2219,3455.23,1.574,-210.317,50.832,27.955,50.832,-1.51,134.5,29.26,105.3,9.95,51.20,61.15
2220,3456.82,1.587,-211.755,50.807,28.627,50.807,-1.59,139.5,29.50,106.2,9.85,50.85,60.70
2221,3458.33,1.511,-213.116,50.784,29.282,50.784,-1.56,147.5,29.74,107.1,9.75,50.55,60.30
2222,3459.85,1.523,-214.481,50.761,29.957,50.761,-1.49,156.9,29.98,107.9,9.60,50.25,59.85
2223,3461.39,1.536,-215.851,50.737,30.652,50.737,-1.57,165.3,30.25,108.9,9.45,50.00,59.45
2224,3462.94,1.550,-217.227,50.710,31.364,50.710,-1.71,173.8,30.51,109.8,9.25,49.80,59.05
2225,3464.50,1.564,-218.610,50.682,32.094,50.682,-1.84,181.4,30.81,110.9,9.10,49.55,58.65
2226,3466.08,1.579,-219.999,50.653,32.844,50.653,-1.81,188.5,31.10,112.0,8.90,49.20,58.10
2227,3467.67,1.594,-221.395,50.625,33.614,50.625,-1.74,196.9,31.39,113.0,8.70,18.00,26.70
2228,3469.19,1.513,-222.713,50.600,34.355,50.600,-1.68,210.9,31.64,113.9,8.50,4.80,13.30
2229,3470.71,1.526,-224.038,50.574,35.112,50.574,-1.71,230.0,31.92,114.9,8.25,5.05,13.30
2230,3472.25,1.539,-225.369,50.548,35.885,50.548,-1.67,259.5,32.20,115.9,8.00,5.35,13.35
2231,3473.80,1.552,-226.707,50.523,36.672,50.523,-1.60,309.7,32.47,116.9,7.75,5.60,13.35
2232,3475.37,1.564,-228.050,50.500,37.474,50.500,-1.49,397.0,32.67,117.6,7.50,5.90,13.40
2233,3476.94,1.569,-229.393,50.477,38.284,50.477,-1.42,566.4,32.63,117.5,7.20,6.20,13.40
2234,3478.49,1.557,-230.724,50.459,39.092,50.459,-1.19,1052.2,32.23,116.0,6.95,6.50,13.45
2235,3480.02,1.529,-232.030,50.445,39.887,50.445,-0.89,2000.0,31.53,113.5,6.65,6.75,13.40
2236,3481.61,1.591,-233.389,50.436,40.713,50.436,-0.59,1814.9,30.87,111.1,6.35,7.05,13.40
2237,3483.17,1.558,-234.721,50.427,41.520,50.427,-0.61,813.4,30.25,108.9,6.05,7.35,13.40
2238,3484.69,1.523,-236.025,50.416,42.308,50.416,-0.68,535.7,29.57,106.4,5.80,7.65,13.45
2239,3486.28,1.580,-237.380,50.402,43.121,50.402,-0.88,401.8,28.97,104.3,5.50,7.90,13.40
2240,3487.82,1.549,-238.711,50.387,43.913,50.387,-1.01,329.4,28.49,102.6,5.20,8.20,13.40
2241,3489.35,1.525,-240.025,50.366,44.687,50.366,-1.34,288.1,28.03,100.9,4.95,6.70,11.65
2242,3490.85,1.506,-241.327,50.346,45.443,50.346,-1.31,267.6,27.79,100.0,4.70,6.95,11.65
2243,3492.43,1.578,-242.698,50.328,46.225,50.328,-1.17,259.0,27.62,99.4,4.45,7.20,11.65
2244,3494.00,1.569,-244.066,50.312,46.994,50.312,-1.05,261.3,27.44,98.8,4.20,7.45,11.65
2245,3495.56,1.560,-245.430,50.298,47.750,50.298,-0.89,269.4,27.31,98.3,3.95,7.65,11.60
2246,3497.12,1.553,-246.793,50.284,48.495,50.284,-0.89,278.4,27.19,97.9,3.75,7.85,11.60
2247,3498.66,1.546,-248.153,50.272,49.230,50.272,-0.76,284.4,27.07,97.5,3.55,8.05,11.60
2248,3500.20,1.539,-249.511,50.260,49.955,50.260,-0.82,286.1,26.93,97.0,3.35,8.25,11.60
2249,3501.73,1.532,-250.866,50.247,50.669,50.247,-0.85,282.8,26.82,96.6,3.15,8.45,11.60
2250,3503.26,1.526,-252.220,50.233,51.374,50.233,-0.90,274.3,26.73,96.2,3.00,8.65,11.65
2251,3504.78,1.521,-253.573,50.219,52.069,50.219,-0.89,263.4,26.66,96.0,2.80,8.80,11.60
2252,3506.30,1.517,-254.927,50.208,52.754,50.208,-0.76,249.7,26.59,95.7,2.65,8.95,11.60
2253,3507.81,1.514,-256.281,50.196,53.430,50.196,-0.78,232.8,26.52,95.5,2.50,9.10,11.60
2254,3509.32,1.510,-257.636,50.183,54.097,50.183,-0.89,213.3,26.46,95.2,2.35,9.25,11.60
2255,3510.83,1.506,-258.991,50.167,54.752,50.167,-1.04,193.8,26.39,95.0,2.20,9.35,11.55
2256,3512.33,1.502,-260.348,50.148,55.396,50.148,-1.24,175.7,26.32,94.7,2.10,9.50,11.60
2257,3513.91,1.576,-261.778,50.129,56.058,50.129,-1.24,158.2,26.24,94.5,2.00,9.60,11.60
2258,3515.48,1.572,-263.211,50.108,56.705,50.108,-1.30,144.0,26.17,94.2,1.90,9.70,11.60
2259,3517.04,1.567,-264.647,50.086,57.333,50.086,-1.43,132.3,26.09,93.9,1.80,9.75,11.55
2260,3518.61,1.563,-266.087,50.062,57.942,50.062,-1.54,122.8,26.03,93.7,1.75,9.85,11.60
2261,3520.17,1.559,-267.529,50.033,58.532,50.033,-1.85,114.8,25.94,93.4,1.70,9.85,11.55
2262,3521.72,1.554,-268.976,50.003,59.100,50.003,-1.97,109.1,25.88,93.2,1.65,9.90,11.55
2263,3523.27,1.550,-270.426,49.967,59.647,49.967,-2.30,104.5,25.79,92.9,1.65,9.90,11.55
2264,3524.82,1.545,-271.880,49.930,60.169,49.930,-2.37,101.4,25.72,92.6,1.70,9.85,11.55
2265,3526.36,1.541,-273.338,49.893,60.667,49.893,-2.43,99.3,25.65,92.3,1.75,9.80,11.55
2266,3527.90,1.537,-274.799,49.854,61.140,49.854,-2.52,98.0,25.58,92.1,1.85,9.75,11.60
2267,3529.43,1.533,-276.264,49.813,61.590,49.813,-2.65,97.1,25.52,91.9,1.90,9.65,11.55
2268,3530.96,1.529,-277.731,49.767,62.016,49.767,-3.02,96.1,25.44,91.6,2.05,9.55,11.60
2269,3532.48,1.524,-279.201,49.718,62.418,49.718,-3.22,95.2,25.37,91.3,2.20,9.40,11.60
2270,3534.00,1.520,-280.672,49.667,62.795,49.667,-3.40,94.6,25.31,91.1,2.35,9.65,12.00
2271,3535.52,1.516,-282.146,49.613,63.147,49.613,-3.53,94.9,25.24,90.9,2.55,9.50,12.05
2272,3537.03,1.512,-283.621,49.557,63.475,49.557,-3.74,95.1,25.17,90.6,2.75,9.30,12.05
2273,3538.54,1.508,-285.098,49.499,63.778,49.499,-3.85,95.7,25.11,90.4,3.00,9.10,12.10
2274,3540.04,1.505,-286.575,49.439,64.057,49.439,-3.95,96.0,25.05,90.2,3.20,8.90,12.10
2275,3541.54,1.501,-288.054,49.378,64.312,49.378,-4.09,95.4,25.00,90.0,3.50,8.65,12.15
2276,3543.12,1.572,-289.605,49.311,64.555,49.311,-4.24,93.3,24.93,89.7,3.75,8.40,12.15
2277,3544.68,1.568,-291.157,49.242,64.772,49.242,-4.39,90.9,24.85,89.5,4.05,8.15,12.20
2278,3546.25,1.564,-292.709,49.174,64.961,49.174,-4.36,88.4,24.80,89.3,4.30,7.90,12.20
2279,3547.81,1.560,-294.259,49.107,65.122,49.107,-4.31,85.9,24.74,89.0,4.60,7.60,12.20
2280,3549.36,1.556,-295.808,49.042,65.253,49.042,-4.17,83.5,24.67,88.8,4.90,7.35,12.25
2281,3550.92,1.552,-297.356,48.979,65.356,48.979,-4.10,81.3,24.60,88.6,5.20,7.05,12.25
2282,3552.47,1.548,-298.901,48.915,65.430,48.915,-4.14,78.9,24.55,88.4,5.50,6.75,12.25
2283,3554.01,1.544,-300.443,48.849,65.475,48.849,-4.28,76.4,24.48,88.1,5.80,6.45,12.25
2284,3555.55,1.540,-301.982,48.782,65.489,48.782,-4.32,74.2,24.41,87.9,6.05,6.15,12.20
2285,3557.09,1.536,-303.516,48.716,65.471,48.716,-4.34,72.2,24.35,87.6,6.35,5.85,12.20
2286,3558.62,1.531,-305.045,48.650,65.419,48.650,-4.30,70.6,24.28,87.4,6.55,5.55,12.10
2287,3560.14,1.528,-306.569,48.584,65.334,48.584,-4.31,69.4,24.22,87.2,6.75,5.30,12.05
2288,3561.67,1.523,-308.086,48.517,65.217,48.517,-4.38,68.4,24.15,86.9,6.90,5.05,11.95
2289,3563.19,1.519,-309.596,48.449,65.067,48.449,-4.48,67.7,24.08,86.7,7.00,4.85,11.85
2290,3564.70,1.515,-311.098,48.382,64.884,48.382,-4.49,67.0,24.01,86.5,7.15,4.65,11.80
2291,3566.21,1.510,-312.591,48.313,64.667,48.313,-4.51,66.3,23.94,86.2,7.30,4.50,11.80
2292,3567.72,1.506,-314.075,48.246,64.416,48.246,-4.49,65.7,23.88,86.0,7.45,4.35,11.80
2293,3569.22,1.502,-315.549,48.178,64.132,48.178,-4.55,65.2,23.82,85.7,7.55,4.25,11.80
2294,3570.79,1.569,-317.081,48.106,63.800,48.106,-4.58,64.2,23.74,85.5,7.65,4.10,11.75
2295,3572.35,1.565,-318.599,48.036,63.429,48.036,-4.47,63.4,23.67,85.2,7.80,4.00,11.80
2296,3573.91,1.560,-320.103,47.967,63.022,47.967,-4.43,62.8,23.61,85.0,7.95,3.85,11.80
2297,3575.47,1.555,-321.593,47.897,62.579,47.897,-4.47,62.2,23.54,84.7,8.10,3.70,11.80
2298,3577.02,1.551,-323.067,47.828,62.100,47.828,-4.49,61.9,23.47,84.5,8.25,3.55,11.80
2299,3578.57,1.546,-324.524,47.757,61.587,47.757,-4.60,62.0,23.40,84.2,8.40,3.40,11.80
2300,3580.11,1.542,-325.963,47.687,61.038,47.687,-4.54,62.3,23.33,84.0,8.55,3.25,11.80
2301,3581.65,1.538,-327.384,47.616,60.456,47.616,-4.62,62.9,23.27,83.8,8.70,3.10,11.80
2302,3583.18,1.533,-328.787,47.544,59.840,47.544,-4.66,63.7,23.21,83.6,8.85,2.95,11.80
2303,3584.71,1.530,-330.171,47.470,59.194,47.470,-4.88,64.3,23.14,83.3,9.00,2.80,11.80
2304,3586.24,1.525,-331.536,47.396,58.516,47.396,-4.85,65.5,23.09,83.1,9.15,2.60,11.75
2305,3587.76,1.521,-332.880,47.322,57.809,47.322,-4.87,66.7,23.02,82.9,9.30,2.45,11.75
2306,3589.28,1.518,-334.206,47.247,57.074,47.247,-4.96,68.1,22.96,82.6,9.45,2.35,11.80
2307,3590.79,1.514,-335.511,47.173,56.311,47.173,-4.86,70.0,22.91,82.5,11.10,2.20,13.30
2308,3592.30,1.510,-336.796,47.102,55.520,47.102,-4.72,72.5,22.86,82.3,11.15,2.10,13.25
2309,3593.81,1.507,-338.062,47.031,54.705,47.031,-4.74,74.5,22.80,82.1,11.30,2.00,13.30
2310,3595.31,1.504,-339.308,46.961,53.867,46.961,-4.68,76.3,22.76,82.0,11.35,1.90,13.25
2311,3596.88,1.568,-340.590,46.887,52.966,46.887,-4.73,77.0,22.71,81.7,11.40,1.85,13.25
2312,3598.44,1.565,-341.851,46.812,52.042,46.812,-4.78,76.8,22.66,81.6,11.45,1.75,13.20
2313,3600.01,1.562,-343.090,46.736,51.095,46.736,-4.88,76.3,22.61,81.4,11.50,1.70,13.20
2314,3601.56,1.558,-344.308,46.659,50.125,46.659,-4.95,76.0,22.57,81.2,11.55,1.70,13.25
2315,3603.12,1.555,-345.502,46.581,49.133,46.581,-4.99,75.8,22.49,81.0,11.55,1.65,13.20
2316,3604.67,1.551,-346.671,46.510,48.117,46.510,-4.58,76.6,22.45,80.8,11.60,1.65,13.25
2317,3606.22,1.548,-347.817,46.444,47.078,46.444,-4.32,77.5,22.41,80.7,11.60,1.60,13.20
2318,3607.76,1.545,-348.941,46.376,46.021,46.376,-4.39,77.8,22.36,80.5,11.65,1.60,13.25
2319,3609.30,1.542,-350.043,46.305,44.946,46.305,-4.61,77.5,22.33,80.4,11.65,1.60,13.25
2320,3610.84,1.538,-351.122,46.231,43.852,46.231,-4.78,77.1,22.27,80.2,11.60,1.60,13.20
2321,3612.38,1.535,-352.176,46.158,42.738,46.158,-4.80,76.4,22.21,80.0,11.60,1.65,13.25
2322,3613.91,1.531,-353.205,46.085,41.606,46.085,-4.75,76.2,22.18,79.8,11.55,1.65,13.20
2323,3615.44,1.528,-354.207,46.013,40.455,46.013,-4.71,76.6,22.14,79.7,11.50,1.70,13.20
2324,3616.97,1.527,-355.186,45.942,39.285,45.942,-4.66,77.9,22.14,79.7,11.45,1.80,13.25
2325,3618.50,1.531,-356.144,45.871,38.092,45.871,-4.67,80.0,22.26,80.1,11.35,1.90,13.25
2326,3620.04,1.544,-357.085,45.801,36.871,45.801,-4.55,82.8,22.48,80.9,11.30,2.00,13.30
2327,3621.60,1.561,-358.014,45.730,35.618,45.730,-4.51,85.3,22.75,81.9,11.15,2.15,13.30
2328,3623.11,1.510,-358.890,45.664,34.390,45.664,-4.36,88.0,23.00,82.8,11.00,2.30,13.30
2329,3624.64,1.527,-359.755,45.599,33.134,45.599,-4.27,89.8,23.26,83.7,10.85,2.45,13.30
2330,3626.18,1.544,-360.609,45.534,31.850,45.534,-4.26,90.6,23.51,84.6,10.70,2.60,13.30
2331,3627.74,1.560,-361.452,45.468,30.538,45.468,-4.21,90.2,23.76,85.5,10.50,2.80,13.30
2332,3629.25,1.505,-362.243,45.404,29.259,45.404,-4.26,89.8,24.00,86.4,10.35,3.00,13.35
2333,3630.77,1.520,-363.020,45.342,27.954,45.342,-4.10,89.2,24.25,87.3,10.15,3.20,13.35
2334,3632.31,1.536,-363.780,45.282,26.621,45.282,-3.91,89.0,24.49,88.2,9.95,3.40,13.35
2335,3633.86,1.551,-364.525,45.221,25.262,45.221,-3.90,89.1,24.74,89.1,9.75,3.60,13.35
2336,3635.42,1.567,-365.253,45.160,23.876,45.160,-3.89,89.5,24.98,89.9,9.50,3.85,13.35
2337,3636.93,1.506,-365.931,45.100,22.532,45.100,-4.00,90.8,25.22,90.8,9.35,4.05,13.40
2338,3638.45,1.521,-366.592,45.039,21.164,45.039,-4.00,92.2,25.46,91.6,9.05,4.30,13.35
2339,3639.99,1.535,-367.235,44.981,19.772,44.981,-3.77,94.6,25.69,92.5,8.85,4.60,13.45
2340,3641.54,1.549,-367.861,44.925,18.355,44.925,-3.61,98.1,25.94,93.4,8.55,4.90,13.45
2341,3643.10,1.564,-368.468,44.873,16.915,44.873,-3.33,103.1,26.18,94.3,8.25,4.80,13.05
2342,3644.68,1.579,-369.059,44.823,15.452,44.823,-3.20,108.0,26.43,95.1,8.00,5.15,13.15
2343,3646.19,1.514,-369.607,44.774,14.041,44.774,-3.24,114.1,26.67,96.0,7.65,5.50,13.15
2344,3647.72,1.527,-370.141,44.724,12.612,44.724,-3.26,118.9,26.89,96.8,7.30,5.85,13.15
2345,3649.26,1.540,-370.661,44.672,11.163,44.672,-3.42,122.8,27.12,97.6,7.00,6.25,13.25
2346,3650.81,1.553,-371.167,44.616,9.696,44.616,-3.56,125.3,27.36,98.5,6.60,6.55,13.15
2347,3652.38,1.566,-371.660,44.559,8.211,44.559,-3.66,127.6,27.58,99.3,6.25,6.90,13.15
2348,3653.96,1.579,-372.138,44.499,6.707,44.499,-3.83,129.7,27.81,100.1,5.95,7.25,13.20
2349,3655.47,1.508,-372.578,44.438,5.266,44.438,-4.00,134.5,28.02,100.9,5.65,7.50,13.15
2350,3656.99,1.520,-373.004,44.377,3.808,44.377,-4.05,141.5,28.25,101.7,5.35,7.80,13.15
2351,3658.52,1.532,-373.416,44.315,2.333,44.315,-4.04,149.6,28.48,102.5,5.05,8.05,13.10
2352,3660.07,1.545,-373.815,44.254,0.842,44.254,-3.97,158.3,28.72,103.4,4.80,8.30,13.10
2353,3661.62,1.558,-374.204,44.189,-0.665,44.189,-4.15,165.5,28.96,104.2,4.55,8.50,13.05
2354,3663.20,1.570,-374.583,44.118,-2.187,44.118,-4.54,167.9,29.18,105.1,4.30,8.75,13.05
2355,3664.78,1.582,-374.954,44.040,-3.723,44.040,-4.95,166.8,29.43,105.9,4.05,8.95,13.00
2356,3666.29,1.509,-375.293,43.962,-5.191,43.962,-5.18,165.7,29.72,107.0,3.85,9.15,13.00
2357,3667.81,1.523,-375.621,43.884,-6.677,43.884,-5.10,165.2,29.99,108.0,3.70,9.30,13.00
2358,3669.35,1.537,-375.936,43.806,-8.179,43.806,-5.07,165.2,30.26,108.9,3.50,9.50,13.00
2359,3670.90,1.551,-376.240,43.727,-9.697,43.727,-5.11,166.4,30.53,109.9,3.35,9.65,13.00
2360,3672.46,1.565,-376.533,43.643,-11.233,43.643,-5.35,167.0,30.84,111.0,3.20,9.75,12.95
2361,3674.05,1.581,-376.815,43.556,-12.786,43.556,-5.52,165.9,31.14,112.1,3.05,9.90,12.95
2362,3675.64,1.596,-377.085,43.465,-14.357,43.465,-5.70,163.7,31.43,113.2,2.95,10.00,12.95
2363,3677.16,1.516,-377.328,43.376,-15.850,43.376,-5.91,162.5,31.71,114.1,2.85,10.10,12.95
2364,3678.69,1.530,-377.558,43.284,-17.360,43.284,-6.04,162.6,32.01,115.2,2.75,10.15,12.90
2365,3680.23,1.544,-377.775,43.190,-18.885,43.190,-6.10,163.8,32.29,116.2,2.65,10.25,12.90
2366,3681.79,1.557,-377.979,43.093,-20.426,43.093,-6.19,167.7,32.57,117.3,2.60,10.30,12.90
2367,3683.36,1.570,-378.169,42.994,-21.981,42.994,-6.32,173.3,32.86,118.3,2.55,10.30,12.85
2368,3684.95,1.585,-378.347,42.893,-23.553,42.893,-6.39,181.6,33.14,119.3,2.55,10.35,12.90
2369,3686.54,1.598,-378.513,42.789,-25.139,42.789,-6.53,192.3,33.43,120.3,2.50,10.35,12.85
2370,3688.05,1.511,-378.657,42.690,-26.639,42.690,-6.58,210.1,33.69,121.3,2.50,10.35,12.85
2371,3689.58,1.523,-378.791,42.588,-28.153,42.588,-6.70,233.4,33.99,122.4,2.55,10.35,12.90
2372,3691.11,1.536,-378.916,42.486,-29.680,42.486,-6.67,268.3,34.25,123.3,2.55,10.30,12.85
2373,3692.66,1.548,-379.033,42.382,-31.220,42.382,-6.75,316.3,34.52,124.3,2.60,10.30,12.90
2374,3694.22,1.560,-379.142,42.275,-32.773,42.275,-6.83,383.6,34.81,125.3,2.60,10.25,12.85
2375,3695.80,1.573,-379.247,42.168,-34.338,42.168,-6.84,476.9,35.08,126.3,2.65,10.20,12.85
2376,3697.38,1.585,-379.347,42.059,-35.917,42.059,-6.88,622.9,35.37,127.3,2.70,10.15,12.85
2377,3698.98,1.598,-379.444,41.949,-37.508,41.949,-6.90,855.7,35.63,128.3,2.75,10.10,12.85
2378,3700.59,1.610,-379.540,41.838,-39.111,41.838,-6.93,1280.0,35.90,129.2,2.85,10.05,12.90
2379,3702.10,1.514,-379.628,41.733,-40.619,41.733,-6.95,2000.0,36.17,130.2,2.90,10.25,13.15
2380,3703.63,1.525,-379.716,41.628,-42.137,41.628,-6.91,2000.0,36.41,131.1,2.95,10.45,13.40
2381,3705.16,1.535,-379.805,41.523,-43.666,41.523,-6.88,2000.0,36.67,132.0,3.00,10.65,13.65
2382,3706.71,1.546,-379.894,41.417,-45.206,41.417,-6.85,2000.0,36.93,132.9,3.05,10.85,13.90
2383,3708.27,1.556,-379.985,41.312,-46.756,41.312,-6.76,2000.0,37.15,133.7,3.10,10.95,14.05
2384,3709.83,1.566,-380.077,41.205,-48.316,41.205,-6.81,2000.0,37.42,134.7,3.15,11.20,14.35
2385,3711.41,1.578,-380.170,41.100,-49.887,41.100,-6.69,2000.0,37.68,135.6,3.25,11.75,15.00
2386,3713.00,1.588,-380.265,40.996,-51.469,40.996,-6.57,2000.0,37.93,136.6,3.30,12.30,15.60
2387,3714.60,1.599,-380.362,40.892,-53.062,40.892,-6.50,2000.0,38.18,137.4,3.35,13.10,16.45
2388,3716.21,1.608,-380.460,40.789,-54.664,40.789,-6.45,2000.0,38.41,138.3,3.40,14.50,17.90
2389,3717.71,1.503,-380.553,40.692,-56.161,40.692,-6.44,2000.0,38.66,139.2,3.45,19.30,22.75
2390,3719.22,1.512,-380.647,40.595,-57.668,40.595,-6.40,1917.9,38.89,140.0,3.50,19.80,23.30
2391,3720.75,1.521,-380.742,40.498,-59.182,40.498,-6.40,1741.5,39.09,140.7,3.55,20.35,23.90
2392,3722.28,1.529,-380.840,40.400,-60.705,40.400,-6.46,1601.3,39.33,141.6,3.60,20.85,24.45
2393,3723.81,1.539,-380.940,40.301,-62.238,40.301,-6.39,1492.9,39.57,142.4,3.65,21.40,25.05
2394,3725.36,1.548,-381.042,40.205,-63.779,40.205,-6.27,1425.4,39.79,143.2,3.70,20.10,23.80
2395,3726.92,1.557,-381.146,40.109,-65.329,40.109,-6.15,1391.3,40.02,144.1,3.70,17.10,20.80
2396,3728.48,1.565,-381.254,40.015,-66.888,40.015,-6.00,1392.3,40.24,144.9,3.75,15.00,18.75
2397,3730.06,1.574,-381.363,39.923,-68.456,39.923,-5.89,1409.1,40.47,145.7,3.80,13.65,17.45
2398,3731.64,1.583,-381.475,39.831,-70.032,39.831,-5.82,1437.9,40.68,146.4,3.85,12.70,16.55
2399,3733.23,1.591,-381.589,39.738,-71.616,39.738,-5.85,1436.3,40.91,147.3,3.90,11.95,15.85
2400,3734.83,1.600,-381.706,39.644,-73.209,39.644,-5.86,1420.4,41.12,148.0,3.90,11.30,15.20
2401,3736.44,1.608,-381.824,39.548,-74.810,39.548,-5.96,1370.6,41.33,148.8,3.95,10.80,14.75
2402,3738.06,1.617,-381.945,39.451,-76.419,39.451,-6.03,1308.1,41.56,149.6,4.00,10.50,14.50
2403,3739.69,1.626,-382.069,39.353,-78.037,39.353,-6.06,1242.9,41.78,150.4,4.00,10.15,14.15
2404,3741.19,1.508,-382.186,39.262,-79.538,39.262,-6.02,1212.6,41.99,151.2,4.05,9.90,13.95
2405,3742.71,1.516,-382.305,39.172,-81.046,39.172,-5.95,1196.5,42.20,151.9,4.05,9.70,13.75
2406,3744.23,1.523,-382.427,39.083,-82.562,39.083,-5.83,1193.8,42.40,152.6,4.10,9.55,13.65
2407,3745.76,1.530,-382.551,38.996,-84.085,38.996,-5.74,1198.0,42.61,153.4,2.60,9.35,11.95
2408,3747.30,1.538,-382.678,38.908,-85.615,38.908,-5.68,1202.9,42.78,154.0,2.60,9.15,11.75
2409,3748.85,1.544,-382.808,38.820,-87.151,38.820,-5.73,1198.2,42.99,154.8,2.60,9.00,11.60
2410,3750.40,1.551,-382.940,38.732,-88.694,38.732,-5.71,1188.0,43.19,155.5,2.65,8.80,11.45
2411,3751.96,1.559,-383.074,38.644,-90.245,38.644,-5.66,1190.0,43.40,156.2,2.65,8.65,11.30
2412,3753.52,1.566,-383.212,38.557,-91.803,38.557,-5.52,1208.7,43.60,157.0,2.65,8.60,11.25
2413,3755.10,1.574,-383.352,38.473,-93.368,38.473,-5.36,1249.8,43.81,157.7,2.65,8.60,11.25
2414,3756.68,1.581,-383.495,38.390,-94.940,38.390,-5.24,1306.2,44.00,158.4,2.70,8.60,11.30
2415,3758.27,1.588,-383.641,38.309,-96.519,38.309,-5.13,1377.7,44.19,159.1,2.70,8.60,11.30
2416,3759.86,1.595,-383.789,38.228,-98.105,38.228,-5.10,1444.5,44.40,159.8,2.70,8.55,11.25
2417,3761.46,1.602,-383.940,38.147,-99.698,38.147,-5.07,1497.9,44.57,160.5,2.70,8.55,11.25
2418,3763.07,1.608,-384.092,38.065,-101.297,38.065,-5.09,1522.9,44.75,161.1,2.70,8.55,11.25
2419,3764.69,1.615,-384.247,37.983,-102.902,37.983,-5.10,1537.7,44.96,161.9,2.70,8.55,11.25
2420,3766.31,1.623,-384.405,37.901,-104.515,37.901,-5.02,1562.7,45.17,162.6,2.70,8.55,11.25
2421,3767.94,1.630,-384.565,37.821,-106.135,37.821,-4.95,1596.8,45.37,163.3,2.70,8.55,11.25
2422,3769.58,1.637,-384.727,37.741,-107.762,37.741,-4.89,1640.0,45.54,163.9,2.65,8.55,11.20
2423,3771.08,1.506,-384.878,37.667,-109.258,37.667,-4.93,1719.1,45.72,164.6,2.65,8.60,11.25
2424,3772.60,1.512,-385.030,37.592,-110.761,37.592,-4.94,1812.9,45.90,165.2,2.65,8.60,11.25
2425,3774.11,1.517,-385.184,37.517,-112.269,37.517,-4.92,1911.9,46.05,165.8,2.65,8.60,11.25
2426,3775.64,1.523,-385.340,37.443,-113.782,37.443,-4.91,2000.0,46.25,166.5,2.65,8.60,11.25
2427,3777.17,1.529,-385.498,37.369,-115.302,37.369,-4.80,2000.0,46.42,167.1,2.60,8.60,11.20
2428,3778.70,1.535,-385.658,37.297,-116.827,37.297,-4.75,2000.0,46.61,167.8,2.60,8.65,11.25
2429,3780.24,1.541,-385.819,37.224,-118.357,37.224,-4.70,2000.0,46.76,168.3,2.60,8.65,11.25
2430,3781.79,1.546,-385.982,37.151,-119.893,37.151,-4.76,2000.0,46.90,168.9,2.55,8.65,11.20
2431,3783.34,1.551,-386.145,37.076,-121.434,37.076,-4.83,2000.0,47.08,169.5,2.55,8.65,11.20
2432,3784.90,1.557,-386.310,37.001,-122.980,37.001,-4.84,2000.0,47.27,170.2,2.55,8.70,11.25
2433,3786.46,1.563,-386.477,36.925,-124.532,36.925,-4.82,2000.0,47.46,170.8,2.50,8.70,11.20
2434,3788.03,1.569,-386.644,36.851,-126.090,36.851,-4.74,2000.0,47.60,171.4,2.50,8.70,11.20
2435,3789.61,1.574,-386.812,36.777,-127.653,36.777,-4.73,2000.0,47.79,172.0,2.50,8.75,11.25
2436,3791.19,1.580,-386.982,36.704,-129.223,36.704,-4.58,2000.0,47.95,172.6,2.45,8.75,11.20
2437,3792.77,1.586,-387.151,36.634,-130.798,36.634,-4.43,2000.0,48.13,173.3,2.45,8.75,11.20
2438,3794.36,1.592,-387.321,36.565,-132.379,36.565,-4.36,2000.0,48.31,173.9,2.45,8.80,11.25
2439,3795.96,1.596,-387.491,36.496,-133.964,36.496,-4.30,2000.0,48.42,174.3,2.40,8.80,11.20
2440,3797.56,1.601,-387.661,36.426,-135.555,36.426,-4.38,2000.0,48.62,175.0,2.40,8.80,11.20
2441,3799.17,1.608,-387.830,36.356,-137.152,36.356,-4.36,2000.0,48.80,175.7,2.35,8.85,11.20
2442,3800.78,1.613,-387.999,36.286,-138.755,36.286,-4.38,2000.0,48.92,176.1,2.35,8.85,11.20
2443,3802.40,1.617,-388.168,36.214,-140.361,36.214,-4.47,2000.0,49.09,176.7,2.35,8.85,11.20
2444,3804.02,1.623,-388.336,36.141,-141.974,36.141,-4.45,2000.0,49.27,177.4,2.35,8.85,11.20
2445,3805.65,1.628,-388.503,36.070,-143.592,36.070,-4.37,1930.7,49.43,178.0,2.30,8.90,11.20
2446,3807.29,1.635,-388.669,36.000,-145.217,36.000,-4.29,1936.0,49.60,178.5,2.30,8.90,11.20
2447,3808.93,1.640,-388.834,35.931,-146.847,35.931,-4.21,1992.9,49.77,179.2,2.30,8.90,11.20
2448,3810.57,1.646,-388.998,35.863,-148.483,35.863,-4.14,2000.0,49.95,179.8,2.30,8.90,11.20
2449,3812.22,1.651,-389.162,35.796,-150.124,35.796,-4.06,2000.0,50.08,180.3,2.30,8.90,11.20
2450,3813.73,1.505,-389.310,35.734,-151.620,35.734,-4.14,2000.0,50.23,180.8,2.25,8.90,11.15
2451,3815.24,1.509,-389.458,35.671,-153.121,35.671,-4.14,2000.0,50.36,181.3,2.25,8.90,11.15
2452,3816.75,1.514,-389.606,35.609,-154.626,35.609,-4.12,2000.0,50.54,181.9,2.25,8.90,11.15
2453,3818.27,1.519,-389.753,35.548,-156.136,35.548,-4.01,2000.0,50.69,182.5,2.25,8.90,11.15
2454,3819.80,1.523,-389.900,35.487,-157.651,35.487,-3.99,2000.0,50.84,183.0,2.25,8.90,11.15
2455,3821.32,1.527,-390.048,35.426,-159.170,35.426,-4.03,2000.0,50.94,183.4,7.60,8.90,16.50
2456,3822.85,1.530,-390.195,35.362,-160.691,35.362,-4.16,2000.0,51.06,183.8,6.60,8.90,15.50
2457,3824.39,1.535,-390.344,35.298,-162.218,35.298,-4.17,2000.0,51.26,184.5,5.55,8.90,14.45
2458,3825.93,1.540,-390.492,35.235,-163.750,35.235,-4.11,2000.0,51.40,185.1,4.40,8.90,13.30
2459,3827.47,1.544,-390.641,35.172,-165.285,35.172,-4.10,2000.0,51.48,185.3,3.25,8.90,12.15
2460,3829.02,1.544,-390.791,35.109,-166.820,35.109,-4.06,2000.0,51.47,185.3,2.25,8.90,11.15
2461,3830.56,1.543,-390.941,35.048,-168.355,35.048,-3.95,2000.0,51.41,185.1,2.25,8.90,11.15
2462,3832.10,1.542,-391.092,34.990,-169.888,34.990,-3.76,2000.0,51.38,185.0,2.25,8.90,11.15
2463,3833.64,1.541,-391.242,34.934,-171.420,34.934,-3.64,2000.0,51.34,184.8,2.25,8.90,11.15
2464,3835.18,1.540,-391.394,34.879,-172.952,34.879,-3.57,2000.0,51.31,184.7,2.25,8.90,11.15
2465,3836.72,1.539,-391.545,34.824,-174.482,34.824,-3.58,2000.0,51.27,184.6,2.20,8.95,11.15
2466,3838.26,1.537,-391.698,34.769,-176.011,34.769,-3.58,2000.0,51.24,184.5,2.20,8.95,11.15
2467,3839.80,1.536,-391.850,34.714,-177.538,34.714,-3.61,2000.0,51.17,184.2,2.20,8.95,11.15
2468,3841.33,1.535,-392.003,34.658,-179.065,34.658,-3.66,2000.0,51.19,184.3,2.20,8.95,11.15
2469,3842.87,1.537,-392.156,34.600,-180.593,34.600,-3.75,2000.0,51.29,184.7,2.20,8.95,11.15
2470,3844.41,1.541,-392.311,34.542,-182.126,34.542,-3.79,2000.0,51.43,185.1,2.20,8.95,11.15
2471,3845.96,1.544,-392.466,34.483,-183.661,34.483,-3.82,2000.0,51.53,185.5,2.20,8.95,11.15
2472,3847.50,1.547,-392.621,34.423,-185.199,34.423,-3.85,2000.0,51.63,185.9,2.15,8.95,11.10
2473,3849.06,1.551,-392.777,34.362,-186.742,34.362,-3.91,2000.0,51.78,186.4,2.15,8.95,11.10
2474,3850.61,1.555,-392.934,34.304,-188.288,34.304,-3.79,2000.0,51.88,186.8,2.15,9.00,11.15
2475,3852.17,1.559,-393.091,34.246,-189.837,34.246,-3.68,2000.0,52.01,187.2,2.15,9.00,11.15
2476,3853.73,1.562,-393.249,34.192,-191.390,34.192,-3.46,2000.0,52.13,187.7,2.15,9.00,11.15
2477,3855.30,1.566,-393.407,34.141,-192.947,34.141,-3.24,2000.0,52.25,188.1,2.10,9.00,11.10
2478,3856.87,1.569,-393.566,34.094,-194.508,34.094,-3.03,2000.0,52.37,188.5,2.10,9.00,11.10
2479,3858.44,1.573,-393.724,34.049,-196.072,34.049,-2.87,2000.0,52.48,188.9,2.10,9.00,11.10
2480,3860.02,1.576,-393.882,34.005,-197.640,34.005,-2.77,2000.0,52.59,189.3,2.10,9.00,11.10
2481,3861.60,1.580,-394.041,33.962,-199.211,33.962,-2.71,2000.0,52.71,189.8,2.10,9.05,11.15
2482,3863.18,1.583,-394.199,33.922,-200.785,33.922,-2.57,2000.0,52.81,190.1,2.10,9.05,11.15
2483,3864.77,1.586,-394.357,33.883,-202.363,33.883,-2.48,2000.0,52.93,190.6,2.05,9.05,11.10
2484,3866.36,1.590,-394.516,33.846,-203.945,33.846,-2.32,2000.0,53.05,191.0,2.05,9.05,11.10
2485,3867.95,1.593,-394.674,33.810,-205.530,33.810,-2.24,2000.0,53.16,191.4,2.05,9.05,11.10
2486,3869.55,1.596,-394.832,33.775,-207.118,33.775,-2.18,2000.0,53.25,191.7,2.05,9.05,11.10
2487,3871.15,1.600,-394.990,33.739,-208.710,33.739,-2.26,2000.0,53.38,192.2,2.05,9.05,11.10
2488,3872.75,1.602,-395.148,33.702,-210.304,33.702,-2.32,2000.0,53.44,192.4,2.05,9.05,11.10
2489,3874.36,1.606,-395.307,33.663,-211.901,33.663,-2.41,2000.0,53.59,192.9,2.05,9.05,11.10
2490,3875.97,1.610,-395.466,33.625,-213.502,33.625,-2.39,2000.0,53.70,193.3,2.05,9.05,11.10
2491,3877.58,1.612,-395.625,33.587,-215.106,33.587,-2.36,2000.0,53.80,193.7,2.00,9.05,11.05
2492,3879.20,1.616,-395.784,33.548,-216.714,33.548,-2.42,2000.0,53.93,194.1,2.00,9.10,11.10
2493,3880.82,1.619,-395.945,33.508,-218.325,33.508,-2.45,2000.0,54.01,194.4,2.00,9.10,11.10
2494,3882.44,1.623,-396.106,33.467,-219.939,33.467,-2.53,2000.0,54.14,194.9,2.00,9.10,11.10
2495,3884.07,1.626,-396.267,33.427,-221.556,33.427,-2.49,2000.0,54.25,195.3,2.00,9.10,11.10
2496,3885.70,1.630,-396.430,33.386,-223.177,33.386,-2.47,2000.0,54.38,195.8,2.00,9.10,11.10
2497,3887.33,1.633,-396.594,33.348,-224.801,33.348,-2.37,2000.0,54.47,196.1,2.00,9.10,11.10
2498,3888.97,1.636,-396.759,33.309,-226.429,33.309,-2.35,2000.0,54.58,196.5,1.95,9.10,11.05
2499,3890.60,1.639,-396.925,33.273,-228.059,33.273,-2.20,2000.0,54.68,196.9,1.95,9.10,11.05
2500,3892.25,1.643,-397.092,33.239,-229.693,33.239,-2.09,2000.0,54.81,197.3,1.95,9.10,11.05
2501,3893.89,1.646,-397.260,33.207,-231.330,33.207,-1.94,2000.0,54.91,197.7,1.95,9.15,11.10
2502,3895.54,1.649,-397.429,33.175,-232.970,33.175,-1.93,2000.0,55.01,198.0,1.90,9.15,11.05
2503,3897.20,1.652,-397.598,33.142,-234.613,33.142,-1.97,2000.0,55.11,198.4,1.90,9.15,11.05
2504,3898.85,1.655,-397.769,33.110,-236.258,33.110,-1.93,2000.0,55.20,198.7,1.90,9.15,11.05
2505,3900.51,1.658,-397.939,33.078,-237.907,33.078,-1.97,2000.0,55.31,199.1,1.90,9.20,11.10
2506,3902.17,1.660,-398.110,33.046,-239.558,33.046,-1.91,2000.0,55.34,199.2,1.85,9.20,11.05
2507,3903.83,1.661,-398.280,33.014,-241.209,33.014,-1.93,2000.0,55.35,199.3,1.85,9.20,11.05
2508,3905.49,1.659,-398.450,32.984,-242.859,32.984,-1.81,2000.0,55.26,198.9,1.85,9.20,11.05
2509,3907.15,1.657,-398.618,32.957,-244.507,32.957,-1.66,2000.0,55.17,198.6,1.85,9.20,11.05
2510,3908.80,1.653,-398.785,32.931,-246.152,32.931,-1.54,2000.0,55.09,198.3,1.80,9.20,11.00
2511,3910.45,1.651,-398.951,32.906,-247.795,32.906,-1.50,1741.3,54.99,198.0,1.80,9.25,11.05
2512,3912.10,1.648,-399.114,32.882,-249.434,32.882,-1.49,1523.6,54.86,197.5,1.80,9.25,11.05
2513,3913.74,1.645,-399.275,32.860,-251.071,32.860,-1.35,1369.5,54.79,197.2,1.80,9.25,11.05
2514,3915.39,1.642,-399.435,32.837,-252.705,32.837,-1.35,1242.0,54.68,196.9,1.80,9.25,11.05
2515,3917.03,1.639,-399.591,32.815,-254.336,32.815,-1.35,1141.0,54.61,196.6,1.80,9.25,11.05
2516,3918.66,1.636,-399.746,32.792,-255.965,32.792,-1.42,1052.1,54.46,196.1,1.80,9.25,11.05
2517,3920.29,1.632,-399.897,32.771,-257.590,32.771,-1.31,980.2,54.37,195.7,1.80,9.25,11.05
2518,3921.92,1.629,-400.045,32.750,-259.212,32.750,-1.24,918.7,54.27,195.4,1.80,9.20,11.00
2519,3923.55,1.627,-400.190,32.730,-260.833,32.730,-1.26,857.7,54.21,195.1,1.80,9.20,11.00
2520,3925.18,1.624,-400.332,32.708,-262.450,32.708,-1.37,801.9,54.07,194.7,1.85,9.20,11.05
2521,3926.80,1.621,-400.471,32.686,-264.065,32.686,-1.36,755.7,53.96,194.3,1.85,9.20,11.05
2522,3928.41,1.617,-400.605,32.665,-265.676,32.665,-1.26,725.6,53.85,193.9,1.85,9.15,11.00
2523,3930.03,1.614,-400.736,32.647,-267.285,32.647,-1.15,704.3,53.75,193.5,1.90,9.15,11.05
2524,3931.64,1.611,-400.862,32.630,-268.891,32.630,-1.06,703.2,53.67,193.2,1.90,9.10,11.00
2525,3933.25,1.608,-400.985,32.613,-270.494,32.613,-1.03,709.9,53.56,192.8,1.95,9.05,11.00
2526,3934.85,1.605,-401.103,32.598,-272.094,32.598,-0.92,726.4,53.43,192.3,1.95,16.15,18.10
2527,3936.46,1.601,-401.218,32.586,-273.692,32.586,-0.75,740.9,53.35,192.1,2.00,15.10,17.10
2528,3938.05,1.599,-401.329,32.575,-275.287,32.575,-0.70,748.3,53.27,191.8,2.05,13.60,15.65
2529,3939.65,1.597,-401.437,32.563,-276.880,32.563,-0.77,728.7,53.19,191.5,2.10,12.15,14.25
2530,3941.25,1.593,-401.542,32.549,-278.470,32.549,-0.83,697.4,53.07,191.0,2.15,10.75,12.90
2531,3942.84,1.590,-401.643,32.536,-280.057,32.536,-0.81,655.1,52.96,190.7,2.20,9.20,11.40
2532,3944.42,1.587,-401.739,32.525,-281.641,32.525,-0.75,615.4,52.85,190.3,2.25,8.75,11.00
2533,3946.01,1.584,-401.832,32.514,-283.222,32.514,-0.69,578.6,52.72,189.8,2.35,8.70,11.05
2534,3947.59,1.580,-401.920,32.506,-284.800,32.506,-0.51,556.1,52.64,189.5,2.40,8.65,11.05
2535,3949.17,1.578,-402.003,32.500,-286.375,32.500,-0.37,541.3,52.54,189.1,2.45,8.55,11.00
2536,3950.74,1.575,-402.082,32.496,-287.948,32.496,-0.25,534.2,52.45,188.8,2.55,8.50,11.05
2537,3952.31,1.572,-402.155,32.492,-289.518,32.492,-0.21,528.6,52.35,188.5,2.65,8.40,11.05
2538,3953.88,1.569,-402.224,32.490,-291.086,32.490,-0.18,523.3,52.26,188.1,2.70,8.35,11.05
2539,3955.45,1.566,-402.288,32.487,-292.651,32.487,-0.20,510.0,52.17,187.8,2.80,8.25,11.05
2540,3957.01,1.564,-402.347,32.482,-294.213,32.482,-0.28,487.1,52.08,187.5,2.90,8.15,11.05
2541,3958.57,1.561,-402.402,32.476,-295.773,32.476,-0.40,456.3,51.98,187.1,3.00,8.05,11.05
2542,3960.13,1.558,-402.452,32.468,-297.330,32.468,-0.54,421.6,51.89,186.8,3.10,7.95,11.05
2543,3961.69,1.555,-402.496,32.457,-298.884,32.457,-0.66,388.6,51.78,186.4,3.20,7.85,11.05
2544,3963.24,1.552,-402.533,32.446,-300.435,32.446,-0.71,360.6,51.66,186.0,3.30,7.75,11.05
2545,3964.79,1.548,-402.564,32.435,-301.983,32.435,-0.74,339.0,51.56,185.6,3.45,7.60,11.05
2546,3966.33,1.545,-402.587,32.423,-303.527,32.423,-0.76,321.3,51.45,185.2,3.55,7.50,11.05
2547,3967.88,1.542,-402.603,32.411,-305.069,32.411,-0.79,307.2,51.35,184.9,3.70,7.35,11.05
2548,3969.41,1.539,-402.611,32.398,-306.608,32.398,-0.84,293.8,51.25,184.5,3.85,7.25,11.10
2549,3970.95,1.536,-402.612,32.384,-308.144,32.384,-0.88,281.6,51.14,184.1,4.00,7.10,11.10
2550,3972.48,1.532,-402.604,32.370,-309.676,32.370,-0.92,269.7,51.03,183.7,4.15,6.95,11.10
2551,3974.01,1.529,-402.587,32.356,-311.205,32.356,-0.93,259.0,50.91,183.3,4.35,6.75,11.10
2552,3975.54,1.526,-402.562,32.342,-312.730,32.342,-0.93,249.5,50.81,182.9,4.50,6.60,11.10
2553,3977.06,1.522,-402.527,32.328,-314.252,32.328,-0.91,241.4,50.69,182.5,4.70,6.45,11.15
2554,3978.58,1.519,-402.483,32.315,-315.770,32.315,-0.88,234.0,50.56,182.0,4.85,6.25,11.10
2555,3980.10,1.515,-402.429,32.302,-317.284,32.302,-0.86,229.4,50.47,181.7,5.05,6.05,11.10
2556,3981.61,1.512,-402.365,32.289,-318.794,32.289,-0.85,226.9,50.34,181.2,6.15,5.95,12.10
2557,3983.12,1.508,-402.291,32.277,-320.301,32.277,-0.81,225.2,50.21,180.8,7.35,5.90,13.25
2558,3984.62,1.505,-402.207,32.266,-321.803,32.266,-0.72,226.7,50.12,180.4,8.50,5.75,14.25
2559,3986.12,1.501,-402.112,32.256,-323.301,32.256,-0.68,229.3,49.99,180.0,9.20,5.70,14.90
2560,3987.77,1.648,-401.996,32.246,-324.945,32.246,-0.59,230.5,49.87,179.5,9.95,5.70,15.65
2561,3989.42,1.644,-401.868,32.237,-326.584,32.237,-0.56,231.8,49.75,179.1,10.50,5.65,16.15
2562,3991.06,1.640,-401.728,32.228,-328.217,32.228,-0.54,234.3,49.63,178.7,6.70,5.40,12.10
2563,3992.69,1.636,-401.578,32.219,-329.846,32.219,-0.53,236.4,49.51,178.2,7.00,5.15,12.15
2564,3994.32,1.632,-401.417,32.211,-331.470,32.211,-0.49,239.6,49.40,177.8,7.30,4.95,12.25
2565,3995.95,1.628,-401.245,32.203,-333.088,32.203,-0.49,243.5,49.27,177.4,7.55,4.70,12.25
2566,3997.58,1.624,-401.062,32.196,-334.702,32.196,-0.45,247.3,49.16,177.0,7.85,4.50,12.35
2567,3999.20,1.620,-400.870,32.189,-336.311,32.189,-0.43,251.7,49.06,176.6,8.10,4.30,12.40
2568,4000.81,1.617,-400.668,32.181,-337.915,32.181,-0.47,254.9,48.94,176.2,8.35,4.10,12.45
2569,4002.43,1.613,-400.457,32.174,-339.514,32.174,-0.45,259.3,48.82,175.8,8.60,3.90,12.50
2570,4004.04,1.608,-400.236,32.168,-341.107,32.168,-0.37,265.6,48.68,175.2,8.85,3.75,12.60
2571,4005.64,1.605,-400.005,32.165,-342.695,32.165,-0.19,274.1,48.58,174.9,9.05,3.60,12.65
2572,4007.24,1.602,-399.766,32.163,-344.279,32.163,-0.11,282.5,48.48,174.5,9.25,3.45,12.70
2573,4008.84,1.598,-399.518,32.163,-345.857,32.163,-0.05,292.6,48.39,174.2,9.45,3.30,12.75
2574,4010.44,1.595,-399.263,32.162,-347.432,32.162,-0.03,302.0,48.27,173.8,9.65,3.20,12.85
2575,4012.03,1.591,-399.000,32.163,-349.001,32.163,0.06,311.2,48.16,173.4,9.80,3.10,12.90
2576,4013.61,1.587,-398.730,32.166,-350.565,32.166,0.19,320.2,48.05,173.0,9.95,3.00,12.95
2577,4015.20,1.584,-398.452,32.171,-352.124,32.171,0.32,327.6,47.95,172.6,10.15,2.90,13.05
2578,4016.78,1.581,-398.168,32.177,-353.679,32.177,0.40,333.0,47.87,172.3,10.25,2.80,13.05
2579,4018.36,1.578,-397.877,32.183,-355.230,32.183,0.36,333.6,47.76,171.9,10.35,2.75,13.10
2580,4019.93,1.574,-397.580,32.189,-356.776,32.189,0.39,330.8,47.67,171.6,10.50,2.70,13.20
2581,4021.50,1.571,-397.277,32.196,-358.317,32.196,0.41,325.5,47.54,171.1,10.60,2.65,13.25
2582,4023.07,1.567,-396.967,32.204,-359.854,32.204,0.53,320.3,47.45,170.8,10.65,2.60,13.25
2583,4024.64,1.564,-396.649,32.214,-361.385,32.214,0.62,316.1,47.35,170.5,10.75,2.60,13.35
2584,4026.20,1.561,-396.325,32.224,-362.912,32.224,0.69,313.7,47.25,170.1,10.85,2.55,13.40
2585,4027.76,1.557,-395.994,32.236,-364.433,32.236,0.76,311.3,47.14,169.7,10.90,2.50,13.40
2586,4029.31,1.554,-395.656,32.249,-365.950,32.249,0.81,307.5,47.05,169.4,10.95,2.50,13.45
2587,4030.86,1.550,-395.312,32.262,-367.462,32.262,0.86,302.7,46.94,169.0,11.00,2.45,13.45
2588,4032.41,1.548,-394.960,32.276,-368.969,32.276,0.89,295.2,46.85,168.6,11.05,2.45,13.50
2589,4033.95,1.544,-394.602,32.290,-370.471,32.290,0.92,287.1,46.75,168.3,11.05,2.45,13.50
2590,4035.49,1.541,-394.237,32.305,-371.968,32.305,0.97,280.2,46.64,167.9,11.05,2.45,13.50
2591,4037.03,1.537,-393.864,32.321,-373.459,32.321,1.05,275.6,46.54,167.5,11.00,2.45,13.45
2592,4038.57,1.534,-393.483,32.339,-374.945,32.339,1.14,273.3,46.44,167.2,10.95,2.50,13.45
2593,4040.10,1.530,-393.095,32.358,-376.425,32.358,1.24,273.3,46.34,166.8,10.90,2.55,13.45
2594,4041.63,1.529,-392.699,32.378,-377.901,32.378,1.33,274.9,46.32,166.8,10.85,2.60,13.45
2595,4043.16,1.529,-392.294,32.399,-379.376,32.399,1.38,275.9,46.37,166.9,10.80,2.65,13.45
2596,4044.69,1.532,-391.881,32.420,-380.851,32.420,1.38,275.7,46.47,167.3,10.70,2.75,13.45
2597,4046.22,1.535,-391.459,32.442,-382.327,32.442,1.40,272.1,46.58,167.7,10.60,2.85,13.45
2598,4047.76,1.539,-391.027,32.464,-383.804,32.464,1.44,267.9,46.69,168.1,10.50,2.95,13.45
2599,4049.31,1.543,-390.586,32.486,-385.283,32.486,1.46,262.4,46.81,168.5,10.40,3.05,13.45
2600,4050.85,1.546,-390.135,32.510,-386.762,32.510,1.50,257.9,46.91,168.9,10.30,3.15,13.45
2601,4052.40,1.550,-389.674,32.533,-388.242,32.533,1.51,254.0,47.03,169.3,10.20,3.25,13.45
2602,4053.96,1.554,-389.203,32.558,-389.722,32.558,1.60,253.2,47.13,169.7,10.10,3.35,13.45
2603,4055.52,1.558,-388.721,32.583,-391.203,32.583,1.65,253.1,47.25,170.1,10.00,3.50,13.50
2604,4057.08,1.561,-388.229,32.611,-392.684,32.611,1.74,256.2,47.35,170.4,9.90,3.60,13.50
2605,4058.64,1.565,-387.726,32.638,-394.165,32.638,1.78,260.6,47.46,170.9,9.75,3.75,13.50
2606,4060.21,1.568,-387.214,32.668,-395.647,32.668,1.86,268.6,47.56,171.2,9.65,3.85,13.50
2607,4061.78,1.572,-386.691,32.698,-397.129,32.698,1.92,277.3,47.68,171.6,9.50,4.00,13.50
2608,4063.36,1.575,-386.158,32.729,-398.611,32.729,2.00,288.5,47.79,172.0,9.35,4.15,13.50
2609,4064.94,1.579,-385.616,32.761,-400.093,32.761,2.04,298.8,47.90,172.4,9.20,4.35,13.55
2610,4066.52,1.583,-385.065,32.794,-401.577,32.794,2.05,311.2,48.00,172.8,9.05,4.50,13.55
2611,4068.11,1.586,-384.506,32.825,-403.060,32.825,1.98,321.4,48.10,173.2,8.85,4.70,13.55
2612,4069.70,1.589,-383.938,32.857,-404.544,32.857,2.01,333.2,48.22,173.6,8.65,4.90,13.55
2613,4071.29,1.594,-383.361,32.889,-406.029,32.889,2.02,344.4,48.34,174.0,8.45,5.10,13.55
2614,4072.89,1.597,-382.775,32.923,-407.515,32.923,2.07,357.0,48.45,174.4,8.30,5.30,13.60
2615,4074.49,1.601,-382.182,32.954,-409.002,32.954,1.99,366.1,48.56,174.8,8.10,5.45,13.55
2616,4076.09,1.604,-381.581,32.986,-410.489,32.986,1.95,376.6,48.65,175.2,7.90,5.65,13.55
2617,4077.70,1.608,-380.973,33.016,-411.977,33.016,1.91,385.4,48.79,175.6,7.70,5.85,13.55
2618,4079.32,1.612,-380.357,33.048,-413.466,33.048,1.95,397.2,48.90,176.1,7.50,5.30,12.80
2619,4080.93,1.616,-379.733,33.080,-414.956,33.080,1.99,411.0,49.02,176.5,7.30,5.50,12.80
2620,4082.55,1.619,-379.101,33.113,-416.447,33.113,2.02,431.4,49.12,176.8,7.10,5.70,12.80
2621,4084.18,1.623,-378.462,33.145,-417.939,33.145,1.98,453.7,49.25,177.3,6.95,5.85,12.80
2622,4085.80,1.627,-377.817,33.177,-419.432,33.177,2.00,480.9,49.36,177.7,6.75,6.05,12.80
2623,4087.43,1.631,-377.165,33.210,-420.926,33.210,1.99,506.8,49.47,178.1,6.55,6.20,12.75
2624,4089.07,1.635,-376.506,33.242,-422.422,33.242,1.98,525.1,49.59,178.5,6.40,6.40,12.80
2625,4090.71,1.638,-375.842,33.274,-423.919,33.274,1.93,537.4,49.70,178.9,6.20,6.55,12.75
2626,4092.35,1.642,-375.171,33.305,-425.418,33.305,1.88,545.8,49.80,179.3,6.05,6.70,12.75
2627,4094.00,1.646,-374.495,33.335,-426.918,33.335,1.83,546.8,49.92,179.7,5.90,6.85,12.75
2628,4095.65,1.650,-373.814,33.365,-428.420,33.365,1.81,543.8,50.05,180.2,5.75,7.05,12.80
2629,4097.15,1.503,-373.188,33.392,-429.787,33.392,1.82,548.0,50.15,180.6,5.60,7.15,12.75
2630,4098.66,1.506,-372.558,33.419,-431.154,33.419,1.79,547.8,50.26,180.9,5.45,7.30,12.75
2631,4100.17,1.509,-371.923,33.446,-432.523,33.446,1.78,544.0,50.35,181.2,5.30,7.45,12.75
2632,4101.68,1.512,-371.283,33.472,-433.893,33.472,1.75,540.0,50.46,181.6,5.15,7.55,12.70
2633,4103.19,1.516,-370.638,33.499,-435.264,33.499,1.75,534.0,50.56,182.0,5.05,7.70,12.75
2634,4104.71,1.518,-369.988,33.526,-436.636,33.526,1.80,529.5,50.66,182.4,4.90,7.85,12.75
2635,4106.24,1.522,-369.332,33.554,-438.009,33.554,1.83,528.5,50.77,182.8,4.75,7.95,12.70
2636,4107.76,1.525,-368.671,33.583,-439.382,33.583,1.90,534.8,50.87,183.1,4.65,8.10,12.75
2637,4109.29,1.528,-368.004,33.612,-440.757,33.612,1.92,541.9,50.98,183.5,4.55,8.20,12.75
2638,4110.82,1.531,-367.332,33.642,-442.132,33.642,1.95,550.8,51.05,183.8,4.40,8.30,12.70
2639,4112.35,1.533,-366.656,33.671,-443.508,33.671,1.90,548.3,51.18,184.2,4.30,8.40,12.70
2640,4113.89,1.537,-365.974,33.701,-444.884,33.701,1.91,546.3,51.26,184.5,4.20,8.55,12.75
2641,4115.43,1.539,-365.287,33.730,-446.262,33.730,1.89,536.8,51.34,184.8,4.10,8.65,12.75
2642,4116.97,1.542,-364.595,33.758,-447.640,33.758,1.87,529.4,51.47,185.3,4.00,8.75,12.75
2643,4118.52,1.546,-363.897,33.789,-449.019,33.789,1.95,525.3,51.57,185.7,3.90,8.85,12.75
2644,4120.07,1.549,-363.194,33.820,-450.398,33.820,2.05,532.9,51.67,186.0,3.80,8.90,12.70
2645,4121.62,1.552,-362.485,33.853,-451.778,33.853,2.09,543.3,51.78,186.4,3.70,9.00,12.70
2646,4123.18,1.555,-361.770,33.886,-453.159,33.886,2.14,560.9,51.87,186.7,3.60,9.10,12.70
2647,4124.73,1.558,-361.051,33.920,-454.540,33.920,2.16,579.2,51.97,187.1,3.55,9.15,12.70
2648,4126.30,1.561,-360.326,33.953,-455.922,33.953,2.17,595.5,52.08,187.5,3.45,9.25,12.70
2649,4127.86,1.564,-359.596,33.987,-457.305,33.987,2.16,604.1,52.17,187.8,3.40,9.30,12.70
2650,4129.43,1.566,-358.862,34.021,-458.688,34.021,2.13,604.9,52.25,188.1,3.30,9.35,12.65
2651,4131.00,1.569,-358.123,34.053,-460.072,34.053,2.09,597.8,52.36,188.5,3.25,9.40,12.65
2652,4132.57,1.573,-357.379,34.087,-461.457,34.087,2.11,589.2,52.47,188.9,3.20,9.50,12.70
2653,4134.15,1.576,-356.629,34.120,-462.842,34.120,2.14,582.4,52.56,189.2,3.15,9.55,12.70
2654,4135.72,1.578,-355.875,34.154,-464.228,34.154,2.15,575.8,52.65,189.5,3.10,9.60,12.70
2655,4137.31,1.581,-355.115,34.189,-465.615,34.189,2.20,573.1,52.76,189.9,3.05,9.65,12.70
2656,4138.89,1.585,-354.349,34.225,-467.001,34.225,2.26,575.7,52.86,190.3,3.00,9.70,12.70
2657,4140.48,1.587,-353.579,34.261,-468.389,34.261,2.30,581.2,52.95,190.6,2.95,9.70,12.65
2658,4142.07,1.590,-352.803,34.298,-469.776,34.298,2.30,587.5,53.05,191.0,2.90,9.75,12.65
2659,4143.66,1.593,-352.022,34.335,-471.164,34.335,2.33,597.5,53.13,191.3,2.90,9.80,12.70
2660,4145.26,1.596,-351.236,34.372,-472.552,34.372,2.35,603.7,53.24,191.7,2.85,9.80,12.65
2661,4146.86,1.599,-350.445,34.410,-473.941,34.410,2.38,606.2,53.35,192.0,2.80,9.85,12.65
2662,4148.46,1.602,-349.648,34.448,-475.331,34.448,2.36,599.1,53.43,192.3,2.80,9.85,12.65
2663,4150.06,1.603,-348.848,34.484,-476.720,34.484,2.26,583.8,53.48,192.5,2.80,9.85,12.65
2664,4151.67,1.606,-348.043,34.520,-478.109,34.520,2.19,561.5,53.61,193.0,2.75,9.90,12.65
2665,4153.28,1.610,-347.231,34.555,-479.499,34.555,2.24,546.7,53.71,193.4,2.75,9.90,12.65
2666,4154.90,1.613,-346.414,34.593,-480.889,34.593,2.30,535.4,53.79,193.7,2.75,9.90,12.65
2667,4156.51,1.615,-345.591,34.631,-482.278,34.631,2.36,533.7,53.88,194.0,2.75,9.90,12.65
2668,4158.13,1.618,-344.762,34.670,-483.667,34.670,2.43,535.4,53.98,194.3,2.75,9.90,12.65
2669,4159.75,1.621,-343.928,34.711,-485.056,34.711,2.51,541.8,54.06,194.6,2.75,9.90,12.65
2670,4161.37,1.624,-343.088,34.752,-486.445,34.752,2.52,546.1,54.16,195.0,2.80,9.85,12.65
2671,4163.00,1.626,-342.243,34.792,-487.833,34.792,2.52,549.1,54.22,195.2,2.80,9.85,12.65
2672,4164.63,1.629,-341.393,34.832,-489.222,34.832,2.45,548.5,54.33,195.6,2.85,9.80,12.65
2673,4166.26,1.632,-340.536,34.873,-490.610,34.873,2.49,554.1,54.44,196.0,2.85,9.80,12.65
2674,4167.90,1.635,-339.673,34.914,-491.998,34.914,2.53,562.6,54.53,196.3,2.90,9.75,12.65
2675,4169.53,1.637,-338.806,34.956,-493.385,34.956,2.52,569.9,54.60,196.6,2.95,9.70,12.65
2676,4171.17,1.640,-337.933,34.996,-494.773,34.996,2.47,576.7,54.69,196.9,3.00,9.65,12.65
2677,4172.82,1.643,-337.054,35.036,-496.160,35.036,2.43,581.8,54.79,197.3,3.05,9.60,12.65
2678,4174.46,1.645,-336.171,35.076,-497.548,35.076,2.41,582.9,54.88,197.6,3.15,9.55,12.70
2679,4176.11,1.648,-335.282,35.116,-498.935,35.116,2.43,586.9,54.98,197.9,3.20,9.45,12.65
2680,4177.76,1.651,-334.387,35.156,-500.322,35.156,2.43,598.0,55.07,198.2,3.25,9.40,12.65
2681,4179.42,1.653,-333.487,35.197,-501.708,35.197,2.47,605.7,55.16,198.6,3.25,9.30,12.55
2682,4181.07,1.657,-332.581,35.239,-503.094,35.239,2.53,625.0,55.27,199.0,3.15,9.20,12.35
2683,4182.73,1.660,-331.670,35.282,-504.481,35.282,2.59,652.4,55.35,199.3,3.05,9.15,12.20
2684,4184.40,1.661,-330.755,35.325,-505.866,35.325,2.59,683.6,55.39,199.4,3.00,9.05,12.05
2685,4186.06,1.664,-329.835,35.367,-507.253,35.367,2.54,712.3,55.53,199.9,2.90,8.95,11.85
2686,4187.56,1.501,-329.003,35.407,-508.501,35.407,2.65,767.1,55.62,200.2,2.85,8.85,11.70
2687,4189.06,1.503,-328.167,35.447,-509.749,35.447,2.67,816.9,55.70,200.5,2.75,8.75,11.50
2688,4190.57,1.505,-327.328,35.487,-510.998,35.487,2.68,872.8,55.75,200.7,2.70,8.65,11.35
2689,4192.08,1.507,-326.486,35.527,-512.246,35.527,2.63,927.6,55.85,201.0,2.65,8.55,11.20
2690,4193.59,1.509,-325.641,35.568,-513.496,35.568,2.71,1014.1,55.94,201.4,2.55,8.45,11.00
2691,4195.10,1.512,-324.792,35.610,-514.746,35.610,2.81,1113.4,56.04,201.7,2.50,8.35,10.85
2692,4196.61,1.514,-323.940,35.655,-515.996,35.655,2.97,1286.6,56.09,201.9,2.65,8.25,10.90
2693,4198.13,1.516,-323.085,35.701,-517.247,35.701,3.04,1545.7,56.18,202.3,2.75,8.10,10.85
2694,4199.65,1.518,-322.228,35.749,-518.499,35.749,3.18,2000.0,56.24,202.5,2.85,8.00,10.85
2695,4201.17,1.520,-321.368,35.798,-519.752,35.798,3.22,2000.0,56.35,202.9,2.95,7.90,10.85
2696,4202.69,1.523,-320.507,35.848,-521.007,35.848,3.30,2000.0,56.43,203.2,3.10,7.80,10.90
2697,4204.22,1.525,-319.644,35.899,-522.263,35.899,3.31,2000.0,56.51,203.4,3.20,7.65,10.85
2698,4205.75,1.527,-318.780,35.950,-523.521,35.950,3.34,2000.0,56.59,203.7,3.30,7.55,10.85
2699,4207.28,1.529,-317.915,36.001,-524.781,36.001,3.33,2000.0,56.68,204.1,3.45,7.45,10.90
2700,4208.81,1.531,-317.049,36.051,-526.043,36.051,3.30,2000.0,56.74,204.3,3.55,7.30,10.85
2701,4210.34,1.533,-316.182,36.101,-527.307,36.101,3.26,2000.0,56.82,204.5,3.65,7.20,10.85
2702,4211.88,1.536,-315.315,36.152,-528.573,36.152,3.29,2000.0,56.91,204.9,3.75,7.10,10.85
2703,4213.42,1.538,-314.447,36.203,-529.841,36.203,3.36,2000.0,57.00,205.2,3.90,7.00,10.90
2704,4214.96,1.540,-313.580,36.257,-531.113,36.257,3.46,1870.0,57.07,205.4,4.00,6.85,10.85
2705,4216.50,1.542,-312.712,36.311,-532.386,36.311,3.54,1746.2,57.16,205.8,4.10,6.75,10.85
2706,4218.04,1.544,-311.844,36.367,-533.662,36.367,3.60,1666.9,57.24,206.0,4.20,6.65,10.85
2707,4219.59,1.546,-310.976,36.423,-534.941,36.423,3.62,1595.6,57.30,206.3,4.30,6.55,10.85
2708,4221.14,1.548,-310.109,36.479,-536.221,36.479,3.61,1536.0,57.37,206.5,4.40,6.45,10.85
2709,4222.69,1.551,-309.241,36.535,-537.505,36.535,3.64,1484.6,57.47,206.9,4.50,6.35,10.85
2710,4224.24,1.552,-308.374,36.593,-538.792,36.593,3.72,1454.2,57.52,207.1,4.60,6.25,10.85
2711,4225.80,1.554,-307.507,36.650,-540.080,36.650,3.71,1416.2,57.60,207.4,4.70,6.15,10.85
2712,4227.35,1.556,-306.640,36.709,-541.371,36.709,3.78,1416.0,57.66,207.6,4.75,6.05,10.80
2713,4228.91,1.558,-305.774,36.768,-542.665,36.768,3.80,1430.0,57.76,207.9,4.85,6.00,10.85
2714,4230.47,1.560,-304.908,36.829,-543.962,36.829,3.91,1478.6,57.82,208.2,4.95,5.90,10.85
2715,4232.04,1.563,-304.042,36.891,-545.261,36.891,3.99,1548.6,57.91,208.5,5.00,5.80,10.80
2716,4233.60,1.565,-303.177,36.956,-546.563,36.956,4.12,1672.4,57.98,208.7,5.10,5.70,10.80
2717,4235.17,1.567,-302.312,37.022,-547.868,37.022,4.21,1807.3,58.06,209.0,5.20,5.65,10.85
2718,4236.74,1.569,-301.447,37.088,-549.174,37.088,4.26,1963.1,58.14,209.3,5.25,5.55,10.80
2719,4238.31,1.571,-300.582,37.156,-550.483,37.156,4.29,2000.0,58.20,209.5,5.35,5.50,10.85
2720,4239.88,1.573,-299.716,37.223,-551.795,37.223,4.31,2000.0,58.27,209.8,5.40,5.40,10.80
2721,4241.46,1.575,-298.850,37.292,-553.108,37.292,4.33,2000.0,58.35,210.1,5.50,5.30,10.80
2722,4243.04,1.577,-297.985,37.361,-554.424,37.361,4.39,2000.0,58.43,210.3,5.55,5.25,10.80
2723,4244.61,1.579,-297.119,37.431,-555.742,37.431,4.45,2000.0,58.50,210.6,5.65,5.15,10.80
2724,4246.20,1.581,-296.252,37.501,-557.062,37.501,4.43,2000.0,58.58,210.9,5.75,5.10,10.85
2725,4247.78,1.582,-295.386,37.571,-558.384,37.571,4.40,2000.0,58.60,211.0,5.80,5.00,10.80
2726,4249.36,1.583,-294.519,37.639,-559.708,37.639,4.31,2000.0,58.68,211.3,5.90,4.95,10.85
2727,4250.95,1.586,-293.652,37.707,-561.034,37.707,4.29,2000.0,58.77,211.6,5.95,4.85,10.80
2728,4252.54,1.587,-292.785,37.776,-562.362,37.776,4.34,2000.0,58.82,211.8,6.05,4.75,10.80
2729,4254.13,1.590,-291.918,37.845,-563.692,37.845,4.35,2000.0,58.92,212.1,6.10,4.70,10.80
2730,4255.72,1.592,-291.050,37.915,-565.025,37.915,4.43,1992.7,59.00,212.4,6.20,4.60,10.80
2731,4257.31,1.594,-290.183,37.987,-566.361,37.987,4.51,1931.5,59.07,212.7,6.25,4.55,10.80
2732,4258.91,1.596,-289.316,38.060,-567.699,38.060,4.56,1880.0,59.15,212.9,6.35,4.45,10.80
2733,4260.51,1.598,-288.448,38.133,-569.039,38.133,4.60,1818.2,59.22,213.2,6.40,4.40,10.80
2734,4262.11,1.600,-287.581,38.207,-570.382,38.207,4.63,1763.2,59.29,213.4,6.50,4.30,10.80
2735,4263.71,1.602,-286.714,38.282,-571.726,38.282,4.65,1715.4,59.35,213.7,6.55,4.25,10.80
2736,4265.32,1.604,-285.847,38.357,-573.074,38.357,4.69,1646.5,59.44,214.0,6.60,4.20,10.80
2737,4266.92,1.606,-284.981,38.433,-574.423,38.433,4.74,1591.4,59.49,214.2,6.70,4.10,10.80
2738,4268.53,1.607,-284.115,38.509,-575.775,38.509,4.72,1531.5,59.57,214.5,6.75,4.05,10.80
2739,4270.14,1.609,-283.250,38.584,-577.130,38.584,4.73,1479.5,59.62,214.6,6.80,4.00,10.80
2740,4271.75,1.611,-282.384,38.661,-578.487,38.661,4.74,1424.8,59.71,215.0,6.85,3.90,10.75
2741,4273.37,1.613,-281.520,38.738,-579.847,38.738,4.79,1389.5,59.78,215.2,6.95,3.85,10.80
2742,4274.98,1.615,-280.656,38.815,-581.209,38.815,4.80,1349.9,59.84,215.4,18.20,3.80,22.00
2743,4276.60,1.616,-279.793,38.893,-582.573,38.893,4.81,1321.2,59.89,215.6,14.90,3.75,18.65
2744,4278.22,1.618,-278.930,38.971,-583.940,38.971,4.80,1290.2,59.98,215.9,11.50,3.70,15.20
2745,4279.84,1.621,-278.068,39.049,-585.311,39.049,4.84,1276.9,60.05,216.2,8.05,3.60,11.65
2746,4281.46,1.622,-277.207,39.128,-586.683,39.128,4.86,1265.4,60.10,216.4,7.20,3.55,10.75
2747,4283.08,1.624,-276.347,39.207,-588.058,39.207,4.87,1268.2,60.17,216.6,7.25,3.50,10.75
2748,4284.71,1.626,-275.488,39.287,-589.436,39.287,4.92,1290.6,60.25,216.9,7.30,3.45,10.75
2749,4286.34,1.627,-274.630,39.368,-590.816,39.368,4.99,1339.1,60.30,217.1,7.35,3.40,10.75
2750,4287.97,1.629,-273.772,39.450,-592.199,39.450,5.03,1399.2,60.38,217.4,7.40,3.35,10.75
2751,4289.60,1.631,-272.915,39.532,-593.585,39.532,5.07,1477.4,60.46,217.6,7.45,3.35,10.80
2752,4291.23,1.633,-272.059,39.616,-594.973,39.616,5.11,1578.5,60.51,217.8,7.50,3.30,10.80
2753,4292.87,1.635,-271.203,39.699,-596.363,39.699,5.10,1696.3,60.58,218.1,7.50,3.25,10.75
2754,4294.51,1.637,-270.348,39.783,-597.756,39.783,5.14,1821.5,60.65,218.3,7.55,3.25,10.80
2755,4296.15,1.639,-269.493,39.868,-599.151,39.868,5.19,1982.9,60.72,218.6,7.55,3.20,10.75
2756,4297.79,1.640,-268.638,39.953,-600.548,39.953,5.23,2000.0,60.79,218.8,7.60,3.35,10.95
2757,4299.43,1.642,-267.784,40.040,-601.948,40.040,5.27,2000.0,60.84,219.0,7.60,4.25,11.85
2758,4301.07,1.644,-266.929,40.126,-603.349,40.126,5.26,2000.0,60.91,219.3,7.65,5.40,13.05
2759,4302.72,1.645,-266.074,40.214,-604.753,40.214,5.31,2000.0,60.96,219.4,7.65,7.00,14.65
2760,4304.37,1.647,-265.220,40.301,-606.158,40.301,5.29,2000.0,61.05,219.8,7.65,26.10,33.75
2761,4306.02,1.649,-264.364,40.388,-607.565,40.388,5.29,2000.0,61.10,219.9,7.70,29.15,36.85
2762,4307.67,1.651,-263.509,40.474,-608.974,40.474,5.24,2000.0,61.16,220.2,7.70,32.25,39.95
2763,4309.32,1.652,-262.652,40.560,-610.384,40.560,5.22,2000.0,61.22,220.4,7.70,35.30,43.00
2764,4310.97,1.654,-261.795,40.647,-611.796,40.647,5.24,2000.0,61.30,220.7,7.75,30.30,38.05
2765,4312.63,1.656,-260.938,40.734,-613.211,40.734,5.29,2000.0,61.37,220.9,7.75,23.00,30.75
2766,4314.29,1.658,-260.079,40.822,-614.626,40.822,5.33,2000.0,61.42,221.1,7.75,15.65,23.40
2767,4315.95,1.659,-259.220,40.911,-616.043,40.911,5.34,2000.0,61.49,221.4,7.80,9.45,17.25
2768,4317.61,1.661,-258.360,41.001,-617.461,41.001,5.43,2000.0,61.56,221.6,7.80,7.30,15.10
2769,4319.27,1.663,-257.499,41.092,-618.882,41.092,5.50,2000.0,61.64,221.9,7.80,6.60,14.40
2770,4320.94,1.665,-256.637,41.185,-620.303,41.185,5.59,2000.0,61.68,222.0,7.85,5.90,13.75
2771,4322.61,1.666,-255.775,41.279,-621.726,41.279,5.65,2000.0,61.75,222.3,7.85,5.25,13.10
2772,4324.28,1.669,-254.911,41.375,-623.150,41.375,5.77,2000.0,61.83,222.6,7.90,4.65,12.55
2773,4325.95,1.670,-254.047,41.473,-624.576,41.473,5.85,2000.0,61.89,222.8,7.90,4.10,12.00
2774,4327.62,1.672,-253.181,41.570,-626.003,41.570,5.84,2000.0,61.94,223.0,7.95,3.55,11.50
2775,4329.29,1.673,-252.315,41.667,-627.431,41.667,5.79,2000.0,61.99,223.2,7.95,3.05,11.00
2776,4330.97,1.674,-251.449,41.763,-628.861,41.763,5.72,2000.0,62.04,223.4,8.00,2.65,10.65
2777,4332.64,1.676,-250.581,41.858,-630.292,41.858,5.69,2000.0,62.11,223.6,8.05,2.60,10.65
2778,4334.32,1.678,-249.713,41.954,-631.725,41.954,5.70,2000.0,62.17,223.8,8.05,2.60,10.65
2779,4336.00,1.679,-248.844,42.049,-633.159,42.049,5.71,2000.0,62.22,224.0,8.10,2.55,10.65
2780,4337.68,1.679,-247.976,42.146,-634.592,42.146,5.79,2000.0,62.13,223.7,8.10,2.50,10.60
2781,4339.36,1.674,-247.110,42.245,-636.021,42.245,5.92,2000.0,61.86,222.7,8.15,2.50,10.65
2782,4341.02,1.664,-246.250,42.346,-637.442,42.346,6.08,2000.0,61.48,221.3,8.20,2.45,10.65
2783,4342.68,1.654,-245.396,42.447,-638.855,42.447,6.11,2000.0,61.08,219.9,8.20,2.45,10.65
2784,4344.32,1.645,-244.546,42.547,-640.260,42.547,6.11,2000.0,60.76,218.7,8.25,2.45,10.70
2785,4345.96,1.634,-243.702,42.646,-641.656,42.646,6.06,2000.0,60.36,217.3,8.25,2.40,10.65
2786,4347.58,1.623,-242.864,42.744,-643.043,42.744,6.03,2000.0,59.95,215.8,8.30,2.40,10.70
2787,4349.19,1.611,-242.033,42.841,-644.420,42.841,6.04,2000.0,59.46,214.0,8.30,2.35,10.65
2788,4350.79,1.599,-241.208,42.938,-645.787,42.938,6.08,2000.0,59.04,212.5,8.35,2.35,10.70
2789,4352.38,1.587,-240.389,43.035,-647.143,43.035,6.11,2000.0,58.58,210.9,8.40,2.30,10.70
2790,4353.95,1.575,-239.577,43.132,-648.490,43.132,6.14,2000.0,58.15,209.4,8.40,2.30,10.70
2791,4355.52,1.563,-238.772,43.228,-649.826,43.228,6.16,2000.0,57.69,207.7,8.45,2.25,10.70
2792,4357.07,1.551,-237.972,43.324,-651.152,43.324,6.19,2000.0,57.27,206.2,8.45,2.25,10.70
2793,4358.61,1.540,-237.179,43.419,-652.468,43.419,6.21,2000.0,56.84,204.6,8.50,2.25,10.75
2794,4360.14,1.527,-236.393,43.514,-653.774,43.514,6.24,2000.0,56.34,202.8,8.50,2.20,10.70
2795,4361.65,1.515,-235.613,43.609,-655.069,43.609,6.29,2000.0,55.88,201.2,8.55,2.20,10.75
2796,4363.32,1.668,-234.755,43.715,-656.495,43.715,6.38,2000.0,55.41,199.5,8.55,2.15,10.70
2797,4364.98,1.654,-233.904,43.821,-657.909,43.821,6.39,2000.0,54.89,197.6,8.60,2.15,10.75
2798,4366.62,1.640,-233.061,43.926,-659.312,43.926,6.41,2000.0,54.48,196.1,8.60,2.15,10.75
2799,4368.24,1.626,-232.225,44.029,-660.703,44.029,6.38,2000.0,54.01,194.4,8.65,2.10,10.75
2800,4369.86,1.613,-231.396,44.132,-662.082,44.132,6.37,2000.0,53.52,192.7,8.65,2.10,10.75
2801,4371.45,1.598,-230.575,44.234,-663.449,44.234,6.39,2000.0,53.04,191.0,8.70,2.05,10.75
2802,4373.04,1.584,-229.761,44.335,-664.804,44.335,6.39,2000.0,52.61,189.4,8.70,2.05,10.75
2803,4374.61,1.571,-228.953,44.434,-666.149,44.434,6.35,2000.0,52.21,188.0,8.70,2.05,10.75
2804,4376.17,1.559,-228.153,44.532,-667.483,44.532,6.26,2000.0,51.73,186.2,8.75,2.00,10.75
2805,4377.71,1.545,-227.359,44.628,-668.805,44.628,6.27,2000.0,51.28,184.6,8.75,2.00,10.75
2806,4379.24,1.530,-226.574,44.724,-670.113,44.724,6.29,2000.0,50.71,182.6,8.80,2.00,10.80
2807,4380.76,1.514,-225.797,44.821,-671.409,44.821,6.38,2000.0,50.26,181.0,8.80,1.95,10.75
2808,4382.41,1.647,-224.951,44.927,-672.819,44.927,6.49,2000.0,49.68,178.8,8.80,1.95,10.75
2809,4384.04,1.630,-224.115,45.034,-674.213,45.034,6.55,2000.0,49.10,176.8,8.85,1.95,10.80
2810,4385.65,1.611,-223.289,45.141,-675.593,45.141,6.67,2000.0,48.61,175.0,8.85,1.90,10.75
2811,4387.24,1.594,-222.472,45.249,-676.957,45.249,6.75,2000.0,48.07,173.1,8.85,1.90,10.75
2812,4388.82,1.578,-221.663,45.356,-678.308,45.356,6.85,2000.0,47.59,171.3,8.85,1.90,10.75
2813,4390.38,1.562,-220.863,45.464,-679.645,45.464,6.92,2000.0,47.10,169.6,8.90,1.85,10.75
2814,4391.93,1.547,-220.070,45.572,-680.969,45.572,6.97,2000.0,46.70,168.1,8.90,1.85,10.75
2815,4393.46,1.532,-219.286,45.679,-682.280,45.679,6.98,2000.0,46.19,166.3,8.90,1.85,10.75
2816,4394.98,1.517,-218.509,45.784,-683.579,45.784,6.97,2000.0,45.75,164.7,8.90,1.80,10.70
2817,4396.62,1.636,-217.672,45.899,-684.980,45.899,7.02,2000.0,45.22,162.8,8.95,1.80,10.75
2818,4398.24,1.617,-216.846,46.013,-686.365,46.013,7.11,2000.0,44.63,160.7,8.95,1.80,10.75
2819,4399.83,1.598,-216.030,46.128,-687.734,46.128,7.17,2000.0,44.15,158.9,8.95,1.80,10.75
2820,4401.41,1.579,-215.224,46.241,-689.087,46.241,7.18,2000.0,43.66,157.2,8.95,1.75,10.70
2821,4402.98,1.562,-214.427,46.351,-690.426,46.351,7.11,2000.0,43.13,155.3,8.95,1.75,10.70
2822,4404.52,1.543,-213.641,46.460,-691.749,46.460,7.05,2000.0,42.59,153.3,8.95,1.75,10.70
2823,4406.04,1.522,-212.866,46.567,-693.055,46.567,7.09,2000.0,42.08,151.5,8.95,1.75,10.70
2824,4407.55,1.504,-212.101,46.673,-694.345,46.673,7.01,2000.0,41.48,149.3,8.95,1.75,10.70
2825,4409.15,1.606,-211.285,46.786,-695.724,46.786,7.10,2000.0,40.96,147.5,8.95,1.70,10.65
2826,4410.73,1.582,-210.482,46.898,-697.082,46.898,7.10,2000.0,40.22,144.8,8.95,1.70,10.65
2827,4412.29,1.558,-209.692,47.011,-698.420,47.011,7.23,2000.0,39.63,142.7,8.95,1.70,10.65
2828,4413.83,1.532,-208.917,47.123,-699.737,47.123,7.35,2000.0,39.02,140.5,8.95,1.70,10.65
2829,4415.33,1.509,-208.154,47.235,-701.033,47.235,7.42,2000.0,38.41,138.3,8.95,1.70,10.65
2830,4416.94,1.601,-207.345,47.353,-702.410,47.353,7.42,2000.0,37.85,136.3,8.95,1.70,10.65
2831,4418.51,1.577,-206.549,47.469,-703.767,47.469,7.35,2000.0,37.32,134.4,8.95,1.70,10.65
2832,4420.07,1.553,-205.766,47.582,-705.104,47.582,7.28,2000.0,36.71,132.2,8.95,1.70,10.65
2833,4421.60,1.531,-204.995,47.691,-706.422,47.691,7.15,2000.0,36.15,130.2,9.00,1.70,10.70
2834,4423.10,1.505,-204.237,47.799,-707.718,47.799,7.23,2000.0,35.62,128.2,9.00,1.70,10.70
2835,4424.69,1.586,-203.440,47.912,-709.084,47.912,7.12,2000.0,34.89,125.6,9.00,1.70,10.70
2836,4426.25,1.557,-202.657,48.024,-710.426,48.024,7.23,2000.0,34.31,123.5,9.00,1.70,10.70
2837,4427.78,1.526,-201.890,48.135,-711.741,48.135,7.32,2000.0,33.64,121.1,9.00,1.70,10.70
2838,4429.37,1.595,-201.090,48.252,-713.116,48.252,7.33,2000.0,32.90,118.4,9.00,1.70,10.70
2839,4430.93,1.562,-200.307,48.367,-714.462,48.367,7.35,2000.0,32.21,116.0,9.00,1.75,10.75
2840,4432.47,1.531,-199.540,48.478,-715.782,48.478,7.30,2000.0,31.60,113.7,9.00,1.75,10.75
2841,4434.06,1.591,-198.743,48.593,-717.155,48.593,7.22,2000.0,30.85,111.1,9.00,1.75,10.75
2842,4435.61,1.556,-197.965,48.703,-718.497,48.703,7.10,2000.0,30.14,108.5,9.00,1.75,10.75
2843,4437.13,1.516,-197.207,48.811,-719.806,48.811,7.17,2000.0,29.42,105.9,9.00,1.75,10.75
2844,4438.70,1.566,-196.425,48.923,-721.159,48.923,7.13,2000.0,28.63,103.1,9.00,1.75,10.75
2845,4440.22,1.524,-195.664,49.032,-722.475,49.032,7.18,2000.0,27.85,100.3,9.00,1.75,10.75
2846,4441.78,1.561,-194.886,49.144,-723.823,49.144,7.23,1831.2,26.97,97.1,9.00,1.80,10.80
2847,4443.29,1.510,-194.135,49.256,-725.129,49.256,7.42,1607.1,26.06,93.8,9.00,1.80,10.80
2848,4444.83,1.540,-193.370,49.371,-726.460,49.371,7.48,1421.7,25.27,91.0,9.00,1.80,10.80
2849,4446.40,1.565,-192.594,49.489,-727.814,49.489,7.55,1281.2,24.59,88.5,8.95,1.85,10.80
2850,4447.93,1.532,-191.836,49.597,-729.141,49.597,7.08,1161.2,24.04,86.5,8.95,1.85,10.80
2851,4449.51,1.574,-191.059,49.708,-730.506,49.708,7.05,1032.1,23.70,85.3,8.90,1.85,10.75
2852,4451.06,1.553,-190.294,49.814,-731.854,49.814,6.86,902.1,23.42,84.3,8.90,1.90,10.80
2853,4452.60,1.539,-189.538,49.923,-733.190,49.923,7.13,773.3,23.23,83.6,8.85,1.90,10.75
2854,4454.13,1.527,-188.790,50.034,-734.517,50.034,7.27,641.2,23.06,83.0,8.80,1.95,10.75
2855,4455.64,1.516,-188.050,50.144,-735.836,50.144,7.26,527.5,22.89,82.4,8.75,1.95,10.70
2856,4457.15,1.505,-187.320,50.252,-737.146,50.252,7.21,436.1,22.71,81.8,8.70,2.00,10.70
2857,4458.71,1.561,-186.567,50.367,-738.509,50.367,7.37,359.8,22.56,81.2,8.65,2.05,10.70
2858,4460.26,1.551,-185.823,50.476,-739.865,50.476,7.06,302.6,22.39,80.6,8.60,2.10,10.70
2859,4461.80,1.539,-185.093,50.582,-741.216,50.582,6.93,263.8,22.23,80.0,8.55,2.15,10.70
2860,4463.33,1.528,-184.375,50.687,-742.561,50.687,6.88,235.5,22.07,79.4,8.50,9.25,17.75
2861,4464.85,1.518,-183.671,50.791,-743.902,50.791,6.84,213.5,21.93,79.0,8.45,7.85,16.30
2862,4466.36,1.507,-182.982,50.893,-745.239,50.893,6.77,197.0,21.77,78.4,8.40,6.40,14.80
2863,4467.92,1.562,-182.280,51.003,-746.629,51.003,7.05,182.2,21.63,77.9,8.30,5.00,13.30
2864,4469.47,1.551,-181.593,51.107,-748.016,51.107,6.76,167.4,21.47,77.3,8.95,3.60,12.55
2865,4471.01,1.540,-180.922,51.208,-749.399,51.208,6.52,152.8,21.32,76.7,8.90,2.65,11.55
2866,4472.54,1.529,-180.271,51.306,-750.779,51.306,6.44,138.5,21.17,76.2,9.85,2.75,12.60
2867,4474.06,1.519,-179.638,51.402,-752.156,51.402,6.32,125.6,21.02,75.7,9.90,2.90,12.80
2868,4475.57,1.508,-179.025,51.493,-753.531,51.493,6.04,115.1,20.88,75.2,9.95,3.05,13.00
2869,4477.13,1.560,-178.410,51.582,-754.962,51.582,5.73,105.7,20.74,74.6,9.10,3.20,12.30
2870,4478.68,1.548,-177.821,51.667,-756.391,51.667,5.49,97.6,20.57,74.0,9.35,3.35,12.70
2871,4480.21,1.536,-177.261,51.755,-757.820,51.755,5.79,91.0,20.41,73.5,10.10,3.45,13.55
2872,4481.74,1.526,-176.730,51.844,-759.248,51.844,5.84,85.8,20.29,73.0,11.65,3.70,15.35
2873,4483.26,1.516,-176.223,51.922,-760.674,51.922,5.09,81.3,20.14,72.5,15.05,3.90,18.95
2874,4484.76,1.505,-175.744,51.988,-762.099,51.988,4.45,78.1,19.99,72.0,20.90,4.15,25.05
2875,4486.31,1.552,-175.283,52.060,-763.580,52.060,4.61,76.7,19.82,71.4,24.05,4.40,28.45
2876,4487.86,1.540,-174.862,52.142,-765.060,52.142,5.33,76.9,19.69,70.9,27.80,4.70,32.50
2877,4489.39,1.530,-174.473,52.225,-766.537,52.225,5.45,77.6,19.54,70.4,30.60,5.05,35.65
2878,4490.91,1.519,-174.114,52.304,-768.011,52.304,5.22,78.8,19.42,69.9,32.70,5.35,38.05
2879,4492.41,1.508,-173.783,52.376,-769.481,52.376,4.77,80.0,19.28,69.4,34.35,5.70,40.05
2880,4493.97,1.556,-173.470,52.443,-771.003,52.443,4.32,80.9,19.13,68.9,35.75,6.05,41.80
2881,4495.51,1.544,-173.190,52.508,-772.520,52.508,4.16,82.0,19.00,68.4,36.75,6.45,43.20
2882,4497.05,1.533,-172.943,52.571,-774.032,52.571,4.14,83.8,18.87,67.9,5.25,6.80,12.05
2883,4498.57,1.523,-172.725,52.634,-775.538,52.634,4.12,85.6,18.73,67.4,5.10,7.15,12.25
2884,4500.08,1.512,-172.535,52.697,-777.036,52.697,4.18,87.3,18.60,67.0,4.70,7.55,12.25
2885,4501.64,1.557,-172.365,52.766,-778.582,52.766,4.45,88.5,18.47,66.5,4.30,7.90,12.20
2886,4503.19,1.546,-172.221,52.840,-780.119,52.840,4.80,87.9,18.34,66.0,3.95,8.25,12.20
2887,4504.72,1.535,-172.103,52.914,-781.648,52.914,4.82,85.7,18.20,65.5,3.65,8.60,12.25
2888,4506.24,1.523,-172.014,52.993,-783.166,52.993,5.22,83.6,18.06,65.0,3.45,8.90,12.35
2889,4507.75,1.512,-171.954,53.077,-784.674,53.077,5.55,81.9,17.94,64.6,3.30,9.20,12.50
2890,4509.31,1.554,-171.920,53.159,-786.226,53.159,5.29,80.3,17.80,64.1,3.25,9.50,12.75
2891,4510.85,1.542,-171.917,53.244,-787.766,53.244,5.50,79.6,17.66,63.6,3.15,9.70,12.85
2892,4512.38,1.530,-171.946,53.334,-789.293,53.334,5.86,79.7,17.52,63.1,3.15,9.85,13.00
2893,4513.90,1.518,-172.004,53.427,-790.808,53.427,6.14,80.1,17.39,62.6,3.10,9.95,13.05
2894,4515.41,1.507,-172.087,53.517,-792.310,53.517,5.98,81.2,17.26,62.1,3.15,10.00,13.15
2895,4516.95,1.547,-172.202,53.609,-793.849,53.609,5.96,83.6,17.12,61.6,3.25,9.90,13.15
2896,4518.49,1.535,-172.346,53.699,-795.375,53.699,5.89,87.6,16.99,61.1,3.25,9.75,13.00
2897,4520.01,1.522,-172.518,53.791,-796.884,53.791,6.08,94.3,16.85,60.7,3.30,9.50,12.80
2898,4521.52,1.510,-172.715,53.887,-798.378,53.887,6.34,104.6,16.72,60.2,3.30,9.40,12.70
2899,4523.07,1.549,-172.940,53.982,-799.908,53.982,6.17,120.0,16.60,59.8,3.30,9.65,12.95
2900,4524.61,1.538,-173.181,54.069,-801.424,54.069,5.65,143.5,16.48,59.3,3.30,9.90,13.20
2901,4526.13,1.526,-173.436,54.149,-802.927,54.149,5.26,181.4,16.35,58.9,3.30,9.60,12.90
2902,4527.65,1.515,-173.704,54.227,-804.416,54.227,5.17,245.9,16.23,58.4,3.70,9.15,12.85
2903,4529.15,1.504,-173.980,54.307,-805.893,54.307,5.30,373.7,16.12,58.0,4.15,8.65,12.80
2904,4530.70,1.542,-174.267,54.388,-807.406,54.388,5.29,713.5,16.01,57.6,4.65,8.20,12.85
2905,4532.23,1.531,-174.554,54.466,-808.908,54.466,5.07,2000.0,15.89,57.2,5.10,7.75,12.85
2906,4533.75,1.520,-174.837,54.541,-810.400,54.541,4.91,1965.2,15.78,56.8,5.55,7.30,12.85
2907,4535.26,1.509,-175.117,54.616,-811.881,54.616,5.03,834.5,15.67,56.4,6.00,6.85,12.85
2908,4536.80,1.546,-175.401,54.697,-813.399,54.697,5.24,555.3,15.56,56.0,6.40,6.40,12.80
2909,4538.34,1.535,-175.678,54.779,-814.906,54.779,5.32,422.4,15.45,55.6,6.80,5.95,12.75
2910,4539.86,1.524,-175.950,54.858,-816.403,54.858,5.20,341.6,15.34,55.2,7.20,5.50,12.70
2911,4541.37,1.513,-176.212,54.933,-817.891,54.933,4.98,291.1,15.23,54.8,7.55,5.05,12.60
2912,4542.88,1.502,-176.464,55.007,-819.370,55.007,4.91,256.9,15.12,54.4,7.95,4.60,12.55
2913,4544.41,1.536,-176.712,55.082,-820.885,55.082,4.90,230.8,15.00,54.0,8.30,4.25,12.55
2914,4545.94,1.524,-176.947,55.169,-822.388,55.169,5.69,214.8,14.89,53.6,8.65,3.85,12.50
2915,4547.45,1.513,-177.171,55.262,-823.882,55.262,6.17,203.0,14.79,53.2,9.00,3.50,12.50
2916,4549.00,1.546,-177.389,55.350,-825.409,55.350,5.73,190.2,14.67,52.8,9.30,3.10,12.40
2917,4550.53,1.534,-177.592,55.439,-826.927,55.439,5.84,180.3,14.55,52.4,9.65,1.90,11.55
2918,4552.05,1.522,-177.779,55.530,-828.435,55.530,5.96,171.0,14.45,52.0,9.95,2.65,12.60
2919,4553.57,1.514,-177.953,55.619,-829.936,55.619,5.90,158.4,14.39,51.8,10.25,2.45,12.70
2920,4555.08,1.513,-178.116,55.701,-831.438,55.701,5.43,144.9,14.46,52.0,10.65,2.40,13.05
2921,4556.60,1.524,-178.264,55.786,-832.952,55.786,5.58,132.9,14.59,52.5,24.15,2.35,26.50
2922,4558.14,1.540,-178.396,55.873,-834.484,55.873,5.65,122.7,14.69,52.9,23.35,2.95,26.30
2923,4559.65,1.510,-178.506,55.957,-835.987,55.957,5.58,115.7,14.83,53.4,22.55,2.90,25.45
2924,4561.17,1.522,-178.595,56.040,-837.504,56.040,5.48,111.7,14.96,53.9,21.70,2.30,24.00
2925,4562.71,1.537,-178.662,56.124,-839.038,56.124,5.45,109.6,15.12,54.4,20.95,2.35,23.30
2926,4564.22,1.507,-178.706,56.207,-840.542,56.207,5.50,109.6,15.27,55.0,20.15,2.40,22.55
2927,4565.74,1.525,-178.731,56.293,-842.064,56.293,5.69,109.7,15.48,55.7,19.45,2.45,21.90
2928,4567.29,1.549,-178.735,56.384,-843.611,56.384,5.85,109.2,15.81,56.9,18.70,2.50,21.20
2929,4568.83,1.536,-178.718,56.480,-845.144,56.480,6.27,108.4,16.23,58.4,18.00,2.55,20.55
2930,4570.35,1.524,-178.678,56.579,-846.664,56.579,6.54,108.4,16.59,59.7,17.30,2.60,19.90
2931,4571.86,1.509,-178.619,56.678,-848.169,56.678,6.53,108.6,16.99,61.2,16.70,2.60,19.30
2932,4573.41,1.545,-178.535,56.782,-849.708,56.782,6.75,109.4,17.34,62.4,16.05,2.65,18.70
2933,4574.93,1.526,-178.432,56.886,-851.227,56.886,6.86,109.8,17.73,63.8,15.45,2.70,18.15
2934,4576.44,1.506,-178.308,56.994,-852.724,56.994,7.15,110.6,18.11,65.2,14.90,2.75,17.65
2935,4577.98,1.536,-178.161,57.107,-854.249,57.107,7.40,110.3,18.43,66.4,14.35,2.80,17.15
2936,4579.48,1.508,-178.000,57.212,-855.744,57.212,6.96,108.9,18.78,67.6,13.85,1.65,15.50
2937,4581.02,1.537,-177.815,57.315,-857.266,57.315,6.71,107.9,19.15,68.9,13.35,2.90,16.25
2938,4582.53,1.508,-177.609,57.417,-858.757,57.417,6.83,108.5,19.50,70.2,12.85,3.00,15.85
2939,4584.06,1.535,-177.376,57.523,-860.270,57.523,6.90,109.8,19.86,71.5,12.30,1.85,14.15
2940,4585.63,1.564,-177.116,57.629,-861.809,57.629,6.79,111.7,20.23,72.8,11.85,2.90,14.75
2941,4587.16,1.530,-176.843,57.727,-863.311,57.727,6.43,115.1,20.57,74.1,11.35,2.20,13.55
2942,4588.71,1.557,-176.545,57.820,-864.836,57.820,5.96,119.1,20.94,75.4,10.85,2.10,12.95
2943,4590.24,1.521,-176.234,57.907,-866.322,57.907,5.74,123.7,21.29,76.6,10.40,2.25,12.65
2944,4591.78,1.546,-175.898,57.992,-867.829,57.992,5.48,128.5,21.66,78.0,9.90,2.65,12.55
2945,4593.29,1.509,-175.553,58.073,-869.296,58.073,5.38,133.6,22.07,79.5,9.40,3.15,12.55
2946,4594.83,1.538,-175.183,58.157,-870.787,58.157,5.48,137.9,22.49,81.0,8.90,3.65,12.55
2947,4596.40,1.570,-174.791,58.241,-872.305,58.241,5.37,139.8,23.00,82.8,8.40,4.15,12.55
2948,4597.93,1.533,-174.392,58.324,-873.783,58.324,5.42,138.3,23.44,84.4,7.95,4.60,12.55
2949,4599.50,1.564,-173.970,58.407,-875.286,58.407,5.30,134.5,23.93,86.1,7.60,5.10,12.70
2950,4601.02,1.521,-173.543,58.487,-876.744,58.487,5.29,130.4,24.37,87.7,7.35,5.50,12.85
2951,4602.57,1.551,-173.089,58.570,-878.224,58.570,5.36,126.3,24.80,89.3,7.10,5.90,13.00
2952,4604.15,1.577,-172.609,58.653,-879.724,58.653,5.25,122.4,25.28,91.0,6.85,6.35,13.20
2953,4605.68,1.529,-172.123,58.735,-881.172,58.735,5.36,121.5,25.68,92.5,6.65,6.75,13.40
2954,4607.23,1.554,-171.612,58.816,-882.637,58.816,5.23,121.2,26.10,94.0,6.50,7.15,13.65
2955,4608.81,1.578,-171.073,58.897,-884.118,58.897,5.13,122.1,26.47,95.3,6.15,7.50,13.65
2956,4610.33,1.522,-170.536,58.973,-885.539,58.973,5.01,124.2,26.91,96.9,5.85,7.85,13.70
2957,4611.88,1.546,-169.970,59.052,-886.976,59.052,5.12,128.3,27.31,98.3,5.55,8.15,13.70
2958,4613.45,1.568,-169.378,59.130,-888.427,59.130,5.01,132.1,27.70,99.7,5.30,8.45,13.75
2959,4614.95,1.505,-168.795,59.203,-889.812,59.203,4.84,137.1,28.01,100.8,5.05,8.75,13.80
2960,4616.48,1.524,-168.191,59.274,-891.209,59.274,4.65,142.3,28.42,102.3,4.80,9.00,13.80
2961,4618.02,1.546,-167.561,59.347,-892.619,59.347,4.74,149.0,28.82,103.8,4.60,9.30,13.90
2962,4619.59,1.568,-166.906,59.423,-894.041,59.423,4.86,157.6,29.21,105.1,4.40,9.60,14.00
2963,4621.18,1.588,-166.228,59.501,-895.475,59.501,4.88,168.1,29.56,106.4,4.25,9.85,14.10
2964,4622.70,1.517,-165.568,59.573,-896.839,59.573,4.79,179.5,29.90,107.6,4.10,10.10,14.20
2965,4624.23,1.534,-164.890,59.645,-898.213,59.645,4.70,192.1,30.27,109.0,3.95,10.35,14.30
2966,4625.78,1.553,-164.192,59.718,-899.599,59.718,4.70,205.0,30.62,110.2,3.80,10.55,14.35
2967,4627.36,1.571,-163.475,59.791,-900.995,59.791,4.63,215.7,30.97,111.5,3.70,10.80,14.50
2968,4628.94,1.589,-162.741,59.863,-902.402,59.863,4.57,224.3,31.30,112.7,3.60,11.00,14.60
2969,4630.46,1.512,-162.033,59.930,-903.736,59.930,4.41,230.6,31.66,114.0,3.50,11.20,14.70
2970,4631.98,1.527,-161.309,59.997,-905.078,59.997,4.36,234.3,31.94,115.0,3.40,11.35,14.75
2971,4633.53,1.542,-160.570,60.061,-906.430,60.061,4.17,235.8,32.30,116.3,3.35,11.55,14.90
2972,4635.09,1.558,-159.814,60.125,-907.791,60.125,4.14,239.1,32.60,117.4,3.25,11.70,14.95
2973,4636.66,1.574,-159.041,60.190,-909.161,60.190,4.11,246.1,32.95,118.6,3.20,11.85,15.05
2974,4638.25,1.591,-158.250,60.256,-910.539,60.256,4.18,259.6,33.29,119.9,3.15,12.00,15.15
2975,4639.76,1.505,-157.493,60.320,-911.839,60.320,4.23,285.3,33.61,121.0,3.15,12.15,15.30
2976,4641.28,1.520,-156.722,60.384,-913.147,60.384,4.25,325.5,33.91,122.1,3.10,12.30,15.40
2977,4642.81,1.533,-155.937,60.449,-914.462,60.449,4.21,383.3,34.20,123.1,3.10,12.40,15.50
2978,4644.36,1.547,-155.141,60.513,-915.786,60.513,4.15,461.1,34.51,124.2,3.10,12.50,15.60
2979,4645.92,1.560,-154.333,60.577,-917.119,60.577,4.09,569.6,34.81,125.3,3.05,12.65,15.70
2980,4647.49,1.574,-153.514,60.639,-918.462,60.639,3.97,712.0,35.12,126.4,3.05,12.75,15.80
2981,4649.08,1.587,-152.686,60.701,-919.814,60.701,3.89,910.7,35.38,127.4,3.05,12.85,15.90
2982,4650.68,1.600,-151.850,60.761,-921.176,60.761,3.74,1201.6,35.70,128.5,3.05,12.95,16.00
2983,4652.19,1.506,-151.060,60.817,-922.457,60.817,3.73,1687.8,35.99,129.6,3.05,13.05,16.10
2984,4653.71,1.518,-150.263,60.873,-923.748,60.873,3.73,2000.0,36.28,130.6,3.10,13.15,16.25
2985,4655.24,1.530,-149.460,60.931,-925.048,60.931,3.75,2000.0,36.56,131.6,3.10,13.25,16.35
2986,4656.78,1.542,-148.649,60.989,-926.359,60.989,3.76,2000.0,36.84,132.6,3.10,13.35,16.45
2987,4658.33,1.554,-147.833,61.047,-927.680,61.047,3.77,2000.0,37.12,133.6,3.10,12.80,15.90
2988,4659.90,1.565,-147.010,61.106,-929.010,61.106,3.77,2000.0,37.38,134.6,3.10,12.90,16.00
2989,4661.48,1.576,-146.183,61.164,-930.350,61.164,3.70,2000.0,37.67,135.6,3.10,13.00,16.10
2990,4663.06,1.588,-145.349,61.224,-931.701,61.224,3.72,2000.0,37.94,136.6,3.10,13.10,16.20
2991,4664.66,1.599,-144.511,61.281,-933.061,61.281,3.58,2000.0,38.21,137.6,3.10,13.20,16.30
2992,4666.27,1.610,-143.667,61.337,-934.431,61.337,3.48,2000.0,38.44,138.4,3.15,13.35,16.50
2993,4667.78,1.504,-142.879,61.387,-935.712,61.387,3.35,2000.0,38.69,139.3,3.15,13.45,16.60
2994,4669.30,1.515,-142.086,61.438,-937.001,61.438,3.37,2000.0,38.94,140.2,3.15,13.55,16.70
2995,4670.81,1.518,-141.292,61.491,-938.294,61.491,3.51,2000.0,38.82,139.8,3.15,13.65,16.80
2996,4672.32,1.506,-140.504,61.547,-939.576,61.547,3.68,2000.0,38.41,138.3,3.15,13.75,16.90
2997,4673.92,1.602,-139.666,61.606,-940.939,61.606,3.69,2000.0,37.90,136.4,3.15,13.85,17.00
2998,4675.50,1.580,-138.839,61.662,-942.284,61.662,3.56,2000.0,37.36,134.5,3.15,13.95,17.10
2999,4677.06,1.557,-138.023,61.715,-943.609,61.715,3.44,2000.0,36.84,132.6,3.15,14.10,17.25
3000,4678.59,1.534,-137.219,61.766,-944.915,61.766,3.30,2000.0,36.24,130.5,3.15,14.20,17.35
3001,4680.10,1.510,-136.427,61.816,-946.199,61.816,3.29,2000.0,35.68,128.5,3.15,14.30,17.45
3002,4681.70,1.591,-135.592,61.867,-947.552,61.867,3.25,2000.0,35.09,126.3,3.15,14.40,17.55
3003,4683.26,1.567,-134.769,61.916,-948.884,61.916,3.10,2000.0,34.56,124.4,3.15,14.50,17.65
3004,4684.81,1.543,-133.957,61.963,-950.196,61.963,3.03,2000.0,34.06,122.6,3.20,14.60,17.80
3005,4686.33,1.521,-133.156,62.009,-951.488,62.009,3.01,2000.0,33.60,121.0,3.20,14.70,17.90
3006,4687.83,1.504,-132.363,62.054,-952.765,62.054,3.05,2000.0,33.27,119.8,3.20,14.80,18.00
3007,4689.42,1.590,-131.524,62.101,-954.114,62.101,2.96,2000.0,32.97,118.7,3.20,14.90,18.10
3008,4691.00,1.575,-130.692,62.146,-955.451,62.146,2.85,2000.0,32.66,117.6,3.20,15.00,18.20
3009,4692.56,1.561,-129.867,62.189,-956.774,62.189,2.74,2000.0,32.36,116.5,3.25,15.10,18.35
3010,4694.11,1.545,-129.048,62.232,-958.084,62.232,2.78,2000.0,32.05,115.4,3.25,15.20,18.45
3011,4695.64,1.529,-128.238,62.276,-959.380,62.276,2.90,2000.0,31.68,114.1,3.25,15.30,18.55
3012,4697.15,1.513,-127.435,62.322,-960.661,62.322,3.04,1886.7,31.35,112.9,3.30,15.40,18.70
3013,4698.74,1.590,-126.590,62.370,-962.007,62.370,3.00,1750.3,31.04,111.7,3.30,15.50,18.80
3014,4700.31,1.572,-125.753,62.415,-963.337,62.415,2.84,1609.8,30.60,110.2,3.30,16.25,19.55
3015,4701.86,1.551,-124.927,62.459,-964.649,62.459,2.88,1482.2,30.23,108.8,3.35,16.35,19.70
3016,4703.39,1.528,-124.111,62.504,-965.940,62.504,2.91,1356.5,29.70,106.9,3.35,16.45,19.80
3017,4704.90,1.504,-123.307,62.550,-967.209,62.550,3.05,1242.9,29.30,105.5,3.40,16.50,19.90
3018,4706.46,1.564,-122.469,62.596,-968.529,62.596,2.95,1121.1,28.67,103.2,3.40,16.60,20.00
3019,4708.00,1.533,-121.646,62.639,-969.823,62.639,2.85,999.3,28.14,101.3,3.45,16.70,20.15
3020,4709.50,1.501,-120.838,62.679,-971.087,62.679,2.66,877.4,27.49,99.0,3.45,16.75,20.20
3021,4711.05,1.554,-120.000,62.719,-972.395,62.719,2.57,755.6,27.12,97.6,3.50,16.85,20.35
3022,4712.59,1.534,-119.169,62.757,-973.685,62.757,2.50,648.1,26.76,96.4,3.55,16.90,20.45
3023,4714.11,1.517,-118.346,62.795,-974.958,62.795,2.52,551.6,26.47,95.3,3.55,16.95,20.50
3024,4715.61,1.502,-117.527,62.833,-976.217,62.833,2.49,462.1,26.24,94.5,3.60,17.05,20.65
3025,4717.18,1.569,-116.668,62.872,-977.529,62.872,2.49,374.8,26.09,93.9,3.65,17.10,20.75
3026,4718.74,1.558,-115.809,62.911,-978.829,62.911,2.50,302.0,25.81,92.9,3.70,17.15,20.85
3027,4720.27,1.533,-114.959,62.948,-980.105,62.948,2.41,245.2,25.32,91.1,3.75,17.20,20.95
3028,4721.78,1.507,-114.117,62.983,-981.354,62.983,2.32,203.0,24.94,89.8,3.85,17.25,21.10
3029,4723.34,1.556,-113.238,63.018,-982.637,63.018,2.30,171.2,24.51,88.2,3.90,17.25,21.15
3030,4724.87,1.532,-112.360,63.056,-983.893,63.056,2.48,150.4,24.16,87.0,4.00,17.30,21.30
3031,4726.38,1.511,-111.481,63.095,-985.121,63.095,2.57,136.9,23.84,85.8,4.10,17.30,21.40
3032,4727.94,1.563,-110.557,63.134,-986.381,63.134,2.50,125.9,23.52,84.7,4.25,17.25,21.50
3033,4729.49,1.541,-109.630,63.170,-987.611,63.170,2.35,118.1,23.20,83.5,4.40,17.20,21.60
3034,4731.01,1.521,-108.699,63.204,-988.814,63.204,2.19,112.4,22.91,82.5,4.60,17.15,21.75
3035,4732.51,1.501,-107.765,63.234,-989.990,63.234,2.02,106.5,22.59,81.3,4.80,7.55,12.35
3036,4734.06,1.547,-106.786,63.264,-991.187,63.264,1.94,99.9,22.26,80.2,5.00,7.35,12.35
3037,4735.59,1.526,-105.802,63.292,-992.353,63.292,1.86,94.6,21.97,79.1,5.25,7.25,12.50
3038,4737.09,1.505,-104.814,63.317,-993.488,63.317,1.63,89.9,21.66,78.0,5.50,7.10,12.60
3039,4738.64,1.548,-103.778,63.341,-994.638,63.341,1.54,85.3,21.35,76.9,5.80,6.90,12.70
3040,4740.17,1.526,-102.735,63.364,-995.752,63.364,1.53,82.2,21.06,75.8,6.20,6.70,12.90
3041,4741.68,1.506,-101.686,63.388,-996.831,63.388,1.57,80.0,20.78,74.8,4.95,6.50,11.45
3042,4743.22,1.547,-100.585,63.413,-997.919,63.413,1.61,77.6,20.50,73.8,5.25,6.30,11.55
3043,4744.75,1.527,-99.479,63.437,-998.970,63.437,1.61,75.4,20.22,72.8,5.55,6.05,11.60
3044,4746.26,1.507,-98.368,63.461,-999.988,63.461,1.59,73.0,19.96,71.9,5.85,5.80,11.65
3045,4747.81,1.545,-97.208,63.485,-1001.007,63.485,1.58,69.9,19.67,70.8,6.20,5.60,11.80
3046,4749.33,1.523,-96.042,63.511,-1001.987,63.511,1.71,66.9,19.39,69.8,6.50,5.35,11.85
3047,4750.83,1.503,-94.870,63.538,-1002.927,63.538,1.75,64.1,19.14,68.9,6.75,5.10,11.85
3048,4752.38,1.539,-93.648,63.564,-1003.862,63.564,1.67,61.1,18.85,67.9,7.00,4.90,11.90
3049,4753.89,1.515,-92.421,63.591,-1004.751,63.591,1.84,58.6,18.58,66.9,7.25,4.70,11.95
3050,4755.44,1.549,-91.143,63.622,-1005.626,63.622,2.00,56.2,18.32,65.9,7.45,4.50,11.95
3051,4756.97,1.527,-89.861,63.651,-1006.455,63.651,1.88,54.1,18.06,65.0,7.60,4.35,11.95
3052,4758.48,1.505,-88.575,63.677,-1007.237,63.677,1.70,52.4,17.80,64.1,7.75,4.25,12.00
3053,4760.02,1.536,-87.240,63.702,-1007.996,63.702,1.62,50.6,17.54,63.1,7.85,4.15,12.00
3054,4761.53,1.513,-85.902,63.726,-1008.702,63.726,1.63,49.2,17.26,62.1,7.95,4.00,11.95
3055,4763.07,1.541,-84.517,63.753,-1009.376,63.753,1.74,47.9,17.00,61.2,8.10,3.90,12.00
3056,4764.60,1.520,-83.131,63.777,-1010.000,63.777,1.60,46.7,16.77,60.4,8.25,3.75,12.00
3057,4766.15,1.546,-81.702,63.795,-1010.589,63.795,1.17,45.5,16.49,59.4,8.45,3.60,12.05
3058,4767.67,1.522,-80.275,63.815,-1011.119,63.815,1.31,45.1,16.25,58.5,8.65,3.50,12.15
3059,4769.22,1.548,-78.806,63.835,-1011.606,63.835,1.29,45.0,16.00,57.6,8.85,3.35,12.20
3060,4770.75,1.524,-77.343,63.854,-1012.033,63.854,1.23,45.4,15.77,56.8,9.05,3.25,12.30
3061,4772.26,1.508,-75.883,63.874,-1012.407,63.874,1.33,46.4,15.64,56.3,9.25,3.10,12.35
3062,4773.80,1.542,-74.377,63.894,-1012.738,63.894,1.34,47.8,15.52,55.9,9.45,3.00,12.45
3063,4775.33,1.530,-72.873,63.916,-1013.019,63.916,1.39,49.3,15.40,55.4,9.65,2.85,12.50
3064,4776.85,1.519,-71.372,63.934,-1013.254,63.934,1.20,51.0,15.29,55.1,9.85,2.70,12.55
3065,4778.36,1.509,-69.876,63.950,-1013.444,63.950,1.05,53.0,15.19,54.7,10.05,2.55,12.60
3066,4779.91,1.545,-68.338,63.968,-1013.589,63.968,1.14,55.0,15.10,54.4,10.20,2.40,12.60
3067,4781.45,1.536,-66.806,63.986,-1013.689,63.986,1.23,57.3,15.02,54.1,10.30,2.30,12.60
3068,4782.98,1.529,-65.278,64.006,-1013.750,64.006,1.27,59.1,14.97,53.9,10.45,2.20,12.65
3069,4784.51,1.525,-63.754,64.027,-1013.774,64.027,1.40,60.2,14.94,53.8,10.55,2.10,12.65
3070,4786.03,1.522,-62.232,64.048,-1013.763,64.048,1.38,60.1,14.89,53.6,10.70,2.05,12.75
3071,4787.55,1.516,-60.717,64.070,-1013.715,64.070,1.47,59.1,14.84,53.4,10.85,2.00,12.85
3072,4789.07,1.515,-59.204,64.094,-1013.627,64.094,1.58,57.7,14.97,53.9,10.95,2.00,12.95
3073,4790.60,1.526,-57.684,64.119,-1013.499,64.119,1.59,56.0,14.97,53.9,11.10,1.95,13.05
3074,4792.13,1.528,-56.165,64.140,-1013.329,64.140,1.37,54.4,14.99,54.0,11.20,1.90,13.10
3075,4793.66,1.530,-54.650,64.162,-1013.114,64.162,1.49,53.2,15.01,54.1,11.30,1.85,13.15
3076,4795.19,1.532,-53.140,64.189,-1012.855,64.189,1.71,51.9,15.03,54.1,11.40,1.80,13.20
3077,4796.73,1.535,-51.636,64.213,-1012.552,64.213,1.60,50.7,15.06,54.2,11.45,1.75,13.20
3078,4798.27,1.538,-50.139,64.238,-1012.202,64.238,1.61,49.8,15.09,54.3,11.45,1.75,13.20
3079,4799.81,1.541,-48.650,64.257,-1011.806,64.257,1.26,48.8,15.12,54.4,11.45,1.75,13.20
3080,4801.36,1.543,-47.172,64.274,-1011.361,64.274,1.11,48.1,15.15,54.5,11.45,1.70,13.15
3081,4802.86,1.501,-45.749,64.291,-1010.882,64.291,1.08,48.0,15.18,54.7,11.45,1.70,13.15
3082,4804.37,1.505,-44.338,64.307,-1010.359,64.307,1.08,48.2,15.22,54.8,11.45,1.65,13.10
3083,4805.88,1.509,-42.941,64.324,-1009.789,64.324,1.11,48.9,15.26,54.9,11.50,1.65,13.15
3084,4807.40,1.512,-41.560,64.342,-1009.173,64.342,1.18,50.1,15.30,55.1,11.50,1.60,13.10
3085,4808.91,1.517,-40.195,64.360,-1008.512,64.360,1.22,51.4,15.34,55.2,11.55,1.60,13.15
3086,4810.44,1.521,-38.847,64.381,-1007.808,64.381,1.39,52.8,15.39,55.4,11.60,1.60,13.20
3087,4811.96,1.527,-37.514,64.401,-1007.064,64.401,1.28,53.8,15.45,55.6,11.60,1.60,13.20
3088,4813.50,1.532,-36.197,64.416,-1006.282,64.416,0.98,54.5,15.49,55.8,11.65,1.60,13.25
3089,4815.04,1.536,-34.900,64.430,-1005.460,64.430,0.92,54.8,15.54,55.9,11.60,1.65,13.25
3090,4816.58,1.540,-33.623,64.448,-1004.599,64.448,1.19,55.0,15.58,56.1,11.55,1.70,13.25
3091,4818.12,1.545,-32.367,64.470,-1003.701,64.470,1.40,54.9,15.63,56.3,11.50,1.75,13.25
3092,4819.63,1.502,-31.169,64.492,-1002.795,64.492,1.45,55.0,15.67,56.4,11.50,1.85,13.35
3093,4821.13,1.506,-29.993,64.514,-1001.854,64.514,1.46,55.2,15.71,56.5,11.50,1.95,13.45
3094,4822.65,1.510,-28.841,64.537,-1000.878,64.537,1.52,55.7,15.75,56.7,11.50,2.00,13.50
3095,4824.16,1.514,-27.714,64.562,-999.868,64.562,1.69,56.0,15.79,56.8,38.00,2.10,40.10
3096,4825.68,1.517,-26.612,64.588,-998.826,64.588,1.70,56.5,15.82,57.0,35.05,2.20,37.25
3097,4827.20,1.521,-25.536,64.618,-997.750,64.618,1.98,57.1,15.87,57.1,32.35,2.30,34.65
3098,4828.73,1.525,-24.486,64.646,-996.645,64.646,1.81,57.7,15.90,57.3,29.90,2.40,32.30
3099,4830.26,1.529,-23.464,64.671,-995.509,64.671,1.68,58.3,15.94,57.4,27.65,2.50,30.15
3100,4831.79,1.533,-22.470,64.697,-994.342,64.697,1.67,59.3,15.98,57.5,25.50,2.60,28.10
3101,4833.33,1.537,-21.505,64.721,-993.146,64.721,1.57,60.7,16.03,57.7,23.55,2.75,26.30
3102,4834.87,1.541,-20.569,64.745,-991.922,64.745,1.57,62.1,16.08,57.9,21.75,2.90,24.65
3103,4836.42,1.546,-19.659,64.765,-990.672,64.765,1.26,63.4,16.14,58.1,20.10,3.05,23.15
3104,4837.92,1.504,-18.803,64.783,-989.436,64.783,1.23,65.0,16.20,58.3,18.60,3.30,21.90
3105,4839.43,1.510,-17.972,64.798,-988.176,64.798,0.94,65.9,16.27,58.6,17.20,3.55,20.75
3106,4840.95,1.516,-17.166,64.810,-986.892,64.810,0.85,66.4,16.34,58.8,15.90,3.80,19.70
3107,4842.47,1.523,-16.386,64.822,-985.584,64.822,0.76,66.6,16.41,59.1,14.65,4.10,18.75
3108,4844.00,1.529,-15.634,64.832,-984.253,64.832,0.64,67.1,16.48,59.3,13.45,4.35,17.80
3109,4845.54,1.537,-14.910,64.842,-982.897,64.842,0.69,67.7,16.57,59.6,12.35,4.65,17.00
3110,4847.08,1.545,-14.213,64.852,-981.519,64.852,0.64,69.2,16.66,60.0,11.30,4.95,16.25
3111,4848.59,1.504,-13.565,64.862,-980.162,64.862,0.65,72.0,16.76,60.3,10.40,5.30,15.70
3112,4850.10,1.514,-12.942,64.872,-978.782,64.872,0.65,75.6,16.89,60.8,9.50,5.70,15.20
3113,4851.63,1.532,-12.343,64.884,-977.372,64.884,0.81,80.5,17.16,61.8,10.45,6.10,16.55
3114,4853.14,1.509,-11.778,64.895,-975.972,64.895,0.73,86.4,17.54,63.2,10.00,6.50,16.50
3115,4854.69,1.545,-11.225,64.907,-974.530,64.907,0.79,92.9,17.97,64.7,9.55,6.90,16.45
3116,4856.22,1.527,-10.700,64.919,-973.095,64.919,0.74,98.5,18.39,66.2,9.10,7.30,16.40
3117,4857.73,1.507,-10.204,64.932,-971.672,64.932,0.86,103.4,18.81,67.7,8.60,7.75,16.35
3118,4859.27,1.542,-9.718,64.950,-970.209,64.950,1.16,106.3,19.24,69.3,8.15,8.15,16.30
3119,4860.78,1.516,-9.259,64.967,-968.764,64.967,1.15,107.4,19.63,70.7,7.70,8.60,16.30
3120,4862.33,1.548,-8.809,64.980,-967.283,64.980,0.86,105.9,20.05,72.2,7.25,9.00,16.25
3121,4863.85,1.519,-8.389,64.994,-965.823,64.994,0.88,104.5,20.45,73.6,6.80,9.35,16.15
3122,4865.40,1.549,-7.985,65.010,-964.329,65.010,1.06,103.2,20.83,75.0,6.40,9.75,16.15
3123,4866.91,1.513,-7.611,65.026,-962.862,65.026,1.07,102.8,21.20,76.3,6.00,10.05,16.05
3124,4868.46,1.542,-7.253,65.040,-961.363,65.040,0.91,102.6,21.60,77.8,5.65,10.40,16.05
3125,4869.96,1.504,-6.926,65.054,-959.895,65.054,0.93,103.9,22.00,79.2,5.30,10.65,15.95
3126,4871.49,1.535,-6.614,65.068,-958.392,65.068,0.91,105.5,22.48,80.9,4.95,10.95,15.90
3127,4873.06,1.568,-6.320,65.083,-956.852,65.083,0.96,106.8,22.95,82.6,4.65,11.20,15.85
3128,4874.59,1.531,-6.053,65.096,-955.344,65.096,0.80,108.1,23.43,84.4,4.40,11.40,15.80
3129,4876.16,1.564,-5.802,65.107,-953.800,65.107,0.74,109.6,23.95,86.2,4.15,11.65,15.80
3130,4877.68,1.524,-5.579,65.118,-952.292,65.118,0.71,111.7,24.41,87.9,3.90,11.80,15.70
3131,4879.23,1.552,-5.374,65.127,-950.754,65.127,0.57,113.9,24.84,89.4,3.70,12.00,15.70
3132,4880.74,1.505,-5.194,65.132,-949.260,65.132,0.36,117.1,25.31,91.1,3.50,12.15,15.65
3133,4882.27,1.533,-5.032,65.137,-947.735,65.137,0.29,120.5,25.77,92.8,3.35,12.25,15.60
3134,4883.83,1.559,-4.887,65.139,-946.182,65.139,0.16,123.8,26.18,94.3,3.20,12.40,15.60
3135,4885.34,1.505,-4.764,65.138,-944.682,65.138,-0.09,127.9,26.61,95.8,3.10,12.50,15.60
3136,4886.87,1.529,-4.658,65.135,-943.157,65.135,-0.19,134.3,27.01,97.2,3.00,12.60,15.60
3137,4888.42,1.553,-4.568,65.131,-941.607,65.131,-0.27,143.5,27.46,98.9,2.90,20.80,23.70
3138,4890.00,1.579,-4.497,65.130,-940.030,65.130,-0.09,157.7,27.89,100.4,2.85,20.85,23.70
3139,4891.52,1.518,-4.445,65.130,-938.512,65.130,0.04,180.5,28.31,101.9,2.80,20.90,23.70
3140,4893.06,1.540,-4.406,65.132,-936.972,65.132,0.14,211.1,28.72,103.4,2.75,20.90,23.65
3141,4894.62,1.563,-4.377,65.132,-935.410,65.132,-0.04,249.0,29.11,104.8,2.75,20.90,23.65
3142,4896.20,1.578,-4.356,65.126,-933.832,65.126,-0.39,291.7,29.35,105.7,2.70,20.95,23.65
3143,4897.71,1.508,-4.340,65.114,-932.324,65.114,-0.79,331.0,29.78,107.2,2.70,20.95,23.65
3144,4899.24,1.531,-4.332,65.103,-930.793,65.103,-0.68,366.3,30.24,108.9,2.70,20.95,23.65
3145,4900.79,1.554,-4.332,65.096,-929.239,65.096,-0.50,407.6,30.66,110.4,2.70,20.95,23.65
3146,4902.36,1.574,-4.338,65.089,-927.665,65.089,-0.42,463.4,31.03,111.7,2.70,20.90,23.60
3147,4903.96,1.591,-4.350,65.080,-926.074,65.080,-0.59,539.0,31.35,112.9,2.75,20.90,23.65
3148,4905.47,1.514,-4.364,65.068,-924.561,65.068,-0.81,645.6,31.71,114.1,2.75,20.90,23.65
3149,4907.00,1.532,-4.383,65.054,-923.030,65.054,-0.86,783.1,32.07,115.5,2.75,20.85,23.60
3150,4908.55,1.549,-4.404,65.041,-921.481,65.041,-0.88,962.8,32.44,116.8,2.80,20.85,23.65
3151,4910.12,1.567,-4.428,65.027,-919.915,65.027,-0.86,1206.6,32.80,118.1,2.80,20.80,23.60
3152,4911.70,1.583,-4.455,65.014,-918.331,65.014,-0.81,1595.8,33.15,119.3,2.85,20.80,23.65
3153,4913.30,1.601,-4.484,65.001,-916.731,65.001,-0.80,2000.0,33.51,120.6,2.85,20.75,23.60
3154,4914.82,1.515,-4.512,64.990,-915.216,64.990,-0.76,2000.0,33.82,121.8,2.90,20.70,23.60
3155,4916.35,1.530,-4.540,64.978,-913.686,64.978,-0.79,2000.0,34.17,123.0,2.90,20.70,23.60
3156,4917.89,1.545,-4.569,64.966,-912.141,64.966,-0.75,2000.0,34.48,124.1,2.95,20.65,23.60
3157,4919.45,1.559,-4.598,64.953,-910.583,64.953,-0.82,2000.0,34.78,125.2,2.95,20.60,23.55
3158,4921.02,1.573,-4.628,64.941,-909.010,64.941,-0.82,2000.0,35.11,126.4,3.00,20.55,23.55
3159,4922.61,1.588,-4.657,64.927,-907.422,64.927,-0.82,2000.0,35.45,127.6,3.05,20.55,23.60
3160,4924.21,1.603,-4.686,64.915,-905.820,64.915,-0.79,2000.0,35.76,128.7,3.05,20.50,23.55
3161,4925.72,1.508,-4.712,64.902,-904.312,64.902,-0.85,2000.0,36.03,129.7,3.10,20.45,23.55
3162,4927.24,1.520,-4.738,64.888,-902.792,64.888,-0.92,2000.0,36.33,130.8,3.15,20.45,23.60
3163,4928.78,1.533,-4.763,64.873,-901.259,64.873,-0.96,1846.9,36.65,131.9,3.15,20.40,23.55
3164,4930.32,1.545,-4.787,64.859,-899.715,64.859,-0.95,1640.8,36.90,132.8,3.20,20.35,23.55
3165,4931.88,1.557,-4.809,64.843,-898.158,64.843,-1.01,1488.9,37.21,134.0,3.25,20.35,23.60
3166,4933.45,1.570,-4.830,64.829,-896.588,64.829,-0.91,1388.7,37.54,135.1,3.25,20.30,23.55
3167,4935.03,1.583,-4.849,64.816,-895.005,64.816,-0.78,1327.5,37.82,136.2,3.30,20.25,23.55
3168,4936.63,1.595,-4.866,64.805,-893.410,64.805,-0.74,1289.3,38.11,137.2,3.30,20.25,23.55
3169,4938.23,1.607,-4.882,64.793,-891.803,64.793,-0.71,1257.7,38.40,138.2,3.35,20.20,23.55
3170,4939.74,1.503,-4.894,64.781,-890.300,64.781,-0.80,1246.4,38.66,139.2,3.35,20.20,23.55
3171,4941.25,1.513,-4.905,64.768,-888.788,64.768,-0.90,1224.7,38.88,140.0,3.40,20.20,23.60
3172,4942.77,1.521,-4.914,64.752,-887.267,64.752,-0.99,1196.0,39.13,140.9,3.40,20.15,23.55
3173,4944.30,1.533,-4.922,64.737,-885.733,64.737,-1.01,1164.9,39.47,142.1,3.40,20.15,23.55
3174,4945.85,1.545,-4.927,64.723,-884.189,64.723,-0.92,1153.8,39.72,143.0,3.45,20.10,23.55
3175,4947.40,1.554,-4.930,64.708,-882.635,64.708,-0.94,1156.3,39.96,143.9,3.45,20.10,23.55
3176,4948.97,1.564,-4.931,64.694,-881.071,64.694,-0.91,1191.4,40.25,144.9,3.45,20.10,23.55
3177,4950.54,1.575,-4.930,64.681,-879.495,64.681,-0.80,1278.7,40.45,145.6,3.45,20.10,23.55
3178,4952.12,1.577,-4.926,64.670,-877.919,64.670,-0.70,1458.6,40.41,145.5,3.45,20.10,23.55
3179,4953.69,1.575,-4.920,64.658,-876.344,64.658,-0.74,1763.4,40.37,145.3,3.45,20.10,23.55
3180,4955.27,1.573,-4.913,64.646,-874.770,64.646,-0.77,2000.0,40.32,145.2,3.45,20.10,23.55
3181,4956.84,1.572,-4.905,64.635,-873.199,64.635,-0.70,2000.0,40.29,145.0,3.50,20.10,23.60
3182,4958.41,1.570,-4.896,64.625,-871.628,64.625,-0.67,2000.0,40.25,144.9,3.50,20.10,23.60
3183,4959.98,1.569,-4.887,64.614,-870.059,64.614,-0.68,2000.0,40.22,144.8,3.50,20.10,23.60
3184,4961.55,1.571,-4.879,64.603,-868.488,64.603,-0.73,2000.0,40.36,145.3,2.05,20.10,22.15
3185,4963.13,1.578,-4.870,64.592,-866.910,64.592,-0.69,2000.0,40.55,146.0,2.05,11.45,13.50
3186,4964.71,1.586,-4.861,64.581,-865.325,64.581,-0.68,2000.0,40.76,146.7,2.05,20.10,22.15
3187,4966.31,1.594,-4.854,64.570,-863.731,64.570,-0.67,2000.0,40.97,147.5,2.05,20.15,22.20
3188,4967.91,1.602,-4.846,64.559,-862.129,64.559,-0.67,2000.0,41.17,148.2,2.05,20.20,22.25
3189,4969.52,1.610,-4.839,64.549,-860.519,64.549,-0.63,2000.0,41.38,149.0,2.05,20.25,22.30
3190,4971.14,1.618,-4.833,64.540,-858.901,64.540,-0.60,2000.0,41.59,149.7,2.05,20.30,22.35
3191,4972.64,1.501,-4.828,64.531,-857.400,64.531,-0.54,2000.0,41.77,150.4,2.05,20.35,22.40
3192,4974.14,1.508,-4.824,64.523,-855.893,64.523,-0.53,2000.0,41.96,151.1,2.05,20.35,22.40
3193,4975.66,1.514,-4.820,64.516,-854.378,64.516,-0.50,2000.0,42.14,151.7,2.05,20.40,22.45
3194,4977.18,1.520,-4.817,64.508,-852.858,64.508,-0.50,2000.0,42.32,152.4,2.05,20.45,22.50
3195,4978.71,1.527,-4.814,64.501,-851.331,64.501,-0.48,2000.0,42.52,153.1,2.05,20.45,22.50
3196,4980.24,1.534,-4.811,64.494,-849.796,64.494,-0.42,2000.0,42.70,153.7,2.05,20.50,22.55
3197,4981.78,1.541,-4.809,64.488,-848.256,64.488,-0.44,2000.0,42.89,154.4,2.05,20.55,22.60
3198,4983.33,1.548,-4.807,64.480,-846.708,64.480,-0.47,2000.0,43.07,155.0,2.10,20.65,22.75
3199,4984.88,1.553,-4.806,64.472,-845.155,64.472,-0.55,2000.0,43.23,155.6,2.10,20.75,22.85
3200,4986.44,1.560,-4.804,64.462,-843.595,64.462,-0.65,2000.0,43.42,156.3,2.10,20.85,22.95
3201,4988.01,1.567,-4.802,64.451,-842.028,64.451,-0.70,2000.0,43.62,157.0,2.10,20.95,23.05
3202,4989.58,1.574,-4.800,64.438,-840.454,64.438,-0.82,2000.0,43.79,157.6,2.10,21.05,23.15
3203,4991.16,1.579,-4.797,64.423,-838.875,64.423,-0.94,2000.0,43.91,158.1,2.10,21.10,23.20
3204,4992.75,1.585,-4.794,64.406,-837.290,64.406,-1.05,2000.0,44.15,158.9,2.10,21.20,23.30
3205,4994.34,1.594,-4.791,64.391,-835.697,64.391,-0.95,2000.0,44.35,159.7,2.15,21.30,23.45
3206,4995.94,1.600,-4.787,64.379,-834.097,64.379,-0.79,2000.0,44.53,160.3,2.15,21.40,23.55
3207,4997.55,1.607,-4.782,64.367,-832.490,64.367,-0.71,2000.0,44.72,161.0,2.15,21.55,23.70
3208,4999.16,1.613,-4.777,64.358,-830.877,64.358,-0.59,2000.0,44.90,161.6,2.15,21.70,23.85
3209,5000.78,1.620,-4.772,64.349,-829.257,64.349,-0.55,2000.0,45.07,162.3,2.15,21.85,24.00
3210,5002.41,1.626,-4.766,64.340,-827.631,64.340,-0.55,2000.0,45.25,162.9,2.15,22.00,24.15
3211,5004.04,1.632,-4.761,64.331,-825.999,64.331,-0.58,2000.0,45.43,163.5,2.15,22.15,24.30
3212,5005.54,1.502,-4.755,64.322,-824.497,64.322,-0.57,2000.0,45.58,164.1,2.15,22.30,24.45
3213,5007.05,1.507,-4.750,64.312,-822.990,64.312,-0.65,2000.0,45.75,164.7,2.15,22.45,24.60
3214,5008.56,1.513,-4.745,64.303,-821.478,64.303,-0.61,2000.0,45.90,165.3,2.15,22.60,24.75
3215,5010.08,1.518,-4.740,64.294,-819.960,64.294,-0.57,2000.0,46.08,165.9,2.15,22.75,24.90
3216,5011.60,1.524,-4.735,64.286,-818.435,64.286,-0.53,2000.0,46.26,166.5,2.15,22.90,25.05
3217,5013.13,1.529,-4.731,64.279,-816.906,64.279,-0.49,2000.0,46.40,167.0,2.15,23.05,25.20
3218,5014.67,1.534,-4.726,64.270,-815.372,64.270,-0.55,2000.0,46.56,167.6,2.20,23.20,25.40
3219,5016.20,1.539,-4.722,64.262,-813.833,64.262,-0.56,2000.0,46.72,168.2,2.20,23.35,25.55
3220,5017.75,1.545,-4.719,64.253,-812.289,64.253,-0.58,2000.0,46.89,168.8,2.20,23.50,25.70
3221,5019.30,1.550,-4.715,64.244,-810.739,64.244,-0.56,2000.0,47.03,169.3,2.20,23.65,25.85
3222,5020.85,1.555,-4.712,64.235,-809.184,64.235,-0.59,2000.0,47.20,169.9,2.20,23.95,26.15
3223,5022.42,1.561,-4.710,64.226,-807.623,64.226,-0.56,2000.0,47.36,170.5,2.20,24.25,26.45
3224,5023.98,1.566,-4.707,64.217,-806.057,64.217,-0.58,2000.0,47.52,171.1,2.20,24.55,26.75
3225,5025.55,1.571,-4.705,64.207,-804.486,64.207,-0.61,2000.0,47.66,171.6,2.20,24.85,27.05
3226,5027.13,1.576,-4.704,64.197,-802.911,64.197,-0.66,2000.0,47.82,172.2,2.25,25.15,27.40
3227,5028.71,1.581,-4.702,64.186,-801.330,64.186,-0.66,2000.0,47.99,172.8,2.25,25.45,27.70
3228,5030.25,1.546,-4.701,64.176,-799.784,64.176,-0.65,2000.0,48.15,173.3,2.25,25.75,28.00
3229,5031.80,1.541,-4.701,64.166,-798.242,64.166,-0.66,2000.0,48.29,173.9,2.25,26.05,28.30
3230,5033.33,1.539,-4.700,64.156,-796.703,64.156,-0.65,2000.0,48.45,174.4,2.25,26.35,28.60
3231,5034.88,1.542,-4.700,64.146,-795.161,64.146,-0.67,2000.0,48.62,175.0,2.30,26.65,28.95
3232,5036.42,1.547,-4.700,64.135,-793.614,64.135,-0.68,2000.0,48.77,175.6,2.30,26.95,29.25
3233,5037.97,1.547,-4.700,64.125,-792.067,64.125,-0.68,2000.0,48.91,176.1,2.30,30.80,33.10
3234,5039.52,1.548,-4.700,64.114,-790.518,64.114,-0.68,2000.0,49.02,176.5,2.30,30.80,33.10
3235,5041.07,1.548,-4.700,64.104,-788.971,64.104,-0.67,2000.0,49.23,177.2,2.30,30.75,33.05
3236,5042.61,1.545,-4.700,64.094,-787.425,64.094,-0.65,2000.0,49.38,177.8,2.35,30.75,33.10
3237,5044.16,1.543,-4.700,64.084,-785.883,64.084,-0.64,2000.0,49.52,178.3,2.35,30.75,33.10
3238,5045.69,1.534,-4.700,64.075,-784.349,64.075,-0.61,2000.0,49.69,178.9,2.35,30.75,33.10
3239,5047.21,1.526,-4.700,64.066,-782.823,64.066,-0.58,2000.0,49.85,179.5,2.35,30.75,33.10
3240,5048.73,1.519,-4.701,64.057,-781.304,64.057,-0.57,2000.0,50.00,180.0,2.35,30.70,33.05
3241,5050.24,1.506,-4.703,64.049,-779.799,64.049,-0.53,2000.0,50.13,180.5,2.35,30.70,33.05
3242,5051.74,1.496,-4.705,64.041,-778.302,64.041,-0.52,1892.6,50.27,181.0,2.40,30.70,33.10
3243,5053.23,1.490,-4.710,64.034,-776.813,64.034,-0.52,1835.0,50.33,181.2,2.43,30.56,32.99
3244,5054.71,1.483,-4.718,64.026,-775.330,64.026,-0.52,1777.4,50.38,181.4,2.47,30.41,32.88
3245,5056.19,1.477,-4.730,64.018,-773.853,64.018,-0.51,1719.8,50.44,181.6,2.50,30.27,32.78
3246,5057.66,1.478,-4.746,64.011,-772.375,64.011,-0.51,1662.2,50.50,181.8,2.54,30.13,32.67
3247,5059.15,1.486,-4.769,64.003,-770.889,64.003,-0.54,1604.6,50.56,182.0,2.57,29.99,32.56
3248,5060.65,1.496,-4.798,63.995,-769.393,63.995,-0.55,1547.1,50.62,182.2,2.61,29.84,32.45
3249,5062.15,1.508,-4.834,63.986,-767.885,63.986,-0.55,1489.5,50.68,182.4,2.64,29.70,32.35
3250,5063.68,1.522,-4.876,63.978,-766.364,63.978,-0.56,1431.9,50.74,182.7,2.68,29.56,32.24
3251,5065.21,1.535,-4.924,63.969,-764.830,63.969,-0.58,1374.3,50.79,182.9,2.71,29.42,32.13
