index,distance_m,segment_length_m,x,y,z,elevation_m,gradient_pct,radius_m,speed_ms,speed_kmh,width_left_m,width_right_m,width_total_m
0,0.00,1.607,-4.809,63.964,-763.554,63.964,0.00,2000.0,50.52,181.9,2.55,29.45,32.00
1,1.60,1.599,-4.804,63.956,-761.955,63.956,-0.52,2000.0,50.67,182.4,2.55,29.34,31.89
2,3.18,1.581,-4.798,63.947,-760.374,63.947,-0.52,2000.0,50.81,182.9,2.56,29.23,31.79
3,4.74,1.559,-4.792,63.939,-758.815,63.939,-0.53,2000.0,50.96,183.5,2.56,29.12,31.68
4,6.27,1.534,-4.785,63.931,-757.281,63.931,-0.53,2000.0,51.11,184.0,2.57,29.01,31.58
5,7.78,1.512,-4.779,63.923,-755.769,63.923,-0.54,2000.0,51.26,184.5,2.57,28.90,31.47
6,9.28,1.494,-4.772,63.915,-754.275,63.915,-0.54,2000.0,51.41,185.1,2.58,28.79,31.37
7,10.76,1.483,-4.766,63.907,-752.792,63.907,-0.55,2000.0,51.56,185.6,2.58,28.68,31.26
8,12.24,1.479,-4.759,63.899,-751.313,63.899,-0.55,2000.0,51.71,186.2,2.59,28.57,31.16
9,13.72,1.479,-4.752,63.890,-749.834,63.890,-0.55,2000.0,51.86,186.7,2.59,28.46,31.05
10,15.20,1.482,-4.745,63.882,-748.352,63.882,-0.55,2000.0,52.01,187.2,2.60,28.35,30.95
11,16.69,1.487,-4.739,63.874,-746.866,63.874,-0.55,2000.0,52.13,187.7,2.60,28.30,30.90
12,18.18,1.492,-4.731,63.866,-745.374,63.866,-0.55,2000.0,52.24,188.1,2.60,28.30,30.90
13,19.68,1.497,-4.724,63.858,-743.876,63.858,-0.54,2000.0,52.41,188.7,2.60,28.30,30.90
14,21.18,1.502,-4.717,63.850,-742.374,63.850,-0.54,2000.0,52.52,189.1,2.60,28.30,30.90
15,22.69,1.506,-4.709,63.842,-740.868,63.842,-0.53,2000.0,52.65,189.6,2.60,28.30,30.90
16,24.20,1.510,-4.701,63.833,-739.358,63.833,-0.53,2000.0,52.82,190.1,2.60,28.30,30.90
17,25.71,1.514,-4.693,63.825,-737.844,63.825,-0.53,2000.0,52.89,190.4,2.60,28.60,31.20
18,27.23,1.518,-4.684,63.817,-736.326,63.817,-0.53,2000.0,52.97,190.7,2.60,28.60,31.20
19,28.75,1.521,-4.675,63.809,-734.805,63.809,-0.54,2000.0,53.17,191.4,2.60,28.60,31.20
20,30.27,1.524,-4.666,63.801,-733.281,63.801,-0.55,2000.0,53.28,191.8,2.60,28.60,31.20
21,31.80,1.528,-4.657,63.792,-731.753,63.792,-0.56,2000.0,53.45,192.4,2.60,28.60,31.20
22,33.33,1.531,-4.647,63.784,-730.222,63.784,-0.57,2000.0,53.56,192.8,2.60,28.60,31.20
23,34.87,1.535,-4.637,63.775,-728.688,63.775,-0.59,2000.0,53.67,193.2,2.60,28.60,31.20
24,36.41,1.538,-4.627,63.765,-727.149,63.765,-0.61,2000.0,53.83,193.8,2.60,28.60,31.20
25,41.14,4.737,-4.593,63.734,-722.412,63.734,-0.65,2000.0,53.95,194.2,2.60,28.60,31.20
26,42.76,1.620,-4.582,63.723,-720.792,63.723,-0.72,2000.0,54.06,194.6,2.60,28.60,31.20
27,44.39,1.624,-4.571,63.711,-719.168,63.711,-0.72,2000.0,54.20,195.1,2.60,28.60,31.20
28,46.02,1.629,-4.559,63.700,-717.539,63.700,-0.70,2000.0,54.35,195.7,2.60,28.55,31.15
29,47.65,1.632,-4.548,63.690,-715.907,63.690,-0.62,2000.0,54.45,196.0,2.60,28.55,31.15
30,49.28,1.636,-4.537,63.679,-714.271,63.679,-0.64,2000.0,54.60,196.5,2.60,28.30,30.90
31,50.92,1.639,-4.526,63.670,-712.632,63.670,-0.58,2000.0,54.64,196.7,2.55,28.30,30.85
32,52.56,1.638,-4.516,63.661,-710.994,63.661,-0.54,2000.0,54.59,196.5,2.55,28.30,30.85
33,54.20,1.637,-4.505,63.652,-709.357,63.652,-0.53,2000.0,54.54,196.3,2.55,28.25,30.80
34,55.83,1.635,-4.495,63.642,-707.722,63.642,-0.59,2000.0,54.50,196.2,2.55,28.25,30.80
35,57.47,1.634,-4.485,63.630,-706.088,63.630,-0.76,2000.0,54.45,196.0,2.55,28.25,30.80
36,59.10,1.632,-4.475,63.614,-704.455,63.614,-0.95,2000.0,54.39,195.8,2.55,28.25,30.80
37,60.73,1.630,-4.465,63.599,-702.825,63.599,-0.93,2000.0,54.32,195.5,2.55,28.20,30.75
38,62.36,1.629,-4.455,63.586,-701.196,63.586,-0.83,2000.0,54.27,195.4,2.55,28.20,30.75
39,63.99,1.626,-4.445,63.574,-699.570,63.574,-0.73,2000.0,54.18,195.0,2.55,28.20,30.75
40,65.61,1.626,-4.434,63.563,-697.944,63.563,-0.67,2000.0,54.24,195.3,2.55,30.50,33.05
41,67.24,1.628,-4.423,63.551,-696.315,63.551,-0.71,2000.0,54.31,195.5,2.55,30.40,32.95
42,68.87,1.630,-4.412,63.538,-694.685,63.538,-0.78,2000.0,54.38,195.8,2.55,30.35,32.90
43,70.50,1.634,-4.400,63.525,-693.051,63.525,-0.85,2000.0,54.53,196.3,2.55,30.25,32.80
44,72.14,1.638,-4.388,63.511,-691.414,63.511,-0.84,2000.0,54.63,196.7,2.55,30.20,32.75
45,73.78,1.641,-4.375,63.497,-689.773,63.497,-0.85,2000.0,54.74,197.1,2.55,30.20,32.75
46,75.43,1.644,-4.362,63.483,-688.129,63.483,-0.88,2000.0,54.85,197.5,2.55,30.20,32.75
47,77.07,1.647,-4.348,63.468,-686.482,63.468,-0.87,2000.0,54.95,197.8,2.55,30.20,32.75
48,78.72,1.650,-4.334,63.454,-684.832,63.454,-0.85,2000.0,55.05,198.2,2.55,30.20,32.75
49,80.38,1.653,-4.319,63.441,-683.179,63.441,-0.77,2000.0,55.17,198.6,2.55,30.20,32.75
50,82.03,1.657,-4.304,63.431,-681.522,63.431,-0.65,2000.0,55.26,198.9,2.55,30.20,32.75
51,83.69,1.660,-4.288,63.421,-679.863,63.421,-0.57,2000.0,55.37,199.3,2.50,30.20,32.70
52,85.36,1.663,-4.272,63.412,-678.200,63.412,-0.57,2000.0,55.47,199.7,2.50,30.20,32.70
53,87.02,1.665,-4.255,63.402,-676.535,63.402,-0.59,2000.0,55.55,200.0,2.50,30.20,32.70
54,88.52,1.501,-4.241,63.392,-675.034,63.392,-0.63,2000.0,55.65,200.3,2.50,30.20,32.70
55,90.03,1.504,-4.226,63.383,-673.530,63.383,-0.64,2000.0,55.76,200.7,2.50,30.20,32.70
56,91.53,1.507,-4.211,63.374,-672.023,63.374,-0.60,2000.0,55.83,201.0,2.50,30.20,32.70
57,93.04,1.509,-4.196,63.364,-670.515,63.364,-0.64,2000.0,55.92,201.3,2.50,30.20,32.70
58,94.55,1.512,-4.182,63.354,-669.003,63.354,-0.65,2000.0,56.03,201.7,2.50,30.20,32.70
59,96.07,1.514,-4.167,63.345,-667.489,63.345,-0.62,2000.0,56.11,202.0,2.50,30.20,32.70
60,97.58,1.516,-4.153,63.335,-665.973,63.335,-0.63,2000.0,56.20,202.3,2.50,30.25,32.75
61,99.10,1.519,-4.139,63.326,-664.454,63.326,-0.62,2000.0,56.30,202.7,2.50,30.25,32.75
62,100.62,1.521,-4.125,63.316,-662.933,63.316,-0.62,2000.0,56.38,203.0,2.45,30.25,32.70
63,102.15,1.523,-4.112,63.306,-661.410,63.306,-0.65,2000.0,56.46,203.3,2.45,30.25,32.70
64,103.67,1.526,-4.098,63.296,-659.884,63.296,-0.70,2000.0,56.56,203.6,2.45,30.25,32.70
65,105.20,1.528,-4.085,63.285,-658.355,63.285,-0.71,2000.0,56.65,204.0,2.45,30.25,32.70
66,106.73,1.531,-4.073,63.273,-656.825,63.273,-0.76,2000.0,56.74,204.2,2.45,30.25,32.70
67,108.27,1.533,-4.061,63.261,-655.292,63.261,-0.82,2000.0,56.81,204.5,2.45,30.25,32.70
68,109.80,1.535,-4.048,63.247,-653.757,63.247,-0.89,2000.0,56.91,204.9,2.45,30.25,32.70
69,111.34,1.538,-4.037,63.233,-652.219,63.233,-0.88,2000.0,57.00,205.2,2.45,30.25,32.70
70,112.88,1.541,-4.025,63.220,-650.679,63.220,-0.87,2000.0,57.10,205.5,2.45,30.25,32.70
71,114.42,1.543,-4.014,63.207,-649.136,63.207,-0.82,2000.0,57.18,205.8,2.45,30.25,32.70
72,115.97,1.545,-4.003,63.195,-647.591,63.195,-0.80,2000.0,57.28,206.2,2.45,30.25,32.70
73,117.52,1.548,-3.993,63.183,-646.043,63.183,-0.78,2000.0,57.35,206.5,2.45,30.25,32.70
74,119.07,1.549,-3.983,63.170,-644.494,63.170,-0.81,2000.0,57.42,206.7,2.45,30.25,32.70
75,120.62,1.552,-3.973,63.157,-642.942,63.157,-0.85,2000.0,57.53,207.1,2.45,30.25,32.70
76,122.17,1.554,-3.963,63.145,-641.387,63.145,-0.77,2000.0,57.60,207.4,2.45,30.20,32.65
77,123.73,1.557,-3.953,63.134,-639.831,63.134,-0.72,2000.0,57.70,207.7,2.45,30.20,32.65
78,125.29,1.559,-3.943,63.124,-638.271,63.124,-0.64,2000.0,57.80,208.1,2.45,30.20,32.65
79,126.85,1.562,-3.934,63.115,-636.710,63.115,-0.56,2000.0,57.88,208.4,2.45,30.20,32.65
80,128.41,1.564,-3.925,63.107,-635.146,63.107,-0.53,2000.0,57.95,208.6,2.50,30.20,32.70
81,129.98,1.566,-3.915,63.099,-633.580,63.099,-0.51,2000.0,58.04,209.0,2.50,30.20,32.70
82,131.55,1.569,-3.906,63.091,-632.011,63.091,-0.48,2000.0,58.14,209.3,2.50,30.20,32.70
83,133.12,1.571,-3.896,63.084,-630.441,63.084,-0.44,2000.0,58.20,209.5,2.50,30.20,32.70
84,134.69,1.573,-3.887,63.077,-628.868,63.077,-0.47,2000.0,58.30,209.9,2.50,30.20,32.70
85,136.27,1.576,-3.877,63.069,-627.293,63.069,-0.47,2000.0,58.39,210.2,2.50,30.20,32.70
86,137.84,1.577,-3.867,63.062,-625.715,63.062,-0.46,2000.0,58.44,210.4,2.50,30.20,32.70
87,139.42,1.579,-3.857,63.054,-624.136,63.054,-0.53,2000.0,58.54,210.8,2.50,30.20,32.70
88,141.01,1.582,-3.847,63.045,-622.554,63.045,-0.53,2000.0,58.64,211.1,2.50,30.20,32.70
89,142.59,1.584,-3.837,63.037,-620.970,63.037,-0.56,2000.0,58.71,211.4,2.50,30.20,32.70
90,144.18,1.586,-3.827,63.027,-619.383,63.027,-0.61,2000.0,58.79,211.7,2.50,30.20,32.70
91,145.77,1.589,-3.816,63.017,-617.795,63.017,-0.64,2000.0,58.89,212.0,2.50,30.20,32.70
92,147.36,1.591,-3.806,63.006,-616.204,63.006,-0.67,2000.0,58.97,212.3,2.50,30.20,32.70
93,148.95,1.593,-3.795,62.995,-614.611,62.995,-0.70,2000.0,59.03,212.5,2.50,13.50,16.00
94,150.54,1.595,-3.784,62.983,-613.015,62.983,-0.76,2000.0,59.14,212.9,2.50,13.50,16.00
95,152.14,1.598,-3.773,62.971,-611.417,62.971,-0.75,2000.0,59.21,213.2,2.50,13.50,16.00
96,153.74,1.600,-3.763,62.959,-609.818,62.959,-0.77,2000.0,59.29,213.4,2.50,13.50,16.00
97,155.34,1.602,-3.752,62.946,-608.215,62.946,-0.78,2000.0,59.39,213.8,2.50,30.20,32.70
98,156.95,1.605,-3.741,62.934,-606.611,62.934,-0.75,2000.0,59.46,214.1,2.50,30.15,32.65
99,158.56,1.607,-3.730,62.921,-605.004,62.921,-0.79,2000.0,59.55,214.4,2.55,30.15,32.70
100,160.17,1.609,-3.720,62.909,-603.395,62.909,-0.79,2000.0,59.62,214.6,2.55,30.15,32.70
101,161.78,1.611,-3.709,62.896,-601.784,62.896,-0.81,2000.0,59.72,215.0,2.55,30.15,32.70
102,163.39,1.613,-3.699,62.883,-600.171,62.883,-0.79,2000.0,59.78,215.2,2.55,30.15,32.70
103,165.01,1.615,-3.689,62.870,-598.555,62.870,-0.81,2000.0,59.87,215.5,2.55,30.15,32.70
104,166.62,1.618,-3.679,62.857,-596.938,62.857,-0.79,2000.0,59.96,215.9,2.55,30.15,32.70
105,168.24,1.620,-3.670,62.845,-595.318,62.845,-0.76,2000.0,60.04,216.1,2.55,30.15,32.70
106,169.87,1.622,-3.660,62.833,-593.695,62.833,-0.72,2000.0,60.13,216.5,2.55,30.15,32.70
107,171.49,1.625,-3.651,62.822,-592.071,62.822,-0.70,2000.0,60.22,216.8,2.55,30.15,32.70
108,173.12,1.627,-3.642,62.810,-590.444,62.810,-0.69,2000.0,60.28,217.0,2.55,30.15,32.70
109,174.75,1.629,-3.634,62.798,-588.815,62.798,-0.76,2000.0,60.35,217.3,2.55,13.45,16.00
110,176.38,1.631,-3.625,62.785,-587.185,62.785,-0.79,2000.0,60.44,217.6,2.55,30.15,32.70
111,178.01,1.633,-3.617,62.772,-585.551,62.772,-0.82,2000.0,60.53,217.9,2.55,30.15,32.70
112,179.64,1.635,-3.609,62.759,-583.916,62.759,-0.81,2000.0,60.60,218.2,2.55,30.15,32.70
113,181.28,1.638,-3.601,62.745,-582.279,62.745,-0.83,2000.0,60.69,218.5,2.60,30.10,32.70
114,182.92,1.640,-3.593,62.732,-580.639,62.732,-0.82,2000.0,60.78,218.8,2.60,30.10,32.70
115,184.56,1.642,-3.585,62.718,-578.997,62.718,-0.84,2000.0,60.86,219.1,2.60,30.10,32.70
116,186.21,1.644,-3.577,62.703,-577.353,62.703,-0.87,2000.0,60.90,219.3,2.60,30.10,32.70
117,187.85,1.646,-3.569,62.688,-575.707,62.688,-0.96,2000.0,61.00,219.6,2.60,30.10,32.70
118,189.50,1.648,-3.561,62.672,-574.059,62.672,-0.94,2000.0,61.08,219.9,2.60,30.10,32.70
119,191.15,1.651,-3.552,62.657,-572.409,62.657,-0.94,2000.0,61.18,220.2,2.60,30.10,32.70
120,192.81,1.653,-3.544,62.641,-570.756,62.641,-0.95,2000.0,61.22,220.4,2.60,30.10,32.70
121,194.46,1.654,-3.536,62.624,-569.102,62.624,-1.02,2000.0,61.31,220.7,2.60,30.10,32.70
122,196.12,1.657,-3.527,62.607,-567.446,62.607,-1.02,2000.0,61.41,221.1,2.60,30.10,32.70
123,197.78,1.659,-3.518,62.591,-565.787,62.591,-0.99,2000.0,61.48,221.3,2.60,30.10,32.70
124,199.44,1.661,-3.509,62.575,-564.126,62.575,-0.98,2000.0,61.57,221.6,2.60,30.05,32.65
125,201.10,1.664,-3.500,62.558,-562.462,62.558,-0.97,2000.0,61.65,221.9,2.60,30.05,32.65
126,202.77,1.666,-3.490,62.542,-560.796,62.542,-1.00,2000.0,61.72,222.2,2.60,30.05,32.65
127,204.43,1.667,-3.481,62.524,-559.129,62.524,-1.09,2000.0,61.79,222.4,2.65,30.05,32.70
128,206.10,1.669,-3.471,62.504,-557.460,62.504,-1.18,2000.0,61.85,222.7,2.65,30.05,32.70
129,207.77,1.671,-3.461,62.483,-555.789,62.483,-1.23,2000.0,61.93,223.0,2.65,30.05,32.70
130,209.45,1.674,-3.450,62.463,-554.115,62.463,-1.23,2000.0,62.04,223.3,2.65,30.05,32.70
131,211.12,1.676,-3.440,62.443,-552.439,62.443,-1.20,2000.0,62.11,223.6,2.65,30.05,32.70
132,212.80,1.678,-3.429,62.423,-550.761,62.423,-1.17,2000.0,62.19,223.9,2.65,30.05,32.70
133,214.48,1.681,-3.418,62.404,-549.081,62.404,-1.15,2000.0,62.27,224.2,2.65,30.05,32.70
134,216.17,1.683,-3.407,62.385,-547.399,62.385,-1.11,2000.0,62.35,224.5,2.65,30.05,32.70
135,217.85,1.685,-3.395,62.366,-545.714,62.366,-1.10,2000.0,62.44,224.8,2.65,30.05,32.70
136,219.54,1.687,-3.384,62.348,-544.027,62.348,-1.08,2000.0,62.49,225.0,2.65,30.05,32.70
137,221.04,1.501,-3.374,62.332,-542.527,62.332,-1.08,2000.0,62.57,225.3,2.65,30.05,32.70
138,222.54,1.503,-3.363,62.316,-541.024,62.316,-1.04,2000.0,62.65,225.5,2.65,30.05,32.70
139,224.04,1.504,-3.353,62.301,-539.520,62.301,-1.00,2000.0,62.71,225.8,2.65,30.05,32.70
140,225.55,1.506,-3.342,62.286,-538.014,62.286,-1.04,2000.0,62.78,226.0,2.65,30.05,32.70
141,227.06,1.507,-3.331,62.270,-536.506,62.270,-1.04,2000.0,62.83,226.2,2.65,30.05,32.70
142,228.57,1.509,-3.321,62.254,-534.998,62.254,-1.07,2000.0,62.92,226.5,2.65,30.05,32.70
143,230.08,1.511,-3.310,62.238,-533.487,62.238,-1.06,2000.0,62.99,226.8,2.65,30.05,32.70
144,231.59,1.512,-3.299,62.222,-531.974,62.222,-1.04,2000.0,63.04,226.9,2.65,30.05,32.70
145,233.10,1.514,-3.288,62.206,-530.461,62.206,-1.08,2000.0,63.13,227.3,2.65,30.05,32.70
146,234.62,1.516,-3.277,62.190,-528.945,62.190,-1.06,2000.0,63.18,227.5,2.65,30.05,32.70
147,236.14,1.517,-3.266,62.174,-527.428,62.174,-1.06,2000.0,63.25,227.7,2.65,30.05,32.70
148,237.66,1.519,-3.255,62.158,-525.909,62.158,-1.04,2000.0,63.33,228.0,2.65,30.05,32.70
149,239.18,1.521,-3.243,62.142,-524.388,62.142,-1.01,2000.0,63.40,228.3,2.65,30.05,32.70
150,240.70,1.523,-3.232,62.127,-522.865,62.127,-1.00,2000.0,63.47,228.5,2.65,30.05,32.70
151,242.22,1.524,-3.221,62.112,-521.341,62.112,-1.02,2000.0,63.53,228.7,2.70,30.05,32.75
152,243.75,1.525,-3.209,62.096,-519.816,62.096,-1.05,2000.0,63.58,228.9,2.70,30.05,32.75
153,245.28,1.527,-3.197,62.079,-518.289,62.079,-1.06,2000.0,63.67,229.2,2.70,30.05,32.75
154,246.81,1.529,-3.185,62.064,-516.760,62.064,-1.04,2000.0,63.74,229.4,2.70,30.05,32.75
155,248.34,1.530,-3.173,62.048,-515.230,62.048,-1.04,2000.0,63.79,229.6,2.70,30.05,32.75
156,249.87,1.532,-3.161,62.031,-513.698,62.031,-1.09,2000.0,63.86,229.9,2.70,30.05,32.75
157,251.40,1.533,-3.148,62.014,-512.165,62.014,-1.09,2000.0,63.91,230.1,2.70,30.05,32.75
158,252.94,1.535,-3.136,61.997,-510.630,61.997,-1.10,2000.0,64.00,230.4,2.70,30.05,32.75
159,254.47,1.537,-3.123,61.980,-509.094,61.980,-1.10,2000.0,64.06,230.6,2.70,30.05,32.75
160,256.01,1.537,-3.110,61.963,-507.556,61.963,-1.11,2000.0,64.08,230.7,2.70,30.05,32.75
161,257.55,1.539,-3.096,61.946,-506.017,61.946,-1.16,2000.0,64.19,231.1,2.70,30.05,32.75
162,259.09,1.541,-3.083,61.928,-504.476,61.928,-1.12,2000.0,64.26,231.3,2.70,30.05,32.75
163,260.63,1.543,-3.069,61.911,-502.933,61.911,-1.10,2000.0,64.32,231.6,2.70,30.05,32.75
164,262.18,1.545,-3.055,61.894,-501.388,61.894,-1.11,2000.0,64.39,231.8,2.70,30.05,32.75
165,263.72,1.546,-3.040,61.877,-499.843,61.877,-1.11,2000.0,64.44,232.0,2.70,30.05,32.75
166,265.27,1.548,-3.026,61.859,-498.295,61.859,-1.13,2000.0,64.53,232.3,2.70,30.05,32.75
167,266.82,1.550,-3.011,61.842,-496.746,61.842,-1.11,2000.0,64.58,232.5,2.70,30.05,32.75
168,268.37,1.551,-2.996,61.825,-495.195,61.825,-1.13,2000.0,64.64,232.7,2.65,30.05,32.70
169,269.93,1.552,-2.981,61.807,-493.643,61.807,-1.12,2000.0,64.71,233.0,2.65,30.05,32.70
170,271.48,1.554,-2.966,61.790,-492.089,61.790,-1.09,2000.0,64.79,233.2,2.65,30.05,32.70
171,273.04,1.556,-2.950,61.774,-490.533,61.774,-1.07,2000.0,64.85,233.4,2.65,30.05,32.70
172,274.59,1.557,-2.935,61.757,-488.977,61.757,-1.11,2000.0,64.88,233.6,2.65,30.05,32.70
173,276.15,1.558,-2.919,61.739,-487.419,61.739,-1.16,2000.0,64.96,233.9,2.65,30.05,32.70
174,277.71,1.560,-2.903,61.720,-485.859,61.720,-1.16,2000.0,65.05,234.2,2.65,30.05,32.70
175,279.27,1.562,-2.887,61.702,-484.297,61.702,-1.15,2000.0,65.09,234.3,2.65,30.05,32.70
176,280.83,1.563,-2.871,61.684,-482.735,61.684,-1.21,2000.0,65.15,234.6,2.65,30.10,32.75
177,282.40,1.565,-2.855,61.664,-481.170,61.664,-1.26,2000.0,65.22,234.8,2.65,30.10,32.75
178,283.97,1.566,-2.839,61.643,-479.605,61.643,-1.30,2000.0,65.26,234.9,2.65,30.10,32.75
179,285.53,1.567,-2.822,61.622,-478.037,61.622,-1.34,2000.0,65.35,235.3,2.65,30.10,32.75
180,287.10,1.569,-2.806,61.601,-476.468,61.601,-1.33,2000.0,65.42,235.5,2.65,30.10,32.75
181,288.67,1.571,-2.790,61.581,-474.897,61.581,-1.31,2000.0,65.48,235.7,2.65,30.10,32.75
182,290.25,1.572,-2.774,61.560,-473.325,61.560,-1.31,2000.0,65.55,236.0,2.60,30.10,32.70
183,291.82,1.574,-2.758,61.540,-471.751,61.540,-1.31,2000.0,65.61,236.2,2.60,30.10,32.70
184,293.40,1.576,-2.742,61.519,-470.176,61.519,-1.31,2000.0,65.67,236.4,2.60,30.10,32.70
185,294.97,1.577,-2.726,61.499,-468.600,61.499,-1.30,2000.0,65.73,236.6,2.60,30.10,32.70
186,296.55,1.578,-2.710,61.478,-467.021,61.478,-1.30,2000.0,65.80,236.9,2.60,30.10,32.70
187,298.13,1.580,-2.695,61.458,-465.441,61.458,-1.27,2000.0,65.86,237.1,2.60,30.10,32.70
188,299.71,1.581,-2.679,61.438,-463.861,61.438,-1.27,2000.0,65.88,237.2,2.60,30.10,32.70
189,301.29,1.581,-2.664,61.418,-462.280,61.418,-1.28,2000.0,65.84,237.0,2.60,30.10,32.70
190,302.87,1.579,-2.649,61.397,-460.701,61.397,-1.29,2000.0,65.78,236.8,2.60,30.15,32.75
191,304.45,1.578,-2.634,61.377,-459.123,61.377,-1.30,2000.0,65.73,236.6,2.60,30.15,32.75
192,306.03,1.577,-2.619,61.356,-457.546,61.356,-1.34,2000.0,65.67,236.4,2.60,30.15,32.75
193,307.60,1.575,-2.605,61.333,-455.971,61.333,-1.42,2000.0,65.62,236.2,2.60,30.15,32.75
194,309.18,1.574,-2.590,61.310,-454.397,61.310,-1.48,2000.0,65.55,236.0,2.60,30.15,32.75
195,310.75,1.572,-2.576,61.287,-452.825,61.287,-1.49,2000.0,65.50,235.8,2.55,30.15,32.70
196,312.32,1.571,-2.563,61.262,-451.254,61.262,-1.54,2000.0,65.43,235.6,2.55,30.15,32.70
197,313.89,1.570,-2.549,61.238,-449.685,61.238,-1.52,2000.0,65.37,235.3,2.55,30.15,32.70
198,315.46,1.568,-2.536,61.215,-448.118,61.215,-1.51,2000.0,65.27,235.0,2.55,30.15,32.70
199,317.02,1.566,-2.523,61.191,-446.552,61.191,-1.52,2000.0,65.22,234.8,2.55,30.20,32.75
200,318.59,1.565,-2.511,61.168,-444.987,61.168,-1.50,2000.0,65.24,234.9,2.55,30.30,32.85
201,320.15,1.566,-2.499,61.144,-443.421,61.144,-1.49,2000.0,65.29,235.0,2.55,30.40,32.95
202,321.72,1.568,-2.486,61.121,-441.853,61.121,-1.47,2000.0,65.34,235.2,2.55,30.50,33.05
203,323.29,1.569,-2.474,61.098,-440.285,61.098,-1.48,2000.0,65.38,235.4,2.55,30.60,33.15
204,324.86,1.569,-2.463,61.075,-438.716,61.075,-1.48,2000.0,65.42,235.5,2.55,30.70,33.25
205,326.43,1.571,-2.451,61.051,-437.145,61.051,-1.48,2000.0,65.49,235.8,2.55,30.75,33.30
206,328.00,1.572,-2.440,61.029,-435.572,61.029,-1.42,2000.0,65.54,236.0,2.55,30.75,33.30
207,329.58,1.574,-2.429,61.007,-433.999,61.007,-1.39,2000.0,65.60,236.2,2.55,30.75,33.30
208,331.15,1.575,-2.418,60.986,-432.424,60.986,-1.35,2000.0,65.65,236.3,2.55,30.75,33.30
209,332.73,1.576,-2.407,60.965,-430.848,60.965,-1.35,2000.0,65.71,236.6,2.55,30.75,33.30
210,334.31,1.578,-2.396,60.944,-429.270,60.944,-1.32,2000.0,65.76,236.7,2.55,30.75,33.30
211,335.89,1.579,-2.386,60.923,-427.691,60.923,-1.33,2000.0,65.81,236.9,2.55,30.75,33.30
212,337.47,1.580,-2.376,60.901,-426.112,60.901,-1.35,2000.0,65.85,237.1,2.55,30.75,33.30
213,339.05,1.581,-2.367,60.880,-424.531,60.880,-1.37,2000.0,65.91,237.3,2.55,30.75,33.30
214,340.63,1.582,-2.358,60.859,-422.948,60.859,-1.34,2000.0,65.95,237.4,2.55,30.75,33.30
215,342.21,1.584,-2.349,60.837,-421.365,60.837,-1.35,2000.0,66.02,237.7,2.60,30.75,33.35
216,343.80,1.585,-2.341,60.815,-419.780,60.815,-1.38,2000.0,66.04,237.7,2.60,30.75,33.35
217,345.38,1.585,-2.333,60.792,-418.195,60.792,-1.47,2000.0,66.05,237.8,2.60,30.75,33.35
218,346.97,1.586,-2.325,60.768,-416.609,60.768,-1.53,2000.0,66.14,238.1,2.60,30.75,33.35
219,348.56,1.588,-2.319,60.744,-415.021,60.744,-1.50,2000.0,66.21,238.4,2.60,30.75,33.35
220,350.15,1.590,-2.313,60.721,-413.432,60.721,-1.47,2000.0,66.26,238.5,2.60,30.75,33.35
221,351.74,1.591,-2.308,60.697,-411.841,60.697,-1.50,2000.0,66.29,238.7,2.60,30.70,33.30
222,353.33,1.592,-2.304,60.672,-410.250,60.672,-1.54,2000.0,66.35,238.9,2.65,30.70,33.35
223,354.92,1.593,-2.301,60.648,-408.657,60.648,-1.54,2000.0,66.41,239.1,2.65,24.10,26.75
224,356.52,1.595,-2.299,60.623,-407.062,60.623,-1.54,2000.0,66.46,239.2,2.65,23.80,26.45
225,358.11,1.596,-2.298,60.598,-405.467,60.598,-1.55,2000.0,66.51,239.4,2.65,23.55,26.20
226,359.71,1.597,-2.297,60.573,-403.870,60.573,-1.56,2000.0,66.56,239.6,2.70,23.25,25.95
227,361.31,1.598,-2.299,60.548,-402.272,60.548,-1.56,2000.0,66.61,239.8,2.70,22.95,25.65
228,362.91,1.599,-2.301,60.523,-400.673,60.523,-1.58,2000.0,66.66,240.0,2.70,22.65,25.35
229,364.51,1.600,-2.304,60.497,-399.073,60.497,-1.60,2000.0,66.71,240.1,2.75,22.35,25.10
230,366.11,1.602,-2.309,60.471,-397.471,60.471,-1.64,2000.0,66.76,240.3,2.75,22.05,24.80
231,367.71,1.603,-2.314,60.444,-395.869,60.444,-1.70,2000.0,66.80,240.5,2.75,21.75,24.50
232,369.32,1.604,-2.321,60.415,-394.266,60.415,-1.79,2000.0,66.83,240.6,2.80,21.45,24.25
233,370.92,1.605,-2.329,60.385,-392.661,60.385,-1.86,2000.0,66.88,240.8,2.80,21.15,23.95
234,372.53,1.606,-2.338,60.355,-391.056,60.355,-1.86,2000.0,66.93,241.0,2.85,20.85,23.70
235,374.13,1.607,-2.348,60.326,-389.449,60.326,-1.82,2000.0,67.00,241.2,2.85,20.55,23.40
236,375.74,1.609,-2.360,60.297,-387.840,60.297,-1.80,2000.0,67.04,241.4,2.90,20.20,23.10
237,377.35,1.609,-2.373,60.268,-386.232,60.268,-1.79,2000.0,67.04,241.3,2.90,19.90,22.80
238,378.96,1.610,-2.388,60.238,-384.622,60.238,-1.84,2000.0,67.13,241.7,2.95,19.60,22.55
239,380.57,1.612,-2.403,60.210,-383.011,60.210,-1.79,2000.0,67.17,241.8,2.95,19.30,22.25
240,382.18,1.613,-2.420,60.181,-381.398,60.181,-1.79,2000.0,67.22,242.0,3.00,19.00,22.00
241,383.80,1.614,-2.438,60.152,-379.784,60.152,-1.78,2000.0,67.30,242.3,3.05,18.75,21.80
242,385.42,1.616,-2.457,60.124,-378.169,60.124,-1.75,2000.0,67.35,242.5,3.05,18.70,21.75
243,387.03,1.617,-2.476,60.095,-376.552,60.095,-1.75,2000.0,67.38,242.6,3.10,18.65,21.75
244,388.65,1.618,-2.497,60.067,-374.935,60.067,-1.76,2000.0,67.42,242.7,3.10,18.60,21.70
245,390.27,1.619,-2.518,60.039,-373.316,60.039,-1.73,2000.0,67.49,243.0,3.15,18.55,21.70
246,391.89,1.620,-2.541,60.012,-371.697,60.012,-1.66,2000.0,67.52,243.1,3.20,18.50,21.70
247,393.51,1.621,-2.564,59.986,-370.076,59.986,-1.59,2000.0,67.57,243.2,3.25,18.45,21.70
248,395.13,1.623,-2.587,59.961,-368.454,59.961,-1.58,2000.0,67.63,243.5,3.25,18.35,21.60
249,396.76,1.623,-2.612,59.936,-366.831,59.936,-1.55,2000.0,67.63,243.5,3.30,18.30,21.60
250,398.38,1.624,-2.637,59.910,-365.207,59.910,-1.60,2000.0,67.70,243.7,3.35,18.25,21.60
251,400.01,1.626,-2.662,59.884,-363.582,59.884,-1.57,2000.0,67.77,244.0,3.40,18.20,21.60
252,401.63,1.627,-2.689,59.859,-361.955,59.859,-1.53,2000.0,67.82,244.1,3.40,18.15,21.55
253,403.26,1.628,-2.716,59.835,-360.327,59.835,-1.49,2000.0,67.86,244.3,3.45,18.05,21.50
254,404.89,1.630,-2.744,59.810,-358.698,59.810,-1.50,2000.0,67.92,244.5,3.50,18.00,21.50
255,406.52,1.630,-2.773,59.786,-357.068,59.786,-1.52,2000.0,67.92,244.5,3.55,17.95,21.50
256,408.15,1.631,-2.802,59.759,-355.438,59.759,-1.63,2000.0,67.98,244.7,3.60,17.85,21.45
257,409.78,1.633,-2.832,59.732,-353.806,59.732,-1.68,2000.0,68.05,245.0,3.60,17.80,21.40
258,411.42,1.634,-2.863,59.704,-352.173,59.704,-1.71,2000.0,68.08,245.1,3.65,17.70,21.35
259,413.05,1.634,-2.895,59.675,-350.539,59.675,-1.77,2000.0,68.13,245.3,3.70,17.60,21.30
260,414.69,1.636,-2.928,59.645,-348.903,59.645,-1.80,2000.0,68.20,245.5,3.75,17.45,21.20
261,416.33,1.637,-2.962,59.616,-347.266,59.616,-1.81,2000.0,68.24,245.7,3.80,17.35,21.15
262,417.96,1.638,-2.998,59.585,-345.629,59.585,-1.87,2000.0,68.26,245.7,3.85,17.25,21.10
263,419.60,1.639,-3.034,59.554,-343.991,59.554,-1.91,2000.0,68.30,245.9,3.90,17.15,21.05
264,421.24,1.640,-3.071,59.522,-342.352,59.522,-1.93,1973.4,68.37,246.1,3.95,17.00,20.95
265,422.88,1.641,-3.111,59.491,-340.711,59.491,-1.89,1889.9,68.37,246.1,4.00,16.90,20.90
266,424.53,1.642,-3.151,59.460,-339.070,59.460,-1.92,1799.0,68.46,246.5,4.05,16.80,20.85
267,426.17,1.644,-3.193,59.429,-337.427,59.429,-1.88,1736.1,68.52,246.7,4.10,16.65,20.75
268,427.81,1.645,-3.237,59.398,-335.783,59.398,-1.86,1681.6,68.56,246.8,4.15,16.55,20.70
269,429.46,1.646,-3.282,59.367,-334.138,59.367,-1.89,1644.2,68.60,247.0,4.25,16.40,20.65
270,431.11,1.647,-3.329,59.336,-332.492,59.336,-1.90,1642.4,68.64,247.1,4.30,16.30,20.60
271,432.76,1.648,-3.378,59.304,-330.845,59.304,-1.89,1705.9,68.70,247.3,4.35,16.15,20.50
272,434.40,1.649,-3.429,59.274,-329.197,59.274,-1.86,1823.0,68.71,247.3,4.40,16.05,20.45
273,436.05,1.648,-3.482,59.243,-327.550,59.243,-1.87,1978.6,68.65,247.1,4.45,15.90,20.35
274,437.70,1.646,-3.535,59.211,-325.905,59.211,-1.95,2000.0,68.50,246.6,4.55,15.80,20.35
275,439.34,1.641,-3.590,59.177,-324.266,59.177,-2.07,2000.0,68.25,245.7,4.60,15.65,20.25
276,440.97,1.634,-3.645,59.141,-322.633,59.141,-2.20,2000.0,67.93,244.6,4.65,15.50,20.15
277,442.60,1.625,-3.700,59.105,-321.010,59.105,-2.21,2000.0,67.49,243.0,4.75,15.35,20.10
278,444.21,1.613,-3.757,59.071,-319.398,59.071,-2.10,2000.0,67.05,241.4,4.80,15.10,19.90
279,445.82,1.604,-3.815,59.038,-317.795,59.038,-2.05,2000.0,66.66,240.0,4.85,14.85,19.70
280,447.41,1.596,-3.874,59.007,-316.201,59.007,-1.97,2000.0,66.34,238.8,4.95,14.60,19.55
281,449.00,1.587,-3.933,58.976,-314.615,58.976,-1.97,2000.0,65.98,237.5,5.00,14.35,19.35
282,450.58,1.578,-3.993,58.944,-313.038,58.944,-1.99,2000.0,65.59,236.1,5.05,14.10,19.15
283,452.15,1.570,-4.054,58.913,-311.470,58.913,-1.98,2000.0,65.26,234.9,5.15,13.90,19.05
284,453.71,1.561,-4.115,58.882,-309.910,58.882,-1.99,1990.8,64.86,233.5,5.20,13.65,18.85
285,455.26,1.550,-4.177,58.852,-308.362,58.852,-1.93,1931.9,64.38,231.8,5.30,13.40,18.70
286,456.80,1.539,-4.241,58.824,-306.825,58.824,-1.80,1955.5,63.94,230.2,5.35,13.15,18.50
287,458.33,1.530,-4.305,58.798,-305.296,58.798,-1.76,1996.9,63.60,229.0,5.40,12.90,18.30
288,459.85,1.523,-4.370,58.771,-303.775,58.771,-1.77,2000.0,63.34,228.0,5.50,12.65,18.15
289,461.36,1.516,-4.436,58.742,-302.260,58.742,-1.88,2000.0,63.05,227.0,5.55,12.45,18.00
290,462.87,1.509,-4.502,58.712,-300.753,58.712,-1.99,2000.0,62.71,225.8,5.65,12.20,17.85
291,464.56,1.687,-4.578,58.678,-299.068,58.678,-2.00,2000.0,62.33,224.4,5.70,11.90,17.60
292,466.24,1.676,-4.655,58.644,-297.394,58.644,-2.04,1934.4,61.89,222.8,5.80,11.65,17.45
293,467.90,1.666,-4.732,58.610,-295.730,58.610,-2.05,1837.9,61.56,221.6,5.85,11.40,17.25
294,469.56,1.657,-4.811,58.575,-294.076,58.575,-2.14,1697.0,61.19,220.3,5.95,11.10,17.05
295,471.21,1.647,-4.891,58.539,-292.431,58.539,-2.18,1572.4,60.87,219.1,6.00,10.85,16.85
296,472.84,1.637,-4.972,58.501,-290.797,58.501,-2.28,1463.9,60.40,217.4,6.05,10.55,16.60
297,474.47,1.626,-5.054,58.465,-289.173,58.465,-2.25,1364.7,60.09,216.3,6.05,10.30,16.35
298,476.08,1.614,-5.137,58.429,-287.562,58.429,-2.21,1280.6,59.52,214.3,6.10,10.00,16.10
299,477.68,1.600,-5.222,58.396,-285.964,58.396,-2.10,1233.5,59.06,212.6,6.10,9.70,15.80
300,479.27,1.588,-5.309,58.363,-284.378,58.363,-2.03,1196.0,58.67,211.2,6.05,9.45,15.50
301,480.85,1.580,-5.396,58.331,-282.801,58.331,-2.05,1153.7,58.40,210.2,6.05,9.15,15.20
302,482.42,1.570,-5.485,58.297,-281.234,58.297,-2.15,1108.6,57.93,208.5,6.00,8.85,14.85
303,483.98,1.558,-5.576,58.264,-279.679,58.264,-2.10,1076.6,57.51,207.0,6.00,8.60,14.60
304,485.53,1.546,-5.668,58.232,-278.136,58.232,-2.10,1056.4,57.08,205.5,5.95,8.30,14.25
305,487.06,1.535,-5.762,58.201,-276.604,58.201,-2.03,1046.2,56.70,204.1,5.90,8.00,13.90
306,488.59,1.526,-5.858,58.169,-275.082,58.169,-2.07,1039.2,56.36,202.9,5.85,7.75,13.60
307,490.10,1.515,-5.955,58.137,-273.570,58.137,-2.13,1054.5,55.95,201.4,5.85,7.45,13.30
308,491.61,1.506,-6.054,58.105,-272.067,58.105,-2.15,1063.3,55.60,200.1,5.80,7.15,12.95
309,493.27,1.660,-6.166,58.069,-270.411,58.069,-2.17,1042.3,55.15,198.5,5.75,6.85,12.60
310,494.92,1.649,-6.279,58.031,-268.767,58.031,-2.25,1008.8,54.76,197.1,5.65,6.85,12.50
311,496.55,1.636,-6.395,57.994,-267.135,57.994,-2.27,971.5,54.41,195.9,5.60,6.80,12.40
312,498.18,1.627,-6.511,57.955,-265.513,57.955,-2.43,922.6,54.03,194.5,5.55,6.80,12.35
313,499.79,1.613,-6.630,57.916,-263.906,57.916,-2.44,880.9,53.51,192.7,5.45,6.80,12.25
314,501.39,1.598,-6.750,57.878,-262.313,57.878,-2.37,869.1,53.09,191.1,5.40,6.80,12.20
315,502.98,1.586,-6.873,57.840,-260.732,57.840,-2.39,864.0,52.61,189.4,5.30,6.80,12.10
316,504.55,1.573,-6.999,57.803,-259.165,57.803,-2.33,866.2,52.35,188.5,5.25,6.85,12.10
317,506.11,1.564,-7.125,57.763,-257.607,57.763,-2.57,861.0,51.92,186.9,5.20,6.85,12.05
318,507.66,1.552,-7.253,57.723,-256.061,57.723,-2.58,858.3,51.56,185.6,5.10,6.90,12.00
319,509.21,1.543,-7.383,57.681,-254.524,57.681,-2.75,832.4,51.27,184.6,5.05,6.95,12.00
320,510.74,1.530,-7.515,57.637,-253.000,57.637,-2.85,799.4,50.79,182.8,5.00,7.00,12.00
321,512.26,1.518,-7.649,57.594,-251.489,57.594,-2.80,762.9,50.49,181.8,4.95,7.00,11.95
322,513.76,1.508,-7.785,57.550,-249.988,57.550,-2.98,731.7,50.07,180.3,4.90,7.05,11.95
323,515.41,1.645,-7.936,57.501,-248.351,57.501,-2.96,690.4,49.63,178.7,4.85,7.10,11.95
324,517.04,1.630,-8.091,57.452,-246.729,57.452,-3.01,657.4,49.17,177.0,4.80,7.15,11.95
325,518.65,1.614,-8.247,57.403,-245.123,57.403,-3.01,638.9,48.68,175.2,4.75,7.20,11.95
326,520.25,1.598,-8.407,57.357,-243.533,57.357,-2.92,634.8,48.27,173.8,4.75,7.25,12.00
327,521.84,1.585,-8.569,57.310,-241.958,57.310,-2.97,644.6,47.78,172.0,4.70,7.30,12.00
328,523.41,1.570,-8.734,57.263,-240.397,57.263,-2.96,682.0,47.40,170.6,4.65,7.35,12.00
329,524.96,1.554,-8.901,57.217,-238.853,57.217,-2.95,745.8,46.88,168.8,4.65,7.40,12.05
330,526.50,1.541,-9.069,57.172,-237.322,57.172,-2.97,825.3,46.52,167.5,4.60,7.45,12.05
331,528.03,1.526,-9.239,57.126,-235.806,57.126,-2.98,930.0,46.06,165.8,4.60,7.50,12.10
332,529.54,1.514,-9.410,57.080,-234.302,57.080,-3.06,1051.4,45.71,164.5,4.55,7.60,12.15
333,531.18,1.636,-9.597,57.028,-232.678,57.028,-3.17,1184.1,45.28,163.0,4.55,7.65,12.20
334,532.80,1.623,-9.785,56.974,-231.067,56.974,-3.33,1320.7,44.87,161.5,4.50,7.70,12.20
335,534.41,1.608,-9.972,56.918,-229.471,56.918,-3.47,1496.3,44.48,160.1,4.45,7.80,12.25
336,536.00,1.591,-10.160,56.862,-227.892,56.862,-3.54,1696.3,43.98,158.3,4.45,7.85,12.30
337,537.57,1.572,-10.347,56.807,-226.331,56.807,-3.52,2000.0,43.39,156.2,4.40,7.95,12.35
338,539.12,1.554,-10.533,56.753,-224.789,56.753,-3.48,2000.0,42.98,154.7,4.40,8.00,12.40
339,540.66,1.536,-10.717,56.700,-223.265,56.700,-3.45,2000.0,42.46,152.9,5.15,8.10,13.25
340,542.18,1.523,-10.901,56.646,-221.755,56.646,-3.56,2000.0,42.06,151.4,5.10,8.20,13.30
341,543.69,1.503,-11.082,56.592,-220.264,56.592,-3.56,2000.0,41.57,149.7,5.10,8.25,13.35
342,545.29,1.608,-11.277,56.535,-218.668,56.535,-3.58,2000.0,40.96,147.4,5.05,8.35,13.40
343,546.88,1.589,-11.470,56.479,-217.092,56.479,-3.49,2000.0,40.53,145.9,5.00,8.45,13.45
344,548.45,1.570,-11.660,56.424,-215.535,56.424,-3.52,2000.0,40.03,144.1,4.95,8.55,13.50
345,550.00,1.549,-11.848,56.370,-213.998,56.370,-3.46,2000.0,39.51,142.2,4.90,8.65,13.55
346,551.53,1.530,-12.035,56.317,-212.480,56.317,-3.52,2000.0,38.97,140.3,4.90,8.75,13.65
347,553.04,1.511,-12.219,56.265,-210.981,56.265,-3.39,2000.0,38.53,138.7,4.85,8.85,13.70
348,554.65,1.607,-12.415,56.210,-209.388,56.210,-3.46,2000.0,38.05,137.0,4.80,9.00,13.80
349,556.24,1.586,-12.609,56.154,-207.815,56.154,-3.53,2000.0,37.54,135.2,4.75,9.10,13.85
350,557.80,1.566,-12.802,56.096,-206.261,56.096,-3.69,2000.0,37.05,133.4,4.70,9.25,13.95
351,559.35,1.543,-12.992,56.038,-204.731,56.038,-3.74,2000.0,36.53,131.5,4.60,9.35,13.95
352,560.87,1.523,-13.181,55.978,-203.221,55.978,-3.95,2000.0,35.92,129.3,4.55,9.50,14.05
353,562.47,1.602,-13.380,55.917,-201.632,55.917,-3.84,2000.0,35.35,127.3,4.50,9.60,14.10
354,564.05,1.578,-13.577,55.854,-200.068,55.854,-3.99,2000.0,34.75,125.1,8.85,9.75,18.60
355,565.60,1.548,-13.772,55.794,-198.534,55.794,-3.88,2000.0,34.23,123.2,8.80,9.85,18.65
356,567.12,1.526,-13.965,55.730,-197.022,55.730,-4.16,2000.0,33.51,120.6,8.75,10.00,18.75
357,568.72,1.597,-14.168,55.665,-195.439,55.665,-4.07,2000.0,33.06,119.0,8.70,10.15,18.85
358,570.28,1.566,-14.368,55.601,-193.888,55.601,-4.09,2000.0,32.31,116.3,8.65,10.25,18.90
359,571.83,1.544,-14.567,55.538,-192.357,55.538,-4.10,2000.0,31.97,115.1,8.60,10.40,19.00
360,573.35,1.523,-14.764,55.476,-190.848,55.476,-4.09,2000.0,31.60,113.7,8.55,10.50,19.05
361,574.86,1.506,-14.959,55.411,-189.357,55.411,-4.31,2000.0,31.14,112.1,8.50,10.65,19.15
362,576.43,1.574,-15.163,55.343,-187.797,55.343,-4.32,2000.0,30.65,110.3,8.40,10.80,19.20
363,577.98,1.548,-15.363,55.277,-186.263,55.277,-4.26,2000.0,30.07,108.2,8.35,10.95,19.30
364,579.50,1.521,-15.559,55.217,-184.756,55.217,-3.98,2000.0,29.62,106.6,8.30,11.10,19.40
365,581.09,1.586,-15.763,55.151,-183.185,55.151,-4.14,1685.4,29.11,104.8,8.25,11.25,19.50
366,582.64,1.556,-15.962,55.088,-181.643,55.088,-4.07,1289.1,28.58,102.9,8.20,11.40,19.60
367,584.17,1.530,-16.155,55.027,-180.127,55.027,-3.98,1042.1,28.09,101.1,8.15,11.55,19.70
368,585.68,1.503,-16.343,54.966,-178.637,54.966,-4.05,880.9,27.61,99.4,8.05,11.70,19.75
369,587.23,1.557,-16.535,54.901,-177.093,54.901,-4.21,758.9,27.03,97.3,8.00,11.85,19.85
370,588.76,1.528,-16.720,54.834,-175.578,54.834,-4.35,693.3,26.64,95.9,7.90,12.00,19.90
371,590.26,1.502,-16.899,54.763,-174.088,54.763,-4.75,670.8,26.13,94.1,7.85,12.20,20.05
372,591.82,1.556,-17.080,54.689,-172.545,54.689,-4.76,704.4,25.72,92.6,7.75,12.35,20.10
373,593.35,1.530,-17.253,54.619,-171.026,54.619,-4.58,828.2,25.31,91.1,7.70,12.55,20.25
374,594.85,1.504,-17.420,54.556,-169.533,54.556,-4.20,1196.8,24.88,89.6,7.60,12.70,20.30
375,596.41,1.555,-17.590,54.495,-167.988,54.495,-3.92,2000.0,24.48,88.1,7.50,12.90,20.40
376,597.93,1.526,-17.756,54.436,-166.472,54.436,-3.87,2000.0,23.97,86.3,7.40,13.10,20.50
377,599.50,1.563,-17.926,54.373,-164.920,54.373,-4.03,1029.8,23.41,84.3,7.30,13.25,20.55
378,601.02,1.525,-18.094,54.309,-163.405,54.309,-4.17,581.3,22.85,82.3,7.20,13.45,20.65
379,602.58,1.558,-18.269,54.240,-161.858,54.240,-4.48,395.7,22.32,80.4,7.10,13.65,20.75
380,604.10,1.521,-18.446,54.170,-160.349,54.170,-4.58,295.8,21.82,78.5,7.00,13.80,20.80
381,605.65,1.551,-18.634,54.097,-158.812,54.097,-4.72,229.9,21.20,76.3,6.95,13.95,20.90
382,607.21,1.561,-18.833,54.023,-157.265,54.023,-4.74,183.9,20.44,73.6,6.85,14.10,20.95
383,608.77,1.557,-19.044,53.951,-155.724,53.951,-4.61,149.7,19.48,70.1,6.80,14.25,21.05
384,610.30,1.533,-19.266,53.884,-154.209,53.884,-4.37,121.5,18.43,66.3,6.75,14.40,21.15
385,611.82,1.513,-19.502,53.816,-152.716,53.816,-4.54,97.9,17.66,63.6,6.70,14.50,21.20
386,613.32,1.507,-19.759,53.744,-151.233,53.744,-4.77,79.0,17.03,61.3,6.70,14.55,21.25
387,614.83,1.510,-20.041,53.669,-149.751,53.669,-4.97,63.8,16.58,59.7,6.75,14.60,21.35
388,616.36,1.526,-20.355,53.590,-148.260,53.590,-5.20,52.7,16.24,58.5,6.80,14.65,21.45
389,617.90,1.544,-20.715,53.510,-146.760,53.510,-5.16,44.9,15.97,57.5,6.85,14.60,21.45
390,619.43,1.523,-21.124,53.435,-145.296,53.435,-4.93,39.9,15.77,56.8,7.05,14.55,21.60
391,620.93,1.503,-21.590,53.361,-143.869,53.361,-4.96,36.8,15.55,56.0,7.25,14.45,21.70
392,622.46,1.530,-22.133,53.287,-142.440,53.287,-4.83,35.0,15.37,55.3,7.60,14.35,21.95
393,623.97,1.512,-22.729,53.209,-141.053,53.209,-5.15,33.8,15.18,54.6,7.95,14.15,22.10
394,625.51,1.538,-23.399,53.129,-139.671,53.129,-5.20,32.9,14.99,54.0,8.45,13.95,22.40
395,627.03,1.519,-24.120,53.047,-138.336,53.047,-5.42,31.8,14.79,53.3,9.05,13.65,22.70
396,628.57,1.544,-24.917,52.965,-137.016,52.965,-5.35,30.6,14.62,52.6,9.75,13.35,23.10
397,630.10,1.525,-25.766,52.882,-135.752,52.882,-5.41,29.2,14.44,52.0,10.55,13.00,23.55
398,631.60,1.505,-26.669,52.801,-134.550,52.801,-5.38,28.2,14.25,51.3,11.50,12.65,24.15
399,633.13,1.529,-27.652,52.722,-133.382,52.722,-5.22,27.2,14.07,50.6,12.60,12.20,24.80
400,634.64,1.509,-28.687,52.643,-132.287,52.643,-5.24,26.8,13.89,50.0,13.95,11.70,25.65
401,636.17,1.531,-29.801,52.561,-131.240,52.561,-5.33,26.5,13.70,49.3,15.35,11.15,26.50
402,637.69,1.511,-30.961,52.482,-130.273,52.482,-5.23,26.7,13.53,48.7,17.15,10.55,27.70
403,639.22,1.533,-32.193,52.404,-129.366,52.404,-5.09,27.1,13.36,48.1,19.30,10.00,29.30
404,640.73,1.514,-33.461,52.331,-128.542,52.331,-4.84,27.8,13.21,47.6,21.90,9.45,31.35
405,642.27,1.535,-34.790,52.255,-127.777,52.255,-4.94,28.6,13.05,47.0,24.85,8.70,33.55
406,643.79,1.517,-36.143,52.181,-127.095,52.181,-4.93,29.6,12.90,46.4,28.40,7.75,36.15
407,645.32,1.539,-37.550,52.103,-126.475,52.103,-5.08,30.3,12.76,45.9,32.45,6.55,39.00
408,646.85,1.523,-38.969,52.018,-125.931,52.018,-5.58,30.7,12.63,45.5,34.75,5.15,39.90
409,648.36,1.508,-40.398,51.920,-125.457,51.920,-6.48,30.7,12.52,45.1,32.85,3.65,36.50
410,649.89,1.539,-41.876,51.801,-125.045,51.801,-7.80,30.3,12.53,45.1,30.25,2.50,32.75
411,651.44,1.543,-43.375,51.666,-124.707,51.666,-8.75,29.5,12.56,45.2,27.75,2.05,29.80
412,652.96,1.524,-44.871,51.527,-124.455,51.527,-9.19,28.9,12.73,45.8,25.55,1.90,27.45
413,654.49,1.528,-46.384,51.397,-124.282,51.397,-8.53,28.4,12.76,45.9,24.00,2.15,26.15
414,656.02,1.529,-47.905,51.271,-124.187,51.271,-8.27,27.9,12.74,45.9,22.85,2.65,25.50
415,657.55,1.529,-49.430,51.165,-124.180,51.165,-6.92,27.8,12.74,45.9,21.80,3.30,25.10
416,659.08,1.528,-50.954,51.092,-124.262,51.092,-4.83,27.8,12.74,45.8,21.00,4.10,25.10
417,660.60,1.526,-52.470,51.036,-124.427,51.036,-3.67,28.0,12.71,45.8,20.35,5.20,25.55
418,662.13,1.522,-53.972,50.995,-124.674,50.995,-2.65,28.3,12.68,45.6,19.70,6.40,26.10
419,663.64,1.518,-55.454,50.960,-125.002,50.960,-2.31,28.9,12.63,45.5,19.25,7.50,26.75
420,665.16,1.514,-56.912,50.935,-125.408,50.935,-1.67,29.6,12.60,45.4,18.65,8.40,27.05
421,666.67,1.509,-58.343,50.910,-125.887,50.910,-1.64,30.3,12.56,45.2,18.20,9.25,27.45
422,668.17,1.504,-59.744,50.889,-126.435,50.889,-1.39,31.1,12.52,45.1,17.85,10.00,27.85
423,669.67,1.502,-61.115,50.867,-127.047,50.867,-1.45,31.9,12.52,45.1,11.65,10.65,22.30
424,671.18,1.503,-62.458,50.843,-127.723,50.843,-1.61,32.7,12.54,45.1,10.90,11.20,22.10
425,672.69,1.509,-63.772,50.817,-128.464,50.817,-1.71,33.4,12.61,45.4,10.10,11.70,21.80
426,674.20,1.517,-65.055,50.794,-129.272,50.794,-1.56,34.4,12.68,45.6,9.35,12.10,21.45
427,675.73,1.527,-66.309,50.773,-130.143,50.773,-1.34,35.4,12.77,46.0,8.60,11.90,20.50
428,677.27,1.538,-67.533,50.756,-131.075,50.756,-1.10,36.6,12.87,46.3,7.95,12.30,20.25
429,678.78,1.511,-68.698,50.734,-132.038,50.734,-1.52,38.2,12.96,46.7,7.35,12.60,19.95
430,680.30,1.522,-69.830,50.719,-133.056,50.719,-0.97,40.4,13.06,47.0,6.85,12.85,19.70
431,681.84,1.533,-70.929,50.704,-134.124,50.704,-0.95,43.1,13.15,47.3,6.40,13.10,19.50
432,683.34,1.507,-71.970,50.695,-135.213,50.695,-0.64,46.6,13.32,48.0,6.00,13.30,19.30
433,684.84,1.502,-72.970,50.691,-136.334,50.691,-0.22,50.9,13.76,49.5,5.60,13.50,19.10
434,686.36,1.513,-73.947,50.688,-137.490,50.688,-0.21,55.4,14.25,51.3,5.30,13.70,19.00
435,687.88,1.521,-74.898,50.687,-138.676,50.687,-0.07,59.8,14.72,53.0,4.95,13.90,18.85
436,689.40,1.525,-75.823,50.684,-139.888,50.684,-0.22,64.0,15.17,54.6,4.70,14.05,18.75
437,690.93,1.524,-76.719,50.683,-141.121,50.683,-0.05,67.4,15.62,56.2,4.45,14.20,18.65
438,692.45,1.521,-77.583,50.690,-142.373,50.690,0.49,70.7,16.05,57.8,4.20,14.35,18.55
439,693.96,1.514,-78.417,50.698,-143.636,50.698,0.50,73.8,16.48,59.3,4.00,14.45,18.45
440,695.47,1.502,-79.221,50.705,-144.905,50.705,0.45,76.2,16.90,60.9,3.85,14.60,18.45
441,697.01,1.542,-80.020,50.714,-146.224,50.714,0.57,78.1,17.34,62.4,3.70,14.70,18.40
442,698.53,1.528,-80.784,50.728,-147.546,50.728,0.95,79.5,17.76,63.9,3.65,14.80,18.45
443,700.04,1.509,-81.516,50.746,-148.866,50.746,1.19,80.1,18.17,65.4,3.55,14.85,18.40
444,701.59,1.544,-82.239,50.765,-150.230,50.765,1.24,79.7,18.58,66.9,3.50,14.90,18.40
445,703.11,1.522,-82.926,50.785,-151.587,50.785,1.32,79.7,19.00,68.4,4.55,14.90,19.45
446,704.66,1.555,-83.600,50.809,-152.989,50.809,1.55,79.0,19.41,69.9,6.05,14.90,20.95
447,706.19,1.530,-84.235,50.837,-154.380,50.837,1.80,78.6,19.79,71.3,5.65,14.85,20.50
448,707.75,1.560,-84.857,50.866,-155.811,50.866,1.89,77.2,20.20,72.7,5.65,14.80,20.45
449,709.28,1.530,-85.436,50.899,-157.226,50.899,2.11,77.1,20.55,74.0,5.70,14.75,20.45
450,710.84,1.556,-86.000,50.931,-158.676,50.931,2.05,76.1,20.95,75.4,5.15,14.65,19.80
451,712.36,1.522,-86.520,50.968,-160.106,50.968,2.45,76.6,21.29,76.7,5.25,14.55,19.80
452,713.91,1.549,-87.020,51.009,-161.572,51.009,2.68,76.7,21.71,78.2,4.70,14.40,19.10
453,715.42,1.512,-87.476,51.056,-163.012,51.056,3.09,77.7,22.10,79.5,4.80,14.25,19.05
454,716.96,1.538,-87.915,51.105,-164.486,51.105,3.17,77.8,22.53,81.1,5.00,14.05,19.05
455,718.46,1.502,-88.317,51.153,-165.933,51.153,3.24,78.6,22.97,82.7,5.15,13.90,19.05
456,720.00,1.533,-88.698,51.204,-167.417,51.204,3.33,78.5,23.45,84.4,5.35,13.65,19.00
457,721.56,1.563,-89.055,51.261,-168.938,51.261,3.61,79.0,23.90,86.0,5.55,13.45,19.00
458,723.08,1.520,-89.371,51.317,-170.424,51.317,3.70,79.8,24.37,87.7,5.80,13.15,18.95
459,724.63,1.548,-89.663,51.376,-171.943,51.376,3.82,80.6,24.80,89.3,6.05,12.90,18.95
460,726.20,1.575,-89.931,51.436,-173.494,51.436,3.80,82.0,25.19,90.7,6.30,12.60,18.90
461,727.73,1.523,-90.165,51.491,-174.999,51.491,3.63,84.8,25.61,92.2,6.60,12.25,18.85
462,729.28,1.550,-90.373,51.551,-176.533,51.551,3.84,88.5,26.04,93.8,6.85,11.90,18.75
463,730.85,1.576,-90.553,51.616,-178.097,51.616,4.16,95.2,26.47,95.3,7.20,11.55,18.75
464,732.37,1.521,-90.699,51.684,-179.610,51.684,4.45,107.9,26.86,96.7,7.55,11.15,18.70
465,733.92,1.542,-90.825,51.754,-181.145,51.754,4.55,127.9,27.24,98.1,7.85,10.70,18.55
466,735.48,1.565,-90.935,51.827,-182.704,51.827,4.69,161.8,27.67,99.6,8.20,17.20,25.40
467,736.99,1.506,-91.025,51.903,-184.205,51.903,5.06,226.1,28.06,101.0,8.55,16.05,24.60
468,738.51,1.524,-91.106,51.984,-185.725,51.984,5.32,362.7,28.33,102.0,8.85,14.70,23.55
469,740.04,1.530,-91.182,52.068,-187.250,52.068,5.51,752.8,28.26,101.7,9.15,12.90,22.05
470,741.55,1.513,-91.257,52.156,-188.759,52.156,5.76,2000.0,27.73,99.8,9.45,10.95,20.40
471,743.11,1.554,-91.335,52.249,-190.308,52.249,6.03,964.3,26.93,96.9,9.75,8.00,17.75
472,744.62,1.512,-91.413,52.339,-191.815,52.339,5.99,507.1,26.08,93.9,10.00,7.50,17.50
473,746.17,1.546,-91.498,52.432,-193.356,52.432,6.00,351.1,25.51,91.8,10.25,7.05,17.30
474,747.67,1.508,-91.587,52.517,-194.859,52.517,5.62,274.6,24.85,89.5,10.45,6.65,17.10
475,749.22,1.544,-91.686,52.600,-196.398,52.600,5.42,227.8,24.19,87.1,10.65,6.25,16.90
476,750.72,1.505,-91.794,52.682,-197.897,52.682,5.46,198.6,23.66,85.2,10.85,5.85,16.70
477,752.27,1.549,-91.918,52.768,-199.438,52.768,5.57,176.8,23.28,83.8,11.00,5.50,16.50
478,753.80,1.525,-92.054,52.856,-200.954,52.856,5.74,160.2,22.98,82.7,11.15,5.20,16.35
479,755.30,1.508,-92.202,52.943,-202.452,52.943,5.78,144.8,22.73,81.8,11.30,4.90,16.20
480,756.87,1.561,-92.370,53.032,-204.002,53.032,5.71,128.4,22.53,81.1,11.40,4.65,16.05
481,758.41,1.548,-92.553,53.120,-205.536,53.120,5.68,112.5,22.35,80.5,11.50,4.40,15.90
482,759.95,1.536,-92.755,53.206,-207.057,53.206,5.65,98.1,22.18,79.8,11.55,4.15,15.70
483,761.47,1.525,-92.979,53.292,-208.563,53.292,5.59,86.8,22.03,79.3,11.60,4.00,15.60
484,762.99,1.514,-93.226,53.373,-210.054,53.373,5.39,78.2,21.87,78.7,11.60,3.80,15.40
485,764.49,1.503,-93.500,53.451,-211.530,53.451,5.23,72.3,21.71,78.2,11.60,3.70,15.30
486,766.05,1.555,-93.819,53.533,-213.051,53.533,5.27,68.2,21.52,77.5,11.60,3.60,15.20
487,767.59,1.543,-94.175,53.620,-214.550,53.620,5.65,66.1,21.36,76.9,11.50,3.55,15.05
488,769.12,1.533,-94.562,53.704,-216.030,53.704,5.43,64.8,21.20,76.3,11.45,3.50,14.95
489,770.64,1.520,-94.980,53.782,-217.490,53.782,5.17,64.2,21.05,75.8,11.35,3.55,14.90
490,772.15,1.510,-95.428,53.853,-218.930,53.853,4.67,63.6,20.88,75.2,11.20,3.60,14.80
491,773.71,1.560,-95.928,53.924,-220.406,53.924,4.57,63.3,20.72,74.6,11.05,3.70,14.75
492,775.26,1.548,-96.462,53.993,-221.857,53.993,4.47,63.4,20.57,74.0,10.85,3.90,14.75
493,776.80,1.537,-97.027,54.058,-223.285,54.058,4.23,64.1,20.42,73.5,9.95,4.10,14.05
494,778.32,1.526,-97.621,54.118,-224.689,54.118,3.95,65.2,20.27,73.0,9.70,4.35,14.05
495,779.84,1.514,-98.244,54.175,-226.068,54.175,3.78,67.1,20.12,72.4,9.45,4.65,14.10
496,781.34,1.504,-98.895,54.231,-227.423,54.231,3.69,69.9,19.99,71.9,9.15,4.95,14.10
497,782.90,1.553,-99.597,54.285,-228.807,54.285,3.48,72.4,19.85,71.5,8.80,5.25,14.05
498,784.44,1.542,-100.324,54.335,-230.167,54.335,3.27,75.1,19.71,71.0,8.50,5.60,14.10
499,785.97,1.532,-101.072,54.385,-231.502,54.385,3.27,77.7,19.57,70.5,8.15,5.95,14.10
500,787.49,1.522,-101.841,54.436,-232.814,54.436,3.34,79.4,19.44,70.0,7.75,6.35,14.10
501,789.00,1.512,-102.629,54.487,-234.103,54.487,3.38,79.7,19.32,69.5,11.35,6.65,18.00
502,790.50,1.502,-103.434,54.538,-235.370,54.538,3.36,79.4,19.19,69.1,9.10,7.00,16.10
503,792.05,1.549,-104.289,54.589,-236.661,54.589,3.33,77.8,19.06,68.6,6.70,7.35,14.05
504,793.59,1.539,-105.163,54.639,-237.926,54.639,3.24,76.2,18.97,68.3,6.35,7.65,14.00
505,795.13,1.533,-106.061,54.688,-239.169,54.688,3.19,75.1,18.90,68.0,6.05,7.90,13.95
506,796.65,1.528,-106.982,54.736,-240.388,54.736,3.13,74.3,18.83,67.8,5.75,8.15,13.90
507,798.18,1.526,-107.926,54.783,-241.585,54.783,3.09,73.7,18.84,67.8,5.50,8.35,13.85
508,799.70,1.524,-108.893,54.826,-242.761,54.826,2.87,73.6,18.78,67.6,5.30,8.55,13.85
509,801.22,1.519,-109.881,54.868,-243.915,54.868,2.77,73.2,18.73,67.4,5.50,8.75,14.25
510,802.74,1.515,-110.888,54.907,-245.046,54.907,2.57,72.6,18.67,67.2,5.50,8.95,14.45
511,804.25,1.510,-111.915,54.947,-246.151,54.947,2.64,71.9,18.61,67.0,5.30,9.15,14.45
512,805.75,1.504,-112.963,54.987,-247.230,54.987,2.62,71.6,18.53,66.7,5.10,9.35,14.45
513,807.31,1.553,-114.070,55.028,-248.318,55.028,2.66,71.3,18.46,66.5,4.90,9.55,14.45
514,808.85,1.548,-115.196,55.067,-249.380,55.067,2.54,71.2,18.40,66.2,4.70,9.75,14.45
515,810.40,1.544,-116.341,55.103,-250.414,55.103,2.29,71.2,18.35,66.1,4.45,9.95,14.40
516,811.94,1.539,-117.506,55.137,-251.420,55.137,2.23,71.4,18.29,65.9,4.25,34.30,38.55
517,813.47,1.535,-118.689,55.174,-252.397,55.174,2.44,71.3,18.25,65.7,4.05,37.10,41.15
518,815.00,1.531,-119.889,55.210,-253.348,55.210,2.31,70.9,18.21,65.5,3.85,40.10,43.95
519,816.53,1.528,-121.106,55.244,-254.270,55.244,2.24,70.1,18.17,65.4,3.65,43.25,46.90
520,818.06,1.524,-122.339,55.275,-255.166,55.275,2.06,69.3,18.13,65.3,3.45,46.70,50.15
521,819.58,1.521,-123.589,55.303,-256.032,55.303,1.82,68.8,18.09,65.1,3.30,50.45,53.75
522,821.09,1.517,-124.855,55.329,-256.868,55.329,1.74,68.3,18.04,65.0,3.15,54.50,57.65
523,822.61,1.514,-126.138,55.358,-257.671,55.358,1.90,68.4,18.00,64.8,3.00,59.10,62.10
524,824.12,1.510,-127.435,55.390,-258.444,55.390,2.13,68.6,17.97,64.7,2.85,64.00,66.85
525,825.63,1.508,-128.746,55.420,-259.188,55.420,1.99,68.4,17.93,64.5,2.70,69.15,71.85
526,827.13,1.505,-130.069,55.444,-259.904,55.444,1.57,67.4,17.90,64.4,2.60,74.55,77.15
527,828.63,1.502,-131.405,55.464,-260.590,55.464,1.32,66.4,17.86,64.3,2.50,80.85,83.35
528,830.19,1.552,-132.803,55.484,-261.264,55.484,1.33,65.1,17.83,64.2,2.40,88.35,90.75
529,831.73,1.549,-134.215,55.505,-261.903,55.505,1.33,64.2,17.79,64.0,2.30,96.90,99.20
530,833.28,1.546,-135.639,55.525,-262.505,55.525,1.27,63.8,17.76,63.9,2.20,0.00,2.20
531,834.82,1.543,-137.075,55.544,-263.070,55.544,1.25,64.1,17.72,63.8,2.15,0.00,2.15
532,836.37,1.540,-138.521,55.562,-263.599,55.562,1.15,64.7,17.69,63.7,2.05,0.00,2.05
533,837.90,1.538,-139.978,55.578,-264.094,55.578,1.03,65.4,17.67,63.6,2.00,0.00,2.00
534,839.44,1.536,-141.444,55.591,-264.554,55.591,0.91,65.8,17.65,63.5,1.90,0.00,1.90
535,840.97,1.535,-142.918,55.604,-264.980,55.604,0.81,65.9,17.63,63.5,1.90,0.00,1.90
536,842.51,1.533,-144.400,55.615,-265.371,55.615,0.72,65.8,17.61,63.4,1.85,0.00,1.85
537,844.04,1.531,-145.889,55.623,-265.728,55.623,0.51,65.2,17.59,63.3,1.80,0.00,1.80
538,845.57,1.530,-147.384,55.630,-266.050,55.630,0.45,64.7,17.57,63.3,1.80,0.00,1.80
539,847.10,1.528,-148.886,55.636,-266.335,55.636,0.39,64.0,17.56,63.2,1.80,0.00,1.80
540,848.63,1.527,-150.393,55.642,-266.584,55.642,0.42,63.4,17.55,63.2,1.80,0.00,1.80
541,850.15,1.526,-151.904,55.648,-266.798,55.648,0.40,62.7,17.53,63.1,1.80,0.00,1.80
542,851.68,1.525,-153.419,55.653,-266.975,55.653,0.31,62.1,17.53,63.1,1.85,0.00,1.85
543,853.20,1.524,-154.936,55.656,-267.113,55.656,0.23,61.9,17.51,63.0,1.80,0.00,1.80
544,854.72,1.523,-156.456,55.658,-267.215,55.658,0.14,61.9,17.50,63.0,1.80,0.00,1.80
545,856.25,1.522,-157.977,55.657,-267.277,55.657,-0.11,62.5,17.49,63.0,1.80,0.00,1.80
546,857.77,1.522,-159.498,55.652,-267.302,55.652,-0.31,63.8,17.49,63.0,1.80,0.00,1.80
547,859.29,1.521,-161.019,55.646,-267.289,55.646,-0.38,65.6,17.48,62.9,1.85,0.00,1.85
548,860.81,1.521,-162.539,55.640,-267.240,55.640,-0.41,67.7,17.48,62.9,1.85,0.00,1.85
549,862.33,1.521,-164.058,55.633,-267.158,55.633,-0.46,69.9,17.48,62.9,1.90,0.00,1.90
550,863.85,1.521,-165.575,55.625,-267.044,55.625,-0.51,71.7,17.48,62.9,1.95,0.00,1.95
551,865.38,1.521,-167.089,55.617,-266.898,55.617,-0.57,73.0,17.49,62.9,1.95,0.00,1.95
552,866.90,1.521,-168.600,55.607,-266.721,55.607,-0.64,73.8,17.49,62.9,1.95,0.00,1.95
553,868.42,1.522,-170.107,55.596,-266.513,55.596,-0.72,74.2,17.49,63.0,2.00,0.00,2.00
554,869.94,1.522,-171.610,55.582,-266.275,55.582,-0.92,74.5,17.50,63.0,2.00,0.00,2.00
555,871.46,1.522,-173.109,55.565,-266.005,55.565,-1.12,74.8,17.50,63.0,2.05,0.00,2.05
556,872.99,1.523,-174.601,55.546,-265.705,55.546,-1.23,75.4,17.51,63.0,2.10,0.00,2.10
557,874.51,1.524,-176.088,55.525,-265.374,55.525,-1.41,75.8,17.52,63.1,2.20,0.00,2.20
558,876.03,1.524,-177.569,55.505,-265.013,55.505,-1.26,76.1,17.52,63.1,2.30,0.00,2.30
559,877.56,1.525,-179.043,55.487,-264.622,55.487,-1.18,76.3,17.54,63.1,2.40,0.00,2.40
560,879.09,1.526,-180.510,55.470,-264.202,55.470,-1.17,76.5,17.55,63.2,2.55,0.00,2.55
561,880.61,1.527,-181.970,55.449,-263.753,55.449,-1.35,76.3,17.56,63.2,2.75,0.00,2.75
562,882.14,1.529,-183.422,55.427,-263.274,55.427,-1.42,76.5,17.59,63.3,2.95,0.00,2.95
563,883.68,1.531,-184.866,55.406,-262.763,55.406,-1.39,76.9,17.62,63.4,3.15,0.00,3.15
564,885.21,1.537,-186.303,55.384,-262.222,55.384,-1.46,78.0,17.71,63.8,3.35,0.00,3.35
565,886.76,1.548,-187.741,55.358,-261.648,55.358,-1.68,79.3,17.89,64.4,3.60,0.00,3.60
566,888.27,1.513,-189.135,55.328,-261.061,55.328,-1.96,81.4,18.13,65.3,3.85,0.00,3.85
567,889.81,1.535,-190.538,55.298,-260.438,55.298,-1.98,83.8,18.41,66.3,4.15,0.00,4.15
568,891.31,1.503,-191.900,55.267,-259.803,55.267,-2.03,86.5,18.69,67.3,4.45,0.00,4.45
569,892.84,1.526,-193.271,55.236,-259.134,55.236,-2.03,88.5,18.97,68.3,4.75,0.00,4.75
570,894.39,1.548,-194.650,55.205,-258.432,55.205,-2.01,90.0,19.25,69.3,5.10,0.00,5.10
571,895.90,1.512,-195.986,55.173,-257.725,55.173,-2.16,91.2,19.51,70.2,5.40,0.00,5.40
572,897.43,1.532,-197.328,55.138,-256.986,55.138,-2.23,91.3,19.77,71.2,5.75,0.00,5.75
573,898.98,1.554,-198.676,55.100,-256.214,55.100,-2.50,90.5,20.05,72.2,6.15,0.00,6.15
574,900.50,1.514,-199.975,55.064,-255.439,55.064,-2.37,91.0,20.31,73.1,6.50,99.65,106.15
575,902.03,1.533,-201.278,55.026,-254.632,55.026,-2.43,91.9,20.57,74.0,6.85,97.20,104.05
576,903.58,1.552,-202.583,54.988,-253.793,54.988,-2.50,92.8,20.81,74.9,6.90,98.60,105.50
577,905.09,1.508,-203.838,54.949,-252.957,54.949,-2.55,94.9,21.07,75.9,6.85,92.30,99.15
578,906.62,1.527,-205.092,54.914,-252.088,54.914,-2.30,98.3,21.31,76.7,7.15,90.10,97.25
579,908.16,1.545,-206.348,54.879,-251.189,54.879,-2.25,101.1,21.58,77.7,7.50,88.15,95.65
580,909.73,1.563,-207.606,54.839,-250.262,54.839,-2.59,102.9,21.84,78.6,7.80,86.35,94.15
581,911.24,1.516,-208.812,54.797,-249.345,54.797,-2.78,105.5,22.09,79.5,8.05,84.60,92.65
582,912.78,1.533,-210.019,54.753,-248.400,54.753,-2.85,107.9,22.34,80.4,8.30,82.95,91.25
583,914.33,1.550,-211.224,54.708,-247.427,54.708,-2.88,110.2,22.59,81.3,8.55,81.30,89.85
584,915.89,1.568,-212.429,54.663,-246.425,54.663,-2.92,112.2,22.84,82.2,8.80,79.75,88.55
585,917.41,1.516,-213.580,54.618,-245.440,54.618,-2.95,115.4,23.09,83.1,9.00,78.30,87.30
586,918.94,1.532,-214.731,54.571,-244.429,54.571,-3.07,117.4,23.33,84.0,9.20,76.95,86.15
587,920.49,1.549,-215.882,54.520,-243.394,54.520,-3.28,118.4,23.58,84.9,9.40,75.70,85.10
588,922.06,1.565,-217.031,54.465,-242.333,54.465,-3.54,118.5,23.83,85.8,9.60,74.45,84.05
589,923.57,1.509,-218.126,54.408,-241.296,54.408,-3.73,118.5,24.07,86.7,9.75,73.25,83.00
590,925.09,1.525,-219.219,54.351,-240.233,54.351,-3.80,118.0,24.33,87.6,9.90,72.10,82.00
591,926.63,1.540,-220.307,54.294,-239.144,54.294,-3.68,118.8,24.57,88.4,10.05,70.95,81.00
592,928.19,1.556,-221.393,54.232,-238.031,54.232,-3.99,119.9,24.82,89.3,10.20,69.90,80.10
593,929.76,1.571,-222.474,54.167,-236.893,54.167,-4.14,122.1,25.06,90.2,10.35,68.85,79.20
594,931.27,1.512,-223.500,54.101,-235.785,54.101,-4.35,125.2,25.32,91.1,10.45,67.85,78.30
595,932.80,1.527,-224.522,54.035,-234.653,54.035,-4.34,129.9,25.56,92.0,10.55,7.55,18.10
596,934.34,1.541,-225.540,53.966,-233.497,53.966,-4.50,135.8,25.81,92.9,10.65,7.40,18.05
597,935.90,1.556,-226.554,53.894,-232.319,53.894,-4.60,144.2,26.05,93.8,10.75,7.30,18.05
598,937.47,1.572,-227.565,53.821,-231.119,53.821,-4.70,155.1,26.32,94.7,10.85,7.20,18.05
599,938.98,1.507,-228.523,53.751,-229.957,53.751,-4.64,169.3,26.56,95.6,10.90,7.10,18.00
600,940.50,1.521,-229.479,53.681,-228.776,53.681,-4.55,184.2,26.81,96.5,11.00,7.00,18.00
601,942.03,1.535,-230.434,53.609,-227.576,53.609,-4.71,200.0,27.04,97.3,11.05,6.95,18.00
602,943.58,1.548,-231.389,53.534,-226.360,53.534,-4.89,213.5,27.26,98.1,11.10,6.90,18.00
603,945.14,1.562,-232.344,53.453,-225.127,53.453,-5.15,224.4,27.52,99.1,11.15,6.85,18.00
604,946.72,1.576,-233.299,53.372,-223.875,53.372,-5.16,229.3,27.77,100.0,11.15,6.85,18.00
605,948.22,1.506,-234.203,53.295,-222.673,53.295,-5.16,235.2,27.99,100.8,11.20,6.85,18.05
606,949.74,1.518,-235.107,53.212,-221.457,53.212,-5.45,239.6,28.23,101.6,11.20,6.80,18.00
607,951.27,1.530,-236.010,53.128,-220.225,53.128,-5.52,245.4,28.43,102.3,11.25,6.85,18.10
608,952.82,1.544,-236.914,53.040,-218.976,53.040,-5.70,253.1,28.71,103.4,11.25,6.85,18.10
609,954.37,1.557,-237.816,52.954,-217.710,52.954,-5.50,267.5,28.95,104.2,11.25,6.80,18.05
610,955.94,1.570,-238.718,52.868,-216.428,52.868,-5.51,283.5,29.19,105.1,11.25,6.75,18.00
611,957.53,1.584,-239.622,52.778,-215.130,52.778,-5.67,302.3,29.46,106.0,11.25,6.70,17.95
612,959.04,1.509,-240.476,52.692,-213.889,52.692,-5.70,325.2,29.71,107.0,11.25,6.65,17.90
613,960.56,1.522,-241.332,52.604,-212.634,52.604,-5.80,345.6,29.98,107.9,11.30,6.65,17.95
614,962.10,1.536,-242.191,52.514,-211.363,52.514,-5.88,360.5,30.26,108.9,11.30,6.60,17.90
615,963.65,1.551,-243.053,52.422,-210.077,52.422,-5.96,369.6,30.56,110.0,11.30,6.60,17.90
616,965.21,1.567,-243.918,52.328,-208.773,52.328,-6.03,376.3,30.87,111.1,11.30,6.60,17.90
617,966.80,1.582,-244.786,52.232,-207.454,52.232,-6.05,376.9,31.17,112.2,11.30,6.60,17.90
618,968.30,1.504,-245.606,52.140,-206.196,52.140,-6.10,380.7,31.46,113.3,11.30,6.60,17.90
619,969.82,1.518,-246.429,52.048,-204.925,52.048,-6.10,382.9,31.76,114.3,11.30,6.60,17.90
620,971.35,1.532,-247.254,51.956,-203.637,51.956,-6.04,385.8,32.05,115.4,11.30,6.60,17.90
621,972.90,1.546,-248.081,51.863,-202.335,51.863,-6.01,384.7,32.34,116.4,11.30,6.65,17.95
622,974.46,1.560,-248.911,51.769,-201.017,51.769,-6.04,381.9,32.63,117.5,11.30,6.70,18.00
623,976.03,1.573,-249.742,51.674,-199.685,51.674,-6.07,377.0,32.91,118.5,11.30,6.70,18.00
624,977.62,1.587,-250.576,51.576,-198.337,51.576,-6.15,378.4,33.21,119.5,11.30,6.70,18.00
625,979.22,1.601,-251.410,51.479,-196.974,51.479,-6.10,387.3,33.50,120.6,11.30,6.65,17.95
626,980.73,1.514,-252.194,51.387,-195.682,51.387,-6.04,412.5,33.77,121.6,11.30,6.60,17.90
627,982.25,1.521,-252.976,51.298,-194.380,51.298,-5.89,458.7,33.71,121.4,11.30,6.60,17.90
628,983.76,1.507,-253.745,51.213,-193.088,51.213,-5.64,527.7,33.27,119.8,11.30,6.60,17.90
629,985.34,1.582,-254.550,51.126,-191.728,51.126,-5.54,610.4,32.69,117.7,11.30,6.60,17.90
630,986.90,1.554,-255.338,51.040,-190.391,51.040,-5.51,708.1,32.09,115.5,11.30,6.60,17.90
631,988.42,1.524,-256.108,50.956,-189.078,50.956,-5.50,790.0,31.44,113.2,11.30,6.60,17.90
632,990.01,1.585,-256.906,50.871,-187.712,50.871,-5.41,836.3,30.75,110.7,11.30,6.60,17.90
633,991.56,1.549,-257.684,50.789,-186.375,50.789,-5.32,835.1,30.05,108.2,11.35,6.60,17.95
634,993.07,1.515,-258.443,50.710,-185.066,50.710,-5.22,806.4,29.40,105.8,11.35,6.60,17.95
635,994.64,1.569,-259.226,50.627,-183.709,50.627,-5.25,735.7,28.75,103.5,11.35,6.60,17.95
636,996.18,1.534,-259.989,50.547,-182.381,50.547,-5.24,654.5,28.10,101.2,11.35,6.60,17.95
637,997.76,1.583,-260.774,50.464,-181.009,50.464,-5.22,566.9,27.49,99.0,11.40,6.65,18.05
638,999.31,1.552,-261.540,50.384,-179.661,50.384,-5.17,490.4,27.00,97.2,11.40,6.65,18.05
639,1000.84,1.525,-262.289,50.308,-178.335,50.308,-5.04,427.6,26.57,95.6,11.40,6.60,18.00
640,1002.34,1.503,-263.023,50.235,-177.025,50.235,-4.86,380.8,26.19,94.3,11.40,6.55,17.95
641,1003.90,1.562,-263.780,50.161,-175.660,50.161,-4.70,339.5,25.92,93.3,11.40,6.50,17.90
642,1005.45,1.546,-264.522,50.091,-174.306,50.091,-4.57,307.3,25.63,92.3,11.40,6.45,17.85
643,1006.98,1.528,-265.250,50.024,-172.963,50.024,-4.37,280.6,25.33,91.2,11.40,6.40,17.80
644,1008.49,1.511,-265.962,49.959,-171.632,49.959,-4.28,257.8,25.05,90.2,11.40,6.40,17.80
645,1010.06,1.569,-266.694,49.894,-170.246,49.894,-4.17,237.0,24.78,89.2,11.40,6.35,17.75
646,1011.61,1.552,-267.408,49.830,-168.870,49.830,-4.14,220.8,24.51,88.2,11.40,6.35,17.75
647,1013.15,1.535,-268.105,49.767,-167.504,49.767,-4.08,207.9,24.25,87.3,11.40,6.35,17.75
648,1014.67,1.521,-268.786,49.706,-166.145,49.706,-4.00,197.8,24.04,86.5,11.40,6.40,17.80
649,1016.17,1.506,-269.449,49.647,-164.794,49.647,-3.93,189.7,23.80,85.7,11.35,6.40,17.75
650,1017.74,1.563,-270.126,49.587,-163.387,49.587,-3.83,181.5,23.57,84.8,11.35,6.45,17.80
651,1019.28,1.549,-270.785,49.529,-161.986,49.529,-3.75,174.5,23.37,84.1,11.30,6.50,17.80
652,1020.82,1.535,-271.426,49.474,-160.592,49.474,-3.62,167.2,23.18,83.4,11.30,6.55,17.85
653,1022.34,1.524,-272.050,49.420,-159.203,49.420,-3.54,159.2,23.02,82.9,11.65,6.65,18.30
654,1023.86,1.515,-272.658,49.368,-157.816,49.368,-3.44,150.8,22.89,82.4,12.55,6.70,19.25
655,1025.37,1.506,-273.248,49.318,-156.431,49.318,-3.32,142.9,22.76,81.9,31.80,6.75,38.55
656,1026.93,1.565,-273.846,49.268,-154.986,49.268,-3.21,133.9,22.63,81.5,27.95,6.85,34.80
657,1028.49,1.558,-274.425,49.218,-153.540,49.218,-3.16,125.3,22.53,81.1,23.95,6.95,30.90
658,1030.04,1.552,-274.983,49.169,-152.093,49.169,-3.17,117.5,22.46,80.9,19.70,7.05,26.75
659,1031.59,1.547,-275.521,49.121,-150.643,49.121,-3.12,110.9,22.37,80.5,15.05,7.25,22.30
660,1033.13,1.538,-276.035,49.074,-149.195,49.074,-3.04,105.2,22.21,79.9,10.85,8.60,19.45
661,1034.65,1.526,-276.525,49.030,-147.750,49.030,-2.89,100.0,22.04,79.4,10.80,10.00,20.80
662,1036.17,1.515,-276.990,48.990,-146.308,48.990,-2.68,94.7,21.88,78.8,10.70,11.45,22.15
663,1037.67,1.504,-277.428,48.953,-144.870,48.953,-2.46,89.2,21.73,78.2,10.60,12.95,23.55
664,1039.23,1.559,-277.857,48.917,-143.372,48.917,-2.31,82.3,21.58,77.7,10.50,14.60,25.10
665,1040.78,1.548,-278.258,48.879,-141.877,48.879,-2.42,75.1,21.43,77.2,10.40,16.30,26.70
666,1042.32,1.538,-278.627,48.842,-140.384,48.842,-2.41,68.6,21.29,76.6,10.25,18.15,28.40
667,1043.85,1.528,-278.960,48.806,-138.894,48.806,-2.34,63.0,21.16,76.2,10.15,20.15,30.30
668,1045.37,1.519,-279.255,48.772,-137.405,48.772,-2.25,58.1,21.03,75.7,10.05,22.35,32.40
669,1046.88,1.509,-279.508,48.743,-135.917,48.743,-1.95,54.3,20.91,75.3,9.95,24.80,34.75
670,1048.38,1.501,-279.719,48.715,-134.431,48.715,-1.83,50.9,20.78,74.8,9.80,27.45,37.25
671,1049.93,1.554,-279.890,48.688,-132.888,48.688,-1.74,47.7,20.66,74.4,9.65,30.55,40.20
672,1051.47,1.544,-280.012,48.660,-131.349,48.660,-1.87,45.0,20.52,73.9,9.50,42.90,52.40
673,1053.01,1.533,-280.081,48.630,-129.818,48.630,-1.91,42.9,20.37,73.3,9.35,43.55,52.90
674,1054.53,1.522,-280.093,48.603,-128.296,48.603,-1.78,41.0,20.22,72.8,9.20,44.20,53.40
675,1056.04,1.511,-280.046,48.580,-126.786,48.580,-1.54,39.8,20.07,72.3,9.00,45.10,54.10
676,1057.54,1.501,-279.942,48.558,-125.290,48.558,-1.49,39.0,19.94,71.8,8.80,46.20,55.00
677,1059.09,1.549,-279.775,48.534,-123.750,48.534,-1.53,38.3,19.79,71.3,8.55,47.45,56.00
678,1060.63,1.537,-279.549,48.508,-122.230,48.508,-1.71,37.7,19.63,70.7,8.30,48.90,57.20
679,1062.15,1.525,-279.259,48.484,-120.733,48.484,-1.53,37.5,19.48,70.1,8.00,50.55,58.55
680,1063.67,1.514,-278.910,48.462,-119.260,48.462,-1.48,37.4,19.34,69.6,7.70,52.45,60.15
681,1065.17,1.503,-278.507,48.437,-117.812,48.437,-1.65,37.5,19.20,69.1,7.40,55.20,62.60
682,1066.72,1.549,-278.028,48.412,-116.339,48.412,-1.63,37.9,19.06,68.6,7.05,60.50,67.55
683,1068.26,1.538,-277.493,48.386,-114.897,48.386,-1.69,38.6,18.92,68.1,6.70,65.10,71.80
684,1069.79,1.527,-276.903,48.361,-113.489,48.361,-1.65,39.3,18.80,67.7,6.35,68.25,74.60
685,1071.30,1.517,-276.264,48.334,-112.114,48.334,-1.75,40.2,18.67,67.2,6.60,71.00,77.60
686,1072.81,1.507,-275.577,48.308,-110.772,48.308,-1.76,41.0,18.55,66.8,6.20,73.60,79.80
687,1074.36,1.553,-274.819,48.278,-109.417,48.278,-1.88,41.6,18.43,66.4,5.80,75.65,81.45
688,1075.91,1.543,-274.017,48.249,-108.099,48.249,-1.91,42.2,18.32,65.9,5.40,76.95,82.35
689,1077.44,1.534,-273.173,48.220,-106.819,48.220,-1.90,42.4,18.21,65.5,5.05,77.90,82.95
690,1078.97,1.524,-272.289,48.192,-105.577,48.192,-1.82,42.4,18.09,65.1,4.75,78.05,82.80
691,1080.48,1.515,-271.366,48.167,-104.376,48.167,-1.68,42.2,17.98,64.7,4.45,78.00,82.45
692,1081.99,1.507,-270.408,48.141,-103.214,48.141,-1.68,42.0,17.88,64.4,4.20,77.50,81.70
693,1083.54,1.550,-269.379,48.114,-102.054,48.114,-1.78,41.2,17.77,64.0,3.95,76.95,80.90
694,1085.08,1.541,-268.314,48.089,-100.941,48.089,-1.61,40.7,17.66,63.6,3.75,75.95,79.70
695,1086.61,1.531,-267.213,48.068,-99.877,48.068,-1.35,40.2,17.55,63.2,3.55,74.00,77.55
696,1088.13,1.522,-266.080,48.048,-98.861,48.048,-1.33,39.5,17.44,62.8,3.35,71.90,75.25
697,1089.65,1.512,-264.917,48.029,-97.895,48.029,-1.28,38.8,17.33,62.4,3.20,66.85,70.05
698,1091.15,1.503,-263.724,48.012,-96.981,48.012,-1.11,38.3,17.22,62.0,3.05,62.55,65.60
699,1092.69,1.545,-262.462,47.997,-96.090,47.997,-0.96,37.6,17.11,61.6,2.90,60.10,63.00
700,1094.23,1.534,-261.173,47.985,-95.258,47.985,-0.81,37.0,17.00,61.2,2.75,56.95,59.70
701,1095.75,1.524,-259.858,47.976,-94.487,47.976,-0.56,36.4,16.88,60.8,2.65,53.60,56.25
702,1097.27,1.514,-258.521,47.969,-93.776,47.969,-0.45,36.1,16.77,60.4,2.50,50.65,53.15
703,1098.77,1.504,-257.165,47.961,-93.125,47.961,-0.55,35.9,16.66,60.0,2.40,48.05,50.45
704,1100.31,1.543,-255.745,47.954,-92.519,47.954,-0.46,35.9,16.54,59.6,2.30,45.65,47.95
705,1101.85,1.533,-254.310,47.950,-91.981,47.950,-0.27,36.0,16.43,59.1,2.25,43.25,45.50
706,1103.37,1.522,-252.863,47.953,-91.510,47.953,0.21,36.3,16.33,58.8,2.20,41.10,43.30
707,1104.88,1.513,-251.407,47.956,-91.100,47.956,0.19,36.4,16.21,58.4,2.15,39.30,41.45
708,1106.39,1.503,-249.945,47.960,-90.750,47.960,0.25,36.4,16.11,58.0,2.15,37.80,39.95
709,1107.93,1.540,-248.433,47.965,-90.455,47.965,0.37,36.1,15.99,57.6,2.15,36.45,38.60
710,1109.46,1.530,-246.921,47.974,-90.226,47.974,0.59,35.5,15.88,57.2,2.15,35.25,37.40
711,1110.97,1.519,-245.410,47.987,-90.065,47.987,0.84,34.7,15.78,56.8,2.20,34.20,36.40
712,1112.48,1.509,-243.904,48.000,-89.968,48.000,0.85,33.9,15.67,56.4,2.20,33.35,35.55
713,1114.03,1.545,-242.360,48.013,-89.938,48.013,0.85,33.1,15.55,56.0,2.25,32.60,34.85
714,1115.56,1.533,-240.827,48.028,-89.981,48.028,0.93,32.7,15.43,55.5,2.30,32.00,34.30
715,1117.08,1.521,-239.310,48.045,-90.098,48.045,1.14,32.8,15.31,55.1,2.35,31.35,33.70
716,1118.59,1.510,-237.813,48.068,-90.289,48.068,1.52,33.7,15.20,54.7,2.40,30.90,33.30
717,1120.14,1.544,-236.292,48.095,-90.558,48.095,1.77,35.3,15.09,54.3,2.40,30.55,32.95
718,1121.68,1.541,-234.789,48.122,-90.897,48.122,1.75,37.9,15.21,54.8,2.45,30.35,32.80
719,1123.21,1.527,-233.315,48.150,-91.295,48.150,1.83,41.1,15.64,56.3,2.50,30.95,33.45
720,1124.73,1.521,-231.862,48.179,-91.745,48.179,1.92,44.6,16.05,57.8,2.55,32.50,35.05
721,1126.24,1.512,-230.433,48.209,-92.237,48.209,1.94,47.8,16.46,59.3,2.65,34.10,36.75
722,1127.79,1.551,-228.982,48.238,-92.784,48.238,1.93,49.9,16.88,60.8,2.75,34.25,37.00
723,1129.33,1.537,-227.559,48.269,-93.366,48.269,1.99,50.8,17.28,62.2,2.95,34.25,37.20
724,1130.85,1.521,-226.170,48.302,-93.983,48.302,2.18,50.9,17.67,63.6,3.20,34.30,37.50
725,1132.35,1.501,-224.817,48.338,-94.633,48.338,2.40,51.0,18.05,65.0,3.55,33.70,37.25
726,1133.88,1.533,-223.457,48.377,-95.339,48.377,2.56,51.0,18.43,66.4,3.90,33.20,37.10
727,1135.39,1.509,-222.140,48.418,-96.075,48.418,2.71,52.4,18.81,67.7,3.55,10.45,14.00
728,1136.93,1.540,-220.819,48.461,-96.866,48.461,2.79,54.9,19.19,69.1,3.90,10.30,14.20
729,1138.45,1.512,-219.547,48.504,-97.682,48.504,2.82,59.7,19.57,70.5,4.25,10.60,14.85
730,1139.99,1.542,-218.273,48.545,-98.550,48.545,2.69,67.1,19.96,71.8,4.55,10.45,15.00
731,1141.50,1.511,-217.045,48.584,-99.430,48.584,2.58,79.1,20.32,73.1,4.80,10.35,15.15
732,1143.04,1.538,-215.814,48.622,-100.351,48.622,2.45,96.8,20.69,74.5,5.05,10.30,15.35
733,1144.59,1.551,-214.589,48.661,-101.302,48.661,2.52,125.8,20.46,73.7,5.25,10.25,15.50
734,1146.15,1.558,-213.369,48.705,-102.269,48.705,2.83,172.8,19.50,70.2,5.45,10.25,15.70
735,1147.68,1.537,-212.170,48.746,-103.229,48.746,2.63,254.1,18.47,66.5,5.70,10.25,15.95
736,1149.19,1.508,-210.997,48.782,-104.176,48.782,2.39,441.3,17.57,63.2,5.90,10.25,16.15
737,1150.71,1.517,-209.822,48.810,-105.135,48.810,1.88,2000.0,17.33,62.4,6.10,10.30,16.40
738,1152.21,1.501,-208.663,48.834,-106.088,48.834,1.62,707.9,17.19,61.9,6.30,10.30,16.60
739,1153.75,1.542,-207.471,48.863,-107.065,48.863,1.85,283.3,17.09,61.5,6.50,10.35,16.85
740,1155.28,1.533,-206.280,48.895,-108.031,48.895,2.11,173.3,16.99,61.2,6.75,10.35,17.10
741,1156.81,1.525,-205.088,48.925,-108.981,48.925,1.96,126.4,16.89,60.8,6.95,10.35,17.30
742,1158.32,1.515,-203.890,48.953,-109.908,48.953,1.85,102.8,16.79,60.4,7.25,10.35,17.60
743,1159.83,1.506,-202.684,48.981,-110.810,48.981,1.86,89.6,16.69,60.1,7.55,10.30,17.85
744,1161.38,1.547,-201.428,49.010,-111.714,49.010,1.83,81.1,16.58,59.7,7.85,10.25,18.10
745,1162.91,1.537,-200.163,49.038,-112.586,49.038,1.84,75.7,16.48,59.3,8.25,10.20,18.45
746,1164.44,1.528,-198.888,49.065,-113.428,49.065,1.78,71.5,16.39,59.0,8.60,10.10,18.70
747,1165.96,1.519,-197.603,49.090,-114.239,49.090,1.61,67.3,16.29,58.6,9.05,10.00,19.05
748,1167.47,1.510,-196.309,49.111,-115.017,49.111,1.44,63.0,16.19,58.3,9.55,9.90,19.45
749,1168.97,1.501,-195.005,49.133,-115.759,49.133,1.41,58.9,16.09,57.9,10.05,9.75,19.80
750,1170.51,1.540,-193.649,49.153,-116.487,49.153,1.35,54.6,15.99,57.6,10.60,9.60,20.20
751,1172.04,1.530,-192.281,49.170,-117.174,49.170,1.11,50.8,15.89,57.2,11.15,9.40,20.55
752,1173.56,1.521,-190.901,49.183,-117.814,49.183,0.81,47.8,15.79,56.9,11.75,9.15,20.90
753,1175.08,1.512,-189.510,49.190,-118.406,49.190,0.47,45.4,15.70,56.5,12.35,8.90,21.25
754,1176.58,1.502,-188.109,49.194,-118.945,49.194,0.29,43.6,15.60,56.2,13.00,8.55,21.55
755,1178.12,1.539,-186.653,49.199,-119.446,49.199,0.30,42.3,15.50,55.8,13.70,8.20,21.90
756,1179.65,1.530,-185.188,49.206,-119.889,49.206,0.47,41.4,15.41,55.5,14.40,7.80,22.20
757,1181.17,1.521,-183.718,49.210,-120.279,49.210,0.28,40.6,15.31,55.1,15.15,7.30,22.45
758,1182.68,1.511,-182.244,49.216,-120.610,49.216,0.39,40.2,15.22,54.8,15.85,6.80,22.65
759,1184.18,1.502,-180.766,49.223,-120.881,49.223,0.49,40.2,15.12,54.4,16.50,7.35,23.85
760,1185.72,1.538,-179.244,49.232,-121.101,49.232,0.59,40.1,15.03,54.1,17.10,6.75,23.85
761,1187.25,1.528,-177.725,49.245,-121.260,49.245,0.80,40.3,14.93,53.8,17.60,6.15,23.75
762,1188.77,1.518,-176.210,49.262,-121.358,49.262,1.17,40.7,14.84,53.4,17.95,5.55,23.50
763,1190.28,1.509,-174.702,49.284,-121.401,49.284,1.45,41.1,14.75,53.1,18.30,3.85,22.15
764,1191.82,1.543,-173.159,49.304,-121.391,49.304,1.30,41.4,14.65,52.7,18.50,3.30,21.80
765,1193.35,1.533,-171.628,49.329,-121.320,49.329,1.61,42.2,14.56,52.4,18.60,3.85,22.45
766,1194.88,1.523,-170.110,49.358,-121.194,49.358,1.89,43.4,14.46,52.0,18.55,3.35,21.90
767,1196.39,1.513,-168.608,49.389,-121.014,49.389,2.08,45.0,14.37,51.7,18.50,2.90,21.40
768,1197.89,1.503,-167.123,49.425,-120.783,49.425,2.40,47.2,14.27,51.4,18.35,2.55,20.90
769,1199.43,1.535,-165.615,49.466,-120.498,49.466,2.67,50.0,14.17,51.0,18.15,2.25,20.40
770,1200.95,1.525,-164.126,49.512,-120.170,49.512,2.99,52.7,14.08,50.7,17.80,2.15,19.95
771,1202.47,1.516,-162.656,49.552,-119.805,49.552,2.68,55.1,13.99,50.4,17.35,2.15,19.50
772,1203.97,1.506,-161.206,49.591,-119.401,49.591,2.59,57.9,13.90,50.0,16.75,2.15,18.90
773,1205.51,1.538,-159.736,49.630,-118.950,49.630,2.55,60.5,13.81,49.7,16.10,2.20,18.30
774,1207.04,1.529,-158.287,49.666,-118.465,49.666,2.33,63.4,13.73,49.4,15.40,1.30,16.70
775,1208.57,1.526,-156.853,49.698,-117.944,49.698,2.08,66.7,13.83,49.8,14.70,2.50,17.20
776,1210.08,1.516,-155.441,49.730,-117.392,49.730,2.12,70.6,14.27,51.4,14.80,1.70,16.50
777,1211.61,1.523,-154.035,49.767,-116.810,49.767,2.41,74.0,14.71,53.0,14.05,3.00,17.05
778,1213.13,1.523,-152.639,49.802,-116.202,49.802,2.33,75.9,15.14,54.5,54.55,2.30,56.85
779,1214.65,1.521,-151.256,49.832,-115.568,49.832,1.97,76.7,15.58,56.1,64.70,2.70,67.40
780,1216.17,1.517,-149.890,49.862,-114.909,49.862,1.99,76.5,16.01,57.6,75.95,3.20,79.15
781,1217.67,1.507,-148.546,49.895,-114.227,49.895,2.21,75.7,16.38,59.0,70.85,3.70,74.55
782,1219.22,1.547,-147.181,49.921,-113.501,49.921,1.64,74.5,16.84,60.6,66.10,4.20,70.30
783,1220.76,1.535,-145.843,49.952,-112.750,49.952,2.01,74.6,17.25,62.1,61.75,4.20,65.95
784,1222.27,1.519,-144.534,49.982,-111.979,49.982,2.00,75.3,17.66,63.6,59.05,4.70,63.75
785,1223.78,1.501,-143.257,50.010,-111.192,50.010,1.84,76.9,18.06,65.0,56.50,5.20,61.70
786,1225.31,1.534,-141.967,50.038,-110.361,50.038,1.86,78.7,18.45,66.4,54.10,5.65,59.75
787,1226.82,1.512,-140.712,50.065,-109.518,50.065,1.76,81.2,18.87,67.9,52.25,6.10,58.35
788,1228.37,1.546,-139.447,50.094,-108.630,50.094,1.92,83.3,19.28,69.4,50.70,6.55,57.25
789,1229.89,1.520,-138.219,50.123,-107.735,50.123,1.90,86.0,19.68,70.8,49.25,6.95,56.20
790,1231.44,1.551,-136.981,50.150,-106.802,50.150,1.69,87.9,20.07,72.2,47.95,7.35,55.30
791,1232.96,1.520,-135.783,50.172,-105.866,50.172,1.49,91.0,20.45,73.6,46.65,7.70,54.35
792,1234.51,1.549,-134.581,50.197,-104.889,50.197,1.58,95.7,20.84,75.0,45.40,8.05,53.45
793,1236.02,1.514,-133.423,50.222,-103.915,50.222,1.68,102.1,21.20,76.3,31.35,8.35,39.70
794,1237.56,1.541,-132.259,50.245,-102.906,50.245,1.47,109.1,21.60,77.8,28.00,8.65,36.65
795,1239.07,1.504,-131.136,50.267,-101.906,50.267,1.46,117.4,21.99,79.2,25.10,8.90,34.00
796,1240.60,1.533,-130.004,50.288,-100.872,50.288,1.40,125.1,22.45,80.8,22.55,9.15,31.70
797,1242.17,1.567,-128.859,50.309,-99.802,50.309,1.35,130.5,22.95,82.6,6.80,9.40,16.20
798,1243.70,1.531,-127.753,50.330,-98.744,50.330,1.35,134.9,23.41,84.3,6.55,9.60,16.15
799,1245.26,1.563,-126.636,50.350,-97.650,50.350,1.26,138.7,23.93,86.2,6.30,9.85,16.15
800,1246.78,1.523,-125.560,50.372,-96.573,50.372,1.43,142.7,24.37,87.7,6.10,10.00,16.10
801,1248.34,1.552,-124.475,50.393,-95.463,50.393,1.37,146.4,24.87,89.5,5.90,10.20,16.10
802,1249.84,1.506,-123.435,50.415,-94.375,50.415,1.45,152.8,25.30,91.1,5.70,10.35,16.05
803,1251.37,1.531,-122.387,50.435,-93.259,50.435,1.30,159.1,25.74,92.7,5.55,10.45,16.00
804,1252.93,1.557,-121.332,50.454,-92.113,50.454,1.23,166.3,26.15,94.1,5.40,10.60,16.00
805,1254.43,1.504,-120.323,50.471,-90.997,50.471,1.18,175.3,26.59,95.7,5.30,10.70,16.00
806,1255.96,1.529,-119.309,50.491,-89.853,50.491,1.30,188.2,27.02,97.3,5.15,10.80,15.95
807,1257.52,1.553,-118.289,50.511,-88.682,50.511,1.25,202.6,27.45,98.8,5.05,10.90,15.95
808,1259.09,1.575,-117.263,50.529,-87.487,50.529,1.17,218.1,27.80,100.1,4.95,11.00,15.95
809,1260.61,1.514,-116.285,50.544,-86.332,50.544,1.01,235.8,28.24,101.7,4.85,11.05,15.90
810,1262.14,1.537,-115.299,50.560,-85.153,50.560,1.04,254.3,28.65,103.2,4.75,11.10,15.85
811,1263.70,1.558,-114.307,50.577,-83.952,50.577,1.09,273.4,29.02,104.5,4.65,11.15,15.80
812,1265.28,1.578,-113.309,50.594,-82.729,50.594,1.08,293.1,29.41,105.9,4.55,11.20,15.75
813,1266.79,1.511,-112.360,50.611,-81.554,50.611,1.12,315.3,29.81,107.3,4.45,11.90,16.35
814,1268.32,1.530,-111.405,50.630,-80.359,50.630,1.20,341.9,30.17,108.6,4.35,11.90,16.25
815,1269.87,1.548,-110.443,50.648,-79.145,50.648,1.17,366.8,30.55,110.0,4.25,11.95,16.20
816,1271.44,1.567,-109.475,50.666,-77.913,50.666,1.17,391.8,30.91,111.3,4.20,11.95,16.15
817,1273.02,1.586,-108.500,50.684,-76.662,50.684,1.11,411.3,31.26,112.5,4.10,11.95,16.05
818,1274.53,1.509,-107.577,50.700,-75.468,50.700,1.10,424.8,31.59,113.7,4.05,12.00,16.05
819,1276.06,1.526,-106.647,50.715,-74.258,50.715,0.99,422.1,31.98,115.1,4.00,12.00,16.00
820,1277.60,1.543,-105.712,50.731,-73.032,50.731,1.04,416.1,32.24,116.1,3.95,12.00,15.95
821,1279.16,1.556,-104.772,50.744,-71.791,50.744,0.83,401.5,32.60,117.4,3.90,12.00,15.90
822,1280.73,1.575,-103.826,50.758,-70.532,50.758,0.89,390.6,32.97,118.7,3.85,11.95,15.80
823,1282.32,1.591,-102.876,50.774,-69.255,50.774,0.98,382.3,33.33,120.0,3.80,11.95,15.75
824,1283.83,1.507,-101.981,50.789,-68.043,50.789,1.02,386.6,33.66,121.2,3.80,11.95,15.75
825,1285.35,1.521,-101.083,50.806,-66.815,50.806,1.10,397.0,33.93,122.2,3.75,11.90,15.65
826,1286.89,1.535,-100.182,50.822,-65.572,50.822,1.06,414.8,34.26,123.3,3.75,11.85,15.60
827,1288.44,1.550,-99.277,50.838,-64.315,50.838,1.01,433.2,34.59,124.5,3.75,11.85,15.60
828,1290.00,1.563,-98.369,50.854,-63.043,50.854,1.02,456.8,34.84,125.4,3.75,11.80,15.55
829,1291.57,1.576,-97.457,50.869,-61.757,50.869,0.94,477.5,35.18,126.7,3.75,11.75,15.50
830,1293.17,1.591,-96.541,50.883,-60.456,50.883,0.90,501.9,35.51,127.8,3.75,11.70,15.45
831,1294.77,1.604,-95.622,50.898,-59.142,50.898,0.90,534.1,35.77,128.8,3.20,11.65,14.85
832,1296.28,1.510,-94.760,50.910,-57.902,50.910,0.79,584.1,36.10,130.0,2.60,11.55,14.15
833,1297.80,1.522,-93.895,50.922,-56.650,50.922,0.80,645.9,36.39,131.0,2.00,11.50,13.50
834,1299.34,1.535,-93.025,50.934,-55.385,50.934,0.79,730.0,36.67,132.0,1.40,11.45,12.85
835,1300.88,1.546,-92.152,50.944,-54.109,50.944,0.65,825.0,36.93,132.9,3.20,11.40,14.60
836,1302.44,1.557,-91.275,50.951,-52.823,50.951,0.43,917.4,37.19,133.9,3.25,11.30,14.55
837,1304.01,1.567,-90.394,50.953,-51.526,50.953,0.17,989.5,37.44,134.8,3.30,11.25,14.55
838,1305.59,1.579,-89.509,50.954,-50.219,50.954,0.04,1054.0,37.72,135.8,3.40,11.20,14.60
839,1307.18,1.592,-88.618,50.954,-48.900,50.954,0.02,1119.1,38.06,137.0,3.45,11.10,14.55
840,1308.78,1.606,-87.721,50.956,-47.567,50.956,0.12,1212.5,38.39,138.2,3.50,11.05,14.55
841,1310.29,1.503,-86.884,50.960,-46.319,50.960,0.26,1375.3,38.66,139.2,3.60,11.00,14.60
842,1311.80,1.513,-86.042,50.965,-45.062,50.965,0.32,1616.0,38.92,140.1,3.65,10.90,14.55
843,1313.32,1.524,-85.196,50.969,-43.795,50.969,0.28,1971.1,39.19,141.1,3.70,10.85,14.55
844,1314.86,1.533,-84.345,50.972,-42.520,50.972,0.16,2000.0,39.41,141.9,3.80,10.80,14.60
845,1316.40,1.542,-83.490,50.972,-41.236,50.972,0.02,2000.0,39.65,142.7,3.85,10.70,14.55
846,1317.95,1.550,-82.632,50.970,-39.946,50.970,-0.10,2000.0,39.75,143.1,2.20,10.65,12.85
847,1319.50,1.550,-81.774,50.968,-38.656,50.968,-0.14,2000.0,39.71,143.0,2.25,10.60,12.85
848,1321.05,1.548,-80.917,50.966,-37.367,50.966,-0.12,2000.0,39.67,142.8,2.35,10.50,12.85
849,1322.59,1.547,-80.062,50.963,-36.079,50.963,-0.20,2000.0,39.63,142.7,2.40,10.45,12.85
850,1324.14,1.545,-79.207,50.960,-34.792,50.960,-0.23,2000.0,39.60,142.6,2.45,10.40,12.85
851,1325.68,1.543,-78.353,50.953,-33.506,50.953,-0.41,2000.0,39.56,142.4,2.50,10.30,12.80
852,1327.22,1.542,-77.499,50.946,-32.222,50.946,-0.47,2000.0,39.56,142.4,2.60,10.25,12.85
853,1328.77,1.546,-76.643,50.939,-30.934,50.939,-0.47,2000.0,39.72,143.0,2.65,10.20,12.85
854,1330.32,1.554,-75.782,50.931,-29.641,50.931,-0.50,2000.0,39.91,143.7,2.70,10.15,12.85
855,1331.88,1.561,-74.917,50.922,-28.341,50.922,-0.56,2000.0,40.15,144.5,2.75,10.10,12.85
856,1333.45,1.570,-74.046,50.913,-27.034,50.913,-0.57,2000.0,40.37,145.3,2.80,10.05,12.85
857,1335.03,1.578,-73.171,50.904,-25.720,50.904,-0.57,2000.0,40.57,146.0,2.85,10.00,12.85
858,1336.62,1.587,-72.291,50.895,-24.400,50.895,-0.60,2000.0,40.78,146.8,2.90,9.95,12.85
859,1338.21,1.595,-71.406,50.885,-23.074,50.885,-0.59,2000.0,40.96,147.5,2.95,9.90,12.85
860,1339.82,1.602,-70.517,50.873,-21.741,50.873,-0.76,2000.0,41.17,148.2,3.00,9.85,12.85
861,1341.43,1.610,-69.624,50.859,-20.402,50.859,-0.89,2000.0,41.38,149.0,3.05,9.80,12.85
862,1343.04,1.617,-68.727,50.842,-19.056,50.842,-1.04,2000.0,41.55,149.6,3.10,9.75,12.85
863,1344.67,1.625,-67.827,50.822,-17.704,50.822,-1.21,2000.0,41.78,150.4,3.15,9.70,12.85
864,1346.18,1.507,-66.991,50.804,-16.449,50.804,-1.24,2000.0,41.95,151.0,3.20,9.65,12.85
865,1347.69,1.514,-66.153,50.784,-15.189,50.784,-1.28,2000.0,42.15,151.7,3.25,9.60,12.85
866,1349.21,1.522,-65.311,50.765,-13.921,50.765,-1.26,2000.0,42.35,152.5,3.25,9.55,12.80
867,1350.74,1.528,-64.466,50.746,-12.648,50.746,-1.23,2000.0,42.53,153.1,3.30,9.50,12.80
868,1352.27,1.534,-63.618,50.727,-11.369,50.727,-1.26,2000.0,42.71,153.7,3.35,8.80,12.15
869,1353.81,1.542,-62.768,50.707,-10.084,50.707,-1.29,2000.0,42.92,154.5,3.40,8.75,12.15
870,1355.36,1.548,-61.914,50.687,-8.792,50.687,-1.32,2000.0,43.06,155.0,3.45,8.70,12.15
871,1356.92,1.553,-61.059,50.664,-7.497,50.664,-1.49,2000.0,43.20,155.5,3.40,8.65,12.05
872,1358.48,1.560,-60.201,50.638,-6.194,50.638,-1.62,2000.0,43.43,156.4,3.45,8.60,12.05
873,1360.04,1.567,-59.340,50.614,-4.885,50.614,-1.57,1999.6,43.62,157.0,3.50,8.55,12.05
874,1361.62,1.575,-58.476,50.590,-3.569,50.590,-1.49,1981.0,43.84,157.8,3.55,8.50,12.05
875,1363.20,1.582,-57.609,50.568,-2.246,50.568,-1.41,2000.0,44.00,158.4,3.60,8.40,12.00
876,1364.79,1.587,-56.740,50.544,-0.919,50.544,-1.49,2000.0,44.15,158.9,3.60,8.35,11.95
877,1366.38,1.594,-55.869,50.519,0.415,50.519,-1.58,2000.0,44.36,159.7,3.65,8.30,11.95
878,1367.98,1.601,-54.995,50.495,1.756,50.495,-1.51,2000.0,44.55,160.4,3.70,8.20,11.90
879,1369.59,1.608,-54.118,50.471,3.104,50.471,-1.50,2000.0,44.75,161.1,3.75,8.10,11.85
880,1371.20,1.614,-53.238,50.446,4.457,50.446,-1.52,2000.0,44.91,161.7,3.80,8.90,12.70
881,1372.82,1.620,-52.356,50.420,5.816,50.420,-1.61,2000.0,45.09,162.3,3.80,22.20,26.00
882,1374.45,1.627,-51.472,50.394,7.181,50.394,-1.64,2000.0,45.26,163.0,3.85,20.50,24.35
883,1376.08,1.633,-50.585,50.367,8.552,50.367,-1.63,2000.0,45.45,163.6,3.90,18.85,22.75
884,1377.59,1.504,-49.769,50.343,9.815,50.343,-1.58,2000.0,45.65,164.3,3.90,17.25,21.15
885,1379.09,1.509,-48.951,50.321,11.083,50.321,-1.46,2000.0,45.79,164.9,3.95,15.70,19.65
886,1380.61,1.514,-48.132,50.300,12.356,50.300,-1.42,2000.0,45.97,165.5,3.95,14.15,18.10
887,1382.13,1.520,-47.310,50.279,13.635,50.279,-1.39,2000.0,46.14,166.1,4.00,12.55,16.55
888,1383.65,1.525,-46.487,50.258,14.918,50.258,-1.37,2000.0,46.29,166.6,4.00,10.95,14.95
889,1385.18,1.530,-45.661,50.236,16.206,50.236,-1.42,1997.8,46.44,167.2,4.05,9.35,13.40
890,1386.72,1.536,-44.834,50.214,17.500,50.214,-1.41,1920.5,46.61,167.8,4.05,7.75,11.80
891,1388.26,1.541,-44.005,50.192,18.799,50.192,-1.43,1821.0,46.78,168.4,4.10,7.10,11.20
892,1389.81,1.546,-43.174,50.170,20.102,50.170,-1.45,1718.0,46.90,168.8,4.10,7.00,11.10
893,1391.36,1.551,-42.342,50.146,21.411,50.146,-1.54,1589.7,47.08,169.5,4.15,6.90,11.05
894,1392.91,1.557,-41.507,50.123,22.725,50.123,-1.50,1493.9,47.25,170.1,4.15,6.80,10.95
895,1394.48,1.562,-40.672,50.099,24.045,50.099,-1.51,1397.3,47.42,170.7,4.20,6.70,10.90
896,1396.04,1.567,-39.835,50.076,25.369,50.076,-1.48,1321.2,47.55,171.2,4.20,6.60,10.80
897,1397.62,1.572,-38.997,50.053,26.699,50.053,-1.48,1258.2,47.72,171.8,4.20,6.50,10.70
898,1399.19,1.578,-38.158,50.031,28.035,50.031,-1.40,1238.5,47.88,172.4,4.25,6.40,10.65
899,1400.78,1.582,-37.318,50.010,29.376,50.010,-1.33,1225.3,48.03,172.9,4.25,6.30,10.55
900,1402.36,1.588,-36.477,49.990,30.723,49.990,-1.21,1248.8,48.21,173.5,4.25,6.20,10.45
901,1403.96,1.594,-35.635,49.973,32.076,49.973,-1.07,1295.4,48.34,174.0,4.30,6.10,10.40
902,1405.56,1.598,-34.792,49.957,33.433,49.957,-1.03,1353.7,48.49,174.6,4.30,6.00,10.30
903,1407.16,1.604,-33.948,49.940,34.797,49.940,-1.04,1401.1,48.67,175.2,4.35,5.85,10.20
904,1408.77,1.608,-33.103,49.924,36.165,49.924,-1.03,1441.6,48.78,175.6,4.35,5.75,10.10
905,1410.38,1.612,-32.257,49.905,37.538,49.905,-1.18,1438.3,48.95,176.2,4.40,5.65,10.05
906,1412.00,1.618,-31.410,49.885,38.916,49.885,-1.23,1398.0,49.11,176.8,25.00,5.55,30.55
907,1413.62,1.623,-30.562,49.864,40.299,49.864,-1.29,1342.7,49.24,177.3,25.10,5.45,30.55
908,1415.25,1.628,-29.713,49.842,41.688,49.842,-1.36,1273.1,49.42,177.9,24.65,5.35,30.00
909,1416.88,1.633,-28.862,49.820,43.083,49.820,-1.35,1212.2,49.56,178.4,23.95,5.25,29.20
910,1418.52,1.638,-28.011,49.798,44.483,49.798,-1.35,1169.2,49.73,179.0,23.30,5.15,28.45
911,1420.16,1.644,-27.160,49.776,45.889,49.776,-1.28,1144.5,49.89,179.6,22.60,5.05,27.65
912,1421.81,1.649,-26.307,49.757,47.300,49.757,-1.20,1136.4,50.04,180.1,21.90,4.95,26.85
913,1423.32,1.503,-25.532,49.739,48.588,49.739,-1.21,1155.8,50.18,180.6,21.25,4.90,26.15
914,1424.82,1.507,-24.756,49.721,49.880,49.721,-1.18,1176.8,50.28,181.0,20.65,4.80,25.45
915,1426.33,1.511,-23.980,49.702,51.177,49.702,-1.21,1190.2,50.45,181.6,20.00,4.75,24.75
916,1427.85,1.516,-23.203,49.685,52.478,49.685,-1.16,1206.2,50.58,182.1,19.40,4.70,24.10
917,1429.37,1.520,-22.426,49.668,53.784,49.668,-1.14,1221.5,50.71,182.6,18.75,4.65,23.40
918,1430.89,1.524,-21.648,49.650,55.094,49.650,-1.14,1233.7,50.84,183.0,18.15,4.65,22.80
919,1432.42,1.527,-20.870,49.634,56.408,49.634,-1.08,1258.1,50.98,183.5,17.50,4.60,22.10
920,1433.95,1.532,-20.092,49.618,57.727,49.618,-1.03,1312.8,51.14,184.1,16.90,4.60,21.50
921,1435.49,1.536,-19.313,49.603,59.051,49.603,-0.96,1396.0,51.26,184.5,16.25,17.15,33.40
922,1437.03,1.539,-18.534,49.587,60.378,49.587,-1.03,1538.2,51.29,184.7,16.00,17.25,33.25
923,1438.57,1.537,-17.757,49.571,61.705,49.571,-1.10,1745.6,51.17,184.2,16.00,17.35,33.35
924,1440.09,1.530,-16.986,49.553,63.025,49.553,-1.13,2000.0,50.82,182.9,16.00,17.45,33.45
925,1441.61,1.518,-16.221,49.537,64.337,49.537,-1.06,2000.0,50.45,181.6,16.00,17.55,33.55
926,1443.12,1.508,-15.462,49.521,65.639,49.521,-1.09,2000.0,50.07,180.3,16.00,17.65,33.65
927,1444.77,1.645,-14.635,49.502,67.061,49.502,-1.17,2000.0,49.68,178.8,16.00,17.75,33.75
928,1446.40,1.631,-13.816,49.481,68.471,49.481,-1.23,2000.0,49.21,177.2,15.95,17.85,33.80
929,1448.01,1.616,-13.004,49.460,69.869,49.460,-1.31,2000.0,48.78,175.6,15.95,17.90,33.85
930,1449.61,1.601,-12.200,49.439,71.253,49.439,-1.34,2000.0,48.28,173.8,15.95,18.00,33.95
931,1451.20,1.584,-11.406,49.418,72.623,49.418,-1.32,2000.0,47.75,171.9,15.95,18.05,34.00
932,1452.76,1.565,-10.621,49.399,73.977,49.399,-1.19,2000.0,47.14,169.7,15.95,18.10,34.05
933,1454.31,1.546,-9.847,49.384,75.315,49.384,-1.00,2000.0,46.56,167.6,15.95,18.20,34.15
934,1455.83,1.526,-9.083,49.372,76.635,49.372,-0.81,2000.0,46.02,165.7,15.95,18.25,34.20
935,1457.34,1.510,-8.328,49.360,77.943,49.360,-0.80,2000.0,45.55,164.0,15.95,18.30,34.25
936,1458.98,1.633,-7.511,49.345,79.357,49.345,-0.92,2000.0,45.22,162.8,15.90,18.40,34.30
937,1460.60,1.623,-6.700,49.323,80.762,49.323,-1.31,2000.0,44.92,161.7,15.85,18.45,34.30
938,1462.21,1.609,-5.896,49.298,82.155,49.298,-1.59,2000.0,44.49,160.2,15.85,18.55,34.40
939,1463.80,1.592,-5.100,49.271,83.534,49.271,-1.71,2000.0,43.98,158.3,15.80,18.60,34.40
940,1465.37,1.574,-4.315,49.243,84.898,49.243,-1.75,2000.0,43.52,156.7,15.75,18.65,34.40
941,1466.93,1.558,-3.537,49.215,86.247,49.215,-1.82,2000.0,43.04,155.0,15.70,17.15,32.85
942,1468.47,1.540,-2.770,49.186,87.582,49.186,-1.84,2000.0,42.62,153.4,3.40,5.55,8.95
943,1470.00,1.524,-2.011,49.158,88.903,49.158,-1.89,1829.3,41.99,151.2,3.35,5.65,9.00
944,1471.50,1.503,-1.263,49.135,90.207,49.135,-1.51,1693.3,41.59,149.7,3.30,5.70,9.00
945,1473.11,1.611,-0.464,49.115,91.605,49.115,-1.21,1625.0,41.08,147.9,3.20,5.75,8.95
946,1474.70,1.594,0.325,49.101,92.990,49.101,-0.92,1639.8,40.70,146.5,3.15,5.85,9.00
947,1476.28,1.580,1.106,49.086,94.363,49.086,-0.92,1698.6,40.32,145.1,3.10,5.90,9.00
948,1477.85,1.564,1.878,49.070,95.724,49.070,-1.05,1736.0,39.97,143.9,3.05,5.95,9.00
949,1479.40,1.550,2.642,49.049,97.072,49.049,-1.37,1680.1,39.49,142.2,2.95,6.00,8.95
950,1480.93,1.531,3.396,49.027,98.405,49.027,-1.42,1597.3,39.11,140.8,2.90,6.10,9.00
951,1482.44,1.516,4.141,49.003,99.725,49.003,-1.54,1483.3,38.67,139.2,2.85,6.15,9.00
952,1484.06,1.615,4.933,48.978,101.132,48.978,-1.61,1340.1,38.25,137.7,2.75,6.25,9.00
953,1485.65,1.595,5.713,48.951,102.523,48.951,-1.68,1223.6,37.77,136.0,2.70,6.30,9.00
954,1487.23,1.576,6.483,48.924,103.898,48.924,-1.68,1132.2,37.33,134.4,2.65,6.35,9.00
955,1488.79,1.557,7.242,48.897,105.258,48.897,-1.73,1056.6,36.84,132.6,2.55,6.40,8.95
956,1490.32,1.537,7.988,48.871,106.601,48.871,-1.69,1003.2,36.39,131.0,2.50,6.50,9.00
957,1491.84,1.516,8.723,48.846,107.927,48.846,-1.69,982.1,35.87,129.1,2.45,6.55,9.00
958,1493.44,1.603,9.497,48.820,109.330,48.820,-1.59,972.0,35.39,127.4,2.40,6.60,9.00
959,1495.03,1.582,10.259,48.797,110.717,48.797,-1.44,999.8,34.96,125.9,2.35,6.65,9.00
960,1496.59,1.562,11.008,48.776,112.088,48.776,-1.38,1051.0,34.48,124.1,2.30,6.70,9.00
961,1498.13,1.541,11.746,48.756,113.441,48.756,-1.29,1124.1,34.07,122.7,2.25,6.75,9.00
962,1499.65,1.522,12.473,48.734,114.778,48.734,-1.44,1200.7,33.63,121.1,2.20,6.80,9.00
963,1501.16,1.504,13.189,48.712,116.100,48.712,-1.44,1292.1,33.29,119.8,2.15,6.85,9.00
964,1502.75,1.590,13.945,48.688,117.499,48.688,-1.51,1367.3,32.95,118.6,2.10,6.85,8.95
965,1504.32,1.570,14.690,48.666,118.881,48.666,-1.42,1437.4,32.54,117.1,2.10,6.90,9.00
966,1505.87,1.552,15.425,48.643,120.248,48.643,-1.51,1467.0,32.10,115.6,2.05,6.95,9.00
967,1507.40,1.530,16.148,48.619,121.597,48.619,-1.54,1479.2,31.71,114.2,2.00,7.00,9.00
968,1508.91,1.509,16.860,48.595,122.927,48.595,-1.63,1472.9,31.23,112.4,2.00,7.00,9.00
969,1510.49,1.582,17.605,48.570,124.323,48.570,-1.55,1481.9,30.81,110.9,1.95,7.05,9.00
970,1512.05,1.559,18.338,48.547,125.699,48.547,-1.48,1519.3,30.36,109.3,1.90,7.05,8.95
971,1513.59,1.536,19.058,48.528,127.056,48.528,-1.22,1625.2,29.92,107.7,1.90,7.10,9.00
972,1515.10,1.514,19.766,48.513,128.393,48.513,-0.97,1799.9,29.46,106.0,1.85,7.10,8.95
973,1516.68,1.578,20.503,48.503,129.789,48.503,-0.63,2000.0,29.04,104.5,1.85,7.15,9.00
974,1518.24,1.558,21.229,48.492,131.166,48.492,-0.75,2000.0,28.66,103.2,1.80,7.15,8.95
975,1519.77,1.536,21.945,48.471,132.525,48.471,-1.33,2000.0,28.23,101.6,1.80,7.20,9.00
976,1521.28,1.511,22.649,48.446,133.862,48.446,-1.70,1872.7,27.74,99.9,1.80,7.20,9.00
977,1522.85,1.567,23.377,48.418,135.249,48.418,-1.79,1508.8,27.26,98.1,1.75,7.25,9.00
978,1524.39,1.539,24.092,48.391,136.612,48.391,-1.71,1188.3,26.79,96.4,1.75,7.25,9.00
979,1525.90,1.512,24.792,48.369,137.951,48.369,-1.47,953.0,26.32,94.7,1.70,7.25,8.95
980,1527.46,1.565,25.515,48.348,139.340,48.348,-1.34,766.2,25.87,93.1,1.70,7.30,9.00
981,1529.00,1.539,26.224,48.327,140.706,48.327,-1.38,629.3,25.46,91.6,1.70,7.30,9.00
982,1530.52,1.514,26.917,48.304,142.052,48.304,-1.55,524.0,25.02,90.1,1.70,7.30,9.00
983,1532.08,1.563,27.629,48.279,143.442,48.279,-1.59,429.0,24.60,88.6,1.70,7.30,9.00
984,1533.62,1.535,28.324,48.254,144.811,48.254,-1.61,346.7,24.16,87.0,1.70,7.30,9.00
985,1535.12,1.508,29.002,48.232,146.158,48.232,-1.46,279.6,23.74,85.5,1.70,7.30,9.00
986,1536.68,1.554,29.693,48.208,147.550,48.208,-1.55,223.8,23.37,84.1,1.70,7.30,9.00
987,1538.21,1.531,30.366,48.179,148.925,48.179,-1.89,180.0,23.04,83.0,1.70,7.30,9.00
988,1539.72,1.510,31.020,48.149,150.285,48.149,-2.01,147.2,22.72,81.8,1.75,7.25,9.00
989,1541.27,1.552,31.676,48.120,151.691,48.120,-1.82,121.7,22.29,80.3,1.80,7.20,9.00
990,1542.80,1.526,32.305,48.098,153.081,48.098,-1.43,103.0,21.94,79.0,1.85,7.15,9.00
991,1544.30,1.501,32.904,48.077,154.457,48.077,-1.42,89.2,21.58,77.7,1.95,7.05,9.00
992,1545.84,1.540,33.494,48.056,155.879,48.056,-1.40,78.0,21.23,76.4,2.05,6.95,9.00
993,1547.35,1.517,34.049,48.034,157.291,48.034,-1.46,69.7,20.96,75.4,2.20,6.80,9.00
994,1548.92,1.562,34.586,48.010,158.758,48.010,-1.52,63.8,20.72,74.6,2.40,6.65,9.05
995,1550.46,1.545,35.080,47.988,160.222,47.988,-1.42,60.0,20.50,73.8,2.65,6.45,9.10
996,1551.99,1.529,35.532,47.964,161.683,47.964,-1.54,57.3,20.28,73.0,2.90,6.20,9.10
997,1553.51,1.514,35.936,47.946,163.142,47.946,-1.22,56.0,20.11,72.4,3.20,5.95,9.15
998,1555.01,1.502,36.296,47.931,164.600,47.931,-0.98,55.4,19.96,71.8,3.60,5.65,9.25
999,1556.56,1.551,36.627,47.915,166.115,47.915,-1.01,54.7,19.82,71.4,4.00,5.25,9.25
1000,1558.10,1.540,36.917,47.895,167.628,47.895,-1.31,53.4,19.67,70.8,4.50,4.85,9.35
1001,1559.63,1.528,37.161,47.875,169.136,47.875,-1.34,52.0,19.52,70.3,5.00,4.40,9.40
1002,1561.14,1.517,37.360,47.856,170.640,47.856,-1.26,50.3,19.38,69.8,5.60,3.90,9.50
1003,1562.65,1.506,37.512,47.840,172.138,47.840,-1.05,48.7,19.24,69.3,6.25,7.15,13.40
1004,1564.20,1.552,37.620,47.824,173.686,47.824,-0.99,47.5,19.09,68.7,7.00,6.10,13.10
1005,1565.74,1.540,37.677,47.809,175.225,47.809,-0.99,46.5,18.94,68.2,7.80,4.90,12.70
1006,1567.27,1.529,37.679,47.796,176.754,47.796,-0.87,45.6,18.81,67.7,8.75,4.25,13.00
1007,1568.79,1.518,37.630,47.779,178.271,47.779,-1.10,44.4,18.68,67.3,9.75,4.20,13.95
1008,1570.30,1.509,37.531,47.754,179.776,47.754,-1.66,42.8,18.59,66.9,10.80,4.10,14.90
1009,1571.85,1.556,37.383,47.705,181.324,47.705,-3.13,40.8,18.45,66.4,12.00,4.00,16.00
1010,1573.40,1.546,37.178,47.644,182.855,47.644,-4.00,39.1,18.34,66.0,13.35,3.90,17.25
1011,1574.93,1.534,36.911,47.580,184.365,47.580,-4.15,37.7,18.21,65.5,14.95,3.80,18.75
1012,1576.46,1.525,36.576,47.525,185.851,47.525,-3.59,37.1,18.10,65.2,16.75,3.70,20.45
1013,1577.97,1.516,36.182,47.473,187.314,47.473,-3.47,36.8,18.00,64.8,6.20,3.65,9.85
1014,1579.48,1.507,35.732,47.419,188.751,47.419,-3.54,36.8,17.89,64.4,6.25,3.55,9.80
1015,1581.03,1.552,35.208,47.363,190.211,47.363,-3.66,36.6,17.79,64.0,6.30,3.50,9.80
1016,1582.58,1.543,34.628,47.304,191.639,47.304,-3.79,36.2,17.68,63.7,6.45,3.40,9.85
1017,1584.11,1.534,33.992,47.243,193.034,47.243,-3.99,35.6,17.58,63.3,6.65,3.35,10.00
1018,1585.64,1.525,33.302,47.178,194.392,47.178,-4.27,35.0,17.48,62.9,6.85,3.25,10.10
1019,1587.15,1.516,32.557,47.109,195.711,47.109,-4.55,34.7,17.38,62.6,7.05,3.20,10.25
1020,1588.66,1.507,31.758,47.039,196.986,47.039,-4.67,34.9,17.27,62.2,7.30,3.15,10.45
1021,1590.21,1.550,30.875,46.966,198.258,46.966,-4.68,35.2,17.17,61.8,7.55,3.15,10.70
1022,1591.75,1.541,29.940,46.895,199.481,46.895,-4.67,35.8,17.09,61.5,7.80,3.15,10.95
1023,1593.28,1.534,28.959,46.820,200.658,46.820,-4.89,36.7,17.01,61.2,8.00,2.85,10.85
1024,1594.81,1.527,27.937,46.738,201.789,46.738,-5.33,37.8,16.93,61.0,8.20,15.60,23.80
1025,1596.33,1.520,26.875,46.652,202.874,46.652,-5.71,39.1,16.85,60.7,8.40,13.65,22.05
1026,1597.85,1.513,25.776,46.564,203.909,46.564,-5.83,40.8,16.77,60.4,8.60,11.30,19.90
1027,1599.35,1.507,24.641,46.478,204.897,46.478,-5.68,42.6,16.72,60.2,11.25,8.40,19.65
1028,1600.90,1.552,23.435,46.391,205.870,46.391,-5.61,44.2,16.66,60.0,18.05,4.50,22.55
1029,1602.45,1.547,22.203,46.299,206.799,46.299,-5.96,45.3,16.61,59.8,26.45,2.65,29.10
1030,1603.99,1.543,20.946,46.198,207.688,46.198,-6.62,45.3,16.56,59.6,10.90,2.55,13.45
1031,1605.53,1.538,19.666,46.087,208.534,46.087,-7.19,44.5,16.52,59.5,10.95,2.50,13.45
1032,1607.07,1.534,18.361,45.972,209.332,45.972,-7.50,43.1,16.47,59.3,11.05,2.40,13.45
1033,1608.60,1.530,17.033,45.855,210.082,45.855,-7.68,41.5,16.43,59.2,11.15,2.30,13.45
1034,1610.12,1.526,15.682,45.737,210.783,45.737,-7.79,40.4,16.38,59.0,11.20,2.25,13.45
1035,1611.64,1.521,14.309,45.624,211.428,45.624,-7.47,39.7,16.33,58.8,40.85,5.50,46.35
1036,1613.16,1.516,12.916,45.522,212.016,45.522,-6.69,39.6,16.27,58.6,41.70,24.10,65.80
1037,1614.67,1.510,11.504,45.438,212.544,45.438,-5.63,39.7,16.21,58.4,11.50,25.75,37.25
1038,1616.17,1.505,10.077,45.369,213.016,45.369,-4.56,39.6,16.15,58.1,11.55,27.05,38.60
1039,1617.72,1.548,8.592,45.308,213.448,45.308,-3.96,38.9,16.09,57.9,11.75,1.75,13.50
1040,1619.26,1.542,7.098,45.246,213.824,45.246,-4.03,37.9,16.03,57.7,11.75,2.25,14.00
1041,1620.80,1.536,5.597,45.175,214.141,45.175,-4.62,37.0,15.96,57.5,11.75,2.20,13.95
1042,1622.33,1.528,4.091,45.099,214.393,45.099,-4.95,36.5,15.88,57.2,11.85,2.15,14.00
1043,1623.85,1.520,2.583,45.034,214.571,45.034,-4.28,36.6,15.80,56.9,11.85,2.15,14.00
1044,1625.36,1.512,1.076,44.989,214.679,44.989,-3.01,37.2,15.72,56.6,11.75,2.10,13.85
1045,1626.87,1.505,-0.428,44.967,214.725,44.967,-1.47,38.2,15.65,56.3,11.65,2.05,13.70
1046,1628.41,1.544,-1.972,44.958,214.718,44.958,-0.58,38.8,15.56,56.0,11.55,2.00,13.55
1047,1629.95,1.535,-3.506,44.956,214.656,44.956,-0.10,39.1,15.46,55.6,11.45,1.95,13.40
1048,1631.47,1.524,-5.025,44.967,214.533,44.967,0.70,39.3,15.36,55.3,11.35,1.90,13.25
1049,1632.98,1.513,-6.527,44.998,214.346,44.998,2.06,39.8,15.23,54.8,11.25,1.85,13.10
1050,1634.49,1.503,-8.010,45.040,214.105,45.040,2.81,40.2,15.13,54.5,11.20,1.90,13.10
1051,1636.02,1.537,-9.515,45.090,213.801,45.090,3.25,40.9,15.02,54.1,11.20,1.90,13.10
1052,1637.55,1.525,-10.997,45.142,213.443,45.142,3.41,42.3,14.90,53.7,33.20,1.90,35.10
1053,1639.06,1.515,-12.455,45.197,213.034,45.197,3.62,44.1,14.83,53.4,30.25,2.00,32.25
1054,1640.57,1.510,-13.894,45.249,212.579,45.249,3.42,45.8,14.77,53.2,27.70,2.10,29.80
1055,1642.08,1.505,-15.311,45.304,212.075,45.304,3.65,48.0,14.73,53.0,25.35,2.25,27.60
1056,1643.58,1.501,-16.707,45.366,211.527,45.366,4.18,50.6,14.71,52.9,23.30,2.35,25.65
1057,1645.12,1.543,-18.124,45.440,210.920,45.440,4.79,52.9,14.69,52.9,21.45,2.45,23.90
1058,1646.67,1.542,-19.523,45.515,210.276,45.515,4.87,54.7,14.69,52.9,19.80,2.55,22.35
1059,1648.21,1.543,-20.905,45.590,209.593,45.590,4.87,56.4,14.69,52.9,18.70,2.65,21.35
1060,1649.75,1.543,-22.268,45.663,208.873,45.663,4.73,57.9,14.70,52.9,17.65,2.80,20.45
1061,1651.30,1.544,-23.612,45.733,208.115,45.733,4.56,59.4,14.72,53.0,16.35,3.00,19.35
1062,1652.80,1.503,-24.900,45.799,207.344,45.799,4.39,61.4,14.74,53.1,15.15,3.20,18.35
1063,1654.31,1.506,-26.171,45.863,206.540,45.863,4.25,63.9,14.79,53.2,14.05,3.40,17.45
1064,1655.82,1.512,-27.429,45.926,205.703,45.926,4.19,66.4,14.86,53.5,13.00,3.60,16.60
1065,1657.34,1.520,-28.674,45.988,204.833,45.988,4.05,68.8,14.95,53.8,12.05,3.80,15.85
1066,1658.87,1.530,-29.908,46.049,203.931,46.049,3.96,70.7,15.07,54.3,11.15,4.05,15.20
1067,1660.37,1.504,-31.102,46.106,203.019,46.106,3.82,71.7,15.31,55.1,10.30,4.25,14.55
1068,1661.90,1.529,-32.296,46.164,202.066,46.164,3.83,71.6,15.58,56.1,9.55,4.50,14.05
1069,1663.41,1.511,-33.457,46.224,201.100,46.224,3.93,70.8,15.91,57.3,8.80,4.65,13.45
1070,1664.96,1.547,-34.625,46.285,200.087,46.285,3.94,69.0,16.31,58.7,8.10,5.10,13.20
1071,1666.50,1.537,-35.763,46.343,199.056,46.343,3.82,67.5,16.72,60.2,7.45,5.65,13.10
1072,1668.02,1.522,-36.866,46.401,198.008,46.401,3.79,66.4,17.10,61.5,6.90,6.15,13.05
1073,1669.52,1.504,-37.931,46.454,196.948,46.454,3.55,66.3,17.46,62.9,6.35,6.55,12.90
1074,1671.06,1.535,-38.990,46.509,195.839,46.509,3.60,66.8,17.82,64.1,5.85,6.95,12.80
1075,1672.57,1.512,-40.009,46.563,194.722,46.563,3.52,68.8,18.16,65.4,5.40,7.35,12.75
1076,1674.11,1.543,-41.023,46.613,193.561,46.613,3.28,71.1,18.56,66.8,5.00,7.70,12.70
1077,1675.63,1.519,-41.995,46.664,192.395,46.664,3.33,74.9,18.93,68.2,4.60,7.25,11.85
1078,1677.18,1.551,-42.962,46.713,191.184,46.713,3.21,79.1,19.34,69.6,4.30,7.50,11.80
1079,1678.71,1.525,-43.889,46.762,189.974,46.762,3.22,84.5,19.74,71.1,4.00,7.75,11.75
1080,1680.26,1.555,-44.812,46.812,188.723,46.812,3.16,89.5,20.13,72.5,3.70,7.95,11.65
1081,1681.79,1.524,-45.696,46.857,187.483,46.857,3.01,95.0,20.50,73.8,3.50,8.15,11.65
1082,1683.34,1.552,-46.578,46.901,186.206,46.901,2.79,99.3,20.87,75.1,3.30,8.35,11.65
1083,1684.86,1.517,-47.421,46.940,184.946,46.940,2.56,103.1,21.25,76.5,3.10,8.50,11.60
1084,1686.40,1.544,-48.261,46.978,183.651,46.978,2.47,105.8,21.63,77.9,2.95,8.60,11.55
1085,1687.91,1.507,-49.060,47.016,182.375,47.016,2.55,108.6,22.03,79.3,2.80,8.70,11.50
1086,1689.44,1.536,-49.857,47.057,181.062,47.057,2.66,110.7,22.47,80.9,2.70,8.80,11.50
1087,1691.01,1.567,-50.651,47.098,179.712,47.098,2.62,111.7,22.94,82.6,2.60,8.85,11.45
1088,1692.54,1.531,-51.410,47.137,178.383,47.137,2.53,112.1,23.39,84.2,2.55,8.90,11.45
1089,1694.10,1.561,-52.166,47.173,177.017,47.173,2.32,111.6,23.90,86.0,2.50,8.90,11.40
1090,1695.62,1.521,-52.884,47.208,175.677,47.208,2.32,111.5,24.35,87.7,2.45,8.95,11.40
1091,1697.17,1.549,-53.595,47.243,174.301,47.243,2.24,111.0,24.80,89.3,2.45,8.90,11.35
1092,1698.67,1.501,-54.266,47.274,172.959,47.274,2.10,112.5,25.24,90.8,2.50,8.90,11.40
1093,1700.20,1.527,-54.930,47.306,171.584,47.306,2.07,115.5,25.64,92.3,2.55,8.85,11.40
1094,1701.75,1.552,-55.585,47.337,170.177,47.337,2.01,120.3,26.09,93.9,2.60,8.75,11.35
1095,1703.33,1.579,-56.231,47.370,168.737,47.370,2.08,127.7,26.53,95.5,2.65,8.65,11.30
1096,1704.85,1.524,-56.837,47.403,167.340,47.403,2.18,140.3,26.92,96.9,2.80,8.55,11.35
1097,1706.40,1.548,-57.436,47.437,165.913,47.437,2.22,156.7,27.36,98.5,2.90,8.40,11.30
1098,1707.97,1.571,-58.030,47.472,164.458,47.472,2.19,177.1,27.75,99.9,3.05,8.30,11.35
1099,1709.48,1.509,-58.589,47.503,163.057,47.503,2.06,204.8,28.11,101.2,3.20,8.15,11.35
1100,1711.01,1.529,-59.146,47.532,161.633,47.532,1.90,239.8,28.50,102.6,3.35,8.00,11.35
1101,1712.56,1.550,-59.702,47.562,160.186,47.562,1.96,282.4,28.93,104.1,3.50,7.80,11.30
1102,1714.14,1.574,-60.257,47.596,158.713,47.596,2.16,345.4,29.35,105.7,3.70,7.65,11.35
1103,1715.64,1.506,-60.781,47.631,157.302,47.631,2.29,441.6,29.67,106.8,3.90,7.45,11.35
1104,1717.17,1.522,-61.307,47.663,155.873,47.663,2.13,597.2,29.99,108.0,4.05,7.30,11.35
1105,1718.71,1.540,-61.836,47.694,154.427,47.694,2.04,896.1,30.40,109.5,4.25,7.10,11.35
1106,1720.27,1.561,-62.370,47.730,152.960,47.730,2.25,1758.0,30.81,110.9,4.45,6.90,11.35
1107,1721.85,1.581,-62.909,47.769,151.474,47.769,2.49,2000.0,31.18,112.2,4.65,6.70,11.35
1108,1723.35,1.505,-63.421,47.807,150.060,47.807,2.57,2000.0,31.49,113.4,4.45,6.50,10.95
1109,1724.87,1.519,-63.940,47.845,148.633,47.845,2.49,1480.1,31.80,114.5,4.35,6.30,10.65
1110,1726.41,1.536,-64.467,47.883,147.190,47.883,2.44,1000.9,32.19,115.9,4.55,6.10,10.65
1111,1727.96,1.554,-65.002,47.921,145.732,47.921,2.48,784.9,32.51,117.0,4.75,5.90,10.65
1112,1729.53,1.568,-65.545,47.957,144.262,47.957,2.30,661.8,32.79,118.1,4.95,5.70,10.65
1113,1731.11,1.582,-66.096,47.991,142.779,47.991,2.13,583.1,33.11,119.2,5.10,5.50,10.60
1114,1732.71,1.599,-66.657,48.025,141.282,48.025,2.14,534.4,33.50,120.6,5.30,5.30,10.60
1115,1734.23,1.516,-67.195,48.060,139.865,48.060,2.33,519.1,33.84,121.8,5.50,5.15,10.65
1116,1735.76,1.530,-67.741,48.099,138.437,48.099,2.50,521.1,34.16,123.0,5.65,4.95,10.60
1117,1737.30,1.544,-68.298,48.138,136.997,48.138,2.55,532.2,34.45,124.0,5.80,4.80,10.60
1118,1738.86,1.558,-68.863,48.178,135.546,48.178,2.55,551.8,34.74,125.1,5.95,5.05,11.00
1119,1740.43,1.571,-69.437,48.216,134.084,48.216,2.47,570.1,35.05,126.2,6.10,5.10,11.20
1120,1742.01,1.584,-70.020,48.254,132.612,48.254,2.37,573.3,35.35,127.3,6.30,5.10,11.40
1121,1743.61,1.597,-70.612,48.290,131.128,48.290,2.26,563.2,35.63,128.3,6.45,5.10,11.55
1122,1745.11,1.503,-71.172,48.322,129.734,48.322,2.15,554.2,35.92,129.3,6.55,5.05,11.60
1123,1746.63,1.515,-71.741,48.354,128.330,48.354,2.09,541.5,36.20,130.3,6.70,5.05,11.75
1124,1748.16,1.527,-72.318,48.387,126.916,48.387,2.13,532.6,36.50,131.4,15.35,4.95,20.30
1125,1749.70,1.540,-72.904,48.420,125.493,48.420,2.19,530.8,36.81,132.5,18.25,13.25,31.50
1126,1751.25,1.552,-73.499,48.456,124.060,48.456,2.32,540.2,37.06,133.4,18.35,13.10,31.45
1127,1752.81,1.563,-74.103,48.492,122.619,48.492,2.30,547.5,37.35,134.5,18.45,12.95,31.40
1128,1754.39,1.575,-74.716,48.529,121.169,48.529,2.36,564.0,37.62,135.4,18.55,12.80,31.35
1129,1755.97,1.586,-75.337,48.567,119.710,48.567,2.37,583.6,37.89,136.4,18.65,12.65,31.30
1130,1757.57,1.598,-75.967,48.604,118.241,48.604,2.30,602.2,38.18,137.5,18.75,12.50,31.25
1131,1759.18,1.609,-76.605,48.639,116.765,48.639,2.20,608.7,38.42,138.3,18.80,12.40,31.20
1132,1760.68,1.503,-77.205,48.669,115.386,48.669,2.03,609.6,38.66,139.2,18.90,12.25,31.15
1133,1762.20,1.513,-77.811,48.697,114.000,48.697,1.82,590.4,38.93,140.2,18.95,12.15,31.10
1134,1763.72,1.523,-78.425,48.723,112.607,48.723,1.70,564.9,39.14,140.9,19.05,12.05,31.10
1135,1765.25,1.531,-79.045,48.746,111.207,48.746,1.54,536.6,39.39,141.8,19.15,11.90,31.05
1136,1766.79,1.543,-79.675,48.770,109.799,48.770,1.55,520.2,39.69,142.9,19.25,11.85,31.10
1137,1768.35,1.554,-80.313,48.796,108.382,48.796,1.68,518.9,39.97,143.9,19.35,11.75,31.10
1138,1769.91,1.564,-80.961,48.824,106.959,48.824,1.79,541.2,40.24,144.8,19.40,11.65,31.05
1139,1771.49,1.574,-81.618,48.855,105.528,48.855,1.91,585.7,40.49,145.8,19.50,11.60,31.10
1140,1773.07,1.584,-82.283,48.887,104.091,48.887,2.02,666.2,40.73,146.6,19.60,11.55,31.15
1141,1774.66,1.594,-82.956,48.919,102.646,48.919,2.04,790.2,40.98,147.5,19.65,11.45,31.10
1142,1776.27,1.603,-83.636,48.952,101.195,48.952,2.03,978.9,41.20,148.3,19.75,11.40,31.15
1143,1777.88,1.610,-84.320,48.983,99.738,48.983,1.97,1262.9,41.31,148.7,19.85,11.35,31.20
1144,1779.48,1.607,-85.005,49.016,98.285,49.016,2.01,1747.7,41.07,147.8,19.90,11.30,31.20
1145,1781.08,1.593,-85.686,49.048,96.845,49.048,2.05,2000.0,40.63,146.3,20.00,11.25,31.25
1146,1782.65,1.573,-86.359,49.080,95.423,49.080,2.03,2000.0,40.09,144.3,20.05,11.20,31.25
1147,1784.20,1.552,-87.022,49.112,94.021,49.112,2.03,2000.0,39.56,142.4,20.15,11.20,31.35
1148,1785.73,1.529,-87.676,49.144,92.639,49.144,2.09,2000.0,38.90,140.0,8.85,11.15,20.00
1149,1787.24,1.505,-88.320,49.177,91.279,49.177,2.20,2000.0,38.34,138.0,8.90,3.15,12.05
1150,1788.83,1.595,-89.002,49.212,89.837,49.212,2.21,2000.0,37.66,135.6,8.95,3.10,12.05
1151,1790.40,1.569,-89.672,49.247,88.419,49.247,2.25,2000.0,37.07,133.4,9.00,3.10,12.10
1152,1791.94,1.541,-90.330,49.283,87.027,49.283,2.31,2000.0,36.42,131.1,9.05,3.05,12.10
1153,1793.46,1.517,-90.977,49.318,85.655,49.318,2.33,2000.0,35.84,129.0,9.10,3.05,12.15
1154,1795.06,1.600,-91.658,49.355,84.208,49.355,2.30,2000.0,35.31,127.1,9.20,3.00,12.20
1155,1796.63,1.576,-92.327,49.391,82.782,49.391,2.26,2000.0,34.78,125.2,9.25,2.95,12.20
1156,1798.19,1.554,-92.986,49.426,81.374,49.426,2.25,2000.0,34.33,123.6,9.30,2.95,12.25
1157,1799.72,1.534,-93.634,49.460,79.985,49.460,2.27,2000.0,33.88,122.0,9.35,2.90,12.25
1158,1801.24,1.515,-94.274,49.495,78.612,49.495,2.30,1806.7,33.47,120.5,9.40,2.85,12.25
1159,1802.83,1.597,-94.951,49.532,77.166,49.532,2.31,974.2,33.11,119.2,9.50,2.80,12.30
1160,1804.41,1.580,-95.622,49.569,75.736,49.569,2.31,670.1,32.76,117.9,9.55,2.80,12.35
1161,1805.98,1.564,-96.290,49.605,74.322,49.605,2.31,527.0,32.44,116.8,9.60,2.75,12.35
1162,1807.53,1.549,-96.956,49.641,72.924,49.641,2.32,453.2,32.11,115.6,9.65,2.75,12.40
1163,1809.06,1.533,-97.621,49.677,71.544,49.677,2.34,409.8,31.77,114.4,9.70,2.70,12.40
1164,1810.58,1.517,-98.285,49.713,70.180,49.713,2.36,381.6,31.47,113.3,9.70,2.70,12.40
1165,1812.08,1.502,-98.947,49.747,68.832,49.747,2.27,355.4,31.14,112.1,9.75,2.70,12.45
1166,1813.66,1.579,-99.649,49.781,67.418,49.781,2.20,324.3,30.82,111.0,9.80,2.70,12.50
1167,1815.22,1.563,-100.349,49.811,66.021,49.811,1.90,288.6,30.45,109.6,9.80,2.70,12.50
1168,1816.76,1.543,-101.047,49.840,64.646,49.840,1.86,253.9,30.09,108.3,9.85,2.70,12.55
1169,1818.29,1.525,-101.745,49.869,63.291,49.869,1.92,223.5,29.71,106.9,9.85,2.75,12.60
1170,1819.79,1.504,-102.443,49.899,61.959,49.899,1.98,198.9,29.30,105.5,9.85,4.85,14.70
1171,1821.36,1.569,-103.181,49.930,60.575,49.930,1.97,178.5,28.85,103.8,9.80,4.95,14.75
1172,1822.91,1.546,-103.921,49.958,59.217,49.958,1.84,163.6,28.46,102.5,9.80,5.10,14.90
1173,1824.44,1.529,-104.665,49.984,57.882,49.984,1.70,153.0,28.21,101.5,9.75,5.25,15.00
1174,1825.95,1.516,-105.418,50.008,56.565,50.008,1.58,145.4,27.97,100.7,9.65,5.45,15.10
1175,1827.46,1.503,-106.177,50.031,55.268,50.031,1.53,139.6,27.73,99.8,9.60,5.60,15.20
1176,1829.03,1.573,-106.987,50.055,53.920,50.055,1.51,134.0,27.49,99.0,9.50,5.85,15.35
1177,1830.59,1.560,-107.806,50.078,52.592,50.078,1.48,128.7,27.26,98.1,9.40,6.05,15.45
1178,1832.14,1.548,-108.634,50.100,51.285,50.100,1.41,122.8,27.07,97.4,9.25,36.25,45.50
1179,1833.67,1.538,-109.472,50.120,49.996,50.120,1.31,116.8,26.90,96.8,9.10,35.80,44.90
1180,1835.20,1.528,-110.321,50.138,48.725,50.138,1.21,110.2,26.74,96.3,8.95,35.35,44.30
1181,1836.72,1.520,-111.182,50.155,47.473,50.155,1.10,103.8,26.59,95.7,8.80,34.95,43.75
1182,1838.23,1.511,-112.057,50.170,46.241,50.170,1.01,97.4,26.44,95.2,8.60,34.60,43.20
1183,1839.74,1.503,-112.945,50.183,45.029,50.183,0.89,91.3,26.29,94.6,8.40,34.25,42.65
1184,1841.31,1.572,-113.896,50.196,43.776,50.196,0.80,84.7,26.13,94.1,8.15,33.90,42.05
1185,1842.87,1.563,-114.864,50.207,42.549,50.207,0.68,78.6,25.97,93.5,7.90,29.70,37.60
1186,1844.42,1.553,-115.849,50.215,41.349,50.215,0.53,73.1,25.81,92.9,7.60,34.55,42.15
1187,1845.97,1.543,-116.854,50.221,40.177,50.221,0.40,68.7,25.65,92.3,7.30,44.30,51.60
1188,1847.50,1.534,-117.877,50.224,39.035,50.224,0.22,65.1,25.48,91.7,6.95,28.55,35.50
1189,1849.03,1.524,-118.920,50.227,37.924,50.227,0.14,62.4,25.31,91.1,6.60,28.95,35.55
1190,1850.54,1.513,-119.984,50.229,36.849,50.229,0.15,60.6,25.13,90.5,6.25,29.45,35.70
1191,1852.04,1.503,-121.068,50.234,35.809,50.234,0.31,59.9,24.97,89.9,5.85,30.00,35.85
1192,1853.61,1.568,-122.227,50.238,34.753,50.238,0.25,58.9,24.79,89.3,5.40,30.65,36.05
1193,1855.17,1.557,-123.405,50.241,33.735,50.241,0.23,58.4,24.63,88.7,4.95,31.35,36.30
1194,1856.71,1.545,-124.601,50.246,32.758,50.246,0.29,58.7,24.45,88.0,4.50,32.15,36.65
1195,1858.24,1.535,-125.816,50.252,31.819,50.252,0.43,59.1,24.28,87.4,4.05,33.00,37.05
1196,1859.77,1.525,-127.045,50.259,30.917,50.259,0.42,59.5,24.13,86.9,3.65,33.90,37.55
1197,1861.28,1.514,-128.289,50.265,30.053,50.265,0.44,60.6,23.97,86.3,4.35,34.90,39.25
1198,1862.79,1.505,-129.546,50.271,29.225,50.271,0.39,61.8,23.80,85.7,4.00,35.95,39.95
1199,1864.36,1.566,-130.875,50.278,28.397,50.278,0.44,62.5,23.65,85.2,3.70,37.15,40.85
1200,1865.91,1.556,-132.217,50.284,27.610,50.284,0.37,63.0,23.50,84.6,3.35,38.45,41.80
1201,1867.46,1.546,-133.569,50.287,26.859,50.287,0.22,63.8,23.36,84.1,3.10,39.75,42.85
1202,1868.99,1.537,-134.929,50.286,26.144,50.286,-0.09,64.4,23.21,83.6,2.80,41.15,43.95
1203,1870.52,1.527,-136.296,50.282,25.465,50.282,-0.26,65.1,23.07,83.0,2.50,42.60,45.10
1204,1872.04,1.517,-137.671,50.279,24.824,50.279,-0.17,66.9,22.91,82.5,2.30,44.20,46.50
1205,1873.55,1.507,-139.052,50.282,24.221,50.282,0.22,69.9,22.77,82.0,2.05,45.95,48.00
1206,1875.11,1.566,-140.501,50.292,23.627,50.292,0.63,73.4,22.63,81.5,1.85,47.75,49.60
1207,1876.67,1.555,-141.953,50.310,23.069,50.310,1.11,77.7,22.47,80.9,1.70,49.65,51.35
1208,1878.21,1.546,-143.406,50.336,22.543,50.336,1.69,82.3,22.34,80.4,1.55,51.55,53.10
1209,1879.75,1.537,-144.859,50.363,22.046,50.363,1.76,85.2,22.20,79.9,1.45,53.50,54.95
1210,1881.28,1.528,-146.312,50.389,21.574,50.389,1.75,86.2,22.09,79.5,1.35,55.45,56.80
1211,1882.80,1.520,-147.764,50.407,21.126,50.407,1.18,84.6,21.95,79.0,1.35,57.40,58.75
1212,1884.31,1.509,-149.214,50.423,20.708,50.423,1.05,81.5,21.80,78.5,1.35,59.65,61.00
1213,1885.87,1.565,-150.726,50.442,20.305,50.442,1.21,77.2,21.67,78.0,1.45,62.15,63.60
1214,1887.42,1.555,-152.236,50.459,19.935,50.459,1.08,73.5,21.52,77.5,1.60,64.80,66.40
1215,1888.97,1.546,-153.745,50.471,19.596,50.471,0.79,70.5,21.41,77.1,1.75,67.55,69.30
1216,1890.51,1.535,-155.249,50.480,19.293,50.480,0.56,68.9,21.26,76.5,2.00,70.65,72.65
1217,1892.03,1.525,-156.751,50.492,19.027,50.492,0.77,68.1,21.08,75.9,2.30,74.10,76.40
1218,1893.55,1.514,-158.248,50.513,18.802,50.513,1.43,69.0,20.97,75.5,2.60,78.00,80.60
1219,1895.05,1.506,-159.741,50.540,18.611,50.540,1.81,70.6,20.85,75.1,3.05,81.80,84.85
1220,1896.61,1.559,-161.291,50.568,18.443,50.568,1.75,71.9,20.73,74.6,3.50,85.70,89.20
1221,1898.16,1.548,-162.833,50.594,18.308,50.594,1.70,73.2,20.58,74.1,2.90,90.00,92.90
1222,1899.70,1.538,-164.367,50.627,18.211,50.627,2.18,75.1,20.45,73.6,3.35,99.85,103.20
1223,1901.22,1.529,-165.894,50.661,18.145,50.661,2.22,76.1,20.32,73.2,3.85,0.00,3.85
1224,1902.74,1.519,-167.413,50.692,18.107,50.692,2.00,76.7,20.20,72.7,4.35,0.00,4.35
1225,1904.25,1.510,-168.922,50.720,18.097,50.720,1.84,77.5,20.08,72.3,4.80,0.00,4.80
1226,1905.75,1.500,-170.422,50.746,18.117,50.746,1.79,78.4,19.94,71.8,5.25,0.00,5.25
1227,1907.30,1.550,-171.971,50.777,18.170,50.777,1.98,78.6,19.82,71.3,5.75,97.95,103.70
1228,1908.85,1.541,-173.510,50.809,18.254,50.809,2.04,79.2,19.70,70.9,6.15,93.55,99.70
1229,1910.38,1.531,-175.037,50.838,18.366,50.838,1.90,80.0,19.58,70.5,6.60,90.25,96.85
1230,1911.90,1.522,-176.552,50.864,18.506,50.864,1.72,80.8,19.46,70.0,6.95,87.70,94.65
1231,1913.41,1.513,-178.056,50.888,18.673,50.888,1.59,82.1,19.34,69.6,7.35,85.30,92.65
1232,1914.92,1.508,-179.552,50.910,18.866,50.910,1.43,83.4,19.37,69.7,7.65,83.05,90.70
1233,1916.44,1.520,-181.054,50.931,19.091,50.931,1.40,84.7,19.60,70.6,7.95,80.85,88.80
1234,1917.98,1.541,-182.575,50.951,19.346,50.951,1.29,86.0,19.93,71.7,8.25,78.80,87.05
1235,1919.49,1.509,-184.058,50.967,19.621,50.967,1.06,87.2,20.30,73.1,8.50,76.95,85.45
1236,1921.03,1.537,-185.564,50.979,19.927,50.979,0.79,88.2,20.68,74.4,8.75,75.15,83.90
1237,1922.53,1.503,-187.032,50.986,20.250,50.986,0.50,89.6,21.06,75.8,8.95,73.15,82.10
1238,1924.06,1.530,-188.520,50.994,20.607,50.994,0.48,91.5,21.44,77.2,9.10,70.90,80.00
1239,1925.62,1.560,-190.030,50.999,20.998,50.999,0.35,93.5,21.86,78.7,9.30,68.75,78.05
1240,1927.14,1.522,-191.496,51.003,21.405,51.003,0.27,96.6,22.23,80.0,9.40,66.80,76.20
1241,1928.69,1.552,-192.985,51.001,21.841,51.001,-0.14,99.4,22.73,81.8,9.55,65.00,74.55
1242,1930.21,1.517,-194.435,50.997,22.289,50.997,-0.29,102.0,23.22,83.6,9.60,63.25,72.85
1243,1931.76,1.549,-195.907,50.990,22.769,50.990,-0.44,103.6,23.70,85.3,9.70,61.60,71.30
1244,1933.27,1.508,-197.334,50.981,23.258,50.981,-0.60,105.6,24.16,87.0,9.75,60.00,69.75
1245,1934.81,1.538,-198.782,50.968,23.777,50.968,-0.84,106.6,24.62,88.6,9.75,58.60,68.35
1246,1936.37,1.566,-200.249,50.951,24.327,50.951,-1.06,108.3,25.06,90.2,9.80,57.25,67.05
1247,1937.89,1.519,-201.663,50.932,24.880,50.932,-1.25,111.9,25.55,92.0,9.75,56.00,65.75
1248,1939.44,1.548,-203.096,50.913,25.466,50.913,-1.23,118.1,26.02,93.7,9.75,54.80,64.55
1249,1941.01,1.574,-204.544,50.894,26.083,50.894,-1.20,127.6,26.43,95.2,9.65,53.60,63.25
1250,1942.53,1.520,-205.935,50.873,26.695,50.873,-1.38,141.7,26.88,96.8,9.60,52.70,62.30
1251,1944.08,1.546,-207.342,50.853,27.334,50.853,-1.33,161.8,27.32,98.3,9.50,52.35,61.85
1252,1945.65,1.570,-208.765,50.831,27.996,50.831,-1.41,185.6,27.74,99.9,9.40,52.00,61.40
1253,1947.16,1.509,-210.129,50.808,28.642,50.808,-1.52,214.5,28.15,101.3,9.30,51.75,61.05
1254,1948.69,1.532,-211.509,50.785,29.307,50.785,-1.52,246.2,28.57,102.8,9.15,51.45,60.60
1255,1950.24,1.554,-212.904,50.762,29.991,50.762,-1.47,279.4,28.99,104.4,9.00,51.20,60.20
1256,1951.82,1.577,-214.317,50.740,30.693,50.740,-1.37,310.9,29.39,105.8,8.85,50.95,59.80
1257,1953.33,1.509,-215.665,50.719,31.370,50.719,-1.42,338.2,29.76,107.1,8.70,50.75,59.45
1258,1954.86,1.527,-217.027,50.695,32.061,50.695,-1.56,358.3,30.11,108.4,8.55,50.55,59.10
1259,1956.40,1.546,-218.403,50.669,32.766,50.669,-1.68,372.1,30.51,109.8,8.35,50.30,58.65
1260,1957.97,1.567,-219.794,50.643,33.486,50.643,-1.65,384.1,30.91,111.3,8.20,50.05,58.25
1261,1959.56,1.587,-221.200,50.618,34.221,50.618,-1.60,397.9,31.30,112.7,8.00,49.65,57.65
1262,1961.07,1.511,-222.536,50.594,34.927,50.594,-1.56,421.3,31.63,113.9,7.85,5.40,13.25
1263,1962.60,1.527,-223.883,50.570,35.646,50.570,-1.60,448.8,31.98,115.1,7.65,5.60,13.25
1264,1964.14,1.545,-225.243,50.545,36.377,50.545,-1.56,488.8,32.35,116.5,7.45,5.80,13.25
1265,1965.70,1.562,-226.617,50.522,37.121,50.522,-1.50,541.5,32.72,117.8,7.25,6.05,13.30
1266,1967.28,1.579,-228.003,50.499,37.877,50.499,-1.43,610.7,33.05,119.0,7.05,6.25,13.30
1267,1968.88,1.595,-229.401,50.477,38.645,50.477,-1.41,696.5,33.40,120.3,6.85,6.50,13.35
1268,1970.39,1.511,-230.724,50.458,39.375,50.458,-1.26,846.3,33.74,121.5,6.60,6.70,13.30
1269,1971.92,1.527,-232.059,50.441,40.115,50.441,-1.13,1092.1,34.09,122.7,6.40,6.95,13.35
1270,1973.45,1.539,-233.404,50.426,40.863,50.426,-0.93,1562.3,34.24,123.3,6.15,7.15,13.30
1271,1974.99,1.537,-234.746,50.414,41.612,50.414,-0.78,2000.0,34.02,122.5,5.95,7.40,13.35
1272,1976.51,1.517,-236.071,50.405,42.351,50.405,-0.62,2000.0,33.46,120.5,5.70,7.60,13.30
1273,1978.10,1.594,-237.462,50.394,43.128,50.394,-0.70,2000.0,32.94,118.6,5.50,7.85,13.35
1274,1979.67,1.566,-238.830,50.381,43.891,50.381,-0.84,2000.0,32.39,116.6,5.25,8.10,13.35
1275,1981.21,1.538,-240.174,50.364,44.639,50.364,-1.09,1295.8,31.70,114.1,5.00,6.60,11.60
1276,1982.71,1.504,-241.488,50.349,45.370,50.349,-1.02,916.6,31.06,111.8,4.80,6.80,11.60
1277,1984.28,1.569,-242.861,50.333,46.129,50.333,-1.02,689.9,30.54,110.0,4.60,7.05,11.65
1278,1985.82,1.546,-244.214,50.315,46.875,50.315,-1.16,548.8,30.09,108.3,4.35,7.25,11.60
1279,1987.35,1.526,-245.553,50.297,47.608,50.297,-1.15,458.2,29.77,107.2,4.15,7.45,11.60
1280,1988.86,1.511,-246.880,50.280,48.329,50.280,-1.15,397.2,29.49,106.2,3.95,7.65,11.60
1281,1990.45,1.585,-248.276,50.264,49.079,50.264,-1.00,350.4,29.25,105.3,3.75,7.90,11.65
1282,1992.02,1.573,-249.665,50.249,49.817,50.249,-0.96,316.7,29.01,104.4,3.55,8.05,11.60
1283,1993.58,1.561,-251.047,50.235,50.542,50.235,-0.89,290.3,28.79,103.6,3.35,8.25,11.60
1284,1995.13,1.549,-252.422,50.221,51.255,50.221,-0.87,267.7,28.57,102.9,3.20,8.45,11.65
1285,1996.67,1.536,-253.790,50.208,51.955,50.208,-0.85,247.3,28.35,102.1,3.00,8.60,11.60
1286,1998.19,1.525,-255.152,50.197,52.640,50.197,-0.74,228.0,28.15,101.3,2.85,8.75,11.60
1287,1999.70,1.514,-256.509,50.185,53.313,50.185,-0.81,209.9,27.95,100.6,2.70,8.90,11.60
1288,2001.21,1.504,-257.861,50.170,53.971,50.170,-0.96,192.7,27.77,100.0,2.55,9.05,11.60
1289,2002.79,1.578,-259.285,50.152,54.651,50.152,-1.14,175.9,27.60,99.4,2.40,9.15,11.55
1290,2004.35,1.567,-260.705,50.132,55.314,50.132,-1.33,161.9,27.40,98.6,2.30,9.30,11.60
1291,2005.91,1.555,-262.121,50.111,55.956,50.111,-1.30,151.2,27.21,98.0,2.20,9.40,11.60
1292,2007.46,1.546,-263.535,50.090,56.581,50.090,-1.41,143.6,27.03,97.3,2.10,9.45,11.55
1293,2008.99,1.534,-264.946,50.066,57.185,50.066,-1.51,137.8,26.83,96.6,2.05,9.50,11.55
1294,2010.51,1.525,-266.354,50.041,57.770,50.041,-1.65,133.6,26.68,96.0,2.00,9.55,11.55
1295,2012.03,1.514,-267.758,50.012,58.335,50.012,-1.93,130.0,26.48,95.3,1.95,9.60,11.55
1296,2013.53,1.505,-269.160,49.981,58.880,49.981,-2.04,127.2,26.33,94.8,1.95,9.60,11.55
1297,2015.11,1.574,-270.633,49.944,59.433,49.944,-2.34,123.4,26.13,94.1,1.95,9.60,11.55
1298,2016.67,1.563,-272.103,49.907,59.962,49.907,-2.39,120.3,25.96,93.4,1.95,9.60,11.55
1299,2018.22,1.552,-273.570,49.870,60.468,49.870,-2.42,117.7,25.80,92.9,2.00,9.55,11.55
1300,2019.77,1.543,-275.035,49.831,60.952,49.831,-2.50,115.2,25.65,92.3,2.10,9.50,11.60
1301,2021.30,1.535,-276.498,49.791,61.415,49.791,-2.63,112.8,25.53,91.9,2.15,9.40,11.55
1302,2022.83,1.527,-277.959,49.745,61.856,49.745,-2.99,110.0,25.38,91.4,2.25,9.30,11.55
1303,2024.35,1.519,-279.418,49.697,62.276,49.697,-3.16,106.4,25.26,90.9,2.40,9.20,11.60
1304,2025.86,1.512,-280.876,49.647,62.672,49.647,-3.30,102.5,25.14,90.5,2.50,9.45,11.95
1305,2027.36,1.505,-282.333,49.596,63.045,49.596,-3.40,98.4,25.03,90.1,2.70,9.30,12.00
1306,2028.94,1.573,-283.861,49.539,63.412,49.539,-3.62,93.1,24.89,89.6,2.90,9.15,12.05
1307,2030.50,1.564,-285.387,49.481,63.751,49.481,-3.71,88.3,24.77,89.2,3.10,8.95,12.05
1308,2032.06,1.557,-286.912,49.421,64.061,49.421,-3.83,83.7,24.65,88.7,3.35,8.75,12.10
1309,2033.61,1.549,-288.434,49.359,64.342,49.359,-4.02,79.1,24.53,88.3,3.55,8.55,12.10
1310,2035.15,1.541,-289.954,49.295,64.592,49.295,-4.16,75.2,24.42,87.9,3.80,8.30,12.10
1311,2036.68,1.533,-291.470,49.229,64.811,49.229,-4.34,72.5,24.27,87.4,4.10,8.10,12.20
1312,2038.21,1.526,-292.983,49.163,64.996,49.163,-4.32,70.6,24.16,87.0,4.35,7.85,12.20
1313,2039.72,1.517,-294.492,49.098,65.146,49.098,-4.28,69.4,24.03,86.5,4.65,7.60,12.25
1314,2041.23,1.510,-295.995,49.035,65.261,49.035,-4.18,68.9,23.90,86.1,4.95,7.30,12.25
1315,2042.74,1.502,-297.494,48.972,65.342,48.972,-4.17,68.6,23.79,85.6,5.25,7.00,12.25
1316,2044.30,1.566,-299.058,48.905,65.393,48.905,-4.28,67.9,23.67,85.2,5.55,6.70,12.25
1317,2045.86,1.558,-300.614,48.836,65.408,48.836,-4.43,67.4,23.55,84.8,5.90,6.35,12.25
1318,2047.41,1.550,-302.162,48.767,65.386,48.767,-4.49,67.0,23.42,84.3,6.25,6.00,12.25
1319,2048.95,1.542,-303.701,48.697,65.329,48.697,-4.53,66.8,23.30,83.9,6.50,5.70,12.20
1320,2050.49,1.534,-305.230,48.628,65.236,48.628,-4.49,67.2,23.19,83.5,6.75,5.35,12.10
1321,2052.01,1.527,-306.750,48.559,65.109,48.559,-4.54,68.0,23.07,83.1,7.00,5.05,12.05
1322,2053.53,1.519,-308.259,48.489,64.949,48.489,-4.60,69.1,22.97,82.7,7.15,4.80,11.95
1323,2055.04,1.512,-309.757,48.418,64.757,48.418,-4.69,70.1,22.85,82.3,7.35,4.55,11.90
1324,2056.55,1.504,-311.243,48.348,64.534,48.348,-4.69,71.1,22.74,81.9,7.55,4.30,11.85
1325,2058.11,1.565,-312.783,48.274,64.268,48.274,-4.70,71.5,22.63,81.5,7.70,4.10,11.80
1326,2059.67,1.558,-314.310,48.201,63.970,48.201,-4.69,71.9,22.52,81.1,7.85,3.95,11.80
1327,2061.22,1.550,-315.824,48.128,63.640,48.128,-4.73,72.2,22.42,80.7,8.00,3.80,11.80
1328,2062.76,1.543,-317.322,48.056,63.280,48.056,-4.69,72.4,22.31,80.3,8.15,3.65,11.80
1329,2064.30,1.536,-318.806,47.986,62.890,47.986,-4.57,72.8,22.21,79.9,8.30,3.50,11.80
1330,2065.83,1.529,-320.274,47.917,62.471,47.917,-4.49,73.1,22.11,79.6,8.45,3.35,11.80
1331,2067.35,1.522,-321.727,47.848,62.025,47.848,-4.56,73.0,22.00,79.2,8.60,3.20,11.80
1332,2068.86,1.515,-323.164,47.779,61.551,47.779,-4.57,72.6,21.91,78.9,8.75,3.05,11.80
1333,2070.37,1.508,-324.585,47.709,61.051,47.709,-4.65,71.8,21.81,78.5,8.90,2.90,11.80
1334,2071.94,1.566,-326.048,47.638,60.498,47.638,-4.56,70.5,21.70,78.1,9.05,2.75,11.80
1335,2073.50,1.558,-327.492,47.566,59.915,47.566,-4.60,69.5,21.59,77.7,9.15,2.60,11.75
1336,2075.05,1.551,-328.915,47.494,59.303,47.494,-4.62,68.7,21.50,77.4,9.30,2.45,11.75
1337,2076.59,1.544,-330.318,47.420,58.663,47.420,-4.83,68.1,21.38,77.0,9.45,2.35,11.80
1338,2078.13,1.536,-331.699,47.347,57.993,47.347,-4.73,68.4,21.30,76.7,9.60,2.20,11.80
1339,2079.66,1.529,-333.058,47.276,57.295,47.276,-4.68,69.7,21.21,76.4,9.70,2.05,11.75
1340,2081.18,1.523,-334.396,47.201,56.572,47.201,-4.91,71.0,21.09,75.9,9.80,1.95,11.75
1341,2082.70,1.516,-335.711,47.129,55.822,47.129,-4.76,72.8,21.01,75.6,11.40,1.85,13.25
1342,2084.20,1.509,-337.005,47.060,55.048,47.060,-4.55,74.9,20.93,75.4,11.50,1.75,13.25
1343,2085.71,1.503,-338.279,46.990,54.253,46.990,-4.68,76.0,20.82,75.0,11.55,1.70,13.25
1344,2087.27,1.559,-339.583,46.919,53.402,46.919,-4.54,75.7,20.74,74.7,11.60,1.65,13.25
1345,2088.82,1.552,-340.864,46.849,52.529,46.849,-4.54,74.7,20.66,74.4,11.65,1.60,13.25
1346,2090.36,1.546,-342.122,46.777,51.634,46.777,-4.69,73.0,20.56,74.0,11.65,1.60,13.25
1347,2091.90,1.539,-343.356,46.703,50.718,46.703,-4.77,71.3,20.47,73.7,11.65,1.60,13.25
1348,2093.44,1.532,-344.565,46.629,49.779,46.629,-4.86,70.4,20.38,73.4,11.65,1.55,13.20
1349,2094.96,1.525,-345.746,46.557,48.818,46.557,-4.75,70.2,20.28,73.0,11.65,1.55,13.20
1350,2096.48,1.518,-346.900,46.491,47.833,46.491,-4.34,70.8,20.20,72.7,11.70,1.55,13.25
1351,2097.99,1.512,-348.027,46.428,46.828,46.428,-4.18,71.6,20.12,72.4,11.65,1.55,13.20
1352,2099.50,1.506,-349.130,46.361,45.805,46.361,-4.39,72.0,20.04,72.1,11.65,1.55,13.20
1353,2101.06,1.560,-350.251,46.289,44.722,46.289,-4.65,71.7,19.95,71.8,11.65,1.60,13.25
1354,2102.61,1.553,-351.342,46.216,43.620,46.216,-4.72,71.4,19.87,71.5,11.60,1.60,13.20
1355,2104.16,1.546,-352.404,46.142,42.499,46.142,-4.78,70.8,19.78,71.2,11.60,1.65,13.25
1356,2105.70,1.540,-353.437,46.070,41.359,46.070,-4.70,70.4,19.70,70.9,11.55,1.70,13.25
1357,2107.23,1.533,-354.440,45.999,40.202,45.999,-4.65,70.5,19.62,70.6,11.50,1.75,13.25
1358,2108.76,1.527,-355.414,45.928,39.028,45.928,-4.64,71.2,19.55,70.4,11.40,1.85,13.25
1359,2110.28,1.523,-356.361,45.856,37.838,45.856,-4.69,72.4,19.49,70.2,11.30,1.95,13.25
1360,2111.80,1.519,-357.279,45.787,36.630,45.787,-4.55,74.3,19.46,70.1,11.25,2.05,13.30
1361,2113.32,1.518,-358.172,45.719,35.404,45.719,-4.53,77.2,19.47,70.1,11.10,2.15,13.25
1362,2114.84,1.520,-359.039,45.652,34.158,45.652,-4.39,80.9,19.51,70.2,11.00,2.30,13.30
1363,2116.36,1.526,-359.887,45.585,32.890,45.585,-4.38,85.9,19.64,70.7,10.85,2.45,13.30
1364,2117.91,1.542,-360.719,45.518,31.594,45.518,-4.38,91.4,19.91,71.7,10.70,2.60,13.30
1365,2119.41,1.508,-361.514,45.453,30.314,45.453,-4.33,97.6,20.31,73.1,10.55,2.75,13.30
1366,2120.95,1.540,-362.305,45.386,28.994,45.386,-4.33,103.0,20.73,74.6,10.40,2.95,13.35
1367,2122.46,1.509,-363.061,45.324,27.690,45.324,-4.13,107.3,21.15,76.1,10.20,3.10,13.30
1368,2124.00,1.538,-363.814,45.264,26.350,45.264,-3.91,109.1,21.57,77.7,10.05,3.30,13.35
1369,2125.51,1.503,-364.533,45.204,25.031,45.204,-3.95,108.2,22.00,79.2,9.80,3.55,13.35
1370,2127.04,1.534,-365.248,45.145,23.676,45.145,-3.90,104.9,22.44,80.8,9.60,3.75,13.35
1371,2128.61,1.568,-365.960,45.083,22.280,45.083,-3.95,100.6,22.98,82.7,9.40,4.05,13.45
1372,2130.14,1.535,-366.636,45.023,20.903,45.023,-3.89,97.0,23.51,84.6,9.10,4.30,13.40
1373,2131.71,1.568,-367.302,44.966,19.484,44.966,-3.63,94.7,24.00,86.4,8.85,4.60,13.45
1374,2133.24,1.529,-367.927,44.913,18.090,44.913,-3.45,94.1,24.51,88.2,8.55,4.90,13.45
1375,2134.80,1.560,-368.540,44.864,16.656,44.864,-3.19,95.4,24.98,89.9,8.25,4.85,13.10
1376,2136.32,1.513,-369.112,44.816,15.256,44.816,-3.18,98.4,25.43,91.6,8.00,5.20,13.20
1377,2137.86,1.542,-369.673,44.766,13.821,44.766,-3.21,101.4,25.91,93.3,7.60,5.55,13.15
1378,2139.43,1.568,-370.221,44.715,12.353,44.715,-3.29,104.6,26.34,94.8,7.25,5.90,13.15
1379,2140.94,1.515,-370.730,44.663,10.927,44.663,-3.43,108.0,26.77,96.4,6.95,6.25,13.20
1380,2142.48,1.539,-371.227,44.607,9.472,44.607,-3.59,110.5,27.21,98.0,6.55,6.60,13.15
1381,2144.04,1.564,-371.711,44.549,7.986,44.549,-3.72,111.9,27.63,99.5,6.25,6.95,13.20
1382,2145.55,1.504,-372.158,44.491,6.551,44.491,-3.89,115.0,28.02,100.9,5.90,7.20,13.10
1383,2147.07,1.525,-372.591,44.429,5.091,44.429,-4.06,119.5,28.41,102.3,5.65,7.50,13.15
1384,2148.62,1.546,-373.011,44.365,3.605,44.365,-4.13,125.5,28.82,103.8,5.35,7.75,13.10
1385,2150.19,1.570,-373.416,44.301,2.090,44.301,-4.11,134.8,29.26,105.3,5.10,8.00,13.10
1386,2151.69,1.503,-373.786,44.239,0.634,44.239,-4.08,146.3,29.65,106.7,4.85,8.20,13.05
1387,2153.21,1.522,-374.146,44.174,-0.843,44.174,-4.30,156.3,30.02,108.1,4.60,8.40,13.00
1388,2154.75,1.540,-374.498,44.102,-2.341,44.102,-4.70,163.2,30.34,109.2,4.40,8.60,13.00
1389,2156.31,1.556,-374.843,44.023,-3.856,44.023,-5.10,166.3,30.67,110.4,4.20,8.80,13.00
1390,2157.89,1.577,-375.178,43.939,-5.394,43.939,-5.31,166.2,31.13,112.1,4.00,9.00,13.00
1391,2159.39,1.505,-375.483,43.861,-6.866,43.861,-5.22,168.1,31.53,113.5,3.85,9.15,13.00
1392,2160.92,1.524,-375.776,43.782,-8.359,43.782,-5.19,172.2,31.92,114.9,3.65,9.30,12.95
1393,2162.46,1.541,-376.057,43.701,-9.871,43.701,-5.21,180.4,32.24,116.1,3.55,9.40,12.95
1394,2164.01,1.556,-376.329,43.617,-11.401,43.617,-5.44,191.1,32.59,117.3,3.40,9.55,12.95
1395,2165.59,1.574,-376.591,43.529,-12.951,43.529,-5.61,203.5,32.95,118.6,3.30,9.65,12.95
1396,2167.18,1.591,-376.845,43.437,-14.519,43.437,-5.78,214.0,33.31,119.9,3.20,9.75,12.95
1397,2168.69,1.506,-377.076,43.347,-16.005,43.347,-5.96,225.1,33.63,121.1,3.10,9.80,12.90
1398,2170.21,1.522,-377.298,43.255,-17.508,43.255,-6.07,237.2,34.00,122.4,3.00,9.90,12.90
1399,2171.75,1.538,-377.513,43.161,-19.028,43.161,-6.11,251.0,34.34,123.6,2.95,9.95,12.90
1400,2173.30,1.554,-377.719,43.066,-20.565,43.066,-6.16,270.3,34.69,124.9,2.90,10.00,12.90
1401,2174.87,1.569,-377.919,42.968,-22.118,42.968,-6.26,293.4,35.03,126.1,2.85,10.05,12.90
1402,2176.45,1.584,-378.111,42.868,-23.687,42.868,-6.30,320.6,35.36,127.3,2.80,10.10,12.90
1403,2178.05,1.599,-378.299,42.766,-25.272,42.766,-6.42,348.8,35.68,128.5,2.75,10.15,12.90
1404,2179.56,1.506,-378.469,42.669,-26.765,42.669,-6.44,381.1,35.99,129.6,2.70,10.15,12.85
1405,2181.08,1.519,-378.635,42.570,-28.272,42.570,-6.55,408.7,36.34,130.8,2.70,10.15,12.85
1406,2182.61,1.533,-378.797,42.470,-29.793,42.470,-6.51,434.5,36.63,131.9,2.70,10.20,12.90
1407,2184.16,1.545,-378.955,42.369,-31.327,42.369,-6.57,453.1,36.94,133.0,2.65,10.20,12.85
1408,2185.72,1.559,-379.110,42.266,-32.874,42.266,-6.63,462.6,37.26,134.1,2.65,10.20,12.85
1409,2187.29,1.572,-379.260,42.162,-34.435,42.162,-6.63,462.0,37.56,135.2,2.65,10.20,12.85
1410,2188.87,1.585,-379.406,42.056,-36.010,42.056,-6.69,457.9,37.89,136.4,2.65,10.20,12.85
1411,2190.47,1.598,-379.548,41.949,-37.598,41.949,-6.72,448.9,38.18,137.5,2.70,10.20,12.90
1412,2192.08,1.610,-379.686,41.840,-39.199,41.840,-6.77,438.9,38.47,138.5,2.70,10.15,12.85
1413,2193.59,1.507,-379.810,41.737,-40.697,41.737,-6.82,438.7,38.78,139.6,2.70,10.45,13.15
1414,2195.11,1.518,-379.929,41.634,-42.207,41.634,-6.80,441.4,39.06,140.6,2.75,10.70,13.45
1415,2196.64,1.529,-380.044,41.531,-43.729,41.531,-6.80,446.6,39.35,141.6,2.75,10.90,13.65
1416,2198.18,1.541,-380.154,41.426,-45.262,41.426,-6.80,462.0,39.64,142.7,2.80,11.10,13.90
1417,2199.73,1.552,-380.259,41.322,-46.807,41.322,-6.74,493.2,39.89,143.6,2.85,11.25,14.10
1418,2201.29,1.562,-380.361,41.216,-48.362,41.216,-6.78,539.6,40.19,144.7,2.90,11.50,14.40
1419,2202.86,1.569,-380.457,41.111,-49.924,41.111,-6.69,626.5,40.23,144.8,2.95,12.05,15.00
1420,2204.43,1.569,-380.548,41.008,-51.487,41.008,-6.59,801.4,40.22,144.8,3.00,12.60,15.60
1421,2206.00,1.568,-380.637,40.905,-53.049,40.905,-6.58,1165.7,40.19,144.7,3.05,13.35,16.40
1422,2207.57,1.567,-380.723,40.803,-54.610,40.803,-6.57,2000.0,40.18,144.6,3.15,14.60,17.75
1423,2209.14,1.566,-380.808,40.700,-56.171,40.700,-6.54,2000.0,40.15,144.5,3.20,19.50,22.70
1424,2210.70,1.566,-380.893,40.600,-57.731,40.600,-6.46,2000.0,40.14,144.5,3.25,20.05,23.30
1425,2212.27,1.566,-380.980,40.499,-59.291,40.499,-6.45,1753.0,40.20,144.7,3.30,20.55,23.85
1426,2213.84,1.572,-381.068,40.397,-60.857,40.397,-6.49,1246.1,40.40,145.5,3.40,21.05,24.45
1427,2215.42,1.580,-381.159,40.295,-62.432,40.295,-6.43,1021.5,40.63,146.3,3.45,21.60,25.05
1428,2217.01,1.589,-381.253,40.195,-64.015,40.195,-6.31,908.7,40.86,147.1,3.50,20.05,23.55
1429,2218.61,1.598,-381.351,40.097,-65.608,40.097,-6.16,856.4,41.09,147.9,3.55,16.95,20.50
1430,2220.22,1.607,-381.453,40.001,-67.209,40.001,-5.99,848.0,41.31,148.7,3.60,14.95,18.55
1431,2221.83,1.616,-381.559,39.906,-68.818,39.906,-5.86,864.5,41.53,149.5,3.65,13.65,17.30
1432,2223.46,1.624,-381.669,39.812,-70.436,39.812,-5.80,896.6,41.74,150.2,3.70,12.65,16.35
1433,2224.96,1.507,-381.773,39.725,-71.936,39.725,-5.84,933.9,41.95,151.0,3.75,12.00,15.75
1434,2226.48,1.514,-381.879,39.636,-73.444,39.636,-5.86,959.3,42.13,151.7,3.75,11.35,15.10
1435,2228.00,1.520,-381.988,39.545,-74.957,39.545,-5.98,954.9,42.32,152.3,3.80,10.95,14.75
1436,2229.53,1.528,-382.100,39.453,-76.478,39.453,-6.04,937.3,42.53,153.1,3.85,10.60,14.45
1437,2231.06,1.535,-382.215,39.360,-78.005,39.360,-6.08,913.3,42.73,153.8,3.85,10.30,14.15
1438,2232.60,1.542,-382.333,39.267,-79.540,39.267,-6.03,897.5,42.93,154.5,3.90,10.05,13.95
1439,2234.15,1.550,-382.455,39.175,-81.082,39.175,-5.97,895.9,43.14,155.3,3.90,9.85,13.75
1440,2235.71,1.557,-382.580,39.084,-82.631,39.084,-5.84,911.0,43.33,156.0,3.95,9.65,13.60
1441,2237.27,1.564,-382.709,38.994,-84.187,38.994,-5.75,937.9,43.54,156.7,2.45,9.50,11.95
1442,2238.85,1.571,-382.840,38.905,-85.750,38.905,-5.68,975.9,43.70,157.3,2.45,9.30,11.75
1443,2240.42,1.577,-382.975,38.815,-87.319,38.815,-5.74,1016.8,43.91,158.1,2.45,9.10,11.55
1444,2242.01,1.585,-383.113,38.724,-88.895,38.724,-5.72,1065.6,44.11,158.8,2.50,8.95,11.45
1445,2243.60,1.592,-383.254,38.634,-90.478,38.634,-5.65,1133.4,44.32,159.5,2.50,8.75,11.25
1446,2245.20,1.599,-383.397,38.547,-92.069,38.547,-5.50,1226.4,44.52,160.3,2.50,8.75,11.25
1447,2246.81,1.607,-383.544,38.461,-93.666,38.461,-5.34,1335.4,44.72,161.0,2.50,8.75,11.25
1448,2248.42,1.613,-383.694,38.377,-95.271,38.377,-5.21,1475.1,44.90,161.7,2.50,8.75,11.25
1449,2250.04,1.620,-383.846,38.294,-96.882,38.294,-5.12,1625.6,45.10,162.3,2.50,8.75,11.25
1450,2251.67,1.627,-383.999,38.212,-98.500,38.212,-5.07,1765.6,45.29,163.1,2.50,8.75,11.25
1451,2253.30,1.634,-384.155,38.129,-100.124,38.129,-5.06,1863.3,45.47,163.7,2.50,8.75,11.25
1452,2254.81,1.503,-384.300,38.053,-101.619,38.053,-5.10,1948.9,45.63,164.3,2.50,8.75,11.25
1453,2256.32,1.509,-384.446,37.976,-103.119,37.976,-5.08,2000.0,45.82,164.9,2.50,8.75,11.25
1454,2257.83,1.515,-384.594,37.900,-104.625,37.900,-5.01,2000.0,46.01,165.6,2.50,8.75,11.25
1455,2259.35,1.522,-384.743,37.825,-106.138,37.825,-4.94,2000.0,46.19,166.3,2.50,8.75,11.25
1456,2260.88,1.527,-384.894,37.750,-107.655,37.750,-4.89,2000.0,46.34,166.8,2.50,8.75,11.25
1457,2262.41,1.533,-385.047,37.675,-109.178,37.675,-4.92,2000.0,46.52,167.5,2.50,8.75,11.25
1458,2263.95,1.538,-385.202,37.599,-110.707,37.599,-4.93,2000.0,46.69,168.1,2.50,8.75,11.25
1459,2265.50,1.544,-385.358,37.523,-112.241,37.523,-4.92,2000.0,46.84,168.6,2.45,8.75,11.20
1460,2267.05,1.549,-385.516,37.447,-113.780,37.447,-4.91,2000.0,47.04,169.3,2.45,8.80,11.25
1461,2268.60,1.555,-385.676,37.373,-115.325,37.373,-4.80,2000.0,47.20,169.9,2.45,8.80,11.25
1462,2270.16,1.561,-385.837,37.299,-116.876,37.299,-4.75,2000.0,47.39,170.6,2.45,8.80,11.25
1463,2271.73,1.567,-386.001,37.225,-118.432,37.225,-4.69,2000.0,47.53,171.1,2.40,8.80,11.20
1464,2273.30,1.571,-386.165,37.151,-119.993,37.151,-4.77,2000.0,47.68,171.6,2.40,8.85,11.25
1465,2274.88,1.577,-386.331,37.075,-121.559,37.075,-4.83,2000.0,47.85,172.2,2.40,8.85,11.25
1466,2276.46,1.582,-386.499,36.998,-123.130,36.998,-4.84,2000.0,48.03,172.9,2.35,8.85,11.20
1467,2278.05,1.588,-386.668,36.922,-124.708,36.922,-4.82,2000.0,48.22,173.6,2.35,8.85,11.20
1468,2279.64,1.593,-386.839,36.846,-126.291,36.846,-4.74,2000.0,48.36,174.1,2.35,8.90,11.25
1469,2281.24,1.599,-387.011,36.771,-127.879,36.771,-4.72,2000.0,48.55,174.8,2.30,8.90,11.20
1470,2282.85,1.605,-387.185,36.698,-129.472,36.698,-4.56,2000.0,48.71,175.4,2.30,8.95,11.25
1471,2284.46,1.611,-387.360,36.627,-131.072,36.627,-4.41,2000.0,48.88,176.0,2.25,8.95,11.20
1472,2286.07,1.616,-387.536,36.557,-132.677,36.557,-4.34,2000.0,49.05,176.6,2.25,8.95,11.20
1473,2287.70,1.621,-387.713,36.487,-134.286,36.487,-4.30,2000.0,49.17,177.0,2.20,9.00,11.20
1474,2289.32,1.626,-387.890,36.416,-135.901,36.416,-4.37,2000.0,49.37,177.7,2.20,9.00,11.20
1475,2290.95,1.632,-388.069,36.345,-137.522,36.345,-4.35,2000.0,49.53,178.3,2.15,9.05,11.20
1476,2292.59,1.637,-388.247,36.273,-139.147,36.273,-4.38,2000.0,49.64,178.7,2.15,9.05,11.20
1477,2294.23,1.641,-388.426,36.200,-140.777,36.200,-4.47,2000.0,49.83,179.4,2.10,9.05,11.15
1478,2295.88,1.647,-388.605,36.128,-142.413,36.128,-4.38,2000.0,49.98,179.9,2.10,9.10,11.20
1479,2297.38,1.502,-388.768,36.063,-143.905,36.063,-4.36,2000.0,50.16,180.6,2.10,9.10,11.20
1480,2298.89,1.507,-388.930,35.999,-145.402,35.999,-4.24,2000.0,50.29,181.0,2.05,9.15,11.20
1481,2300.40,1.511,-389.093,35.936,-146.903,35.936,-4.18,2000.0,50.45,181.6,2.05,9.15,11.20
1482,2301.92,1.516,-389.255,35.873,-148.410,35.873,-4.11,2000.0,50.61,182.2,2.00,9.15,11.15
1483,2303.44,1.520,-389.418,35.812,-149.920,35.812,-4.04,2000.0,50.73,182.6,2.00,9.20,11.20
1484,2304.96,1.524,-389.580,35.749,-151.434,35.749,-4.12,2000.0,50.87,183.1,2.00,9.20,11.20
1485,2306.49,1.528,-389.742,35.686,-152.953,35.686,-4.12,2000.0,51.00,183.6,1.95,9.20,11.15
1486,2308.03,1.533,-389.904,35.623,-154.476,35.623,-4.10,2000.0,51.18,184.2,1.95,9.20,11.15
1487,2309.56,1.538,-390.066,35.562,-156.004,35.562,-3.99,2000.0,51.33,184.8,1.95,9.25,11.20
1488,2311.11,1.542,-390.228,35.501,-157.536,35.501,-3.96,2000.0,51.48,185.3,1.90,9.25,11.15
1489,2312.65,1.546,-390.390,35.439,-159.073,35.439,-4.01,2000.0,51.58,185.7,7.30,9.25,16.55
1490,2314.20,1.549,-390.552,35.375,-160.612,35.375,-4.12,2000.0,51.70,186.1,6.30,9.30,15.60
1491,2315.76,1.554,-390.713,35.311,-162.156,35.311,-4.15,2000.0,51.89,186.8,5.25,9.30,14.55
1492,2317.32,1.559,-390.875,35.247,-163.706,35.247,-4.09,2000.0,52.03,187.3,4.05,9.30,13.35
1493,2318.88,1.563,-391.036,35.183,-165.259,35.183,-4.08,2000.0,52.15,187.7,2.85,9.30,12.15
1494,2320.45,1.567,-391.197,35.120,-166.816,35.120,-4.05,2000.0,52.30,188.3,1.85,9.30,11.15
1495,2322.02,1.572,-391.357,35.058,-168.379,35.058,-3.94,2000.0,52.47,188.9,1.85,9.35,11.20
1496,2323.60,1.576,-391.516,34.999,-169.946,34.999,-3.75,2000.0,52.57,189.2,1.80,9.35,11.15
1497,2325.17,1.576,-391.675,34.942,-171.513,34.942,-3.62,2000.0,52.53,189.1,1.80,9.35,11.15
1498,2326.75,1.575,-391.832,34.886,-173.080,34.886,-3.56,2000.0,52.50,189.0,1.80,9.35,11.15
1499,2328.32,1.574,-391.988,34.830,-174.645,34.830,-3.58,2000.0,52.46,188.8,1.80,9.35,11.15
1500,2329.90,1.573,-392.143,34.773,-176.210,34.773,-3.60,2000.0,52.42,188.7,1.80,9.35,11.15
1501,2331.47,1.572,-392.296,34.716,-177.773,34.716,-3.64,2000.0,52.38,188.6,1.80,9.35,11.15
1502,2333.04,1.571,-392.449,34.657,-179.335,34.657,-3.73,2000.0,52.34,188.4,1.80,9.35,11.15
1503,2334.61,1.570,-392.601,34.598,-180.896,34.598,-3.81,2000.0,52.30,188.3,1.80,9.35,11.15
1504,2336.18,1.568,-392.752,34.538,-182.456,34.538,-3.82,2000.0,52.23,188.0,1.80,9.35,11.15
1505,2337.75,1.567,-392.903,34.477,-184.014,34.477,-3.87,2000.0,52.24,188.1,1.80,9.35,11.15
1506,2339.31,1.568,-393.053,34.416,-185.574,34.416,-3.92,2000.0,52.32,188.3,1.80,9.35,11.15
1507,2340.89,1.572,-393.202,34.354,-187.138,34.354,-3.95,2000.0,52.45,188.8,1.75,9.35,11.10
1508,2342.46,1.575,-393.352,34.294,-188.705,34.294,-3.81,2000.0,52.56,189.2,1.75,9.35,11.10
1509,2344.04,1.579,-393.502,34.236,-190.275,34.236,-3.65,2000.0,52.68,189.7,1.75,9.35,11.10
1510,2345.62,1.582,-393.652,34.182,-191.850,34.182,-3.42,2000.0,52.80,190.1,1.75,9.35,11.10
1511,2347.21,1.586,-393.802,34.132,-193.428,34.132,-3.17,2000.0,52.92,190.5,1.80,9.35,11.15
1512,2348.80,1.590,-393.952,34.085,-195.010,34.085,-2.97,2000.0,53.04,191.0,1.80,9.35,11.15
1513,2350.39,1.593,-394.102,34.040,-196.595,34.040,-2.83,2000.0,53.15,191.3,1.80,9.35,11.15
1514,2351.99,1.596,-394.253,33.996,-198.184,33.996,-2.73,2000.0,53.26,191.8,1.80,9.35,11.15
1515,2353.59,1.600,-394.404,33.954,-199.776,33.954,-2.65,2000.0,53.37,192.1,1.80,9.35,11.15
1516,2355.19,1.603,-394.555,33.913,-201.371,33.913,-2.53,2000.0,53.48,192.5,1.80,9.35,11.15
1517,2356.80,1.606,-394.707,33.875,-202.970,33.875,-2.41,2000.0,53.59,192.9,1.80,9.35,11.15
1518,2358.41,1.610,-394.860,33.838,-204.572,33.838,-2.28,2000.0,53.71,193.4,1.80,9.35,11.15
1519,2360.02,1.613,-395.013,33.802,-206.177,33.802,-2.20,2000.0,53.81,193.7,1.80,9.30,11.10
1520,2361.64,1.616,-395.166,33.766,-207.785,33.766,-2.23,2000.0,53.92,194.1,1.80,9.30,11.10
1521,2363.26,1.619,-395.320,33.729,-209.397,33.729,-2.29,2000.0,53.99,194.4,1.80,9.30,11.10
1522,2364.88,1.621,-395.474,33.691,-211.010,33.691,-2.39,2000.0,54.10,194.7,1.80,9.30,11.10
1523,2366.51,1.626,-395.629,33.651,-212.628,33.651,-2.43,2000.0,54.25,195.3,1.80,9.30,11.10
1524,2368.14,1.629,-395.785,33.613,-214.249,33.613,-2.36,2000.0,54.33,195.6,1.80,9.30,11.10
1525,2369.77,1.632,-395.941,33.573,-215.873,33.573,-2.42,2000.0,54.47,196.1,1.80,9.30,11.10
1526,2371.40,1.635,-396.097,33.534,-217.500,33.534,-2.41,2000.0,54.54,196.3,1.80,9.30,11.10
1527,2373.04,1.638,-396.254,33.493,-219.131,33.493,-2.51,2000.0,54.68,196.8,1.80,9.30,11.10
1528,2374.68,1.642,-396.412,33.452,-220.764,33.452,-2.49,2000.0,54.77,197.2,1.80,9.30,11.10
1529,2376.33,1.645,-396.570,33.411,-222.401,33.411,-2.49,2000.0,54.90,197.6,1.75,9.30,11.05
1530,2377.98,1.649,-396.730,33.371,-224.042,33.371,-2.42,2000.0,55.00,198.0,1.75,9.30,11.05
1531,2379.63,1.652,-396.890,33.332,-225.686,33.332,-2.36,2000.0,55.11,198.4,1.75,9.30,11.05
1532,2381.29,1.655,-397.050,33.295,-227.332,33.295,-2.27,2000.0,55.21,198.8,1.75,9.30,11.05
1533,2382.94,1.658,-397.212,33.259,-228.982,33.259,-2.14,2000.0,55.33,199.2,1.75,9.30,11.05
1534,2384.61,1.662,-397.374,33.226,-230.636,33.226,-2.01,2000.0,55.44,199.6,1.75,9.30,11.05
1535,2386.27,1.665,-397.537,33.194,-232.292,33.194,-1.92,2000.0,55.53,199.9,1.75,9.30,11.05
1536,2387.77,1.501,-397.685,33.164,-233.785,33.164,-1.96,2000.0,55.62,200.2,1.75,9.30,11.05
1537,2389.28,1.503,-397.832,33.134,-235.280,33.134,-1.99,2000.0,55.71,200.5,1.75,9.30,11.05
1538,2390.78,1.505,-397.981,33.105,-236.778,33.105,-1.96,2000.0,55.80,200.9,1.75,9.35,11.10
1539,2392.29,1.508,-398.130,33.075,-238.279,33.075,-1.97,2000.0,55.90,201.2,1.75,9.35,11.10
1540,2393.80,1.510,-398.279,33.046,-239.781,33.046,-1.95,2000.0,55.97,201.5,1.70,9.35,11.05
1541,2395.31,1.513,-398.429,33.016,-241.286,33.016,-1.93,2000.0,56.09,201.9,1.70,9.35,11.05
1542,2396.83,1.516,-398.580,32.989,-242.794,32.989,-1.82,2000.0,56.16,202.2,1.70,9.35,11.05
1543,2398.35,1.517,-398.730,32.963,-244.304,32.963,-1.68,2000.0,56.19,202.3,1.70,9.35,11.05
1544,2399.86,1.516,-398.881,32.940,-245.812,32.940,-1.57,2000.0,56.13,202.1,1.70,9.35,11.05
1545,2401.38,1.515,-399.030,32.917,-247.319,32.917,-1.49,2000.0,56.06,201.8,1.70,9.35,11.05
1546,2402.89,1.512,-399.179,32.894,-248.824,32.894,-1.49,1932.1,55.96,201.5,1.70,9.35,11.05
1547,2404.40,1.509,-399.326,32.874,-250.326,32.874,-1.39,1533.0,55.86,201.1,1.70,9.35,11.05
1548,2405.91,1.507,-399.471,32.853,-251.826,32.853,-1.35,1264.1,55.78,200.8,1.65,9.35,11.00
1549,2407.41,1.505,-399.614,32.833,-253.324,32.833,-1.36,1103.4,55.69,200.5,1.65,9.35,11.00
1550,2408.92,1.503,-399.756,32.811,-254.819,32.811,-1.42,977.4,55.62,200.2,1.65,9.35,11.00
1551,2410.58,1.666,-399.909,32.788,-256.478,32.788,-1.42,867.7,55.47,199.7,1.70,9.35,11.05
1552,2412.24,1.662,-400.059,32.766,-258.134,32.766,-1.31,777.6,55.35,199.3,1.70,9.35,11.05
1553,2413.90,1.659,-400.204,32.746,-259.786,32.746,-1.24,709.7,55.28,199.0,1.70,9.30,11.00
1554,2415.56,1.657,-400.347,32.724,-261.437,32.724,-1.32,640.5,55.19,198.7,1.70,9.30,11.00
1555,2417.22,1.653,-400.484,32.701,-263.085,32.701,-1.37,587.3,55.07,198.3,1.75,9.30,11.05
1556,2418.87,1.650,-400.617,32.679,-264.729,32.679,-1.35,544.9,54.91,197.7,1.75,9.25,11.00
1557,2420.51,1.646,-400.744,32.659,-266.370,32.659,-1.19,518.3,54.84,197.4,1.80,9.25,11.05
1558,2422.16,1.643,-400.865,32.641,-268.009,32.641,-1.12,500.0,54.72,197.0,1.80,9.20,11.00
1559,2423.80,1.640,-400.981,32.624,-269.645,32.624,-1.05,495.7,54.63,196.7,1.85,9.15,11.00
1560,2425.43,1.637,-401.091,32.607,-271.278,32.607,-1.01,495.4,54.50,196.2,1.90,16.85,18.75
1561,2427.07,1.633,-401.195,32.593,-272.907,32.593,-0.86,503.0,54.38,195.8,1.95,15.75,17.70
1562,2428.70,1.630,-401.293,32.581,-274.534,32.581,-0.73,506.9,54.30,195.5,2.00,14.45,16.45
1563,2430.32,1.628,-401.387,32.569,-276.159,32.569,-0.76,501.8,54.22,195.2,2.10,12.90,15.00
1564,2431.95,1.625,-401.476,32.555,-277.781,32.555,-0.87,484.8,54.10,194.7,2.15,11.45,13.60
1565,2433.57,1.621,-401.559,32.541,-279.400,32.541,-0.86,464.7,53.99,194.4,2.25,10.00,12.25
1566,2435.19,1.618,-401.637,32.527,-281.016,32.527,-0.83,442.9,53.86,193.9,2.30,8.70,11.00
1567,2436.80,1.614,-401.708,32.515,-282.628,32.515,-0.77,425.3,53.76,193.5,2.40,8.65,11.05
1568,2438.41,1.610,-401.773,32.504,-284.237,32.504,-0.66,417.3,53.63,193.1,2.50,8.55,11.05
1569,2440.02,1.607,-401.831,32.496,-285.843,32.496,-0.48,419.5,53.53,192.7,2.60,8.45,11.05
1570,2441.63,1.604,-401.883,32.491,-287.447,32.491,-0.37,430.8,53.42,192.3,2.70,8.35,11.05
1571,2443.23,1.601,-401.928,32.486,-289.047,32.486,-0.29,449.3,53.33,192.0,2.80,8.25,11.05
1572,2444.83,1.598,-401.968,32.482,-290.645,32.482,-0.27,472.0,53.23,191.6,2.95,8.10,11.05
1573,2446.42,1.595,-402.002,32.477,-292.240,32.477,-0.27,492.7,53.13,191.3,3.05,8.00,11.05
1574,2448.01,1.592,-402.031,32.472,-293.832,32.472,-0.34,505.7,53.04,190.9,3.20,7.90,11.10
1575,2449.60,1.590,-402.056,32.465,-295.421,32.465,-0.45,506.3,52.94,190.6,3.30,7.75,11.05
1576,2451.19,1.587,-402.076,32.455,-297.008,32.455,-0.59,495.5,52.85,190.3,3.45,7.60,11.05
1577,2452.77,1.584,-402.091,32.444,-298.592,32.444,-0.73,476.8,52.74,189.9,3.60,7.50,11.10
1578,2454.36,1.580,-402.101,32.431,-300.172,32.431,-0.80,457.3,52.63,189.5,3.75,7.35,11.10
1579,2455.93,1.577,-402.105,32.418,-301.749,32.418,-0.83,439.9,52.52,189.1,3.90,7.20,11.10
1580,2457.51,1.574,-402.104,32.404,-303.323,32.404,-0.86,425.2,52.42,188.7,4.05,7.05,11.10
1581,2459.08,1.571,-402.096,32.390,-304.894,32.390,-0.90,412.7,52.32,188.3,4.20,6.90,11.10
1582,2460.65,1.568,-402.083,32.376,-306.462,32.376,-0.93,401.1,52.21,188.0,4.40,6.75,11.15
1583,2462.21,1.565,-402.064,32.361,-308.026,32.361,-0.95,390.6,52.11,187.6,4.55,6.55,11.10
1584,2463.77,1.562,-402.039,32.346,-309.587,32.346,-0.96,380.0,52.01,187.2,4.75,6.40,11.15
1585,2465.33,1.558,-402.007,32.331,-311.145,32.331,-0.96,369.3,51.89,186.8,4.90,6.20,11.10
1586,2466.89,1.555,-401.969,32.316,-312.700,32.316,-0.94,359.5,51.80,186.5,5.10,6.00,11.10
1587,2468.44,1.552,-401.924,32.302,-314.251,32.302,-0.91,349.9,51.68,186.1,5.30,5.85,11.15
1588,2469.99,1.549,-401.873,32.288,-315.799,32.288,-0.89,338.8,51.57,185.7,5.50,5.65,11.15
1589,2471.54,1.546,-401.815,32.275,-317.344,32.275,-0.86,327.5,51.49,185.4,5.65,5.45,11.10
1590,2473.08,1.542,-401.749,32.262,-318.885,32.262,-0.85,318.1,51.37,184.9,6.85,5.35,12.20
1591,2474.62,1.539,-401.677,32.250,-320.422,32.250,-0.81,309.1,51.25,184.5,8.05,5.25,13.30
1592,2476.15,1.536,-401.597,32.239,-321.956,32.239,-0.72,303.5,51.16,184.2,9.15,5.10,14.25
1593,2477.69,1.533,-401.509,32.229,-323.487,32.229,-0.66,299.4,51.05,183.8,9.85,5.10,14.95
1594,2479.22,1.530,-401.413,32.220,-325.013,32.220,-0.56,298.2,50.95,183.4,10.55,5.15,15.70
1595,2480.75,1.527,-401.310,32.212,-326.537,32.212,-0.53,296.1,50.85,183.1,11.05,5.05,16.10
1596,2482.27,1.524,-401.199,32.204,-328.056,32.204,-0.50,294.8,50.74,182.7,7.20,4.85,12.05
1597,2483.79,1.521,-401.081,32.197,-329.572,32.197,-0.47,292.8,50.65,182.3,7.45,4.70,12.15
1598,2485.31,1.517,-400.955,32.190,-331.084,32.190,-0.44,292.1,50.53,181.9,7.70,4.50,12.20
1599,2486.82,1.514,-400.822,32.184,-332.593,32.184,-0.41,291.5,50.42,181.5,7.95,4.30,12.25
1600,2488.33,1.511,-400.681,32.179,-334.097,32.179,-0.36,290.2,50.33,181.2,8.15,4.10,12.25
1601,2489.84,1.508,-400.532,32.174,-335.598,32.174,-0.34,287.2,50.22,180.8,8.40,3.95,12.35
1602,2491.35,1.505,-400.376,32.168,-337.095,32.168,-0.35,283.7,50.13,180.5,8.60,3.80,12.40
1603,2492.85,1.502,-400.213,32.163,-338.588,32.163,-0.37,279.4,50.01,180.0,8.80,3.65,12.45
1604,2494.50,1.648,-400.024,32.158,-340.225,32.158,-0.31,271.5,49.88,179.6,9.00,3.50,12.50
1605,2496.14,1.644,-399.824,32.154,-341.857,32.154,-0.19,265.9,49.76,179.1,9.25,3.35,12.60
1606,2497.78,1.640,-399.614,32.154,-343.483,32.154,-0.03,261.5,49.66,178.8,9.40,3.25,12.65
1607,2499.42,1.637,-399.395,32.154,-345.105,32.154,-0.00,257.1,49.54,178.3,9.60,3.15,12.75
1608,2501.05,1.633,-399.167,32.155,-346.722,32.155,0.04,254.4,49.44,178.0,9.75,3.05,12.80
1609,2502.68,1.629,-398.928,32.156,-348.334,32.156,0.08,254.7,49.31,177.5,9.90,2.95,12.85
1610,2504.31,1.625,-398.680,32.159,-349.939,32.159,0.18,256.4,49.17,177.0,10.05,2.85,12.90
1611,2505.93,1.621,-398.421,32.164,-351.540,32.164,0.34,259.3,49.07,176.7,10.20,2.80,13.00
1612,2507.55,1.617,-398.153,32.171,-353.134,32.171,0.42,263.3,48.96,176.3,10.30,2.75,13.05
1613,2509.16,1.614,-397.877,32.178,-354.725,32.178,0.43,265.2,48.86,175.9,10.40,2.70,13.10
1614,2510.77,1.610,-397.592,32.185,-356.310,32.185,0.43,266.8,48.75,175.5,10.50,2.65,13.15
1615,2512.38,1.607,-397.298,32.192,-357.889,32.192,0.42,265.8,48.62,175.0,10.65,2.60,13.25
1616,2513.98,1.603,-396.995,32.200,-359.463,32.200,0.53,265.8,48.52,174.7,10.70,2.55,13.25
1617,2515.58,1.599,-396.684,32.210,-361.031,32.210,0.62,266.6,48.40,174.3,10.75,2.55,13.30
1618,2517.18,1.595,-396.363,32.221,-362.594,32.221,0.69,269.4,48.30,173.9,10.85,2.55,13.40
1619,2518.77,1.592,-396.034,32.233,-364.151,32.233,0.75,272.1,48.17,173.4,10.90,2.50,13.40
1620,2520.36,1.588,-395.697,32.246,-365.703,32.246,0.83,275.3,48.08,173.1,10.95,2.50,13.45
1621,2521.94,1.584,-395.352,32.260,-367.249,32.260,0.85,275.9,47.96,172.7,11.00,2.45,13.45
1622,2523.52,1.581,-394.999,32.274,-368.790,32.274,0.91,273.8,47.86,172.3,11.05,2.45,13.50
1623,2525.10,1.578,-394.639,32.289,-370.326,32.289,0.92,269.8,47.76,171.9,11.05,2.45,13.50
1624,2526.68,1.574,-394.270,32.304,-371.856,32.304,0.97,266.1,47.68,171.6,11.05,2.45,13.50
1625,2528.25,1.573,-393.893,32.320,-373.383,32.320,1.05,262.8,47.66,171.6,11.00,2.50,13.50
1626,2529.82,1.573,-393.506,32.338,-374.908,32.338,1.14,261.4,47.68,171.7,10.95,2.50,13.45
1627,2531.40,1.574,-393.109,32.358,-376.431,32.358,1.24,261.8,47.72,171.8,10.90,2.55,13.45
1628,2532.97,1.576,-392.703,32.379,-377.953,32.379,1.33,263.3,47.77,172.0,10.85,2.60,13.45
1629,2534.55,1.578,-392.287,32.401,-379.475,32.401,1.39,264.5,47.84,172.2,10.75,2.70,13.45
1630,2536.13,1.580,-391.861,32.423,-380.997,32.423,1.40,265.0,47.93,172.6,10.65,2.75,13.40
1631,2537.72,1.584,-391.426,32.445,-382.519,32.445,1.41,262.5,48.04,172.9,10.55,2.85,13.40
1632,2539.30,1.587,-390.980,32.468,-384.043,32.468,1.45,258.8,48.14,173.3,10.45,2.95,13.40
1633,2540.90,1.591,-390.524,32.492,-385.566,32.492,1.48,254.0,48.25,173.7,10.35,3.10,13.45
1634,2542.49,1.594,-390.058,32.516,-387.090,32.516,1.50,248.6,48.35,174.0,10.25,3.20,13.45
1635,2544.09,1.597,-389.581,32.540,-388.615,32.540,1.52,243.1,48.45,174.4,10.15,3.30,13.45
1636,2545.69,1.601,-389.093,32.566,-390.139,32.566,1.60,239.8,48.55,174.8,10.05,3.40,13.45
1637,2547.29,1.604,-388.593,32.592,-391.663,32.592,1.66,237.5,48.65,175.1,9.95,3.55,13.50
1638,2548.90,1.607,-388.082,32.620,-393.186,32.620,1.74,237.5,48.75,175.5,9.80,3.65,13.45
1639,2550.51,1.610,-387.559,32.649,-394.709,32.649,1.79,240.2,48.85,175.9,9.70,3.80,13.50
1640,2552.12,1.614,-387.025,32.680,-396.231,32.680,1.88,245.3,48.94,176.2,9.55,3.95,13.50
1641,2553.74,1.617,-386.479,32.711,-397.753,32.711,1.94,251.8,49.05,176.6,9.40,4.10,13.50
1642,2555.36,1.620,-385.922,32.744,-399.274,32.744,2.03,259.5,49.15,176.9,9.25,4.25,13.50
1643,2556.99,1.624,-385.354,32.777,-400.795,32.777,2.03,267.8,49.25,177.3,9.15,4.40,13.55
1644,2558.61,1.627,-384.777,32.809,-402.315,32.809,2.00,275.0,49.34,177.6,8.95,4.60,13.55
1645,2560.24,1.630,-384.189,32.842,-403.835,32.842,1.99,282.7,49.43,178.0,8.75,4.80,13.55
1646,2561.88,1.633,-383.592,32.874,-405.355,32.874,1.99,286.3,49.56,178.4,8.55,4.95,13.50
1647,2563.51,1.637,-382.983,32.907,-406.874,32.907,2.04,290.3,49.65,178.8,8.40,5.15,13.55
1648,2565.16,1.640,-382.365,32.940,-408.394,32.940,2.00,292.1,49.76,179.1,8.20,5.35,13.55
1649,2566.80,1.644,-381.739,32.972,-409.913,32.972,1.95,294.0,49.84,179.4,8.00,5.50,13.50
1650,2568.45,1.647,-381.103,33.003,-411.431,33.003,1.88,293.8,49.95,179.8,7.85,5.70,13.55
1651,2569.95,1.500,-380.516,33.031,-412.812,33.031,1.89,301.0,50.06,180.2,7.70,5.85,13.55
1652,2571.45,1.503,-379.921,33.061,-414.192,33.061,1.95,310.5,50.15,180.6,7.50,5.25,12.75
1653,2572.96,1.506,-379.318,33.090,-415.572,33.090,1.95,323.6,50.25,180.9,7.35,5.40,12.75
1654,2574.47,1.509,-378.708,33.119,-416.952,33.119,1.95,339.8,50.33,181.2,7.20,5.55,12.75
1655,2575.98,1.512,-378.091,33.149,-418.332,33.149,1.93,361.0,50.44,181.6,7.05,5.70,12.75
1656,2577.49,1.515,-377.466,33.178,-419.711,33.178,1.94,382.0,50.54,181.9,6.90,5.85,12.75
1657,2579.01,1.518,-376.835,33.207,-421.091,33.207,1.92,402.4,50.64,182.3,6.75,6.00,12.75
1658,2580.53,1.521,-376.197,33.236,-422.471,33.236,1.91,424.5,50.73,182.6,6.65,6.15,12.80
1659,2582.06,1.524,-375.554,33.264,-423.852,33.264,1.85,447.6,50.83,183.0,6.50,6.25,12.75
1660,2583.58,1.527,-374.904,33.292,-425.233,33.292,1.81,470.0,50.92,183.3,6.35,6.40,12.75
1661,2585.11,1.529,-374.249,33.319,-426.615,33.319,1.75,490.8,51.02,183.7,6.25,6.50,12.75
1662,2586.65,1.532,-373.588,33.345,-427.997,33.345,1.73,513.6,51.13,184.1,6.15,6.60,12.75
1663,2588.18,1.536,-372.921,33.372,-429.380,33.372,1.74,536.4,51.24,184.5,6.00,6.70,12.70
1664,2589.72,1.539,-372.249,33.398,-430.764,33.398,1.72,559.3,51.34,184.8,5.90,6.85,12.75
1665,2591.26,1.542,-371.572,33.424,-432.149,33.424,1.70,582.0,51.42,185.1,5.80,6.95,12.75
1666,2592.81,1.545,-370.890,33.450,-433.535,33.450,1.67,606.8,51.54,185.5,5.70,7.05,12.75
1667,2594.36,1.548,-370.203,33.476,-434.922,33.476,1.68,631.8,51.64,185.9,5.55,7.15,12.70
1668,2595.91,1.551,-369.512,33.503,-436.309,33.503,1.74,664.8,51.73,186.2,5.45,7.25,12.70
1669,2597.46,1.554,-368.815,33.531,-437.698,33.531,1.77,701.9,51.85,186.7,5.35,7.35,12.70
1670,2599.02,1.557,-368.114,33.560,-439.088,33.560,1.86,750.2,51.95,187.0,5.25,7.45,12.70
1671,2600.58,1.560,-367.409,33.589,-440.480,33.589,1.89,798.1,52.05,187.4,5.20,7.55,12.75
1672,2602.14,1.563,-366.700,33.619,-441.872,33.619,1.91,847.0,52.13,187.7,5.10,7.60,12.70
1673,2603.71,1.566,-365.987,33.648,-443.266,33.648,1.86,875.5,52.26,188.1,5.00,7.70,12.70
1674,2605.28,1.569,-365.270,33.678,-444.662,33.678,1.87,895.1,52.34,188.4,4.90,7.80,12.70
1675,2606.85,1.571,-364.550,33.707,-446.058,33.707,1.85,894.7,52.42,188.7,4.80,7.90,12.70
1676,2608.43,1.575,-363.826,33.736,-447.457,33.736,1.85,892.5,52.54,189.2,4.75,7.95,12.70
1677,2610.01,1.578,-363.098,33.766,-448.856,33.766,1.92,886.3,52.66,189.6,4.65,8.05,12.70
1678,2611.59,1.581,-362.365,33.798,-450.257,33.798,2.00,889.3,52.75,189.9,4.60,8.10,12.70
1679,2613.17,1.584,-361.629,33.830,-451.660,33.830,2.05,897.0,52.86,190.3,4.50,8.20,12.70
1680,2614.76,1.587,-360.889,33.864,-453.064,33.864,2.10,910.0,52.95,190.6,4.45,8.25,12.70
1681,2616.35,1.590,-360.145,33.898,-454.468,33.898,2.15,920.2,53.05,191.0,4.35,8.35,12.70
1682,2617.94,1.593,-359.398,33.932,-455.875,33.932,2.17,923.9,53.15,191.4,4.30,8.40,12.70
1683,2619.54,1.596,-358.646,33.967,-457.283,33.967,2.17,917.4,53.24,191.7,4.20,8.45,12.65
1684,2621.14,1.599,-357.891,34.001,-458.691,34.001,2.13,896.2,53.32,192.0,4.15,8.50,12.65
1685,2622.74,1.602,-357.133,34.035,-460.101,34.035,2.10,866.2,53.43,192.3,4.10,8.60,12.70
1686,2624.35,1.605,-356.370,34.069,-461.513,34.069,2.11,836.3,53.54,192.7,4.05,8.65,12.70
1687,2625.96,1.608,-355.603,34.103,-462.925,34.103,2.16,813.7,53.63,193.1,4.00,8.70,12.70
1688,2627.57,1.610,-354.831,34.138,-464.338,34.138,2.17,794.4,53.73,193.4,3.95,8.75,12.70
1689,2629.18,1.613,-354.056,34.174,-465.753,34.174,2.22,783.8,53.83,193.8,3.90,8.80,12.70
1690,2630.80,1.616,-353.276,34.211,-467.168,34.211,2.28,784.2,53.92,194.1,3.85,8.85,12.70
1691,2632.42,1.619,-352.491,34.248,-468.584,34.248,2.30,791.9,54.01,194.5,3.80,8.90,12.70
1692,2634.04,1.622,-351.703,34.286,-470.001,34.286,2.32,806.7,54.11,194.8,3.75,8.90,12.65
1693,2635.66,1.625,-350.910,34.324,-471.418,34.324,2.36,828.1,54.20,195.1,3.70,8.95,12.65
1694,2637.29,1.628,-350.113,34.363,-472.837,34.363,2.38,849.5,54.31,195.5,3.65,9.00,12.65
1695,2638.92,1.631,-349.311,34.402,-474.256,34.402,2.41,865.5,54.40,195.9,3.65,9.00,12.65
1696,2640.56,1.633,-348.506,34.441,-475.677,34.441,2.36,869.3,54.46,196.1,3.60,9.05,12.65
1697,2642.19,1.635,-347.697,34.477,-477.097,34.477,2.25,855.5,54.55,196.4,3.60,9.05,12.65
1698,2643.83,1.639,-346.884,34.514,-478.520,34.514,2.24,840.5,54.68,196.8,3.55,9.10,12.65
1699,2645.47,1.642,-346.067,34.552,-479.943,34.552,2.31,831.7,54.77,197.2,3.55,9.10,12.65
1700,2647.12,1.645,-345.245,34.591,-481.367,34.591,2.36,834.4,54.86,197.5,3.50,9.15,12.65
1701,2648.77,1.647,-344.419,34.631,-482.792,34.631,2.43,850.0,54.96,197.9,3.50,9.15,12.65
1702,2650.42,1.650,-343.588,34.672,-484.217,34.672,2.50,884.8,55.05,198.2,3.50,9.15,12.65
1703,2652.07,1.653,-342.754,34.714,-485.644,34.714,2.54,925.0,55.15,198.5,3.50,9.15,12.65
1704,2653.73,1.656,-341.915,34.757,-487.071,34.757,2.57,963.8,55.22,198.8,3.50,9.20,12.70
1705,2655.39,1.658,-341.073,34.799,-488.499,34.799,2.53,997.4,55.31,199.1,3.50,9.20,12.70
1706,2657.05,1.661,-340.227,34.841,-489.927,34.841,2.55,1031.7,55.41,199.5,3.50,9.15,12.65
1707,2658.71,1.664,-339.377,34.884,-491.358,34.884,2.58,1065.9,55.52,199.9,3.50,9.15,12.65
1708,2660.38,1.667,-338.524,34.928,-492.789,34.928,2.63,1100.0,55.59,200.1,3.50,9.15,12.65
1709,2661.88,1.502,-337.753,34.966,-494.078,34.966,2.57,1137.6,55.68,200.4,3.50,9.15,12.65
1710,2663.39,1.504,-336.980,35.004,-495.368,35.004,2.54,1167.7,55.76,200.7,3.55,9.10,12.65
1711,2664.89,1.507,-336.204,35.043,-496.659,35.043,2.53,1188.7,55.83,201.0,3.55,9.10,12.65
1712,2666.40,1.509,-335.425,35.080,-497.950,35.080,2.51,1196.7,55.92,201.3,3.55,9.10,12.65
1713,2667.91,1.511,-334.644,35.119,-499.243,35.119,2.53,1206.3,56.01,201.6,3.60,9.05,12.65
1714,2669.43,1.514,-333.859,35.157,-500.537,35.157,2.56,1228.4,56.08,201.9,3.60,9.05,12.65
1715,2670.94,1.515,-333.072,35.197,-501.832,35.197,2.60,1253.4,56.17,202.2,3.55,9.00,12.55
1716,2672.46,1.518,-332.282,35.237,-503.127,35.237,2.65,1298.3,56.28,202.6,3.40,8.95,12.35
1717,2673.98,1.521,-331.489,35.278,-504.424,35.278,2.69,1356.7,56.34,202.8,3.25,8.95,12.20
1718,2675.51,1.522,-330.694,35.319,-505.721,35.319,2.70,1427.6,56.38,203.0,3.15,8.90,12.05
1719,2677.03,1.524,-329.896,35.359,-507.019,35.359,2.64,1473.7,56.50,203.4,3.00,8.85,11.85
1720,2678.56,1.527,-329.096,35.401,-508.319,35.401,2.74,1534.8,56.58,203.7,2.85,8.80,11.65
1721,2680.09,1.529,-328.293,35.443,-509.619,35.443,2.76,1561.8,56.68,204.0,2.75,8.75,11.50
1722,2681.62,1.531,-327.488,35.485,-510.921,35.485,2.76,1586.8,56.73,204.2,2.60,8.75,11.35
1723,2683.15,1.533,-326.681,35.526,-512.223,35.526,2.70,1574.9,56.81,204.5,2.50,8.70,11.20
1724,2684.69,1.535,-325.871,35.569,-513.527,35.569,2.74,1597.4,56.90,204.8,2.35,8.65,11.00
1725,2686.23,1.538,-325.059,35.612,-514.832,35.612,2.83,1647.6,56.99,205.2,2.25,8.60,10.85
1726,2687.77,1.539,-324.244,35.658,-516.137,35.658,2.99,1772.0,57.04,205.3,2.30,8.55,10.85
1727,2689.31,1.541,-323.427,35.705,-517.443,35.705,3.07,1938.8,57.12,205.6,2.35,8.50,10.85
1728,2690.85,1.543,-322.608,35.755,-518.750,35.755,3.20,2000.0,57.17,205.8,2.40,8.45,10.85
1729,2692.40,1.545,-321.787,35.805,-520.059,35.805,3.23,2000.0,57.29,206.2,2.45,8.40,10.85
1730,2693.95,1.548,-320.964,35.856,-521.369,35.856,3.31,2000.0,57.37,206.5,2.50,8.35,10.85
1731,2695.50,1.550,-320.139,35.907,-522.680,35.907,3.30,2000.0,57.45,206.8,2.55,8.30,10.85
1732,2697.05,1.552,-319.313,35.958,-523.993,35.958,3.32,2000.0,57.53,207.1,2.60,8.25,10.85
1733,2698.61,1.555,-318.485,36.010,-525.308,36.010,3.29,2000.0,57.61,207.4,2.65,8.15,10.80
1734,2700.16,1.556,-317.656,36.060,-526.624,36.060,3.24,2000.0,57.66,207.6,2.70,8.10,10.80
1735,2701.72,1.558,-316.826,36.109,-527.941,36.109,3.18,2000.0,57.75,207.9,2.75,8.05,10.80
1736,2703.28,1.560,-315.994,36.160,-529.261,36.160,3.23,2000.0,57.83,208.2,2.85,8.00,10.85
1737,2704.84,1.563,-315.160,36.211,-530.581,36.211,3.29,2000.0,57.92,208.5,2.90,7.95,10.85
1738,2706.41,1.565,-314.325,36.264,-531.904,36.264,3.39,2000.0,57.99,208.7,2.95,7.90,10.85
1739,2707.98,1.567,-313.489,36.318,-533.228,36.318,3.43,2000.0,58.08,209.1,3.00,7.85,10.85
1740,2709.55,1.569,-312.651,36.373,-534.553,36.373,3.49,2000.0,58.13,209.3,3.05,7.80,10.85
1741,2711.12,1.571,-311.812,36.427,-535.880,36.427,3.47,2000.0,58.20,209.5,3.10,7.75,10.85
1742,2712.69,1.573,-310.971,36.482,-537.208,36.482,3.47,2000.0,58.29,209.9,3.15,7.70,10.85
1743,2714.27,1.575,-310.129,36.537,-538.537,36.537,3.50,2000.0,58.36,210.1,3.20,7.65,10.85
1744,2715.84,1.576,-309.285,36.592,-539.868,36.592,3.54,2000.0,58.41,210.3,3.25,7.60,10.85
1745,2717.42,1.579,-308.440,36.648,-541.200,36.648,3.53,2000.0,58.50,210.6,3.30,7.50,10.80
1746,2719.00,1.581,-307.593,36.705,-542.533,36.705,3.61,2000.0,58.58,210.9,3.35,7.45,10.80
1747,2720.59,1.583,-306.744,36.763,-543.868,36.763,3.68,2000.0,58.65,211.1,3.40,7.40,10.80
1748,2722.17,1.584,-305.894,36.823,-545.204,36.823,3.77,2000.0,58.72,211.4,3.45,7.35,10.80
1749,2723.76,1.587,-305.043,36.885,-546.541,36.885,3.91,2000.0,58.80,211.7,3.50,7.30,10.80
1750,2725.35,1.589,-304.189,36.949,-547.880,36.949,4.04,2000.0,58.89,212.0,3.55,7.25,10.80
1751,2726.94,1.591,-303.334,37.015,-549.220,37.015,4.15,2000.0,58.96,212.3,3.60,7.20,10.80
1752,2728.53,1.593,-302.477,37.082,-550.561,37.082,4.21,2000.0,59.02,212.5,3.65,7.15,10.80
1753,2730.13,1.595,-301.619,37.150,-551.903,37.150,4.22,2000.0,59.10,212.7,3.70,7.10,10.80
1754,2731.73,1.597,-300.759,37.217,-553.247,37.217,4.25,2000.0,59.17,213.0,3.80,7.05,10.85
1755,2733.33,1.599,-299.897,37.286,-554.591,37.286,4.30,2000.0,59.23,213.2,3.85,6.95,10.80
1756,2734.93,1.600,-299.034,37.356,-555.937,37.356,4.35,2000.0,59.31,213.5,3.90,6.90,10.80
1757,2736.53,1.603,-298.169,37.426,-557.285,37.426,4.38,2000.0,59.39,213.8,3.95,6.85,10.80
1758,2738.13,1.604,-297.302,37.495,-558.633,37.495,4.35,2000.0,59.42,213.9,4.05,6.80,10.85
1759,2739.74,1.605,-296.435,37.564,-559.982,37.564,4.28,2000.0,59.50,214.2,4.10,6.70,10.80
1760,2741.35,1.608,-295.565,37.632,-561.332,37.632,4.25,2000.0,59.58,214.5,4.15,6.65,10.80
1761,2742.96,1.610,-294.694,37.702,-562.684,37.702,4.31,2000.0,59.64,214.7,4.25,6.60,10.85
1762,2744.57,1.612,-293.821,37.771,-564.037,37.771,4.34,2000.0,59.72,215.0,4.30,6.50,10.80
1763,2746.19,1.614,-292.946,37.843,-565.391,37.843,4.45,2000.0,59.80,215.3,4.35,6.45,10.80
1764,2747.80,1.616,-292.069,37.916,-566.746,37.916,4.52,2000.0,59.87,215.5,4.45,6.35,10.80
1765,2749.42,1.617,-291.190,37.990,-568.102,37.990,4.57,2000.0,59.94,215.8,4.50,6.30,10.80
1766,2751.04,1.619,-290.310,38.064,-569.459,38.064,4.58,2000.0,60.01,216.0,4.60,6.20,10.80
1767,2752.66,1.621,-289.428,38.139,-570.817,38.139,4.61,2000.0,60.08,216.3,4.65,6.15,10.80
1768,2754.29,1.623,-288.544,38.214,-572.176,38.214,4.64,2000.0,60.15,216.5,4.75,6.05,10.80
1769,2755.91,1.625,-287.658,38.290,-573.537,38.290,4.66,2000.0,60.22,216.8,4.80,6.00,10.80
1770,2757.54,1.627,-286.771,38.366,-574.898,38.366,4.71,2000.0,60.28,217.0,4.90,5.90,10.80
1771,2759.17,1.629,-285.882,38.443,-576.261,38.443,4.70,2000.0,60.36,217.3,5.00,5.80,10.80
1772,2760.80,1.631,-284.991,38.520,-577.624,38.520,4.74,2000.0,60.41,217.5,5.05,5.75,10.80
1773,2762.43,1.632,-284.099,38.598,-578.989,38.598,4.77,2000.0,60.49,217.8,5.15,5.65,10.80
1774,2764.07,1.634,-283.205,38.676,-580.355,38.676,4.80,2000.0,60.57,218.0,5.20,5.55,10.75
1775,2765.70,1.636,-282.309,38.755,-581.722,38.755,4.83,2000.0,60.62,218.2,5.30,5.50,10.80
1776,2767.34,1.638,-281.413,38.834,-583.090,38.834,4.81,2000.0,60.67,218.4,13.70,5.40,19.10
1777,2768.98,1.639,-280.514,38.912,-584.459,38.912,4.81,2000.0,60.75,218.7,10.35,5.30,15.65
1778,2770.62,1.641,-279.614,38.992,-585.829,38.992,4.84,2000.0,60.83,219.0,7.00,5.20,12.20
1779,2772.27,1.643,-278.713,39.072,-587.201,39.072,4.89,2000.0,60.88,219.2,5.65,5.15,10.80
1780,2773.91,1.645,-277.810,39.153,-588.573,39.153,4.92,2000.0,60.94,219.4,5.75,5.05,10.80
1781,2775.56,1.647,-276.906,39.234,-589.947,39.234,4.95,2000.0,61.02,219.7,5.85,4.95,10.80
1782,2777.21,1.648,-276.001,39.317,-591.321,39.317,5.04,2000.0,61.06,219.8,5.95,4.85,10.80
1783,2778.86,1.650,-275.094,39.401,-592.698,39.401,5.08,2000.0,61.15,220.2,6.00,4.75,10.75
1784,2780.51,1.652,-274.186,39.486,-594.075,39.486,5.16,2000.0,61.22,220.4,6.10,4.70,10.80
1785,2782.17,1.654,-273.277,39.572,-595.454,39.572,5.19,2000.0,61.28,220.6,6.20,4.60,10.80
1786,2783.82,1.655,-272.367,39.658,-596.834,39.658,5.22,2000.0,61.34,220.8,6.30,4.50,10.80
1787,2785.48,1.657,-271.457,39.745,-598.216,39.745,5.26,2000.0,61.42,221.1,6.35,4.40,10.75
1788,2787.14,1.659,-270.545,39.833,-599.600,39.833,5.32,2000.0,61.48,221.3,6.45,4.35,10.80
1789,2788.80,1.661,-269.633,39.921,-600.985,39.921,5.33,2000.0,61.54,221.6,6.55,4.25,10.80
1790,2790.46,1.662,-268.721,40.010,-602.372,40.010,5.34,2000.0,61.58,221.7,6.60,5.10,11.70
1791,2792.13,1.664,-267.808,40.098,-603.760,40.098,5.30,2000.0,61.66,222.0,6.70,6.15,12.85
1792,2793.79,1.665,-266.896,40.187,-605.151,40.187,5.34,2000.0,61.71,222.2,6.75,7.50,14.25
1793,2795.46,1.667,-265.983,40.276,-606.544,40.276,5.34,2000.0,61.79,222.5,6.85,10.70,17.55
1794,2797.13,1.669,-265.070,40.365,-607.938,40.365,5.35,1962.5,61.84,222.6,6.90,28.15,35.05
1795,2798.80,1.671,-264.158,40.454,-609.335,40.454,5.31,1761.9,61.90,222.9,6.95,31.05,38.00
1796,2800.48,1.672,-263.246,40.542,-610.734,40.542,5.29,1595.4,61.97,223.1,7.05,34.00,41.05
1797,2802.15,1.674,-262.335,40.631,-612.136,40.631,5.32,1462.6,62.04,223.4,7.10,35.85,42.95
1798,2803.83,1.676,-261.424,40.721,-613.540,40.721,5.36,1354.7,62.10,223.6,7.15,27.05,34.20
1799,2805.50,1.678,-260.514,40.811,-614.946,40.811,5.39,1276.8,62.14,223.7,7.25,18.35,25.60
1800,2807.18,1.679,-259.605,40.902,-616.355,40.902,5.40,1208.3,62.22,224.0,7.30,10.40,17.70
1801,2808.87,1.681,-258.698,40.994,-617.767,40.994,5.48,1170.5,62.29,224.2,7.35,7.85,15.20
1802,2810.55,1.683,-257.791,41.087,-619.182,41.087,5.56,1147.4,62.35,224.5,7.40,7.00,14.40
1803,2812.23,1.684,-256.886,41.182,-620.599,41.182,5.65,1152.6,62.40,224.7,7.50,6.30,13.80
1804,2813.92,1.686,-255.982,41.278,-622.019,41.278,5.72,1184.9,62.47,224.9,7.55,5.60,13.15
1805,2815.61,1.688,-255.079,41.377,-623.441,41.377,5.83,1257.6,62.54,225.1,7.60,4.90,12.50
1806,2817.30,1.689,-254.178,41.476,-624.867,41.476,5.91,1355.7,62.59,225.3,7.65,4.30,11.95
1807,2818.80,1.503,-253.377,41.565,-626.135,41.565,5.89,1480.5,62.64,225.5,7.70,3.80,11.50
1808,2820.31,1.504,-252.577,41.652,-627.406,41.652,5.84,1614.1,62.69,225.7,7.75,3.35,11.10
1809,2821.81,1.505,-251.777,41.739,-628.677,41.739,5.77,1728.4,62.72,225.8,7.80,2.85,10.65
1810,2823.32,1.506,-250.978,41.825,-629.951,41.825,5.74,1827.4,62.77,226.0,7.85,2.75,10.60
1811,2824.83,1.507,-250.179,41.911,-631.226,41.911,5.73,1930.7,62.75,225.9,7.90,2.75,10.65
1812,2826.33,1.504,-249.383,41.998,-632.499,41.998,5.78,2000.0,62.58,225.3,7.95,2.70,10.65
1813,2828.01,1.684,-248.493,42.097,-633.925,42.097,5.87,2000.0,62.23,224.0,8.00,2.65,10.65
1814,2829.69,1.674,-247.609,42.197,-635.344,42.197,5.99,2000.0,61.82,222.5,8.05,2.60,10.65
1815,2831.35,1.663,-246.733,42.298,-636.753,42.298,6.08,2000.0,61.39,221.0,8.10,2.55,10.65
1816,2833.01,1.653,-245.863,42.399,-638.154,42.399,6.13,2000.0,61.06,219.8,8.15,2.50,10.65
1817,2834.65,1.642,-244.998,42.499,-639.547,42.499,6.11,2000.0,60.67,218.4,8.20,2.45,10.65
1818,2836.28,1.632,-244.139,42.598,-640.932,42.598,6.05,2000.0,60.27,217.0,8.25,2.40,10.65
1819,2837.90,1.621,-243.287,42.695,-642.308,42.695,6.02,2000.0,59.86,215.5,8.30,2.35,10.65
1820,2839.51,1.610,-242.441,42.792,-643.674,42.792,6.00,2000.0,59.41,213.9,8.35,2.35,10.70
1821,2841.11,1.597,-241.602,42.889,-645.029,42.889,6.07,2000.0,58.97,212.3,8.40,2.30,10.70
1822,2842.70,1.585,-240.770,42.985,-646.375,42.985,6.08,2000.0,58.50,210.6,8.45,2.25,10.70
1823,2844.27,1.573,-239.945,43.081,-647.710,43.081,6.15,2000.0,58.05,209.0,8.50,2.20,10.70
1824,2845.83,1.561,-239.126,43.177,-649.035,43.177,6.17,2000.0,57.59,207.3,8.50,2.20,10.70
1825,2847.38,1.548,-238.314,43.273,-650.350,43.273,6.21,2000.0,57.16,205.8,8.55,2.15,10.70
1826,2848.92,1.537,-237.509,43.369,-651.656,43.369,6.23,2000.0,56.72,204.2,8.60,2.10,10.70
1827,2850.44,1.525,-236.710,43.464,-652.951,43.464,6.24,2000.0,56.27,202.6,8.65,2.05,10.70
1828,2851.95,1.512,-235.919,43.559,-654.236,43.559,6.31,2000.0,55.81,200.9,8.70,2.05,10.75
1829,2853.62,1.665,-235.048,43.665,-655.651,43.665,6.36,2000.0,55.26,198.9,8.75,2.00,10.75
1830,2855.27,1.651,-234.185,43.771,-657.055,43.771,6.42,2000.0,54.81,197.3,8.80,1.95,10.75
1831,2856.91,1.636,-233.331,43.876,-658.447,43.876,6.44,2000.0,54.34,195.6,8.80,1.90,10.70
1832,2858.53,1.623,-232.485,43.980,-659.828,43.980,6.41,2000.0,53.90,194.0,8.85,1.90,10.75
1833,2860.14,1.609,-231.646,44.083,-661.197,44.083,6.41,2000.0,53.45,192.4,8.90,1.85,10.75
1834,2861.74,1.595,-230.816,44.184,-662.556,44.184,6.40,2000.0,52.96,190.6,8.95,1.85,10.80
1835,2863.32,1.581,-229.994,44.286,-663.902,44.286,6.41,2000.0,52.49,189.0,8.95,1.80,10.75
1836,2864.89,1.568,-229.180,44.386,-665.238,44.386,6.40,1857.8,52.06,187.4,9.00,1.75,10.75
1837,2866.44,1.555,-228.374,44.484,-666.565,44.484,6.32,1690.9,51.67,186.0,9.00,1.75,10.75
1838,2867.99,1.542,-227.575,44.580,-667.880,44.580,6.28,1525.8,51.19,184.3,9.05,1.70,10.75
1839,2869.51,1.528,-226.785,44.676,-669.185,44.676,6.27,1385.6,50.72,182.6,9.05,1.70,10.75
1840,2871.03,1.512,-226.005,44.772,-670.476,44.772,6.34,1269.7,50.17,180.6,9.10,1.65,10.75
1841,2872.67,1.646,-225.157,44.877,-671.883,44.877,6.41,1161.6,49.60,178.6,9.10,1.65,10.75
1842,2874.30,1.628,-224.321,44.983,-673.277,44.983,6.54,1099.0,49.13,176.9,9.10,1.65,10.75
1843,2875.91,1.611,-223.495,45.090,-674.656,45.090,6.62,1074.3,48.59,174.9,9.15,1.60,10.75
1844,2877.51,1.595,-222.681,45.197,-676.023,45.197,6.71,1081.8,48.09,173.1,9.15,1.60,10.75
1845,2879.09,1.578,-221.877,45.304,-677.376,45.304,6.81,1145.9,47.60,171.4,9.15,1.60,10.75
1846,2880.65,1.562,-221.083,45.411,-678.718,45.411,6.88,1273.7,47.13,169.7,9.15,1.60,10.75
1847,2882.20,1.547,-220.298,45.518,-680.047,45.518,6.95,1463.6,46.65,168.0,9.15,1.60,10.75
1848,2883.73,1.533,-219.523,45.624,-681.364,45.624,6.93,1737.8,46.22,166.4,9.15,1.55,10.70
1849,2885.25,1.517,-218.756,45.730,-682.669,45.730,6.98,2000.0,45.79,164.9,9.15,1.55,10.70
1850,2886.89,1.638,-217.929,45.843,-684.078,45.843,6.93,2000.0,45.20,162.7,9.15,1.55,10.70
1851,2888.50,1.617,-217.114,45.956,-685.469,45.956,7.03,2000.0,44.65,160.7,9.15,1.55,10.70
1852,2890.10,1.595,-216.310,46.070,-686.842,46.070,7.13,2000.0,44.07,158.6,9.15,1.55,10.70
1853,2891.68,1.576,-215.516,46.182,-688.199,46.182,7.15,2000.0,43.52,156.7,9.15,1.55,10.70
1854,2893.23,1.558,-214.732,46.293,-689.541,46.293,7.14,2000.0,43.04,155.0,9.15,1.55,10.70
1855,2894.77,1.539,-213.957,46.402,-690.866,46.402,7.08,2000.0,42.53,153.1,9.15,1.55,10.70
1856,2896.29,1.520,-213.192,46.508,-692.175,46.508,7.03,2000.0,41.95,151.0,9.15,1.55,10.70
1857,2897.92,1.625,-212.374,46.622,-693.575,46.622,7.03,2000.0,41.43,149.2,9.10,1.55,10.65
1858,2899.52,1.601,-211.567,46.735,-694.953,46.735,7.04,2000.0,40.75,146.7,9.10,1.60,10.70
1859,2901.10,1.579,-210.771,46.845,-696.312,46.845,7.03,2000.0,40.17,144.6,9.10,1.60,10.70
1860,2902.65,1.552,-209.989,46.957,-697.648,46.957,7.19,2000.0,39.56,142.4,9.10,1.60,10.70
1861,2904.18,1.528,-209.218,47.067,-698.964,47.067,7.27,2000.0,38.87,139.9,9.10,1.60,10.70
1862,2905.80,1.618,-208.402,47.187,-700.356,47.187,7.39,2000.0,38.22,137.6,9.10,1.60,10.70
1863,2907.39,1.591,-207.599,47.305,-701.725,47.305,7.47,2000.0,37.64,135.5,9.10,1.60,10.70
1864,2908.96,1.568,-206.808,47.421,-703.073,47.421,7.38,2000.0,37.05,133.4,9.10,1.60,10.70
1865,2910.50,1.543,-206.030,47.533,-704.401,47.533,7.29,2000.0,36.45,131.2,9.10,1.60,10.70
1866,2912.02,1.518,-205.265,47.643,-705.708,47.643,7.25,2000.0,35.92,129.3,9.10,1.60,10.70
1867,2913.62,1.598,-204.460,47.757,-707.084,47.757,7.16,1893.2,35.15,126.6,9.10,1.60,10.70
1868,2915.19,1.570,-203.670,47.869,-708.436,47.869,7.14,1537.6,34.55,124.4,9.10,1.60,10.70
1869,2916.73,1.537,-202.899,47.979,-709.760,47.979,7.22,1359.1,33.88,122.0,9.10,1.60,10.70
1870,2918.24,1.507,-202.144,48.088,-711.060,48.088,7.24,1279.6,33.14,119.3,9.10,1.60,10.70
1871,2919.81,1.575,-201.357,48.203,-712.420,48.203,7.31,1280.1,32.46,116.9,9.10,1.60,10.70
1872,2921.35,1.541,-200.589,48.316,-713.751,48.316,7.34,1375.3,31.79,114.4,9.10,1.60,10.70
1873,2922.86,1.508,-199.840,48.426,-715.055,48.426,7.33,1599.8,31.13,112.1,9.10,1.60,10.70
1874,2924.43,1.570,-199.060,48.539,-716.413,48.539,7.21,2000.0,30.45,109.6,9.10,1.65,10.75
1875,2925.97,1.534,-198.300,48.648,-717.741,48.648,7.17,2000.0,29.78,107.2,9.10,1.65,10.75
1876,2927.55,1.585,-197.515,48.760,-719.113,48.760,7.07,2000.0,28.97,104.3,9.10,1.65,10.75
1877,2929.10,1.546,-196.749,48.870,-720.452,48.870,7.13,2000.0,28.29,101.9,9.10,1.70,10.80
1878,2930.61,1.510,-196.002,48.977,-721.760,48.977,7.11,2000.0,27.68,99.7,9.05,1.70,10.75
1879,2932.17,1.564,-195.227,49.087,-723.114,49.087,7.05,2000.0,27.25,98.1,9.05,1.70,10.75
1880,2933.72,1.541,-194.462,49.196,-724.448,49.196,7.03,2000.0,26.86,96.7,9.05,1.75,10.80
1881,2935.24,1.523,-193.705,49.304,-725.765,49.304,7.17,2000.0,26.59,95.7,9.05,1.75,10.80
1882,2936.75,1.507,-192.955,49.414,-727.067,49.414,7.30,2000.0,26.31,94.7,9.05,1.75,10.80
1883,2938.32,1.572,-192.173,49.531,-728.426,49.531,7.44,1666.3,26.09,93.9,9.00,1.75,10.75
1884,2939.88,1.556,-191.400,49.645,-729.772,49.645,7.33,1058.9,25.82,92.9,9.00,1.80,10.80
1885,2941.42,1.542,-190.637,49.756,-731.108,49.756,7.26,812.6,25.57,92.1,8.95,1.80,10.75
1886,2942.94,1.525,-189.885,49.867,-732.430,49.867,7.26,686.1,25.30,91.1,8.95,1.85,10.80
1887,2944.46,1.510,-189.144,49.977,-733.741,49.977,7.35,628.6,25.04,90.1,8.90,1.65,10.55
1888,2946.02,1.568,-188.378,50.091,-735.105,50.091,7.27,597.7,24.76,89.1,8.85,1.90,10.75
1889,2947.58,1.551,-187.624,50.203,-736.456,50.203,7.22,583.9,24.49,88.1,8.80,1.90,10.70
1890,2949.11,1.532,-186.882,50.313,-737.792,50.313,7.19,572.2,24.18,87.1,8.75,1.95,10.70
1891,2950.63,1.516,-186.152,50.423,-739.117,50.423,7.31,560.7,23.97,86.3,8.70,2.00,10.70
1892,2952.20,1.573,-185.399,50.532,-740.492,50.532,6.93,525.2,23.71,85.3,8.65,2.05,10.70
1893,2953.76,1.559,-184.655,50.639,-741.858,50.639,6.86,471.8,23.52,84.7,8.60,2.10,10.70
1894,2955.30,1.546,-183.922,50.745,-743.215,50.745,6.89,402.4,23.35,84.1,8.55,8.50,17.05
1895,2956.84,1.534,-183.198,50.848,-744.563,50.848,6.72,331.1,23.15,83.3,8.50,7.05,15.55
1896,2958.36,1.523,-182.484,50.953,-745.905,50.953,6.93,269.8,23.01,82.8,8.50,5.60,14.10
1897,2959.88,1.514,-181.782,51.059,-747.242,51.059,6.98,222.1,22.87,82.3,8.45,4.20,12.65
1898,2961.38,1.504,-181.093,51.158,-748.574,51.158,6.63,187.0,22.71,81.7,9.15,2.85,12.00
1899,2962.94,1.561,-180.389,51.260,-749.964,51.260,6.52,158.8,22.55,81.2,9.15,2.45,11.60
1900,2964.49,1.550,-179.704,51.359,-751.351,51.359,6.43,137.8,22.39,80.6,10.15,2.55,12.70
1901,2966.03,1.540,-179.040,51.455,-752.737,51.455,6.25,122.6,22.24,80.1,10.25,2.65,12.90
1902,2967.56,1.529,-178.396,51.546,-754.121,51.546,5.98,111.4,22.09,79.5,9.35,2.75,12.10
1903,2969.08,1.519,-177.774,51.631,-755.504,51.631,5.60,101.7,21.94,79.0,9.60,2.90,12.50
1904,2970.59,1.507,-177.180,51.716,-756.887,51.716,5.60,93.3,21.76,78.4,10.15,3.00,13.15
1905,2972.15,1.561,-176.590,51.808,-758.329,51.808,5.92,85.3,21.61,77.8,11.45,3.10,14.55
1906,2973.70,1.551,-176.027,51.895,-759.772,51.895,5.63,78.4,21.48,77.3,14.40,3.30,17.70
1907,2975.24,1.541,-175.492,51.969,-761.215,51.969,4.81,72.5,21.32,76.8,21.45,3.50,24.95
1908,2976.77,1.528,-174.991,52.036,-762.657,52.036,4.40,68.1,21.14,76.1,24.70,3.70,28.40
1909,2978.29,1.516,-174.533,52.110,-764.100,52.110,4.87,65.8,20.97,75.5,28.45,3.95,32.40
1910,2979.79,1.504,-174.116,52.192,-765.543,52.192,5.44,64.6,20.83,75.0,30.80,4.25,35.05
1911,2981.35,1.556,-173.720,52.275,-767.046,52.275,5.35,63.6,20.68,74.4,32.85,4.55,37.40
1912,2982.89,1.545,-173.359,52.350,-768.546,52.350,4.85,62.9,20.52,73.9,34.45,4.90,39.35
1913,2984.43,1.533,-173.036,52.418,-770.043,52.418,4.47,62.2,20.38,73.4,35.65,5.25,40.90
1914,2985.95,1.522,-172.751,52.479,-771.537,52.479,4.02,61.5,20.21,72.8,36.50,5.60,42.10
1915,2987.46,1.510,-172.509,52.541,-773.026,52.541,4.11,61.4,20.06,72.2,5.95,6.00,11.95
1916,2989.02,1.558,-172.301,52.607,-774.569,52.607,4.24,62.2,19.91,71.7,5.75,6.45,12.20
1917,2990.56,1.547,-172.133,52.673,-776.106,52.673,4.26,63.8,19.76,71.1,5.50,6.85,12.35
1918,2992.10,1.535,-172.003,52.740,-777.634,52.740,4.33,66.3,19.62,70.6,5.05,7.30,12.35
1919,2993.62,1.524,-171.909,52.807,-779.154,52.807,4.45,69.5,19.47,70.1,4.60,7.70,12.30
1920,2995.14,1.514,-171.847,52.877,-780.665,52.877,4.61,72.6,19.34,69.6,4.20,8.10,12.30
1921,2996.64,1.502,-171.816,52.948,-782.165,52.948,4.73,75.9,19.19,69.1,3.85,8.55,12.40
1922,2998.19,1.548,-171.818,53.028,-783.711,53.028,5.18,80.3,19.05,68.6,3.60,8.95,12.55
1923,2999.73,1.538,-171.849,53.110,-785.247,53.110,5.32,85.3,18.92,68.1,3.40,9.30,12.70
1924,3001.25,1.527,-171.906,53.188,-786.770,53.188,5.14,90.7,18.77,67.6,3.20,9.60,12.80
1925,3002.77,1.515,-171.989,53.272,-788.280,53.272,5.50,97.7,18.64,67.1,3.10,9.90,13.00
1926,3004.27,1.504,-172.096,53.359,-789.778,53.359,5.85,106.0,18.50,66.6,3.00,10.05,13.05
1927,3005.82,1.548,-172.227,53.453,-791.318,53.453,6.05,114.7,18.37,66.1,2.90,10.20,13.10
1928,3007.36,1.537,-172.375,53.544,-792.844,53.544,5.96,124.1,18.23,65.6,2.95,10.20,13.15
1929,3008.88,1.526,-172.542,53.634,-794.358,53.634,5.91,135.2,18.10,65.2,2.95,10.15,13.10
1930,3010.40,1.514,-172.724,53.723,-795.859,53.723,5.89,147.0,17.96,64.7,2.95,10.00,12.95
1931,3011.90,1.503,-172.921,53.815,-797.346,53.815,6.10,161.2,17.82,64.2,2.95,9.75,12.70
1932,3013.45,1.545,-173.138,53.913,-798.872,53.913,6.36,177.5,17.69,63.7,2.95,9.85,12.80
1933,3014.98,1.534,-173.366,54.008,-800.386,54.008,6.20,196.0,17.57,63.3,2.95,10.10,13.05
1934,3016.50,1.523,-173.602,54.094,-801.889,54.094,5.65,220.1,17.45,62.8,2.95,10.30,13.25
1935,3018.02,1.512,-173.848,54.173,-803.378,54.173,5.23,258.6,17.32,62.4,3.05,9.80,12.85
1936,3019.57,1.553,-174.111,54.254,-804.907,54.254,5.24,329.7,17.19,61.9,3.55,9.30,12.85
1937,3021.11,1.542,-174.382,54.337,-806.422,54.337,5.40,504.1,17.07,61.5,4.05,8.80,12.85
1938,3022.64,1.531,-174.656,54.417,-807.926,54.417,5.25,1325.7,16.96,61.0,4.55,8.35,12.90
1939,3024.16,1.520,-174.931,54.495,-809.420,54.495,5.08,1886.6,16.84,60.6,5.00,7.85,12.85
1940,3025.67,1.510,-175.202,54.568,-810.904,54.568,4.86,570.2,16.72,60.2,5.45,7.40,12.85
1941,3027.22,1.549,-175.474,54.646,-812.426,54.646,5.07,349.9,16.60,59.8,5.90,6.95,12.85
1942,3028.76,1.538,-175.737,54.727,-813.940,54.727,5.24,269.2,16.48,59.3,6.35,5.30,11.65
1943,3030.29,1.527,-175.988,54.806,-815.444,54.806,5.20,233.6,16.36,58.9,6.80,6.00,12.80
1944,3031.80,1.516,-176.226,54.884,-816.939,54.884,5.13,220.0,16.25,58.5,7.20,5.55,12.75
1945,3033.31,1.506,-176.452,54.958,-818.426,54.958,4.93,219.6,16.13,58.1,7.60,5.05,12.65
1946,3034.85,1.543,-176.669,55.035,-819.951,55.035,5.00,227.6,16.02,57.7,8.00,4.60,12.60
1947,3036.38,1.531,-176.875,55.113,-821.466,55.113,5.11,238.6,15.89,57.2,8.40,4.20,12.60
1948,3037.90,1.519,-177.070,55.204,-822.970,55.204,6.00,251.3,15.77,56.8,8.80,3.75,12.55
1949,3039.41,1.509,-177.257,55.296,-824.465,55.296,6.08,252.3,15.66,56.4,9.15,3.35,12.50
1950,3040.95,1.544,-177.440,55.384,-825.995,55.384,5.71,240.2,15.54,55.9,9.50,2.95,12.45
1951,3042.49,1.532,-177.612,55.474,-827.515,55.474,5.92,222.3,15.42,55.5,9.85,2.70,12.55
1952,3044.01,1.520,-177.773,55.564,-829.024,55.564,5.92,204.0,15.30,55.1,10.15,2.50,12.65
1953,3045.51,1.508,-177.923,55.649,-830.522,55.649,5.67,182.6,15.17,54.6,10.50,2.30,12.80
1954,3047.05,1.539,-178.063,55.733,-832.053,55.733,5.45,166.2,15.03,54.1,24.65,2.25,26.90
1955,3048.58,1.526,-178.186,55.819,-833.572,55.819,5.60,154.3,14.91,53.7,23.85,2.20,26.05
1956,3050.10,1.518,-178.294,55.906,-835.084,55.906,5.74,145.1,14.84,53.4,23.05,2.75,25.80
1957,3051.61,1.516,-178.387,55.989,-836.595,55.989,5.54,137.5,14.84,53.4,22.30,2.75,25.05
1958,3053.13,1.517,-178.462,56.072,-838.108,56.072,5.44,133.5,14.86,53.5,21.55,2.15,23.70
1959,3054.65,1.518,-178.519,56.154,-839.623,56.154,5.39,131.0,14.89,53.6,20.80,2.20,23.00
1960,3056.17,1.521,-178.558,56.239,-841.141,56.239,5.61,129.8,14.95,53.8,20.05,2.25,22.30
1961,3057.70,1.526,-178.579,56.326,-842.664,56.326,5.69,129.0,14.95,53.8,19.35,2.30,21.65
1962,3059.23,1.530,-178.582,56.419,-844.190,56.419,6.10,128.6,15.01,54.0,18.60,2.35,20.95
1963,3060.76,1.533,-178.567,56.515,-845.720,56.515,6.28,127.2,15.08,54.3,17.90,2.40,20.30
1964,3062.30,1.537,-178.533,56.615,-847.254,56.615,6.55,126.6,15.10,54.4,17.25,2.45,19.70
1965,3063.84,1.541,-178.481,56.715,-848.791,56.715,6.51,125.4,15.11,54.4,16.60,2.50,19.10
1966,3065.38,1.544,-178.410,56.820,-850.330,56.820,6.79,123.4,15.15,54.6,15.95,2.60,18.55
1967,3066.93,1.547,-178.319,56.927,-851.870,56.927,6.97,121.0,15.19,54.7,15.35,2.65,18.00
1968,3068.43,1.505,-178.212,57.039,-853.367,57.039,7.46,118.9,15.23,54.8,14.80,2.75,17.55
1969,3069.94,1.511,-178.088,57.149,-854.869,57.149,7.28,114.8,15.28,55.0,14.25,2.80,17.05
1970,3071.46,1.516,-177.945,57.254,-856.374,57.254,6.92,110.0,15.34,55.2,13.70,2.85,16.55
1971,3072.98,1.522,-177.779,57.357,-857.884,57.357,6.81,105.6,15.41,55.5,13.15,3.00,16.15
1972,3074.51,1.529,-177.590,57.463,-859.398,57.463,6.92,101.6,15.48,55.7,12.60,3.10,15.70
1973,3076.05,1.537,-177.376,57.569,-860.916,57.569,6.91,98.3,15.56,56.0,12.10,3.20,15.30
1974,3077.59,1.544,-177.138,57.671,-862.438,57.671,6.63,96.4,15.64,56.3,11.55,2.75,14.30
1975,3079.10,1.505,-176.882,57.764,-863.918,57.764,6.19,96.1,15.71,56.6,11.05,2.15,13.20
1976,3080.61,1.513,-176.599,57.852,-865.402,57.852,5.83,97.2,15.80,56.9,10.55,2.30,12.85
1977,3082.13,1.521,-176.292,57.938,-866.889,57.938,5.70,99.4,15.89,57.2,10.05,2.50,12.55
1978,3083.66,1.531,-175.958,58.022,-868.381,58.022,5.48,101.9,16.01,57.6,9.55,3.00,12.55
1979,3085.21,1.549,-175.598,58.107,-869.885,58.107,5.47,104.5,16.28,58.6,9.05,3.55,12.60
1980,3086.75,1.532,-175.220,58.192,-871.367,58.192,5.57,106.9,16.67,60.0,8.55,4.00,12.55
1981,3088.26,1.518,-174.827,58.273,-872.831,58.273,5.34,108.4,17.06,61.4,8.10,4.50,12.60
1982,3089.82,1.553,-174.403,58.355,-874.323,58.355,5.32,109.8,17.46,62.8,7.60,4.90,12.50
1983,3091.35,1.536,-173.962,58.437,-875.793,58.437,5.30,111.9,17.84,64.2,7.35,5.35,12.70
1984,3092.87,1.516,-173.507,58.516,-877.237,58.516,5.20,115.0,18.24,65.7,7.15,5.70,12.85
1985,3094.42,1.548,-173.022,58.598,-878.705,58.598,5.33,117.7,18.62,67.0,6.95,6.10,13.05
1986,3095.95,1.526,-172.525,58.677,-880.145,58.677,5.20,121.0,19.02,68.5,6.75,6.45,13.20
1987,3097.50,1.557,-171.999,58.759,-881.609,58.759,5.27,123.4,19.41,69.9,6.60,6.85,13.45
1988,3099.03,1.530,-171.466,58.837,-883.041,58.837,5.09,125.7,19.80,71.3,6.35,7.20,13.55
1989,3100.59,1.560,-170.905,58.915,-884.494,58.915,5.01,126.4,20.19,72.7,6.05,7.55,13.60
1990,3102.12,1.528,-170.337,58.991,-885.911,58.991,4.98,128.4,20.55,74.0,5.80,7.85,13.65
1991,3103.68,1.556,-169.741,59.070,-887.346,59.070,5.10,131.6,20.91,75.3,5.55,8.15,13.70
1992,3105.20,1.520,-169.143,59.144,-888.741,59.144,4.89,136.5,21.27,76.6,5.30,8.40,13.70
1993,3106.74,1.545,-168.519,59.216,-890.153,59.216,4.65,142.5,21.66,78.0,5.10,8.65,13.75
1994,3108.25,1.508,-167.894,59.286,-891.524,59.286,4.64,151.7,22.05,79.4,4.90,8.90,13.80
1995,3109.79,1.537,-167.242,59.360,-892.914,59.360,4.79,162.6,22.50,81.0,4.70,9.20,13.90
1996,3111.36,1.569,-166.563,59.437,-894.327,59.437,4.90,173.4,22.97,82.7,4.55,9.45,14.00
1997,3112.89,1.532,-165.889,59.510,-895.701,59.510,4.80,185.1,23.42,84.3,4.40,9.70,14.10
1998,3114.46,1.562,-165.191,59.583,-897.096,59.583,4.70,197.3,23.89,86.0,4.30,9.90,14.20
1999,3115.98,1.521,-164.501,59.653,-898.450,59.653,4.62,210.4,24.37,87.7,4.15,10.15,14.30
2000,3117.53,1.551,-163.786,59.725,-899.824,59.725,4.65,224.1,24.82,89.4,4.05,10.35,14.40
2001,3119.03,1.503,-163.085,59.794,-901.152,59.794,4.56,242.5,25.26,90.9,3.95,10.55,14.50
2002,3120.56,1.528,-162.362,59.863,-902.497,59.863,4.49,264.9,25.68,92.5,3.85,10.70,14.55
2003,3122.12,1.555,-161.619,59.931,-903.862,59.931,4.37,291.6,26.13,94.1,3.80,10.90,14.70
2004,3123.70,1.580,-160.857,59.998,-905.245,59.998,4.29,322.5,26.53,95.5,3.70,11.10,14.80
2005,3125.22,1.526,-160.115,60.062,-906.576,60.062,4.15,363.0,26.97,97.1,3.65,11.25,14.90
2006,3126.77,1.549,-159.356,60.125,-907.924,60.125,4.13,412.3,27.37,98.5,3.60,11.40,15.00
2007,3128.35,1.573,-158.580,60.190,-909.291,60.190,4.13,470.2,27.80,100.1,3.55,11.55,15.10
2008,3129.86,1.512,-157.829,60.255,-910.602,60.255,4.27,549.1,28.17,101.4,3.50,11.70,15.20
2009,3131.39,1.533,-157.065,60.320,-911.929,60.320,4.27,644.5,28.57,102.8,3.45,11.85,15.30
2010,3132.95,1.553,-156.287,60.387,-913.272,60.387,4.30,744.5,28.94,104.2,3.40,12.00,15.40
2011,3134.52,1.573,-155.498,60.453,-914.631,60.453,4.20,828.0,29.32,105.5,3.35,12.15,15.50
2012,3136.03,1.505,-154.740,60.516,-915.930,60.516,4.17,888.7,29.68,106.8,3.35,12.30,15.65
2013,3137.55,1.523,-153.971,60.578,-917.244,60.578,4.12,903.5,30.04,108.2,3.30,12.45,15.75
2014,3139.09,1.542,-153.191,60.641,-918.572,60.641,4.03,891.7,30.40,109.5,3.30,12.55,15.85
2015,3140.65,1.559,-152.399,60.702,-919.914,60.702,3.91,868.0,30.73,110.6,3.25,12.70,15.95
2016,3142.23,1.577,-151.596,60.761,-921.270,60.761,3.80,856.5,31.11,112.0,3.25,12.85,16.10
2017,3143.73,1.502,-150.829,60.818,-922.560,60.818,3.80,874.1,31.45,113.2,3.20,12.95,16.15
2018,3145.25,1.518,-150.051,60.876,-923.863,60.876,3.79,928.9,31.80,114.5,3.20,13.10,16.30
2019,3146.79,1.535,-149.262,60.934,-925.177,60.934,3.81,1023.8,32.12,115.6,3.20,13.20,16.40
2020,3148.34,1.551,-148.462,60.993,-926.505,60.993,3.81,1185.7,32.47,116.9,3.15,13.30,16.45
2021,3149.91,1.567,-147.653,61.053,-927.845,61.053,3.81,1462.7,32.79,118.1,3.15,12.75,15.90
2022,3151.49,1.582,-146.834,61.113,-929.197,61.113,3.80,1878.8,33.11,119.2,3.15,12.85,16.00
2023,3153.09,1.598,-146.005,61.173,-930.563,61.173,3.72,2000.0,33.46,120.5,3.15,13.00,16.15
2024,3154.60,1.513,-145.221,61.229,-931.855,61.229,3.75,2000.0,33.75,121.5,3.15,13.10,16.25
2025,3156.13,1.526,-144.428,61.284,-933.158,61.284,3.58,2000.0,34.07,122.6,3.15,13.20,16.35
2026,3157.67,1.540,-143.629,61.337,-934.473,61.337,3.49,2000.0,34.33,123.6,3.15,13.35,16.50
2027,3159.22,1.552,-142.823,61.389,-935.798,61.389,3.35,2000.0,34.65,124.7,3.15,13.45,16.60
2028,3160.79,1.568,-142.009,61.443,-937.136,61.443,3.40,2000.0,34.99,125.9,3.15,13.55,16.70
2029,3162.37,1.582,-141.187,61.498,-938.487,61.498,3.50,2000.0,35.31,127.1,3.10,13.70,16.80
2030,3163.97,1.596,-140.357,61.555,-939.849,61.555,3.58,2000.0,35.60,128.2,3.10,13.80,16.90
2031,3165.47,1.501,-139.576,61.608,-941.130,61.608,3.55,2000.0,35.88,129.2,3.10,13.90,17.00
2032,3166.98,1.513,-138.789,61.661,-942.421,61.661,3.47,2000.0,36.14,130.1,3.10,14.00,17.10
2033,3168.51,1.523,-137.996,61.712,-943.720,61.712,3.34,2000.0,36.37,130.9,3.10,14.15,17.25
2034,3170.04,1.534,-137.196,61.761,-945.029,61.761,3.22,2000.0,36.67,132.0,3.10,14.25,17.35
2035,3171.59,1.544,-136.391,61.811,-946.346,61.811,3.25,2000.0,36.78,132.4,3.10,14.35,17.45
2036,3173.12,1.538,-135.587,61.862,-947.656,61.862,3.33,2000.0,36.47,131.3,3.10,14.45,17.55
2037,3174.65,1.521,-134.792,61.912,-948.952,61.912,3.27,2000.0,35.95,129.4,3.10,14.55,17.65
2038,3176.25,1.604,-133.953,61.964,-950.317,61.964,3.24,1917.7,35.34,127.2,3.10,14.70,17.80
2039,3177.82,1.574,-133.128,62.016,-951.657,62.016,3.30,1773.7,34.65,124.7,3.10,14.80,17.90
2040,3179.37,1.544,-132.317,62.068,-952.970,62.068,3.35,1655.6,34.05,122.6,3.15,14.90,18.05
2041,3180.89,1.519,-131.518,62.115,-954.261,62.115,3.13,1493.4,33.50,120.6,3.15,15.00,18.15
2042,3182.48,1.592,-130.680,62.162,-955.614,62.162,2.92,1302.5,32.86,118.3,3.15,15.10,18.25
2043,3184.04,1.561,-129.857,62.206,-956.939,62.206,2.81,1126.8,32.18,115.8,3.15,15.20,18.35
2044,3185.57,1.527,-129.050,62.249,-958.235,62.249,2.84,979.2,31.52,113.5,3.15,15.30,18.45
2045,3187.16,1.590,-128.207,62.294,-959.583,62.294,2.85,840.8,30.89,111.2,3.20,15.40,18.60
2046,3188.72,1.560,-127.378,62.339,-960.903,62.339,2.90,738.2,30.32,109.2,3.20,15.50,18.70
2047,3190.26,1.532,-126.561,62.384,-962.199,62.384,2.89,666.3,29.83,107.4,3.20,15.55,18.75
2048,3191.76,1.508,-125.754,62.425,-963.472,62.425,2.73,617.6,29.35,105.7,3.25,16.35,19.60
2049,3193.34,1.572,-124.909,62.468,-964.798,62.468,2.73,583.8,28.92,104.1,3.25,16.40,19.65
2050,3194.89,1.550,-124.073,62.510,-966.102,62.510,2.74,568.5,28.52,102.7,3.30,16.50,19.80
2051,3196.42,1.532,-123.242,62.553,-967.388,62.553,2.81,559.1,28.26,101.7,3.35,16.55,19.90
2052,3197.94,1.519,-122.414,62.595,-968.662,62.595,2.72,548.8,28.02,100.9,3.40,16.60,20.00
2053,3199.45,1.507,-121.591,62.634,-969.923,62.634,2.62,526.8,27.78,100.0,3.45,16.70,20.15
2054,3201.02,1.575,-120.726,62.674,-971.239,62.674,2.52,487.8,27.51,99.0,3.50,16.75,20.25
2055,3202.58,1.560,-119.866,62.713,-972.540,62.713,2.54,438.8,27.24,98.1,3.55,16.80,20.35
2056,3204.13,1.545,-119.010,62.754,-973.825,62.754,2.63,387.6,27.00,97.2,3.60,16.85,20.45
2057,3205.66,1.533,-118.156,62.793,-975.098,62.793,2.55,337.6,26.80,96.5,3.65,16.90,20.55
2058,3207.18,1.519,-117.304,62.831,-976.355,62.831,2.50,292.1,26.52,95.5,3.70,16.90,20.60
2059,3208.69,1.504,-116.455,62.869,-977.595,62.869,2.52,252.7,26.24,94.5,3.80,16.95,20.75
2060,3210.25,1.565,-115.563,62.908,-978.881,62.908,2.53,216.1,25.95,93.4,3.90,16.95,20.85
2061,3211.80,1.546,-114.674,62.946,-980.145,62.946,2.43,186.6,25.62,92.2,4.00,17.00,21.00
2062,3213.33,1.528,-113.785,62.982,-981.388,62.982,2.36,163.4,25.32,91.2,4.10,17.00,21.10
2063,3214.84,1.509,-112.897,63.016,-982.607,63.016,2.28,146.3,25.02,90.1,4.25,16.95,21.20
2064,3216.41,1.569,-111.958,63.052,-983.864,63.052,2.28,132.6,24.79,89.2,4.40,16.95,21.35
2065,3217.96,1.553,-111.014,63.088,-985.096,63.088,2.32,124.1,24.54,88.3,4.55,16.90,21.45
2066,3219.50,1.539,-110.063,63.123,-986.305,63.123,2.25,118.2,24.34,87.6,4.75,16.85,21.60
2067,3221.03,1.527,-109.103,63.155,-987.493,63.155,2.14,114.3,24.16,87.0,4.95,16.75,21.70
2068,3222.55,1.517,-108.134,63.186,-988.659,63.186,2.00,111.4,23.99,86.4,5.20,16.65,21.85
2069,3224.06,1.506,-107.156,63.214,-989.804,63.214,1.88,109.3,23.83,85.8,5.45,6.95,12.40
2070,3225.62,1.567,-106.122,63.242,-990.981,63.242,1.77,106.1,23.66,85.2,5.70,6.75,12.45
2071,3227.18,1.557,-105.077,63.267,-992.134,63.267,1.65,102.8,23.51,84.6,6.00,6.55,12.55
2072,3228.73,1.546,-104.023,63.290,-993.265,63.290,1.46,99.3,23.35,84.1,6.30,6.30,12.60
2073,3230.27,1.536,-102.959,63.312,-994.373,63.312,1.42,95.8,23.20,83.5,6.70,6.10,12.80
2074,3231.79,1.526,-101.884,63.333,-995.456,63.333,1.41,92.0,23.05,83.0,7.15,5.85,13.00
2075,3233.31,1.516,-100.799,63.355,-996.514,63.355,1.47,88.5,22.89,82.4,5.90,5.65,11.55
2076,3234.82,1.506,-99.703,63.378,-997.547,63.378,1.50,85.2,22.75,81.9,6.20,5.40,11.60
2077,3236.38,1.564,-98.546,63.403,-998.599,63.403,1.58,81.4,22.61,81.4,6.55,5.10,11.65
2078,3237.94,1.555,-97.376,63.427,-999.623,63.427,1.56,77.3,22.47,80.9,6.90,4.85,11.75
2079,3239.49,1.545,-96.193,63.451,-1000.617,63.451,1.56,74.0,22.32,80.3,7.25,4.55,11.80
2080,3241.02,1.535,-94.998,63.476,-1001.579,63.476,1.65,71.2,22.18,79.9,7.60,4.30,11.90
2081,3242.55,1.526,-93.789,63.501,-1002.511,63.501,1.62,69.0,22.04,79.4,7.85,4.05,11.90
2082,3244.07,1.516,-92.569,63.526,-1003.409,63.526,1.63,67.5,21.89,78.8,8.15,3.80,11.95
2083,3245.57,1.505,-91.336,63.555,-1004.271,63.555,1.92,66.6,21.75,78.3,8.35,3.60,11.95
2084,3247.14,1.561,-90.036,63.587,-1005.135,63.587,2.05,65.4,21.61,77.8,8.55,3.45,12.00
2085,3248.69,1.551,-88.725,63.618,-1005.964,63.618,2.00,64.4,21.48,77.3,8.70,3.30,12.00
2086,3250.23,1.541,-87.405,63.644,-1006.757,63.644,1.73,63.4,21.32,76.8,8.80,3.20,12.00
2087,3251.76,1.530,-86.075,63.671,-1007.513,63.671,1.72,62.4,21.18,76.2,8.90,3.10,12.00
2088,3253.28,1.520,-84.735,63.698,-1008.229,63.698,1.77,61.4,21.04,75.7,9.00,3.00,12.00
2089,3254.80,1.510,-83.386,63.727,-1008.907,63.727,1.96,60.5,20.91,75.3,9.10,2.90,12.00
2090,3256.30,1.501,-82.031,63.752,-1009.551,63.752,1.65,59.0,20.77,74.8,9.20,2.85,12.05
2091,3257.85,1.552,-80.612,63.775,-1010.180,63.775,1.49,57.1,20.63,74.3,9.30,2.80,12.10
2092,3259.40,1.541,-79.186,63.800,-1010.766,63.800,1.59,55.2,20.49,73.8,9.40,2.75,12.15
2093,3260.93,1.531,-77.755,63.822,-1011.309,63.822,1.49,53.3,20.34,73.2,9.50,2.70,12.20
2094,3262.45,1.520,-76.319,63.847,-1011.806,63.847,1.61,51.6,20.21,72.7,9.60,2.70,12.30
2095,3263.96,1.510,-74.878,63.871,-1012.258,63.871,1.61,50.2,20.06,72.2,9.70,2.65,12.35
2096,3265.52,1.559,-73.377,63.897,-1012.676,63.897,1.69,48.9,19.91,71.7,9.80,2.65,12.45
2097,3267.07,1.548,-71.874,63.924,-1013.044,63.924,1.70,48.0,19.78,71.2,9.90,2.60,12.50
2098,3268.61,1.537,-70.371,63.945,-1013.364,63.945,1.38,47.1,19.63,70.7,9.95,2.55,12.50
2099,3270.14,1.525,-68.870,63.966,-1013.630,63.966,1.36,46.6,19.49,70.2,10.00,2.55,12.55
2100,3271.66,1.514,-67.371,63.987,-1013.844,63.987,1.44,46.4,19.35,69.7,10.05,2.50,12.55
2101,3273.16,1.504,-65.877,64.009,-1014.008,64.009,1.44,46.5,19.21,69.2,10.10,2.50,12.60
2102,3274.72,1.550,-64.331,64.033,-1014.126,64.033,1.54,46.6,19.07,68.7,10.15,2.50,12.65
2103,3276.26,1.539,-62.793,64.057,-1014.191,64.057,1.59,46.9,18.94,68.2,10.20,2.50,12.70
2104,3277.79,1.528,-61.265,64.081,-1014.207,64.081,1.53,46.7,18.80,67.7,10.30,2.50,12.80
2105,3279.31,1.517,-59.749,64.105,-1014.173,64.105,1.61,46.5,18.67,67.2,10.40,2.50,12.90
2106,3280.82,1.507,-58.244,64.130,-1014.091,64.130,1.62,46.1,18.55,66.8,10.50,2.50,13.00
2107,3282.37,1.552,-56.698,64.153,-1013.957,64.153,1.53,45.4,18.42,66.3,10.60,2.50,13.10
2108,3283.92,1.540,-55.169,64.175,-1013.772,64.175,1.39,44.8,18.27,65.8,10.70,2.45,13.15
2109,3285.45,1.529,-53.658,64.199,-1013.533,64.199,1.60,44.5,18.15,65.3,10.75,2.40,13.15
2110,3286.97,1.519,-52.168,64.223,-1013.245,64.223,1.58,44.4,18.02,64.9,10.85,2.35,13.20
2111,3288.48,1.508,-50.699,64.246,-1012.906,64.246,1.51,44.5,17.89,64.4,10.90,2.30,13.20
2112,3290.03,1.551,-49.200,64.268,-1012.508,64.268,1.40,44.9,17.77,64.0,10.95,2.25,13.20
2113,3291.57,1.540,-47.727,64.285,-1012.060,64.285,1.13,45.5,17.64,63.5,10.95,2.25,13.20
2114,3293.10,1.529,-46.280,64.302,-1011.565,64.302,1.10,46.2,17.53,63.1,10.95,2.15,13.10
2115,3294.63,1.519,-44.860,64.316,-1011.026,64.316,0.94,47.0,17.41,62.7,11.00,2.10,13.10
2116,3296.14,1.509,-43.467,64.331,-1010.445,64.331,0.98,48.1,17.30,62.3,11.10,2.05,13.15
2117,3297.69,1.551,-42.055,64.347,-1009.802,64.347,1.03,49.3,17.18,61.9,11.15,2.00,13.15
2118,3299.23,1.541,-40.674,64.364,-1009.119,64.364,1.11,50.7,17.07,61.4,11.20,1.95,13.15
2119,3300.77,1.531,-39.323,64.382,-1008.398,64.382,1.19,52.0,16.96,61.1,11.30,1.90,13.20
2120,3302.29,1.522,-38.001,64.401,-1007.644,64.401,1.24,53.4,16.86,60.7,11.35,1.85,13.20
2121,3303.80,1.513,-36.708,64.417,-1006.859,64.417,1.05,54.4,16.76,60.3,11.40,1.80,13.20
2122,3305.31,1.504,-35.445,64.430,-1006.044,64.430,0.86,55.4,16.66,60.0,11.40,1.80,13.20
2123,3306.86,1.544,-34.172,64.445,-1005.170,64.445,0.97,56.1,16.56,59.6,11.40,1.85,13.25
2124,3308.39,1.535,-32.931,64.463,-1004.266,64.463,1.22,56.4,16.45,59.2,11.40,1.85,13.25
2125,3309.92,1.526,-31.722,64.483,-1003.337,64.483,1.31,56.2,16.35,58.9,11.40,1.90,13.30
2126,3311.44,1.516,-30.545,64.505,-1002.381,64.505,1.40,55.8,16.26,58.5,11.40,1.95,13.35
2127,3312.94,1.507,-29.400,64.525,-1001.401,64.525,1.37,55.3,16.16,58.2,11.45,2.00,13.45
2128,3314.49,1.546,-28.255,64.549,-1000.363,64.549,1.54,54.8,16.06,57.8,38.60,2.05,40.65
2129,3316.03,1.536,-27.146,64.574,-999.299,64.574,1.63,54.5,15.96,57.4,35.60,2.10,37.70
2130,3317.56,1.526,-26.077,64.601,-998.210,64.601,1.73,54.8,15.85,57.1,32.85,2.15,35.00
2131,3319.08,1.517,-25.045,64.628,-997.098,64.628,1.81,55.6,15.76,56.7,30.40,2.25,32.65
2132,3320.58,1.508,-24.050,64.653,-995.966,64.653,1.65,56.8,15.67,56.4,28.15,2.30,30.45
2133,3322.13,1.546,-23.061,64.677,-994.777,64.677,1.52,58.3,15.57,56.0,26.05,2.35,28.40
2134,3323.67,1.537,-22.111,64.700,-993.570,64.700,1.51,60.5,15.48,55.7,24.15,2.45,26.60
2135,3325.20,1.527,-21.199,64.723,-992.345,64.723,1.52,62.9,15.39,55.4,22.40,2.55,24.95
2136,3326.72,1.519,-20.320,64.743,-991.106,64.743,1.29,65.3,15.30,55.1,20.80,2.65,23.45
2137,3328.23,1.511,-19.474,64.760,-989.855,64.760,1.17,67.6,15.22,54.8,19.30,2.85,22.15
2138,3329.73,1.503,-18.660,64.776,-988.592,64.776,1.02,69.6,15.14,54.5,17.95,3.05,21.00
2139,3331.27,1.540,-17.853,64.788,-987.280,64.788,0.81,70.5,15.06,54.2,16.65,3.30,19.95
2140,3332.81,1.532,-17.079,64.800,-985.957,64.800,0.75,71.1,14.98,53.9,15.40,3.55,18.95
2141,3334.33,1.524,-16.337,64.809,-984.626,64.809,0.59,71.3,14.91,53.7,14.25,3.80,18.05
2142,3335.85,1.517,-15.627,64.819,-983.286,64.819,0.67,71.7,14.84,53.4,13.20,4.05,17.25
2143,3337.36,1.509,-14.949,64.827,-981.937,64.827,0.58,71.9,14.76,53.1,12.15,4.35,16.50
2144,3338.86,1.502,-14.303,64.837,-980.581,64.837,0.61,72.8,14.69,52.9,11.25,4.65,15.90
2145,3340.40,1.538,-13.671,64.846,-979.179,64.846,0.61,74.2,14.62,52.6,10.35,5.00,15.35
2146,3341.93,1.533,-13.071,64.858,-977.768,64.858,0.81,76.5,14.59,52.5,11.15,5.35,16.50
2147,3343.47,1.534,-12.499,64.869,-976.345,64.869,0.72,79.9,14.65,52.7,10.70,5.75,16.45
2148,3344.97,1.500,-11.969,64.881,-974.942,64.881,0.75,85.4,14.77,53.2,10.25,6.15,16.40
2149,3346.48,1.513,-11.460,64.891,-973.516,64.891,0.71,91.7,14.93,53.7,9.80,6.55,16.35
2150,3348.02,1.543,-10.966,64.903,-972.055,64.903,0.76,98.5,15.34,55.2,9.35,6.95,16.30
2151,3349.56,1.542,-10.494,64.919,-970.587,64.919,1.05,105.0,15.79,56.9,8.90,7.35,16.25
2152,3351.10,1.538,-10.042,64.937,-969.118,64.937,1.16,110.0,16.23,58.4,8.50,7.75,16.25
2153,3352.63,1.530,-9.610,64.950,-967.650,64.950,0.80,111.4,16.66,60.0,8.05,8.15,16.20
2154,3354.15,1.519,-9.202,64.962,-966.187,64.962,0.79,111.8,17.09,61.5,7.65,8.50,16.15
2155,3355.66,1.506,-8.817,64.976,-964.731,64.976,0.96,112.0,17.51,63.0,7.25,8.85,16.10
2156,3357.20,1.542,-8.444,64.993,-963.234,64.993,1.07,112.3,17.93,64.6,6.85,9.20,16.05
2157,3358.73,1.525,-8.095,65.005,-961.750,65.005,0.83,113.6,18.35,66.1,6.50,9.50,16.00
2158,3360.23,1.503,-7.771,65.018,-960.282,65.018,0.87,117.8,18.76,67.5,6.15,9.80,15.95
2159,3361.77,1.538,-7.461,65.031,-958.776,65.031,0.81,122.9,19.19,69.1,5.80,10.10,15.90
2160,3363.28,1.513,-7.175,65.045,-957.290,65.045,0.92,130.2,19.60,70.6,5.50,10.35,15.85
2161,3364.83,1.545,-6.901,65.058,-955.769,65.058,0.84,137.5,20.01,72.0,5.25,10.55,15.80
2162,3366.34,1.517,-6.647,65.069,-954.274,65.069,0.77,145.4,20.41,73.5,5.00,10.80,15.80
2163,3367.89,1.546,-6.404,65.080,-952.747,65.080,0.73,152.1,20.81,74.9,4.75,11.00,15.75
2164,3369.40,1.512,-6.180,65.090,-951.252,65.090,0.63,157.6,21.18,76.2,4.50,11.20,15.70
2165,3370.94,1.540,-5.967,65.097,-949.727,65.097,0.47,160.1,21.59,77.7,4.30,11.40,15.70
2166,3372.44,1.504,-5.773,65.103,-948.235,65.103,0.41,161.3,22.00,79.2,4.10,11.55,15.65
2167,3373.98,1.533,-5.591,65.109,-946.713,65.109,0.39,160.6,22.42,80.7,3.95,11.70,15.65
2168,3375.54,1.565,-5.417,65.111,-945.157,65.111,0.11,157.2,22.94,82.6,3.75,11.85,15.60
2169,3377.07,1.531,-5.263,65.111,-943.634,65.111,-0.01,155.7,23.42,84.3,3.60,12.00,15.60
2170,3378.64,1.563,-5.120,65.109,-942.077,65.109,-0.10,155.9,23.93,86.1,3.45,20.30,23.75
2171,3380.16,1.524,-4.998,65.110,-940.558,65.110,0.03,160.5,24.42,87.9,3.35,20.40,23.75
2172,3381.72,1.555,-4.891,65.112,-939.007,65.112,0.14,168.6,24.91,89.7,3.25,20.45,23.70
2173,3383.22,1.508,-4.801,65.117,-937.501,65.117,0.30,181.3,25.34,91.2,3.15,20.55,23.70
2174,3384.76,1.536,-4.721,65.118,-935.967,65.118,0.07,193.2,25.83,93.0,3.10,20.60,23.70
2175,3386.32,1.561,-4.652,65.116,-934.407,65.116,-0.11,204.5,26.16,94.2,3.00,20.65,23.65
2176,3387.82,1.503,-4.594,65.106,-932.906,65.106,-0.65,212.9,26.58,95.7,2.95,20.70,23.65
2177,3389.36,1.531,-4.545,65.097,-931.376,65.097,-0.63,221.5,27.09,97.5,2.90,20.75,23.65
2178,3390.91,1.559,-4.509,65.090,-929.818,65.090,-0.40,234.2,27.56,99.2,2.90,20.75,23.65
2179,3392.50,1.584,-4.486,65.086,-928.234,65.086,-0.29,253.4,27.98,100.7,2.85,20.75,23.60
2180,3394.02,1.521,-4.473,65.079,-926.714,65.079,-0.44,280.4,28.33,102.0,2.85,20.80,23.65
2181,3395.56,1.541,-4.466,65.068,-925.173,65.068,-0.71,312.7,28.73,103.4,2.85,20.80,23.65
2182,3397.12,1.564,-4.466,65.055,-923.609,65.055,-0.83,349.9,29.15,105.0,2.85,20.80,23.65
2183,3398.71,1.586,-4.473,65.042,-922.023,65.042,-0.84,385.7,29.57,106.4,2.85,20.75,23.60
2184,3400.23,1.519,-4.487,65.029,-920.505,65.029,-0.85,427.1,29.96,107.9,2.85,20.75,23.60
2185,3401.77,1.538,-4.506,65.017,-918.966,65.017,-0.79,477.3,30.34,109.2,2.90,20.75,23.65
2186,3403.32,1.557,-4.530,65.004,-917.409,65.004,-0.80,547.6,30.72,110.6,2.90,20.70,23.60
2187,3404.90,1.577,-4.560,64.992,-915.833,64.992,-0.78,648.2,31.09,111.9,2.95,20.65,23.60
2188,3406.40,1.501,-4.591,64.981,-914.332,64.981,-0.77,793.4,31.45,113.2,2.95,20.65,23.60
2189,3407.92,1.519,-4.626,64.968,-912.813,64.968,-0.79,982.5,31.81,114.5,3.00,20.60,23.60
2190,3409.46,1.535,-4.663,64.956,-911.279,64.956,-0.79,1249.9,32.13,115.7,3.05,20.55,23.60
2191,3411.01,1.552,-4.702,64.943,-909.727,64.943,-0.87,1659.0,32.50,117.0,3.10,20.50,23.60
2192,3412.58,1.569,-4.743,64.929,-908.159,64.929,-0.86,2000.0,32.86,118.3,3.10,20.45,23.55
2193,3414.16,1.587,-4.786,64.916,-906.573,64.916,-0.83,2000.0,33.22,119.6,3.15,20.40,23.55
2194,3415.67,1.502,-4.827,64.903,-905.072,64.903,-0.86,2000.0,33.53,120.7,3.20,20.35,23.55
2195,3417.18,1.516,-4.868,64.890,-903.557,64.890,-0.91,2000.0,33.83,121.8,3.25,20.30,23.55
2196,3418.71,1.531,-4.910,64.874,-902.026,64.874,-1.00,2000.0,34.19,123.1,3.30,20.25,23.55
2197,3420.26,1.546,-4.952,64.859,-900.481,64.859,-0.97,2000.0,34.49,124.2,3.35,20.20,23.55
2198,3421.82,1.559,-4.994,64.843,-898.922,64.843,-1.03,2000.0,34.80,125.3,3.40,20.15,23.55
2199,3423.39,1.575,-5.037,64.828,-897.348,64.828,-0.99,2000.0,35.16,126.6,3.45,20.10,23.55
2200,3424.98,1.590,-5.079,64.814,-895.759,64.814,-0.87,2000.0,35.49,127.8,3.50,20.05,23.55
2201,3426.59,1.604,-5.121,64.802,-894.156,64.802,-0.76,2000.0,35.79,128.8,3.55,20.00,23.55
2202,3428.10,1.510,-5.160,64.790,-892.646,64.790,-0.79,2000.0,36.09,129.9,3.60,19.95,23.55
2203,3429.62,1.522,-5.199,64.778,-891.125,64.778,-0.77,2000.0,36.37,130.9,3.65,19.90,23.55
2204,3431.15,1.534,-5.238,64.764,-889.591,64.764,-0.91,2000.0,36.65,132.0,3.70,19.85,23.55
2205,3432.70,1.545,-5.277,64.749,-888.047,64.749,-0.99,2000.0,36.90,132.8,3.75,19.80,23.55
2206,3434.25,1.557,-5.316,64.732,-886.491,64.732,-1.06,2000.0,37.23,134.0,3.80,19.75,23.55
2207,3435.82,1.571,-5.354,64.716,-884.920,64.716,-1.00,2000.0,37.55,135.2,3.85,19.70,23.55
2208,3437.41,1.583,-5.392,64.701,-883.338,64.701,-0.97,2000.0,37.81,136.1,3.90,19.65,23.55
2209,3439.00,1.594,-5.430,64.685,-881.744,64.685,-1.00,2000.0,38.10,137.1,3.95,19.60,23.55
2210,3440.61,1.608,-5.467,64.670,-880.137,64.670,-0.94,2000.0,38.43,138.4,4.00,19.55,23.55
2211,3442.11,1.505,-5.500,64.658,-878.632,64.658,-0.79,1962.7,38.70,139.3,4.05,19.50,23.55
2212,3443.63,1.514,-5.533,64.646,-877.118,64.646,-0.76,1755.4,38.95,140.2,4.10,19.50,23.60
2213,3445.15,1.525,-5.564,64.635,-875.594,64.635,-0.75,1584.1,39.21,141.1,4.10,19.45,23.55
2214,3446.69,1.535,-5.595,64.624,-874.059,64.624,-0.71,1430.2,39.49,142.2,4.15,19.40,23.55
2215,3448.23,1.546,-5.623,64.614,-872.514,64.614,-0.67,1299.9,39.76,143.1,4.20,19.35,23.55
2216,3449.79,1.556,-5.650,64.603,-870.958,64.603,-0.69,1184.8,39.99,144.0,4.25,19.30,23.55
2217,3451.35,1.564,-5.676,64.591,-869.394,64.591,-0.77,1089.2,40.23,144.8,3.50,19.30,22.80
2218,3452.93,1.574,-5.699,64.578,-867.820,64.578,-0.80,1019.3,40.44,145.6,2.85,19.25,22.10
2219,3454.51,1.576,-5.720,64.567,-866.244,64.567,-0.74,988.3,40.40,145.4,2.90,19.25,22.15
2220,3456.08,1.575,-5.737,64.554,-864.669,64.554,-0.79,986.6,40.36,145.3,2.90,19.25,22.15
2221,3457.65,1.573,-5.752,64.542,-863.096,64.542,-0.80,1014.1,40.32,145.1,2.95,19.30,22.25
2222,3459.23,1.571,-5.765,64.529,-861.525,64.529,-0.79,1072.3,40.27,145.0,2.95,19.30,22.25
2223,3460.79,1.570,-5.775,64.518,-859.955,64.518,-0.73,1159.7,40.23,144.8,2.95,19.30,22.25
2224,3462.36,1.568,-5.783,64.509,-858.387,64.509,-0.59,1268.8,40.20,144.7,3.00,19.35,22.35
2225,3463.93,1.570,-5.789,64.501,-856.817,64.501,-0.46,1392.6,40.34,145.2,3.00,19.40,22.40
2226,3465.51,1.578,-5.793,64.495,-855.239,64.495,-0.41,1517.9,40.54,145.9,3.00,19.40,22.40
2227,3467.10,1.585,-5.796,64.488,-853.654,64.488,-0.40,1637.4,40.74,146.7,3.05,19.45,22.50
2228,3468.69,1.593,-5.797,64.482,-852.061,64.482,-0.42,1727.1,40.95,147.4,3.05,19.45,22.50
2229,3470.29,1.602,-5.797,64.475,-850.459,64.475,-0.44,1780.8,41.16,148.2,3.05,19.50,22.55
2230,3471.90,1.609,-5.795,64.468,-848.850,64.468,-0.43,1807.2,41.36,148.9,3.05,19.55,22.60
2231,3473.52,1.618,-5.793,64.460,-847.233,64.460,-0.48,1813.2,41.57,149.7,3.05,19.65,22.70
2232,3475.14,1.625,-5.788,64.451,-845.607,64.451,-0.53,1783.1,41.75,150.3,3.05,19.75,22.80
2233,3476.65,1.506,-5.783,64.442,-844.101,64.442,-0.62,1747.8,41.93,151.0,3.05,19.85,22.90
2234,3478.16,1.513,-5.776,64.432,-842.588,64.432,-0.69,1674.5,42.13,151.7,3.05,19.95,23.00
2235,3479.68,1.520,-5.768,64.420,-841.067,64.420,-0.73,1582.9,42.32,152.4,3.05,20.05,23.10
2236,3481.21,1.527,-5.759,64.407,-839.541,64.407,-0.87,1473.6,42.48,152.9,3.05,20.15,23.20
2237,3482.74,1.531,-5.749,64.392,-838.009,64.392,-0.99,1379.9,42.62,153.4,3.05,20.25,23.30
2238,3484.28,1.539,-5.736,64.376,-836.470,64.376,-1.05,1308.2,42.87,154.3,3.05,20.35,23.40
2239,3485.83,1.547,-5.721,64.363,-834.923,64.363,-0.85,1284.6,43.05,155.0,3.05,20.45,23.50
2240,3487.38,1.553,-5.704,64.351,-833.370,64.351,-0.73,1300.9,43.24,155.7,3.05,20.55,23.60
2241,3488.94,1.561,-5.685,64.342,-831.810,64.342,-0.61,1362.2,43.43,156.4,3.05,20.70,23.75
2242,3490.51,1.567,-5.664,64.334,-830.243,64.334,-0.51,1471.2,43.61,157.0,3.05,20.90,23.95
2243,3492.08,1.573,-5.641,64.326,-828.670,64.326,-0.50,1608.0,43.78,157.6,3.00,21.05,24.05
2244,3493.66,1.580,-5.617,64.318,-827.090,64.318,-0.51,1758.5,43.96,158.2,3.00,21.25,24.25
2245,3495.25,1.586,-5.591,64.309,-825.504,64.309,-0.57,1906.5,44.14,158.9,3.00,21.40,24.40
2246,3496.84,1.592,-5.564,64.300,-823.912,64.300,-0.56,2000.0,44.30,159.5,2.95,21.60,24.55
2247,3498.44,1.599,-5.535,64.290,-822.314,64.290,-0.63,2000.0,44.51,160.2,2.95,21.75,24.70
2248,3500.04,1.605,-5.506,64.281,-820.709,64.281,-0.58,2000.0,44.67,160.8,2.95,21.95,24.90
2249,3501.66,1.612,-5.474,64.272,-819.097,64.272,-0.56,2000.0,44.88,161.6,2.90,22.15,25.05
2250,3503.27,1.619,-5.442,64.264,-817.478,64.264,-0.48,2000.0,45.05,162.2,2.90,22.30,25.20
2251,3504.90,1.625,-5.409,64.256,-815.854,64.256,-0.50,2000.0,45.22,162.8,2.85,22.50,25.35
2252,3506.53,1.631,-5.374,64.248,-814.223,64.248,-0.50,2000.0,45.39,163.4,2.85,22.70,25.55
2253,3508.03,1.501,-5.342,64.240,-812.722,64.240,-0.51,2000.0,45.57,164.1,2.80,22.85,25.65
2254,3509.54,1.507,-5.309,64.233,-811.216,64.233,-0.49,2000.0,45.72,164.6,2.80,23.05,25.85
2255,3511.05,1.511,-5.276,64.225,-809.705,64.225,-0.52,2000.0,45.88,165.2,2.75,23.40,26.15
2256,3512.57,1.517,-5.243,64.217,-808.188,64.217,-0.51,2000.0,46.06,165.8,2.75,23.70,26.45
2257,3514.09,1.523,-5.210,64.209,-806.665,64.209,-0.50,2000.0,46.22,166.4,2.70,24.05,26.75
2258,3515.62,1.528,-5.177,64.201,-805.138,64.201,-0.53,2000.0,46.37,166.9,2.70,24.35,27.05
2259,3517.15,1.533,-5.144,64.192,-803.606,64.192,-0.59,2000.0,46.52,167.5,2.65,24.70,27.35
2260,3518.69,1.538,-5.113,64.183,-802.068,64.183,-0.61,2000.0,46.69,168.1,2.65,25.00,27.65
2261,3520.19,1.505,-5.084,64.173,-800.563,64.173,-0.61,1684.4,46.85,168.7,2.60,25.35,27.95
2262,3521.69,1.500,-5.056,64.164,-799.063,64.164,-0.63,1530.1,47.00,169.2,2.60,25.65,28.25
2263,3523.19,1.498,-5.031,64.155,-797.565,64.155,-0.62,1431.0,47.16,169.8,2.60,25.95,28.55
2264,3524.69,1.501,-5.007,64.145,-796.064,64.145,-0.63,1367.7,47.32,170.4,2.55,26.30,28.85
2265,3526.20,1.508,-4.984,64.135,-794.557,64.135,-0.66,1327.4,47.49,171.0,2.55,26.60,29.15
2266,3527.71,1.510,-4.963,64.125,-793.047,64.125,-0.65,1308.1,47.64,171.5,2.55,30.55,33.10
2267,3529.22,1.514,-4.944,64.116,-791.533,64.116,-0.65,1280.0,47.76,171.9,2.55,30.55,33.10
2268,3530.74,1.519,-4.927,64.106,-790.015,64.106,-0.65,1265.3,47.91,172.5,2.55,30.55,33.10
2269,3532.27,1.523,-4.911,64.096,-788.492,64.096,-0.64,1268.3,48.11,173.2,2.50,30.55,33.05
2270,3533.80,1.530,-4.897,64.086,-786.962,64.086,-0.63,1290.7,48.25,173.7,2.50,30.55,33.05
2271,3535.33,1.531,-4.885,64.077,-785.431,64.077,-0.60,1336.8,48.40,174.2,2.50,30.55,33.05
2272,3536.86,1.535,-4.874,64.068,-783.896,64.068,-0.58,1413.3,48.57,174.9,2.50,30.60,33.10
2273,3538.40,1.540,-4.865,64.060,-782.356,64.060,-0.57,1528.0,48.73,175.4,2.50,30.55,33.05
2274,3539.94,1.540,-4.857,64.051,-780.816,64.051,-0.53,1694.1,48.88,176.0,2.50,30.55,33.05
2275,3541.48,1.541,-4.850,64.043,-779.274,64.043,-0.51,1944.5,49.02,176.5,2.50,30.55,33.05
2276,3543.03,1.545,-4.845,64.035,-777.730,64.035,-0.51,2000.0,49.17,177.0,2.50,30.44,32.94
2277,3544.58,1.546,-4.840,64.028,-776.184,64.028,-0.51,2000.0,49.32,177.6,2.51,30.33,32.84
2278,3546.12,1.546,-4.836,64.020,-774.637,64.020,-0.49,2000.0,49.47,178.1,2.51,30.22,32.73
2279,3547.67,1.551,-4.833,64.012,-773.086,64.012,-0.49,2000.0,49.62,178.6,2.52,30.11,32.63
2280,3549.24,1.562,-4.830,64.005,-771.524,64.005,-0.50,2000.0,49.77,179.2,2.52,30.00,32.52
2281,3550.81,1.574,-4.826,63.997,-769.950,63.997,-0.51,2000.0,49.92,179.7,2.53,29.89,32.42
2282,3552.39,1.585,-4.823,63.989,-768.365,63.989,-0.50,2000.0,50.07,180.2,2.53,29.78,32.31
2283,3553.99,1.597,-4.819,63.981,-766.768,63.981,-0.50,2000.0,50.22,180.8,2.54,29.67,32.21
2284,3555.60,1.608,-4.814,63.972,-765.160,63.972,-0.52,2000.0,50.37,181.3,2.54,29.56,32.10
