timestamp_ms,gas,brake,distanceTraveled,speedKmh,normalizedCarPosition
1775570383880,1.0,0.0,7193.6064453125,154.69866943359375,6.772406050004065e-05
1775570383900,1.0,0.0,7194.3798828125,154.84991455078125,0.0003207393456250429
1775570383920,1.0,0.0,7195.28369140625,155.025634765625,0.00053745589684695
1775570272060,1.0,0.0,3592.21337890625,155.2398223876953,0.0008154201204888523
1775570272080,1.0,0.0,3593.3779296875,155.4129638671875,0.0011420401278883219
1775570272100,1.0,0.0,3594.155029296875,155.56385803222656,0.0013617674121633172
1775570272120,1.0,0.0,3594.803466796875,155.7308807373047,0.0015417719259858131
1775570272140,1.0,0.0,3595.84228515625,155.9272003173828,0.0018330889288336039
1775570272160,1.0,0.0,3596.75244140625,156.10968017578125,0.002087866887450218
1775570272180,1.0,0.0,3597.533203125,156.25759887695312,0.0023072545882314444
1775570272200,1.0,0.0,3598.44482421875,156.4331512451172,0.0025630074087530375
1775570272220,1.0,0.0,3599.22705078125,156.608642578125,0.002782324096187949
1775570272240,1.0,0.0,3600.01025390625,156.7540283203125,0.00303859100677073
1775570272260,1.0,0.0,3600.9248046875,156.9222869873047,0.0032584350556135178
1775570272280,1.0,0.0,3601.84033203125,157.11557006835938,0.0035152819473296404
1775570272300,1.0,0.0,3602.88818359375,157.2783966064453,0.0038092229515314102
1775570272320,1.0,0.0,3603.41259765625,157.4521026611328,0.003992960322648287
1775570272340,1.0,0.0,3604.59375,157.60897827148438,0.00428693788126111
1775570272360,1.0,0.0,3605.3818359375,157.75933837890625,0.004545400384813547
1775570272380,1.0,0.0,3606.302734375,157.94827270507812,0.004766663070768118
1775570272400,1.0,0.0,3607.0927734375,158.11740112304688,0.00502537377178669
1775570272420,1.0,0.0,3608.015380859375,158.2640380859375,0.00524692190811038
1775570272440,1.0,0.0,3608.806640625,158.4436492919922,0.0055056046694517136
1775570272460,1.0,0.0,3609.73095703125,158.60964965820312,0.005727567244321108
1775570272480,1.0,0.0,3610.524169921875,158.75706481933594,0.0059870402328670025
1775570272500,1.0,0.0,3611.45068359375,158.93402099609375,0.006210233084857464
1775570272520,1.0,0.0,3612.24560546875,159.1031951904297,0.006470108404755592
1775570272540,1.0,0.0,3613.173828125,159.25645446777344,0.006692880764603615
1775570272560,1.0,0.0,3614.36865234375,159.41726684570312,0.007028311491012573
1775570272580,1.0,0.0,3614.900390625,159.593994140625,0.007177192717790604
1775570272600,1.0,0.0,3616.09765625,159.7509002685547,0.007512769661843777
1775570272620,1.0,0.0,3616.63037109375,159.9202880859375,0.0076622567139565945
1775570272640,1.0,0.0,3617.82958984375,160.0782928466797,0.007998831570148468
1775570272660,1.0,0.0,3618.763427734375,160.19798278808594,0.008260383270680904
1775570272680,1.0,0.0,3619.564453125,160.355712890625,0.00848526693880558
1775570272700,1.0,0.0,3620.500244140625,160.53713989257812,0.008747671730816364
1775570272720,1.0,0.0,3621.30322265625,160.69068908691406,0.009010210633277893
1775570272740,1.0,0.0,3622.2412109375,160.88272094726562,0.009235712699592113
1775570272760,1.0,0.0,3623.179931640625,161.04562377929688,0.009499119594693184
1775570272780,1.0,0.0,3623.985595703125,161.19715881347656,0.00972492154687643
1775570272800,1.0,0.0,3624.926025390625,161.36614990234375,0.010040420107543468
1775570272820,1.0,0.0,3625.73291015625,161.52734375,0.010259052738547325
1775570272840,1.0,0.0,3626.67529296875,161.66038513183594,0.010265299119055271
1775570272860,1.0,0.0,3627.618896484375,161.8351593017578,0.010767783038318157
1775570272880,1.0,0.0,3628.428466796875,162.00648498535156,0.010995565913617611
1775570272900,1.0,0.0,3629.373779296875,162.15402221679688,0.011576107703149319
1775570272920,1.0,0.0,3630.320068359375,162.32293701171875,0.011576107703149319
1775570272940,1.0,0.0,3631.26708984375,162.48329162597656,0.01170111820101738
1775570272960,1.0,0.0,3632.079833984375,162.62669372558594,0.01203218661248684
1775570272980,1.0,0.0,3633.02880859375,162.80422973632812,0.012260250747203827
1775570273000,1.0,0.0,3633.978759765625,162.95884704589844,0.01252636220306158
1775570273020,1.0,0.0,3634.522216796875,163.10540771484375,0.012678926810622215
1775570273040,1.0,0.0,3635.74609375,163.2814178466797,0.013060174882411957
1775570273060,1.0,0.0,3636.8349609375,163.45819091796875,0.01328932773321867
1775570273080,1.0,0.0,3637.652587890625,163.58570861816406,0.013556485064327717
1775570273100,1.0,0.0,3638.607421875,163.72901916503906,0.013824224472045898
1775570273120,1.0,0.0,3639.1533203125,163.9130096435547,0.014015108346939087
1775570273140,1.0,0.0,3640.109619140625,164.05810546875,0.014245472848415375
1775570273160,1.0,0.0,3641.067138671875,164.22378540039062,0.014514491893351078
1775570273180,1.0,0.0,3642.025390625,164.38671875,0.014782666228711605
1775570273200,1.0,0.0,3642.84716796875,164.52207946777344,0.015051444061100483
1775570273220,1.0,0.0,3643.80712890625,164.69480895996094,0.015282263979315758
1775570273240,1.0,0.0,3644.767822265625,164.85507202148438,0.015589897520840168
1775570273260,1.0,0.0,3645.591796875,164.97817993164062,0.015821056440472603
1775570273280,1.0,0.0,3646.55419921875,165.1165771484375,0.01605248637497425
1775570273300,1.0,0.0,3647.3798828125,165.2767791748047,0.016322355717420578
1775570273320,1.0,0.0,3648.343994140625,165.42987060546875,0.016554417088627815
1775570273340,1.0,0.0,3649.447265625,165.60450744628906,0.016902713105082512
1775570273360,1.0,0.0,3650.552001953125,165.7593994140625,0.017134621739387512
1775570273380,1.0,0.0,3651.2431640625,165.92393493652344,0.017406173050403595
1775570273400,1.0,0.0,3652.211669921875,166.09912109375,0.017639027908444405
1775570273420,1.0,0.0,3653.04248046875,166.2589569091797,0.017871685326099396
1775570273440,1.0,0.0,3653.8740234375,166.38233947753906,0.018143998458981514
1775570273460,1.0,0.0,3654.8447265625,166.53414916992188,0.018376963213086128
1775570273480,1.0,0.0,3655.954833984375,166.70684814453125,0.0186883807182312
1775570273500,1.0,0.0,3656.927490234375,166.8514862060547,0.018960842862725258
1775570273520,1.0,0.0,3657.76171875,166.9850311279297,0.019195131957530975
1775570273540,1.0,0.0,3658.5966796875,167.1350860595703,0.01946796476840973
1775570273560,1.0,0.0,3659.432373046875,167.2870635986328,0.01970256119966507
1775570273580,1.0,0.0,3660.408447265625,167.4728240966797,0.019937369972467422
1775570273600,1.0,0.0,3661.245849609375,167.62680053710938,0.020211530849337578
1775570273620,1.0,0.0,3662.2236328125,167.75820922851562,0.02044624835252762
1775570273640,1.0,0.0,3663.342041015625,167.919189453125,0.020799174904823303
1775570273660,1.0,0.0,3664.46142578125,168.0765380859375,0.021034741774201393
1775570273680,1.0,0.0,3665.161865234375,168.2110137939453,0.021309776231646538
1775570273700,1.0,0.0,3666.14306640625,168.36331176757812,0.021545657888054848
1775570273720,1.0,0.0,3666.985107421875,168.52394104003906,0.021820655092597008
1775570273740,1.0,0.0,3667.96826171875,168.66015625,0.02205772139132023
1775570273760,1.0,0.0,3668.811767578125,168.8277130126953,0.022333486005663872
1775570273780,1.0,0.0,3669.796875,168.9863739013672,0.022570479661226273
1775570273800,1.0,0.0,3670.782958984375,169.11837768554688,0.022847125306725502
1775570273820,1.0,0.0,3671.629150390625,169.2647705078125,0.02308395504951477
1775570273840,1.0,0.0,3672.616943359375,169.43301391601562,0.0233607180416584
1775570273860,1.0,0.0,3673.46435546875,169.572265625,0.023638086393475533
1775570273880,1.0,0.0,3674.45361328125,169.7135009765625,0.023875627666711807
1775570273900,1.0,0.0,3675.30224609375,169.8549346923828,0.02415335364639759
1775570273920,1.0,0.0,3676.29296875,169.97274780273438,0.02439148910343647
1775570273940,1.0,0.0,3677.426513671875,170.1436309814453,0.02474897913634777
1775570273960,1.0,0.0,3678.561279296875,170.30210876464844,0.02502727136015892
1775570273980,1.0,0.0,3679.413330078125,170.4337615966797,0.025266412645578384
1775570274000,1.0,0.0,3680.265869140625,170.59217834472656,0.025505315512418747
1775570274020,1.0,0.0,3681.26123046875,170.7445831298828,0.025784572586417198
1775570274040,1.0,0.0,3682.114990234375,170.8706512451172,0.026023926213383675
1775570274060,1.0,0.0,3683.112060546875,171.01881408691406,0.0263032466173172
1775570274080,1.0,0.0,3683.967529296875,171.1769256591797,0.02658313326537609
1775570274100,1.0,0.0,3684.96630859375,171.30929565429688,0.026823321357369423
1775570274120,1.0,0.0,3685.822998046875,171.45556640625,0.027063589543104172
1775570274140,1.0,0.0,3686.8232421875,171.60888671875,0.027383767068386078
1775570274160,1.0,0.0,3687.681396484375,171.74288940429688,0.02762489952147007
1775570274180,1.0,0.0,3688.683349609375,171.89764404296875,0.027865774929523468
1775570274200,1.0,0.0,3689.686279296875,172.03773498535156,0.02814691886305809
1775570274220,1.0,0.0,3690.54638671875,172.16152954101562,0.02838805504143238
1775570274240,1.0,0.0,3691.55078125,172.30149841308594,0.02867010235786438
1775570274260,1.0,0.0,3692.412353515625,172.472412109375,0.028951404616236687
1775570274280,1.0,0.0,3693.706298828125,172.60049438476562,0.02927437610924244
1775570274300,1.0,0.0,3694.713623046875,172.7516632080078,0.02951638214290142
1775570274320,1.0,0.0,3695.28955078125,172.895263671875,0.029718149453401566
1775570274340,1.0,0.0,3696.586181640625,173.01280212402344,0.030081724748015404
1775570274360,1.0,0.0,3697.451416015625,173.15061950683594,0.030324578285217285
1775570274380,1.0,0.0,3698.4619140625,173.32058715820312,0.030607471242547035
1775570274400,1.0,0.0,3699.328857421875,173.45059204101562,0.03085099160671234
1775570274420,1.0,0.0,3700.341064453125,173.59698486328125,0.031134987249970436
1775570274440,1.0,0.0,3701.209228515625,173.74490356445312,0.031418878585100174
1775570274460,1.0,0.0,3702.222900390625,173.8787384033203,0.03166245296597481
1775570274480,1.0,0.0,3703.2373046875,174.02874755859375,0.0319465734064579
1775570274500,1.0,0.0,3704.107666015625,174.17587280273438,0.032190952450037
1775570274520,1.0,0.0,3705.1240234375,174.3033905029297,0.032475508749485016
1775570274540,1.0,0.0,3705.995849609375,174.45448303222656,0.03276076540350914
1775570274560,1.0,0.0,3707.013427734375,174.59628295898438,0.033005572855472565
1775570274580,1.0,0.0,3707.886474609375,174.71315002441406,0.033291045576334
1775570274600,1.0,0.0,3708.90576171875,174.85696411132812,0.03353617712855339
1775570274620,1.0,0.0,3709.926025390625,175.00411987304688,0.0338224358856678
1775570274640,1.0,0.0,3710.80126953125,175.13467407226562,0.03406815603375435
1775570274660,1.0,0.0,3712.115478515625,175.28956604003906,0.03443439304828644
1775570274680,1.0,0.0,3712.992431640625,175.41488647460938,0.03472138196229935
1775570274700,1.0,0.0,3714.01611328125,175.54541015625,0.03496871143579483
1775570274720,1.0,0.0,3714.6015625,175.70065307617188,0.035174209624528885
1775570274740,1.0,0.0,3715.919677734375,175.8488311767578,0.035502731800079346
1775570274760,1.0,0.0,3716.94580078125,175.9583740234375,0.03579046204686165
1775570274780,1.0,0.0,3717.825927734375,176.08984375,0.036037128418684006
1775570274800,1.0,0.0,3718.853515625,176.22630310058594,0.03632507845759392
1775570274820,1.0,0.0,3719.735107421875,176.3583984375,0.036613691598176956
1775570274840,1.0,0.0,3720.764404296875,176.5150909423828,0.036861173808574677
1775570274860,1.0,0.0,3721.647216796875,176.6556396484375,0.03714962676167488
1775570274880,1.0,0.0,3722.677978515625,176.75985717773438,0.037397466599941254
1775570274900,1.0,0.0,3723.709228515625,176.89486694335938,0.0376863032579422
1775570274920,1.0,0.0,3724.593994140625,177.03854370117188,0.037934791296720505
1775570274940,1.0,0.0,3725.626953125,177.16546630859375,0.038224369287490845
1775570274960,1.0,0.0,3726.51318359375,177.3138885498047,0.03847266733646393
1775570274980,1.0,0.0,3727.547607421875,177.4339141845703,0.03876260668039322
1775570275000,1.0,0.0,3728.43505859375,177.54672241210938,0.039052728563547134
1775570275020,1.0,0.0,3729.470947265625,177.6954803466797,0.03930150344967842
1775570275040,1.0,0.0,3730.507568359375,177.8461151123047,0.039592400193214417
1775570275060,1.0,0.0,3731.39697265625,177.96600341796875,0.03984195739030838
1775570275080,1.0,0.0,3732.731689453125,178.09573364257812,0.04021599143743515
1775570275100,1.0,0.0,3733.622314453125,178.2244873046875,0.04046596586704254
1775570275120,1.0,0.0,3734.364990234375,178.3415069580078,0.04067402333021164
1775570275140,1.0,0.0,3735.55419921875,178.48158264160156,0.04104916751384735
1775570275160,1.0,0.0,3736.74462890625,178.63137817382812,0.04129964858293533
1775570275180,1.0,0.0,3737.637939453125,178.74928283691406,0.04159153997898102
1775570275200,1.0,0.0,3738.531982421875,178.87831115722656,0.04184223711490631
1775570275220,1.0,0.0,3739.57568359375,179.02938842773438,0.04213496670126915
1775570275240,1.0,0.0,3740.47119140625,179.1536865234375,0.04242781177163124
1775570275260,1.0,0.0,3741.516357421875,179.2899932861328,0.04267897829413414
1775570275280,1.0,0.0,3742.4130859375,179.4207763671875,0.04297265410423279
1775570275300,1.0,0.0,3743.459716796875,179.52578735351562,0.043223775923252106
1775570275320,1.0,0.0,3744.507080078125,179.66387939453125,0.04351736605167389
1775570275340,1.0,0.0,3745.40576171875,179.81813049316406,0.04381158947944641
1775570275360,0.9452999830245972,0.0,3746.454833984375,179.94204711914062,0.04406360536813736
1775570275380,0.8202999830245972,0.0,3747.504638671875,180.0596160888672,0.04435783252120018
1775570275400,0.6718499660491943,0.0,3748.405029296875,180.16830444335938,0.044610194861888885
1775570275420,0.5234500169754028,0.0,3749.4560546875,180.23277282714844,0.04490507394075394
1775570275440,0.3452000021934509,0.0,3750.357177734375,180.27206420898438,0.04519982263445854
1775570275460,0.18250000476837158,0.0,3751.408447265625,180.26649475097656,0.04545264318585396
1775570275480,0.06350001692771912,0.0,3752.309326171875,180.2134246826172,0.04574721306562424
1775570275500,0.0,0.0,3753.3603515625,180.1632843017578,0.045999933034181595
1775570275520,0.0,0.0,3754.410888671875,180.10818481445312,0.04629451408982277
1775570275540,0.0,0.0,3755.31103515625,180.0559844970703,0.04658883810043335
1775570275560,0.0,0.0,3756.361083984375,179.99539184570312,0.04684114456176758
1775570275580,0.0,0.0,3757.41064453125,179.94549560546875,0.04713578522205353
1775570275600,0.047600001096725464,0.0,3758.31005859375,179.90260314941406,0.047430187463760376
1775570275620,0.09920001029968262,0.0,3759.359130859375,179.8423614501953,0.047682616859674454
1775570275640,0.19840002059936523,0.0,3760.40771484375,179.78358459472656,0.04797658696770668
1775570275660,0.3372499942779541,0.0,3761.306396484375,179.7423095703125,0.04822840541601181
1775570275680,0.5077999830245972,0.0,3762.354736328125,179.6852569580078,0.04852236062288284
1775570275700,0.6523500084877014,0.0,3763.252685546875,179.62855529785156,0.04881645366549492
1775570275720,0.7734500169754028,0.0,3764.30029296875,179.7415313720703,0.049068283289670944
1775570275740,0.8867000341415405,0.0,3765.348876953125,180.0545654296875,0.04936225712299347
1775570275760,0.9882999658584595,0.0,3766.24951171875,180.28848266601562,0.04965679347515106
1775570275780,1.0,0.0,3767.301513671875,180.44895935058594,0.049909915775060654
1775570275800,1.0,0.0,3768.354736328125,180.59951782226562,0.05020524561405182
1775570275820,1.0,0.0,3769.25830078125,180.74461364746094,0.05045820027589798
1775570275840,1.0,0.0,3770.614501953125,180.8531036376953,0.05083820968866348
1775570275860,1.0,0.0,3771.670166015625,180.9949493408203,0.051134295761585236
1775570275880,1.0,0.0,3772.273681640625,181.14706420898438,0.05130358412861824
1775570275900,1.0,0.0,3773.633056640625,181.27273559570312,0.051684241741895676
1775570275920,1.0,0.0,3774.388671875,181.41098022460938,0.05189603567123413
1775570275940,1.0,0.0,3775.598388671875,181.54818725585938,0.05227789282798767
1775570275960,1.0,0.0,3776.65771484375,181.65826416015625,0.0525326207280159
1775570275980,1.0,0.0,3777.718017578125,181.80706787109375,0.05282994359731674
1775570276000,1.0,0.0,3778.62744140625,181.9640655517578,0.053084343671798706
1775570276020,1.0,0.0,3779.3857421875,182.08335876464844,0.053297240287065506
1775570276040,1.0,0.0,3780.599853515625,182.22731018066406,0.05368013307452202
1775570276060,1.0,0.0,3781.81494140625,182.36282348632812,0.05393577739596367
1775570276080,1.0,0.0,3782.72705078125,182.47634887695312,0.05423419922590256
1775570276100,1.0,0.0,3783.6396484375,182.61846923828125,0.05449007451534271
1775570276120,1.0,0.0,3784.400634765625,182.75497436523438,0.05470384284853935
1775570276140,1.0,0.0,3785.771240234375,182.88497924804688,0.05508799850940704
1775570276160,1.0,0.0,3786.838623046875,183.02833557128906,0.055344659835100174
1775570276180,1.0,0.0,3787.754150390625,183.16439819335938,0.05564384534955025
1775570276200,1.0,0.0,3788.82275390625,183.2838134765625,0.055943284183740616
1775570276220,1.0,0.0,3789.433837890625,183.4228973388672,0.056114863604307175
1775570276240,1.0,0.0,3790.8095703125,183.56536865234375,0.05650072917342186
1775570276260,1.0,0.0,3791.88037109375,183.68960571289062,0.05680118873715401
1775570276280,1.0,0.0,3792.798828125,183.8103790283203,0.05705846846103668
1775570276300,1.0,0.0,3793.870849609375,183.94960021972656,0.057359728962183
1775570276320,1.0,0.0,3794.48388671875,184.06785583496094,0.05757397040724754
1775570276340,1.0,0.0,3795.8642578125,184.2061767578125,0.05791803076863289
1775570276360,1.0,0.0,3796.93896484375,184.35089111328125,0.05821971222758293
1775570276380,1.0,0.0,3797.861083984375,184.4745330810547,0.05852159857749939
1775570276400,1.0,0.0,3798.9375,184.6152801513672,0.0587797537446022
1775570276420,1.0,0.0,3800.0146484375,184.76385498046875,0.0590820387005806
1775570276440,1.0,0.0,3800.938720703125,184.88406372070312,0.059384483844041824
1775570276460,1.0,0.0,3802.017333984375,185.00906372070312,0.059643540531396866
1775570276480,1.0,0.0,3803.096923828125,185.1373291015625,0.05994635820388794
1775570276500,1.0,0.0,3804.022705078125,185.2713165283203,0.060249269008636475
1775570276520,1.0,0.0,3805.103759765625,185.4136962890625,0.060509104281663895
1775570276540,1.0,0.0,3806.185546875,185.5428009033203,0.06081235781311989
1775570276560,1.0,0.0,3807.113525390625,185.65597534179688,0.06111571565270424
1775570276580,1.0,0.0,3808.19677734375,185.79833984375,0.06137637421488762
1775570276600,1.0,0.0,3809.28076171875,185.9355010986328,0.061680424958467484
1775570276620,1.0,0.0,3809.900634765625,186.04783630371094,0.061897583305835724
1775570276640,1.0,0.0,3811.29638671875,186.1893310546875,0.06228887662291527
1775570276660,1.0,0.0,3812.538330078125,186.32855224609375,0.06254962831735611
1775570276680,1.0,0.0,3813.47021484375,186.43649291992188,0.06285468488931656
1775570276700,1.0,0.0,3814.402587890625,186.57325744628906,0.06311618536710739
1775570276720,1.0,0.0,3815.179931640625,186.70785522460938,0.0633339211344719
1775570276740,1.0,0.0,3816.580322265625,186.81036376953125,0.06372656673192978
1775570276760,1.0,0.0,3817.67041015625,186.95042419433594,0.064032182097435
1775570276780,1.0,0.0,3818.293701171875,187.0901336669922,0.06420719623565674
1775570276800,1.0,0.0,3819.697265625,187.2074432373047,0.06460035592317581
1775570276820,1.0,0.0,3820.3212890625,187.3455047607422,0.06477511674165726
1775570276840,1.0,0.0,3821.7265625,187.4764404296875,0.0651695728302002
1775570276860,1.0,0.0,3822.8203125,187.5878143310547,0.06547591835260391
1775570276880,1.0,0.0,3823.9150390625,187.71737670898438,0.06578274071216583
1775570276900,1.0,0.0,3824.85400390625,187.8463134765625,0.06604619324207306
1775570276920,1.0,0.0,3825.63671875,187.9581756591797,0.06626575440168381
1775570276940,1.0,0.0,3826.7333984375,188.11045837402344,0.06657297909259796
1775570276960,1.0,0.0,3827.674072265625,188.24119567871094,0.06688076257705688
1775570276980,1.0,0.0,3828.77197265625,188.3507843017578,0.06718830019235611
1775570277000,1.0,0.0,3829.87060546875,188.48123168945312,0.06745240837335587
1775570277020,1.0,0.0,3830.813232421875,188.6117401123047,0.06776067614555359
1775570277040,1.0,0.0,3831.91357421875,188.7245635986328,0.06802534312009811
1775570277060,1.0,0.0,3833.0146484375,188.85040283203125,0.06833423674106598
1775570277080,1.0,0.0,3834.116455078125,188.9947967529297,0.06864278763532639
1775570277100,1.0,0.0,3835.061767578125,189.11390686035156,0.06895194947719574
1775570277120,1.0,0.0,3836.1650390625,189.23536682128906,0.06921754032373428
1775570277140,1.0,0.0,3837.26904296875,189.3615264892578,0.06957081705331802
1775570277160,1.0,0.0,3838.216064453125,189.47384643554688,0.06983629614114761
1775570277180,1.0,0.0,3839.4794921875,189.60382080078125,0.0701022818684578
1775570277200,1.0,0.0,3840.427734375,189.7405242919922,0.07041212916374207
1775570277220,1.0,0.0,3841.53466796875,189.85414123535156,0.07072246819734573
1775570277240,1.0,0.0,3842.48388671875,189.98092651367188,0.0710330605506897
1775570277260,1.0,0.0,3843.592041015625,190.11512756347656,0.07129942625761032
1775570277280,1.0,0.0,3844.701171875,190.2305908203125,0.07161109149456024
1775570277300,1.0,0.0,3845.810791015625,190.34771728515625,0.07192160934209824
1775570277320,1.0,0.0,3846.7626953125,190.47682189941406,0.07223311811685562
1775570277340,1.0,0.0,3847.8740234375,190.5944061279297,0.07254469394683838
1775570277360,1.0,0.0,3848.986083984375,190.73728942871094,0.07281029969453812
1775570277380,1.0,0.0,3850.098876953125,190.8605499267578,0.07312227040529251
1775570277400,1.0,0.0,3851.05322265625,190.9649658203125,0.07343617081642151
1775570277420,1.0,0.0,3851.848876953125,191.0968780517578,0.07361453771591187
1775570277440,1.0,0.0,3853.2822265625,191.2236328125,0.07401658594608307
1775570277460,1.0,0.0,3854.397705078125,191.32852172851562,0.07432958483695984
1775570277480,1.0,0.0,3855.035400390625,191.45738220214844,0.07450813800096512
1775570277500,1.0,0.0,3856.63134765625,191.59429931640625,0.07491105049848557
1775570277520,1.0,0.0,3857.27001953125,191.7100067138672,0.07513502985239029
1775570277540,1.0,0.0,3858.388427734375,191.83106994628906,0.07540358603000641
1775570277560,1.0,0.0,3859.34765625,191.95941162109375,0.07576249539852142
1775570277580,1.0,0.0,3860.78759765625,192.07212829589844,0.07612121105194092
1775570277600,1.0,0.0,3861.588134765625,192.20042419433594,0.07634606957435608
1775570277620,1.0,0.0,3862.549072265625,192.32794189453125,0.07666020840406418
1775570277640,1.0,0.0,3863.6708984375,192.4267578125,0.07692985236644745
1775570277660,1.0,0.0,3864.793212890625,192.54150390625,0.07724503427743912
1775570277680,1.0,0.0,3865.755859375,192.6796112060547,0.07755991816520691
1775570277700,1.0,0.0,3866.8798828125,192.79290771484375,0.07782985270023346
1775570277720,1.0,0.0,3868.004638671875,192.9270782470703,0.07814579457044601
1775570277740,1.0,0.0,3869.130126953125,193.04690551757812,0.07846152037382126
1775570277760,1.0,0.0,3870.095458984375,193.14259338378906,0.07873187959194183
1775570277780,1.0,0.0,3871.22216796875,193.2677001953125,0.07904787361621857
1775570277800,1.0,0.0,3872.349609375,193.39862060546875,0.07936429977416992
1775570277820,1.0,0.0,3873.316650390625,193.5072479248047,0.07963530719280243
1775570277840,1.0,0.0,3874.445556640625,193.6409149169922,0.07995236665010452
1775570277860,1.0,0.0,3875.575439453125,193.77220153808594,0.08026906847953796
1775570277880,1.0,0.0,3876.54443359375,193.88436889648438,0.08054076880216599
1775570277900,1.0,0.0,3877.675537109375,194.00511169433594,0.08085821568965912
1775570277920,1.0,0.0,3878.645263671875,194.11282348632812,0.08117537200450897
1775570277940,1.0,0.0,3879.77734375,194.23529052734375,0.08144780993461609
1775570277960,1.0,0.0,3880.91064453125,194.36581420898438,0.08176559209823608
1775570277980,1.0,0.0,3882.20654296875,194.4842987060547,0.08212914317846298
1775570278000,1.0,0.0,3883.34130859375,194.583984375,0.08244746923446655
1775570278020,1.0,0.0,3883.989990234375,194.71665954589844,0.08262952417135239
1775570278040,1.0,0.0,3885.45068359375,194.83880615234375,0.08303948491811752
1775570278060,1.0,0.0,3886.58740234375,194.94931030273438,0.0833585113286972
1775570278080,1.0,0.0,3887.562255859375,195.0692596435547,0.08363182842731476
1775570278100,1.0,0.0,3888.700439453125,195.19061279296875,0.08395107835531235
1775570278120,1.0,0.0,3889.676513671875,195.29891967773438,0.08422497659921646
1775570278140,1.0,0.0,3890.815673828125,195.42333984375,0.08454468846321106
1775570278160,1.0,0.0,3891.792724609375,195.53875732421875,0.08481903374195099
1775570278180,1.0,0.0,3892.933349609375,195.6404571533203,0.08513880521059036
1775570278200,1.0,0.0,3893.91162109375,195.76707458496094,0.08545945584774017
1775570278220,1.0,0.0,3895.0537109375,195.89208984375,0.08573351055383682
1775570278240,1.0,0.0,3896.032958984375,195.99244689941406,0.08605454862117767
1775570278260,1.0,0.0,3897.176025390625,196.08934020996094,0.08632934838533401
1775570278280,1.0,0.0,3898.156494140625,196.22296142578125,0.08665035665035248
1775570278300,1.0,0.0,3899.62841796875,196.3370819091797,0.08701741695404053
1775570278320,1.0,0.0,3900.446533203125,196.457763671875,0.08724713325500488
1775570278340,1.0,0.0,3901.75634765625,196.58346557617188,0.087614506483078
1775570278360,1.0,0.0,3902.9033203125,196.68603515625,0.08793596923351288
1775570278379,1.0,0.0,3903.886962890625,196.8190155029297,0.08821240812540054
1775570278400,1.0,0.0,3905.035400390625,196.93292236328125,0.08853409439325333
1775570278420,1.0,0.0,3906.02001953125,197.03138732910156,0.08885642141103745
1775570278440,1.0,0.0,3907.169189453125,197.1513214111328,0.08913320302963257
1775570278460,1.0,0.0,3908.155029296875,197.27755737304688,0.08945532143115997
1775570278480,1.0,0.0,3909.305908203125,197.3856964111328,0.08973237872123718
1775570278500,1.0,0.0,3910.45751953125,197.49839782714844,0.09005500376224518
1775570278520,1.0,0.0,3911.445068359375,197.62098693847656,0.09033212065696716
1775570278540,1.0,0.0,3912.597900390625,197.71713256835938,0.09070151299238205
1775570278560,1.0,0.0,3913.58642578125,197.84402465820312,0.09093288332223892
1775570278580,1.0,0.0,3914.740478515625,197.9610137939453,0.09125757217407227
1775570278600,1.0,0.0,3915.730224609375,198.0529327392578,0.09158111363649368
1775570278620,1.0,0.0,3916.8857421875,198.18116760253906,0.09185791015625
1775570278640,1.0,0.0,3918.0419921875,198.30213928222656,0.09218212962150574
1775570278660,1.0,0.0,3919.03369140625,198.40679931640625,0.09245975315570831
1775570278680,1.0,0.0,3920.52197265625,198.51654052734375,0.09287755191326141
1775570278700,1.0,0.0,3921.5146484375,198.6318359375,0.09315603971481323
1775570278720,1.0,0.0,3922.34228515625,198.72740173339844,0.09338783472776413
1775570278740,1.0,0.0,3923.66748046875,198.8486328125,0.09380556643009186
1775570278760,1.0,0.0,3924.993408203125,198.96791076660156,0.09408432245254517
1775570278780,1.0,0.0,3925.988525390625,199.0701141357422,0.09441030025482178
1775570278800,1.0,0.0,3926.984130859375,199.177490234375,0.0946892723441124
1775570278820,1.0,0.0,3928.146240234375,199.29197692871094,0.09501487761735916
1775570278840,1.0,0.0,3929.142822265625,199.38755798339844,0.09534121304750443
1775570278860,1.0,0.0,3930.306396484375,199.5142059326172,0.09562046825885773
1775570278880,1.0,0.0,3931.303955078125,199.63478088378906,0.0959470346570015
1775570278900,1.0,0.0,3932.468505859375,199.725830078125,0.09622695297002792
1775570278920,1.0,0.0,3933.633544921875,199.8396759033203,0.09650668501853943
1775570278940,1.0,0.0,3934.632568359375,199.93260192871094,0.09688068926334381
1775570278960,1.0,0.0,3935.63232421875,200.02793884277344,0.09716107696294785
1775570278980,1.0,0.0,3936.966064453125,200.1570281982422,0.09744174033403397
1775570279000,1.0,0.0,3937.967041015625,200.28509521484375,0.09776903688907623
1775570279020,1.0,0.0,3938.96875,200.3904266357422,0.09809637069702148
1775570279040,1.0,0.0,3940.1376953125,200.49652099609375,0.09837764501571655
1775570279060,1.0,0.0,3941.30712890625,200.600830078125,0.0987052321434021
1775570279080,1.0,0.0,3942.31005859375,200.68527221679688,0.09903339296579361
1775570279100,1.0,0.0,3943.480712890625,200.8142852783203,0.09931469708681107
1775570279120,1.0,0.0,3944.48486328125,200.93995666503906,0.09964340180158615
1775570279140,1.0,0.0,3945.656982421875,201.03289794921875,0.09992488473653793
1775570279160,1.0,0.0,3947.164794921875,201.13877868652344,0.10034799575805664
1775570279180,1.0,0.0,3948.17041015625,201.2547149658203,0.10062938928604126
1775570279200,1.0,0.0,3949.344482421875,201.35601806640625,0.10095909982919693
1775570279220,1.0,0.0,3950.015869140625,201.4755401611328,0.10114692896604538
1775570279240,1.0,0.0,3951.527099609375,201.5845947265625,0.10157086700201035
1775570279260,1.0,0.0,3952.534912109375,201.67947387695312,0.10190056264400482
1775570279280,1.0,0.0,3953.71142578125,201.79454040527344,0.10218330472707748
1775570279300,1.0,0.0,3954.888671875,201.90719604492188,0.10251346975564957
1775570279320,1.0,0.0,3955.898193359375,202.00091552734375,0.1027960255742073
1775570279340,1.0,0.0,3957.07666015625,202.1105194091797,0.10312683880329132
1775570279360,1.0,0.0,3958.087158203125,202.22450256347656,0.10345831513404846
1775570279380,1.0,0.0,3959.266845703125,202.32537841796875,0.1037420704960823
1775570279400,1.0,0.0,3960.2783203125,202.43563842773438,0.10407200455665588
1775570279420,1.0,0.0,3961.459228515625,202.5437774658203,0.10435555130243301
1775570279440,1.0,0.0,3962.640869140625,202.65126037597656,0.10468675941228867
1775570279460,1.0,0.0,3963.654296875,202.76861572265625,0.1049710065126419
1775570279480,1.0,0.0,3964.837158203125,202.87567138671875,0.10530317574739456
1775570279500,1.0,0.0,3965.8515625,202.96783447265625,0.10558728128671646
1775570279520,1.0,0.0,3967.035400390625,203.072265625,0.10591908544301987
1775570279540,1.0,0.0,3968.05078125,203.18824768066406,0.10625118017196655
1775570279560,1.0,0.0,3969.23583984375,203.2907257080078,0.106536366045475
1775570279580,1.0,0.0,3970.7607421875,203.4021453857422,0.10696394741535187
1775570279600,1.0,0.0,3971.778076171875,203.5100860595703,0.10724929720163345
1775570279620,1.0,0.0,3972.6259765625,203.60812377929688,0.10748721659183502
1775570279640,1.0,0.0,3973.9833984375,203.713623046875,0.10786765068769455
1775570279660,1.0,0.0,3975.171630859375,203.82933044433594,0.10820073634386063
1775570279680,1.0,0.0,3976.190673828125,203.921875,0.1084863618016243
1775570279700,1.0,0.0,3977.380126953125,204.0211181640625,0.1088201254606247
1775570279720,1.0,0.0,3978.400390625,204.13290405273438,0.10910622030496597
1775570279740,1.0,0.0,3979.59130859375,204.24021911621094,0.10944029688835144
1775570279760,1.0,0.0,3980.61279296875,204.35162353515625,0.10977465659379959
1775570279780,1.0,0.0,3981.80517578125,204.46141052246094,0.11006107181310654
1775570279800,1.0,0.0,3982.82763671875,204.5407257080078,0.1103951632976532
1775570279820,1.0,0.0,3984.02099609375,204.65716552734375,0.1106819212436676
1775570279840,1.0,0.0,3985.55615234375,204.76828002929688,0.11111237108707428
1775570279860,1.0,0.0,3986.580078125,204.85276794433594,0.11139967292547226
1775570279880,1.0,0.0,3987.775146484375,204.95697021484375,0.11173447221517563
1775570279900,1.0,0.0,3988.80029296875,205.0619659423828,0.1120217964053154
1775570279920,1.0,0.0,3989.996826171875,205.16165161132812,0.11235756427049637
1775570279940,1.0,0.0,3991.02294921875,205.2750244140625,0.11264534294605255
1775570279960,1.0,0.0,3992.04931640625,205.37193298339844,0.11298073828220367
1775570279980,1.0,0.0,3993.247314453125,205.4630126953125,0.11326868087053299
1775570280000,1.0,0.0,3994.274658203125,205.5630645751953,0.11360470950603485
1775570280020,1.0,0.0,3995.473876953125,205.6709442138672,0.1138928085565567
1775570280040,1.0,0.0,3996.502197265625,205.75901794433594,0.11418125033378601
1775570280060,1.0,0.0,3997.702392578125,205.86550903320312,0.11451753228902817
1775570280080,1.0,0.0,3999.074951171875,205.97413635253906,0.11490335315465927
1775570280100,1.0,0.0,4000.2763671875,206.07289123535156,0.11523997038602829
1775570280120,1.0,0.0,4001.306884765625,206.1690673828125,0.11552923172712326
1775570280140,1.0,0.0,4002.509765625,206.27394104003906,0.11586547642946243
1775570280160,1.0,0.0,4003.541015625,206.36996459960938,0.11615476757287979
1775570280180,1.0,0.0,4004.7451171875,206.4837188720703,0.11649241298437119
1775570280200,1.0,0.0,4005.777587890625,206.5930633544922,0.11678151041269302
1775570280220,1.0,0.0,4006.810302734375,206.6631622314453,0.1171194314956665
1775570280240,1.0,0.0,4008.015869140625,206.75938415527344,0.11740925908088684
1775570280260,1.0,0.0,4009.56689453125,206.87478637695312,0.11779562383890152
1775570280280,1.0,0.0,4010.6015625,206.9788360595703,0.11813391000032425
1775570280300,1.0,0.0,4011.63671875,207.09153747558594,0.11842456459999084
1775570280320,1.0,0.0,4012.844970703125,207.19337463378906,0.11876322329044342
1775570280340,1.0,0.0,4013.881103515625,207.27825927734375,0.11910183727741241
1775570280360,1.0,0.0,4015.090576171875,207.38482666015625,0.11939208954572678
1775570280380,1.0,0.0,4016.127685546875,207.49734497070312,0.11973170191049576
1775570280400,1.0,0.0,4017.338134765625,207.590576171875,0.12002238631248474
1775570280420,1.0,0.0,4018.376220703125,207.6859588623047,0.12031291425228119
1775570280440,1.0,0.0,4019.587890625,207.7859344482422,0.12065254896879196
1775570280460,1.0,0.0,4020.62646484375,207.87564086914062,0.1209442988038063
1775570280480,1.0,0.0,4021.839111328125,207.97998046875,0.12128407508134842
1775570280500,1.0,0.0,4022.879150390625,208.0872344970703,0.12157575786113739
1775570280520,1.0,0.0,4024.093017578125,208.18408203125,0.12191583961248398
1775570280540,1.0,0.0,4025.48095703125,208.2904052734375,0.12235309183597565
1775570280560,1.0,0.0,4026.86962890625,208.38763427734375,0.12264593690633774
1775570280580,1.0,0.0,4027.911376953125,208.468994140625,0.12298642843961716
1775570280600,1.0,0.0,4028.95361328125,208.54881286621094,0.12327878177165985
1775570280620,1.0,0.0,4029.822265625,208.65138244628906,0.12352211028337479
1775570280640,1.0,0.0,4031.386962890625,208.7630615234375,0.1239609569311142
1775570280660,1.0,0.0,4032.43115234375,208.8756103515625,0.124254010617733
1775570280680,1.0,0.0,4033.650146484375,208.98451232910156,0.12459542602300644
1775570280700,1.0,0.0,4034.6953125,209.08209228515625,0.12493707984685898
1775570280720,1.0,0.0,4035.91552734375,209.20176696777344,0.1252308040857315
1775570280740,1.0,0.0,4036.9619140625,209.292724609375,0.1255742460489273
1775570280760,1.0,0.0,4038.182861328125,209.364990234375,0.1258670836687088
1775570280780,1.0,0.0,4039.404296875,209.4641571044922,0.1262080818414688
1775570280800,1.0,0.0,4040.45166015625,209.5762939453125,0.12655137479305267
1775570280820,1.0,0.0,4041.67431640625,209.6685028076172,0.12684541940689087
1775570280840,1.0,0.0,4042.8974609375,209.76731872558594,0.12718825042247772
1775570280860,1.0,0.0,4043.9462890625,209.8583526611328,0.1275317370891571
1775570280880,1.0,0.0,4045.170654296875,209.95225524902344,0.12782640755176544
1775570280900,1.0,0.0,4046.395751953125,210.05642700195312,0.12816974520683289
1775570280920,1.0,0.0,4047.446044921875,210.15895080566406,0.12851345539093018
1775570280940,1.0,0.0,4048.672119140625,210.2373504638672,0.1288079023361206
1775570280960,1.0,0.0,4049.8984375,210.31617736816406,0.1291518658399582
1775570280980,1.0,0.0,4051.12548828125,210.3994140625,0.12949572503566742
1775570281000,1.0,0.0,4052.177490234375,210.48825073242188,0.1298397034406662
1775570281020,1.0,0.0,4053.4052734375,210.5927734375,0.13013555109500885
1775570281040,1.0,0.0,4054.6337890625,210.69883728027344,0.1304796189069748
1775570281060,1.0,0.0,4055.86279296875,210.78347778320312,0.13082417845726013
1775570281080,1.0,0.0,4056.916748046875,210.88136291503906,0.13116861879825592
1775570281100,1.0,0.0,4058.14697265625,210.9780731201172,0.13146401941776276
1775570281120,1.0,0.0,4059.02587890625,211.04574584960938,0.13171018660068512
1775570281140,1.0,0.0,4060.60888671875,211.1462860107422,0.13215407729148865
1775570281160,1.0,0.0,4061.3125,211.24307250976562,0.1324007362127304
1775570281180,1.0,0.0,4062.544677734375,211.33404541015625,0.13269630074501038
1775570281200,1.0,0.0,4063.777587890625,211.43019104003906,0.13304173946380615
1775570281220,1.0,0.0,4065.010986328125,211.5147247314453,0.13338731229305267
1775570281240,1.0,0.0,4066.244873046875,211.59181213378906,0.1337331086397171
1775570281260,1.0,0.0,4067.302978515625,211.69883728027344,0.13407832384109497
1775570281280,1.0,0.0,4068.538330078125,211.7960968017578,0.13442447781562805
1775570281300,1.0,0.0,4069.77392578125,211.86599731445312,0.13477003574371338
1775570281320,1.0,0.0,4070.656494140625,211.94500732421875,0.13496771454811096
1775570281340,1.0,0.0,4072.245849609375,212.01182556152344,0.1354622095823288
1775570281360,1.0,0.0,4073.12939453125,212.0888671875,0.1356608122587204
1775570281380,1.0,0.0,4074.366943359375,212.1932373046875,0.1360069066286087
1775570281400,1.0,0.0,4075.605224609375,212.2952423095703,0.13635478913784027
1775570281420,0.90625,0.0,4076.84375,212.36862182617188,0.136701300740242
1775570281440,0.6523500084877014,0.0,4078.082763671875,212.4180450439453,0.13704657554626465
1775570281460,0.29360002279281616,0.0,4079.32177734375,212.44342041015625,0.1373933106660843
1775570281480,0.0,0.0,4080.560791015625,212.42515563964844,0.13773958384990692
1775570281500,0.0,0.0,4081.445556640625,212.34530639648438,0.13798828423023224
1775570281520,0.0,0.0,4082.68359375,212.244384765625,0.13833431899547577
1775570281540,0.0,0.0,4083.921142578125,212.1528778076172,0.13873068988323212
1775570281560,0.0,0.0,4085.157958984375,212.05088806152344,0.13902796804904938
1775570281580,0.0,0.0,4086.39404296875,211.94546508789062,0.139373779296875
1775570281600,0.0,0.0,4087.276611328125,211.85015869140625,0.13962030410766602
1775570281620,0.0,0.028219660744071007,4088.51171875,211.72702026367188,0.13996699452400208
1775570281640,0.0,0.5013568997383118,4089.746337890625,211.5498809814453,0.14036230742931366
1775570281660,0.0,1.0,4090.979736328125,211.14781188964844,0.14070764183998108
1775570281680,0.0,1.0,4092.20947265625,210.48387145996094,0.1410520076751709
1775570281700,0.0,1.0,4093.08544921875,209.79750061035156,0.1412486582994461
1775570281720,0.0,1.0,4094.307861328125,209.18215942382812,0.14164027571678162
1775570281740,0.0,1.0,4095.52587890625,208.47560119628906,0.14198189973831177
1775570281760,0.0,1.0,4096.73974609375,207.71664428710938,0.14232154190540314
1775570281780,0.0,1.0,4098.12158203125,207.06475830078125,0.14266060292720795
1775570281800,0.0,1.0,4099.326171875,206.31175231933594,0.14299850165843964
1775570281820,0.0,1.0,4100.0126953125,205.55052185058594,0.1432390660047531
1775570281840,0.0,1.0,4101.21044921875,204.8781280517578,0.14352674782276154
1775570281860,0.0,1.0,4102.4033203125,204.1237030029297,0.14386194944381714
1775570281880,0.0,1.0,4103.5927734375,203.38755798339844,0.14419467747211456
1775570281900,0.0,1.0,4104.77783203125,202.7172088623047,0.14452823996543884
1775570281920,0.0,1.0,4105.95849609375,201.90399169921875,0.14485865831375122
1775570281940,0.0,1.0,4107.13427734375,201.0440673828125,0.14518682658672333
1775570281960,0.0,1.0,4108.3056640625,200.27310180664062,0.14551565051078796
1775570281980,0.0,1.0,4109.47119140625,199.31686401367188,0.14584214985370636
1775570282000,0.0,1.0,4110.134765625,198.41864013671875,0.14602740108966827
1775570282020,0.0,1.0,4111.2919921875,197.63526916503906,0.14635160565376282
1775570282040,0.0,1.0,4112.44384765625,196.69236755371094,0.14667406678199768
1775570282060,0.0,1.0,4113.59033203125,195.78587341308594,0.14699618518352509
1775570282080,0.0,1.0,4114.7314453125,194.9872589111328,0.14731571078300476
1775570282100,0.0,1.0,4115.86767578125,194.11114501953125,0.1476334035396576
1775570282120,0.0,1.0,4116.83740234375,193.27540588378906,0.14794975519180298
1775570282140,0.0,1.0,4117.9638671875,192.54420471191406,0.1482657790184021
1775570282160,0.0,1.0,4119.0859375,191.77801513671875,0.14857985079288483
1775570282180,0.0,1.0,4120.20361328125,191.02017211914062,0.14884720742702484
1775570282200,0.0,1.0,4121.31640625,190.38253784179688,0.14915874600410461
1775570282220,0.0,1.0,4122.10888671875,189.68942260742188,0.14938139915466309
1775570282240,0.0,1.0,4123.05712890625,188.99485778808594,0.14969205856323242
1775570282260,0.0,1.0,4124.15966796875,188.4332733154297,0.15000088512897491
1775570282280,0.0,1.0,4125.25830078125,187.70655822753906,0.15026378631591797
1775570282300,0.0,1.0,4126.3525390625,186.9108428955078,0.15057018399238586
1775570282320,0.0,1.0,4127.4423828125,186.22811889648438,0.15087510645389557
1775570282340,0.0,1.0,4128.52734375,185.4249725341797,0.1511792242527008
1775570282360,0.0,1.0,4129.45361328125,184.66046142578125,0.151481032371521
1775570282380,0.0,1.0,4130.5302734375,184.02325439453125,0.15173925459384918
1775570282400,0.0,1.0,4131.60205078125,183.2679443359375,0.15203970670700073
1775570282420,0.0,1.0,4132.66943359375,182.4945526123047,0.15233854949474335
1775570282440,0.0,1.0,4133.58056640625,181.81309509277344,0.15263617038726807
1775570282460,0.0,1.0,4134.79052734375,180.9574737548828,0.1529327630996704
1775570282480,0.0,1.0,4135.69384765625,180.0934600830078,0.15318547189235687
1775570282500,0.0,1.0,4136.7431640625,179.31100463867188,0.15347875654697418
1775570282520,0.0,1.0,4137.34033203125,178.40457153320312,0.1536877304315567
1775570282540,0.0,1.0,4138.380859375,177.53042602539062,0.15398041903972626
1775570282560,0.0,1.0,4139.41650390625,176.71775817871094,0.15422827005386353
1775570282580,0.0,1.0,4140.44677734375,175.79031372070312,0.1545160561800003
1775570282600,0.0,1.0,4141.4716796875,174.84007263183594,0.1548028141260147
1775570282620,0.0,1.0,4142.34619140625,174.04092407226562,0.15508794784545898
1775570282640,0.0,1.0,4143.3603515625,173.13473510742188,0.1553308665752411
1775570282660,0.0,1.0,4144.3701171875,172.2779998779297,0.1556132435798645
1775570282680,0.0,1.0,4145.37451171875,171.5761260986328,0.1558951586484909
1775570282700,0.0,1.0,4146.2314453125,170.8147735595703,0.15617479383945465
1775570282720,0.0,1.0,4147.2275390625,170.0421905517578,0.15641337633132935
1775570282740,0.0,1.0,4148.21875,169.35977172851562,0.15669134259223938
1775570282760,0.0,1.0,4149.20556640625,168.6102294921875,0.15696805715560913
1775570282780,0.0,1.0,4150.0478515625,167.81716918945312,0.1572040617465973
1775570282800,0.0,1.0,4151.0263671875,167.1127471923828,0.15747766196727753
1775570282820,0.0,1.0,4151.861328125,166.37115478515625,0.15771067142486572
1775570282840,0.0,1.0,4152.8310546875,165.61373901367188,0.1580214500427246
1775570282860,0.0,1.0,4153.658203125,164.9559326171875,0.1582522839307785
1775570282880,0.0,1.0,4154.75634765625,164.21290588378906,0.1584833860397339
1775570282900,0.0,1.0,4155.576171875,163.49632263183594,0.15875126421451569
1775570282920,0.0,1.0,4156.392578125,162.84539794921875,0.15901809930801392
1775570282940,0.0,1.0,4157.34130859375,162.0376739501953,0.15928392112255096
1775570282960,0.0,1.0,4158.28515625,161.21493530273438,0.1595102846622467
1775570282980,0.0,1.0,4159.0908203125,160.49339294433594,0.1597740203142166
1775570283000,0.0,1.0,4160.02587890625,159.645263671875,0.1599988341331482
1775570283020,0.0,1.0,4160.9560546875,158.76783752441406,0.160258948802948
1775570283040,0.0,1.0,4161.74951171875,158.040283203125,0.16048143804073334
1775570283060,0.0,1.0,4162.67041015625,157.2370147705078,0.1607397496700287
1775570283080,0.0,1.0,4163.58642578125,156.4483642578125,0.16099590063095093
1775570283100,0.0,1.0,4164.3681640625,155.76914978027344,0.16121584177017212
1775570283120,0.0,1.0,4165.27587890625,154.94921875,0.16146980226039886
1775570283140,0.0,1.0,4166.17919921875,154.1304473876953,0.1617223024368286
1775570283160,0.0,1.0,4166.94970703125,153.41029357910156,0.16193751990795135
1775570283180,0.0,1.0,4167.84375,152.5487060546875,0.16218791902065277
1775570283200,0.0,1.0,4168.6064453125,151.7180938720703,0.16243648529052734
1775570283220,0.0,1.0,4169.49169921875,151.01951599121094,0.16264910995960236
1775570283240,0.0,1.0,4170.3720703125,150.18980407714844,0.1628950536251068
1775570283260,0.0,1.0,4171.123046875,149.3292236328125,0.16314080357551575
1775570283280,0.0,1.0,4171.99462890625,148.5911102294922,0.16335026919841766
1775570283300,0.0,1.0,4172.86083984375,147.76417541503906,0.16359297931194305
1775570283320,0.0,1.0,4173.59912109375,146.93417358398438,0.1638343334197998
1775570283340,0.0,1.0,4174.45654296875,146.24212646484375,0.16403880715370178
1775570283360,0.0,1.0,4175.30908203125,145.44186401367188,0.16427713632583618
1775570283380,0.0,1.0,4176.03564453125,144.65020751953125,0.16451476514339447
1775570283400,0.0,1.0,4176.87939453125,144.0087890625,0.16471724212169647
1775570283420,0.0,1.0,4177.71826171875,143.2957763671875,0.16495199501514435
1775570283440,0.0,1.0,4178.43408203125,142.63160705566406,0.16518601775169373
1775570283460,0.0,1.0,4179.5029296875,142.02825927734375,0.165451779961586
1775570283480,0.0,1.0,4180.09326171875,141.27169799804688,0.16561688482761383
1775570283500,0.0,1.0,4181.03369140625,140.52005004882812,0.16588066518306732
1775570283520,0.0,1.0,4181.61865234375,139.85751342773438,0.16604426503181458
1775570283540,0.0,1.0,4182.43359375,138.9941864013672,0.16627267003059387
1775570283560,0.0,1.0,4183.4736328125,138.07350158691406,0.16656410694122314
1775570283580,0.0,1.0,4183.93310546875,137.25181579589844,0.16669349372386932
1775570283600,0.0,1.0,4184.73291015625,136.30213928222656,0.16691815853118896
1775570283620,0.0,1.0,4185.4140625,135.3602294921875,0.16714027523994446
1775570283640,0.0,1.0,4186.20361328125,134.55213928222656,0.1673298478126526
1775570283660,0.0,1.0,4186.98779296875,133.68699645996094,0.16754886507987976
1775570283680,0.0,1.0,4187.65576171875,132.80625915527344,0.1677677184343338
1775570283700,0.0,1.0,4188.43017578125,132.07391357421875,0.16795295476913452
1775570283720,0.0,1.0,4189.19970703125,131.2843780517578,0.16816926002502441
1775570283740,0.0,1.0,4189.96533203125,130.52685546875,0.16838495433330536
1775570283760,0.0,1.0,4190.61767578125,129.9145050048828,0.16856931149959564
1775570283780,0.0,1.0,4191.375,129.19309997558594,0.16878138482570648
1775570283800,0.0,1.0,4192.12841796875,128.49729919433594,0.1689930409193039
1775570283820,0.0,1.0,4192.77099609375,127.92350769042969,0.16920273005962372
1775570283840,0.0,1.0,4193.5166015625,127.21588134765625,0.1693836748600006
1775570283860,0.0,1.0,4194.25830078125,126.47099304199219,0.1695929616689682
1775570283880,0.0,1.0,4194.9951171875,125.87682342529297,0.16980063915252686
1775570283900,0.0,1.0,4195.62353515625,125.18797302246094,0.17000822722911835
1775570283920,0.0,1.0,4196.35302734375,124.42292022705078,0.1701832115650177
1775570283940,0.0,1.0,4197.07763671875,123.73641204833984,0.1703888326883316
1775570283960,0.0,1.0,4197.7978515625,122.9833984375,0.17059214413166046
1775570283980,0.0,1.0,4198.41162109375,122.1724853515625,0.17079496383666992
1775570284000,0.0,1.0,4199.123046875,121.4545669555664,0.1709960401058197
1775570284020,0.0,1.0,4199.62841796875,120.6409912109375,0.17111040651798248
1775570284040,0.0,1.0,4200.33203125,119.80035400390625,0.17131055891513824
1775570284060,0.0,1.0,4201.03076171875,119.07499694824219,0.17150917649269104
1775570284080,0.0,1.0,4201.724609375,118.240478515625,0.17170779407024384
1775570284100,0.0,1.0,4202.41357421875,117.4579086303711,0.1719057708978653
1775570284120,0.0,1.0,4203.09814453125,116.8134765625,0.17210131883621216
1775570284140,0.0,1.0,4203.7783203125,116.00849151611328,0.17229697108268738
1775570284160,0.0,1.0,4204.5498046875,115.28736877441406,0.17249241471290588
1775570284180,0.0,1.0,4204.837890625,114.66912078857422,0.17263242602348328
1775570284200,0.0,1.0,4205.60205078125,113.93262481689453,0.17282789945602417
1775570284220,0.0,1.0,4206.26611328125,113.16192626953125,0.1730221062898636
1775570284240,0.0,1.0,4206.92578125,112.5319595336914,0.17321573197841644
1775570284260,0.0,1.0,4207.67431640625,111.81542205810547,0.17343485355377197
1775570284280,0.0,1.0,4208.046875,111.04107666015625,0.17354470491409302
1775570284300,0.0,1.0,4208.69482421875,110.36011505126953,0.17376360297203064
1775570284320,0.0,1.0,4209.33837890625,109.56766510009766,0.1739523708820343
1775570284340,0.0,1.0,4210.06787109375,108.7403564453125,0.1741393655538559
1775570284360,0.0,1.0,4210.5205078125,108.08815002441406,0.1742723286151886
1775570284380,0.0,1.0,4211.15087890625,107.28484344482422,0.17445775866508484
1775570284400,0.0,1.0,4211.7763671875,106.47250366210938,0.17464350163936615
1775570284420,0.0,1.0,4212.39697265625,105.83631896972656,0.1748250424861908
1775570284440,0.0,1.0,4213.01318359375,105.03515625,0.17503058910369873
1775570284460,0.0,1.0,4213.45068359375,104.31157684326172,0.1751595437526703
1775570284480,0.0,1.0,4214.05908203125,103.68852996826172,0.17533951997756958
1775570284500,0.0,1.0,4214.7490234375,102.97296905517578,0.17551538348197937
1775570284520,0.0,1.0,4215.177734375,102.35938262939453,0.17563724517822266
1775570284540,0.0,1.0,4215.77392578125,101.62178802490234,0.1758100390434265
1775570284560,0.0,1.0,4216.4501953125,100.98748016357422,0.1760045737028122
1775570284580,0.0,1.0,4216.9541015625,100.32530212402344,0.1761726438999176
1775570284600,0.0,1.0,4217.6220703125,99.73513793945312,0.1763390600681305
1775570284620,0.0,1.0,4218.03662109375,99.03868865966797,0.17645470798015594
1775570284640,0.0,1.0,4218.61376953125,98.28974151611328,0.17663967609405518
1775570284660,0.0,1.0,4219.1865234375,97.66757202148438,0.1767977625131607
1775570284680,0.0,1.0,4219.5927734375,96.91539001464844,0.1769103854894638
1775570284700,0.0,1.0,4220.23828125,96.16581726074219,0.17706389725208282
1775570284720,0.0,1.0,4220.798828125,95.5276107788086,0.17723596096038818
1775570284740,0.0,1.0,4221.1962890625,94.75749206542969,0.177321195602417
1775570284760,0.0,1.0,4221.82763671875,94.05990600585938,0.17748898267745972
1775570284780,0.0,1.0,4222.3759765625,93.3370361328125,0.1776534467935562
1775570284800,0.0,1.0,4222.841796875,92.6338119506836,0.17775385081768036
1775570284820,0.0,1.0,4223.3818359375,91.87860107421875,0.1778920590877533
1775570284840,0.0,1.0,4223.9169921875,91.2484359741211,0.17804686725139618
1775570284860,0.0,1.0,4224.29638671875,90.47028350830078,0.17814095318317413
1775570284880,0.0,1.0,4224.8994140625,89.74478149414062,0.17827147245407104
1775570284900,0.0,1.0,4225.42236328125,89.04708099365234,0.1784176230430603
1775570284920,0.0,1.0,4225.79296875,88.2468490600586,0.17850737273693085
1775570284940,0.0,1.0,4226.380859375,87.47570037841797,0.17864705622196198
1775570284960,0.0,1.0,4226.96337890625,86.83349609375,0.17876818776130676
1775570284980,0.0,1.0,4227.32421875,86.04330444335938,0.17884992063045502
1775570285000,0.0,1.0,4227.82568359375,85.2982177734375,0.17897897958755493
1775570285020,0.0,1.0,4228.181640625,84.54966735839844,0.1790604144334793
1775570285040,0.0,1.0,4228.7451171875,83.85565185546875,0.17918631434440613
1775570285060,0.0,1.0,4229.3037109375,83.1578140258789,0.1792926788330078
1775570285080,0.0,1.0,4229.64990234375,82.47506713867188,0.17938533425331116
1775570285100,0.0,1.0,4230.19921875,81.7541275024414,0.17949062585830688
1775570285120,0.0,1.0,4230.53955078125,80.95807647705078,0.17956197261810303
1775570285140,0.0,1.0,4231.0126953125,80.28145599365234,0.17967703938484192
1775570285160,0.0,1.0,4231.54736328125,79.50439453125,0.17979085445404053
1775570285180,0.0,1.0,4231.87841796875,78.67733001708984,0.1798611730337143
1775570285200,0.0,1.0,4232.4033203125,77.98556518554688,0.17996646463871002
1775570285220,0.0,1.0,4232.728515625,77.18377685546875,0.18003274500370026
1775570285240,0.0,1.0,4233.24365234375,76.35417938232422,0.18013593554496765
1775570285260,0.0,1.0,4233.68896484375,75.7196273803711,0.18022236227989197
1775570285280,0.0,1.0,4234.00439453125,74.94486999511719,0.1802850365638733
1775570285300,0.0,1.0,4234.5048828125,74.12599182128906,0.18038202822208405
1775570285320,0.0,1.0,4234.814453125,73.49833679199219,0.1804419606924057
1775570285340,0.0,1.0,4235.3046875,72.69979095458984,0.18052396178245544
1775570285360,0.0,1.0,4235.728515625,71.93266296386719,0.18061719834804535
1775570285380,0.0,1.0,4236.0283203125,71.27949523925781,0.18067297339439392
1775570285400,0.0,1.0,4236.50341796875,70.48933410644531,0.18075153231620789
1775570285420,0.0,1.0,4236.9140625,69.68036651611328,0.1808403581380844
1775570285440,0.0,1.0,4237.2626953125,69.02528381347656,0.18089325726032257
1775570285460,0.0,1.0,4237.6650390625,68.29560089111328,0.1809767186641693
1775570285480,0.0,1.0,4238.06298828125,67.53733825683594,0.18104778230190277
1775570285500,0.0,1.0,4238.40087890625,66.87151336669922,0.18109694123268127
1775570285520,0.0,1.0,4238.79052734375,66.09657287597656,0.1811666190624237
1775570285540,0.0,1.0,4239.17529296875,65.320068359375,0.18124397099018097
1775570285560,0.0,1.0,4239.609375,64.66948699951172,0.18131165206432343
1775570285580,0.0,1.0,4239.87841796875,63.9265022277832,0.18135453760623932
1775570285600,0.0,1.0,4240.2509765625,63.23332214355469,0.181426003575325
1775570285620,0.0,1.0,4240.619140625,62.67453384399414,0.18149958550930023
1775570285640,0.0,1.0,4240.98388671875,61.996883392333984,0.18155913054943085
1775570285660,0.0,1.0,4241.2421875,61.344242095947266,0.18160593509674072
1775570285680,0.0,1.0,4241.6513671875,60.78365707397461,0.18166568875312805
1775570285700,0.0,1.0,4242.00537109375,60.08881378173828,0.1817287802696228
1775570285720,0.0,1.0,4242.255859375,59.40105056762695,0.1817697435617447
1775570285740,0.0,1.0,4242.60302734375,58.88191223144531,0.18182532489299774
1775570285760,0.0,1.0,4242.94677734375,58.23359298706055,0.18188591301441193
1775570285780,0.0,1.0,4243.28662109375,57.60699462890625,0.1819419115781784
1775570285800,0.0,1.0,4243.623046875,57.06084442138672,0.18199601769447327
1775570285820,0.0,1.0,4243.95556640625,56.46949005126953,0.18204958736896515
1775570285840,0.0,1.0,4244.28466796875,55.84476089477539,0.1821068972349167
1775570285860,0.0,0.839504063129425,4244.5634765625,55.318172454833984,0.18215547502040863
1775570285880,0.0,0.7258039116859436,4244.8857421875,54.72391891479492,0.1822119653224945
1775570285900,0.0,0.5730466246604919,4245.2041015625,54.155860900878906,0.1822555661201477
1775570285920,0.0,0.48893406987190247,4245.4296875,53.65985107421875,0.18229417502880096
1775570285940,0.0,0.4068688750267029,4245.74267578125,53.112220764160156,0.18234318494796753
1775570285960,0.0,0.3485104441642761,4246.05224609375,52.604312896728516,0.18239876627922058
1775570285980,0.0,0.31406691670417786,4246.3154296875,52.1994743347168,0.18244294822216034
1775570286000,0.0,0.29529228806495667,4246.6201171875,51.75834655761719,0.18249540030956268
1775570286020,0.0,0.28618618845939636,4246.921875,51.32540512084961,0.18254289031028748
1775570286040,0.0,0.27724602818489075,4247.1787109375,50.94171905517578,0.18259616196155548
1775570286060,0.0,0.2684151530265808,4247.4755859375,50.49547576904297,0.18263208866119385
1775570286080,0.0,0.2598053216934204,4247.77001953125,50.06880187988281,0.1826803982257843
1775570286100,0.0,0.24719645082950592,4248.02001953125,49.70663070678711,0.1827183961868286
1775570286120,0.0,0.23490040004253387,4248.31005859375,49.302154541015625,0.18276794254779816
1775570286140,0.0,0.22693927586078644,4248.67919921875,48.904518127441406,0.18282479047775269
1775570286160,0.0,0.21529674530029297,4248.9228515625,48.57864761352539,0.18286682665348053
1775570286180,0.0,0.20773307979106903,4249.205078125,48.21646499633789,0.18291054666042328
1775570286200,0.0,0.20773307979106903,4249.44580078125,47.85789489746094,0.18294712901115417
1775570286220,0.0,0.20396281778812408,4249.60498046875,47.555633544921875,0.18298369646072388
1775570286240,0.0,0.20027969777584076,4249.96142578125,47.208946228027344,0.18303456902503967
1775570286260,0.0,0.19663572311401367,4250.236328125,46.86299514770508,0.183077871799469
1775570286280,0.0,0.18946455419063568,4250.47021484375,46.571067810058594,0.1831178069114685
1775570286300,0.0,0.18941907584667206,4250.70263671875,46.23762130737305,0.18316110968589783
1775570286320,0.0,0.17877811193466187,4250.97216796875,45.90962219238281,0.1832006275653839
1775570286340,0.0,0.16849423944950104,4251.20166015625,45.633670806884766,0.18323509395122528
1775570286360,0.0,0.14898377656936646,4251.54345703125,45.32299041748047,0.18329782783985138
1775570286380,0.0,0.13085898756980896,4251.76953125,45.03531265258789,0.18333376944065094
1775570286400,0.0,0.10878574103116989,4251.994140625,44.8065185546875,0.18337179720401764
1775570286420,0.0,0.08224359899759293,4252.2548828125,44.560791015625,0.18341945111751556
1775570286440,0.0,0.05992189794778824,4252.4775390625,44.3372917175293,0.1834595650434494
1775570286460,0.0,0.037273112684488297,4252.73583984375,44.16271209716797,0.1834946721792221
1775570286480,0.0,0.022649085149168968,4252.99365234375,43.986907958984375,0.1835373044013977
1775570286500,0.0,0.010669971816241741,4253.28662109375,43.82630920410156,0.18358369171619415
1775570286520,0.0,0.004288705065846443,4253.4326171875,43.695098876953125,0.18361127376556396
1775570286540,0.0,0.0005444551352411509,4253.7236328125,43.54880905151367,0.18366184830665588
1775570286560,0.0,0.0,4253.94091796875,43.40825271606445,0.18370024859905243
1775570286580,0.0,0.0,4254.19384765625,43.29042434692383,0.1837436556816101
1775570286600,0.0,0.0,4254.48193359375,43.14712905883789,0.183793306350708
1775570286620,0.0,0.0,4254.62548828125,43.00159454345703,0.18381626904010773
1775570286640,0.0,0.0,4254.91162109375,42.87152862548828,0.1838655024766922
1775570286660,0.0,0.0,4255.12548828125,42.72090530395508,0.18390682339668274
1775570286680,0.0,0.0,4255.375,42.57454299926758,0.18393895030021667
1775570286700,0.0,0.0,4255.658203125,42.45173263549805,0.1839890331029892
1775570286720,0.0,0.0,4255.87060546875,42.308509826660156,0.18402574956417084
1775570286740,0.0,0.0,4256.08203125,42.16374969482422,0.18406707048416138
1775570286760,0.0,0.0,4256.29296875,42.040771484375,0.18409711122512817
1775570286780,0.0,0.0,4256.5732421875,41.90009307861328,0.18414513766765594
1775570286800,0.0,0.0,4256.8173828125,41.760257720947266,0.18418356776237488
1775570286820,0.0,0.0,4257.0263671875,41.64025115966797,0.18421697616577148
1775570286840,0.0,0.0,4257.234375,41.50222396850586,0.18425413966178894
1775570286860,0.0,0.0,4257.5458984375,41.37467956542969,0.18430300056934357
1775570286880,0.0,0.0,4257.71826171875,41.266849517822266,0.18433766067028046
1775570286900,0.0,0.0,4257.9248046875,41.13818359375,0.18437567353248596
1775570286920,0.0,0.0,4258.1298828125,41.009864807128906,0.18440783023834229
1775570286940,0.0,0.0,4258.4033203125,40.900413513183594,0.18445836007595062
1775570286960,0.0,0.0,4258.60693359375,40.77348327636719,0.18449468910694122
1775570286980,0.0,0.0,4258.87841796875,40.64600372314453,0.18454450368881226
1775570287000,0.0,0.0,4259.08056640625,40.537139892578125,0.18457892537117004
1775570287020,0.0,0.0,4259.28271484375,40.40812683105469,0.1846146136522293
1775570287040,0.0,0.0,4259.517578125,40.27771759033203,0.18466079235076904
1775570287060,0.0,0.0,4259.78515625,40.16598129272461,0.1847027689218521
1775570287080,0.0,0.0,4259.9853515625,40.03306198120117,0.1847401261329651
1775570287100,0.0,0.0,4260.1845703125,39.89857482910156,0.18477581441402435
1775570287120,0.0,0.0,4260.3837890625,39.78083038330078,0.184811070561409
1775570287140,0.0,0.0,4260.64794921875,39.64084243774414,0.18485726416110992
1775570287160,0.0,0.0,4260.845703125,39.497169494628906,0.18489252030849457
1775570287180,0.0,0.0,4261.10791015625,39.37371826171875,0.18493744730949402
1775570287200,0.0,0.0,4261.30419921875,39.2332649230957,0.1849682331085205
1775570287220,0.05555000901222229,0.0,4261.5,39.099815368652344,0.1849999576807022
1775570287240,0.09920001029968262,0.0,4261.69482421875,39.00289535522461,0.18503540754318237
1775570287260,0.16269999742507935,0.0,4261.98681640625,38.90913772583008,0.1850840449333191
1775570287280,0.21825000643730164,0.0,4262.181640625,38.830936431884766,0.18511949479579926
1775570287300,0.25394999980926514,0.0,4262.375,38.77622985839844,0.18514958024024963
1775570287320,0.2817000150680542,0.0,4262.568359375,38.72648620605469,0.18518255650997162
1775570287340,0.29760000109672546,0.0,4262.8583984375,38.688167572021484,0.18523406982421875
1775570287360,0.31345000863075256,0.0,4263.0517578125,38.6656608581543,0.1852637529373169
1775570287380,0.31345000863075256,0.0,4263.2451171875,38.65687942504883,0.1853066235780716
1775570287400,0.31345000863075256,0.0,4263.4384765625,38.67532730102539,0.1853412389755249
1775570287420,0.31345000863075256,0.0,4263.6640625,38.69759750366211,0.18537959456443787
1775570287440,0.31345000863075256,0.0,4263.857421875,38.72315979003906,0.1854148805141449
1775570287460,0.31345000863075256,0.0,4264.1474609375,38.74412536621094,0.18545930087566376
1775570287480,0.31744998693466187,0.0,4264.3408203125,38.764041900634766,0.18549540638923645
1775570287500,0.31744998693466187,0.0,4264.5341796875,38.79430389404297,0.18553318083286285
1775570287520,0.32534998655319214,0.0,4264.7275390625,38.832130432128906,0.18556763231754303
1775570287540,0.32534998655319214,0.0,4264.9208984375,38.874271392822266,0.18560539186000824
1775570287560,0.32534998655319214,0.0,4265.14794921875,38.93280792236328,0.18564648926258087
1775570287580,0.33329999446868896,0.0,4265.40771484375,38.99502944946289,0.18569256365299225
1775570287600,0.3372499942779541,0.0,4265.634765625,39.050697326660156,0.1857307404279709
1775570287620,0.3452000021934509,0.0,4265.82958984375,39.11931228637695,0.185770183801651
1775570287640,0.3571000099182129,0.0,4266.02490234375,39.18781280517578,0.185805082321167
1775570287660,0.3650500178337097,0.0,4266.25341796875,39.25058364868164,0.18583902716636658
1775570287680,0.38089999556541443,0.0,4266.482421875,39.34613037109375,0.1858813613653183
1775570287700,0.3928000032901764,0.0,4266.6787109375,39.46233367919922,0.18591614067554474
1775570287720,0.4126499891281128,0.0,4266.8759765625,39.574951171875,0.18595260381698608
1775570287740,0.4364500045776367,0.0,4267.14013671875,39.718936920166016,0.18600749969482422
1775570287760,0.4562999904155731,0.0,4267.4052734375,39.87632751464844,0.1860414445400238
1775570287780,0.4681999981403351,0.0,4267.5712890625,40.02277755737305,0.1860753893852234
1775570287800,0.48010000586509705,0.0,4267.8046875,40.206382751464844,0.18611687421798706
1775570287820,0.48805001378059387,0.0,4268.00537109375,40.39970016479492,0.18615040183067322
1775570287840,0.4959999918937683,0.0,4268.2412109375,40.57238006591797,0.18619272112846375
1775570287860,0.49994999170303345,0.0,4268.44384765625,40.7796516418457,0.18623290956020355
1775570287880,0.49994999170303345,0.0,4268.681640625,40.992427825927734,0.1862718164920807
1775570287900,0.49994999170303345,0.0,4268.88671875,41.17911911010742,0.18630658090114594
1775570287920,0.49994999170303345,0.0,4269.12646484375,41.39299011230469,0.18634963035583496
1775570287940,0.5,0.0,4269.3330078125,41.60471725463867,0.1863943338394165
1775570287960,0.5038999915122986,0.0,4269.5751953125,41.78794860839844,0.18643033504486084
1775570287980,0.5156000256538391,0.0,4269.88818359375,42.00686264038086,0.1864853948354721
1775570288000,0.5351499915122986,0.0,4270.09814453125,42.23078536987305,0.18652305006980896
1775570288020,0.5663999915122986,0.0,4270.27392578125,42.426490783691406,0.18655326962471008
1775570288040,0.6132999658584595,0.0,4270.556640625,42.66478729248047,0.1866103857755661
1775570288060,0.65625,0.0,4270.734375,42.91587829589844,0.18664349615573883
1775570288080,0.6913999915122986,0.0,4270.984375,43.14632034301758,0.1866798847913742
1775570288100,0.7148500084877014,0.0,4271.23583984375,43.431373596191406,0.18672144412994385
1775570288120,0.7226499915122986,0.0,4271.4892578125,43.725067138671875,0.18676887452602386
1775570288140,0.7226499915122986,0.0,4271.7080078125,43.97280502319336,0.18681882321834564
1775570288160,0.7109500169754028,0.0,4271.96484375,44.26228713989258,0.18686333298683167
1775570288180,0.6913999915122986,0.0,4272.2236328125,44.55687713623047,0.18690069019794464
1775570288200,0.65625,0.0,4272.48388671875,44.834381103515625,0.18694643676280975
1775570288220,0.6211000084877014,0.0,4272.74609375,45.16090393066406,0.1869926154613495
1775570288240,0.5820499658584595,0.0,4272.97265625,45.4957275390625,0.1870366930961609
1775570288260,0.5429499745368958,0.0,4273.23876953125,45.77683639526367,0.18708746135234833
1775570288280,0.5116999745368958,0.0,4273.5068359375,46.09050750732422,0.18712875247001648
1775570288300,0.492000013589859,0.0,4273.77685546875,46.38295364379883,0.18717338144779205
1775570288320,0.4721499979496002,0.0,4273.93212890625,46.62631607055664,0.18720757961273193
1775570288340,0.46424999833106995,0.0,4274.283203125,46.91735076904297,0.18727098405361176
1775570288360,0.4721499979496002,0.0,4274.4794921875,47.18966293334961,0.18730726838111877
1775570288380,0.492000013589859,0.0,4274.75537109375,47.401668548583984,0.18734855949878693
1775570288400,0.5273500084877014,0.0,4275.0322265625,47.650875091552734,0.18739986419677734
1775570288420,0.5859500169754028,0.0,4275.31103515625,47.912269592285156,0.18744906783103943
1775570288440,0.6366999745368958,0.0,4275.5908203125,48.15215301513672,0.18750329315662384
1775570288460,0.7070499658584595,0.0,4275.83154296875,48.46003723144531,0.18755429983139038
1775570288480,0.7577999830245972,0.0,4276.1142578125,48.81060791015625,0.1876002699136734
1775570288500,0.7968499660491943,0.0,4276.3984375,49.125640869140625,0.18764501810073853
1775570288520,0.8632999658584595,0.0,4276.6845703125,49.50261688232422,0.1877005249261856
1775570288540,0.9257999658584595,0.0,4276.97265625,49.89252471923828,0.18775270879268646
1775570288560,0.9804499745368958,0.0,4277.263671875,50.243812561035156,0.187803253531456
1775570288580,1.0,0.0,4277.47314453125,50.659847259521484,0.1878434270620346
1775570288600,1.0,0.0,4277.72607421875,51.068443298339844,0.18789811432361603
1775570288620,1.0,0.0,4278.0234375,51.41737747192383,0.18795306980609894
1775570288640,1.0,0.0,4278.32373046875,51.82892608642578,0.18800696730613708
1775570288660,1.0,0.0,4278.62646484375,52.24759292602539,0.1880645602941513
1775570288680,1.0,0.0,4278.93115234375,52.50392150878906,0.18812215328216553
1775570288700,1.0,0.0,4279.23828125,52.90443801879883,0.18816988170146942
1775570288720,1.0,0.0,4279.45947265625,53.416805267333984,0.18820855021476746
1775570288740,1.0,0.0,4279.771484375,53.87754440307617,0.18827149271965027
1775570288760,1.0,0.0,4280.08642578125,54.39270782470703,0.18833155930042267
1775570288780,1.0,0.0,4280.40478515625,54.889034271240234,0.18839478492736816
1775570288800,1.0,0.0,4280.72607421875,55.31851577758789,0.18845845758914948
1775570288820,1.0,0.0,4281.0498046875,55.837074279785156,0.18851669132709503
1775570288840,1.0,0.0,4281.376953125,56.36920166015625,0.18858496844768524
1775570288860,1.0,0.0,4281.61279296875,56.83159255981445,0.18863272666931152
1775570288880,1.0,0.0,4281.9453125,57.37163543701172,0.18869554996490479
1775570288900,1.0,0.0,4282.28076171875,57.90895462036133,0.18876759707927704
1775570288920,1.0,0.0,4282.61962890625,58.37429428100586,0.18883667886257172
1775570288940,1.0,0.0,4282.96142578125,58.92464065551758,0.1889018565416336
1775570288960,1.0,0.0,4283.30615234375,59.46785354614258,0.188971608877182
1775570288980,1.0,0.0,4283.65380859375,59.92653274536133,0.18904344737529755
1775570289000,1.0,0.0,4283.904296875,60.4487190246582,0.189093679189682
1775570289020,1.0,0.0,4284.25732421875,60.9562873840332,0.18916966021060944
1775570289040,1.0,0.0,4284.61328125,61.387088775634766,0.18924444913864136
1775570289060,1.0,0.0,4284.92041015625,61.894569396972656,0.18931922316551208
1775570289080,1.0,0.0,4285.33447265625,62.395206451416016,0.18939563632011414
1775570289100,1.0,0.0,4285.69921875,62.808650970458984,0.1894720494747162
1775570289120,1.0,0.0,4285.9091796875,63.28082275390625,0.18952587246894836
1775570289140,1.0,0.0,4286.2783203125,63.77244567871094,0.18960639834403992
1775570289160,1.0,0.0,4286.650390625,64.20369720458984,0.18968704342842102
1775570289180,1.0,0.0,4287.07958984375,64.69280242919922,0.1897672563791275
1775570289200,1.0,0.0,4287.40380859375,65.13874053955078,0.1898491382598877
1775570289220,1.0,0.0,4287.7841796875,65.50157165527344,0.1899356245994568
1775570289240,1.0,0.0,4288.1669921875,65.92788696289062,0.19001708924770355
1775570289260,1.0,0.0,4288.607421875,66.37476348876953,0.19009220600128174
1775570289280,1.0,0.0,4288.8291015625,66.6907730102539,0.1901519000530243
1775570289300,1.0,0.0,4289.21826171875,66.79602813720703,0.19023916125297546
1775570289320,1.0,0.0,4289.60791015625,66.75956726074219,0.19032683968544006
1775570289340,1.0,0.0,4289.99755859375,66.92759704589844,0.19041699171066284
1775570289360,1.0,0.0,4290.38818359375,67.24655151367188,0.19050490856170654
1775570289380,1.0,0.0,4290.78076171875,67.4305419921875,0.19059425592422485
1775570289400,1.0,0.0,4291.173828125,67.401611328125,0.1906840205192566
1775570289420,1.0,0.0,4291.45458984375,67.45648193359375,0.19074967503547668
1775570289440,1.0,0.0,4291.84814453125,67.73883056640625,0.19084317982196808
1775570289460,1.0,0.0,4292.1865234375,67.88047790527344,0.19093690812587738
1775570289480,1.0,0.0,4292.638671875,67.83705139160156,0.19103236496448517
1775570289500,0.9804499745368958,0.0,4293.03369140625,67.88302612304688,0.1911269873380661
1775570289520,0.875,0.0,4293.26025390625,68.05612182617188,0.19119523465633392
1775570289540,0.71875,0.0,4293.65673828125,68.10888671875,0.1912781298160553
1775570289560,0.5429499745368958,0.0,4294.0537109375,68.09727478027344,0.19138658046722412
1775570289580,0.40869998931884766,0.0,4294.45068359375,68.08881378173828,0.19148282706737518
1775570289600,0.2301500141620636,0.0,4294.84716796875,68.08171844482422,0.19158245623111725
1775570289620,0.08730000257492065,0.0,4295.24365234375,68.0732650756836,0.1916799694299698
1775570289640,0.0,0.0,4295.64013671875,68.06383514404297,0.1917809098958969
1775570289660,0.0,0.0,4296.09326171875,68.05143737792969,0.1918785572052002
1775570289680,0.0,0.0,4296.31982421875,68.04164123535156,0.1919366419315338
1775570289700,0.0,0.0,4296.71630859375,68.03112030029297,0.19205158948898315
1775570289720,0.11904999613761902,0.0,4297.11279296875,68.0177230834961,0.19213810563087463
1775570289740,0.24994999170303345,0.0,4297.50927734375,68.00301361083984,0.1922534704208374
1775570289760,0.3769499957561493,0.0,4297.90576171875,67.9898910522461,0.19235548377037048
1775570289780,0.5195500254631042,0.0,4298.30224609375,67.97836303710938,0.19244298338890076
1775570289800,0.6523500084877014,0.0,4298.69921875,68.28333282470703,0.19254541397094727
1775570289820,0.7655999660491943,0.0,4298.984375,68.65386962890625,0.19261924922466278
1775570289840,0.8905999660491943,0.0,4299.3857421875,69.11061096191406,0.19273880124092102
1775570289860,0.9882999658584595,0.0,4299.7900390625,69.59840393066406,0.19283084571361542
1775570289880,1.0,0.0,4300.19775390625,70.03279113769531,0.19295331835746765
1775570289900,1.0,0.0,4300.6083984375,70.5282974243164,0.19304455816745758
1775570289920,1.0,0.0,4300.9033203125,71.01441955566406,0.19312317669391632
1775570289940,1.0,0.0,4301.3193359375,71.43489074707031,0.19323483109474182
1775570289960,1.0,0.0,4301.7373046875,71.9471664428711,0.1933460682630539
1775570289980,1.0,0.0,4302.15869140625,72.48187255859375,0.19345898926258087
1775570290000,1.0,0.0,4302.58349609375,72.95060729980469,0.19358928501605988
1775570290020,1.0,0.0,4302.888671875,73.47296905517578,0.1936548799276352
1775570290040,1.0,0.0,4303.318359375,73.94918060302734,0.1937713474035263
1775570290060,1.0,0.0,4303.75146484375,74.32506561279297,0.19388866424560547
1775570290080,1.0,0.0,4304.1865234375,74.73722839355469,0.19400735199451447
1775570290100,1.0,0.0,4304.62353515625,75.13235473632812,0.1941269338130951
1775570290120,1.0,0.0,4305.0625,75.47881317138672,0.19424693286418915
1775570290140,1.0,0.0,4305.50390625,75.8967056274414,0.1943681836128235
1775570290160,1.0,0.0,4306.0107421875,76.31362915039062,0.19449001550674438
1775570290180,1.0,0.0,4306.39306640625,76.65077209472656,0.19461391866207123
1775570290200,1.0,0.0,4306.71240234375,77.02129364013672,0.19470271468162537
1775570290220,1.0,0.0,4307.16162109375,77.41445922851562,0.1948281079530716
1775570290240,1.0,0.0,4307.54833984375,77.7170639038086,0.1949547976255417
1775570290260,1.0,0.0,4308.00146484375,78.03231811523438,0.195081889629364
1775570290280,1.0,0.0,4308.45654296875,78.40264892578125,0.19520924985408783
1775570290300,1.0,0.0,4308.9140625,78.76731872558594,0.19533835351467133
1775570290320,1.0,0.0,4309.2421875,79.135498046875,0.19541068375110626
1775570290340,1.0,0.0,4309.7041015625,79.51605224609375,0.19555997848510742
1775570290360,1.0,0.0,4310.16845703125,79.84680938720703,0.19567301869392395
1775570290380,1.0,0.0,4310.63427734375,80.20806121826172,0.19580553472042084
1775570290400,1.0,0.0,4311.10302734375,80.54883575439453,0.19593970477581024
1775570290420,1.0,0.0,4311.57373046875,80.85558319091797,0.1960722953081131
1775570290440,1.0,0.0,4311.978515625,81.23975372314453,0.1962060183286667
1775570290460,1.0,0.0,4312.453125,81.62380981445312,0.19634181261062622
1775570290480,1.0,0.0,4312.93017578125,81.94354248046875,0.19645804166793823
1775570290500,1.0,0.0,4313.4091796875,82.30496978759766,0.196597620844841
1775570290520,1.0,0.0,4313.89013671875,82.6552734375,0.19673343002796173
1775570290540,1.0,0.0,4314.30419921875,82.953857421875,0.19687049090862274
1775570290560,1.0,0.0,4314.7890625,83.31334686279297,0.19698919355869293
1775570290580,1.0,0.0,4315.27587890625,83.68224334716797,0.19713062047958374
1775570290600,1.0,0.0,4315.69482421875,83.99079132080078,0.19727328419685364
1775570290620,1.0,0.0,4316.185546875,84.34878540039062,0.1973937600851059
1775570290640,1.0,0.0,4316.67822265625,84.69778442382812,0.19753676652908325
1775570290660,1.0,0.0,4317.1025390625,84.99990844726562,0.19768103957176208
1775570290680,1.0,0.0,4317.59912109375,85.35757446289062,0.19780321419239044
1775570290700,1.0,0.0,4318.09765625,85.71466827392578,0.19794771075248718
1775570290720,1.0,0.0,4318.3837890625,86.00877380371094,0.19805166125297546
1775570290740,1.0,0.0,4319.029296875,86.35255432128906,0.1982383131980896
1775570290760,1.0,0.0,4319.60595703125,86.7080307006836,0.19836336374282837
1775570290780,1.0,0.0,4320.0400390625,87.00479125976562,0.19851119816303253
1775570290800,1.0,0.0,4320.54833984375,87.33951568603516,0.1986384242773056
1775570290820,1.0,0.0,4320.83984375,87.67675018310547,0.1987457424402237
1775570290840,1.0,0.0,4321.498046875,87.9716796875,0.19893687963485718
1775570290860,1.0,0.0,4322.0126953125,88.31407928466797,0.19908738136291504
1775570290880,1.0,0.0,4322.455078125,88.65225982666016,0.19921401143074036
1775570290900,1.0,0.0,4322.9736328125,88.94042205810547,0.19936658442020416
1775570290920,1.0,0.0,4323.2705078125,89.27346801757812,0.19947460293769836
1775570290940,1.0,0.0,4323.94091796875,89.60826873779297,0.19964845478534698
1775570290960,1.0,0.0,4324.46484375,89.8940200805664,0.1998019963502884
1775570290980,1.0,0.0,4324.990234375,90.21562194824219,0.19995465874671936
1775570291000,1.0,0.0,4325.4423828125,90.53105163574219,0.20008812844753265
1775570291020,1.0,0.0,4325.81982421875,90.81746673583984,0.2001972645521164
1775570291040,1.0,0.0,4326.42626953125,91.16192626953125,0.20039737224578857
1775570291060,1.0,0.0,4326.806640625,91.47725677490234,0.20050747692584991
1775570291080,1.0,0.0,4327.3408203125,91.73663330078125,0.20064043998718262
1775570291100,1.0,0.0,4328.02978515625,92.06294250488281,0.20084108412265778
1775570291120,1.0,0.0,4328.33740234375,92.4002914428711,0.20093044638633728
1775570291140,1.0,0.0,4328.87646484375,92.6737060546875,0.20109064877033234
1775570291160,1.0,0.0,4329.41748046875,92.9749984741211,0.20124681293964386
1775570291180,1.0,0.0,4330.0380859375,93.27339172363281,0.2014499008655548
1775570291200,1.0,0.0,4330.42724609375,93.54647827148438,0.2015414983034134
1775570291220,1.0,0.0,4330.9736328125,93.86866760253906,0.2016996592283249
1775570291240,1.0,0.0,4331.443359375,94.1693344116211,0.20185941457748413
1775570291260,1.0,0.0,4331.9931640625,94.41443634033203,0.20199747383594513
1775570291280,1.0,0.0,4332.5439453125,94.72099304199219,0.20215854048728943
1775570291300,1.0,0.0,4333.01806640625,95.03101348876953,0.20232051610946655
1775570291320,1.0,0.0,4333.57275390625,95.29653930664062,0.20245783030986786
1775570291340,1.0,0.0,4334.12939453125,95.60873413085938,0.2026195526123047
1775570291360,1.0,0.0,4334.60791015625,95.921875,0.2027812898159027
1775570291380,1.0,0.0,4335.16796875,96.1696548461914,0.20291997492313385
1775570291400,1.0,0.0,4335.72900390625,96.45732879638672,0.2030823975801468
1775570291420,1.0,0.0,4336.21142578125,96.7537612915039,0.2032233476638794
1775570291440,1.0,0.0,4336.7763671875,97.02101135253906,0.20338554680347443
1775570291460,1.0,0.0,4337.3427734375,97.33537292480469,0.203548863530159
1775570291480,1.0,0.0,4337.82958984375,97.61457824707031,0.20371386408805847
1775570291500,1.0,0.0,4338.3994140625,97.8370590209961,0.20385415852069855
1775570291520,1.0,0.0,4338.970703125,98.12117767333984,0.20401860773563385
1775570291540,1.0,0.0,4339.46142578125,98.38217163085938,0.2041839063167572
1775570291560,1.0,0.0,4340.0361328125,98.67012023925781,0.20432645082473755
1775570291580,1.0,0.0,4340.6123046875,98.95488739013672,0.20449098944664001
1775570291600,1.0,0.0,4341.107421875,99.2418441772461,0.20465601980686188
1775570291620,1.0,0.0,4341.6865234375,99.48157501220703,0.20479747653007507
1775570291640,1.0,0.0,4342.267578125,99.76868438720703,0.20496350526809692
1775570291660,1.0,0.0,4342.76708984375,100.04783630371094,0.2051311880350113
1775570291680,1.0,0.0,4343.35107421875,100.27484893798828,0.20529799163341522
1775570291700,1.0,0.0,4343.93701171875,100.55148315429688,0.20543982088565826
1775570291720,1.0,0.0,4344.5244140625,100.84127044677734,0.20560728013515472
1775570291740,1.0,0.0,4345.02880859375,101.0711441040039,0.20577596127986908
1775570291760,1.0,0.0,4345.619140625,101.31250762939453,0.2059187889099121
1775570291780,1.0,0.0,4346.2109375,101.56888580322266,0.20608583092689514
1775570291800,1.0,0.0,4346.71923828125,101.79856872558594,0.20625285804271698
1775570291820,1.0,0.0,4347.3134765625,102.072998046875,0.2063988745212555
1775570291840,1.0,0.0,4347.90966796875,102.34764862060547,0.20659026503562927
1775570291860,1.0,0.0,4348.421875,102.57758331298828,0.2067335993051529
1775570291880,1.0,0.0,4349.10693359375,102.83807373046875,0.20687828958034515
1775570291900,1.0,0.0,4349.6220703125,103.09483337402344,0.2070484608411789
1775570291920,1.0,0.0,4350.1376953125,103.3119125366211,0.20721377432346344
1775570291940,1.0,0.0,4350.74072265625,103.56366729736328,0.20738373696804047
1775570291960,1.0,0.0,4351.34521484375,103.80840301513672,0.20752769708633423
1775570291980,1.0,0.0,4351.951171875,104.02005004882812,0.20769570767879486
1775570292000,1.0,0.0,4352.4716796875,104.28115844726562,0.2078639417886734
1775570292020,1.0,0.0,4353.08056640625,104.53617095947266,0.20800942182540894
1775570292040,1.0,0.0,4353.69091796875,104.74895477294922,0.20817966759204865
1775570292060,1.0,0.0,4354.21533203125,104.99181365966797,0.20832398533821106
1775570292080,1.0,0.0,4354.828125,105.2259750366211,0.2084946185350418
1775570292100,1.0,0.0,4355.4423828125,105.44149017333984,0.20866528153419495
1775570292120,1.0,0.0,4356.05810546875,105.70841979980469,0.20881269872188568
1775570292140,1.0,0.0,4356.5869140625,105.96013641357422,0.20900866389274597
1775570292160,1.0,0.0,4357.11669921875,106.166015625,0.20915579795837402
1775570292180,1.0,0.0,4357.82470703125,106.4034423828125,0.20930416882038116
1775570292200,1.0,0.0,4358.357421875,106.6484375,0.20947565138339996
1775570292220,1.0,0.0,4358.9794921875,106.85286712646484,0.20964960753917694
1775570292240,1.0,0.0,4359.51416015625,107.08940124511719,0.20982113480567932
1775570292260,1.0,0.0,4360.13916015625,107.32756805419922,0.20997168123722076
1775570292280,1.0,0.0,4360.76513671875,107.53628540039062,0.21014496684074402
1775570292300,1.0,0.0,4361.302734375,107.7674331665039,0.21029409766197205
1775570292320,1.0,0.0,4361.931640625,107.99121856689453,0.21046902239322662
1775570292340,1.0,0.0,4362.56201171875,108.19994354248047,0.21064431965351105
1775570292360,1.0,0.0,4363.103515625,108.44147491455078,0.21079590916633606
1775570292380,1.0,0.0,4363.736328125,108.67388153076172,0.21097108721733093
1775570292400,0.8827999830245972,0.0,4364.37060546875,108.8859634399414,0.2111481875181198
1775570292420,0.6211000084877014,0.0,4364.91552734375,109.09305572509766,0.2113008201122284
1775570292440,0.31744998693466187,0.0,4365.55224609375,109.21998596191406,0.2115030139684677
1775570292460,0.0,0.0,4366.09814453125,109.24055480957031,0.21165432035923004
1775570292480,0.0,0.0,4366.826171875,109.15885925292969,0.21183231472969055
1775570292500,0.0,0.0,4367.37109375,109.03034973144531,0.2119830697774887
1775570292520,0.0,0.0,4368.005859375,108.91481018066406,0.21215946972370148
1775570292540,0.0,0.0,4368.54931640625,108.77680206298828,0.21233759820461273
1775570292560,0.0,0.0,4369.1826171875,108.63488006591797,0.2124881148338318
1775570292580,0.0,0.0,4369.81494140625,108.51080322265625,0.2126641869544983
1775570292600,0.0,0.0,4370.44677734375,108.36570739746094,0.21284069120883942
1775570292620,0.0,0.0,4370.9873046875,108.22032928466797,0.21301625669002533
1775570292640,0.0,0.0,4371.61767578125,108.0965805053711,0.2131914645433426
1775570292660,0.0,0.010669971816241741,4372.2470703125,107.95084381103516,0.21334148943424225
1775570292680,0.0,0.0259113572537899,4372.8759765625,107.79537963867188,0.21351729333400726
1775570292700,0.0,0.03191564604640007,4373.41357421875,107.657958984375,0.21369178593158722
1775570292720,0.0,0.028219660744071007,4373.861328125,107.48939514160156,0.21379069983959198
1775570292740,0.0,0.020611045882105827,4374.66650390625,107.3204574584961,0.21401482820510864
1775570292760,0.0,0.014346619136631489,4375.11328125,107.17964935302734,0.2141387164592743
1775570292780,0.0,0.0135622788220644,4375.64794921875,107.01412963867188,0.21431082487106323
1775570292800,0.0,0.016003817319869995,4376.27197265625,106.84903717041016,0.21448516845703125
1775570292820,0.0,0.022649085149168968,4376.89453125,106.70489501953125,0.2146323025226593
1775570292840,0.0,0.0332178957760334,4377.5166015625,106.52562713623047,0.21480581164360046
1775570292860,0.0,0.04780666530132294,4378.13818359375,106.33524322509766,0.21497708559036255
1775570292880,0.0,0.06177373230457306,4378.669921875,106.16419982910156,0.21515068411827087
1775570292900,0.0,0.09617915004491806,4379.2890625,105.95991516113281,0.21529699862003326
1775570292920,0.0,0.13975001871585846,4379.90673828125,105.7306137084961,0.21546798944473267
1775570292940,0.0,0.1858471781015396,4380.5234375,105.49544525146484,0.215638667345047
1775570292960,0.0,0.22301867604255676,4381.05029296875,105.19705200195312,0.21581029891967773
1775570292980,0.0,0.23899315297603607,4381.66357421875,104.87937927246094,0.21595549583435059
1775570293000,0.0,0.23899315297603607,4382.27490234375,104.58728790283203,0.21612440049648285
1775570293020,0.0,0.23899315297603607,4382.796875,104.23953247070312,0.21626749634742737
1775570293040,0.0,0.23490040004253387,4383.404296875,103.89241790771484,0.21646010875701904
1775570293060,0.0,0.23490040004253387,4384.009765625,103.60357666015625,0.21660341322422028
1775570293080,0.0,0.23490040004253387,4384.61279296875,103.25017547607422,0.21676956117153168
1775570293100,0.0,0.23899315297603607,4385.1279296875,102.89051818847656,0.21693697571754456
1775570293120,0.0,0.23899315297603607,4385.7275390625,102.59326171875,0.2170773297548294
1775570293140,0.0,0.23899315297603607,4386.32470703125,102.25016021728516,0.21724312007427216
1775570293160,0.0,0.23899315297603607,4386.8349609375,101.90266418457031,0.2174072414636612
1775570293180,0.0,0.23899315297603607,4387.4287109375,101.59500122070312,0.21754762530326843
1775570293200,0.0,0.24719645082950592,4388.0205078125,101.23149108886719,0.2177104353904724
1775570293220,0.0,0.2598053216934204,4388.60986328125,100.87615966796875,0.2178732454776764
1775570293240,0.0,0.2684151530265808,4389.11328125,100.56433868408203,0.21803511679172516
1775570293260,0.0,0.2684151530265808,4389.6982421875,100.19512939453125,0.21817296743392944
1775570293280,0.0,0.26408976316452026,4390.28173828125,99.82171630859375,0.2183319330215454
1775570293300,0.0,0.2555616796016693,4390.86328125,99.48832702636719,0.2184920758008957
1775570293320,0.0,0.2513587772846222,4391.1943359375,99.11173248291016,0.21858292818069458
1775570293340,0.0,0.2555616796016693,4391.93701171875,98.75057983398438,0.21878834068775177
1775570293360,0.0,0.26408976316452026,4392.51220703125,98.43367004394531,0.21894629299640656
1775570293380,0.0,0.2684151530265808,4393.0849609375,98.06009674072266,0.21910256147384644
1775570293400,0.0,0.2684151530265808,4393.4111328125,97.6828842163086,0.21919192373752594
1775570293420,0.0,0.26408976316452026,4393.98095703125,97.35387420654297,0.21934936940670013
1775570293440,0.0,0.2555616796016693,4394.5478515625,96.98212432861328,0.2195046991109848
1775570293460,0.0,0.2513587772846222,4395.11279296875,96.60972595214844,0.21966002881526947
1775570293480,0.0,0.2598053216934204,4395.67626953125,96.28807830810547,0.2198149710893631
1775570293500,0.0,0.26408976316452026,4396.2373046875,95.9068603515625,0.219967782497406
1775570293520,0.0,0.26408976316452026,4396.71630859375,95.5328369140625,0.22012054920196533
1775570293540,0.0,0.26408976316452026,4397.27294921875,95.20182800292969,0.22027328610420227
1775570293560,0.0,0.2555616796016693,4397.8271484375,94.80927276611328,0.22040311992168427
1775570293580,0.0,0.2513587772846222,4398.3798828125,94.43077087402344,0.22055403888225555
1775570293600,0.0,0.24719645082950592,4398.93017578125,94.10636901855469,0.22070354223251343
1775570293620,0.0,0.24719645082950592,4399.24365234375,93.7325439453125,0.22081196308135986
1775570293640,0.0,0.2555616796016693,4399.79052734375,93.35999298095703,0.22096095979213715
1775570293660,0.0,0.2555616796016693,4400.33544921875,93.02677917480469,0.2210872769355774
1775570293680,0.0,0.2555616796016693,4400.8779296875,92.63920593261719,0.22123557329177856
1775570293700,0.0,0.24719645082950592,4401.41796875,92.26786804199219,0.22138167917728424
1775570293720,0.0,0.23899315297603607,4401.87890625,91.94799041748047,0.22152942419052124
1775570293740,0.0,0.21149519085884094,4402.4150390625,91.57036590576172,0.22167633473873138
1775570293760,0.0,0.15530486404895782,4402.94873046875,91.22989654541016,0.22180087864398956
1775570293780,0.0,0.04465193301439285,4403.48046875,90.97016906738281,0.22194460034370422
1775570293800,0.0,0.0,4403.93505859375,90.7518539428711,0.22209127247333527
1775570293820,0.0,0.0,4404.46484375,90.57392883300781,0.2222144603729248
1775570293840,0.0,0.0,4404.9931640625,90.42210388183594,0.22235961258411407
1775570293860,0.0,0.0,4405.4453125,90.25162506103516,0.2225022315979004
1775570293880,0.0,0.0,4405.9716796875,90.08099365234375,0.22264568507671356
1775570293900,0.0,0.0,4406.49755859375,89.93466186523438,0.2227684110403061
1775570293920,0.0,0.0,4407.02197265625,89.7640380859375,0.22291019558906555
1775570293940,0.0,0.0,4407.470703125,89.59591674804688,0.22305363416671753
1775570293960,0.0,0.0,4407.99365234375,89.45209503173828,0.223176047205925
1775570293980,0.027750015258789062,0.0,4408.51513671875,89.28330993652344,0.223318949341774
1775570294000,0.14285001158714294,0.0,4408.9619140625,89.1266098022461,0.22346021234989166
1775570294020,0.23410001397132874,0.0,4409.48193359375,89.02006530761719,0.2235822081565857
1775570294040,0.30550000071525574,0.0,4410.0009765625,88.90850067138672,0.22372372448444366
1775570294060,0.3452000021934509,0.0,4410.44482421875,88.80613708496094,0.22384321689605713
1775570294080,0.3650500178337097,0.0,4410.96240234375,88.74702453613281,0.22398388385772705
1775570294100,0.38089999556541443,0.0,4411.40625,88.70452117919922,0.2241252213716507
1775570294120,0.38885000348091125,0.0,4411.9228515625,88.67774200439453,0.22424553334712982
1775570294140,0.3968000113964081,0.0,4412.43896484375,88.65646362304688,0.22438788414001465
1775570294160,0.4007500112056732,0.0,4412.88134765625,88.6531753540039,0.22450725734233856
1775570294180,0.4007500112056732,0.0,4413.39794921875,88.65521240234375,0.22464750707149506
1775570294200,0.4007500112056732,0.0,4413.84033203125,88.65494537353516,0.22478729486465454
1775570294220,0.4007500112056732,0.0,4414.35693359375,88.65380096435547,0.22490867972373962
1775570294240,0.4007500112056732,0.0,4414.87353515625,88.6874771118164,0.22504913806915283
1775570294260,0.4007500112056732,0.0,4415.3173828125,88.70756530761719,0.22517135739326477
1775570294280,0.4007500112056732,0.0,4415.8349609375,88.7076187133789,0.22530892491340637
1775570294300,0.40470001101493835,0.0,4416.27880859375,88.72139739990234,0.22542813420295715
1775570294320,0.40869998931884766,0.0,4416.79638671875,88.74676513671875,0.22556954622268677
1775570294340,0.4126499891281128,0.0,4417.388671875,88.7745361328125,0.2257525622844696
1775570294360,0.4205999970436096,0.0,4417.98095703125,88.79824829101562,0.22586961090564728
1775570294380,0.4205999970436096,0.0,4418.42529296875,88.82489776611328,0.22601158916950226
1775570294400,0.4205999970436096,0.0,4418.86962890625,88.85806274414062,0.22613060474395752
1775570294420,0.4205999970436096,0.0,4419.23974609375,88.8887939453125,0.2262282818555832
1775570294440,0.4205999970436096,0.0,4419.90576171875,88.9181900024414,0.22640980780124664
1775570294460,0.4205999970436096,0.0,4420.35107421875,88.95670318603516,0.22652815282344818
1775570294480,0.4205999970436096,0.0,4420.8701171875,88.99552154541016,0.22667042911052704
1775570294500,0.4205999970436096,0.0,4421.3154296875,89.02531433105469,0.22680938243865967
1775570294520,0.41659998893737793,0.0,4421.8349609375,89.05528259277344,0.22692954540252686
1775570294540,0.4126499891281128,0.0,4422.2802734375,89.0816421508789,0.22706907987594604
1775570294560,0.4126499891281128,0.0,4422.7998046875,89.10647583007812,0.2271883338689804
1775570294580,0.40869998931884766,0.0,4423.3193359375,89.14437103271484,0.2273291051387787
1775570294600,0.40869998931884766,0.0,4423.7646484375,89.1717300415039,0.2274492383003235
1775570294620,0.4007500112056732,0.0,4424.2841796875,89.18331909179688,0.22758996486663818
1775570294640,0.38089999556541443,0.0,4424.7294921875,89.19500732421875,0.22772862017154694
1775570294660,0.37299999594688416,0.0,4425.2490234375,89.21546936035156,0.22785060107707977
1775570294680,0.361050009727478,0.0,4425.76904296875,89.23306274414062,0.22799023985862732
1775570294700,0.3412500023841858,0.0,4426.21435546875,89.23448944091797,0.22811052203178406
1775570294720,0.32534998655319214,0.0,4426.734375,89.2186050415039,0.22824926674365997
1775570294740,0.30550000071525574,0.0,4427.18017578125,89.20054626464844,0.22836612164974213
1775570294760,0.2857000231742859,0.0,4427.84814453125,89.17799377441406,0.2285454422235489
1775570294780,0.26190000772476196,0.0,4428.29345703125,89.14334869384766,0.22866606712341309
1775570294800,0.2459999918937683,0.0,4428.81298828125,89.10711669921875,0.22880570590496063
1775570294820,0.2261500060558319,0.0,4429.25830078125,89.04960632324219,0.22892452776432037
1775570294840,0.2102999985218048,0.0,4429.77734375,88.98882293701172,0.22906330227851868
1775570294860,0.19840002059936523,0.0,4430.22216796875,88.9328842163086,0.22918376326560974
1775570294880,0.17855000495910645,0.0,4430.740234375,88.86053466796875,0.22932161390781403
1775570294900,0.17059999704360962,0.0,4431.18408203125,88.78502655029297,0.22944249212741852
1775570294920,0.16664999723434448,0.0,4431.6279296875,88.72106170654297,0.22957997024059296
1775570294940,0.16664999723434448,0.0,4432.1455078125,88.64617156982422,0.2296954244375229
1775570294960,0.16664999723434448,0.0,4432.587890625,88.56282043457031,0.2298397272825241
1775570294980,0.1746000051498413,0.0,4433.25146484375,88.48523712158203,0.22999867796897888
1775570295000,0.1746000051498413,0.0,4433.69384765625,88.39847564697266,0.2301144003868103
1775570295020,0.1746000051498413,0.0,4434.06201171875,88.31035614013672,0.23021571338176727
1775570295040,0.17855000495910645,0.0,4434.650390625,88.2360610961914,0.23039546608924866
1775570295060,0.18650001287460327,0.0,4435.1650390625,88.14558410644531,0.2305132895708084
1775570295080,0.20235002040863037,0.0,4435.60595703125,88.05197143554688,0.23065344989299774
1775570295100,0.2261500060558319,0.0,4436.11962890625,87.9759292602539,0.23077087104320526
1775570295120,0.25394999980926514,0.0,4436.55908203125,87.88835144042969,0.230891153216362
1775570295140,0.27775001525878906,0.0,4437.07177734375,87.80107879638672,0.23103223741054535
1775570295160,0.289650022983551,0.0,4437.5107421875,87.72776794433594,0.23115041851997375
1775570295180,0.3095000088214874,0.0,4438.16796875,87.64871215820312,0.23132725059986115
1775570295200,0.32534998655319214,0.0,4438.60595703125,87.58314514160156,0.2314452975988388
1775570295220,0.32934999465942383,0.0,4438.970703125,87.52774810791016,0.23154409229755402
1775570295240,0.33329999446868896,0.0,4439.55419921875,87.4779281616211,0.23170503973960876
1775570295260,0.3372499942779541,0.0,4440.06396484375,87.44447326660156,0.23184040188789368
1775570295280,0.3372499942779541,0.0,4440.50048828125,87.41858673095703,0.23196017742156982
1775570295300,0.3372499942779541,0.0,4440.93701171875,87.38480377197266,0.2320953756570816
1775570295320,0.3372499942779541,0.0,4441.4462890625,87.3400650024414,0.23221458494663239
1775570295340,0.3372499942779541,0.0,4441.8828125,87.3079833984375,0.23235119879245758
1775570295360,0.3372499942779541,0.0,4442.39208984375,87.27066802978516,0.23247168958187103
1775570295380,0.3412500023841858,0.0,4442.90087890625,87.23365020751953,0.23260948061943054
1775570295400,0.3412500023841858,0.0,4443.33740234375,87.20000457763672,0.23272371292114258
1775570295420,0.3452000021934509,0.0,4443.84521484375,87.16434478759766,0.23286308348178864
1775570295440,0.34915000200271606,0.0,4444.42529296875,87.13485717773438,0.2330179214477539
1775570295460,0.361050009727478,0.0,4444.93310546875,87.10598754882812,0.23315684497356415
1775570295480,0.3769499957561493,0.0,4445.3681640625,87.07356262207031,0.2332758754491806
1775570295500,0.3928000032901764,0.0,4445.8759765625,87.0491714477539,0.23340943455696106
1775570295520,0.40869998931884766,0.0,4446.31103515625,87.03157043457031,0.23352916538715363
1775570295540,0.4205999970436096,0.0,4446.74609375,87.02011108398438,0.23366515338420868
1775570295560,0.42454999685287476,0.0,4447.25341796875,87.00725555419922,0.233778715133667
1775570295580,0.42454999685287476,0.0,4447.7607421875,87.01238250732422,0.23391881585121155
1775570295600,0.41659998893737793,0.0,4448.19580078125,87.01478576660156,0.2340371012687683
1775570295620,0.40869998931884766,0.0,4448.70361328125,87.02452850341797,0.23417218029499054
1775570295640,0.40869998931884766,0.0,4449.138671875,87.0289306640625,0.2342880815267563
1775570295660,0.4007500112056732,0.0,4449.79150390625,87.02983856201172,0.23446615040302277
1775570295680,0.3968000113964081,0.0,4450.2265625,87.02531433105469,0.23458386957645416
1775570295700,0.3928000032901764,0.0,4450.73388671875,87.02133178710938,0.23471859097480774
1775570295720,0.38885000348091125,0.0,4451.1689453125,87.01792907714844,0.23483744263648987
1775570295740,0.38885000348091125,0.0,4451.60400390625,87.01638793945312,0.23497113585472107
1775570295760,0.38885000348091125,0.0,4452.111328125,87.02244567871094,0.23508906364440918
1775570295780,0.38885000348091125,0.0,4452.61865234375,87.03009796142578,0.23522494733333588
1775570295800,0.38885000348091125,0.0,4453.0537109375,87.0239486694336,0.2353447675704956
1775570295820,0.38885000348091125,0.0,4453.48828125,87.02300262451172,0.23547981679439545
1775570295840,0.38885000348091125,0.0,4453.99560546875,87.0203628540039,0.23559704422950745
1775570295860,0.38885000348091125,0.0,4454.4306640625,87.02259063720703,0.23573291301727295
1775570295880,0.38885000348091125,0.0,4454.93798828125,87.02680206298828,0.23585054278373718
1775570295900,0.3928000032901764,0.0,4455.517578125,87.02273559570312,0.2360064685344696
1775570295920,0.3968000113964081,0.0,4456.02490234375,87.01814270019531,0.23614272475242615
1775570295940,0.40470001101493835,0.0,4456.4599609375,87.01678466796875,0.23628105223178864
1775570295960,0.4126499891281128,0.0,4456.96728515625,87.01151275634766,0.2363997995853424
1775570295980,0.4205999970436096,0.0,4457.40234375,87.01838684082031,0.2365352064371109
1775570296000,0.4364500045776367,0.0,4457.90966796875,87.03992462158203,0.2366534322500229
1775570296020,0.452349990606308,0.0,4458.34521484375,87.06341552734375,0.2367679327726364
1775570296040,0.46424999833106995,0.0,4458.85302734375,87.08707427978516,0.23690912127494812
1775570296060,0.4681999981403351,0.0,4459.2880859375,87.10983276367188,0.23702630400657654
1775570296080,0.4761500060558319,0.0,4459.7958984375,87.14435577392578,0.23716074228286743
1775570296100,0.4761500060558319,0.0,4460.3759765625,87.18033599853516,0.23732087016105652
1775570296120,0.4761500060558319,0.0,4460.7392578125,87.22144317626953,0.2374192774295807
1775570296140,0.48010000586509705,0.0,4461.3212890625,87.26129913330078,0.2375762164592743
1775570296160,0.48010000586509705,0.0,4461.68505859375,87.29438781738281,0.23769322037696838
1775570296180,0.48805001378059387,0.0,4462.26708984375,87.32283020019531,0.2378505915403366
1775570296200,0.4959999918937683,0.0,4462.7763671875,87.37323760986328,0.2379661649465561
1775570296220,0.5,0.0,4463.212890625,87.43058013916016,0.23808903992176056
1775570296240,0.5,0.0,4463.72216796875,87.46879577636719,0.23822541534900665
1775570296260,0.5077999830245972,0.0,4464.15869140625,87.50196838378906,0.23834237456321716
1775570296280,0.5077999830245972,0.0,4464.6689453125,87.54840850830078,0.2384820580482483
1775570296300,0.5156000256538391,0.0,4465.10693359375,87.60096740722656,0.23860086500644684
1775570296320,0.5273500084877014,0.0,4465.61767578125,87.65693664550781,0.23873797059059143
1775570296340,0.5390499830245972,0.0,4466.20166015625,87.71257781982422,0.23891539871692657
1775570296360,0.5586000084877014,0.0,4466.712890625,87.76055908203125,0.23903746902942657
1775570296380,0.5820499658584595,0.0,4467.15185546875,87.82522583007812,0.23915410041809082
1775570296400,0.5976499915122986,0.0,4467.66455078125,87.89791107177734,0.23929539322853088
1775570296420,0.6093499660491943,0.0,4468.10400390625,87.97138214111328,0.2394115924835205
1775570296440,0.6172000169754028,0.0,4468.54345703125,88.07109832763672,0.23955325782299042
1775570296460,0.6211000084877014,0.0,4469.0576171875,88.16326141357422,0.23967306315898895
1775570296480,0.6211000084877014,0.0,4469.57177734375,88.24693298339844,0.2398137003183365
1775570296500,0.6211000084877014,0.0,4470.0126953125,88.35589599609375,0.23993627727031708
1775570296520,0.6172000169754028,0.0,4470.52734375,88.45852661132812,0.24007491767406464
1775570296540,0.6172000169754028,0.0,4470.9697265625,88.54891967773438,0.2401953935623169
1775570296560,0.6172000169754028,0.0,4471.6337890625,88.6592025756836,0.24037417769432068
1775570296580,0.6172000169754028,0.0,4472.0771484375,88.77288055419922,0.24049736559391022
1775570296600,0.6172000169754028,0.0,4472.5947265625,88.84088134765625,0.2406367063522339
1775570296620,0.6172000169754028,0.0,4473.03857421875,88.94312286376953,0.24075964093208313
1775570296640,0.6172000169754028,0.0,4473.5576171875,89.05333709716797,0.24090136587619781
1775570296660,0.6172000169754028,0.0,4474.0029296875,89.14788818359375,0.2410213053226471
1775570296680,0.6132999658584595,0.0,4474.5224609375,89.25932312011719,0.24116291105747223
1775570296700,0.6132999658584595,0.0,4474.96923828125,89.36223602294922,0.2412840873003006
1775570296720,0.6132999658584595,0.0,4475.490234375,89.4508285522461,0.24142874777317047
1775570296740,0.6093499660491943,0.0,4475.93701171875,89.55035400390625,0.2415720522403717
1775570296760,0.6054499745368958,0.0,4476.45947265625,89.65400695800781,0.24169617891311646
1775570296780,0.6015499830245972,0.0,4476.90771484375,89.73674774169922,0.24184098839759827
1775570296800,0.5976499915122986,0.0,4477.4306640625,89.83126068115234,0.241963192820549
1775570296820,0.59375,0.0,4477.8798828125,89.92354583740234,0.2421056032180786
1775570296840,0.59375,0.0,4478.55419921875,90.01378631591797,0.24226878583431244
1775570296860,0.59375,0.0,4479.0791015625,90.10408782958984,0.24241475760936737
1775570296880,0.59375,0.0,4479.529296875,90.19073486328125,0.24253976345062256
1775570296900,0.6015499830245972,0.0,4480.0556640625,90.26822662353516,0.24268478155136108
1775570296920,0.6015499830245972,0.0,4480.5068359375,90.36245727539062,0.24280782043933868
1775570296940,0.6015499830245972,0.0,4481.03369140625,90.45360565185547,0.24295291304588318
1775570296960,0.6015499830245972,0.0,4481.486328125,90.53743743896484,0.24309758841991425
1775570296980,0.6015499830245972,0.0,4482.01416015625,90.63572692871094,0.24322183430194855
1775570297000,0.6015499830245972,0.0,4482.466796875,90.7206039428711,0.24336692690849304
1775570297020,0.6015499830245972,0.0,4482.99560546875,90.79698944091797,0.24349232017993927
1775570297040,0.6015499830245972,0.0,4483.44970703125,90.88832092285156,0.24363911151885986
1775570297060,0.6015499830245972,0.0,4483.9794921875,90.9797134399414,0.2437639981508255
1775570297080,0.6015499830245972,0.0,4484.43408203125,91.06634521484375,0.24391114711761475
1775570297100,0.6054499745368958,0.0,4484.96533203125,91.17334747314453,0.2440364509820938
1775570297120,0.6132999658584595,0.0,4485.4208984375,91.2820053100586,0.2441813349723816
1775570297140,0.6172000169754028,0.0,4485.953125,91.37104797363281,0.24430730938911438
1775570297160,0.6211000084877014,0.0,4486.638671875,91.47579193115234,0.2444985955953598
1775570297180,0.625,0.0,4487.095703125,91.57906341552734,0.24462422728538513
1775570297200,0.625,0.0,4487.6298828125,91.6649398803711,0.24477221071720123
1775570297220,0.625,0.0,4487.935546875,91.77862548828125,0.24485568702220917
1775570297240,0.625,0.0,4488.62353515625,91.8912353515625,0.24504682421684265
1775570297260,0.6211000084877014,0.0,4489.0830078125,91.99028778076172,0.24519498646259308
1775570297280,0.6211000084877014,0.0,4489.61962890625,92.09489440917969,0.24532246589660645
1775570297300,0.625,0.0,4490.07958984375,92.19705963134766,0.2454710453748703
1775570297320,0.6288999915122986,0.0,4490.61767578125,92.2708969116211,0.2455989420413971
1775570297340,0.6405999660491943,0.0,4491.0791015625,92.37628936767578,0.2457483559846878
1775570297360,0.6484500169754028,0.0,4491.6181640625,92.50030517578125,0.24587459862232208
1775570297380,0.65625,0.0,4492.0810546875,92.62017059326172,0.24600256979465485
1775570297400,0.6718499660491943,0.0,4492.6220703125,92.7583999633789,0.24615418910980225
1775570297420,0.6952999830245972,0.0,4493.08642578125,92.89055633544922,0.24628384411334991
1775570297440,0.7109500169754028,0.0,4493.783203125,93.01399230957031,0.24647679924964905
1775570297460,0.7304499745368958,0.0,4494.32666015625,93.18582916259766,0.24660558998584747
1775570297480,0.7422000169754028,0.0,4494.79248046875,93.36343383789062,0.24675758183002472
1775570297500,0.7422000169754028,0.0,4495.259765625,93.50691223144531,0.24688635766506195
1775570297520,0.7382999658584595,0.0,4495.80517578125,93.64362335205078,0.2470383644104004
1775570297540,0.7343499660491943,0.0,4496.2734375,93.80292510986328,0.24719111621379852
1775570297560,0.7265499830245972,0.0,4496.7421875,93.95890045166016,0.24732232093811035
1775570297580,0.71875,0.0,4497.29052734375,94.13551330566406,0.24745267629623413
1775570297600,0.71875,0.0,4497.7607421875,94.30293273925781,0.24760577082633972
1775570297620,0.7343499660491943,0.0,4498.31103515625,94.44422149658203,0.247737318277359
1775570297640,0.75,0.0,4498.94091796875,94.62548065185547,0.24793507158756256
1775570297660,0.7655999660491943,0.0,4499.57177734375,94.8073501586914,0.24806733429431915
1775570297680,0.7773499488830566,0.0,4499.96728515625,94.96819305419922,0.2482214719057083
1775570297700,0.7890499830245972,0.0,4500.52099609375,95.17748260498047,0.24835540354251862
1775570297720,0.7968499660491943,0.0,4500.9970703125,95.38632202148438,0.24848879873752594
1775570297740,0.8007999658584595,0.0,4501.55322265625,95.54441833496094,0.24864403903484344
1775570297760,0.8047000169754028,0.0,4502.03076171875,95.7454833984375,0.2487778216600418
1775570297780,0.8202999830245972,0.0,4502.5888671875,95.94880676269531,0.24893447756767273
1775570297800,0.8320499658584595,0.0,4503.06787109375,96.1234130859375,0.24906964600086212
1775570297820,0.8476499915122986,0.0,4503.62841796875,96.34456634521484,0.24922707676887512
1775570297840,0.8593499660491943,0.0,4504.27099609375,96.5830078125,0.24940770864486694
1775570297860,0.8672000169754028,0.0,4504.8349609375,96.78116607666016,0.24956654012203217
1775570297880,0.8710999488830566,0.0,4505.3193359375,97.0138931274414,0.2497035264968872
1775570297900,0.875,0.0,4505.8857421875,97.26856994628906,0.249863401055336
1775570297920,0.875,0.0,4506.3720703125,97.47981262207031,0.2500006854534149
1775570297940,0.875,0.0,4506.94091796875,97.72281646728516,0.25016045570373535
1775570297960,0.875,0.0,4507.4296875,97.96990203857422,0.2502979040145874
1775570297980,0.875,0.0,4508.00146484375,98.17704772949219,0.25046125054359436
1775570298000,0.8672000169754028,0.0,4508.4921875,98.4128646850586,0.2506007254123688
1775570298020,0.8593499660491943,0.0,4509.06640625,98.66417694091797,0.25076308846473694
1775570298040,0.8554500341415405,0.0,4509.56005859375,98.8901138305664,0.2509016692638397
1775570298060,0.8476499915122986,0.0,4510.13720703125,99.1205062866211,0.25106602907180786
1775570298080,0.84375,0.0,4510.7978515625,99.3564224243164,0.25125324726104736
1775570298100,0.84375,0.0,4511.37744140625,99.55158996582031,0.2514183521270752
1775570298120,0.8554500341415405,0.0,4511.87548828125,99.78016662597656,0.2515603303909302
1775570298140,0.8788999915122986,0.0,4512.45751953125,100.00328826904297,0.25172606110572815
1775570298160,0.8945499658584595,0.0,4512.95751953125,100.19992065429688,0.2518671154975891
1775570298180,0.9218499660491943,0.0,4513.5419921875,100.4435043334961,0.2520342171192169
1775570298200,0.9452999830245972,0.0,4514.04443359375,100.70321655273438,0.25217723846435547
1775570298220,0.9726499915122986,0.0,4514.5478515625,100.92356872558594,0.25234419107437134
1775570298240,1.0,0.0,4515.13671875,101.1859130859375,0.2524873912334442
1775570298260,1.0,0.0,4515.642578125,101.4631118774414,0.25265800952911377
1775570298280,1.0,0.0,4516.40380859375,101.70732879638672,0.25285014510154724
1775570298300,1.0,0.0,4516.91259765625,101.99512481689453,0.252994567155838
1775570298320,1.0,0.0,4517.337890625,102.28421783447266,0.2531169056892395
1775570298340,1.0,0.0,4518.0205078125,102.51351165771484,0.2533363401889801
1775570298360,1.0,0.0,4518.619140625,102.76821899414062,0.2534829080104828
1775570298380,1.0,0.0,4519.13330078125,103.04427337646484,0.25365185737609863
1775570298400,1.0,0.0,4519.73486328125,103.30604553222656,0.2538001239299774
1775570298420,1.0,0.0,4520.25244140625,103.60597229003906,0.2539462745189667
1775570298440,1.0,0.0,4520.857421875,103.89454650878906,0.254145085811615
1775570298460,1.0,0.0,4521.376953125,104.13196563720703,0.2542954981327057
1775570298480,1.0,0.0,4521.98486328125,104.41262817382812,0.25444358587265015
1775570298500,1.0,0.0,4522.5068359375,104.70342254638672,0.2546161711215973
1775570298520,1.0,0.0,4523.11767578125,104.94939422607422,0.2547643482685089
1775570298540,1.0,0.0,4523.8173828125,105.2221450805664,0.25498801469802856
1775570298560,1.0,0.0,4524.51953125,105.4972152709961,0.25513768196105957
1775570298580,1.0,0.0,4525.04736328125,105.74237823486328,0.2553166151046753
1775570298600,1.0,0.0,4525.57666015625,106.03813934326172,0.25546786189079285
1775570298620,1.0,0.0,4526.19580078125,106.33154296875,0.25564223527908325
1775570298640,1.0,0.0,4526.7275390625,106.58306121826172,0.2557934820652008
1775570298660,1.0,0.0,4527.349609375,106.87645721435547,0.2559720277786255
1775570298680,1.0,0.0,4527.88427734375,107.1693344116211,0.2561497390270233
1775570298700,1.0,0.0,4528.50927734375,107.4195785522461,0.2563054859638214
1775570298720,1.0,0.0,4529.046875,107.70252990722656,0.2564546465873718
1775570298740,1.0,0.0,4529.67529296875,107.99134826660156,0.25666213035583496
1775570298760,1.0,0.0,4530.21533203125,108.24622344970703,0.25681713223457336
1775570298780,1.0,0.0,4530.9375,108.55840301513672,0.25697338581085205
1775570298800,1.0,0.0,4531.48046875,108.86184692382812,0.25715115666389465
1775570298820,1.0,0.0,4532.02490234375,109.10879516601562,0.25733307003974915
1775570298840,1.0,0.0,4532.66162109375,109.39263916015625,0.2574877440929413
1775570298860,1.0,0.0,4533.20849609375,109.6691665649414,0.2576701045036316
1775570298880,1.0,0.0,4533.84814453125,109.92316436767578,0.25782814621925354
1775570298900,1.0,0.0,4534.4892578125,110.23487091064453,0.25800979137420654
1775570298920,1.0,0.0,4535.04052734375,110.52081298828125,0.2581927180290222
1775570298940,1.0,0.0,4535.6845703125,110.75984954833984,0.2583516240119934
1775570298960,1.0,0.0,4536.3310546875,111.06646728515625,0.2585337162017822
1775570298980,1.0,0.0,4536.88623046875,111.35816192626953,0.25869518518447876
1775570299000,1.0,0.0,4537.7216796875,111.59027099609375,0.2589307725429535
1775570299020,1.0,0.0,4538.09375,111.86839294433594,0.25906455516815186
1775570299040,1.0,0.0,4538.9326171875,112.16603088378906,0.25927624106407166
1775570299060,1.0,0.0,4539.5869140625,112.41992950439453,0.2594630718231201
1775570299080,1.0,0.0,4540.1494140625,112.71483612060547,0.2596238851547241
1775570299100,1.0,0.0,4540.806640625,113.00621032714844,0.25981205701828003
1775570299120,1.0,0.0,4541.37158203125,113.2418212890625,0.25999751687049866
1775570299140,1.0,0.0,4542.0322265625,113.52310180664062,0.2601589560508728
1775570299160,1.0,0.0,4542.69482421875,113.81905364990234,0.2603481709957123
1775570299180,1.0,0.0,4543.26416015625,114.04996490478516,0.26051244139671326
1775570299200,1.0,0.0,4543.9296875,114.3460693359375,0.2607024312019348
1775570299220,1.0,0.0,4544.50146484375,114.63277435302734,0.26086440682411194
1775570299240,1.0,0.0,4545.07421875,114.86573791503906,0.26105254888534546
1775570299260,1.0,0.0,4545.744140625,115.15279388427734,0.2612178921699524
1775570299280,1.0,0.0,4546.416015625,115.42681121826172,0.26140859723091125
1775570299300,1.0,0.0,4546.9931640625,115.66727447509766,0.2615993320941925
1775570299320,1.0,0.0,4547.66796875,115.96541595458984,0.26176369190216064
1775570299340,1.0,0.0,4548.24755859375,116.24283599853516,0.2619588077068329
1775570299360,1.0,0.0,4549.11962890625,116.47604370117188,0.2621784508228302
1775570299380,1.0,0.0,4549.7998046875,116.75167846679688,0.262378990650177
1775570299400,1.0,0.0,4550.3837890625,117.0276107788086,0.2625430226325989
1775570299420,1.0,0.0,4551.06689453125,117.25694274902344,0.262737512588501
1775570299440,1.0,0.0,4551.65380859375,117.53184509277344,0.26290538907051086
1775570299460,1.0,0.0,4552.33984375,117.82231140136719,0.26310035586357117
1775570299480,1.0,0.0,4552.92919921875,118.06600189208984,0.2632686495780945
1775570299500,1.0,0.0,4553.61865234375,118.33810424804688,0.26346704363822937
1775570299520,1.0,0.0,4554.21044921875,118.5894546508789,0.263634592294693
1775570299540,1.0,0.0,4554.90234375,118.81542205810547,0.2638344168663025
1775570299560,1.0,0.0,4555.4970703125,119.1029052734375,0.26400381326675415
1775570299580,1.0,0.0,4556.19189453125,119.38726806640625,0.26420241594314575
1775570299600,1.0,0.0,4556.7890625,119.6100082397461,0.26437386870384216
1775570299620,1.0,0.0,4557.48681640625,119.8626937866211,0.2645711600780487
1775570299640,1.0,0.0,4558.2861328125,120.12190246582031,0.2647978365421295
1775570299660,1.0,0.0,4558.9873046875,120.3462142944336,0.26500028371810913
1775570299680,1.0,0.0,4559.58935546875,120.62578582763672,0.2651747167110443
1775570299700,1.0,0.0,4560.29345703125,120.90483856201172,0.26537254452705383
1775570299720,1.0,0.0,4560.89794921875,121.11827850341797,0.2655770182609558
1775570299740,1.0,0.0,4561.60400390625,121.18402862548828,0.2657489478588104
1775570299760,1.0,0.0,4562.208984375,121.14596557617188,0.2659204602241516
1775570299780,1.0,0.0,4562.9150390625,121.20230865478516,0.2661229372024536
1775570299800,1.0,0.0,4563.5205078125,121.39142608642578,0.26629650592803955
1775570299820,1.0,0.0,4564.22802734375,121.47830963134766,0.2664961516857147
1775570299840,1.0,0.0,4564.83447265625,121.45650482177734,0.2666686773300171
1775570299860,1.0,0.0,4565.744140625,121.47075653076172,0.2669267952442169
1775570299880,1.0,0.0,4566.35107421875,121.6268081665039,0.2671006917953491
1775570299900,1.0,0.0,4567.060546875,121.69236755371094,0.26730310916900635
1775570299920,1.0,0.0,4567.66845703125,121.66050720214844,0.26747554540634155
1775570299940,1.0,0.0,4568.2763671875,121.70774841308594,0.2676756680011749
1775570299960,1.0,0.0,4568.98583984375,121.86349487304688,0.26785042881965637
1775570299980,1.0,0.0,4569.69677734375,121.91294860839844,0.2680202126502991
1775570300000,1.0,0.0,4570.30615234375,121.86983489990234,0.2682205140590668
1775570300020,1.0,0.0,4570.91552734375,121.9170913696289,0.2683907747268677
1775570300040,1.0,0.0,4571.72802734375,122.039794921875,0.2686499059200287
1775570300060,1.0,0.0,4572.54150390625,122.03469848632812,0.26882264018058777
1775570300080,1.0,0.0,4573.04931640625,122.00447845458984,0.26902198791503906
1775570300100,1.0,0.0,4573.7607421875,122.12580871582031,0.26919376850128174
1775570300120,1.0,0.0,4574.37158203125,122.1931381225586,0.26936474442481995
1775570300140,1.0,0.0,4575.083984375,122.16316223144531,0.2695658504962921
1775570300160,0.9726499915122986,0.0,4575.69482421875,122.18417358398438,0.2697381377220154
1775570300180,0.7265499830245972,0.0,4576.40771484375,122.29572296142578,0.2699364721775055
1775570300200,0.42454999685287476,0.0,4577.22216796875,122.29007720947266,0.2701662480831146
1775570300220,0.0,0.0,4577.62939453125,122.23780059814453,0.27031075954437256
1775570300240,0.0,0.0,4578.34228515625,122.18247985839844,0.2704816460609436
1775570300260,0.0,0.0,4579.25830078125,122.12516021728516,0.27073806524276733
1775570300280,0.0,0.0,4579.869140625,122.05673217773438,0.27091071009635925
1775570300300,0.0,0.0,4580.478515625,121.98931121826172,0.27108097076416016
1775570300320,0.0,0.0,4581.189453125,121.93001556396484,0.2712806463241577
1775570300340,0.0,0.0,4581.798828125,121.85559844970703,0.2714539170265198
1775570300360,0.0,0.0,4582.408203125,121.78263092041016,0.27162545919418335
1775570300380,0.0,0.037273112684488297,4583.32080078125,121.71977996826172,0.27188050746917725
1775570300400,0.0,0.22301867604255676,4583.92919921875,121.59778594970703,0.27205172181129456
1775570300420,0.0,0.3285457193851471,4584.6376953125,121.3313980102539,0.27225106954574585
1775570300440,0.0,0.37435343861579895,4585.24365234375,121.0383071899414,0.2724197804927826
1775570300460,0.0,0.35359296202659607,4585.84814453125,120.66600799560547,0.27261871099472046
1775570300480,0.0,0.29529228806495667,4586.55126953125,120.30884552001953,0.27278783917427063
1775570300500,0.0,0.2598053216934204,4587.15234375,120.03827667236328,0.27298471331596375
1775570300520,0.0,0.23490040004253387,4587.8515625,119.74015045166016,0.27315425872802734
1775570300540,0.0,0.23490040004253387,4588.64892578125,119.46588897705078,0.2733783721923828
1775570300560,0.0,0.23899315297603607,4589.34521484375,119.23084259033203,0.2735743522644043
1775570300580,0.0,0.24719645082950592,4589.9404296875,118.9557113647461,0.2737405598163605
1775570300600,0.0,0.24719645082950592,4590.6337890625,118.67095947265625,0.27393534779548645
1775570300620,0.0,0.24719645082950592,4591.2265625,118.41790771484375,0.2741028070449829
1775570300640,0.0,0.2555616796016693,4591.818359375,118.1396484375,0.27429503202438354
1775570300660,0.0,0.27724602818489075,4592.50732421875,117.84745788574219,0.27446168661117554
1775570300680,0.0,0.29529228806495667,4593.09619140625,117.58081817626953,0.27462708950042725
1775570300700,0.0,0.2999078333377838,4593.9775390625,117.24946594238281,0.27487483620643616
1775570300720,0.0,0.2999078333377838,4594.3681640625,116.92152404785156,0.27498361468315125
1775570300740,0.0,0.2907184362411499,4595.14794921875,116.64143371582031,0.2752293348312378
1775570300760,0.0,0.2816954255104065,4595.828125,116.32057189941406,0.27539241313934326
1775570300780,0.0,0.27724602818489075,4596.40966796875,115.99911499023438,0.275556355714798
1775570300800,0.0,0.27724602818489075,4597.0859375,115.72744750976562,0.2757451832294464
1775570300820,0.0,0.28618618845939636,4597.6640625,115.42140197753906,0.27590930461883545
1775570300840,0.0,0.2907184362411499,4598.2412109375,115.1142578125,0.2760961651802063
1775570300860,0.0,0.29529228806495667,4599.1044921875,114.83943939208984,0.27631229162216187
1775570300880,0.0,0.2999078333377838,4599.67822265625,114.50443267822266,0.276498943567276
1775570300900,0.0,0.3045651912689209,4600.345703125,114.17473602294922,0.2766609191894531
1775570300920,0.0,0.3093250095844269,4600.91650390625,113.89124298095703,0.2768191397190094
1775570300940,0.0,0.31406691670417786,4601.58056640625,113.56063842773438,0.277005672454834
1775570300960,0.0,0.31406691670417786,4602.14794921875,113.22437286376953,0.27716487646102905
1775570300980,0.0,0.31406691670417786,4602.80810546875,112.9249038696289,0.27734941244125366
1775570301000,0.0,0.31406691670417786,4603.37255859375,112.58839416503906,0.2775086760520935
1775570301020,0.0,0.31885090470314026,4603.935546875,112.29949951171875,0.27769210934638977
1775570301040,0.0,0.3285457193851471,4604.77734375,111.9553451538086,0.27790263295173645
1775570301060,0.0,0.33345672488212585,4605.4296875,111.60383605957031,0.27808526158332825
1775570301080,0.0,0.33345672488212585,4605.9873046875,111.2485580444336,0.27824169397354126
1775570301100,0.0,0.33345672488212585,4606.54345703125,110.95364379882812,0.2784230709075928
1775570301120,0.0,0.3434065580368042,4607.18994140625,110.60833740234375,0.2785778343677521
1775570301140,0.0,0.35359296202659607,4607.74267578125,110.24649047851562,0.27875781059265137
1775570301160,0.0,0.3587183654308319,4608.3857421875,109.93350219726562,0.2789137363433838
1775570301180,0.0,0.36388683319091797,4609.0263671875,109.55846405029297,0.2790924310684204
1775570301200,0.0,0.3690984845161438,4609.57373046875,109.1902084350586,0.2792458236217499
1775570301220,0.0,0.37435343861579895,4610.11962890625,108.88145446777344,0.27939939498901367
1775570301240,0.0,0.40135154128074646,4610.935546875,108.48567962646484,0.27962779998779297
1775570301260,0.0,0.4124302268028259,4611.5673828125,108.07816314697266,0.27980515360832214
1775570301280,0.0,0.4236852526664734,4612.10693359375,107.71693420410156,0.2799566388130188
1775570301300,0.0,0.4468027353286743,4612.64501953125,107.28353118896484,0.2801069915294647
1775570301320,0.0,0.4585927426815033,4613.27001953125,106.85651397705078,0.28028392791748047
1775570301340,0.0,0.4766146242618561,4613.8037109375,106.45219421386719,0.2804293632507324
1775570301360,0.0,0.48279061913490295,4614.423828125,105.97042083740234,0.28060784935951233
1775570301380,0.0,0.48893406987190247,4614.953125,105.49422454833984,0.2807539403438568
1775570301400,0.0,0.5013568997383118,4615.56787109375,105.09034729003906,0.2809273302555084
1775570301420,0.0,0.5076366662979126,4616.0927734375,104.60989379882812,0.28107354044914246
1775570301440,0.0,0.5267500281333923,4616.7021484375,104.09797668457031,0.281244158744812
1775570301460,0.0,0.5463610887527466,4617.22265625,103.6506576538086,0.28139179944992065
1775570301480,0.0,0.5663055777549744,4617.74072265625,103.11534881591797,0.28156036138534546
1775570301500,0.0,0.5663055777549744,4618.513671875,102.56857299804688,0.2817533314228058
1775570301520,0.0,0.5730466246604919,4618.9404296875,102.10687255859375,0.28187260031700134
1775570301540,0.0,0.5867562294006348,4619.6201171875,101.57034301757812,0.2820631265640259
1775570301560,0.0,0.614564061164856,4620.21142578125,101.00192260742188,0.28223109245300293
1775570301580,0.0,0.6287504434585571,4620.7158203125,100.4920654296875,0.2823733985424042
1775570301600,0.0,0.6359143853187561,4621.30126953125,99.88981628417969,0.2825354337692261
1775570301620,0.0,0.6359143853187561,4621.80029296875,99.28964233398438,0.28267431259155273
1775570301640,0.0,0.6359143853187561,4622.37890625,98.77872467041016,0.2828370928764343
1775570301660,0.0,0.6359143853187561,4622.8720703125,98.1771469116211,0.2829761207103729
1775570301680,0.0,0.650478184223175,4623.4443359375,97.5387954711914,0.28313595056533813
1775570301700,0.0,0.650478184223175,4623.931640625,97.01054382324219,0.2832724153995514
1775570301720,0.0,0.657785177230835,4624.4970703125,96.40050506591797,0.28343284130096436
1775570301740,0.0,0.650478184223175,4625.138671875,95.77285766601562,0.28361016511917114
1775570301760,0.0,0.6287504434585571,4625.69677734375,95.25181579589844,0.2837666869163513
1775570301780,0.0,0.614564061164856,4626.171875,94.6262435913086,0.2839007079601288
1775570301800,0.0,0.6075416803359985,4626.72314453125,94.02046966552734,0.28405678272247314
1775570301820,0.0,0.5867562294006348,4627.19287109375,93.52696228027344,0.28421083092689514
1775570301840,0.0,0.5730466246604919,4627.73779296875,92.95489501953125,0.2843414545059204
1775570301860,0.0,0.5463610887527466,4628.2021484375,92.40045166015625,0.28449320793151855
1775570301880,0.0,0.5076366662979126,4628.7412109375,91.93794250488281,0.2846224904060364
1775570301900,0.0,0.4468027353286743,4629.20068359375,91.41114044189453,0.2847733795642853
1775570301920,0.0,0.3690984845161438,4629.73388671875,90.95254516601562,0.2848999798297882
1775570301940,0.0,0.3093250095844269,4630.18896484375,90.61561584472656,0.285049706697464
1775570301960,0.0,0.23899315297603607,4630.7177734375,90.27716827392578,0.2851777970790863
1775570301980,0.0,0.18941907584667206,4631.24462890625,89.99848937988281,0.2853236496448517
1775570302000,0.0,0.09377803653478622,4631.6953125,89.7988510131836,0.28544944524765015
1775570302020,0.0,0.005125235300511122,4632.2197265625,89.64409637451172,0.2855980694293976
1775570302040,0.0,0.0,4632.89306640625,89.5511703491211,0.28578710556030273
1775570302060,0.0,0.0,4633.34130859375,89.48218536376953,0.2859117388725281
1775570302080,0.0,0.0,4633.8642578125,89.4070816040039,0.28606095910072327
1775570302100,0.0,0.0,4634.3125,89.32987213134766,0.28618574142456055
1775570302120,0.0,0.0,4634.76025390625,89.25814056396484,0.2863295376300812
1775570302140,0.0,0.0,4635.28173828125,89.18218994140625,0.2864561975002289
1775570302160,0.0,0.0,4635.802734375,89.11365509033203,0.28660210967063904
1775570302180,0.0,0.0,4636.24951171875,89.05110931396484,0.2867283225059509
1775570302200,0.0,0.0,4636.76904296875,88.97816467285156,0.28687646985054016
1775570302220,0.1904500126838684,0.0,4637.21435546875,88.91912078857422,0.287002295255661
1775570302240,0.3452000021934509,0.0,4637.73388671875,88.89265441894531,0.2871442437171936
1775570302260,0.48410001397132874,0.0,4638.17919921875,88.89535522460938,0.2872941195964813
1775570302280,0.5468500256538391,0.0,4638.6982421875,88.94453430175781,0.2874201536178589
1775570302300,0.5898500084877014,0.0,4639.2177734375,89.02311706542969,0.287565141916275
1775570302320,0.6132999658584595,0.0,4639.6630859375,89.14668273925781,0.28769367933273315
1775570302340,0.6172000169754028,0.0,4640.18359375,89.29610443115234,0.2878623306751251
1775570302360,0.6172000169754028,0.0,4640.6298828125,89.43443298339844,0.28798937797546387
1775570302380,0.6054499745368958,0.0,4641.22607421875,89.60206604003906,0.2881382405757904
1775570302400,0.59375,0.0,4641.67431640625,89.77680969238281,0.28826799988746643
1775570302420,0.5820499658584595,0.0,4642.1982421875,89.922119140625,0.28841736912727356
1775570302440,0.5586000084877014,0.0,4642.64794921875,90.094970703125,0.28856632113456726
1775570302460,0.5429499745368958,0.0,4643.173828125,90.24881744384766,0.2886958122253418
1775570302480,0.5351499915122986,0.0,4643.625,90.400390625,0.28884395956993103
1775570302500,0.5351499915122986,0.0,4644.15283203125,90.53964233398438,0.28897470235824585
1775570302520,0.5351499915122986,0.0,4644.68115234375,90.69094848632812,0.2891250550746918
1775570302540,0.5429499745368958,0.0,4645.13525390625,90.83084869384766,0.28927743434906006
1775570302560,0.5429499745368958,0.0,4645.6650390625,90.9725112915039,0.2894062399864197
1775570302580,0.5429499745368958,0.0,4646.1962890625,91.12033081054688,0.28956449031829834
1775570302600,0.5351499915122986,0.0,4646.65185546875,91.25272369384766,0.2896944582462311
1775570302620,0.5077999830245972,0.0,4647.18408203125,91.40302276611328,0.2898528575897217
1775570302640,0.3928000032901764,0.0,4647.71728515625,91.53314971923828,0.29000577330589294
1775570302660,0.15870001912117004,0.0,4648.1748046875,91.6204833984375,0.29013925790786743
1775570302680,0.0,0.0,4648.70947265625,91.64592742919922,0.2902962863445282
1775570302700,0.0,0.0,4649.16796875,91.58383178710938,0.2904495596885681
1775570302720,0.0,0.0,4649.7021484375,91.51588439941406,0.2905868887901306
1775570302740,0.0,0.0,4650.2353515625,91.43560028076172,0.29074206948280334
1775570302760,0.0,0.0,4650.6923828125,91.35811614990234,0.29089823365211487
1775570302780,0.0,0.0,4651.2255859375,91.28911590576172,0.291036456823349
1775570302800,0.0,0.0,4651.75830078125,91.21038055419922,0.29118984937667847
1775570302820,0.0,0.0,4652.2138671875,91.13089752197266,0.2913256287574768
1775570302840,0.0,0.0,4652.8974609375,91.06368255615234,0.2915249168872833
1775570302860,0.0,0.0,4653.4287109375,90.97972106933594,0.2916853129863739
1775570302880,0.0,0.024786198511719704,4653.8828125,90.89614868164062,0.2918194830417633
1775570302900,0.0,0.09617915004491806,4654.41259765625,90.8056411743164,0.29198214411735535
1775570302920,0.0,0.22301867604255676,4654.8662109375,90.63282012939453,0.2921159863471985
1775570302940,0.0,0.2816954255104065,4655.31884765625,90.3582992553711,0.2922757863998413
1775570302960,0.0,0.2907184362411499,4655.845703125,90.07879638671875,0.2924143970012665
1775570302980,0.0,0.27724602818489075,4656.3701171875,89.746826171875,0.29257237911224365
1775570303000,0.0,0.27724602818489075,4656.818359375,89.4267349243164,0.2927038073539734
1775570303020,0.0,0.27724602818489075,4657.2646484375,89.15286254882812,0.29286420345306396
1775570303040,0.0,0.27724602818489075,4657.7841796875,88.823974609375,0.29299524426460266
1775570303060,0.0,0.2728378474712372,4658.3017578125,88.47552490234375,0.2931559681892395
1775570303080,0.0,0.2684151530265808,4658.74365234375,88.18694305419922,0.29329150915145874
1775570303100,0.0,0.2513587772846222,4659.25732421875,87.87071990966797,0.2934502959251404
1775570303120,0.0,0.24307461082935333,4659.6962890625,87.56270599365234,0.2935812175273895
1775570303140,0.0,0.24307461082935333,4660.35205078125,87.29534149169922,0.29378360509872437
1775570303160,0.0,0.24307461082935333,4660.86083984375,86.97776794433594,0.2939389944076538
1775570303180,0.0,0.24719645082950592,4661.29541015625,86.65775299072266,0.29407045245170593
1775570303200,0.0,0.2513587772846222,4661.728515625,86.38529205322266,0.2942257225513458
1775570303220,0.0,0.2513587772846222,4662.23193359375,86.06824493408203,0.2943574786186218
1775570303240,0.0,0.2513587772846222,4662.73388671875,85.75569915771484,0.2945103943347931
1775570303260,0.0,0.24719645082950592,4663.16259765625,85.4769058227539,0.294639527797699
1775570303280,0.0,0.23899315297603607,4663.66064453125,85.14775085449219,0.2947898507118225
1775570303300,0.0,0.23490040004253387,4664.08642578125,84.83190155029297,0.29492247104644775
1775570303320,0.0,0.23089979588985443,4664.5810546875,84.56723022460938,0.2950734496116638
1775570303340,0.0,0.23089979588985443,4665.00390625,84.25920867919922,0.2952263653278351
1775570303360,0.0,0.23899315297603607,4665.4951171875,83.96036529541016,0.295352965593338
1775570303380,0.0,0.24307461082935333,4665.9150390625,83.69202423095703,0.2955029010772705
1775570303400,0.0,0.24719645082950592,4666.40283203125,83.36111450195312,0.2956317067146301
1775570303420,0.0,0.24719645082950592,4666.888671875,83.03678894042969,0.2957771122455597
1775570303440,0.0,0.24719645082950592,4667.3037109375,82.76530456542969,0.29590749740600586
1775570303460,0.0,0.23899315297603607,4667.7861328125,82.44259643554688,0.2960517406463623
1775570303480,0.0,0.23899315297603607,4668.40380859375,82.1184310913086,0.29623886942863464
1775570303500,0.0,0.23490040004253387,4668.67724609375,81.84613800048828,0.296322226524353
1775570303520,0.0,0.23490040004253387,4669.154296875,81.53343200683594,0.29646554589271545
1775570303540,0.0,0.23490040004253387,4669.69775390625,81.20431518554688,0.2966329753398895
1775570303560,0.0,0.23490040004253387,4670.17041015625,80.9229507446289,0.296779066324234
1775570303580,0.0,0.22693927586078644,4670.57421875,80.6039047241211,0.29689738154411316
1775570303600,0.0,0.22693927586078644,4671.04345703125,80.28572082519531,0.2970404326915741
1775570303620,0.0,0.22301867604255676,4671.4443359375,80.01156616210938,0.29717814922332764
1775570303640,0.0,0.21149519085884094,4671.91064453125,79.70549011230469,0.2973015308380127
1775570303660,0.0,0.20773307979106903,4672.30908203125,79.40017700195312,0.29744282364845276
1775570303680,0.0,0.20773307979106903,4672.7724609375,79.13324737548828,0.2975640594959259
1775570303700,0.0,0.20396281778812408,4673.16796875,78.8362808227539,0.29770275950431824
1775570303720,0.0,0.20027969777584076,4673.62744140625,78.54740905761719,0.29781991243362427
1775570303740,0.0,0.20027969777584076,4674.08544921875,78.29243469238281,0.2979610860347748
1775570303760,0.0,0.19663572311401367,4674.4765625,77.98200988769531,0.29807519912719727
1775570303780,0.0,0.18946455419063568,4674.93115234375,77.6941146850586,0.2982138395309448
1775570303800,0.0,0.1858471781015396,4675.3193359375,77.45541381835938,0.2983294725418091
1775570303820,0.0,0.16849423944950104,4675.77099609375,77.16352844238281,0.29846513271331787
1775570303840,0.0,0.14277681708335876,4676.15673828125,76.91310119628906,0.2985992729663849
1775570303860,0.0,0.11678069829940796,4676.73291015625,76.71257019042969,0.2987511157989502
1775570303880,0.0,0.08224359899759293,4677.18017578125,76.48214721679688,0.29888716340065
1775570303900,0.0,0.05110889673233032,4677.5625,76.28952026367188,0.2990005612373352
1775570303920,0.0,0.030659381300210953,4677.8798828125,76.15482330322266,0.29909631609916687
1775570303940,0.0,0.010669971816241741,4678.3876953125,76.01310729980469,0.2992676794528961
1775570303960,0.0,0.00025362122687511146,4678.89404296875,75.88752746582031,0.29937800765037537
1775570303980,0.0,0.0,4679.27294921875,75.78671264648438,0.29951050877571106
1775570304000,0.0,0.0,4679.65185546875,75.67095947265625,0.29962417483329773
1775570304020,0.0,0.0,4679.966796875,75.55366516113281,0.2997160255908966
1775570304040,0.0,0.0,4680.470703125,75.45494842529297,0.2998846471309662
1775570304060,0.0,0.0,4680.97314453125,75.33214569091797,0.2999941408634186
1775570304080,0.0,0.0,4681.35009765625,75.21125030517578,0.30012401938438416
1775570304100,0.0,0.0,4681.7265625,75.11027526855469,0.30025577545166016
1775570304120,0.0,0.0,4682.16455078125,74.99115753173828,0.30036309361457825
1775570304140,0.0,0.0,4682.60205078125,74.87386322021484,0.3004956841468811
1775570304160,0.0,0.0,4683.03857421875,74.7722396850586,0.30062174797058105
1775570304180,0.0,0.0,4683.412109375,74.6539535522461,0.3007488548755646
1775570304200,0.0,0.0,4683.84765625,74.5341796875,0.3008606731891632
1775570304220,0.0,0.0,4684.15771484375,74.43492889404297,0.30095064640045166
1775570304240,0.0,0.0,4684.65380859375,74.32051086425781,0.3011167347431183
1775570304260,0.0,0.0,4685.1484375,74.20618438720703,0.30122315883636475
1775570304280,0.0,0.0,4685.51904296875,74.11090087890625,0.3013525903224945
1775570304300,0.0,0.0,4685.95068359375,73.98946380615234,0.30147892236709595
1775570304320,0.0,0.0,4686.19677734375,73.85924530029297,0.3015505373477936
1775570304340,0.0,0.0,4686.62744140625,73.76028442382812,0.30167606472969055
1775570304360,0.0,0.0,4687.0576171875,73.64047241210938,0.301799476146698
1775570304380,0.0,0.0,4687.48681640625,73.5135498046875,0.30192482471466064
1775570304400,0.0,0.0,4687.8544921875,73.40312957763672,0.302050918340683
1775570304420,0.0,0.0,4688.28271484375,73.27436065673828,0.3021560609340668
1775570304440,0.0,0.0,4688.7099609375,73.1409683227539,0.30229854583740234
1775570304460,0.0,0.0,4689.13671875,73.03079986572266,0.30240383744239807
1775570304480,0.0,0.0,4689.5625,72.89965057373047,0.30252864956855774
1775570304500,0.0,0.0,4689.92724609375,72.76422119140625,0.30265140533447266
1775570304520,0.0,0.0,4690.3515625,72.64562225341797,0.30277472734451294
1775570304540,0.0,0.0,4690.775390625,72.51370239257812,0.3028826117515564
1775570304560,0.0,0.0,4691.2587890625,72.37010955810547,0.30300372838974
1775570304580,0.0,0.0,4691.62060546875,72.25436401367188,0.3031249940395355
1775570304600,0.0,0.0,4691.921875,72.10095977783203,0.30321285128593445
1775570304620,0.0,0.0,4692.34228515625,71.96355438232422,0.3033323884010315
1775570304640,0.0,0.0,4692.7021484375,71.83805084228516,0.30345234274864197
1775570304660,0.0,0.0,4693.12109375,71.69873809814453,0.30357491970062256
1775570304680,0.0,0.0,4693.5390625,71.54110717773438,0.30369484424591064
1775570304700,0.0,0.0,4693.9560546875,71.42034912109375,0.303816020488739
1775570304720,0.0,0.0,4694.37255859375,71.25902557373047,0.303918719291687
1775570304740,0.0,0.0,4694.7880859375,71.11325073242188,0.30403685569763184
1775570304760,0.0,0.0,4695.20263671875,70.97022247314453,0.3041580319404602
1775570304780,0.0,0.0,4695.498046875,70.83435821533203,0.30424338579177856
1775570304800,0.0,0.0,4695.8525390625,70.69915771484375,0.30436041951179504
1775570304820,0.0,0.0,4696.2646484375,70.55913543701172,0.3044792711734772
1775570304840,0.0,0.0,4696.67578125,70.37889862060547,0.3045988082885742
1775570304860,0.0,0.0,4697.0859375,70.23101806640625,0.30469974875450134
1775570304880,0.0,0.0,4697.4951171875,70.07483673095703,0.3048165440559387
1775570304900,0.0,0.0,4697.90380859375,69.92549133300781,0.3049338161945343
1775570304920,0.0,0.0,4698.1953125,69.73484802246094,0.3050190210342407
1775570304940,0.0,0.0,4698.71826171875,69.60709381103516,0.3051691949367523
1775570304960,0.0,0.0,4698.9501953125,69.42774200439453,0.3052501082420349
1775570304980,0.0,0.0,4699.35546875,69.27444458007812,0.3053660988807678
1775570305000,0.0,0.0,4699.759765625,69.11192321777344,0.30548250675201416
1775570305020,0.0,0.0,4700.1630859375,68.9667739868164,0.30558088421821594
1775570305040,0.0,0.0,4700.5654296875,68.76351928710938,0.30571332573890686
1775570305060,0.0,0.0,4700.966796875,68.6207504272461,0.3058118224143982
1775570305080,0.0,0.0,4701.36669921875,68.45182800292969,0.3059261441230774
1775570305100,0.05555000901222229,0.0,4701.76611328125,68.30284118652344,0.30604004859924316
1775570305120,0.09125000238418579,0.0,4701.99365234375,68.16688537597656,0.306121289730072
1775570305140,0.1269499957561493,0.0,4702.5048828125,68.03107452392578,0.3062684237957001
1775570305160,0.14680001139640808,0.0,4702.7880859375,67.88848876953125,0.3063492178916931
1775570305180,0.16664999723434448,0.0,4703.1845703125,67.7773208618164,0.30644482374191284
1775570305200,0.18250000476837158,0.0,4703.580078125,67.6701889038086,0.3065589666366577
1775570305220,0.1904500126838684,0.0,4703.974609375,67.54383850097656,0.3066715896129608
1775570305240,0.1904500126838684,0.0,4704.31298828125,67.46087646484375,0.30678296089172363
1775570305260,0.1904500126838684,0.0,4704.70654296875,67.33650207519531,0.30689558386802673
1775570305280,0.18650001287460327,0.0,4705.099609375,67.2609634399414,0.3069922626018524
1775570305300,0.18250000476837158,0.0,4705.49169921875,67.13233947753906,0.30711889266967773
1775570305320,0.17855000495910645,0.0,4705.771484375,67.06476593017578,0.30718180537223816
1775570305340,0.1746000051498413,0.0,4706.2744140625,66.95301055908203,0.30732592940330505
1775570305360,0.17059999704360962,0.0,4706.6650390625,66.89851379394531,0.307437926530838
1775570305380,0.15870001912117004,0.0,4706.943359375,66.7842025756836,0.3075169026851654
1775570305400,0.15080001950263977,0.0,4707.33251953125,66.70911407470703,0.30762729048728943
1775570305420,0.14285001158714294,0.0,4707.66552734375,66.62357330322266,0.30773934721946716
1775570305440,0.1269499957561493,0.0,4708.0537109375,66.52923583984375,0.3078485131263733
1775570305460,0.11110001802444458,0.0,4708.44140625,66.41525268554688,0.30795949697494507
1775570305480,0.09920001029968262,0.0,4708.828125,66.30384063720703,0.3080524206161499
1775570305500,0.07935002446174622,0.0,4709.21435546875,66.20110321044922,0.30816254019737244
1775570305520,0.07140001654624939,0.0,4709.490234375,66.05154418945312,0.3082406520843506
1775570305540,0.05950000882148743,0.0,4709.98583984375,65.95648956298828,0.3083799183368683
1775570305560,0.05555000901222229,0.0,4710.3701171875,65.8098373413086,0.3084883391857147
1775570305580,0.047600001096725464,0.0,4710.58984375,65.677978515625,0.30856630206108093
1775570305600,0.03970000147819519,0.0,4710.97314453125,65.5556411743164,0.3086596429347992
1775570305620,0.03970000147819519,0.0,4711.35595703125,65.40972900390625,0.3087679147720337
1775570305640,0.047600001096725464,0.0,4711.73779296875,65.26925659179688,0.3088914453983307
1775570305660,0.05160000920295715,0.0,4712.06396484375,65.14349365234375,0.30898359417915344
1775570305680,0.06350001692771912,0.0,4712.498046875,65.01502227783203,0.30909040570259094
1775570305700,0.07935002446174622,0.0,4712.8232421875,64.88549041748047,0.30919671058654785
1775570305720,0.09920001029968262,0.0,4713.201171875,64.78195190429688,0.309303879737854
1775570305740,0.1269499957561493,0.0,4713.5791015625,64.6641845703125,0.3093942105770111
1775570305760,0.16269999742507935,0.0,4714.01025390625,64.55647277832031,0.30950093269348145
1775570305780,0.21424999833106995,0.0,4714.33251953125,64.46634674072266,0.3096067011356354
1775570305800,0.2817000150680542,0.0,4714.70849609375,64.36958312988281,0.3097115755081177
1775570305820,0.33329999446868896,0.0,4714.92333984375,64.28143310546875,0.30978718400001526
1775570305840,0.37299999594688416,0.0,4715.2978515625,64.21732330322266,0.3098770081996918
1775570305860,0.40470001101493835,0.0,4715.67236328125,64.16411590576172,0.3099825084209442
1775570305880,0.42855000495910645,0.0,4716.046875,64.12982177734375,0.31008732318878174
1775570305900,0.4404500126838684,0.0,4716.4208984375,64.11758422851562,0.3101921081542969
1775570305920,0.4404500126838684,0.0,4716.794921875,64.11829376220703,0.3102969229221344
1775570305940,0.4404500126838684,0.0,4717.16943359375,64.13375854492188,0.31040158867836
1775570305960,0.4325000047683716,0.0,4717.5439453125,64.15339660644531,0.3105059862136841
1775570305980,0.4205999970436096,0.0,4717.86474609375,64.18089294433594,0.310610830783844
1775570306000,0.4205999970436096,0.0,4718.13232421875,64.21113586425781,0.3106854259967804
1775570306020,0.41659998893737793,0.0,4718.5068359375,64.24079132080078,0.3107753396034241
1775570306040,0.4126499891281128,0.0,4718.8818359375,64.27397918701172,0.3108801245689392
1775570306060,0.40869998931884766,0.0,4719.25732421875,64.30750274658203,0.31098487973213196
1775570306080,0.4007500112056732,0.0,4719.6328125,64.34501647949219,0.3110892176628113
1775570306100,0.38089999556541443,0.0,4720.0087890625,64.37797546386719,0.3111935555934906
1775570306120,0.38089999556541443,0.0,4720.384765625,64.38420867919922,0.31129810214042664
1775570306140,0.37299999594688416,0.0,4720.76025390625,64.39610290527344,0.31140217185020447
1775570306160,0.3571000099182129,0.0,4721.13623046875,64.41874694824219,0.3115066587924957
1775570306180,0.3452000021934509,0.0,4721.45849609375,64.43611145019531,0.3116115927696228
1775570306200,0.33329999446868896,0.0,4721.72705078125,64.44892883300781,0.31167128682136536
1775570306220,0.32534998655319214,0.0,4722.10302734375,64.4521255493164,0.3117755353450775
1775570306240,0.32534998655319214,0.0,4722.47900390625,64.44088745117188,0.3118801712989807
1775570306260,0.32534998655319214,0.0,4722.80126953125,64.42467498779297,0.31198400259017944
1775570306280,0.32934999465942383,0.0,4723.22998046875,64.40504455566406,0.31208762526512146
1775570306300,0.35315001010894775,0.0,4723.55224609375,64.38773345947266,0.3121775984764099
1775570306320,0.3769499957561493,0.0,4723.927734375,64.35511016845703,0.3122820556163788
1775570306340,0.4126499891281128,0.0,4724.30322265625,64.322998046875,0.31238529086112976
1775570306360,0.452349990606308,0.0,4724.62548828125,64.3355941772461,0.31248903274536133
1775570306380,0.4761500060558319,0.0,4725.0009765625,64.3646469116211,0.31259313225746155
1775570306400,0.4959999918937683,0.0,4725.376953125,64.40327453613281,0.31268179416656494
1775570306420,0.5,0.0,4725.6455078125,64.44684600830078,0.312756210565567
1775570306440,0.5,0.0,4726.12890625,64.49504089355469,0.31288960576057434
1775570306460,0.492000013589859,0.0,4726.50634765625,64.557861328125,0.3129936456680298
1775570306480,0.4761500060558319,0.0,4726.72216796875,64.6221694946289,0.31305378675460815
1775570306500,0.46424999833106995,0.0,4727.099609375,64.66978454589844,0.3131575882434845
1775570306520,0.4404500126838684,0.0,4727.4775390625,64.71370697021484,0.31326180696487427
1775570306540,0.4126499891281128,0.0,4727.80126953125,64.75298309326172,0.3133656680583954
1775570306560,0.38885000348091125,0.0,4728.17919921875,64.77789306640625,0.31345611810684204
1775570306580,0.37299999594688416,0.0,4728.55712890625,64.79903411865234,0.3135599195957184
1775570306600,0.35315001010894775,0.0,4728.93505859375,64.82415771484375,0.3136633336544037
1775570306620,0.3372499942779541,0.0,4729.25927734375,64.83877563476562,0.3137681782245636
1775570306640,0.33329999446868896,0.0,4729.63720703125,64.84244537353516,0.3138732314109802
1775570306660,0.33329999446868896,0.0,4730.01513671875,64.83451080322266,0.313961386680603
1775570306680,0.33329999446868896,0.0,4730.39306640625,64.82759857177734,0.3140668272972107
1775570306700,0.3412500023841858,0.0,4730.716796875,64.81165313720703,0.3141702115535736
1775570306720,0.3452000021934509,0.0,4731.0947265625,64.78988647460938,0.314260870218277
1775570306740,0.34915000200271606,0.0,4731.47216796875,64.75933074951172,0.31436535716056824
1775570306760,0.35315001010894775,0.0,4731.7958984375,64.75022888183594,0.31446903944015503
1775570306780,0.361050009727478,0.0,4732.22705078125,64.75595092773438,0.31457147002220154
1775570306800,0.37299999594688416,0.0,4732.55078125,64.76747131347656,0.31466180086135864
1775570306820,0.38885000348091125,0.0,4732.9287109375,64.78598022460938,0.31476491689682007
1775570306840,0.4126499891281128,0.0,4733.25244140625,64.81282806396484,0.3148692548274994
1775570306860,0.4364500045776367,0.0,4733.63037109375,64.84884643554688,0.314974844455719
1775570306880,0.46024999022483826,0.0,4734.00830078125,64.91294860839844,0.31506434082984924
1775570306900,0.4721499979496002,0.0,4734.38720703125,64.98955535888672,0.3151681423187256
1775570306920,0.4761500060558319,0.0,4734.60400390625,65.05423736572266,0.3152427673339844
1775570306940,0.4761500060558319,0.0,4735.091796875,65.13399505615234,0.3153782784938812
1775570306960,0.4761500060558319,0.0,4735.52587890625,65.22547912597656,0.31546804308891296
1775570306980,0.4681999981403351,0.0,4735.7431640625,65.31226348876953,0.3155425488948822
1775570307000,0.46024999022483826,0.0,4736.12451171875,65.41505432128906,0.31564730405807495
1775570307020,0.4562999904155731,0.0,4736.451171875,65.52074432373047,0.3157525062561035
1775570307040,0.44440001249313354,0.0,4736.83349609375,65.60797119140625,0.31584298610687256
1775570307060,0.44440001249313354,0.0,4737.21630859375,65.7020492553711,0.3159482181072235
1775570307080,0.452349990606308,0.0,4737.59912109375,65.79071044921875,0.3160547912120819
1775570307100,0.46424999833106995,0.0,4737.98291015625,65.87501525878906,0.3161609470844269
1775570307120,0.492000013589859,0.0,4738.3671875,65.98841857910156,0.3162679374217987
1775570307140,0.5234500169754028,0.0,4738.69677734375,66.10875701904297,0.3163742423057556
1775570307160,0.59375,0.0,4739.08251953125,66.22233581542969,0.3164658844470978
1775570307180,0.6952999830245972,0.0,4739.46875,66.38174438476562,0.3165716528892517
1775570307200,0.7890499830245972,0.0,4739.85693359375,66.5837631225586,0.3166799545288086
1775570307220,0.8710999488830566,0.0,4740.1904296875,66.79147338867188,0.31678786873817444
1775570307240,0.9648499488830566,0.0,4740.5810546875,67.0853271484375,0.3168802857398987
1775570307260,1.0,0.0,4740.97314453125,67.42977142333984,0.31698697805404663
1775570307280,1.0,0.0,4741.36767578125,67.74210357666016,0.31709662079811096
1775570307300,1.0,0.0,4741.70751953125,68.11215209960938,0.3171914219856262
1775570307320,1.0,0.0,4741.9921875,68.48963928222656,0.31726887822151184
1775570307340,1.0,0.0,4742.50732421875,68.82368469238281,0.31741267442703247
1775570307360,1.0,0.0,4742.91064453125,69.21472930908203,0.31752514839172363
1775570307380,1.0,0.0,4743.2578125,69.57626342773438,0.31763648986816406
1775570307400,1.0,0.0,4743.6650390625,69.90326690673828,0.31773343682289124
1775570307420,1.0,0.0,4743.95703125,70.30337524414062,0.31781458854675293
1775570307440,1.0,0.0,4744.48583984375,70.68042755126953,0.3179602324962616
1775570307460,1.0,0.0,4744.72216796875,70.98973083496094,0.3180261254310608
1775570307480,1.0,0.0,4745.13720703125,71.36260223388672,0.318141371011734
1775570307500,1.0,0.0,4745.494140625,71.74533081054688,0.3182561695575714
1775570307520,1.0,0.0,4745.91259765625,72.07930755615234,0.31835582852363586
1775570307540,1.0,0.0,4746.33349609375,72.46019744873047,0.31847304105758667
1775570307560,1.0,0.0,4746.75634765625,72.82849884033203,0.3185896575450897
1775570307580,1.0,0.0,4747.12060546875,73.13387298583984,0.3187083303928375
1775570307600,1.0,0.0,4747.54736328125,73.50749969482422,0.31881046295166016
1775570307620,1.0,0.0,4747.9765625,73.88565826416016,0.318929523229599
1775570307640,1.0,0.0,4748.34619140625,74.20536041259766,0.3190484046936035
1775570307660,1.0,0.0,4748.77978515625,74.57058715820312,0.3191526234149933
1775570307680,1.0,0.0,4749.21484375,74.9400405883789,0.3192715048789978
1775570307700,1.0,0.0,4749.58935546875,75.26370239257812,0.3193935453891754
1775570307720,1.0,0.0,4750.0283203125,75.64293670654297,0.31949877738952637
1775570307740,1.0,0.0,4750.4697265625,76.0042724609375,0.31962084770202637
1775570307760,1.0,0.0,4750.849609375,76.30364990234375,0.31974366307258606
1775570307780,1.0,0.0,4751.35888671875,76.64216613769531,0.3198508024215698
1775570307800,1.0,0.0,4751.74267578125,76.9909439086914,0.31997501850128174
1775570307820,1.0,0.0,4752.19189453125,77.2851333618164,0.3200996220111847
1775570307840,1.0,0.0,4752.6435546875,77.62593841552734,0.3202245533466339
1775570307860,1.0,0.0,4753.0322265625,78.02351379394531,0.3203498125076294
1775570307880,1.0,0.0,4753.48779296875,78.35773468017578,0.3204595744609833
1775570307900,1.0,0.0,4753.9453125,78.70419311523438,0.3205866515636444
1775570307920,1.0,0.0,4754.33935546875,79.032470703125,0.32071444392204285
1775570307940,1.0,0.0,4754.80029296875,79.32396697998047,0.32082411646842957
1775570307960,1.0,0.0,4755.26318359375,79.68763732910156,0.320951908826828
1775570307980,1.0,0.0,4755.66162109375,80.0489273071289,0.32108211517333984
1775570308000,1.0,0.0,4756.12841796875,80.3409194946289,0.32119300961494446
1775570308020,1.0,0.0,4756.59765625,80.67709350585938,0.3213242292404175
1775570308040,1.0,0.0,4757.06884765625,81.03966522216797,0.3214554786682129
1775570308060,1.0,0.0,4757.474609375,81.3496322631836,0.3215867578983307
1775570308080,1.0,0.0,4757.94970703125,81.72134399414062,0.3217010796070099
1775570308100,1.0,0.0,4758.42724609375,82.09022521972656,0.3218366205692291
1775570308120,1.0,0.0,4758.70068359375,82.39278411865234,0.3219304382801056
1775570308140,1.0,0.0,4759.31884765625,82.7350082397461,0.32208460569381714
1775570308160,1.0,0.0,4759.87109375,83.07862091064453,0.32221972942352295
1775570308180,1.0,0.0,4760.287109375,83.38325500488281,0.32235783338546753
1775570308200,1.0,0.0,4760.705078125,83.74419403076172,0.32247692346572876
1775570308220,1.0,0.0,4761.05419921875,84.10289764404297,0.32257336378097534
1775570308240,1.0,0.0,4761.61572265625,84.41459655761719,0.3227522671222687
1775570308260,1.0,0.0,4762.17919921875,84.77371978759766,0.32289114594459534
1775570308280,1.0,0.0,4762.603515625,85.12120819091797,0.323012113571167
1775570308300,1.0,0.0,4763.10009765625,85.41323852539062,0.3231534957885742
1775570308320,1.0,0.0,4763.38525390625,85.73828887939453,0.3232552409172058
1775570308340,1.0,0.0,4763.88525390625,86.06318664550781,0.3233761489391327
1775570308360,1.0,0.0,4764.53125,86.38236999511719,0.32355964183807373
1775570308380,1.0,0.0,4764.8916015625,86.73782348632812,0.3236617147922516
1775570308400,0.9609500169754028,0.0,4765.3251953125,87.06658172607422,0.3238057494163513
1775570308420,0.7695499658584595,0.0,4765.83251953125,87.343505859375,0.323930561542511
1775570308440,0.4205999970436096,0.0,4766.341796875,87.62435150146484,0.32407328486442566
1775570308460,0.05950000882148743,0.0,4766.77978515625,87.75289154052734,0.3242194354534149
1775570308480,0.0,0.0,4767.291015625,87.73907470703125,0.3243428170681
1775570308500,0.0,0.0,4767.8017578125,87.64165496826172,0.32448869943618774
1775570308520,0.0,0.0,4768.2392578125,87.537109375,0.3246358633041382
1775570308540,0.0,0.0,4768.74853515625,87.44430541992188,0.3247591555118561
1775570308560,0.0,0.0,4769.2578125,87.3341064453125,0.3249036967754364
1775570308580,0.0,0.0,4769.69287109375,87.21648406982422,0.32504940032958984
1775570308600,0.0,0.0,4770.20068359375,87.11808776855469,0.3251740038394928
1775570308620,0.0,0.0,4770.7080078125,87.00859832763672,0.3253174126148224
1775570308640,0.0,0.0,4771.2138671875,86.89278411865234,0.3254624903202057
1775570308660,0.0,0.0,4771.6474609375,86.78656005859375,0.32560548186302185
1775570308680,0.0,0.0011450930032879114,4772.1533203125,86.66181182861328,0.32573026418685913
1775570308700,0.0,0.008166361600160599,4772.65771484375,86.53789520263672,0.3258732259273529
1775570308720,0.0,0.012061038054525852,4773.08984375,86.42704772949219,0.3260166049003601
1775570308740,0.0,0.011353078298270702,4773.59326171875,86.2947998046875,0.3261592388153076
1775570308760,0.0,0.00875205546617508,4774.095703125,86.16043853759766,0.3262813687324524
1775570308780,0.0,0.005125235300511122,4774.59814453125,86.04523468017578,0.3264240324497223
1775570308800,0.0,0.002873651683330536,4775.02783203125,85.91310119628906,0.32654738426208496
1775570308820,0.0,0.0017736823065206409,4775.5283203125,85.78301239013672,0.3266897201538086
1775570308840,0.0,0.0017736823065206409,4776.02880859375,85.6718978881836,0.3268318474292755
1775570308860,0.0,0.002567723160609603,4776.45654296875,85.54212951660156,0.32697317004203796
1775570308880,0.0,0.0035422237124294043,4776.95556640625,85.40866088867188,0.3270943760871887
1775570308900,0.0,0.004698738921433687,4777.45361328125,85.29289245605469,0.3272351026535034
1775570308920,0.0,0.006542928051203489,4777.87939453125,85.1561050415039,0.3273569643497467
1775570308940,0.0,0.00936941709369421,4778.3759765625,85.01762390136719,0.32751667499542236
1775570308960,0.0,0.012061038054525852,4778.87158203125,84.8978500366211,0.32763671875
1775570308980,0.0,0.016003817319869995,4779.36669921875,84.7575912475586,0.32777735590934753
1775570309000,0.0,0.020611045882105827,4779.7900390625,84.61351776123047,0.3278980255126953
1775570309020,0.0,0.020611045882105827,4780.283203125,84.48912811279297,0.32803693413734436
1775570309040,0.0,0.01868419349193573,4780.775390625,84.34358215332031,0.328175812959671
1775570309060,0.0,0.01686672866344452,4781.19677734375,84.19830322265625,0.32831478118896484
1775570309080,0.0,0.012061038054525852,4781.6875,84.07466125488281,0.328453928232193
1775570309100,0.0,0.002567723160609603,4782.17724609375,83.93534088134766,0.3285728693008423
1775570309120,0.0,0.0,4782.666015625,83.80204010009766,0.32871001958847046
1775570309140,0.0,0.0,4783.08447265625,83.68899536132812,0.32884761691093445
1775570309160,0.0,0.0,4783.64111328125,83.5512466430664,0.3289644122123718
1775570309180,0.0,0.0,4784.05810546875,83.4101333618164,0.3291015923023224
1775570309200,0.0,0.0,4784.54345703125,83.29195404052734,0.3292391300201416
1775570309220,0.0,0.0,4784.82080078125,83.15000915527344,0.32931703329086304
1775570309240,0.0,0.0,4785.443359375,83.00852966308594,0.32949310541152954
1775570309260,0.0,0.0,4785.92724609375,82.88653564453125,0.3296287953853607
1775570309280,0.0,0.0,4786.20361328125,82.74337768554688,0.32972580194473267
1775570309300,0.0,0.0,4786.68603515625,82.599365234375,0.32984206080436707
1775570309320,0.0,0.0,4787.16796875,82.47029876708984,0.3299767076969147
1775570309340,0.0,0.0,4787.64892578125,82.3215560913086,0.3301120400428772
1775570309360,0.0,0.0,4788.060546875,82.17961120605469,0.3302461802959442
1775570309380,0.0,0.0,4788.5400390625,82.0579605102539,0.33038076758384705
1775570309400,0.0,0.0,4789.0185546875,81.91477966308594,0.3304956257343292
1775570309420,0.0,0.0,4789.49609375,81.7659683227539,0.3306296765804291
1775570309440,0.0,0.0,4789.97265625,81.63488006591797,0.33076372742652893
1775570309460,0.0,0.0,4790.380859375,81.4869155883789,0.33089739084243774
1775570309480,0.0,0.0,4790.85595703125,81.3443374633789,0.33101174235343933
1775570309500,0.0,0.0,4791.33056640625,81.22198486328125,0.33114391565322876
1775570309520,0.0,0.0,4791.80419921875,81.07093048095703,0.3312765955924988
1775570309540,0.0,0.0,4792.27734375,80.91615295410156,0.3314093351364136
1775570309560,0.0,0.0,4792.681640625,80.78800201416016,0.33152246475219727
1775570309580,0.0,0.0,4793.15234375,80.64081573486328,0.3316531181335449
1775570309600,0.0,0.0,4793.62255859375,80.49269104003906,0.3317854106426239
1775570309620,0.0,0.0,4793.89111328125,80.36231231689453,0.3318604528903961
1775570309640,0.0,0.0,4794.49365234375,80.2005386352539,0.33204740285873413
1775570309660,0.0,0.0,4794.828125,80.04412078857422,0.3321400582790375
1775570309680,0.0,0.0,4795.4951171875,79.90966796875,0.3322890102863312
1775570309700,0.0,0.0,4795.89404296875,79.75347900390625,0.3324195444583893
1775570309720,0.0,0.0,4796.15966796875,79.59683990478516,0.33249256014823914
1775570309740,0.0,0.0,4796.7568359375,79.46015930175781,0.33265987038612366
1775570309760,0.0,0.0,4797.087890625,79.29974365234375,0.3327521085739136
1775570309780,0.0,0.0,4797.48486328125,79.14378356933594,0.3328619599342346
1775570309800,0.0,0.0,4797.9462890625,79.01040649414062,0.3329910635948181
1775570309820,0.0,0.0,4798.4072265625,78.85597229003906,0.3331190347671509
1775570309840,0.0,0.0,4798.80126953125,78.69493865966797,0.333228200674057
1775570309860,0.0,0.0,4799.26025390625,78.555419921875,0.33335617184638977
1775570309880,0.0,0.0,4799.84912109375,78.39775085449219,0.33351945877075195
1775570309900,0.0,0.0,4800.1103515625,78.23612976074219,0.33359166979789734
1775570309920,0.06350001692771912,0.0,4800.56689453125,78.10021209716797,0.3337189555168152
1775570309940,0.1269499957561493,0.0,4801.02294921875,77.96050262451172,0.3338457942008972
1775570309960,0.18650001287460327,0.0,4801.41259765625,77.82869720458984,0.3339713215827942
1775570309980,0.25394999980926514,0.0,4801.8671875,77.72168731689453,0.33407896757125854
1775570310000,0.32934999465942383,0.0,4802.3203125,77.59728240966797,0.3342044949531555
1775570310020,0.3769499957561493,0.0,4802.70849609375,77.48907470703125,0.33432984352111816
1775570310040,0.40869998931884766,0.0,4803.1611328125,77.42575073242188,0.3344379961490631
1775570310060,0.42855000495910645,0.0,4803.61328125,77.37644958496094,0.33456316590309143
1775570310080,0.4364500045776367,0.0,4804.0,77.34487915039062,0.33468788862228394
1775570310100,0.4364500045776367,0.0,4804.451171875,77.3339614868164,0.33479344844818115
1775570310120,0.4364500045776367,0.0,4804.90234375,77.32586669921875,0.33491840958595276
1775570310140,0.42454999685287476,0.0,4805.2890625,77.33008575439453,0.33504292368888855
1775570310160,0.4205999970436096,0.0,4805.740234375,77.33976745605469,0.33515000343322754
1775570310180,0.4205999970436096,0.0,4806.19140625,77.35974884033203,0.3352757394313812
1775570310200,0.42454999685287476,0.0,4806.578125,77.37914276123047,0.3354015052318573
1775570310220,0.42855000495910645,0.0,4807.029296875,77.4006576538086,0.3355071246623993
1775570310240,0.4404500126838684,0.0,4807.48095703125,77.4302978515625,0.33563342690467834
1775570310260,0.44440001249313354,0.0,4807.86767578125,77.46292114257812,0.3357575237751007
1775570310280,0.44440001249313354,0.0,4808.3193359375,77.4963607788086,0.33586373925209045
1775570310300,0.452349990606308,0.0,4808.771484375,77.5317153930664,0.33598819375038147
1775570310320,0.4562999904155731,0.0,4809.15966796875,77.58653259277344,0.3361133635044098
1775570310340,0.46024999022483826,0.0,4809.6123046875,77.63160705566406,0.33622026443481445
1775570310360,0.46424999833106995,0.0,4810.1943359375,77.65696716308594,0.33638104796409607
1775570310380,0.4721499979496002,0.0,4810.453125,77.68437194824219,0.3364526629447937
1775570310400,0.4721499979496002,0.0,4810.90576171875,77.70199584960938,0.3365771770477295
1775570310420,0.4721499979496002,0.0,4811.35888671875,77.71766662597656,0.33670297265052795
1775570310440,0.4761500060558319,0.0,4811.87646484375,77.75047302246094,0.3368452191352844
1775570310460,0.4761500060558319,0.0,4812.32958984375,77.78059387207031,0.3369702994823456
1775570310480,0.4761500060558319,0.0,4812.78369140625,77.81197357177734,0.3370945453643799
1775570310500,0.4761500060558319,0.0,4813.17333984375,77.85726928710938,0.33720314502716064
1775570310520,0.4761500060558319,0.0,4813.498046875,77.88910675048828,0.33729273080825806
1775570310540,0.4681999981403351,0.0,4814.017578125,77.94158935546875,0.3374536633491516
1775570310560,0.4681999981403351,0.0,4814.537109375,78.00019836425781,0.33756181597709656
1775570310580,0.4681999981403351,0.0,4814.92724609375,78.05725860595703,0.33768773078918457
1775570310600,0.4761500060558319,0.0,4815.3173828125,78.126953125,0.33779406547546387
1775570310620,0.4959999918937683,0.0,4815.7734375,78.19020080566406,0.33792150020599365
1775570310640,0.5077999830245972,0.0,4816.16455078125,78.24992370605469,0.33804768323898315
1775570310660,0.5351499915122986,0.0,4816.62060546875,78.3232421875,0.33815616369247437
1775570310680,0.5741999745368958,0.0,4817.01171875,78.40316009521484,0.3382815718650818
1775570310700,0.6054499745368958,0.0,4817.46923828125,78.49327850341797,0.3383900821208954
1775570310720,0.6523500084877014,0.0,4817.92724609375,78.61746215820312,0.33849862217903137
1775570310740,0.6991999745368958,0.0,4818.31982421875,78.7520751953125,0.338644802570343
1775570310760,0.7343499660491943,0.0,4818.71337890625,78.87690734863281,0.3387526273727417
1775570310780,0.7734500169754028,0.0,4819.17333984375,79.05032348632812,0.3388616740703583
1775570310800,0.8047000169754028,0.0,4819.634765625,79.24493408203125,0.3389902114868164
1775570310820,0.8202999830245972,0.0,4820.03076171875,79.41890716552734,0.33910030126571655
1775570310840,0.8320499658584595,0.0,4820.494140625,79.64486694335938,0.33922991156578064
1775570310860,0.8320499658584595,0.0,4820.892578125,79.88886260986328,0.3393569588661194
1775570310880,0.8202999830245972,0.0,4821.4921875,80.09337615966797,0.33950501680374146
1775570310900,0.8007999658584595,0.0,4821.892578125,80.323974609375,0.3396150767803192
1775570310920,0.7734500169754028,0.0,4822.361328125,80.5443344116211,0.33974507451057434
1775570310940,0.7382999658584595,0.0,4822.76416015625,80.72411346435547,0.33987554907798767
1775570310960,0.6952999830245972,0.0,4823.2353515625,80.92408752441406,0.339986115694046
1775570310980,0.6523500084877014,0.0,4823.64013671875,81.11006927490234,0.3401172161102295
1775570311000,0.6288999915122986,0.0,4824.11328125,81.24755859375,0.3402293920516968
1775570311020,0.6054499745368958,0.0,4824.51953125,81.39347839355469,0.34034186601638794
1775570311040,0.5976499915122986,0.0,4824.99462890625,81.54486846923828,0.340474396944046
1775570311060,0.5976499915122986,0.0,4825.40185546875,81.67369079589844,0.3405871093273163
1775570311080,0.6054499745368958,0.0,4825.87841796875,81.81719207763672,0.34071803092956543
1775570311100,0.6172000169754028,0.0,4826.42333984375,81.9444808959961,0.34086939692497253
1775570311120,0.6327999830245972,0.0,4826.76416015625,82.05669403076172,0.34096434712409973
1775570311140,0.6718499660491943,0.0,4827.31103515625,82.2003402709961,0.34111449122428894
1775570311160,0.7109500169754028,0.0,4827.79052734375,82.35627746582031,0.34124818444252014
1775570311180,0.7461000084877014,0.0,4828.2021484375,82.5096206665039,0.3413624167442322
1775570311200,0.7890499830245972,0.0,4828.68310546875,82.68462371826172,0.3414953947067261
1775570311220,0.8202999830245972,0.0,4829.0966796875,82.9054946899414,0.341609925031662
1775570311240,0.8476499915122986,0.0,4829.51123046875,83.11681365966797,0.34174418449401855
1775570311260,0.8905999660491943,0.0,4829.99609375,83.36457061767578,0.3418595492839813
1775570311280,0.9297000169754028,0.0,4830.4130859375,83.6347427368164,0.34199464321136475
1775570311300,0.9570499658584595,0.0,4831.041015625,83.88768768310547,0.34214967489242554
1775570311320,0.9922000169754028,0.0,4831.3212890625,84.1930923461914,0.34222736954689026
1775570311340,1.0,0.0,4831.953125,84.50623321533203,0.34240180253982544
1775570311360,1.0,0.0,4832.37646484375,84.79444885253906,0.3425390124320984
1775570311380,1.0,0.0,4832.87158203125,85.13192749023438,0.34265464544296265
1775570311400,1.0,0.0,4833.369140625,85.4398193359375,0.34279370307922363
1775570311420,1.0,0.0,4833.796875,85.68921661376953,0.3429131805896759
1775570311440,1.0,0.0,4834.2255859375,86.00543212890625,0.343051940202713
1775570311460,1.0,0.0,4834.7275390625,86.35052490234375,0.3431721031665802
1775570311480,1.0,0.0,4835.15966796875,86.6174087524414,0.34329238533973694
1775570311500,1.0,0.0,4835.810546875,86.90716552734375,0.3434738516807556
1775570311520,1.0,0.0,4836.1005859375,87.23896789550781,0.34355416893959045
1775570311540,1.0,0.0,4836.75537109375,87.54827880859375,0.34373587369918823
1775570311560,1.0,0.0,4837.19384765625,87.87882232666016,0.3438579738140106
1775570311580,1.0,0.0,4837.63330078125,88.13909912109375,0.3440019190311432
1775570311600,1.0,0.0,4838.1474609375,88.40940856933594,0.34412360191345215
1775570311620,1.0,0.0,4838.58984375,88.74636840820312,0.34424665570259094
1775570311640,1.0,0.0,4839.107421875,89.06381225585938,0.3444100320339203
1775570311660,1.0,0.0,4839.55224609375,89.32036590576172,0.34453487396240234
1775570311680,1.0,0.0,4840.22216796875,89.61952209472656,0.34470102190971375
1775570311700,1.0,0.0,4840.67041015625,89.9150161743164,0.3448250889778137
1775570311720,1.0,0.0,4841.04541015625,90.16676330566406,0.3449306786060333
1775570311740,1.0,0.0,4841.646484375,90.47393798828125,0.345098078250885
1775570311760,1.0,0.0,4842.1748046875,90.77523803710938,0.3452460765838623
1775570311780,1.0,0.0,4842.62890625,91.04171752929688,0.345371276140213
1775570311800,1.0,0.0,4843.08447265625,91.35856628417969,0.3455202877521515
1775570311820,1.0,0.0,4843.61767578125,91.6672134399414,0.3456479012966156
1775570311840,1.0,0.0,4844.076171875,91.9405288696289,0.34577637910842896
1775570311860,1.0,0.0,4844.7666015625,92.25997924804688,0.34596800804138184
1775570311880,1.0,0.0,4845.228515625,92.56670379638672,0.3460969030857086
1775570311900,1.0,0.0,4845.76904296875,92.81864166259766,0.34624773263931274
1775570311920,1.0,0.0,4846.2333984375,93.12030029296875,0.34637677669525146
1775570311940,1.0,0.0,4846.69921875,93.43277740478516,0.3465278744697571
1775570311960,1.0,0.0,4847.244140625,93.69367980957031,0.34665846824645996
1775570311980,1.0,0.0,4847.791015625,93.99040222167969,0.34678876399993896
1775570312000,1.0,0.0,4848.1826171875,94.29434967041016,0.3469426929950714
1775570312020,1.0,0.0,4848.732421875,94.5572280883789,0.34707510471343994
1775570312040,1.0,0.0,4849.36279296875,94.86215209960938,0.34725165367126465
1775570312060,1.0,0.0,4849.91650390625,95.17786407470703,0.3474057912826538
1775570312080,1.0,0.0,4850.392578125,95.43980407714844,0.3475378155708313
1775570312100,1.0,0.0,4850.8701171875,95.72450256347656,0.3476719558238983
1775570312120,1.0,0.0,4851.3486328125,96.01937866210938,0.3478286564350128
1775570312140,1.0,0.0,4852.06884765625,96.3147964477539,0.3480073809623718
1775570312160,1.0,0.0,4852.55078125,96.61007690429688,0.34814122319221497
1775570312180,1.0,0.0,4853.0341796875,96.88230895996094,0.3482767939567566
1775570312200,1.0,0.0,4853.599609375,97.13042449951172,0.34843555092811584
1775570312220,1.0,0.0,4854.08544921875,97.43470764160156,0.34856969118118286
1775570312240,1.0,0.0,4854.7353515625,97.75473022460938,0.34875237941741943
1775570312260,1.0,0.0,4855.224609375,98.0206527709961,0.34891247749328613
1775570312280,1.0,0.0,4855.796875,98.3066177368164,0.3490501642227173
1775570312300,1.0,0.0,4856.2890625,98.57710266113281,0.3491870164871216
1775570312320,1.0,0.0,4856.7822265625,98.82594299316406,0.3493242859840393
1775570312340,1.0,0.0,4857.44189453125,99.15433502197266,0.34950920939445496
1775570312360,1.0,0.0,4857.9384765625,99.46369934082031,0.3496706783771515
1775570312380,1.0,0.0,4858.51904296875,99.69612884521484,0.3498099148273468
1775570312400,1.0,0.0,4859.01806640625,99.97594451904297,0.34994983673095703
1775570312420,1.0,0.0,4859.51806640625,100.27586364746094,0.3500889241695404
1775570312440,1.0,0.0,4860.18701171875,100.51998901367188,0.350276380777359
1775570312460,1.0,0.0,4860.68994140625,100.79390716552734,0.35044044256210327
1775570312480,1.0,0.0,4861.2783203125,101.11644744873047,0.35058119893074036
1775570312500,1.0,0.0,4861.95263671875,101.35160827636719,0.3507695496082306
1775570312520,1.0,0.0,4862.45947265625,101.57917785644531,0.35091081261634827
1775570312540,1.0,0.0,4862.9677734375,101.80396270751953,0.3510770797729492
1775570312560,1.0,0.0,4863.47705078125,102.08462524414062,0.3512192964553833
1775570312580,1.0,0.0,4864.24365234375,102.38492584228516,0.35141071677207947
1775570312600,1.0,0.0,4864.75634765625,102.65934753417969,0.3515537977218628
1775570312620,1.0,0.0,4865.27001953125,102.92473602294922,0.3516978919506073
1775570312640,1.0,0.0,4865.78515625,103.18785858154297,0.3518419563770294
1775570312660,1.0,0.0,4866.55908203125,103.46776580810547,0.35203519463539124
1775570312680,1.0,0.0,4866.99072265625,103.69697570800781,0.35217946767807007
1775570312700,1.0,0.0,4867.4228515625,103.9778060913086,0.35230034589767456
1775570312720,1.0,0.0,4868.1162109375,104.25342559814453,0.3524937629699707
1775570312740,1.0,0.0,4868.81103515625,104.40991973876953,0.35268887877464294
1775570312760,1.0,0.0,4869.42041015625,104.64303588867188,0.35283488035202026
1775570312780,1.0,0.0,4869.9443359375,104.94165802001953,0.3530057370662689
1775570312800,1.0,0.0,4870.46923828125,105.21160888671875,0.3531523644924164
1775570312820,1.0,0.0,4870.99560546875,105.4587173461914,0.35329943895339966
1775570312840,1.0,0.0,4871.69921875,105.6745376586914,0.35352057218551636
1775570312860,1.0,0.0,4872.31640625,105.96759033203125,0.35366782546043396
1775570312880,1.0,0.0,4872.84716796875,106.31188201904297,0.35381731390953064
1775570312900,1.0,0.0,4873.4677734375,106.58792114257812,0.3539923429489136
1775570312920,1.0,0.0,4873.912109375,106.79133605957031,0.3541404604911804
1775570312940,1.0,0.0,4874.7138671875,106.96427154541016,0.3543400764465332
1775570312960,1.0,0.0,4875.33837890625,107.25611877441406,0.3544902801513672
1775570312980,1.0,0.0,4875.78564453125,107.5303726196289,0.3546660244464874
1775570313000,1.0,0.0,4876.4140625,107.83098602294922,0.35481593012809753
1775570313020,1.0,0.0,4876.95361328125,108.08453369140625,0.3549681603908539
1775570313040,1.0,0.0,4877.494140625,108.29193878173828,0.355144202709198
1775570313060,1.0,0.0,4878.1259765625,108.55489349365234,0.3552955090999603
1775570313080,1.0,0.0,4878.85009765625,108.8247299194336,0.35549864172935486
1775570313100,1.0,0.0,4879.4853515625,109.05644989013672,0.35567566752433777
1775570313120,1.0,0.0,4880.03125,109.3265151977539,0.35582876205444336
1775570313140,1.0,0.0,4880.578125,109.58020782470703,0.35600802302360535
1775570313160,1.0,0.0,4881.1259765625,109.79281616210938,0.3561609983444214
1775570313180,1.0,0.0,4881.7666015625,110.06200408935547,0.3563148081302643
1775570313200,1.0,0.0,4882.50048828125,110.33293914794922,0.3565202057361603
1775570313220,1.0,0.0,4882.9599609375,110.54349517822266,0.35664916038513184
1775570313240,1.0,0.0,4883.697265625,110.80157470703125,0.35685428977012634
1775570313260,1.0,0.0,4884.25146484375,111.0654525756836,0.357036292552948
1775570313280,1.0,0.0,4884.8994140625,111.26465606689453,0.3571900427341461
1775570313300,1.0,0.0,4885.4560546875,111.52819061279297,0.35734665393829346
1775570313320,1.0,0.0,4886.10693359375,111.76776885986328,0.3575299084186554
1775570313340,1.0,0.0,4886.8525390625,112.02867126464844,0.3577392101287842
1775570313360,1.0,0.0,4887.50634765625,112.27532958984375,0.35792145133018494
1775570313380,1.0,0.0,4888.06787109375,112.51579284667969,0.3580795228481293
1775570313400,1.0,0.0,4888.63037109375,112.72594451904297,0.3582359254360199
1775570313420,1.0,0.0,4889.1943359375,112.9808578491211,0.3583942949771881
1775570313440,1.0,0.0,4889.853515625,113.24087524414062,0.35860490798950195
1775570313460,1.0,0.0,4890.419921875,113.46149444580078,0.3587360382080078
1775570313480,1.0,0.0,4891.271484375,113.7231216430664,0.3589760959148407
1775570313500,1.0,0.0,4891.8408203125,113.98419189453125,0.35913416743278503
1775570313520,1.0,0.0,4892.4111328125,114.1964340209961,0.3593209981918335
1775570313540,1.0,0.0,4893.07763671875,114.44316101074219,0.3594806492328644
1775570313560,1.0,0.0,4893.650390625,114.7139663696289,0.35964131355285645
1775570313580,1.0,0.0,4894.31982421875,114.94171905517578,0.359828919172287
1775570313600,1.0,0.0,4894.89501953125,115.17215728759766,0.35998910665512085
1775570313620,1.0,0.0,4895.56689453125,115.38717651367188,0.36017727851867676
1775570313640,1.0,0.0,4896.33642578125,115.62139129638672,0.36039265990257263
1775570313660,1.0,0.0,4897.01171875,115.886474609375,0.3605550527572632
1775570313680,1.0,0.0,4897.591796875,116.14138793945312,0.3607444167137146
1775570313700,1.0,0.0,4898.1728515625,116.34830474853516,0.3609066605567932
1775570313720,1.0,0.0,4898.85205078125,116.5916519165039,0.3610970079898834
1775570313740,1.0,0.0,4899.43505859375,116.82106018066406,0.36128735542297363
1775570313760,1.0,0.0,4900.01904296875,117.02791595458984,0.36145126819610596
1775570313780,0.9452999830245972,0.0,4900.7021484375,117.28465270996094,0.36161524057388306
1775570313800,0.8593499660491943,0.0,4901.38623046875,117.52954864501953,0.3618066906929016
1775570313820,0.7695499658584595,0.0,4901.9736328125,117.72553253173828,0.361998051404953
1775570313840,0.6601499915122986,0.0,4902.75830078125,117.91710662841797,0.3622185289859772
1775570313860,0.5390499830245972,0.0,4903.544921875,117.92724609375,0.3623836934566498
1775570313880,0.4325000047683716,0.0,4904.03564453125,117.8971939086914,0.3625754714012146
1775570313900,0.2817000150680542,0.0,4904.72265625,117.86215209960938,0.3627398908138275
1775570313920,0.1547500193119049,0.0,4905.3115234375,117.82363891601562,0.36293235421180725
1775570313940,0.08730000257492065,0.0,4905.99853515625,117.78971862792969,0.3630973696708679
1775570313960,0.07540002465248108,0.0,4906.58740234375,117.75270080566406,0.3632905185222626
1775570313980,0.11505001783370972,0.0,4907.2744140625,117.71744537353516,0.3634544312953949
1775570314000,0.17855000495910645,0.0,4907.9609375,117.67835998535156,0.3636464476585388
1775570314020,0.3015500009059906,0.0,4908.548828125,117.64847564697266,0.36381009221076965
1775570314040,0.40470001101493835,0.0,4909.234375,117.61299133300781,0.36400237679481506
1775570314060,0.5,0.0,4909.82177734375,117.58313751220703,0.3641667068004608
1775570314080,0.6054499745368958,0.0,4910.5068359375,117.53984069824219,0.36435940861701965
1775570314100,0.7070499658584595,0.0,4911.2900390625,117.60574340820312,0.36457929015159607
1775570314120,0.7851499915122986,0.0,4911.77978515625,117.90857696533203,0.3647170066833496
1775570314140,0.8710999488830566,0.0,4912.56591796875,118.2743148803711,0.36496502161026
1775570314160,0.9413999915122986,0.0,4913.35546875,118.64293670654297,0.3651304543018341
1775570314180,1.0,0.0,4913.94970703125,118.9614028930664,0.36532554030418396
1775570314200,1.0,0.0,4914.54541015625,119.25491333007812,0.36549142003059387
1775570314220,1.0,0.0,4915.04248046875,119.47563171386719,0.3656877875328064
1775570314240,1.0,0.0,4915.83984375,119.701904296875,0.3658546209335327
1775570314260,1.0,0.0,4916.53955078125,119.96540069580078,0.36605069041252136
1775570314280,1.0,0.0,4917.3408203125,120.2131576538086,0.3662753999233246
1775570314300,1.0,0.0,4917.94287109375,120.40863037109375,0.3664432466030121
1775570314320,1.0,0.0,4918.3447265625,120.65444946289062,0.36655670404434204
1775570314340,1.0,0.0,4919.25048828125,120.89875793457031,0.36680975556373596
1775570314360,1.0,0.0,4919.95654296875,121.1015625,0.3670075833797455
1775570314380,1.0,0.0,4920.56298828125,121.34180450439453,0.3671782314777374
1775570314400,1.0,0.0,4921.271484375,121.58011627197266,0.3673766255378723
1775570314420,1.0,0.0,4921.87939453125,121.78963470458984,0.36757513880729675
1775570314440,1.0,0.0,4922.59033203125,122.03407287597656,0.3677467703819275
1775570314460,1.0,0.0,4923.20068359375,122.27156829833984,0.36794546246528625
1775570314480,1.0,0.0,4923.9140625,122.4583740234375,0.3681180775165558
1775570314500,1.0,0.0,4924.62841796875,122.6678695678711,0.36831820011138916
1775570314520,1.0,0.0,4925.24169921875,122.93588256835938,0.3685184121131897
1775570314540,1.0,0.0,4925.958984375,123.13900756835938,0.36869174242019653
1775570314560,1.0,0.0,4926.57470703125,123.36688995361328,0.36889293789863586
1775570314580,1.0,0.0,4927.2939453125,123.6156997680664,0.3690667748451233
1775570314600,1.0,0.0,4928.01513671875,123.82788848876953,0.3692694306373596
1775570314620,1.0,0.0,4928.634765625,124.06464385986328,0.3694421648979187
1775570314640,1.0,0.0,4929.3583984375,124.3041763305664,0.3696745038032532
1775570314660,1.0,0.0,4930.08349609375,124.51136016845703,0.36984866857528687
1775570314680,1.0,0.0,4930.81005859375,124.75786590576172,0.3700522482395172
1775570314700,1.0,0.0,4931.43408203125,124.99588775634766,0.37022754549980164
1775570314720,1.0,0.0,4932.1630859375,125.1899185180664,0.3704324960708618
1775570314740,1.0,0.0,4932.7890625,125.41719818115234,0.37063753604888916
1775570314760,1.0,0.0,4933.5205078125,125.67125701904297,0.3708135187625885
1775570314780,1.0,0.0,4934.25390625,125.8648681640625,0.37101924419403076
1775570314800,1.0,0.0,4934.88330078125,126.08109283447266,0.3712250292301178
1775570314820,1.0,0.0,4935.61865234375,126.32347869873047,0.37140214443206787
1775570314840,1.0,0.0,4936.25,126.5478286743164,0.37160852551460266
1775570314860,1.0,0.0,4936.98828125,126.79312896728516,0.37181711196899414
1775570314880,1.0,0.0,4937.72802734375,127.02568054199219,0.3719935119152069
1775570314900,1.0,0.0,4938.46923828125,127.23735809326172,0.3722023665904999
1775570314920,1.0,0.0,4939.10546875,127.47889709472656,0.3723811209201813
1775570314940,1.0,0.0,4939.84912109375,127.67745971679688,0.37262025475502014
1775570314960,1.0,0.0,4940.4873046875,127.89251708984375,0.37279829382896423
1775570314980,1.0,0.0,4941.34033203125,128.13357543945312,0.3729785084724426
1775570315000,1.0,0.0,4941.9814453125,128.402587890625,0.3731878101825714
1775570315020,1.0,0.0,4942.623046875,128.5869598388672,0.37336859107017517
1775570315040,1.0,0.0,4943.373046875,128.81007385253906,0.37357932329177856
1775570315060,1.0,0.0,4944.01708984375,129.0457763671875,0.3737896978855133
1775570315080,1.0,0.0,4944.76953125,129.2622528076172,0.3739713430404663
1775570315100,1.0,0.0,4945.7392578125,129.4958953857422,0.3742425739765167
1775570315120,1.0,0.0,4946.1708984375,129.72239685058594,0.37436336278915405
1775570315140,1.0,0.0,4947.1435546875,129.93057250976562,0.37463733553886414
1775570315160,1.0,0.0,4947.90185546875,130.16615295410156,0.37484973669052124
1775570315180,1.0,0.0,4948.55322265625,130.41099548339844,0.3750322163105011
1775570315200,1.0,0.0,4949.314453125,130.60482788085938,0.37524572014808655
1775570315220,1.0,0.0,4949.75,130.83175659179688,0.37536847591400146
1775570315240,1.0,0.0,4950.7314453125,131.0665283203125,0.375643789768219
1775570315260,1.0,0.0,4951.38671875,131.26959228515625,0.37585878372192383
1775570315280,1.0,0.0,4952.15234375,131.50096130371094,0.37604227662086487
1775570315300,1.0,0.0,4952.81005859375,131.72166442871094,0.3762580156326294
1775570315320,1.0,0.0,4953.57861328125,131.9305419921875,0.3764425218105316
1775570315340,1.0,0.0,4954.23828125,132.16944885253906,0.3766588866710663
1775570315360,1.0,0.0,4955.0087890625,132.39442443847656,0.3768448531627655
1775570315380,1.0,0.0,4955.78125,132.59629821777344,0.37706103920936584
1775570315400,1.0,0.0,4956.4443359375,132.8385467529297,0.3772471845149994
1775570315420,1.0,0.0,4957.21923828125,133.07521057128906,0.3774649500846863
1775570315440,1.0,0.0,4958.10693359375,133.27984619140625,0.37771424651145935
1775570315460,1.0,0.0,4958.884765625,133.5189208984375,0.3779313862323761
1775570315480,1.0,0.0,4959.552734375,133.7529754638672,0.37811970710754395
1775570315500,1.0,0.0,4960.3330078125,133.94558715820312,0.3783392906188965
1775570315520,1.0,0.0,4960.779296875,134.1530303955078,0.37846440076828003
1775570315540,1.0,0.0,4961.78564453125,134.38124084472656,0.378746896982193
1775570315560,1.0,0.0,4962.4580078125,134.59732055664062,0.378934383392334
1775570315580,1.0,0.0,4963.24365234375,134.85020446777344,0.3791545331478119
1775570315600,1.0,0.0,4963.91796875,135.0770263671875,0.3793443739414215
1775570315620,1.0,0.0,4964.7060546875,135.25576782226562,0.37956517934799194
1775570315640,1.0,0.0,4965.38232421875,135.4779815673828,0.3797873258590698
1775570315660,1.0,0.0,4966.17236328125,135.71173095703125,0.3799772262573242
1775570315680,1.0,0.0,4966.8505859375,135.90269470214844,0.3801671862602234
1775570315700,1.0,0.0,4967.6435546875,136.12301635742188,0.38038966059684753
1775570315720,1.0,0.0,4968.32421875,136.36204528808594,0.3805813789367676
1775570315740,1.0,0.0,4969.34716796875,136.56285095214844,0.3808683454990387
1775570315760,1.0,0.0,4970.14404296875,136.79588317871094,0.381059467792511
1775570315780,1.0,0.0,4970.8291015625,137.03892517089844,0.3812839388847351
1775570315800,1.0,0.0,4971.5146484375,137.2329864501953,0.3814763128757477
1775570315820,1.0,0.0,4972.3154296875,137.46420288085938,0.3817014694213867
1775570315840,1.0,0.0,4973.00244140625,137.67066955566406,0.3819262385368347
1775570315860,1.0,0.0,4973.6904296875,137.85662841796875,0.38211897015571594
1775570315880,1.0,0.0,4974.49462890625,138.06329345703125,0.38231268525123596
1775570315900,1.0,0.0,4975.2998046875,138.29782104492188,0.38253870606422424
1775570315920,1.0,0.0,4975.9912109375,138.51181030273438,0.3827325105667114
1775570315940,1.0,0.0,4976.9150390625,138.74815368652344,0.38302427530288696
1775570315960,1.0,0.0,4977.84033203125,138.96728515625,0.38321882486343384
1775570315980,1.0,0.0,4978.41943359375,139.15126037597656,0.38344627618789673
1775570316000,1.0,0.0,4979.23095703125,139.37802124023438,0.38364022970199585
1775570316020,1.0,0.0,4979.92822265625,139.6087646484375,0.3838356137275696
1775570316040,1.0,0.0,4980.74267578125,139.80044555664062,0.38406482338905334
1775570316060,1.0,0.0,4981.44140625,140.0225067138672,0.3842616677284241
1775570316080,1.0,0.0,4982.4921875,140.2344512939453,0.38455644249916077
1775570316100,1.0,0.0,4983.19384765625,140.41952514648438,0.38475310802459717
1775570316120,1.0,0.0,4983.662109375,140.64013671875,0.384884774684906
1775570316140,1.0,0.0,4984.71728515625,140.86761474609375,0.385180801153183
1775570316160,1.0,0.0,4985.421875,141.05918884277344,0.3853780925273895
1775570316180,1.0,0.0,4986.2451171875,141.28179931640625,0.3856084942817688
1775570316200,1.0,0.0,4986.95166015625,141.50721740722656,0.3858067989349365
1775570316220,1.0,0.0,4987.77734375,141.69467163085938,0.38603824377059937
1775570316240,1.0,0.0,4988.486328125,141.91114807128906,0.38626980781555176
1775570316260,1.0,0.0,4989.314453125,142.12574768066406,0.38646894693374634
1775570316280,1.0,0.0,4990.1435546875,142.31495666503906,0.3867007791996002
1775570316300,1.0,0.0,4990.85546875,142.53445434570312,0.38690006732940674
1775570316320,1.0,0.0,4991.68701171875,142.7455291748047,0.38713327050209045
1775570316340,1.0,0.0,4992.638671875,142.925537109375,0.38740044832229614
1775570316360,1.0,0.0,4993.47265625,143.13856506347656,0.38763415813446045
1775570316380,1.0,0.0,4993.9501953125,143.35182189941406,0.3877677917480469
1775570316400,1.0,0.0,4995.02587890625,143.5421905517578,0.3880693018436432
1775570316420,1.0,0.0,4995.50439453125,143.7620391845703,0.38823744654655457
1775570316440,1.0,0.0,4996.5830078125,143.97085571289062,0.38850611448287964
1775570316460,1.0,0.0,4997.4228515625,144.16294860839844,0.3887428343296051
1775570316480,1.0,0.0,4998.14404296875,144.37950134277344,0.38894492387771606
1775570316500,1.0,0.0,4998.986328125,144.578857421875,0.38918018341064453
1775570316520,1.0,0.0,4999.70947265625,144.75489807128906,0.38941603899002075
1775570316540,1.0,0.0,5000.55419921875,144.97113037109375,0.38961878418922424
1775570316560,1.0,0.0,5001.400390625,145.19532775878906,0.3898567259311676
1775570316580,1.0,0.0,5002.126953125,145.37158203125,0.3900601267814636
1775570316600,1.0,0.0,5002.9755859375,145.58351135253906,0.39029762148857117
1775570316620,1.0,0.0,5003.70361328125,145.79685974121094,0.390535444021225
1775570316640,1.0,0.0,5004.55419921875,145.9639434814453,0.3907400369644165
1775570316660,1.0,0.0,5005.2841796875,146.190185546875,0.39097920060157776
1775570316680,1.0,0.0,5006.13671875,146.39727783203125,0.3911837339401245
1775570316700,1.0,0.0,5006.9912109375,146.57131958007812,0.3914232850074768
1775570316720,1.0,0.0,5007.72412109375,146.78204345703125,0.39162877202033997
1775570316740,1.0,0.0,5008.5810546875,146.99534606933594,0.39190319180488586
1775570316760,1.0,0.0,5009.31640625,147.17068481445312,0.3921091854572296
1775570316780,1.0,0.0,5010.29833984375,147.37335205078125,0.3923160135746002
1775570316800,1.0,0.0,5011.03564453125,147.5771026611328,0.3925565779209137
1775570316820,1.0,0.0,5011.77392578125,147.75543212890625,0.3927639126777649
1775570316840,1.0,0.0,5012.63623046875,147.96487426757812,0.3930051624774933
1775570316860,1.0,0.0,5013.74609375,148.16302490234375,0.3933161795139313
1775570316880,1.0,0.0,5014.240234375,148.329833984375,0.39345476031303406
1775570316900,1.0,0.0,5015.35302734375,148.53260803222656,0.3937668800354004
1775570316920,1.0,0.0,5015.84814453125,148.73614501953125,0.39390575885772705
1775570316940,1.0,0.0,5016.71533203125,148.9088897705078,0.39418357610702515
1775570316960,1.0,0.0,5017.83203125,149.09759521484375,0.3944624364376068
1775570316980,1.0,0.0,5018.57763671875,149.29159545898438,0.39467141032218933
1775570317000,1.0,0.0,5019.44873046875,149.46224975585938,0.39491528272628784
1775570317020,1.0,0.0,5020.1962890625,149.6687469482422,0.395124226808548
1775570317040,1.0,0.0,5021.06982421875,149.87005615234375,0.3953699767589569
1775570317060,1.0,0.0,5021.8193359375,150.04197692871094,0.3956153690814972
1775570317080,1.0,0.0,5022.69482421875,150.23849487304688,0.39582541584968567
1775570317100,1.0,0.0,5023.4462890625,150.42947387695312,0.3960708677768707
1775570317120,1.0,0.0,5024.32421875,150.5922393798828,0.3962821960449219
1775570317140,1.0,0.0,5025.203125,150.78134155273438,0.3965645432472229
1775570317160,1.0,0.0,5026.0830078125,150.98936462402344,0.39677634835243225
1775570317180,1.0,0.0,5026.83837890625,151.164794921875,0.39698705077171326
1775570317200,1.0,0.0,5027.59423828125,151.35874938964844,0.3972336947917938
1775570317220,1.0,0.0,5028.60400390625,151.55380249023438,0.3974817991256714
1775570317240,1.0,0.0,5029.615234375,151.718994140625,0.3977290093898773
1775570317260,1.0,0.0,5030.24755859375,151.91529846191406,0.3979420065879822
1775570317280,1.0,0.0,5031.13427734375,152.10850524902344,0.39819055795669556
1775570317300,1.0,0.0,5031.89453125,152.2664031982422,0.3984040915966034
1775570317320,1.0,0.0,5032.783203125,152.44825744628906,0.398652046918869
1775570317340,1.0,0.0,5033.7998046875,152.6278076171875,0.3989017605781555
1775570317360,1.0,0.0,5034.435546875,152.7914581298828,0.3991158902645111
1775570317380,1.0,0.0,5035.45458984375,152.98228454589844,0.39936545491218567
1775570317400,1.0,0.0,5036.09228515625,153.17971801757812,0.3995799720287323
1775570317420,1.0,0.0,5036.986328125,153.33538818359375,0.3998301923274994
1775570317440,1.0,0.0,5038.00927734375,153.5209197998047,0.4001169502735138
1775570317460,1.0,0.0,5038.64892578125,153.7036895751953,0.40029576420783997
1775570317480,1.0,0.0,5039.673828125,153.85174560546875,0.4005834460258484
1775570317500,1.0,0.0,5040.31494140625,154.0172576904297,0.4007631838321686
1775570317520,1.0,0.0,5041.34228515625,154.19534301757812,0.40105077624320984
1775570317540,1.0,0.0,5042.2421875,154.3586883544922,0.40130293369293213
1775570317560,1.0,0.0,5042.8857421875,154.56021118164062,0.4014829397201538
1775570317580,1.0,0.0,5043.9169921875,154.7399444580078,0.4017721712589264
1775570317600,1.0,0.0,5044.69091796875,154.8903045654297,0.4019894003868103
1775570317620,1.0,0.0,5045.5947265625,155.05955505371094,0.402206152677536
1775570317640,1.0,0.0,5046.49951171875,155.22378540039062,0.4024958610534668
1775570317660,1.0,0.0,5047.27587890625,155.3589630126953,0.40271279215812683
1775570317680,1.0,0.0,5048.18212890625,155.53265380859375,0.40296629071235657
1775570317700,1.0,0.0,5049.21923828125,155.71902465820312,0.40322062373161316
1775570317720,1.0,0.0,5049.86865234375,155.8887939453125,0.4034390151500702
1775570317740,1.0,0.0,5050.77783203125,156.06503295898438,0.40372976660728455
1775570317760,1.0,0.0,5051.55859375,156.2337188720703,0.40391260385513306
1775570317780,1.0,0.0,5052.60009765625,156.3866424560547,0.4041677713394165
1775570317800,1.0,0.0,5053.5126953125,156.55126953125,0.404459685087204
1775570317820,1.0,0.0,5054.29541015625,156.71484375,0.4046421945095062
1775570317840,1.0,0.0,5055.20947265625,156.87315368652344,0.4049355983734131
1775570317860,1.0,0.0,5055.86328125,157.06373596191406,0.4051555097103119
1775570317880,1.0,0.0,5056.91015625,157.2325439453125,0.4054117798805237
1775570317900,1.0,0.0,5057.69677734375,157.38385009765625,0.40563249588012695
1775570317920,1.0,0.0,5058.61474609375,157.54135131835938,0.4058894217014313
1775570317940,1.0,0.0,5059.66552734375,157.70602416992188,0.40618398785591125
1775570317960,1.0,0.0,5060.32275390625,157.87425231933594,0.4063687026500702
1775570317980,1.0,0.0,5061.37548828125,158.06211853027344,0.40662679076194763
1775570318000,1.0,0.0,5062.03466796875,158.22442626953125,0.406848669052124
1775570318020,1.0,0.0,5063.08984375,158.3610382080078,0.40714460611343384
1775570318040,1.0,0.0,5063.75,158.544189453125,0.4073287844657898
1775570318060,1.0,0.0,5064.8076171875,158.72877502441406,0.4076254665851593
1775570318080,1.0,0.0,5065.6015625,158.8733673095703,0.4078111946582794
1775570318100,1.0,0.0,5066.5283203125,159.0348663330078,0.4081081748008728
1775570318120,1.0,0.0,5067.05859375,159.2177276611328,0.40829452872276306
1775570318140,1.0,0.0,5068.3857421875,159.35980224609375,0.4086293876171112
1775570318160,1.0,0.0,5069.3154296875,159.51295471191406,0.4088900685310364
1775570318180,1.0,0.0,5070.11279296875,159.674072265625,0.4091128408908844
1775570318200,1.0,0.0,5070.9111328125,159.80946350097656,0.40933606028556824
1775570318220,1.0,0.0,5071.7099609375,159.97999572753906,0.40956050157546997
1775570318240,1.0,0.0,5072.64306640625,160.16351318359375,0.40985921025276184
1775570318260,1.0,0.0,5073.7109375,160.3339080810547,0.4101213216781616
1775570318280,1.0,0.0,5074.5126953125,160.5151824951172,0.4103461802005768
1775570318300,1.0,0.0,5075.5830078125,160.68338012695312,0.4106089174747467
1775570318320,1.0,0.0,5076.25244140625,160.8159942626953,0.4108343720436096
1775570318340,1.0,0.0,5077.32470703125,160.9774627685547,0.4111342430114746
1775570318360,1.0,0.0,5078.1298828125,161.15472412109375,0.4113605320453644
1775570318380,1.0,0.0,5078.93603515625,161.3133544921875,0.4115864038467407
1775570318400,1.0,0.0,5080.01220703125,161.5174102783203,0.4118508994579315
1775570318420,1.0,0.0,5080.68603515625,161.7079315185547,0.41207757592201233
1775570318440,1.0,0.0,5081.4951171875,161.8577880859375,0.4123048186302185
1775570318460,1.0,0.0,5082.4404296875,162.0207061767578,0.4126069247722626
1775570318480,1.0,0.0,5083.65673828125,162.18734741210938,0.4128720760345459
1775570318500,1.0,0.0,5084.3330078125,162.34194946289062,0.41309863328933716
1775570318520,1.0,0.0,5085.14501953125,162.51834106445312,0.41332635283470154
1775570318540,1.0,0.0,5086.22900390625,162.6769256591797,0.41362982988357544
1775570318560,0.8359500169754028,0.0,5087.177734375,162.80662536621094,0.41389626264572144
1775570318580,0.492000013589859,0.0,5087.9921875,162.9419708251953,0.4141237139701843
1775570318600,0.05950000882148743,0.0,5088.9423828125,163.0108642578125,0.41439089179039
1775570318620,0.0,0.0,5089.7568359375,162.98988342285156,0.4146190881729126
1775570318640,0.0,0.0,5090.70703125,162.9232635498047,0.41488543152809143
1775570318660,0.0,0.0,5091.79248046875,162.85105895996094,0.41515177488327026
1775570318680,0.0,0.0,5092.47021484375,162.78684997558594,0.4153798818588257
1775570318700,0.0,0.0,5093.41845703125,162.70590209960938,0.4156460165977478
1775570318720,0.0,0.0,5094.2314453125,162.62086486816406,0.4158749282360077
1775570318740,0.0,0.00012699459330178797,5095.1796875,162.55099487304688,0.4161789119243622
1775570318760,0.0,0.15212516486644745,5096.26220703125,162.4638214111328,0.41640564799308777
1775570318780,0.0,0.5463610887527466,5096.9384765625,162.23265075683594,0.41663292050361633
1775570318800,0.0,1.0,5098.0185546875,161.77752685546875,0.4168979227542877
1775570318820,0.0,1.0,5098.69091796875,161.0252227783203,0.4171240031719208
1775570318840,0.0,1.0,5099.62890625,160.21380615234375,0.41742464900016785
1775570318860,0.0,1.0,5100.6943359375,159.48031616210938,0.41768625378608704
1775570318880,0.0,1.0,5101.48876953125,158.61294555664062,0.4179089665412903
1775570318900,0.0,1.0,5102.41064453125,157.69664001464844,0.4181683361530304
1775570318920,0.0,1.0,5103.19677734375,156.8759002685547,0.4183879792690277
1775570318940,0.0,1.0,5104.1083984375,155.920654296875,0.4186447858810425
1775570318960,0.0,1.0,5105.14453125,154.98155212402344,0.41889944672584534
1775570318980,0.0,1.0,5105.78857421875,154.1064910888672,0.41911643743515015
1775570319000,0.0,1.0,5106.81201171875,153.0371856689453,0.41936635971069336
1775570319020,0.0,1.0,5107.44775390625,152.13804626464844,0.41957974433898926
1775570319040,0.0,1.0,5108.4599609375,151.3759765625,0.4198637902736664
1775570319060,0.0,1.0,5109.08935546875,150.44996643066406,0.4200400412082672
1775570319080,0.0,1.0,5110.09130859375,149.561279296875,0.420320600271225
1775570319100,0.0,1.0,5110.96240234375,148.79103088378906,0.4205642640590668
1775570319120,0.0,1.0,5111.705078125,147.89743041992188,0.4207724928855896
1775570319140,0.0,1.0,5112.6904296875,147.0521240234375,0.42101341485977173
1775570319160,0.0,1.0,5113.302734375,146.30906677246094,0.4212194085121155
1775570319180,0.0,1.0,5114.1552734375,145.45355224609375,0.4214588701725006
1775570319200,0.0,1.0,5114.8818359375,144.5792694091797,0.4216620922088623
1775570319220,0.0,1.0,5115.72509765625,143.85830688476562,0.4218973219394684
1775570319240,0.0,1.0,5116.6826171875,143.10134887695312,0.4221654236316681
1775570319260,0.0,1.0,5117.2783203125,142.294677734375,0.4223315417766571
1775570319280,0.0,1.0,5118.22607421875,141.54014587402344,0.4225969612598419
1775570319300,0.0,1.0,5118.81494140625,140.64459228515625,0.4227618873119354
1775570319320,0.0,1.0,5119.75146484375,139.80613708496094,0.4230235517024994
1775570319340,0.0,1.0,5120.56494140625,139.0311737060547,0.42325255274772644
1775570319360,0.0,1.0,5121.2578125,138.07249450683594,0.4234457314014435
1775570319380,0.0,1.0,5122.06103515625,137.01551818847656,0.42367103695869446
1775570319400,0.0,1.0,5122.7451171875,136.1284637451172,0.42386290431022644
1775570319420,0.0,1.0,5123.53759765625,135.11595153808594,0.42408496141433716
1775570319440,0.0,1.0,5124.43701171875,134.12818908691406,0.4243053197860718
1775570319460,0.0,1.0,5124.99462890625,133.23092651367188,0.42449215054512024
1775570319480,0.0,1.0,5125.77001953125,132.2626495361328,0.42470887303352356
1775570319500,0.0,1.0,5126.4306640625,131.3890380859375,0.42489442229270935
1775570319520,0.0,1.0,5127.19677734375,130.7350311279297,0.4251083433628082
1775570319540,0.0,1.0,5128.06640625,130.03805541992188,0.4253523051738739
1775570319560,0.0,1.0,5128.607421875,129.43875122070312,0.42550355195999146
1775570319580,0.0,1.0,5129.4697265625,128.90335083007812,0.4257447421550751
1775570319600,0.0,1.0,5130.2197265625,128.27163696289062,0.4259553551673889
1775570319620,0.0,1.0,5130.85986328125,127.6208267211914,0.4261055588722229
1775570319640,0.0,1.0,5131.603515625,127.03327178955078,0.42634332180023193
1775570319660,0.0,1.0,5132.13232421875,126.32586669921875,0.42649102210998535
1775570319680,0.0,1.0,5132.9736328125,125.55158996582031,0.42672601342201233
1775570319700,0.0,1.0,5133.705078125,124.77349853515625,0.42693042755126953
1775570319720,0.0,1.0,5134.32763671875,123.8832778930664,0.4271053671836853
1775570319740,0.0,1.0,5135.04833984375,123.01799011230469,0.4273074269294739
1775570319760,0.0,1.0,5135.662109375,122.25032043457031,0.4274791479110718
1775570319780,0.0,1.0,5136.373046875,121.37935638427734,0.4276781976222992
1775570319800,0.0,1.0,5136.97802734375,120.46351623535156,0.42784804105758667
1775570319820,0.0,1.0,5137.67919921875,119.68588256835938,0.4280445873737335
1775570319840,0.0,1.0,5138.375,118.79116821289062,0.42823952436447144
1775570319860,0.0,1.0,5138.966796875,117.87976837158203,0.42840632796287537
1775570319880,0.0,1.0,5139.65283203125,117.11075592041016,0.4285985231399536
1775570319900,0.0,1.0,5140.43115234375,116.2130355834961,0.4287898540496826
1775570319920,0.0,1.0,5140.91357421875,115.32662963867188,0.4289524555206299
1775570319940,0.0,1.0,5141.6806640625,114.55628967285156,0.42916619777679443
1775570319960,0.0,1.0,5142.1572265625,113.6346206665039,0.4292997717857361
1775570319980,0.0,1.0,5142.9140625,112.74165344238281,0.4295109808444977
1775570320000,0.0,1.0,5143.5703125,112.00483703613281,0.4296939969062805
1775570320020,0.0,1.0,5144.12939453125,111.13925170898438,0.4298250079154968
1775570320040,0.0,1.0,5144.77685546875,110.2205581665039,0.4300317168235779
1775570320060,0.0,1.0,5145.14453125,109.5419921875,0.4301595687866211
1775570320080,0.0,1.0,5146.05615234375,108.8088607788086,0.43036356568336487
1775570320100,0.0,1.0,5146.68896484375,108.0763931274414,0.4305404722690582
1775570320120,0.0,1.0,5147.13818359375,107.39569091796875,0.430691123008728
1775570320140,0.0,1.0,5147.763671875,106.62950897216797,0.43086570501327515
1775570320160,0.0,1.0,5148.47265625,105.88404846191406,0.4310646057128906
1775570320180,0.0,1.0,5148.91259765625,105.18031311035156,0.43118762969970703
1775570320200,0.0,1.0,5149.61181640625,104.42025756835938,0.43135836720466614
1775570320220,0.0,1.0,5150.0458984375,103.72108459472656,0.4315047860145569
1775570320240,0.0,1.0,5150.73486328125,102.81087493896484,0.4316728711128235
1775570320260,0.0,1.0,5151.33154296875,101.91028594970703,0.4318632185459137
1775570320280,0.0,1.0,5151.83984375,101.02262115478516,0.43198132514953613
1775570320300,0.0,1.0,5152.42822265625,100.34368133544922,0.4321688115596771
1775570320320,0.0,1.0,5152.84521484375,99.52581787109375,0.4322850704193115
1775570320340,0.0,1.0,5153.5078125,98.6926040649414,0.43246960639953613
1775570320360,0.0,1.0,5154.08203125,97.9760971069336,0.43263038992881775
1775570320380,0.0,1.0,5154.5703125,97.18560028076172,0.432766854763031
1775570320400,0.0,1.0,5155.13623046875,96.42032623291016,0.4329237639904022
1775570320420,0.0,1.0,5155.61767578125,95.80245971679688,0.4330582320690155
1775570320440,0.0,1.0,5156.1748046875,95.0241470336914,0.4332132637500763
1775570320460,0.0,1.0,5156.806640625,94.25582122802734,0.43336838483810425
1775570320480,0.0,1.0,5157.19873046875,93.60913848876953,0.43349793553352356
1775570320500,0.0,1.0,5157.74365234375,92.85234069824219,0.43364930152893066
1775570320520,0.0,1.0,5158.2841796875,92.24494171142578,0.4337999224662781
1775570320540,0.0,1.0,5158.74462890625,91.5207748413086,0.4339268207550049
1775570320560,0.0,1.0,5159.35302734375,90.78475189208984,0.43407508730888367
1775570320580,0.0,1.0,5159.73046875,90.08283996582031,0.43420037627220154
1775570320600,0.0,1.0,5160.330078125,89.47185516357422,0.4343458414077759
1775570320620,0.0,1.0,5160.7021484375,88.76419830322266,0.4344697892665863
1775570320640,0.0,1.0,5161.21923828125,88.06539916992188,0.4346129894256592
1775570320660,0.0,1.0,5161.80517578125,87.44596862792969,0.43475452065467834
1775570320680,0.0,1.0,5162.3134765625,86.71375274658203,0.4349158704280853
1775570320700,0.0,1.0,5162.67431640625,86.03518676757812,0.4350145757198334
1775570320720,0.0,1.0,5163.17578125,85.44480895996094,0.435153067111969
1775570320740,0.0,1.0,5163.74365234375,84.72369384765625,0.43530941009521484
1775570320760,0.0,1.0,5164.095703125,83.98484802246094,0.4354066252708435
1775570320780,0.0,1.0,5164.5849609375,83.36750793457031,0.43554171919822693
1775570320800,0.0,1.0,5165.13916015625,82.69334411621094,0.43567144870758057
1775570320820,0.0,1.0,5165.48291015625,82.05435943603516,0.43578794598579407
1775570320840,0.0,1.0,5166.02880859375,81.49874114990234,0.43591877818107605
1775570320860,0.0,1.0,5166.50244140625,80.84236145019531,0.43604665994644165
1775570320880,0.0,1.0,5166.83837890625,80.17750549316406,0.43615809082984924
1775570320900,0.0,1.0,5167.37158203125,79.62925720214844,0.4362845718860626
1775570320920,0.0,1.0,5167.833984375,78.9747543334961,0.436411052942276
1775570320940,0.0,1.0,5168.162109375,78.32317352294922,0.4365178346633911
1775570320960,0.0,0.9000011682510376,5168.68310546875,77.78378295898438,0.4366406202316284
1775570320980,0.0,0.9000011682510376,5169.13525390625,77.15393829345703,0.43676289916038513
1775570321000,0.0,0.9266337752342224,5169.583984375,76.5151596069336,0.43688514828681946
1775570321020,0.0,0.9266337752342224,5169.90234375,75.98038482666016,0.436988890171051
1775570321040,0.0,0.8650835752487183,5170.3447265625,75.34541320800781,0.43710780143737793
1775570321060,0.0,0.7814478278160095,5170.845703125,74.70929718017578,0.4372275471687317
1775570321080,0.0,0.7027294039726257,5171.15625,74.20091247558594,0.43732622265815735
1775570321100,0.0,0.5730466246604919,5171.587890625,73.61454772949219,0.43744322657585144
1775570321120,0.0,0.48893406987190247,5172.01611328125,73.05956268310547,0.4375576674938202
1775570321140,0.0,0.4293791651725769,5172.44140625,72.59657287597656,0.4376716911792755
1775570321160,0.0,0.3796517848968506,5172.8037109375,72.08330535888672,0.437768816947937
1775570321180,0.0,0.35359296202659607,5173.2236328125,71.62376403808594,0.4378798007965088
1775570321200,0.0,0.3285457193851471,5173.64111328125,71.2426528930664,0.437992125749588
1775570321220,0.0,0.3045651912689209,5173.99658203125,70.82355499267578,0.4380700886249542
1775570321240,0.0,0.2816954255104065,5174.4091796875,70.41747283935547,0.43819624185562134
1775570321260,0.0,0.23899315297603607,5174.8779296875,70.08812713623047,0.4383056163787842
1775570321280,0.0,0.17186841368675232,5175.169921875,69.72130584716797,0.4383825957775116
1775570321300,0.0,0.04780666530132294,5175.576171875,69.40570831298828,0.4384903907775879
1775570321320,0.0,0.0035422237124294043,5175.9814453125,69.21491241455078,0.4386131465435028
1775570321340,0.0,0.0,5176.384765625,69.04930877685547,0.4387192726135254
1775570321360,0.0,0.0,5176.6728515625,68.90158081054688,0.4387960433959961
1775570321380,0.0,0.0,5177.13232421875,68.77841186523438,0.43890297412872314
1775570321400,0.0,0.0,5177.5341796875,68.63114929199219,0.4390082359313965
1775570321420,0.0,0.0,5177.81982421875,68.50685119628906,0.43909794092178345
1775570321440,0.0,0.0,5178.2197265625,68.36026000976562,0.4392198920249939
1775570321460,0.0,0.0,5178.67529296875,68.22112274169922,0.4393097758293152
1775570321480,0.0,0.0,5179.07373046875,68.08220672607422,0.4394291937351227
1775570321500,0.0,0.0,5179.35693359375,67.96015167236328,0.43950262665748596
1775570321520,0.0,0.0,5179.75341796875,67.81561279296875,0.4396061897277832
1775570321540,0.0,0.0,5180.20458984375,67.66927337646484,0.4397251009941101
1775570321560,0.0,0.0,5180.486328125,67.54728698730469,0.43979960680007935
1775570321580,0.0,0.0,5180.87939453125,67.41070556640625,0.43990257382392883
1775570321600,0.0,0.0,5181.2724609375,67.27371215820312,0.4400065243244171
1775570321620,0.023800015449523926,0.0,5181.60791015625,67.1479263305664,0.4400956332683563
1775570321640,0.027750015258789062,0.0,5181.9990234375,66.99748229980469,0.4401976466178894
1775570321660,0.027750015258789062,0.0,5182.4443359375,66.84972381591797,0.44029757380485535
1775570321680,0.0,0.0,5182.72265625,66.72682189941406,0.44038453698158264
1775570321700,0.0,0.0,5183.11083984375,66.59381866455078,0.4404829144477844
1775570321720,0.0,0.0,5183.49853515625,66.46487426757812,0.44058167934417725
1775570321740,0.0,0.0,5183.884765625,66.3535385131836,0.4406833350658417
1775570321760,0.0,0.0,5184.16064453125,66.221435546875,0.4407569169998169
1775570321780,0.0,0.0,5184.60107421875,66.08108520507812,0.44085854291915894
1775570321800,0.0,0.0,5184.98583984375,65.96049499511719,0.440975159406662
1775570321820,0.0,0.0,5185.26025390625,65.8570556640625,0.4410482347011566
1775570321840,0.0,0.0,5185.69775390625,65.76504516601562,0.44115933775901794
1775570321860,0.0,0.0,5186.080078125,65.66477966308594,0.44125762581825256
1775570321880,0.0,0.0,5186.46142578125,65.560791015625,0.4413546323776245
1775570321900,0.0,0.0,5186.7333984375,65.47584533691406,0.4414255917072296
1775570321920,0.0,0.0,5187.16796875,65.39993286132812,0.4415246844291687
1775570321940,0.0,0.0,5187.54736328125,65.29750061035156,0.44163763523101807
1775570321960,0.0,0.0,5187.818359375,65.18525695800781,0.44170793890953064
1775570321980,0.0,0.0,5188.1962890625,65.06575775146484,0.4418051838874817
1775570322000,0.0,0.0,5188.6279296875,64.88627624511719,0.4419045150279999
1775570322020,0.0,0.0,5188.89697265625,64.7215805053711,0.4419867694377899
1775570322040,0.0,0.0,5189.27294921875,64.58729553222656,0.4420844316482544
1775570322060,0.0,0.0,5189.70263671875,64.4342269897461,0.4421936273574829
1775570322080,0.0,0.0,5189.970703125,64.28074645996094,0.442264586687088
1775570322100,0.0,0.0,5190.3984375,64.14739990234375,0.44235920906066895
1775570322120,0.0,0.0,5190.6650390625,63.98317337036133,0.4424392879009247
1775570322140,0.0,0.0,5191.0908203125,63.81967544555664,0.44254907965660095
1775570322160,0.03970000147819519,0.0,5191.46337890625,63.68341064453125,0.44264477491378784
1775570322180,0.07935002446174622,0.0,5191.8349609375,63.54380798339844,0.4427400529384613
1775570322200,0.11505001783370972,0.0,5192.15283203125,63.422264099121094,0.4428056478500366
1775570322220,0.14285001158714294,0.0,5192.52294921875,63.32318115234375,0.44291287660598755
1775570322240,0.16269999742507935,0.0,5192.78662109375,63.21358108520508,0.44299405813217163
1775570322260,0.16664999723434448,0.0,5193.20849609375,63.11082458496094,0.4430859684944153
1775570322280,0.17059999704360962,0.0,5193.5771484375,63.02738952636719,0.4431820511817932
1775570322300,0.17059999704360962,0.0,5193.89208984375,62.935115814208984,0.44324779510498047
1775570322320,0.16269999742507935,0.0,5194.259765625,62.84579086303711,0.4433540105819702
1775570322340,0.15870001912117004,0.0,5194.6259765625,62.76976776123047,0.44344544410705566
1775570322360,0.1547500193119049,0.0,5194.88720703125,62.688228607177734,0.44351083040237427
1775570322380,0.1547500193119049,0.0,5195.30517578125,62.61611557006836,0.44361597299575806
1775570322400,0.1547500193119049,0.0,5195.669921875,62.55611038208008,0.44370898604393005
1775570322420,0.16269999742507935,0.0,5195.93017578125,62.48544692993164,0.44377562403678894
1775570322440,0.1746000051498413,0.0,5196.34619140625,62.41461181640625,0.4438799023628235
1775570322460,0.1904500126838684,0.0,5196.70947265625,62.34747314453125,0.44397154450416565
1775570322480,0.2261500060558319,0.0,5197.02001953125,62.26044845581055,0.44403696060180664
1775570322500,0.26980000734329224,0.0,5197.38232421875,62.16746139526367,0.4441281855106354
1775570322520,0.30550000071525574,0.0,5197.74462890625,62.08321762084961,0.44423189759254456
1775570322540,0.34915000200271606,0.0,5198.00244140625,61.99385070800781,0.4442981779575348
1775570322560,0.38089999556541443,0.0,5198.41455078125,61.92692947387695,0.4443880617618561
1775570322580,0.40869998931884766,0.0,5198.775390625,61.87847137451172,0.44449204206466675
1775570322600,0.4364500045776367,0.0,5199.03271484375,61.84500503540039,0.44455790519714355
1775570322620,0.46424999833106995,0.0,5199.44482421875,61.84455871582031,0.444649875164032
1775570322640,0.48010000586509705,0.0,5199.80517578125,61.86800765991211,0.44475123286247253
1775570322660,0.49994999170303345,0.0,5200.06298828125,61.91683578491211,0.444818377494812
1775570322680,0.5077999830245972,0.0,5200.4755859375,61.980987548828125,0.44490981101989746
1775570322700,0.5351499915122986,0.0,5200.837890625,62.04121398925781,0.445011168718338
1775570322720,0.5859500169754028,0.0,5201.0966796875,62.12455368041992,0.4450783133506775
1775570322740,0.6211000084877014,0.0,5201.5107421875,62.231903076171875,0.4451824724674225
1775570322760,0.65625,0.0,5201.87451171875,62.34391403198242,0.4452734589576721
1775570322780,0.6913999915122986,0.0,5202.23876953125,62.49143981933594,0.44536489248275757
1775570322800,0.7070499658584595,0.0,5202.49951171875,62.65013885498047,0.44543159008026123
1775570322820,0.7226499915122986,0.0,5202.91748046875,62.80506134033203,0.44552525877952576
1775570322840,0.7343499660491943,0.0,5203.23193359375,63.02212905883789,0.445614755153656
1775570322860,0.7382999658584595,0.0,5203.546875,63.2379150390625,0.44569557905197144
1775570322880,0.7382999658584595,0.0,5203.916015625,63.416015625,0.4457879960536957
1775570322900,0.7382999658584595,0.0,5204.3388671875,63.616703033447266,0.44588205218315125
1775570322920,0.7422000169754028,0.0,5204.603515625,63.814327239990234,0.4459652602672577
1775570322940,0.7538999915122986,0.0,5204.9755859375,63.97901153564453,0.4460737407207489
1775570322960,0.7695499658584595,0.0,5205.34814453125,64.16746520996094,0.44615301489830017
1775570322980,0.7851499915122986,0.0,5205.72216796875,64.35009002685547,0.4462498128414154
1775570323000,0.7929500341415405,0.0,5206.04345703125,64.51179504394531,0.44632992148399353
1775570323020,0.7968499660491943,0.0,5206.41943359375,64.72232055664062,0.44642481207847595
1775570323040,0.7968499660491943,0.0,5206.796875,64.94922637939453,0.4465210735797882
1775570323060,0.7968499660491943,0.0,5207.17578125,65.14633178710938,0.44661566615104675
1775570323080,0.7929500341415405,0.0,5207.50146484375,65.36482238769531,0.4467005729675293
1775570323100,0.7929500341415405,0.0,5207.88232421875,65.55717468261719,0.4467976689338684
1775570323120,0.7929500341415405,0.0,5208.15576171875,65.728515625,0.4468681216239929
1775570323140,0.7929500341415405,0.0,5208.59423828125,65.93982696533203,0.446976900100708
1775570323160,0.7929500341415405,0.0,5208.97900390625,66.14969635009766,0.4470774233341217
1775570323180,0.7929500341415405,0.0,5209.365234375,66.33150482177734,0.4471767246723175
1775570323200,0.7929500341415405,0.0,5209.697265625,66.55667877197266,0.4472616910934448
1775570323220,0.7890499830245972,0.0,5210.0859375,66.78677368164062,0.44735968112945557
1775570323240,0.7851499915122986,0.0,5210.4755859375,66.98678588867188,0.4474601745605469
1775570323260,0.7773499488830566,0.0,5210.81103515625,67.20704650878906,0.4475453197956085
1775570323280,0.7734500169754028,0.0,5211.20361328125,67.42189025878906,0.44764766097068787
1775570323300,0.7655999660491943,0.0,5211.59716796875,67.60945129394531,0.4477497935295105
1775570323320,0.7577999830245972,0.0,5211.935546875,67.8079605102539,0.44783729314804077
1775570323340,0.7538999915122986,0.0,5212.3310546875,67.94886779785156,0.44793984293937683
1775570323360,0.7461000084877014,0.0,5212.6708984375,68.09026336669922,0.4480273425579071
1775570323380,0.7461000084877014,0.0,5213.06787109375,68.28287506103516,0.4481292963027954
1775570323400,0.7461000084877014,0.0,5213.5234375,68.47599029541016,0.44823142886161804
1775570323420,0.7461000084877014,0.0,5213.80908203125,68.633544921875,0.4483221769332886
1775570323440,0.75,0.0,5214.208984375,68.80835723876953,0.4484255909919739
1775570323460,0.75,0.0,5214.55322265625,68.99017333984375,0.44851404428482056
1775570323480,0.75,0.0,5215.01318359375,69.1587905883789,0.44861871004104614
1775570323500,0.75,0.0,5215.30126953125,69.37020111083984,0.44870641827583313
1775570323520,0.75,0.0,5215.763671875,69.5816421508789,0.44883009791374207
1775570323540,0.75,0.0,5216.16943359375,69.76331329345703,0.4489336907863617
1775570323560,0.7461000084877014,0.0,5216.51806640625,69.9697494506836,0.449025422334671
1775570323580,0.7304499745368958,0.0,5216.98388671875,70.17973327636719,0.44913172721862793
1775570323600,0.7109500169754028,0.0,5217.275390625,70.35845184326172,0.44922345876693726
1775570323620,0.6797000169754028,0.0,5217.62646484375,70.55230712890625,0.449309766292572
1775570323640,0.6405999660491943,0.0,5218.03662109375,70.71125793457031,0.44943639636039734
1775570323660,0.5976499915122986,0.0,5218.5654296875,70.8405990600586,0.449544757604599
1775570323680,0.53125,0.0,5218.85986328125,70.9994125366211,0.44963714480400085
1775570323700,0.49994999170303345,0.0,5219.21435546875,71.14088439941406,0.44972869753837585
1775570323720,0.4562999904155731,0.0,5219.68701171875,71.25125885009766,0.4498376250267029
1775570323740,0.4126499891281128,0.0,5219.9833984375,71.35865020751953,0.44992902874946594
1775570323760,0.3928000032901764,0.0,5220.4580078125,71.44744110107422,0.45005175471305847
1775570323780,0.4126499891281128,0.0,5220.81396484375,71.49798583984375,0.4501444399356842
1775570323800,0.4761500060558319,0.0,5221.22998046875,71.5592269897461,0.4502544403076172
1775570323820,0.5351499915122986,0.0,5221.58740234375,71.64000701904297,0.4503474831581116
1775570323840,0.6093499660491943,0.0,5222.06396484375,71.71658325195312,0.4504711329936981
1775570323860,0.6913999915122986,0.0,5222.42236328125,71.82047271728516,0.4505687355995178
1775570323880,0.7461000084877014,0.0,5222.8408203125,71.93636322021484,0.4506767690181732
1775570323900,0.78125,0.0,5223.2001953125,72.04940032958984,0.45076999068260193
1775570323920,0.8047000169754028,0.0,5223.62060546875,72.19068908691406,0.4508801996707916
1775570323940,0.8125,0.0,5224.0419921875,72.3467788696289,0.4509895443916321
1775570323960,0.8125,0.0,5224.46435546875,72.488525390625,0.45110079646110535
1775570323980,0.8007999658584595,0.0,5224.82763671875,72.66395568847656,0.45119407773017883
1775570324000,0.7968499660491943,0.0,5225.31298828125,72.8508071899414,0.45130467414855957
1775570324020,0.7890499830245972,0.0,5225.61767578125,73.0074234008789,0.4514000117778778
1775570324040,0.7890499830245972,0.0,5225.98388671875,73.17092895507812,0.4514951705932617
1775570324060,0.7968499660491943,0.0,5226.53369140625,73.33537292480469,0.45162373781204224
1775570324080,0.8007999658584595,0.0,5226.83984375,73.48124694824219,0.45171764492988586
1775570324100,0.8085999488830566,0.0,5227.27001953125,73.63896942138672,0.4518297016620636
1775570324120,0.8125,0.0,5227.63916015625,73.7831039428711,0.45192813873291016
1775570324140,0.8125,0.0,5228.1328125,73.9097900390625,0.4520569145679474
1775570324160,0.8125,0.0,5228.50341796875,74.07282257080078,0.4521554112434387
1775570324180,0.8047000169754028,0.0,5228.875,74.24002075195312,0.45225054025650024
1775570324200,0.8007999658584595,0.0,5229.37109375,74.32413482666016,0.45238202810287476
1775570324220,0.7773499488830566,0.0,5229.68115234375,74.4266586303711,0.45246240496635437
1775570324240,0.7422000169754028,0.0,5230.17919921875,74.55431365966797,0.45259299874305725
1775570324260,0.7030999660491943,0.0,5230.552734375,74.65280151367188,0.4526922106742859
1775570324280,0.6132999658584595,0.0,5230.92626953125,74.73959350585938,0.4527900218963623
1775570324300,0.5195500254631042,0.0,5231.42578125,74.79735565185547,0.4529208242893219
1775570324320,0.46024999022483826,0.0,5231.80078125,74.82888793945312,0.4530203640460968
1775570324340,0.3650500178337097,0.0,5232.23828125,74.86026763916016,0.4531344771385193
1775570324360,0.2738000154495239,0.0,5232.61328125,74.85797882080078,0.45323336124420166
1775570324380,0.2102999985218048,0.0,5233.11279296875,74.82782745361328,0.45336511731147766
1775570324400,0.15870001912117004,0.0,5233.48681640625,74.77123260498047,0.453464537858963
1775570324420,0.14680001139640808,0.0,5233.8603515625,74.71263122558594,0.45356231927871704
1775570324440,0.14680001139640808,0.0,5234.3583984375,74.62973022460938,0.45367631316185
1775570324460,0.16664999723434448,0.0,5234.66845703125,74.52604675292969,0.45377689599990845
1775570324480,0.19840002059936523,0.0,5235.16455078125,74.40678405761719,0.45390793681144714
1775570324500,0.2301500141620636,0.0,5235.53564453125,74.29378509521484,0.4540039896965027
1775570324520,0.2658500075340271,0.0,5235.90576171875,74.15479278564453,0.4541056752204895
1775570324540,0.29360002279281616,0.0,5236.39892578125,74.02311706542969,0.45423629879951477
1775570324560,0.32934999465942383,0.0,5236.76806640625,73.91368103027344,0.4543319344520569
1775570324580,0.3650500178337097,0.0,5237.26025390625,73.78606414794922,0.4544646739959717
1775570324600,0.3928000032901764,0.0,5237.62939453125,73.67428588867188,0.45456257462501526
1775570324620,0.42454999685287476,0.0,5237.9970703125,73.59171295166016,0.45465919375419617
1775570324640,0.452349990606308,0.0,5238.42626953125,73.50013732910156,0.45477381348609924
1775570324660,0.4681999981403351,0.0,5238.79443359375,73.42240142822266,0.4548729658126831
1775570324680,0.4721499979496002,0.0,5239.28515625,73.35877990722656,0.45500192046165466
1775570324700,0.4721499979496002,0.0,5239.6533203125,73.29058837890625,0.455100417137146
1775570324720,0.4761500060558319,0.0,5240.02099609375,73.22904205322266,0.4551980793476105
1775570324740,0.4761500060558319,0.0,5240.51123046875,73.1780014038086,0.45533135533332825
1775570324760,0.4761500060558319,0.0,5240.87890625,73.10446166992188,0.45542868971824646
1775570324780,0.4761500060558319,0.0,5241.24658203125,73.04022216796875,0.45552560687065125
1775570324800,0.48010000586509705,0.0,5241.73583984375,72.99073791503906,0.45565882325172424
1775570324820,0.48010000586509705,0.0,5242.10205078125,72.92672729492188,0.45574048161506653
1775570324840,0.4761500060558319,0.0,5242.58984375,72.86238861083984,0.4558715224266052
1775570324860,0.4721499979496002,0.0,5242.89404296875,72.80290985107422,0.4559701681137085
1775570324880,0.46024999022483826,0.0,5243.3193359375,72.74057006835938,0.4560687839984894
1775570324900,0.4562999904155731,0.0,5243.744140625,72.68231201171875,0.45619940757751465
1775570324920,0.44440001249313354,0.0,5244.107421875,72.6337661743164,0.456297367811203
1775570324940,0.4364500045776367,0.0,5244.53125,72.58557891845703,0.4564281105995178
1775570324960,0.4325000047683716,0.0,5244.89453125,72.54026794433594,0.4565260708332062
1775570324980,0.4325000047683716,0.0,5245.2578125,72.50868225097656,0.4566076397895813
1775570325000,0.4325000047683716,0.0,5245.7421875,72.47950744628906,0.45674049854278564
1775570325020,0.4364500045776367,0.0,5246.10546875,72.4561996459961,0.456838458776474
1775570325040,0.4325000047683716,0.0,5246.58984375,72.43720245361328,0.45696964859962463
1775570325060,0.42855000495910645,0.0,5246.953125,72.41411590576172,0.4570692479610443
1775570325080,0.4205999970436096,0.0,5247.4375,72.3868408203125,0.45720112323760986
1775570325100,0.4205999970436096,0.0,5247.80078125,72.35851287841797,0.45728424191474915
1775570325120,0.4205999970436096,0.0,5248.103515625,72.31316375732422,0.45738378167152405
1775570325140,0.42855000495910645,0.0,5248.587890625,72.26377868652344,0.4575156271457672
1775570325160,0.4364500045776367,0.0,5248.9501953125,72.2203598022461,0.45761433243751526
1775570325180,0.44440001249313354,0.0,5249.4326171875,72.16777801513672,0.4577479064464569
1775570325200,0.44440001249313354,0.0,5249.79443359375,72.12213897705078,0.45784619450569153
1775570325220,0.4562999904155731,0.0,5250.15625,72.09049987792969,0.45794573426246643
1775570325240,0.4562999904155731,0.0,5250.578125,72.06880187988281,0.4580624997615814
1775570325260,0.452349990606308,0.0,5250.93994140625,72.06452178955078,0.4581615924835205
1775570325280,0.44440001249313354,0.0,5251.42236328125,72.06181335449219,0.458296000957489
1775570325300,0.4364500045776367,0.0,5251.7841796875,72.05965423583984,0.4583941400051117
1775570325320,0.42454999685287476,0.0,5252.14599609375,72.06137084960938,0.4584941267967224
1775570325340,0.41659998893737793,0.0,5252.62841796875,72.06831359863281,0.4586274027824402
1775570325360,0.4007500112056732,0.0,5252.9296875,72.08381652832031,0.4587109088897705
1775570325380,0.3968000113964081,0.0,5253.412109375,72.10810089111328,0.4588445723056793
1775570325400,0.3928000032901764,0.0,5253.7724609375,72.13529968261719,0.4589453935623169
1775570325420,0.3928000032901764,0.0,5254.1328125,72.1690673828125,0.45904624462127686
1775570325440,0.3928000032901764,0.0,5254.61376953125,72.20874786376953,0.4591808319091797
1775570325460,0.3968000113964081,0.0,5254.9140625,72.24397277832031,0.45926526188850403
1775570325480,0.40869998931884766,0.0,5255.396484375,72.28907012939453,0.45940014719963074
1775570325500,0.42454999685287476,0.0,5255.75830078125,72.34471130371094,0.45950111746788025
1775570325520,0.4562999904155731,0.0,5256.24072265625,72.40577697753906,0.45963621139526367
1775570325540,0.49994999170303345,0.0,5256.6025390625,72.50623321533203,0.45973777770996094
1775570325560,0.5234500169754028,0.0,5257.0869140625,72.63262939453125,0.4598560035228729
1775570325580,0.5586000084877014,0.0,5257.3896484375,72.7302017211914,0.4599588215351105
1775570325600,0.5820499658584595,0.0,5257.875,72.87245178222656,0.46009504795074463
1775570325620,0.5780999660491943,0.0,5258.23974609375,73.04163360595703,0.4601970314979553
1775570325640,0.5586000084877014,0.0,5258.60546875,73.15982818603516,0.4602998197078705
1775570325660,0.5234500169754028,0.0,5259.09375,73.28759765625,0.4604198634624481
1775570325680,0.48805001378059387,0.0,5259.39990234375,73.41938018798828,0.46052348613739014
1775570325700,0.4364500045776367,0.0,5259.89013671875,73.51593780517578,0.46066176891326904
1775570325720,0.3769499957561493,0.0,5260.2578125,73.60592651367188,0.4607667028903961
1775570325740,0.32934999465942383,0.0,5260.626953125,73.66700744628906,0.46088656783103943
1775570325760,0.3015500009059906,0.0,5261.119140625,73.69921112060547,0.4610081613063812
1775570325780,0.289650022983551,0.0,5261.48828125,73.71373748779297,0.4611135423183441
1775570325800,0.30550000071525574,0.0,5261.9189453125,73.71810150146484,0.461233913898468
1775570325820,0.3412500023841858,0.0,5262.2880859375,73.73041534423828,0.4613376259803772
1775570325840,0.44440001249313354,0.0,5262.7802734375,73.76319885253906,0.4614764451980591
1775570325860,0.5273500084877014,0.0,5263.2109375,73.8324966430664,0.461579829454422
1775570325880,0.6054499745368958,0.0,5263.5185546875,73.92821502685547,0.46168529987335205
1775570325900,0.6875,0.0,5264.01171875,74.07452392578125,0.46180665493011475
1775570325920,0.7382999658584595,0.0,5264.3203125,74.25272369384766,0.4619118571281433
1775570325940,0.7617000341415405,0.0,5264.8154296875,74.42420196533203,0.4620527923107147
1775570325960,0.7734500169754028,0.0,5265.18798828125,74.63993072509766,0.4621579945087433
1775570325980,0.7655999660491943,0.0,5265.68603515625,74.87140655517578,0.462299644947052
1775570326000,0.7538999915122986,0.0,5265.99853515625,75.07743835449219,0.4623878300189972
1775570326020,0.7226499915122986,0.0,5266.3740234375,75.30809783935547,0.46249285340309143
1775570326040,0.6952999830245972,0.0,5266.87646484375,75.51508331298828,0.4626365303993225
1775570326060,0.6679499745368958,0.0,5267.25439453125,75.67813110351562,0.4627421498298645
1775570326080,0.6445499658584595,0.0,5267.75927734375,75.89654541015625,0.4628860056400299
1775570326100,0.6366999745368958,0.0,5268.138671875,76.10002899169922,0.46297580003738403
1775570326120,0.6327999830245972,0.0,5268.4560546875,76.2437973022461,0.4630836248397827
1775570326140,0.6327999830245972,0.0,5268.9638671875,76.40158081054688,0.4632280468940735
1775570326160,0.6405999660491943,0.0,5269.34619140625,76.56131744384766,0.463334858417511
1775570326180,0.6484500169754028,0.0,5269.8564453125,76.71329498291016,0.463480144739151
1775570326200,0.65625,0.0,5270.240234375,76.8826675415039,0.4635878801345825
1775570326220,0.6640499830245972,0.0,5270.56005859375,77.06484985351562,0.46367937326431274
1775570326240,0.6679499745368958,0.0,5271.07373046875,77.22270202636719,0.4638245403766632
1775570326260,0.6679499745368958,0.0,5271.5888671875,77.40308380126953,0.46397075057029724
1775570326280,0.6640499830245972,0.0,5271.9755859375,77.5840835571289,0.46408021450042725
1775570326300,0.65625,0.0,5272.36328125,77.73612976074219,0.4641892611980438
1775570326320,0.6523500084877014,0.0,5272.81689453125,77.90104675292969,0.46431851387023926
1775570326340,0.6484500169754028,0.0,5273.20654296875,78.07218170166016,0.4644458293914795
1775570326360,0.6484500169754028,0.0,5273.72705078125,78.23714447021484,0.46457648277282715
1775570326380,0.6484500169754028,0.0,5274.1181640625,78.41958618164062,0.46468713879585266
1775570326400,0.65625,0.0,5274.64111328125,78.59188079833984,0.464815229177475
1775570326420,0.6679499745368958,0.0,5274.96826171875,78.73504638671875,0.46492770314216614
1775570326440,0.6913999915122986,0.0,5275.3623046875,78.91451263427734,0.4650380313396454
1775570326460,0.7030999660491943,0.0,5275.95361328125,79.10041809082031,0.4651874005794525
1775570326480,0.7070499658584595,0.0,5276.283203125,79.25691223144531,0.46529874205589294
1775570326500,0.7109500169754028,0.0,5276.81201171875,79.44796752929688,0.46543043851852417
1775570326520,0.7030999660491943,0.0,5277.1435546875,79.64399719238281,0.4655434787273407
1775570326540,0.6991999745368958,0.0,5277.6748046875,79.80757141113281,0.4656936228275299
1775570326560,0.6875,0.0,5278.07421875,80.00098419189453,0.46580538153648376
1775570326580,0.6757999658584595,0.0,5278.47412109375,80.19032287597656,0.4659196436405182
1775570326600,0.6718499660491943,0.0,5279.00927734375,80.34600830078125,0.46605080366134644
1775570326620,0.6679499745368958,0.0,5279.34423828125,80.52228546142578,0.46616455912590027
1775570326640,0.6797000169754028,0.0,5279.88134765625,80.69561004638672,0.46631762385368347
1775570326660,0.6952999830245972,0.0,5280.28515625,80.84730529785156,0.46643057465553284
1775570326680,0.7109500169754028,0.0,5280.82421875,81.01980590820312,0.46658381819725037
1775570326700,0.7265499830245972,0.0,5281.22998046875,81.20647430419922,0.46667948365211487
1775570326720,0.7422000169754028,0.0,5281.56884765625,81.38287353515625,0.4667940139770508
1775570326740,0.7538999915122986,0.0,5282.11181640625,81.60224914550781,0.46694591641426086
1775570326760,0.7577999830245972,0.0,5282.52001953125,81.81243133544922,0.4670616388320923
1775570326780,0.7577999830245972,0.0,5283.0654296875,81.986083984375,0.46721524000167847
1775570326800,0.7577999830245972,0.0,5283.4755859375,82.19522094726562,0.4673319160938263
1775570326820,0.7577999830245972,0.0,5283.81787109375,82.40985870361328,0.4674281179904938
1775570326840,0.7577999830245972,0.0,5284.36767578125,82.57957458496094,0.467583030462265
1775570326860,0.7538999915122986,0.0,5284.91845703125,82.77838897705078,0.4677400290966034
1775570326880,0.7538999915122986,0.0,5285.3330078125,83.01614379882812,0.4678567945957184
1775570326900,0.7538999915122986,0.0,5285.74853515625,83.20311737060547,0.46797317266464233
1775570326920,0.7538999915122986,0.0,5286.23388671875,83.39939880371094,0.4681093692779541
1775570326940,0.7538999915122986,0.0,5286.6513671875,83.6075668334961,0.4682476222515106
1775570326960,0.7538999915122986,0.0,5287.20947265625,83.7961654663086,0.468384712934494
1775570326980,0.7538999915122986,0.0,5287.62841796875,84.01667785644531,0.46852388978004456
1775570327000,0.7538999915122986,0.0,5288.18896484375,84.2253189086914,0.46864256262779236
1775570327020,0.7538999915122986,0.0,5288.5400390625,84.39495086669922,0.4687608480453491
1775570327040,0.7538999915122986,0.0,5288.9619140625,84.59282684326172,0.4688795506954193
1775570327060,0.7538999915122986,0.0,5289.5966796875,84.79473114013672,0.4690392315387726
1775570327080,0.7538999915122986,0.0,5289.9501953125,84.96846771240234,0.4691600203514099
1775570327100,0.7538999915122986,0.0,5290.5166015625,85.17353820800781,0.46929895877838135
1775570327120,0.7538999915122986,0.0,5290.87158203125,85.37784576416016,0.4694189131259918
1775570327140,0.7538999915122986,0.0,5291.44091796875,85.55807495117188,0.46957942843437195
1775570327160,0.75,0.0,5291.86865234375,85.77030181884766,0.46969863772392273
1775570327180,0.75,0.0,5292.44091796875,85.97808837890625,0.46986123919487
1775570327200,0.75,0.0,5292.87109375,86.14666748046875,0.46996140480041504
1775570327220,0.75,0.0,5293.22998046875,86.34417724609375,0.470083087682724
1775570327240,0.75,0.0,5293.8056640625,86.55305480957031,0.4702465832233429
1775570327260,0.75,0.0,5294.16650390625,86.73175811767578,0.4703688323497772
1775570327280,0.7617000341415405,0.0,5294.8173828125,86.93310546875,0.47051137685775757
1775570327300,0.7695499658584595,0.0,5295.1796875,87.10823822021484,0.47063347697257996
1775570327320,0.78125,0.0,5295.615234375,87.32960510253906,0.4707556664943695
1775570327340,0.8163999915122986,0.0,5296.197265625,87.56568145751953,0.47092029452323914
1775570327360,0.8672000169754028,0.0,5296.78173828125,87.79620361328125,0.4710642397403717
1775570327380,0.9218499660491943,0.0,5297.14794921875,87.99580383300781,0.47118717432022095
1775570327400,1.0,0.0,5297.73486328125,88.25711822509766,0.4713329076766968
1775570327420,1.0,0.0,5298.10302734375,88.55601501464844,0.47145649790763855
1775570327440,1.0,0.0,5298.69384765625,88.81712341308594,0.47162356972694397
1775570327460,1.0,0.0,5299.13818359375,89.09883880615234,0.4717480540275574
1775570327480,1.0,0.0,5299.658203125,89.43682098388672,0.47189486026763916
1775570327500,1.0,0.0,5300.10595703125,89.72261810302734,0.47202181816101074
1775570327520,1.0,0.0,5300.5546875,90.04308319091797,0.4721488952636719
1775570327540,1.0,0.0,5301.080078125,90.34245300292969,0.47231823205947876
1775570327560,1.0,0.0,5301.6826171875,90.60137176513672,0.4724676012992859
1775570327580,1.0,0.0,5302.13623046875,90.92202758789062,0.4725950360298157
1775570327600,1.0,0.0,5302.6669921875,91.24723815917969,0.47274479269981384
1775570327620,1.0,0.0,5303.12353515625,91.50563049316406,0.4728735387325287
1775570327640,1.0,0.0,5303.658203125,91.81790161132812,0.47304606437683105
1775570327660,1.0,0.0,5304.1943359375,92.14521026611328,0.47315341234207153
1775570327680,1.0,0.0,5304.6552734375,92.41845703125,0.4733048975467682
1775570327700,1.0,0.0,5305.19482421875,92.734130859375,0.4734562337398529
1775570327720,1.0,0.0,5305.6591796875,93.05401611328125,0.473586767911911
1775570327740,1.0,0.0,5306.27978515625,93.32759094238281,0.47376564145088196
1775570327760,1.0,0.0,5306.7470703125,93.62590789794922,0.47389280796051025
1775570327780,1.0,0.0,5307.21533203125,93.93975067138672,0.47402575612068176
1775570327800,1.0,0.0,5307.841796875,94.20903015136719,0.4742027223110199
1775570327820,1.0,0.0,5308.3134765625,94.50147247314453,0.4743133783340454
1775570327840,1.0,0.0,5308.94384765625,94.79409790039062,0.47449082136154175
1775570327860,1.0,0.0,5309.33935546875,95.0995864868164,0.47462406754493713
1775570327880,1.0,0.0,5309.89453125,95.41658020019531,0.4747582674026489
1775570327900,1.0,0.0,5310.45166015625,95.71144104003906,0.47493791580200195
1775570327920,1.0,0.0,5310.9306640625,95.96430969238281,0.47507229447364807
1775570327940,1.0,0.0,5311.57080078125,96.27140808105469,0.4752521216869354
1775570327960,1.0,0.0,5312.052734375,96.58958435058594,0.475387841463089
1775570327980,1.0,0.0,5312.5361328125,96.85145568847656,0.475523442029953
1775570328000,1.0,0.0,5313.10107421875,97.14922332763672,0.4756811261177063
1775570328020,1.0,0.0,5313.5869140625,97.4025650024414,0.4758174419403076
1775570328040,1.0,0.0,5314.236328125,97.6917495727539,0.4760003983974457
1775570328060,1.0,0.0,5314.72509765625,97.98088836669922,0.4761377274990082
1775570328080,1.0,0.0,5315.21533203125,98.28411102294922,0.47627630829811096
1775570328100,1.0,0.0,5315.87109375,98.54491424560547,0.47646066546440125
1775570328120,1.0,0.0,5316.3642578125,98.8518295288086,0.47657614946365356
1775570328140,1.0,0.0,5316.85888671875,99.16244506835938,0.47673770785331726
1775570328160,1.0,0.0,5317.4375,99.4140853881836,0.4769236147403717
1775570328180,1.0,0.0,5318.01806640625,99.70101165771484,0.4770398437976837
1775570328200,1.0,0.0,5318.60009765625,99.9797592163086,0.47722572088241577
1775570328220,1.0,0.0,5319.10009765625,100.21207427978516,0.4773663282394409
1775570328240,1.0,0.0,5319.76904296875,100.48747253417969,0.47755327820777893
1775570328260,1.0,0.0,5320.27197265625,100.76103973388672,0.47769394516944885
1775570328280,1.0,0.0,5320.7763671875,101.01961517333984,0.47783514857292175
1775570328300,1.0,0.0,5321.451171875,101.35476684570312,0.47800007462501526
1775570328320,1.0,0.0,5321.95849609375,101.63125610351562,0.47814181447029114
1775570328340,1.0,0.0,5322.3818359375,101.8460693359375,0.478283554315567
1775570328360,1.0,0.0,5323.14599609375,102.1187515258789,0.4784734845161438
1775570328380,1.0,0.0,5323.57177734375,102.41059112548828,0.47861620783805847
1775570328400,1.0,0.0,5324.2548828125,102.6502914428711,0.4788077473640442
1775570328420,1.0,0.0,5324.76806640625,102.9057846069336,0.47895222902297974
1775570328440,1.0,0.0,5325.28271484375,103.17758178710938,0.4791201651096344
1775570328460,1.0,0.0,5325.970703125,103.4251708984375,0.4792889356613159
1775570328480,1.0,0.0,5326.48779296875,103.69173431396484,0.4794337749481201
1775570328500,1.0,0.0,5327.00634765625,103.95092010498047,0.4795789122581482
1775570328520,1.0,0.0,5327.5263671875,104.17601013183594,0.47972407937049866
1775570328540,1.0,0.0,5328.22119140625,104.44916534423828,0.4799189269542694
1775570328560,1.0,0.0,5328.744140625,104.73591613769531,0.48006507754325867
1775570328580,1.0,0.0,5329.44287109375,104.99806213378906,0.4802601635456085
1775570328600,1.0,0.0,5329.96875,105.28521728515625,0.48040804266929626
1775570328620,1.0,0.0,5330.49560546875,105.53008270263672,0.48055505752563477
1775570328640,1.0,0.0,5331.19921875,105.72997283935547,0.48072758316993713
1775570328660,1.0,0.0,5331.6396484375,105.97565460205078,0.4809001088142395
1775570328680,1.0,0.0,5332.34619140625,106.26495361328125,0.4810735881328583
1775570328700,1.0,0.0,5332.96630859375,106.48279571533203,0.4812479317188263
1775570328721,1.0,0.0,5333.49951171875,106.72505950927734,0.481371134519577
1775570328740,1.0,0.0,5334.123046875,107.00748443603516,0.48159584403038025
1775570328760,1.0,0.0,5334.748046875,107.25045776367188,0.48174577951431274
1775570328780,1.0,0.0,5335.28515625,107.53180694580078,0.48189613223075867
1775570328800,1.0,0.0,5335.8232421875,107.79458618164062,0.48204636573791504
1775570328820,1.0,0.0,5336.3623046875,108.01930236816406,0.48219701647758484
1775570328840,1.0,0.0,5337.0830078125,108.27360534667969,0.48240014910697937
1775570328860,1.0,0.0,5337.62451171875,108.5289077758789,0.4825519919395447
1775570328880,1.0,0.0,5338.1669921875,108.74600982666016,0.4827042520046234
1775570328900,1.0,0.0,5338.98291015625,108.9969482421875,0.48290762305259705
1775570328920,1.0,0.0,5339.5283203125,109.24170684814453,0.48308682441711426
1775570328940,1.0,0.0,5340.07470703125,109.4550552368164,0.483240008354187
1775570328960,1.0,0.0,5340.80517578125,109.73333740234375,0.483443945646286
1775570328980,1.0,0.0,5341.3544921875,110.01576232910156,0.4835990071296692
1775570329000,1.0,0.0,5341.90478515625,110.22091674804688,0.48375290632247925
1775570329020,1.0,0.0,5342.4560546875,110.46107482910156,0.48390743136405945
1775570329040,1.0,0.0,5343.1923828125,110.72027587890625,0.48411381244659424
1775570329060,1.0,0.0,5343.65380859375,110.92559051513672,0.48427000641822815
1775570329080,1.0,0.0,5344.486328125,111.16033172607422,0.48447680473327637
1775570329100,1.0,0.0,5345.04248046875,111.42030334472656,0.4846062958240509
1775570329120,1.0,0.0,5345.5068359375,111.62862396240234,0.4847887456417084
1775570329140,1.0,0.0,5346.25146484375,111.87928009033203,0.48497170209884644
1775570329160,1.0,0.0,5346.81103515625,112.14097595214844,0.4851283133029938
1775570329180,1.0,0.0,5347.55908203125,112.36487579345703,0.4853392243385315
1775570329200,1.0,0.0,5348.12158203125,112.61808776855469,0.4854966402053833
1775570329220,1.0,0.0,5348.68505859375,112.87615203857422,0.48565539717674255
1775570329240,1.0,0.0,5349.5322265625,113.09974670410156,0.4858658015727997
1775570329260,1.0,0.0,5350.00390625,113.3347396850586,0.48602402210235596
1775570329280,1.0,0.0,5350.57080078125,113.57010650634766,0.48618394136428833
1775570329300,1.0,0.0,5351.328125,113.77959442138672,0.4863687753677368
1775570329320,1.0,0.0,5351.80224609375,114.02430725097656,0.4865284860134125
1775570329340,1.0,0.0,5352.5625,114.27691650390625,0.4867406487464905
1775570329360,1.0,0.0,5353.2294921875,114.48017883300781,0.4869287610054016
1775570329380,1.0,0.0,5353.80224609375,114.72352600097656,0.48708829283714294
1775570329400,1.0,0.0,5354.3759765625,114.94779968261719,0.4872494637966156
1775570329420,1.0,0.0,5354.95068359375,115.15396881103516,0.4874110519886017
1775570329440,1.0,0.0,5355.71875,115.39956665039062,0.487625390291214
1775570329460,1.0,0.0,5356.48876953125,115.64037322998047,0.48781487345695496
1775570329480,1.0,0.0,5356.970703125,115.84947967529297,0.4880034923553467
1775570329500,1.0,0.0,5357.64697265625,116.0900650024414,0.48813924193382263
1775570329520,1.0,0.0,5358.32421875,116.32942199707031,0.488355815410614
1775570329540,1.0,0.0,5358.90576171875,116.53241729736328,0.4885185658931732
1775570329560,1.0,0.0,5359.68310546875,116.76274871826172,0.48870792984962463
1775570329580,1.0,0.0,5360.26708984375,116.9937744140625,0.48887306451797485
1775570329600,1.0,0.0,5360.9501953125,117.19686889648438,0.48909130692481995
1775570329620,1.0,0.0,5361.53662109375,117.4303970336914,0.489254891872406
1775570329640,1.0,0.0,5362.3203125,117.67874908447266,0.48944732546806335
1775570329660,1.0,0.0,5362.81103515625,117.87541198730469,0.4896122217178345
1775570329680,1.0,0.0,5363.4990234375,118.11587524414062,0.48977699875831604
1775570329700,1.0,0.0,5364.18896484375,118.36019897460938,0.489998459815979
1775570329720,1.0,0.0,5364.78076171875,118.5483169555664,0.49016380310058594
1775570329740,0.9335999488830566,0.0,5365.47265625,118.77069091796875,0.49035826325416565
1775570329760,0.7890499830245972,0.0,5366.06689453125,119.00250244140625,0.49052494764328003
1775570329780,0.6484500169754028,0.0,5366.8603515625,119.16092681884766,0.4907463490962982
1775570329800,0.5,0.0,5367.45654296875,119.29280090332031,0.49091386795043945
1775570329820,0.3571000099182129,0.0,5368.052734375,119.25678253173828,0.4910811185836792
1775570329840,0.2301500141620636,0.0,5368.748046875,119.21786499023438,0.4912755489349365
1775570329860,0.11110001802444458,0.0,5369.54296875,119.16915130615234,0.4914986491203308
1775570329880,0.05555000901222229,0.0,5370.13818359375,119.12118530273438,0.49166491627693176
1775570329900,0.047600001096725464,0.0,5370.73291015625,119.08090209960938,0.491832435131073
1775570329920,0.07540002465248108,0.0,5371.4267578125,119.0329360961914,0.49202650785446167
1775570329940,0.1547500193119049,0.0,5372.021484375,118.98599243164062,0.4922208786010742
1775570329960,0.2738000154495239,0.0,5372.814453125,118.94511413574219,0.49241554737091064
1775570329980,0.4007500112056732,0.0,5373.4091796875,118.89669036865234,0.4925817847251892
1775570330000,0.5156000256538391,0.0,5374.20068359375,118.84870910644531,0.49277639389038086
1775570330020,0.6172000169754028,0.0,5374.69580078125,118.80878448486328,0.4929441809654236
1775570330040,0.7343499660491943,0.0,5375.2890625,118.7623519897461,0.4931102991104126
1775570330060,0.8202999830245972,0.0,5376.17919921875,118.89313507080078,0.4933324158191681
1775570330080,0.8984500169754028,0.0,5376.6748046875,119.19335174560547,0.493498295545578
1775570330100,0.9804499745368958,0.0,5377.47021484375,119.55448150634766,0.4936930239200592
1775570330120,1.0,0.0,5378.06884765625,119.9499740600586,0.4938887655735016
1775570330140,1.0,0.0,5378.6689453125,120.285400390625,0.49405694007873535
1775570330160,1.0,0.0,5379.47265625,120.63912200927734,0.4942825138568878
1775570330180,1.0,0.0,5380.0771484375,120.9258804321289,0.4944517910480499
1775570330200,1.0,0.0,5380.6826171875,121.13640594482422,0.4946211278438568
1775570330220,1.0,0.0,5381.2890625,121.38966369628906,0.49479129910469055
1775570330240,1.0,0.0,5382.099609375,121.60943603515625,0.4950180649757385
1775570330260,1.0,0.0,5382.6064453125,121.79414367675781,0.49518856406211853
1775570330280,1.0,0.0,5383.52099609375,122.00911712646484,0.4954167604446411
1775570330300,1.0,0.0,5384.1318359375,122.23739624023438,0.4955589771270752
1775570330320,1.0,0.0,5384.6416015625,122.45333862304688,0.4957594871520996
1775570330340,1.0,0.0,5385.45849609375,122.68084716796875,0.4959595501422882
1775570330360,1.0,0.0,5386.072265625,122.90481567382812,0.49613210558891296
1775570330380,1.0,0.0,5386.892578125,123.09494018554688,0.4963621497154236
1775570330400,1.0,0.0,5387.50830078125,123.31697082519531,0.49653470516204834
1775570330420,1.0,0.0,5388.125,123.5545883178711,0.4967079162597656
1775570330440,1.0,0.0,5388.94921875,123.74849700927734,0.49694013595581055
1775570330460,1.0,0.0,5389.568359375,123.95144653320312,0.49711331725120544
1775570330480,1.0,0.0,5390.18798828125,124.16339874267578,0.497287392616272
1775570330500,1.0,0.0,5391.01611328125,124.3646011352539,0.4975181519985199
1775570330520,1.0,0.0,5391.63818359375,124.58625030517578,0.49769237637519836
1775570330540,1.0,0.0,5392.26123046875,124.80929565429688,0.4978674650192261
1775570330560,1.0,0.0,5393.09326171875,124.99470520019531,0.49810102581977844
1775570330580,1.0,0.0,5393.71826171875,125.20893859863281,0.4982471466064453
1775570330600,1.0,0.0,5394.44921875,125.43688201904297,0.4984813630580902
1775570330620,1.0,0.0,5395.07666015625,125.63324737548828,0.4986574053764343
1775570330640,1.0,0.0,5395.91455078125,125.85449981689453,0.49889206886291504
1775570330660,1.0,0.0,5396.54443359375,126.0838623046875,0.4990687072277069
1775570330680,1.0,0.0,5397.1748046875,126.26596069335938,0.49924585223197937
1775570330700,1.0,0.0,5397.91162109375,126.46257781982422,0.4994521737098694
1775570330720,1.0,0.0,5398.54443359375,126.68321990966797,0.49962931871414185
1775570330740,1.0,0.0,5399.177734375,126.87774658203125,0.49980679154396057
1775570330760,1.0,0.0,5400.02392578125,127.10128021240234,0.5000442862510681
1775570330780,1.0,0.0,5400.765625,127.3344955444336,0.500253438949585
1775570330800,1.0,0.0,5401.40283203125,127.52545166015625,0.5004313588142395
1775570330820,1.0,0.0,5402.1474609375,127.7304916381836,0.5006406903266907
1775570330840,1.0,0.0,5402.99951171875,127.94540405273438,0.5008782744407654
1775570330860,1.0,0.0,5403.533203125,128.1314697265625,0.5010275840759277
1775570330880,1.0,0.0,5404.38818359375,128.34469604492188,0.5012674331665039
1775570330900,1.0,0.0,5405.0302734375,128.56829833984375,0.5014173984527588
1775570330920,1.0,0.0,5405.56640625,128.75112915039062,0.5015972256660461
1775570330940,1.0,0.0,5406.42529296875,128.9552459716797,0.5018385052680969
1775570330960,1.0,0.0,5407.17822265625,129.163330078125,0.5020490288734436
1775570330980,1.0,0.0,5407.93212890625,129.35836791992188,0.5022603869438171
1775570331000,1.0,0.0,5408.57958984375,129.57632446289062,0.5024413466453552
1775570331020,1.0,0.0,5409.3359375,129.77993774414062,0.5026537179946899
1775570331040,1.0,0.0,5410.09326171875,129.9451141357422,0.5028653740882874
1775570331060,1.0,0.0,5410.74365234375,130.14556884765625,0.5030480623245239
1775570331080,1.0,0.0,5411.5029296875,130.36407470703125,0.5032616853713989
1775570331100,1.0,0.0,5412.15478515625,130.5457763671875,0.5034671425819397
1775570331120,1.0,0.0,5412.8076171875,130.7587127685547,0.5036278367042542
1775570331140,1.0,0.0,5413.67919921875,130.96107482910156,0.5038702487945557
1775570331160,1.0,0.0,5414.33447265625,131.13002014160156,0.5040538311004639
1775570331180,1.0,0.0,5415.20947265625,131.33966064453125,0.5042684674263
1775570331200,1.0,0.0,5415.7568359375,131.550048828125,0.5044519901275635
1775570331220,0.9922000169754028,0.0,5416.5244140625,131.71896362304688,0.504667341709137
1775570331240,0.8202999830245972,0.0,5417.4033203125,131.9016571044922,0.5049128532409668
1775570331260,0.4959999918937683,0.0,5417.95263671875,132.0695343017578,0.5050671696662903
1775570331280,0.11110001802444458,0.0,5418.83349609375,132.15487670898438,0.5053137540817261
1775570331300,0.0,0.0,5419.38427734375,132.1179962158203,0.5054688453674316
1775570331320,0.0,0.0,5420.26513671875,132.03013610839844,0.5057148337364197
1775570331340,0.0,0.0,5421.0341796875,131.95045471191406,0.505931556224823
1775570331360,0.0,0.0,5421.693359375,131.85813903808594,0.5061160922050476
1775570331380,0.0,0.0,5422.46240234375,131.76332092285156,0.5063306093215942
1775570331400,0.0,0.0,5423.22998046875,131.6827392578125,0.5065454840660095
1775570331420,0.0,0.0,5423.8876953125,131.5875701904297,0.5067293643951416
1775570331440,0.0,0.0,5424.654296875,131.4922332763672,0.5069451928138733
1775570331460,0.0,0.04310232028365135,5425.31103515625,131.40928649902344,0.5071290731430054
1775570331480,0.0,0.3587183654308319,5426.07666015625,131.24183654785156,0.5073428153991699
1775570331500,0.0,0.7814478278160095,5426.9501953125,130.84349060058594,0.50755774974823
1775570331520,0.0,1.0,5427.494140625,130.37368774414062,0.5077401399612427
1775570331540,0.0,1.0,5428.25244140625,129.76092529296875,0.5079538226127625
1775570331560,0.0,0.9446408748626709,5428.8994140625,129.04296875,0.5081353187561035
1775570331580,0.0,0.7653340697288513,5429.7568359375,128.39779663085938,0.5083454251289368
1775570331600,0.0,0.5463610887527466,5430.2900390625,127.74009704589844,0.5085262656211853
1775570331620,0.0,0.4766146242618561,5431.138671875,127.08596801757812,0.5087648630142212
1775570331640,0.0,0.44097477197647095,5431.8779296875,126.53694152832031,0.5089699625968933
1775570331660,0.0,0.4585927426815033,5432.5087890625,125.97808074951172,0.5091468691825867
1775570331680,0.0,0.5013568997383118,5433.24169921875,125.45496368408203,0.509352445602417
1775570331700,0.0,0.5867562294006348,5433.86767578125,124.97612762451172,0.5095272660255432
1775570331720,0.0,0.7493144869804382,5434.4912109375,124.3660659790039,0.509701669216156
1775570331740,0.0,0.8310768604278564,5435.21533203125,123.6716537475586,0.5099337697029114
1775570331760,0.0,0.8565073013305664,5435.83251953125,123.02694702148438,0.5100774168968201
1775570331780,0.0,0.839504063129425,5436.6513671875,122.21243286132812,0.5103068351745605
1775570331800,0.0,0.789578378200531,5437.26123046875,121.44175720214844,0.5104758143424988
1775570331820,0.0,0.7814478278160095,5437.8681640625,120.7727279663086,0.5106453895568848
1775570331840,0.0,0.7493144869804382,5438.67236328125,120.05825805664062,0.5108708739280701
1775570331860,0.0,0.7335922122001648,5439.27197265625,119.28353118896484,0.5110384225845337
1775570331880,0.0,0.7258039116859436,5440.06640625,118.67315673828125,0.5112602114677429
1775570331900,0.0,0.7335922122001648,5440.65869140625,117.93885040283203,0.5114244818687439
1775570331920,0.0,0.7572484612464905,5441.24755859375,117.23435974121094,0.5115886926651001
1775570331940,0.0,0.7653340697288513,5442.0283203125,116.61209869384766,0.5118065476417542
1775570331960,0.0,0.789578378200531,5442.51318359375,115.87397003173828,0.5119674801826477
1775570331980,0.0,0.789578378200531,5443.28515625,115.14321899414062,0.5121556520462036
1775570332000,0.0,0.789578378200531,5443.8603515625,114.5357437133789,0.5123153924942017
1775570332020,0.0,0.789578378200531,5444.43212890625,113.8345718383789,0.5124750733375549
1775570332040,0.0,0.789578378200531,5445.18994140625,113.0984878540039,0.5126858353614807
1775570332060,0.0,0.789578378200531,5445.66064453125,112.46207427978516,0.5128170847892761
1775570332080,0.0,0.789578378200531,5446.4091796875,111.7650375366211,0.5130254030227661
1775570332100,0.0,0.789578378200531,5446.96728515625,111.07290649414062,0.5131803154945374
1775570332120,0.0,0.8059867024421692,5447.5224609375,110.4466781616211,0.5133348107337952
1775570332140,0.0,0.8059867024421692,5448.2578125,109.72177124023438,0.513538122177124
1775570332160,0.0,0.8310768604278564,5448.98779296875,109.01411437988281,0.5137161612510681
1775570332180,0.0,0.839504063129425,5449.44091796875,108.39256286621094,0.5138669610023499
1775570332200,0.0,0.8565073013305664,5449.98193359375,107.67044830322266,0.5140168070793152
1775570332220,0.0,0.8565073013305664,5450.52001953125,106.94100189208984,0.5141658186912537
1775570332240,0.0,0.8310768604278564,5451.232421875,106.32039642333984,0.5143634676933289
1775570332260,0.0,0.8142648935317993,5451.76318359375,105.57758331298828,0.5145096182823181
1775570332280,0.0,0.8142648935317993,5452.4658203125,104.83246612548828,0.5147042274475098
1775570332300,0.0,0.8565073013305664,5452.98876953125,104.1949462890625,0.5148493647575378
1775570332320,0.0,0.8650835752487183,5453.5087890625,103.4555892944336,0.5149920582771301
1775570332340,0.0,0.8650835752487183,5454.197265625,102.70975494384766,0.5151836276054382
1775570332360,0.0,0.8310768604278564,5454.7099609375,102.0700454711914,0.5153241753578186
1775570332380,0.0,0.8059867024421692,5455.388671875,101.33770751953125,0.5155118703842163
1775570332400,0.0,0.789578378200531,5455.97802734375,100.62612915039062,0.5156511664390564
1775570332420,0.0,0.789578378200531,5456.31298828125,100.00857543945312,0.5157669186592102
1775570332440,0.0,0.8142648935317993,5456.978515625,99.27222442626953,0.5159507989883423
1775570332460,0.0,0.8142648935317993,5457.47412109375,98.55652618408203,0.5160864591598511
1775570332480,0.0,0.8059867024421692,5458.1298828125,97.96553039550781,0.5162674188613892
1775570332500,0.0,0.7814478278160095,5458.61865234375,97.3000259399414,0.5164015293121338
1775570332520,0.0,0.7493144869804382,5459.0234375,96.6921615600586,0.5165345072746277
1775570332540,0.0,0.7027294039726257,5459.74755859375,95.98857116699219,0.5166895389556885
1775570332560,0.0,0.6075416803359985,5460.30615234375,95.33441925048828,0.516864001750946
1775570332580,0.0,0.5596110820770264,5460.78173828125,94.72135925292969,0.5169954895973206
1775570332600,0.0,0.5013568997383118,5461.2548828125,94.23331451416016,0.5171265006065369
1775570332620,0.0,0.44097477197647095,5461.80419921875,93.68710327148438,0.517275333404541
1775570332640,0.0,0.37435343861579895,5462.27197265625,93.19412994384766,0.5174254775047302
1775570332660,0.0,0.3485104441642761,5462.89306640625,92.78272247314453,0.5175735354423523
1775570332680,0.0,0.3587183654308319,5463.3564453125,92.19477081298828,0.5177006721496582
1775570332700,0.0,0.3690984845161438,5463.9697265625,91.58353424072266,0.5178459882736206
1775570332720,0.0,0.3690984845161438,5464.3505859375,91.09862518310547,0.5179714560508728
1775570332740,0.0,0.36388683319091797,5464.8056640625,90.54150390625,0.5180959701538086
1775570332760,0.0,0.33345672488212585,5465.484375,89.9979476928711,0.5182597041130066
1775570332780,0.0,0.2999078333377838,5465.859375,89.5844955444336,0.5183826684951782
1775570332800,0.0,0.2555616796016693,5466.30712890625,89.1051025390625,0.518502950668335
1775570332820,0.0,0.20773307979106903,5466.90087890625,88.63734436035156,0.5186633467674255
1775570332840,0.0,0.1585639864206314,5467.34375,88.29354095458984,0.5187837481498718
1775570332860,0.0,0.041603319346904755,5467.931640625,87.97479248046875,0.5189244747161865
1775570332880,0.0,0.0006702804821543396,5468.2978515625,87.7576675415039,0.5190421342849731
1775570332900,0.0,0.0,5468.8837890625,87.59530639648438,0.5192021727561951
1775570332920,0.0,0.0,5469.32177734375,87.41211700439453,0.5193198919296265
1775570332940,0.0,0.0,5469.9052734375,87.23673248291016,0.5194777250289917
1775570332960,0.0,0.0,5470.26904296875,87.09144592285156,0.5195775032043457
1775570332980,0.0,0.0,5470.77783203125,86.92491149902344,0.5196933150291443
1775570333000,0.0,0.0,5471.28564453125,86.75727081298828,0.5198503136634827
1775570333020,0.0,0.0,5471.72021484375,86.61383819580078,0.5199680924415588
1775570333040,0.0,0.0,5472.22607421875,86.44989013671875,0.5201041102409363
1775570333060,0.0,0.0,5472.65869140625,86.2802963256836,0.5202199220657349
1775570333080,0.0,0.0,5473.234375,86.1447525024414,0.5203768014907837
1775570333100,0.0,0.0,5473.6650390625,85.99315643310547,0.5205129981040955
1775570333120,0.0,0.0,5474.23779296875,85.84725952148438,0.5206286907196045
1775570333140,0.03570002317428589,0.0,5474.5947265625,85.72394561767578,0.5207436680793762
1775570333160,0.11505001783370972,0.0,5475.1650390625,85.58103942871094,0.5208773612976074
1775570333180,0.1269499957561493,0.0,5475.521484375,85.4560546875,0.5209928154945374
1775570333200,0.12299999594688416,0.0,5476.08984375,85.35282135009766,0.5211467742919922
1775570333220,0.10715001821517944,0.0,5476.51611328125,85.2259292602539,0.5212428569793701
1775570333240,0.07540002465248108,0.0,5477.0126953125,85.10011291503906,0.5213950872421265
1775570333260,0.04365000128746033,0.0,5477.4375,84.98851776123047,0.5215109586715698
1775570333280,0.023800015449523926,0.0,5478.00390625,84.84697723388672,0.5216414332389832
1775570333300,0.0,0.0,5478.35693359375,84.69300079345703,0.5217543840408325
1775570333320,0.0,0.0,5478.92138671875,84.55458068847656,0.5219066143035889
1775570333340,0.03570002317428589,0.0,5479.2734375,84.39568328857422,0.5220193266868591
1775570333360,0.06350001692771912,0.0,5479.90625,84.24577331542969,0.5221516489982605
1775570333380,0.08730000257492065,0.0,5480.25732421875,84.11872100830078,0.5222647190093994
1775570333400,0.12299999594688416,0.0,5480.748046875,83.98497009277344,0.5224149227142334
1775570333420,0.15870001912117004,0.0,5481.30810546875,83.86540222167969,0.5225287675857544
1775570333440,0.18650001287460327,0.0,5481.6572265625,83.7716293334961,0.5226387977600098
1775570333460,0.2261500060558319,0.0,5482.076171875,83.66596984863281,0.5227522850036621
1775570333480,0.2459999918937683,0.0,5482.56494140625,83.56827545166016,0.5229023098945618
1775570333500,0.25394999980926514,0.0,5483.1220703125,83.4935073852539,0.5230137705802917
1775570333520,0.26190000772476196,0.0,5483.53955078125,83.41360473632812,0.523126482963562
1775570333540,0.26980000734329224,0.0,5484.02587890625,83.33900451660156,0.5232755541801453
1775570333560,0.26980000734329224,0.0,5484.5810546875,83.27728271484375,0.5234074592590332
1775570333580,0.26980000734329224,0.0,5485.06640625,83.20771026611328,0.5235368013381958
1775570333600,0.26980000734329224,0.0,5485.34375,83.14427185058594,0.5236300826072693
1775570333620,0.2658500075340271,0.0,5485.8291015625,83.08965301513672,0.5237583518028259
1775570333640,0.26190000772476196,0.0,5486.3818359375,83.02669525146484,0.5239071846008301
1775570333660,0.25394999980926514,0.0,5486.7275390625,82.9627685546875,0.5240001678466797
1775570333680,0.25394999980926514,0.0,5487.2802734375,82.90904998779297,0.5241295695304871
1775570333700,0.25394999980926514,0.0,5487.763671875,82.84283447265625,0.5242783427238464
1775570333720,0.25394999980926514,0.0,5488.10888671875,82.76952362060547,0.5243715047836304
1775570333740,0.24994999170303345,0.0,5488.65966796875,82.70386505126953,0.5245187282562256
1775570333760,0.24994999170303345,0.0,5489.1416015625,82.63416290283203,0.5246496200561523
1775570333780,0.24994999170303345,0.0,5489.5546875,82.5545425415039,0.524742066860199
1775570333800,0.24994999170303345,0.0,5490.03662109375,82.49208068847656,0.5248907208442688
1775570333820,0.25394999980926514,0.0,5490.380859375,82.42433166503906,0.5249829888343811
1775570333840,0.26190000772476196,0.0,5490.93017578125,82.35694122314453,0.5251314640045166
1775570333860,0.2658500075340271,0.0,5491.41064453125,82.29869079589844,0.5252609252929688
1775570333880,0.2738000154495239,0.0,5491.822265625,82.22480010986328,0.5253698229789734
1775570333900,0.289650022983551,0.0,5492.30224609375,82.1578369140625,0.5254994630813599
1775570333920,0.32534998655319214,0.0,5492.64501953125,82.1152572631836,0.5255905985832214
1775570333940,0.36900001764297485,0.0,5493.19287109375,82.07866668701172,0.5257372260093689
1775570333960,0.41659998893737793,0.0,5493.67138671875,82.06529235839844,0.5258665680885315
1775570333980,0.4681999981403351,0.0,5494.14990234375,82.07903289794922,0.5259946584701538
1775570334000,0.5077999830245972,0.0,5494.56005859375,82.12674713134766,0.5260875225067139
1775570334020,0.5273500084877014,0.0,5495.0390625,82.18310546875,0.5262361764907837
1775570334040,0.5468500256538391,0.0,5495.51904296875,82.23100280761719,0.5263651013374329
1775570334060,0.5702999830245972,0.0,5495.93017578125,82.30089569091797,0.5264773964881897
1775570334080,0.5741999745368958,0.0,5496.41064453125,82.3896484375,0.5265884399414062
1775570334100,0.5741999745368958,0.0,5496.89208984375,82.47477722167969,0.5267174243927002
1775570334120,0.5741999745368958,0.0,5497.236328125,82.578857421875,0.5268281102180481
1775570334140,0.5663999915122986,0.0,5497.71826171875,82.68065643310547,0.5269588232040405
1775570334160,0.5586000084877014,0.0,5498.2001953125,82.75765991210938,0.5270917415618896
1775570334180,0.5547000169754028,0.0,5498.7529296875,82.84172821044922,0.5272203683853149
1775570334200,0.5547000169754028,0.0,5499.236328125,82.92196655273438,0.5273526906967163
1775570334220,0.5547000169754028,0.0,5499.58203125,82.99424743652344,0.5274649262428284
1775570334240,0.5547000169754028,0.0,5500.06591796875,83.07588195800781,0.5275941491127014
1775570334260,0.5547000169754028,0.0,5500.62060546875,83.16311645507812,0.5277254581451416
1775570334280,0.5547000169754028,0.0,5501.10595703125,83.23648071289062,0.5278579592704773
1775570334300,0.5547000169754028,0.0,5501.45263671875,83.31331634521484,0.5279695391654968
1775570334320,0.5547000169754028,0.0,5501.9384765625,83.38031768798828,0.5281016826629639
1775570334340,0.5547000169754028,0.0,5502.42529296875,83.43828582763672,0.5282334685325623
1775570334360,0.5625,0.0,5502.912109375,83.50874328613281,0.5283659100532532
1775570334380,0.5663999915122986,0.0,5503.32958984375,83.59153747558594,0.5284604430198669
1775570334400,0.5663999915122986,0.0,5503.8173828125,83.67024993896484,0.528592586517334
1775570334420,0.5702999830245972,0.0,5504.30615234375,83.75596618652344,0.5287252068519592
1775570334440,0.5780999660491943,0.0,5504.6552734375,83.8434066772461,0.5288388133049011
1775570334460,0.5859500169754028,0.0,5505.14404296875,83.92015075683594,0.528971791267395
1775570334480,0.5976499915122986,0.0,5505.6337890625,84.01823425292969,0.529106080532074
1775570334500,0.6093499660491943,0.0,5506.1240234375,84.1269760131836,0.5292376279830933
1775570334520,0.625,0.0,5506.54443359375,84.2236099243164,0.5293344855308533
1775570334540,0.6405999660491943,0.0,5507.03662109375,84.334716796875,0.5294871926307678
1775570334560,0.6484500169754028,0.0,5507.52880859375,84.44965362548828,0.5296217799186707
1775570334580,0.6523500084877014,0.0,5508.02197265625,84.56612396240234,0.5297556519508362
1775570334600,0.6523500084877014,0.0,5508.51611328125,84.70783996582031,0.5298729538917542
1775570334620,0.6523500084877014,0.0,5508.86962890625,84.85832977294922,0.5299897789955139
1775570334640,0.6523500084877014,0.0,5509.365234375,84.99898529052734,0.5301253795623779
1775570334660,0.6523500084877014,0.0,5509.9326171875,85.15705871582031,0.5302622318267822
1775570334680,0.6523500084877014,0.0,5510.35888671875,85.31480407714844,0.5303986668586731
1775570334700,0.6523500084877014,0.0,5510.927734375,85.43213653564453,0.530535101890564
1775570334720,0.6757999658584595,0.0,5511.2841796875,85.58538055419922,0.5306324362754822
1775570334740,0.7265499830245972,0.0,5511.78369140625,85.75840759277344,0.5307888984680176
1775570334760,0.7773499488830566,0.0,5512.2841796875,85.91558837890625,0.5309258103370667
1775570334780,0.8398499488830566,0.0,5512.7861328125,86.12083435058594,0.5310635566711426
1775570334800,0.9101499915122986,0.0,5513.2890625,86.34957885742188,0.5311817526817322
1775570334820,0.9726499915122986,0.0,5513.64892578125,86.57292938232422,0.5313009023666382
1775570334840,1.0,0.0,5514.15478515625,86.8724594116211,0.5314400792121887
1775570334860,1.0,0.0,5514.517578125,87.18297576904297,0.5315592288970947
1775570334880,1.0,0.0,5515.2451171875,87.45011901855469,0.5317196846008301
1775570334900,1.0,0.0,5515.68408203125,87.78014373779297,0.5318605899810791
1775570334920,1.0,0.0,5516.1240234375,88.1103744506836,0.5319615006446838
1775570334940,1.0,0.0,5516.63916015625,88.38059997558594,0.5321041345596313
1775570334960,1.0,0.0,5517.15625,88.70996856689453,0.532247006893158
1775570334980,1.0,0.0,5517.60107421875,89.05516815185547,0.5323702692985535
1775570335000,1.0,0.0,5518.046875,89.34012603759766,0.5324938893318176
1775570335020,1.0,0.0,5518.64306640625,89.65544891357422,0.5326586961746216
1775570335040,1.0,0.0,5519.09228515625,89.97297668457031,0.5328043103218079
1775570335060,1.0,0.0,5519.6181640625,90.24970245361328,0.5329503417015076
1775570335080,1.0,0.0,5520.06982421875,90.58012390136719,0.5330767631530762
1775570335100,1.0,0.0,5520.59912109375,90.90689849853516,0.5332245230674744
1775570335120,1.0,0.0,5520.97802734375,91.18302154541016,0.5333300232887268
1775570335140,1.0,0.0,5521.66259765625,91.50232696533203,0.5335214734077454
1775570335160,1.0,0.0,5522.197265625,91.82537078857422,0.533649742603302
1775570335180,1.0,0.0,5522.58056640625,92.10347747802734,0.5337780117988586
1775570335200,1.0,0.0,5523.1181640625,92.42627716064453,0.5339289903640747
1775570335220,1.0,0.0,5523.658203125,92.7547607421875,0.5340594053268433
1775570335240,1.0,0.0,5524.12255859375,93.04090881347656,0.5342124700546265
1775570335260,1.0,0.0,5524.666015625,93.36992645263672,0.5343660712242126
1775570335280,1.0,0.0,5525.21142578125,93.685302734375,0.534520149230957
1775570335300,1.0,0.0,5525.75830078125,93.9490737915039,0.5346754789352417
1775570335320,1.0,0.0,5526.3076171875,94.27572631835938,0.5348082780838013
1775570335340,1.0,0.0,5526.77978515625,94.61743927001953,0.5349427461624146
1775570335360,1.0,0.0,5527.33251953125,94.901123046875,0.5351218581199646
1775570335380,1.0,0.0,5527.88671875,95.19954681396484,0.5352795124053955
1775570335400,1.0,0.0,5528.36328125,95.4940185546875,0.5353926420211792
1775570335420,1.0,0.0,5528.8408203125,95.76375579833984,0.5355525016784668
1775570335440,1.0,0.0,5529.400390625,96.09391784667969,0.5357121229171753
1775570335460,1.0,0.0,5529.96142578125,96.41674041748047,0.535849392414093
1775570335480,1.0,0.0,5530.52392578125,96.68604278564453,0.5360102653503418
1775570335500,1.0,0.0,5531.0078125,96.98453521728516,0.5361721515655518
1775570335520,1.0,0.0,5531.57421875,97.29336547851562,0.536335289478302
1775570335540,1.0,0.0,5532.14208984375,97.57386016845703,0.5364993810653687
1775570335560,1.0,0.0,5532.71240234375,97.88630676269531,0.5366394519805908
1775570335580,1.0,0.0,5533.2841796875,98.185791015625,0.5368040204048157
1775570335600,1.0,0.0,5533.85791015625,98.45263671875,0.5369696021080017
1775570335620,1.0,0.0,5534.2685546875,98.76103210449219,0.5370882749557495
1775570335640,1.0,0.0,5534.8447265625,99.06230926513672,0.5372771620750427
1775570335660,1.0,0.0,5535.25732421875,99.31575012207031,0.5373977422714233
1775570335680,1.0,0.0,5536.00244140625,99.6095199584961,0.5375885367393494
1775570335700,1.0,0.0,5536.50048828125,99.90735626220703,0.5377327799797058
1775570335720,1.0,0.0,5537.0830078125,100.1550064086914,0.537901759147644
1775570335740,1.0,0.0,5537.66748046875,100.4209976196289,0.5380939841270447
1775570335760,1.0,0.0,5538.08642578125,100.723876953125,0.5382152199745178
1775570335780,1.0,0.0,5538.673828125,100.9981918334961,0.5383853316307068
1775570335800,1.0,0.0,5539.263671875,101.31053924560547,0.5385554432868958
1775570335820,1.0,0.0,5539.85498046875,101.58878326416016,0.5387269258499146
1775570335840,1.0,0.0,5540.4482421875,101.82076263427734,0.5388972163200378
1775570335860,1.0,0.0,5540.9580078125,102.11100769042969,0.5390433669090271
1775570335880,1.0,0.0,5541.55419921875,102.4020004272461,0.5391905903816223
1775570335900,1.0,0.0,5542.15234375,102.649169921875,0.5393621325492859
1775570335920,1.0,0.0,5542.580078125,102.9489517211914,0.5395098924636841
1775570335940,1.0,0.0,5543.1806640625,103.23471069335938,0.5396804809570312
1775570335960,1.0,0.0,5543.78271484375,103.47256469726562,0.5398531556129456
1775570335980,1.0,0.0,5544.38671875,103.7679214477539,0.5400263071060181
1775570336000,1.0,0.0,5544.9921875,104.06343078613281,0.5402014255523682
1775570336020,1.0,0.0,5545.42578125,104.26611328125,0.5403259992599487
1775570336040,1.0,0.0,5546.03369140625,104.53685760498047,0.5404993891716003
1775570336060,1.0,0.0,5546.73046875,104.814453125,0.5406748652458191
1775570336080,1.0,0.0,5547.34228515625,105.05073547363281,0.5408493876457214
1775570336100,1.0,0.0,5547.95556640625,105.3531265258789,0.541025698184967
1775570336120,1.0,0.0,5548.39501953125,105.63983154296875,0.5411760210990906
1775570336140,1.0,0.0,5549.01123046875,105.87566375732422,0.5413523316383362
1775570336160,1.0,0.0,5549.62890625,106.15164947509766,0.5415286421775818
1775570336180,1.0,0.0,5550.248046875,106.42092895507812,0.5417048335075378
1775570336200,1.0,0.0,5550.869140625,106.65569305419922,0.5418828129768372
1775570336220,1.0,0.0,5551.3134765625,106.92219543457031,0.5420101881027222
1775570336240,1.0,0.0,5551.9375,107.19395446777344,0.542212188243866
1775570336260,1.0,0.0,5552.5625,107.43270111083984,0.5423664450645447
1775570336280,1.0,0.0,5553.189453125,107.70761108398438,0.54254549741745
1775570336300,1.0,0.0,5553.81787109375,107.98922729492188,0.5427233576774597
1775570336320,1.0,0.0,5554.44775390625,108.23375701904297,0.5429022312164307
1775570336340,1.0,0.0,5555.07958984375,108.49718475341797,0.5430834293365479
1775570336360,1.0,0.0,5555.712890625,108.75696563720703,0.5432375073432922
1775570336380,1.0,0.0,5556.34814453125,108.99966430664062,0.5434181690216064
1775570336400,1.0,0.0,5556.8935546875,109.28128814697266,0.5435993671417236
1775570336420,1.0,0.0,5557.34912109375,109.54898834228516,0.5437291264533997
1775570336440,1.0,0.0,5557.98828125,109.77542114257812,0.54390949010849
1775570336460,1.0,0.0,5558.62890625,110.04378509521484,0.5440919399261475
1775570336480,1.0,0.0,5559.271484375,110.321533203125,0.5442477464675903
1775570336500,1.0,0.0,5559.8232421875,110.55250549316406,0.5444304347038269
1775570336520,1.0,0.0,5560.46826171875,110.81649017333984,0.5446137189865112
1775570336540,1.0,0.0,5561.11474609375,111.0849609375,0.5447956323623657
1775570336560,1.0,0.0,5561.76318359375,111.31634521484375,0.5449792146682739
1775570336580,1.0,0.0,5562.4130859375,111.57964324951172,0.5451374053955078
1775570336600,1.0,0.0,5562.97119140625,111.8511734008789,0.5453212857246399
1775570336620,1.0,0.0,5563.4375,112.07190704345703,0.5454524755477905
1775570336640,1.0,0.0,5564.27783203125,112.32137298583984,0.5456903576850891
1775570336660,1.0,0.0,5564.93359375,112.58255004882812,0.5458478927612305
1775570336680,1.0,0.0,5565.5908203125,112.81639862060547,0.5460332632064819
1775570336700,1.0,0.0,5566.0615234375,113.09184265136719,0.546164870262146
1775570336720,1.0,0.0,5566.626953125,113.36445617675781,0.5463511347770691
1775570336740,1.0,0.0,5567.28857421875,113.59083557128906,0.5465368628501892
1775570336760,1.0,0.0,5567.95166015625,113.85045623779297,0.5467233657836914
1775570336780,1.0,0.0,5568.61669921875,114.11089324951172,0.546908974647522
1775570336800,1.0,0.0,5569.28271484375,114.32569122314453,0.5470695495605469
1775570336820,1.0,0.0,5569.9501953125,114.59591674804688,0.5472557544708252
1775570336840,1.0,0.0,5570.61962890625,114.85708618164062,0.5474438667297363
1775570336860,1.0,0.0,5571.19384765625,115.07798767089844,0.5476312041282654
1775570336880,1.0,0.0,5571.76953125,115.32470703125,0.5477650761604309
1775570336900,1.0,0.0,5572.44287109375,115.56669616699219,0.5479530096054077
1775570336920,1.0,0.0,5573.0205078125,115.78450775146484,0.5481411814689636
1775570336940,1.0,0.0,5573.6962890625,116.05854797363281,0.5483303070068359
1775570336960,1.0,0.0,5574.47021484375,116.31564331054688,0.5485191345214844
1775570336980,1.0,0.0,5575.0517578125,116.53560638427734,0.5487077832221985
1775570337000,1.0,0.0,5575.73193359375,116.8050308227539,0.5488711595535278
1775570337020,1.0,0.0,5576.21875,117.02806854248047,0.549032986164093
1775570337040,1.0,0.0,5576.9013671875,117.25157165527344,0.549224317073822
1775570337060,1.0,0.0,5577.58544921875,117.50755310058594,0.5494157075881958
1775570337080,1.0,0.0,5578.271484375,117.76803588867188,0.5495797395706177
1775570337100,1.0,0.0,5578.958984375,117.99414825439453,0.5497714281082153
1775570337120,1.0,0.0,5579.6474609375,118.2326889038086,0.5499637722969055
1775570337140,1.0,0.0,5580.337890625,118.4875717163086,0.5501565337181091
1775570337160,1.0,0.0,5580.83203125,118.69425201416016,0.5503218173980713
1775570337180,1.0,0.0,5581.52490234375,118.92790222167969,0.5504871606826782
1775570337200,1.0,0.0,5582.21923828125,119.19367980957031,0.5506806969642639
1775570337220,1.0,0.0,5582.91455078125,119.40731811523438,0.5508753061294556
1775570337240,1.0,0.0,5583.51220703125,119.65361785888672,0.5510699152946472
1775570337260,1.0,0.0,5584.310546875,119.89016723632812,0.5512650609016418
1775570337280,1.0,0.0,5584.91064453125,120.09591674804688,0.5514615178108215
1775570337300,1.0,0.0,5585.51171875,120.34516906738281,0.5516301989555359
1775570337320,1.0,0.0,5586.2138671875,120.57759857177734,0.5518267154693604
1775570337340,1.0,0.0,5586.91796875,120.77864837646484,0.5520244836807251
1775570337360,1.0,0.0,5587.623046875,120.93009185791016,0.5522210597991943
1775570337380,1.0,0.0,5588.32861328125,120.88085174560547,0.5524185299873352
1775570337400,1.0,0.0,5588.83203125,120.83576202392578,0.5525603890419006
1775570337420,1.0,0.0,5589.53662109375,120.9756088256836,0.5527574419975281
1775570337440,1.0,0.0,5590.24267578125,121.19013977050781,0.5529560446739197
1775570337460,1.0,0.0,5590.9501953125,121.33613586425781,0.5531546473503113
1775570337480,1.0,0.0,5591.556640625,121.32072448730469,0.5532962679862976
1775570337500,0.8710999488830566,0.0,5592.26416015625,121.2509536743164,0.553495466709137
1775570337520,0.53125,0.0,5592.9716796875,121.31961822509766,0.5536932945251465
1775570337540,0.09920001029968262,0.0,5593.47705078125,121.41471862792969,0.5538641214370728
1775570337560,0.0,0.0,5594.38671875,121.42044067382812,0.5540926456451416
1775570337580,0.0,0.0,5594.89208984375,121.36026763916016,0.5542639493942261
1775570337600,0.0,0.0,5595.599609375,121.27870178222656,0.5544612407684326
1775570337620,0.0,0.0,5596.30615234375,121.18682861328125,0.554661214351654
1775570337640,0.0,0.0,5597.01220703125,121.10324096679688,0.5548593997955322
1775570337660,0.0,0.0,5597.6171875,121.01097869873047,0.5550007224082947
1775570337680,0.0,0.0,5598.32275390625,120.91470336914062,0.555199921131134
1775570337700,0.0,0.0,5599.02685546875,120.8237075805664,0.5554262399673462
1775570337720,0.0,0.06755256652832031,5599.52978515625,120.7196273803711,0.5555683970451355
1775570337740,0.0,0.2684151530265808,5600.23388671875,120.54824829101562,0.5557947158813477
1775570337760,0.0,0.35359296202659607,5601.037109375,120.2777099609375,0.5559647083282471
1775570337780,0.0,0.4068688750267029,5601.7373046875,119.87943267822266,0.5561625957489014
1775570337800,0.0,0.35359296202659607,5602.43505859375,119.43958282470703,0.5563582181930542
1775570337820,0.0,0.3093250095844269,5602.93212890625,119.101806640625,0.5565284490585327
1775570337840,0.0,0.2598053216934204,5603.62548828125,118.75237274169922,0.5567235946655273
1775570337860,0.0,0.23490040004253387,5604.41552734375,118.43241882324219,0.5569189786911011
1775570337880,0.0,0.23490040004253387,5605.10498046875,118.18276977539062,0.557112455368042
1775570337900,0.0,0.24307461082935333,5605.59619140625,117.89479064941406,0.5572512149810791
1775570337920,0.0,0.2513587772846222,5606.283203125,117.5956039428711,0.5574748516082764
1775570337940,0.0,0.2598053216934204,5606.96875,117.32585144042969,0.5576668381690979
1775570337960,0.0,0.2684151530265808,5607.65234375,116.99938201904297,0.557857871055603
1775570337980,0.0,0.2728378474712372,5608.13916015625,116.67865753173828,0.5579947233200073
1775570338000,0.0,0.2728378474712372,5608.8193359375,116.39688873291016,0.5582141876220703
1775570338020,0.0,0.27724602818489075,5609.59423828125,116.05929565429688,0.5583775043487549
1775570338040,0.0,0.2816954255104065,5610.27099609375,115.72933197021484,0.5585677623748779
1775570338060,0.0,0.2816954255104065,5610.84912109375,115.44898986816406,0.558756947517395
1775570338080,0.0,0.2728378474712372,5611.52197265625,115.11080169677734,0.5589479207992554
1775570338100,0.0,0.2728378474712372,5612.00146484375,114.7811508178711,0.5590811371803284
1775570338120,0.0,0.2816954255104065,5612.67138671875,114.50044250488281,0.5592691898345947
1775570338140,0.0,0.28618618845939636,5613.3388671875,114.1699447631836,0.5594569444656372
1775570338160,0.0,0.2907184362411499,5614.099609375,113.83157348632812,0.5596434473991394
1775570338180,0.0,0.29529228806495667,5614.5732421875,113.53546142578125,0.5598040819168091
1775570338200,0.0,0.29529228806495667,5615.23486328125,113.1987533569336,0.5599892139434814
1775570338220,0.0,0.29529228806495667,5615.89501953125,112.86469268798828,0.5601750016212463
1775570338240,0.0,0.29529228806495667,5616.552734375,112.56925964355469,0.5603591799736023
1775570338260,0.0,0.29529228806495667,5617.11474609375,112.22782135009766,0.5605177879333496
1775570338280,0.0,0.3045651912689209,5617.7685546875,111.89816284179688,0.5607011318206787
1775570338300,0.0,0.31885090470314026,5618.42041015625,111.60885620117188,0.5608833432197571
1775570338320,0.0,0.3285457193851471,5618.884765625,111.24430847167969,0.5610136389732361
1775570338340,0.0,0.33345672488212585,5619.533203125,110.86174774169922,0.5612216591835022
1775570338360,0.0,0.33345672488212585,5620.271484375,110.53536224365234,0.5613763928413391
1775570338380,0.0,0.33345672488212585,5620.91552734375,110.16649627685547,0.5615568161010742
1775570338400,0.0,0.3434065580368042,5621.3740234375,109.79653930664062,0.5617120862007141
1775570338420,0.0,0.3485104441642761,5622.01416015625,109.46406555175781,0.5618909597396851
1775570338440,0.0,0.35359296202659607,5622.65185546875,109.0625228881836,0.5620702505111694
1775570338460,0.0,0.3587183654308319,5623.3779296875,108.66529846191406,0.5622478723526001
1775570338480,0.0,0.3587183654308319,5623.82958984375,108.32887268066406,0.5623994469642639
1775570338500,0.0,0.3587183654308319,5624.4609375,107.94336700439453,0.5625767111778259
1775570338520,0.0,0.3587183654308319,5625.08984375,107.54660034179688,0.5627528429031372
1775570338540,0.0,0.3587183654308319,5625.71630859375,107.19263458251953,0.5629281997680664
1775570338560,0.0,0.36388683319091797,5626.25146484375,106.7825698852539,0.5630782842636108
1775570338580,0.0,0.36388683319091797,5626.873046875,106.39579772949219,0.56325364112854
1775570338600,0.0,0.36388683319091797,5627.49267578125,106.07025146484375,0.56342613697052
1775570338620,0.0,0.36388683319091797,5627.9345703125,105.6662368774414,0.5635500550270081
1775570338640,0.0,0.3690984845161438,5628.63818359375,105.24441528320312,0.5637465715408325
1775570338660,0.0,0.3690984845161438,5629.2509765625,104.89371490478516,0.5639181137084961
1775570338680,0.0,0.3690984845161438,5629.861328125,104.49639129638672,0.5640890598297119
1775570338700,0.0,0.3690984845161438,5630.2958984375,104.09619140625,0.5642105937004089
1775570338720,0.0,0.3690984845161438,5630.98876953125,103.75037384033203,0.5644041895866394
1775570338740,0.0,0.3690984845161438,5631.5927734375,103.33576965332031,0.5645734071731567
1775570338760,0.0,0.3690984845161438,5632.02294921875,102.91793823242188,0.5646939873695374
1775570338780,0.0,0.3690984845161438,5632.70849609375,102.55946350097656,0.5648614168167114
1775570338800,0.0,0.3690984845161438,5633.3056640625,102.14197540283203,0.5650287866592407
1775570338820,0.0,0.36388683319091797,5633.73046875,101.73046112060547,0.5651713609695435
1775570338840,0.0,0.36388683319091797,5634.32373046875,101.38140869140625,0.5653371214866638
1775570338860,0.0,0.3587183654308319,5634.99853515625,100.96491241455078,0.5655021071434021
1775570338880,0.0,0.3485104441642761,5635.41845703125,100.55123138427734,0.565643310546875
1775570338900,0.0,0.3285457193851471,5636.0048828125,100.20372009277344,0.56580650806427
1775570338920,0.0,0.3093250095844269,5636.671875,99.8131332397461,0.565969705581665
1775570338940,0.0,0.27724602818489075,5637.2529296875,99.45520782470703,0.5661560297012329
1775570338960,0.0,0.21529674530029297,5637.6669921875,99.17164611816406,0.566271960735321
1775570338980,0.0,0.09861575067043304,5638.32763671875,98.89024353027344,0.5664322376251221
1775570339000,0.0,0.0035422237124294043,5638.7392578125,98.70272064208984,0.5665707588195801
1775570339020,0.0,0.0,5639.31494140625,98.59066009521484,0.5667304396629333
1775570339040,0.0,0.0,5639.89013671875,98.48419952392578,0.5668911337852478
1775570339060,0.0,0.0,5640.54638671875,98.37763214111328,0.5670516490936279
1775570339080,0.0,0.0,5640.95654296875,98.28382873535156,0.5671885013580322
1775570339100,0.0,0.0,5641.5302734375,98.1797866821289,0.5673482418060303
1775570339120,0.0,0.0,5642.02099609375,98.07183074951172,0.5674853324890137
1775570339140,0.0,0.0,5642.59326171875,97.99750518798828,0.5676446557044983
1775570339160,0.0,0.0,5643.24658203125,97.89561462402344,0.5678042769432068
1775570339180,0.0,0.0,5643.73583984375,97.78150177001953,0.5679405927658081
1775570339200,0.05160000920295715,0.0,5644.306640625,97.68853759765625,0.5680999159812927
1775570339220,0.1547500193119049,0.0,5644.7138671875,97.5942153930664,0.5682357549667358
1775570339240,0.26190000772476196,0.0,5645.283203125,97.52473449707031,0.5684168338775635
1775570339260,0.31744998693466187,0.0,5645.93310546875,97.47696685791016,0.5685529708862305
1775570339280,0.3650500178337097,0.0,5646.50146484375,97.4351806640625,0.5687337517738342
1775570339300,0.38885000348091125,0.0,5646.98828125,97.4177017211914,0.5688464641571045
1775570339320,0.40470001101493835,0.0,5647.5556640625,97.41036987304688,0.569027841091156
1775570339340,0.40869998931884766,0.0,5648.123046875,97.4254379272461,0.5691869258880615
1775570339360,0.4007500112056732,0.0,5648.609375,97.4455337524414,0.5693225860595703
1775570339380,0.3928000032901764,0.0,5649.17822265625,97.4675521850586,0.5694807767868042
1775570339400,0.38089999556541443,0.0,5649.666015625,97.4880599975586,0.5695945620536804
1775570339420,0.38089999556541443,0.0,5650.23486328125,97.56329345703125,0.5697739124298096
1775570339440,0.38089999556541443,0.0,5650.80419921875,97.60309600830078,0.5699319839477539
1775570339460,0.38885000348091125,0.0,5651.2919921875,97.59672546386719,0.5700678825378418
1775570339480,0.40470001101493835,0.0,5651.861328125,97.62409210205078,0.5702260732650757
1775570339500,0.41659998893737793,0.0,5652.51171875,97.68289184570312,0.5703842043876648
1775570339520,0.42855000495910645,0.0,5652.9189453125,97.74183654785156,0.5704977512359619
1775570339540,0.4404500126838684,0.0,5653.4892578125,97.78028869628906,0.5706787705421448
1775570339560,0.4562999904155731,0.0,5653.89697265625,97.8138656616211,0.5708150267601013
1775570339580,0.4761500060558319,0.0,5654.54931640625,97.85590362548828,0.5709741115570068
1775570339600,0.48805001378059387,0.0,5655.1201171875,97.88214111328125,0.5711323022842407
1775570339620,0.492000013589859,0.0,5655.609375,97.95012664794922,0.5712687373161316
1775570339640,0.4959999918937683,0.0,5656.18115234375,98.03983306884766,0.5714271068572998
1775570339660,0.4959999918937683,0.0,5656.83544921875,98.08648681640625,0.5715869069099426
1775570339680,0.4959999918937683,0.0,5657.244140625,98.14122009277344,0.5717226266860962
1775570339700,0.492000013589859,0.0,5657.8984375,98.23822021484375,0.5718830823898315
1775570339720,0.492000013589859,0.0,5658.3076171875,98.28417205810547,0.5720191597938538
1775570339740,0.492000013589859,0.0,5658.88037109375,98.30884552001953,0.5721782445907593
1775570339760,0.492000013589859,0.0,5659.5361328125,98.3788833618164,0.5723598599433899
1775570339780,0.492000013589859,0.0,5659.9462890625,98.45331573486328,0.5724731683731079
1775570339800,0.4959999918937683,0.0,5660.6025390625,98.48773193359375,0.5726559162139893
1775570339820,0.49994999170303345,0.0,5661.0126953125,98.54564666748047,0.5727698802947998
1775570339840,0.5,0.0,5661.67041015625,98.6200180053711,0.572952926158905
1775570339860,0.5,0.0,5662.24609375,98.67460632324219,0.5731117725372314
1775570339880,0.5,0.0,5662.73974609375,98.73707580566406,0.5732495784759521
1775570339900,0.5038999915122986,0.0,5663.3154296875,98.81459045410156,0.5734093189239502
1775570339920,0.5077999830245972,0.0,5663.80908203125,98.88993835449219,0.573546826839447
1775570339940,0.5156000256538391,0.0,5664.3857421875,98.933349609375,0.5737065076828003
1775570339960,0.5234500169754028,0.0,5665.0458984375,98.96511840820312,0.5738900899887085
1775570339980,0.53125,0.0,5665.45849609375,99.03077697753906,0.5740046501159668
1775570340000,0.5390499830245972,0.0,5666.11865234375,99.12084197998047,0.5741647481918335
1775570340020,0.5468500256538391,0.0,5666.53125,99.18791198730469,0.5743024945259094
1775570340040,0.5468500256538391,0.0,5667.19287109375,99.24744415283203,0.5744861960411072
1775570340060,0.5468500256538391,0.0,5667.771484375,99.28875732421875,0.57464599609375
1775570340080,0.5468500256538391,0.0,5668.26806640625,99.36481475830078,0.5747848749160767
1775570340100,0.5468500256538391,0.0,5668.84814453125,99.43814849853516,0.574945867061615
1775570340120,0.5429499745368958,0.0,5669.34619140625,99.51052856445312,0.5750607848167419
1775570340140,0.5390499830245972,0.0,5669.92724609375,99.57032012939453,0.5752447843551636
1775570340160,0.5390499830245972,0.0,5670.42529296875,99.6338119506836,0.5753821134567261
1775570340180,0.5390499830245972,0.0,5671.08935546875,99.68445587158203,0.575567364692688
1775570340200,0.5390499830245972,0.0,5671.587890625,99.76860809326172,0.575729250907898
1775570340220,0.5390499830245972,0.0,5672.0869140625,99.84232330322266,0.5758441686630249
1775570340240,0.5390499830245972,0.0,5672.669921875,99.92045593261719,0.5760064721107483
1775570340260,0.5390499830245972,0.0,5673.169921875,99.99053192138672,0.5761454701423645
1775570340280,0.5429499745368958,0.0,5673.8359375,100.04447937011719,0.5763303637504578
1775570340300,0.5429499745368958,0.0,5674.3359375,100.10828399658203,0.5764696002006531
1775570340320,0.5429499745368958,0.0,5674.8369140625,100.17791748046875,0.5766080021858215
1775570340340,0.5429499745368958,0.0,5675.5048828125,100.23489379882812,0.5767937898635864
1775570340360,0.5429499745368958,0.0,5675.92236328125,100.31390380859375,0.5769340991973877
1775570340380,0.5429499745368958,0.0,5676.59033203125,100.37500762939453,0.5770949125289917
1775570340400,0.5429499745368958,0.0,5677.09228515625,100.40503692626953,0.5772355198860168
1775570340420,0.5429499745368958,0.0,5677.59423828125,100.45603942871094,0.5773740410804749
1775570340440,0.5429499745368958,0.0,5678.26416015625,100.52264404296875,0.5775598883628845
1775570340460,0.5429499745368958,0.0,5678.68310546875,100.55623626708984,0.5777000784873962
1775570340480,0.5429499745368958,0.0,5679.4375,100.6109390258789,0.5778852105140686
1775570340500,0.5429499745368958,0.0,5679.857421875,100.67882537841797,0.5780032277107239
1775570340520,0.5390499830245972,0.0,5680.361328125,100.73116302490234,0.578142523765564
1775570340540,0.5351499915122986,0.0,5680.94921875,100.79631042480469,0.5783301591873169
1775570340560,0.53125,0.0,5681.537109375,100.84759521484375,0.5784700512886047
1775570340580,0.53125,0.0,5682.20947265625,100.8670425415039,0.5786338448524475
1775570340600,0.53125,0.0,5682.6298828125,100.9253921508789,0.5787730813026428
1775570340620,0.5273500084877014,0.0,5683.13525390625,100.99031829833984,0.5789126753807068
1775570340640,0.5273500084877014,0.0,5683.80859375,101.03570556640625,0.5790990591049194
1775570340660,0.5273500084877014,0.0,5684.482421875,101.0960464477539,0.5792863368988037
1775570340680,0.5273500084877014,0.0,5684.98779296875,101.15243530273438,0.5794026851654053
1775570340700,0.5273500084877014,0.0,5685.4091796875,101.20323181152344,0.579544186592102
1775570340720,0.5273500084877014,0.0,5686.083984375,101.25140380859375,0.5797322988510132
1775570340740,0.5273500084877014,0.0,5686.5908203125,101.29303741455078,0.5798730254173279
1775570340760,0.53125,0.0,5687.2666015625,101.33304595947266,0.580061674118042
1775570340780,0.53125,0.0,5687.7734375,101.38353729248047,0.5802015066146851
1775570340800,0.53125,0.0,5688.44921875,101.43159484863281,0.5803654193878174
1775570340820,0.53125,0.0,5688.87158203125,101.47431182861328,0.5805066227912903
1775570340840,0.53125,0.0,5689.462890625,101.53021240234375,0.5806711912155151
1775570340860,0.53125,0.0,5690.14013671875,101.57110595703125,0.5808354020118713
1775570340880,0.53125,0.0,5690.5634765625,101.61607360839844,0.5809763669967651
1775570340900,0.5351499915122986,0.0,5691.15673828125,101.68250274658203,0.5811411142349243
1775570340920,0.5351499915122986,0.0,5691.75,101.73886108398438,0.5812811851501465
1775570340940,0.5351499915122986,0.0,5692.2587890625,101.80442810058594,0.5814470052719116
1775570340960,0.5390499830245972,0.0,5692.76806640625,101.86915588378906,0.5815885663032532
1775570340980,0.5390499830245972,0.0,5693.36279296875,101.92414855957031,0.581777811050415
1775570341000,0.5390499830245972,0.0,5694.04248046875,101.96923828125,0.5819426774978638
1775570341020,0.5429499745368958,0.0,5694.46728515625,102.01908111572266,0.5820609927177429
1775570341040,0.5468500256538391,0.0,5695.14697265625,102.06654357910156,0.5822498798370361
1775570341060,0.5508000254631042,0.0,5695.57177734375,102.1096420288086,0.5823919177055359
1775570341080,0.5547000169754028,0.0,5696.2529296875,102.17447662353516,0.582581102848053
1775570341100,0.5625,0.0,5696.849609375,102.2398452758789,0.5826983451843262
1775570341120,0.5625,0.0,5697.361328125,102.28478240966797,0.58286452293396
1775570341140,0.5663999915122986,0.0,5697.9580078125,102.3353042602539,0.5830307006835938
1775570341160,0.5663999915122986,0.0,5698.46923828125,102.397705078125,0.5831725001335144
1775570341180,0.5547000169754028,0.0,5699.15283203125,102.45893096923828,0.583362877368927
1775570341200,0.5508000254631042,0.0,5699.580078125,102.5221176147461,0.583480715751648
1775570341220,0.5508000254631042,0.0,5700.263671875,102.576904296875,0.5836711525917053
1775570341240,0.5508000254631042,0.0,5700.86181640625,102.63185119628906,0.5838368535041809
1775570341260,0.5508000254631042,0.0,5701.37548828125,102.69750213623047,0.5839800238609314
1775570341280,0.5508000254631042,0.0,5702.06103515625,102.75631713867188,0.5841474533081055
1775570341300,0.5508000254631042,0.0,5702.4892578125,102.80582427978516,0.5842897295951843
1775570341320,0.5508000254631042,0.0,5703.00341796875,102.86021423339844,0.5844317078590393
1775570341340,0.5508000254631042,0.0,5703.603515625,102.91871643066406,0.5845994353294373
1775570341360,0.5508000254631042,0.0,5704.28955078125,102.97872924804688,0.5847907066345215
1775570341380,0.5508000254631042,0.0,5704.80517578125,103.03736114501953,0.5849100351333618
1775570341400,0.5547000169754028,0.0,5705.40673828125,103.08062744140625,0.5851007103919983
1775570341420,0.5586000084877014,0.0,5705.83642578125,103.12174224853516,0.5852196216583252
1775570341440,0.5586000084877014,0.0,5706.52392578125,103.17595672607422,0.5854111313819885
1775570341460,0.5586000084877014,0.0,5707.21142578125,103.23321533203125,0.5855785608291626
1775570341480,0.5547000169754028,0.0,5707.6416015625,103.2900619506836,0.5857216715812683
1775570341500,0.5508000254631042,0.0,5708.3310546875,103.3547592163086,0.5858882665634155
1775570341520,0.5468500256538391,0.0,5708.76123046875,103.3973159790039,0.5860323905944824
1775570341540,0.5429499745368958,0.0,5709.45068359375,103.45265197753906,0.5862243175506592
1775570341560,0.5429499745368958,0.0,5709.9677734375,103.49662780761719,0.5863441824913025
1775570341580,0.5429499745368958,0.0,5710.57177734375,103.5442886352539,0.5865354537963867
1775570341600,0.5429499745368958,0.0,5711.08984375,103.57588195800781,0.5866795182228088
1775570341620,0.5429499745368958,0.0,5711.6083984375,103.6109619140625,0.5868239998817444
1775570341640,0.5429499745368958,0.0,5712.21337890625,103.65616607666016,0.5870146155357361
1775570341660,0.5429499745368958,0.0,5712.90478515625,103.69635772705078,0.5871835350990295
1775570341680,0.5468500256538391,0.0,5713.42333984375,103.72132873535156,0.5873273015022278
1775570341700,0.5508000254631042,0.0,5714.02880859375,103.76593780517578,0.587496280670166
1775570341720,0.5547000169754028,0.0,5714.54833984375,103.82038116455078,0.5876389145851135
1775570341740,0.5547000169754028,0.0,5715.15478515625,103.84561920166016,0.5878076553344727
1775570341760,0.5586000084877014,0.0,5715.6748046875,103.88990783691406,0.5879509449005127
1775570341780,0.5586000084877014,0.0,5716.3681640625,103.94605255126953,0.5881440043449402
1775570341800,0.5586000084877014,0.0,5716.80126953125,104.00424194335938,0.5882642269134521
1775570341820,0.5547000169754028,0.0,5717.49462890625,104.06404876708984,0.5884560942649841
1775570341840,0.5508000254631042,0.0,5718.1884765625,104.11908721923828,0.5886238217353821
1775570341860,0.5468500256538391,0.0,5718.6220703125,104.1609115600586,0.5887691378593445
1775570341880,0.5429499745368958,0.0,5719.31640625,104.20843505859375,0.5889637470245361
1775570341900,0.5429499745368958,0.0,5719.7509765625,104.25364685058594,0.5890824198722839
1775570341920,0.5429499745368958,0.0,5720.2724609375,104.30850982666016,0.5892282128334045
1775570341940,0.5429499745368958,0.0,5720.9677734375,104.3570785522461,0.5894203186035156
1775570341960,0.5429499745368958,0.0,5721.576171875,104.37987518310547,0.5895892381668091
1775570341980,0.5508000254631042,0.0,5722.09765625,104.42986297607422,0.5897338390350342
1775570342000,0.5547000169754028,0.0,5722.70751953125,104.48120880126953,0.5899043679237366
1775570342020,0.5586000084877014,0.0,5723.23046875,104.51663970947266,0.5900488495826721
1775570342040,0.5663999915122986,0.0,5723.84033203125,104.55873107910156,0.5902183055877686
1775570342060,0.5741999745368958,0.0,5724.36328125,104.62322235107422,0.5903624892234802
1775570342080,0.5780999660491943,0.0,5725.060546875,104.6571044921875,0.5905573964118958
1775570342100,0.5859500169754028,0.0,5725.49658203125,104.70948791503906,0.5906780958175659
1775570342120,0.59375,0.0,5726.19482421875,104.7796401977539,0.5908699631690979
1775570342140,0.59375,0.0,5726.71923828125,104.82884979248047,0.5910155773162842
1775570342160,0.5976499915122986,0.0,5727.41845703125,104.87892150878906,0.5911858081817627
1775570342180,0.5976499915122986,0.0,5727.94287109375,104.94072723388672,0.5913305878639221
1775570342200,0.5976499915122986,0.0,5728.5546875,104.9849624633789,0.5915260314941406
1775570342220,0.5898500084877014,0.0,5729.08056640625,105.04381561279297,0.5916491746902466
1775570342240,0.5898500084877014,0.0,5729.69384765625,105.1174545288086,0.5918412804603577
1775570342260,0.5898500084877014,0.0,5730.2197265625,105.18496704101562,0.5919860005378723
1775570342280,0.5859500169754028,0.0,5730.83349609375,105.27090454101562,0.5921578407287598
1775570342300,0.5859500169754028,0.0,5731.36083984375,105.35120391845703,0.5923044085502625
1775570342320,0.59375,0.0,5731.88818359375,105.41201782226562,0.5924505591392517
1775570342340,0.59375,0.0,5732.50341796875,105.4938735961914,0.5926211476325989
1775570342360,0.59375,0.0,5733.20654296875,105.57791900634766,0.592816174030304
1775570342380,0.5976499915122986,0.0,5733.8232421875,105.65438079833984,0.5929855108261108
1775570342400,0.5976499915122986,0.0,5734.35205078125,105.75447845458984,0.5931320786476135
1775570342420,0.6015499830245972,0.0,5734.880859375,105.85362243652344,0.5932539701461792
1775570342440,0.6015499830245972,0.0,5735.4990234375,105.9352798461914,0.5934505462646484
1775570342460,0.6054499745368958,0.0,5736.2060546875,106.029296875,0.5936467051506042
1775570342480,0.6054499745368958,0.0,5736.64794921875,106.11289978027344,0.5937696695327759
1775570342500,0.6093499660491943,0.0,5737.35498046875,106.1895523071289,0.593966543674469
1775570342520,0.6093499660491943,0.0,5737.7978515625,106.29328155517578,0.5940900444984436
1775570342540,0.6172000169754028,0.0,5738.5068359375,106.39257049560547,0.5942877531051636
1775570342560,0.6211000084877014,0.0,5738.9501953125,106.47786712646484,0.5944100022315979
1775570342580,0.625,0.0,5739.6611328125,106.5764389038086,0.5946072936058044
1775570342600,0.6327999830245972,0.0,5740.3720703125,106.67649841308594,0.5947798490524292
1775570342620,0.6405999660491943,0.0,5740.81689453125,106.76534271240234,0.5949267745018005
1775570342640,0.6445499658584595,0.0,5741.52978515625,106.87637329101562,0.5951259732246399
1775570342660,0.6445499658584595,0.0,5742.064453125,106.97982788085938,0.5952496528625488
1775570342680,0.6445499658584595,0.0,5742.68896484375,107.07743072509766,0.595448911190033
1775570342700,0.6445499658584595,0.0,5743.22509765625,107.19818115234375,0.5955967903137207
1775570342720,0.6445499658584595,0.0,5743.8505859375,107.31340789794922,0.595771312713623
1775570342740,0.6445499658584595,0.0,5744.3876953125,107.41326904296875,0.5959197878837585
1775570342760,0.6445499658584595,0.0,5745.10400390625,107.52821350097656,0.5960937142372131
1775570342780,0.6445499658584595,0.0,5745.64208984375,107.63299560546875,0.5962436199188232
1775570342800,0.6445499658584595,0.0,5746.2705078125,107.73011779785156,0.5964182019233704
1775570342820,0.6484500169754028,0.0,5746.7197265625,107.8356704711914,0.596568763256073
1775570342840,0.6523500084877014,0.0,5747.4384765625,107.94393920898438,0.5967671275138855
1775570342860,0.6601499915122986,0.0,5748.068359375,108.04792785644531,0.5969438552856445
1775570342880,0.6797000169754028,0.0,5748.60888671875,108.1657943725586,0.5970935821533203
1775570342900,0.7030999660491943,0.0,5749.240234375,108.28034973144531,0.5972702503204346
1775570342920,0.7148500084877014,0.0,5749.7822265625,108.39575958251953,0.5974206924438477
1775570342940,0.7461000084877014,0.0,5750.4150390625,108.54109954833984,0.5975959300994873
1775570342960,0.78125,0.0,5750.95849609375,108.69872283935547,0.5977457761764526
1775570342980,0.8202999830245972,0.0,5751.59326171875,108.8474349975586,0.5979248881340027
1775570343000,0.8632999658584595,0.0,5752.31982421875,109.03423309326172,0.5981267690658569
1775570343020,0.9023499488830566,0.0,5752.8662109375,109.24811553955078,0.5982540249824524
1775570343040,0.9335999488830566,0.0,5753.5048828125,109.44336700439453,0.5984565019607544
1775570343060,0.96875,0.0,5754.052734375,109.6744613647461,0.5986085534095764
1775570343080,0.9922000169754028,0.0,5754.69384765625,109.93932342529297,0.5987873673439026
1775570343100,1.0,0.0,5755.24462890625,110.18165588378906,0.5989417433738708
1775570343120,1.0,0.0,5755.98046875,110.4455337524414,0.5991202592849731
1775570343140,1.0,0.0,5756.44140625,110.70452880859375,0.5992738604545593
1775570343160,1.0,0.0,5757.18017578125,110.93981170654297,0.5994815826416016
1775570343180,1.0,0.0,5757.73583984375,111.22367095947266,0.5996111631393433
1775570343200,1.0,0.0,5758.38525390625,111.49227905273438,0.5998177528381348
1775570343220,1.0,0.0,5758.85009765625,111.7172622680664,0.5999481081962585
1775570343240,1.0,0.0,5759.59521484375,111.98802185058594,0.600155234336853
1775570343260,1.0,0.0,5760.34228515625,112.25656127929688,0.6003380417823792
1775570343280,1.0,0.0,5760.810546875,112.48698425292969,0.600495457649231
1775570343300,1.0,0.0,5761.56103515625,112.7763900756836,0.6006778478622437
1775570343320,1.0,0.0,5762.03076171875,113.07962799072266,0.6008366942405701
1775570343340,1.0,0.0,5762.6904296875,113.32579803466797,0.6010470390319824
1775570343360,1.0,0.0,5763.25732421875,113.60070037841797,0.6011796593666077
1775570343380,1.0,0.0,5764.0146484375,113.87226867675781,0.60139000415802
1775570343400,1.0,0.0,5764.67919921875,114.09150695800781,0.6015763878822327
1775570343420,1.0,0.0,5765.25,114.35430145263672,0.6017367243766785
1775570343440,1.0,0.0,5766.01318359375,114.65081024169922,0.601921796798706
1775570343460,1.0,0.0,5766.49169921875,114.90120697021484,0.6020835638046265
1775570343480,1.0,0.0,5767.25830078125,115.18635559082031,0.6022706627845764
1775570343500,1.0,0.0,5767.73876953125,115.47152709960938,0.6024320125579834
1775570343520,1.0,0.0,5768.50927734375,115.70547485351562,0.6026475429534912
1775570343540,1.0,0.0,5768.99169921875,115.9749984741211,0.6027835011482239
1775570343560,1.0,0.0,5769.57177734375,116.26329803466797,0.6029733419418335
1775570343580,1.0,0.0,5770.34716796875,116.50527954101562,0.6031906008720398
1775570343600,1.0,0.0,5771.1240234375,116.78494262695312,0.6033810973167419
1775570343620,1.0,0.0,5771.61083984375,117.05677032470703,0.6035169363021851
1775570343640,1.0,0.0,5772.29345703125,117.27505493164062,0.6037086248397827
1775570343660,1.0,0.0,5773.0751953125,117.53560638427734,0.6039007902145386
1775570343680,1.0,0.0,5773.66259765625,117.80782318115234,0.6040654182434082
1775570343700,1.0,0.0,5774.349609375,118.04155731201172,0.6042854189872742
1775570343720,1.0,0.0,5774.93994140625,118.30770111083984,0.6044231653213501
1775570343740,1.0,0.0,5775.63037109375,118.58068084716797,0.6046444773674011
1775570343760,1.0,0.0,5776.125,118.82884979248047,0.6048107147216797
1775570343780,1.0,0.0,5776.91748046875,119.11605834960938,0.6050052642822266
1775570343800,1.0,0.0,5777.7119140625,119.39192962646484,0.6052001118659973
1775570343820,1.0,0.0,5778.2099609375,119.62254333496094,0.6053674817085266
1775570343840,1.0,0.0,5778.90771484375,119.89517974853516,0.6055634021759033
1775570343860,1.0,0.0,5779.50732421875,120.16783905029297,0.6057314276695251
1775570343880,1.0,0.0,5780.20849609375,120.40522003173828,0.6059282422065735
1775570343900,1.0,0.0,5780.810546875,120.66171264648438,0.6060964465141296
1775570343920,1.0,0.0,5781.5146484375,120.8955307006836,0.6062933206558228
1775570343940,1.0,0.0,5782.32080078125,120.93345642089844,0.6064916849136353
1775570343960,1.0,0.0,5782.82421875,120.88916015625,0.6066601276397705
1775570343980,1.0,0.0,5783.62890625,121.00458526611328,0.6068570017814636
1775570344000,1.0,0.0,5784.33447265625,121.16062927246094,0.6070835590362549
1775570344020,1.0,0.0,5784.93994140625,121.26810455322266,0.6072252988815308
1775570344040,1.0,0.0,5785.6474609375,121.24573516845703,0.6074514389038086
1775570344060,0.9726499915122986,0.0,5786.15283203125,121.2712631225586,0.6076204180717468
1775570344080,0.8398499488830566,0.0,5786.96142578125,121.46699523925781,0.6078191995620728
1775570344100,0.6679499745368958,0.0,5787.771484375,121.69511413574219,0.6080185174942017
1775570344120,0.5077999830245972,0.0,5788.279296875,121.85665130615234,0.608217179775238
1775570344140,0.3095000088214874,0.0,5789.091796875,121.97186279296875,0.6084167957305908
1775570344160,0.10315001010894775,0.0,5789.599609375,122.0256118774414,0.6085582375526428
1775570344180,0.0,0.0,5790.208984375,122.03306579589844,0.608730137348175
1775570344200,0.0,0.0,5791.021484375,122.03582763671875,0.6089283227920532
1775570344220,0.0,0.0,5791.732421875,122.04080200195312,0.6091569662094116
1775570344240,0.0,0.0,5792.443359375,122.04232025146484,0.6093555688858032
1775570344260,0.0,0.0,5793.052734375,122.04456329345703,0.6095259189605713
1775570344280,0.0,0.0,5793.763671875,122.04717254638672,0.6097249984741211
1775570344300,0.11904999613761902,0.0,5794.373046875,122.05193328857422,0.6098963618278503
1775570344320,0.24994999170303345,0.0,5795.185546875,122.0560302734375,0.6100951433181763
1775570344340,0.4126499891281128,0.0,5795.693359375,122.05817413330078,0.6102946996688843
1775570344360,0.5077999830245972,0.0,5796.50634765625,122.06073760986328,0.6104638576507568
1775570344380,0.625,0.0,5797.2177734375,122.0674819946289,0.6106932163238525
1775570344400,0.71875,0.0,5797.82861328125,122.06575012207031,0.6108356714248657
1775570344420,0.7851499915122986,0.0,5798.3369140625,122.06612396240234,0.611005425453186
1775570344440,0.8515499830245972,0.0,5799.15185546875,122.4477310180664,0.6112330555915833
1775570344460,0.9179500341415405,0.0,5799.9697265625,122.85271453857422,0.6114325523376465
1775570344480,0.9648499488830566,0.0,5800.482421875,123.22509765625,0.6116053462028503
1775570344500,1.0,0.0,5801.20263671875,123.56287384033203,0.6118051409721375
1775570344520,1.0,0.0,5801.82080078125,123.82270050048828,0.6119797229766846
1775570344540,1.0,0.0,5802.5439453125,124.06620788574219,0.6121818423271179
1775570344560,1.0,0.0,5803.37255859375,124.35476684570312,0.612413227558136
1775570344580,1.0,0.0,5803.89111328125,124.63093566894531,0.6125592589378357
1775570344600,1.0,0.0,5804.72265625,124.8611831665039,0.6127929091453552
1775570344620,1.0,0.0,5805.2431640625,125.13105773925781,0.6129353642463684
1775570344640,1.0,0.0,5806.078125,125.41230773925781,0.6131702065467834
1775570344660,1.0,0.0,5806.81005859375,125.65512084960938,0.6133748888969421
1775570344680,1.0,0.0,5807.43896484375,125.93531799316406,0.6135511994361877
1775570344700,1.0,0.0,5808.17431640625,126.20381927490234,0.6137568950653076
1775570344720,1.0,0.0,5808.8056640625,126.44309997558594,0.6139342188835144
1775570344740,1.0,0.0,5809.5439453125,126.7134780883789,0.6141422390937805
1775570344760,1.0,0.0,5810.177734375,126.97840881347656,0.6143181324005127
1775570344780,1.0,0.0,5810.9189453125,127.20986938476562,0.6145250201225281
1775570344800,1.0,0.0,5811.767578125,127.49908447265625,0.6147624850273132
1775570344820,1.0,0.0,5812.40576171875,127.78056335449219,0.6149104833602905
1775570344840,1.0,0.0,5813.15185546875,128.0071563720703,0.6151508688926697
1775570344860,1.0,0.0,5813.685546875,128.2720489501953,0.6152992248535156
1775570344880,1.0,0.0,5814.541015625,128.53895568847656,0.6155391931533813
1775570344900,1.0,0.0,5815.18408203125,128.782958984375,0.6157189607620239
1775570344920,1.0,0.0,5815.93603515625,129.07034301757812,0.6159281730651855
1775570344940,1.0,0.0,5816.79736328125,129.34120178222656,0.6161714196205139
1775570344960,1.0,0.0,5817.3369140625,129.56385803222656,0.6163228154182434
1775570344980,1.0,0.0,5818.201171875,129.8278045654297,0.6165646910667419
1775570345000,1.0,0.0,5818.74267578125,130.1028289794922,0.6167169213294983
1775570345020,1.0,0.0,5819.39306640625,130.3512420654297,0.6168991923332214
1775570345040,1.0,0.0,5820.26318359375,130.61135864257812,0.6171420812606812
1775570345060,1.0,0.0,5821.134765625,130.8788299560547,0.6173845529556274
1775570345080,1.0,0.0,5821.6806640625,131.11732482910156,0.6175674200057983
1775570345100,1.0,0.0,5822.44580078125,131.3870849609375,0.6177543997764587
1775570345120,1.0,0.0,5822.9931640625,131.656005859375,0.6179089546203613
1775570345140,1.0,0.0,5823.87109375,131.88531494140625,0.6181542873382568
1775570345160,1.0,0.0,5824.53076171875,132.148681640625,0.6183398365974426
1775570345180,1.0,0.0,5825.412109375,132.4228057861328,0.6185874938964844
1775570345200,1.0,0.0,5826.07421875,132.65350341796875,0.6187731027603149
1775570345220,1.0,0.0,5826.73828125,132.91064453125,0.6189578175544739
1775570345240,1.0,0.0,5827.62451171875,133.1825408935547,0.6192066073417664
1775570345260,1.0,0.0,5828.291015625,133.4114532470703,0.6193951368331909
1775570345280,1.0,0.0,5829.18115234375,133.66827392578125,0.6196445226669312
1775570345300,1.0,0.0,5829.85009765625,133.94154357910156,0.6198318600654602
1775570345320,1.0,0.0,5830.52001953125,134.17929077148438,0.6200191974639893
1775570345340,1.0,0.0,5831.302734375,134.4329071044922,0.6202697157859802
1775570345360,1.0,0.0,5832.0869140625,134.67404174804688,0.6204274296760559
1775570345380,1.0,0.0,5832.7607421875,134.9103240966797,0.6206160187721252
1775570345400,1.0,0.0,5833.548828125,135.17898559570312,0.6208692193031311
1775570345420,1.0,0.0,5834.22509765625,135.44058227539062,0.621060848236084
1775570345440,1.0,0.0,5834.90283203125,135.66839599609375,0.6212473511695862
1775570345460,1.0,0.0,5835.92138671875,135.93350219726562,0.6215015649795532
1775570345480,1.0,0.0,5836.48828125,136.19482421875,0.6216922998428345
1775570345500,1.0,0.0,5837.16943359375,136.41172790527344,0.6218862533569336
1775570345520,1.0,0.0,5838.07958984375,136.66610717773438,0.6221398115158081
1775570345540,1.0,0.0,5838.763671875,136.9469451904297,0.6223659515380859
1775570345560,1.0,0.0,5839.44873046875,137.17529296875,0.6225236058235168
1775570345580,1.0,0.0,5840.36376953125,137.43267822265625,0.6227802634239197
1775570345600,1.0,0.0,5841.05126953125,137.662841796875,0.6229764223098755
1775570345620,1.0,0.0,5841.8544921875,137.84852600097656,0.6231992244720459
1775570345640,1.0,0.0,5842.65869140625,138.10519409179688,0.6234263777732849
1775570345660,1.0,0.0,5843.34912109375,138.37655639648438,0.6236525774002075
1775570345680,1.0,0.0,5844.15625,138.6138153076172,0.6238460540771484
1775570345700,1.0,0.0,5845.0810546875,138.8718719482422,0.6240726709365845
1775570345720,1.0,0.0,5845.775390625,139.12197875976562,0.6242998242378235
1775570345740,1.0,0.0,5846.35546875,139.33804321289062,0.6244949102401733
1775570345760,1.0,0.0,5847.40087890625,139.6005096435547,0.6247549057006836
1775570345780,1.0,0.0,5848.09912109375,139.84402465820312,0.6249195337295532
1775570345800,1.0,0.0,5848.68212890625,140.06971740722656,0.6251482963562012
1775570345820,1.0,0.0,5849.49951171875,140.33265686035156,0.6253448724746704
1775570345840,1.0,0.0,5850.435546875,140.58413696289062,0.6256066560745239
1775570345860,1.0,0.0,5851.021484375,140.8002471923828,0.6258034706115723
1775570345880,1.0,0.0,5852.078125,141.05966186523438,0.6260681748390198
1775570345900,1.0,0.0,5852.7841796875,141.32662963867188,0.6262653470039368
1775570345920,1.0,0.0,5853.49169921875,141.54437255859375,0.6264621615409851
1775570345940,1.0,0.0,5854.2001953125,141.7926788330078,0.6266617774963379
1775570345960,1.0,0.0,5855.14599609375,142.04495239257812,0.6269282102584839
1775570345980,1.0,0.0,5855.8564453125,142.26470947265625,0.627125084400177
1775570346000,1.0,0.0,5856.80517578125,142.50123596191406,0.6273921728134155
1775570346020,1.0,0.0,5857.51806640625,142.70616149902344,0.6275920271873474
1775570346040,1.0,0.0,5858.2314453125,142.89581298828125,0.6277922987937927
1775570346060,1.0,0.0,5859.18505859375,143.1875457763672,0.6280609965324402
1775570346080,1.0,0.0,5859.90185546875,143.45071411132812,0.628261387348175
1775570346100,1.0,0.0,5860.61962890625,143.6663055419922,0.6284620761871338
1775570346120,1.0,0.0,5861.3388671875,143.9049530029297,0.6286644339561462
1775570346140,1.0,0.0,5862.298828125,144.14234924316406,0.6289332509040833
1775570346160,1.0,0.0,5862.8994140625,144.34141540527344,0.6291354894638062
1775570346180,1.0,0.0,5863.98291015625,144.60745239257812,0.6293715238571167
1775570346200,1.0,0.0,5864.5859375,144.83432006835938,0.6296088695526123
1775570346220,1.0,0.0,5865.55224609375,145.03677368164062,0.6298459768295288
1775570346240,1.0,0.0,5866.2783203125,145.2650604248047,0.6300496459007263
1775570346260,1.0,0.0,5867.0048828125,145.5038604736328,0.6302521824836731
1775570346280,1.0,0.0,5867.9755859375,145.70936584472656,0.6305249929428101
1775570346300,1.0,0.0,5868.705078125,145.95599365234375,0.6307294368743896
1775570346320,1.0,0.0,5869.31298828125,146.18946838378906,0.6308999061584473
1775570346340,1.0,0.0,5870.2880859375,146.38685607910156,0.6311736106872559
1775570346360,1.0,0.0,5871.0205078125,146.61807250976562,0.6313788890838623
1775570346380,1.0,0.0,5871.998046875,146.8451690673828,0.6316541433334351
1775570346400,1.0,0.0,5872.732421875,147.023681640625,0.6318584084510803
1775570346420,1.0,0.0,5873.4677734375,147.25181579589844,0.6320652365684509
1775570346440,1.0,0.0,5874.3271484375,147.49908447265625,0.6323409080505371
1775570346460,1.0,0.0,5875.31103515625,147.69757080078125,0.6325825452804565
1775570346480,1.0,0.0,5876.05029296875,147.9412384033203,0.6327893137931824
1775570346500,1.0,0.0,5876.7900390625,148.17178344726562,0.6329969763755798
1775570346520,1.0,0.0,5877.7783203125,148.35568237304688,0.633274257183075
1775570346540,1.0,0.0,5878.396484375,148.5657501220703,0.6334826350212097
1775570346560,1.0,0.0,5879.51171875,148.80441284179688,0.6337255239486694
1775570346580,1.0,0.0,5880.1318359375,148.99339294433594,0.6339341402053833
1775570346600,1.0,0.0,5881.12548828125,149.2165985107422,0.634212851524353
1775570346620,1.0,0.0,5881.8720703125,149.43759155273438,0.6344225406646729
1775570346640,1.0,0.0,5882.619140625,149.63356018066406,0.6346322298049927
1775570346660,1.0,0.0,5883.61767578125,149.84811401367188,0.6348770260810852
1775570346680,1.0,0.0,5884.36767578125,150.0697021484375,0.6350869536399841
1775570346700,1.0,0.0,5885.24365234375,150.26324462890625,0.6353680491447449
1775570346720,1.0,0.0,5885.9951171875,150.49295043945312,0.6355786323547363
1775570346740,1.0,0.0,5886.748046875,150.72091674804688,0.635790228843689
1775570346760,1.0,0.0,5887.75341796875,150.88902282714844,0.636071503162384
1775570346780,1.0,0.0,5888.50830078125,151.10379028320312,0.6362476944923401
1775570346800,1.0,0.0,5889.39013671875,151.33575439453125,0.6365309953689575
1775570346820,1.0,0.0,5890.1474609375,151.53213500976562,0.6367785930633545
1775570346840,1.0,0.0,5890.9052734375,151.73068237304688,0.6369914412498474
1775570346860,1.0,0.0,5892.04345703125,151.93319702148438,0.6372389793395996
1775570346880,1.0,0.0,5892.6767578125,152.12600708007812,0.6374527812004089
1775570346900,1.0,0.0,5893.4375,152.34014892578125,0.6376656889915466
1775570346920,1.0,0.0,5894.453125,152.5360107421875,0.6379512548446655
1775570346940,1.0,0.0,5895.21630859375,152.71807861328125,0.6381654143333435
1775570346960,1.0,0.0,5896.2353515625,152.95986938476562,0.6384497880935669
1775570346980,1.0,0.0,5896.87255859375,153.16604614257812,0.638629138469696
1775570347000,1.0,0.0,5897.89404296875,153.34512329101562,0.6389163136482239
1775570347020,1.0,0.0,5898.66162109375,153.55650329589844,0.6391302347183228
1775570347040,1.0,0.0,5899.4296875,153.77679443359375,0.639382004737854
1775570347060,1.0,0.0,5900.455078125,153.9550323486328,0.6396340727806091
1775570347080,1.0,0.0,5901.2255859375,154.15634155273438,0.6398500800132751
1775570347100,1.0,0.0,5901.99658203125,154.37881469726562,0.6400662660598755
1775570347120,1.0,0.0,5903.02587890625,154.55389404296875,0.6403552889823914
1775570347140,1.0,0.0,5903.67041015625,154.76321411132812,0.6405704617500305
1775570347160,1.0,0.0,5904.83154296875,154.9613800048828,0.6408244967460632
1775570347180,1.0,0.0,5905.47705078125,155.12445068359375,0.6410420536994934
1775570347200,1.0,0.0,5906.2529296875,155.32852172851562,0.6412596106529236
1775570347220,1.0,0.0,5907.2890625,155.54916381835938,0.6415503025054932
1775570347240,1.0,0.0,5908.06689453125,155.7342529296875,0.6417690515518188
1775570347260,1.0,0.0,5909.10595703125,155.9262237548828,0.6420592069625854
1775570347280,1.0,0.0,5909.755859375,156.13075256347656,0.6422423124313354
1775570347300,1.0,0.0,5910.796875,156.30320739746094,0.642534077167511
1775570347320,1.0,0.0,5911.5791015625,156.50360107421875,0.6427529454231262
1775570347340,1.0,0.0,5912.36181640625,156.70419311523438,0.6430090069770813
1775570347360,1.0,0.0,5913.40673828125,156.87327575683594,0.6432655453681946
1775570347380,1.0,0.0,5914.19189453125,157.08963012695312,0.643485963344574
1775570347400,1.0,0.0,5915.2392578125,157.30352783203125,0.6437430381774902
1775570347420,1.0,0.0,5915.89501953125,157.47488403320312,0.6439641714096069
1775570347440,1.0,0.0,5916.68310546875,157.6652069091797,0.644184410572052
1775570347460,1.0,0.0,5917.86572265625,157.86270141601562,0.644480288028717
1775570347480,1.0,0.0,5918.5234375,158.0387420654297,0.6447022557258606
1775570347500,1.0,0.0,5919.57763671875,158.2398223876953,0.6449597477912903
1775570347520,1.0,0.0,5920.2373046875,158.44032287597656,0.6451820731163025
1775570347540,1.0,0.0,5921.16162109375,158.6154327392578,0.6454765200614929
1775570347560,1.0,0.0,5922.2197265625,158.8016815185547,0.6457375884056091
1775570347580,1.0,0.0,5923.013671875,158.9878387451172,0.6459614038467407
1775570347600,1.0,0.0,5923.80908203125,159.15306091308594,0.6461828351020813
1775570347620,1.0,0.0,5924.73779296875,159.34620666503906,0.6464442610740662
1775570347640,1.0,0.0,5925.80078125,159.55853271484375,0.6467059850692749
1775570347660,1.0,0.0,5926.4658203125,159.73121643066406,0.646929144859314
1775570347680,1.0,0.0,5927.39794921875,159.92210388183594,0.6471527814865112
1775570347700,1.0,0.0,5928.3310546875,160.12855529785156,0.6474519968032837
1775570347720,1.0,0.0,5929.13232421875,160.30125427246094,0.6476773619651794
1775570347740,1.0,0.0,5930.0673828125,160.4835968017578,0.6479766368865967
1775570347760,1.0,0.0,5930.8701171875,160.6543731689453,0.6481650471687317
1775570347780,1.0,0.0,5931.94091796875,160.8035125732422,0.6484645009040833
1775570347800,1.0,0.0,5932.74560546875,160.99224853515625,0.6486907601356506
1775570347820,1.0,0.0,5933.55126953125,161.2040252685547,0.6489161849021912
1775570347840,1.0,0.0,5934.62646484375,161.3959197998047,0.6492178440093994
1775570347860,1.0,0.0,5935.43359375,161.60079956054688,0.6494444012641907
1775570347880,1.0,0.0,5936.51171875,161.77651977539062,0.6497470736503601
1775570347900,1.0,0.0,5937.32080078125,161.9271240234375,0.6499730944633484
1775570347920,1.0,0.0,5937.99560546875,162.1111297607422,0.6501630544662476
1775570347940,1.0,0.0,5939.07666015625,162.3199005126953,0.6504660248756409
1775570347960,1.0,0.0,5939.888671875,162.480224609375,0.6506937146186829
1775570347980,1.0,0.0,5940.83740234375,162.67428588867188,0.6509222388267517
1775570348000,1.0,0.0,5941.78759765625,162.876953125,0.6512260437011719
1775570348020,1.0,0.0,5942.60205078125,163.02944946289062,0.651454508304596
1775570348040,1.0,0.0,5943.68994140625,163.20797729492188,0.6517594456672668
1775570348060,1.0,0.0,5944.505859375,163.39437866210938,0.6519883871078491
1775570348080,1.0,0.0,5945.3232421875,163.54393005371094,0.6522178053855896
1775570348100,1.0,0.0,5946.27734375,163.7322998046875,0.6524853706359863
1775570348120,1.0,0.0,5947.09619140625,163.92662048339844,0.6527149081230164
1775570348140,1.0,0.0,5948.189453125,164.0926513671875,0.6530212163925171
1775570348160,1.0,0.0,5949.009765625,164.2664794921875,0.6532514095306396
1775570348180,1.0,0.0,5949.83154296875,164.4492645263672,0.653481662273407
1775570348200,1.0,0.0,5950.927734375,164.57371520996094,0.6537895202636719
1775570348220,1.0,0.0,5951.7509765625,164.78466796875,0.6540198922157288
1775570348240,1.0,0.0,5952.5751953125,164.98751831054688,0.6542516350746155
1775570348260,1.0,0.0,5953.6748046875,165.12413024902344,0.6545602083206177
1775570348280,1.0,0.0,5954.5009765625,165.30459594726562,0.6547909379005432
1775570348300,1.0,0.0,5955.603515625,165.4933624267578,0.6550624370574951
1775570348320,1.0,0.0,5956.43115234375,165.67025756835938,0.6553327441215515
1775570348340,1.0,0.0,5957.26025390625,165.8460693359375,0.6555657982826233
1775570348360,1.0,0.0,5958.3662109375,166.019287109375,0.6558366417884827
1775570348380,1.0,0.0,5959.05810546875,166.1885986328125,0.6561086773872375
1775570348400,1.0,0.0,5960.0283203125,166.37863159179688,0.6563413739204407
1775570348420,1.0,0.0,5960.8603515625,166.5540008544922,0.6565759181976318
1775570348440,1.0,0.0,5961.9716796875,166.71377563476562,0.6568865180015564
1775570348460,1.0,0.0,5962.8056640625,166.8893585205078,0.6571215391159058
1775570348480,1.0,0.0,5963.640625,167.06939697265625,0.6573545336723328
1775570348500,1.0,0.0,5964.75537109375,167.23085021972656,0.6576674580574036
1775570348520,1.0,0.0,5965.591796875,167.40530395507812,0.6579022407531738
1775570348540,1.0,0.0,5966.4296875,167.57090759277344,0.6581375598907471
1775570348560,1.0,0.0,5967.546875,167.71670532226562,0.6584491729736328
1775570348580,1.0,0.0,5968.38623046875,167.89797973632812,0.6586858630180359
1775570348600,1.0,0.0,5969.22607421875,168.0763397216797,0.6589208841323853
1775570348620,1.0,0.0,5970.06689453125,168.22264099121094,0.6591576337814331
1775570348640,1.0,0.0,5971.1884765625,168.3836669921875,0.6594724655151367
1775570348660,1.0,0.0,5972.03076171875,168.5517578125,0.6597068309783936
1775570348680,1.0,0.0,5973.1552734375,168.70068359375,0.6600243449211121
1775570348700,1.0,0.0,5973.99951171875,168.87403869628906,0.6602596640586853
1775570348720,1.0,0.0,5974.8447265625,169.04493713378906,0.6604962944984436
1775570348740,1.0,0.0,5975.97216796875,169.192626953125,0.6608132719993591
1775570348760,1.0,0.0,5976.81884765625,169.34922790527344,0.6610497236251831
1775570348780,1.0,0.0,5977.66552734375,169.50970458984375,0.6612866520881653
1775570348800,1.0,0.0,5978.79638671875,169.65013122558594,0.6615647077560425
1775570348820,1.0,0.0,5979.50390625,169.81980895996094,0.6618039011955261
1775570348840,1.0,0.0,5980.63623046875,169.97613525390625,0.6621212363243103
1775570348860,1.0,0.0,5981.48583984375,170.08897399902344,0.6623985171318054
1775570348880,1.0,0.0,5982.62060546875,170.25108337402344,0.6626378297805786
1775570348900,1.0,0.0,5983.33056640625,170.43409729003906,0.662876307964325
1775570348920,1.0,0.0,5984.18310546875,170.59765625,0.6631156206130981
1775570348940,1.0,0.0,5985.32080078125,170.7748260498047,0.663436233997345
1775570348960,1.0,0.0,5986.45947265625,170.93045043945312,0.6637541055679321
1775570348980,1.0,0.0,5987.171875,171.05873107910156,0.6639539003372192
1775570349000,1.0,0.0,5988.02734375,171.2180938720703,0.6641948819160461
1775570349020,1.0,0.0,5989.1689453125,171.37750244140625,0.6645146608352661
1775570349040,1.0,0.0,5990.02587890625,171.52273559570312,0.6647545099258423
1775570349060,1.0,0.0,5991.169921875,171.6937713623047,0.6650367379188538
1775570349080,1.0,0.0,5991.88525390625,171.85226440429688,0.6652778387069702
1775570349100,1.0,0.0,5993.03125,171.9796600341797,0.6655974388122559
1775570349120,1.0,0.0,5993.8916015625,172.16624450683594,0.6657996773719788
1775570349140,1.0,0.0,5994.896484375,172.33355712890625,0.666121244430542
1775570349160,1.0,0.0,5995.75830078125,172.48037719726562,0.6663630604743958
1775570349180,1.0,0.0,5996.90869140625,172.63780212402344,0.6666859984397888
1775570349200,1.0,0.0,5997.77197265625,172.7847442626953,0.6668872833251953
1775570349220,1.0,0.0,5998.4921875,172.9247589111328,0.6671296954154968
1775570349240,1.0,0.0,5999.6455078125,173.0907745361328,0.6674526929855347
1775570349260,1.0,0.0,6000.51123046875,173.25762939453125,0.6676955819129944
1775570349280,1.0,0.0,6001.6669921875,173.3936309814453,0.6680196523666382
1775570349300,1.0,0.0,6002.3896484375,173.55007934570312,0.6682634949684143
1775570349320,1.0,0.0,6003.2578125,173.69895935058594,0.6684679388999939
1775570349340,1.0,0.0,6004.41552734375,173.8313446044922,0.6687914133071899
1775570349360,1.0,0.0,6005.57421875,173.99037170410156,0.6691163182258606
1775570349380,1.0,0.0,6006.4443359375,174.13876342773438,0.6693191528320312
1775570349400,1.0,0.0,6007.4599609375,174.2522430419922,0.6696457266807556
1775570349420,1.0,0.0,6008.33154296875,174.40943908691406,0.669889509677887
1775570349440,1.0,0.0,6009.4951171875,174.5968475341797,0.6701757907867432
1775570349460,1.0,0.0,6010.22265625,174.73313903808594,0.6704199910163879
1775570349480,1.0,0.0,6011.3876953125,174.85983276367188,0.670746922492981
1775570349500,1.0,0.0,6012.26220703125,175.02288818359375,0.6709920763969421
1775570349520,1.0,0.0,6013.1376953125,175.15829467773438,0.6712380051612854
1775570349540,1.0,0.0,6014.15966796875,175.3079376220703,0.6715248227119446
1775570349560,1.0,0.0,6015.03662109375,175.4621124267578,0.6717708110809326
1775570349580,1.0,0.0,6016.20703125,175.5945281982422,0.6720982789993286
1775570349600,1.0,0.0,6016.939453125,175.7696533203125,0.6723035573959351
1775570349620,1.0,0.0,6018.111328125,175.89682006835938,0.6726323366165161
1775570349640,1.0,0.0,6018.9912109375,176.0086669921875,0.6728793978691101
1775570349660,1.0,0.0,6020.16552734375,176.1572265625,0.67316734790802
1775570349680,1.0,0.0,6020.900390625,176.31312561035156,0.6734139919281006
1775570349700,1.0,0.0,6022.076171875,176.45005798339844,0.6737440824508667
1775570349720,1.0,0.0,6022.958984375,176.60345458984375,0.6739501953125
1775570349740,1.0,0.0,6023.9892578125,176.74267578125,0.6742802262306213
1775570349760,1.0,0.0,6024.87255859375,176.8603515625,0.6745280027389526
1775570349780,1.0,0.0,6026.05224609375,176.98593139648438,0.6748174428939819
1775570349800,1.0,0.0,6026.78955078125,177.1183319091797,0.6750655770301819
1775570349820,0.9335999488830566,0.0,6027.97119140625,177.25784301757812,0.6753972768783569
1775570349840,0.8007999658584595,0.0,6028.7099609375,177.4239501953125,0.675646185874939
1775570349860,0.6484500169754028,0.0,6030.04150390625,177.5359649658203,0.675936222076416
1775570349880,0.5195500254631042,0.0,6030.78125,177.59788513183594,0.6761854290962219
1775570349900,0.40470001101493835,0.0,6031.81689453125,177.62782287597656,0.6764757037162781
1775570349920,0.2658500075340271,0.0,6032.70458984375,177.58485412597656,0.6767241954803467
1775570349940,0.14285001158714294,0.0,6033.88818359375,177.53854370117188,0.6770569682121277
1775570349960,0.04365000128746033,0.0,6034.77587890625,177.48455810546875,0.6773056983947754
1775570349980,0.0,0.0,6035.8115234375,177.42938232421875,0.6775959730148315
1775570350000,0.0,0.0,6036.69921875,177.38307189941406,0.6778448820114136
1775570350020,0.0,0.0,6037.58642578125,177.33236694335938,0.6780938506126404
1775570350040,0.04365000128746033,0.0,6038.62060546875,177.27809143066406,0.6784252524375916
1775570350060,0.10715001821517944,0.0,6039.802734375,177.233642578125,0.6787151098251343
1775570350080,0.1904500126838684,0.0,6040.68896484375,177.17984008789062,0.6789634227752686
1775570350100,0.31744998693466187,0.0,6041.86962890625,177.1179962158203,0.679253101348877
1775570350120,0.41659998893737793,0.0,6042.60693359375,177.06192016601562,0.6795017123222351
1775570350140,0.5234500169754028,0.0,6043.49169921875,176.99952697753906,0.6797498464584351
1775570350160,0.6172000169754028,0.0,6044.671875,177.30628967285156,0.6800808310508728
1775570350180,0.6836000084877014,0.0,6045.55908203125,177.57164001464844,0.680329442024231
1775570350200,0.7461000084877014,0.0,6046.59521484375,177.69383239746094,0.680620014667511
1775570350220,0.8085999488830566,0.0,6047.484375,177.7559356689453,0.6808686852455139
1775570350240,0.8710999488830566,0.0,6048.669921875,177.8135986328125,0.6812011003494263
1775570350260,0.9257999658584595,0.0,6049.55908203125,177.9202880859375,0.6814500689506531
1775570350280,0.9843499660491943,0.0,6050.59765625,178.061767578125,0.6817410588264465
1775570350300,1.0,0.0,6051.48828125,178.17225646972656,0.6819899082183838
1775570350320,1.0,0.0,6052.37939453125,178.3010711669922,0.6822404861450195
1775570350340,1.0,0.0,6053.56884765625,178.42982482910156,0.6825745105743408
1775570350360,1.0,0.0,6054.3125,178.52993774414062,0.6827813982963562
1775570350380,1.0,0.0,6055.50390625,178.65586853027344,0.6831592917442322
1775570350400,1.0,0.0,6056.54638671875,178.7745819091797,0.6833668351173401
1775570350420,1.0,0.0,6057.59033203125,178.88015747070312,0.6837005615234375
1775570350440,1.0,0.0,6058.4853515625,178.9983367919922,0.6839507818222046
1775570350460,1.0,0.0,6059.67919921875,179.10501098632812,0.6842435598373413
1775570350480,1.0,0.0,6060.42578125,179.20103454589844,0.6844945549964905
1775570350500,1.0,0.0,6061.322265625,179.30311584472656,0.6847463250160217
1775570350520,1.0,0.0,6062.517578125,179.4248504638672,0.685081422328949
1775570350540,1.0,0.0,6063.4150390625,179.52137756347656,0.6853313446044922
1775570350560,1.0,0.0,6064.6123046875,179.63327026367188,0.6856663823127747
1775570350580,1.0,0.0,6065.51025390625,179.74131774902344,0.6859192848205566
1775570350600,1.0,0.0,6066.40966796875,179.83932495117188,0.6861708164215088
1775570350620,1.0,0.0,6067.30908203125,179.93687438964844,0.6864227652549744
1775570350640,1.0,0.0,6068.50830078125,180.03878784179688,0.6867571473121643
1775570350660,1.0,0.0,6069.2578125,180.1387939453125,0.6870119571685791
1775570350680,1.0,0.0,6070.45849609375,180.26611328125,0.6873036623001099
1775570350700,1.0,0.0,6071.35986328125,180.38082885742188,0.68755704164505
1775570350720,1.0,0.0,6072.26123046875,180.46392822265625,0.687809944152832
1775570350740,1.0,0.0,6073.46435546875,180.58078002929688,0.6881456971168518
1775570350760,1.0,0.0,6074.36669921875,180.6984100341797,0.688398540019989
1775570350780,1.0,0.0,6075.5712890625,180.7946014404297,0.6887363195419312
1775570350800,1.0,0.0,6076.4755859375,180.8985595703125,0.6889886856079102
1775570350820,1.0,0.0,6077.3798828125,180.99871826171875,0.6892414093017578
1775570350840,1.0,0.0,6078.5869140625,181.08822631835938,0.689581036567688
1775570350860,1.0,0.0,6079.4921875,181.19070434570312,0.6898332834243774
1775570350880,1.0,0.0,6080.39794921875,181.2813262939453,0.6900884509086609
1775570350900,1.0,0.0,6081.60693359375,181.37588500976562,0.690425455570221
1775570350920,1.0,0.0,6082.513671875,181.4929656982422,0.6906376481056213
1775570350940,1.0,0.0,6083.72412109375,181.58436584472656,0.6910178065299988
1775570350960,1.0,0.0,6084.63232421875,181.65597534179688,0.6912731528282166
1775570350980,1.0,0.0,6085.54052734375,181.7491455078125,0.6915276646614075
1775570351000,1.0,0.0,6086.6005859375,181.84669494628906,0.6918236017227173
1775570351020,1.0,0.0,6087.51025390625,181.93031311035156,0.69207763671875
1775570351040,1.0,0.0,6088.419921875,182.01792907714844,0.6923333406448364
1775570351060,1.0,0.0,6089.78466796875,182.0905303955078,0.6926724314689636
1775570351080,1.0,0.0,6090.5439453125,182.15737915039062,0.6929266452789307
1775570351100,1.0,0.0,6091.455078125,182.2653045654297,0.6931828856468201
1775570351120,0.9882999658584595,0.0,6092.669921875,182.33721923828125,0.6935226321220398
1775570351140,0.9530999660491943,0.0,6093.58203125,182.40890502929688,0.6937771439552307
1775570351160,0.9140499830245972,0.0,6094.798828125,182.4912109375,0.6941150426864624
1775570351180,0.8593499660491943,0.0,6095.71142578125,182.55751037597656,0.6943737268447876
1775570351200,0.8125,0.0,6096.6240234375,182.60874938964844,0.6946289539337158
1775570351220,0.7538999915122986,0.0,6097.53662109375,182.6514129638672,0.6948840618133545
1775570351240,0.6952999830245972,0.0,6098.75439453125,182.68365478515625,0.6952239274978638
1775570351260,0.6484500169754028,0.0,6099.51611328125,182.6956024169922,0.6954794526100159
1775570351280,0.6093499660491943,0.0,6100.88671875,182.68572998046875,0.6957789659500122
1775570351300,0.5820499658584595,0.0,6101.64794921875,182.67501831054688,0.696033239364624
1775570351320,0.5741999745368958,0.0,6102.56103515625,182.66165161132812,0.6962900161743164
1775570351340,0.5702999830245972,0.0,6103.7783203125,182.64378356933594,0.6966301202774048
1775570351360,0.5820499658584595,0.0,6104.69091796875,182.612060546875,0.696885347366333
1775570351380,0.5898500084877014,0.0,6105.755859375,182.5895233154297,0.6971396803855896
1775570351400,0.6093499660491943,0.0,6106.8212890625,182.5680694580078,0.697479784488678
1775570351420,0.6327999830245972,0.0,6107.73388671875,182.5448455810547,0.6977383494377136
1775570351440,0.65625,0.0,6108.646484375,182.5363311767578,0.6979938745498657
1775570351460,0.6875,0.0,6110.015625,182.52630615234375,0.6983316540718079
1775570351480,0.7343499660491943,0.0,6110.77587890625,182.51974487304688,0.6985875964164734
1775570351500,0.7734500169754028,0.0,6111.6884765625,182.51634216308594,0.6988435387611389
1775570351520,0.8125,0.0,6112.60107421875,182.52902221679688,0.6990982890129089
1775570351540,0.8398499488830566,0.0,6113.970703125,182.55337524414062,0.6994807720184326
1775570351560,0.8554500341415405,0.0,6114.7314453125,182.5870819091797,0.6997359395027161
1775570351580,0.8593499660491943,0.0,6116.10205078125,182.63035583496094,0.7000784277915955
1775570351600,0.8515499830245972,0.0,6117.01611328125,182.66233825683594,0.7002914547920227
1775570351620,0.8476499915122986,0.0,6117.77734375,182.68939208984375,0.7005908489227295
1775570351640,0.8398499488830566,0.0,6118.99609375,182.7312774658203,0.7008868455886841
1775570351660,0.8242000341415405,0.0,6120.0625,182.75978088378906,0.701185405254364
1775570351680,0.8125,0.0,6120.9765625,182.77120971679688,0.7013975381851196
1775570351700,0.8085999488830566,0.0,6122.1953125,182.80636596679688,0.7017390131950378
1775570351720,0.8085999488830566,0.0,6123.10986328125,182.84283447265625,0.7020369172096252
1775570351740,0.8085999488830566,0.0,6124.02392578125,182.85646057128906,0.7022923827171326
1775570351760,0.8125,0.0,6125.24267578125,182.86619567871094,0.7026340961456299
1775570351780,0.8125,0.0,6126.15673828125,182.88751220703125,0.7028911709785461
1775570351800,0.8125,0.0,6127.0712890625,182.90802001953125,0.7031444311141968
1775570351820,0.8125,0.0,6127.9853515625,182.93023681640625,0.7034030556678772
1775570351840,0.8125,0.0,6129.2041015625,182.94862365722656,0.7037428021430969
1775570351860,0.8047000169754028,0.0,6129.96630859375,182.9642791748047,0.7039994597434998
1775570351880,0.8007999658584595,0.0,6131.33935546875,182.98756408691406,0.7043396234512329
1775570351900,0.8007999658584595,0.0,6132.2548828125,183.00758361816406,0.7045962810516357
1775570351920,0.7968499660491943,0.0,6133.17041015625,183.02976989746094,0.7048521637916565
1775570351940,0.7929500341415405,0.0,6134.39111328125,183.04598999023438,0.7051941752433777
1775570351960,0.7890499830245972,0.0,6135.306640625,183.063720703125,0.7054513692855835
1775570351980,0.7851499915122986,0.0,6136.22216796875,183.0654296875,0.705706775188446
1775570352000,0.7773499488830566,0.0,6137.44287109375,183.07962036132812,0.7060062289237976
1775570352020,0.7655999660491943,0.0,6138.35791015625,183.08839416503906,0.7063040733337402
1775570352040,0.7617000341415405,0.0,6139.2734375,183.09783935546875,0.7065600156784058
1775570352060,0.7538999915122986,0.0,6140.494140625,183.11326599121094,0.7069027423858643
1775570352080,0.7422000169754028,0.0,6141.40966796875,183.11068725585938,0.7071593403816223
1775570352100,0.7343499660491943,0.0,6142.47802734375,183.10643005371094,0.7074142694473267
1775570352120,0.7265499830245972,0.0,6143.2412109375,183.11529541015625,0.7076713442802429
1775570352140,0.71875,0.0,6144.4619140625,183.12013244628906,0.7080124020576477
1775570352160,0.7070499658584595,0.0,6145.37744140625,183.11509704589844,0.7082703113555908
1775570352180,0.6952999830245972,0.0,6146.59814453125,183.10736083984375,0.7086122035980225
1775570352200,0.6913999915122986,0.0,6147.513671875,183.1014404296875,0.708867609500885
1775570352220,0.7030999660491943,0.0,6148.42919921875,183.0921630859375,0.7091246843338013
1775570352240,0.7226499915122986,0.0,6149.3447265625,183.07838439941406,0.7093814015388489
1775570352260,0.7538999915122986,0.0,6150.71826171875,183.0800323486328,0.7097212672233582
1775570352280,0.7890499830245972,0.0,6151.4814453125,183.0771484375,0.7099788188934326
1775570352300,0.8359500169754028,0.0,6152.39697265625,183.0921173095703,0.7102351784706116
1775570352320,0.8867000341415405,0.0,6153.61767578125,183.110107421875,0.7105773687362671
1775570352340,0.9530999660491943,0.0,6154.533203125,183.13870239257812,0.7108333110809326
1775570352360,1.0,0.0,6155.44873046875,183.19528198242188,0.7110896706581116
1775570352380,1.0,0.0,6156.669921875,183.2561798095703,0.7114335894584656
1775570352400,1.0,0.0,6157.5869140625,183.31170654296875,0.7116891145706177
1775570352420,1.0,0.0,6158.50390625,183.38287353515625,0.7119467854499817
1775570352440,1.0,0.0,6159.7265625,183.4576416015625,0.712289035320282
1775570352460,1.0,0.0,6160.337890625,183.5227813720703,0.7125034332275391
1775570352480,1.0,0.0,6161.8681640625,183.57196044921875,0.7128889560699463
1775570352500,1.0,0.0,6162.78662109375,183.6411590576172,0.7131462693214417
1775570352520,1.0,0.0,6163.705078125,183.71218872070312,0.7134040594100952
1775570352540,1.0,0.0,6164.9296875,183.7803955078125,0.7137467265129089
1775570352560,1.0,0.0,6166.001953125,183.84043884277344,0.7140053510665894
1775570352580,1.0,0.0,6166.7685546875,183.89698791503906,0.7142623066902161
1775570352600,1.0,0.0,6167.9951171875,183.97122192382812,0.7146067023277283
1775570352620,1.0,0.0,6168.9150390625,184.02774047851562,0.7148644924163818
1775570352640,1.0,0.0,6169.8349609375,184.0821075439453,0.715121865272522
1775570352660,1.0,0.0,6171.0625,184.14100646972656,0.7154658436775208
1775570352680,1.0,0.0,6171.98388671875,184.203857421875,0.7157240509986877
1775570352700,1.0,0.0,6172.9052734375,184.26907348632812,0.7159825563430786
1775570352720,1.0,0.0,6173.82666015625,184.34092712402344,0.7162411212921143
1775570352740,1.0,0.0,6175.05517578125,184.39295959472656,0.716585099697113
1775570352760,1.0,0.0,6175.9775390625,184.4622039794922,0.7168441414833069
1775570352780,1.0,0.0,6177.2080078125,184.5322265625,0.7171891927719116
1775570352800,1.0,0.0,6178.130859375,184.5961456298828,0.7174479961395264
1775570352820,1.0,0.0,6179.0537109375,184.6522216796875,0.7177068591117859
1775570352840,1.0,0.0,6180.130859375,184.75013732910156,0.7180522084236145
1775570352860,1.0,0.0,6181.208984375,184.84400939941406,0.7183109521865845
1775570352880,1.0,0.0,6181.9794921875,184.8999786376953,0.7185702323913574
1775570352900,1.0,0.0,6183.36669921875,184.97007751464844,0.718873143196106
1775570352920,1.0,0.0,6184.2919921875,185.0549774169922,0.7191759943962097
1775570352940,1.0,0.0,6185.2177734375,185.13925170898438,0.7194364666938782
1775570352960,1.0,0.0,6186.4521484375,185.21218872070312,0.7197389006614685
1775570352980,1.0,0.0,6187.3779296875,185.26939392089844,0.719998836517334
1775570353000,1.0,0.0,6188.14990234375,185.352294921875,0.7202592492103577
1775570353020,1.0,0.0,6189.38623046875,185.46774291992188,0.7206056714057922
1775570353040,1.0,0.0,6190.3134765625,185.55081176757812,0.720908522605896
1775570353060,1.0,0.0,6191.55078125,185.613525390625,0.7212146520614624
1775570353080,1.0,0.0,6192.4794921875,185.7024688720703,0.72147536277771
1775570353100,1.0,0.0,6193.408203125,185.78634643554688,0.7217344045639038
1775570353120,1.0,0.0,6194.3369140625,185.86395263671875,0.7219967246055603
1775570353140,1.0,0.0,6195.576171875,185.95811462402344,0.7223454713821411
1775570353160,1.0,0.0,6196.505859375,186.0394744873047,0.7226501703262329
1775570353180,1.0,0.0,6197.5908203125,186.11642456054688,0.7229103446006775
1775570353200,1.0,0.0,6198.6767578125,186.20770263671875,0.7232157588005066
1775570353220,1.0,0.0,6199.60791015625,186.28907775878906,0.7234776020050049
1775570353240,1.0,0.0,6200.53955078125,186.3860626220703,0.7237381339073181
1775570353260,1.0,0.0,6201.9375,186.4915008544922,0.7240879535675049
1775570353280,1.0,0.0,6202.71484375,186.5816650390625,0.7243509292602539
1775570353300,1.0,0.0,6203.958984375,186.65219116210938,0.7247015237808228
1775570353320,1.0,0.0,6204.89208984375,186.75711059570312,0.7249619364738464
1775570353340,1.0,0.0,6205.826171875,186.86495971679688,0.7252696752548218
1775570353360,1.0,0.0,6207.072265625,186.94888305664062,0.7255741357803345
1775570353380,1.0,0.0,6208.0068359375,187.043212890625,0.7258391380310059
1775570353400,1.0,0.0,6208.94189453125,187.14712524414062,0.7261002659797668
1775570353420,1.0,0.0,6209.8779296875,187.22412109375,0.7263625860214233
1775570353440,1.0,0.0,6211.1259765625,187.32778930664062,0.7267132997512817
1775570353460,1.0,0.0,6212.0625,187.4392852783203,0.7269763946533203
1775570353480,1.0,0.0,6213.3125,187.52374267578125,0.7273277044296265
1775570353500,1.0,0.0,6214.25,187.61285400390625,0.7275914549827576
1775570353520,1.0,0.0,6215.1884765625,187.726806640625,0.7278523445129395
1775570353540,1.0,0.0,6216.4404296875,187.81985473632812,0.7282077074050903
1775570353560,1.0,0.0,6217.37939453125,187.91929626464844,0.7284718751907349
1775570353580,1.0,0.0,6218.31884765625,188.01025390625,0.7287339568138123
1775570353600,1.0,0.0,6219.57275390625,188.09902954101562,0.7290876507759094
1775570353620,1.0,0.0,6220.51318359375,188.20021057128906,0.7293081879615784
1775570353640,1.0,0.0,6221.45458984375,188.302734375,0.7296165823936462
1775570353660,1.0,0.0,6222.71044921875,188.3946990966797,0.7299667000770569
1775570353680,1.0,0.0,6223.65234375,188.50218200683594,0.7302335500717163
1775570353700,1.0,0.0,6224.9091796875,188.5998992919922,0.7305434942245483
1775570353720,1.0,0.0,6225.8525390625,188.6788330078125,0.7308056354522705
1775570353740,1.0,0.0,6226.7958984375,188.78329467773438,0.7311166524887085
1775570353760,1.0,0.0,6227.58251953125,188.90072631835938,0.7313845157623291
1775570353780,1.0,0.0,6229.0,188.9906005859375,0.7316932678222656
1775570353800,1.0,0.0,6229.7880859375,189.08700561523438,0.7320012450218201
1775570353820,1.0,0.0,6230.73388671875,189.17730712890625,0.7322239875793457
1775570353840,1.0,0.0,6231.99560546875,189.2774200439453,0.7326251864433289
1775570353860,1.0,0.0,6232.94189453125,189.384521484375,0.7328430414199829
1775570353880,1.0,0.0,6234.205078125,189.48570251464844,0.7331995368003845
1775570353900,1.0,0.0,6235.15283203125,189.57041931152344,0.733465313911438
1775570353920,1.0,0.0,6236.10107421875,189.6826171875,0.7337328195571899
1775570353940,1.0,0.0,6237.3662109375,189.7794952392578,0.7340860962867737
1775570353960,1.0,0.0,6238.3154296875,189.86004638671875,0.7343538999557495
1775570353980,1.0,0.0,6239.4228515625,189.95822143554688,0.7346228361129761
1775570354000,1.0,0.0,6240.53125,190.06802368164062,0.7349805235862732
1775570354020,1.0,0.0,6241.48193359375,190.16346740722656,0.7352450489997864
1775570354040,1.0,0.0,6242.4326171875,190.2684783935547,0.7355133891105652
1775570354060,1.0,0.0,6243.8603515625,190.36822509765625,0.7358686327934265
1775570354080,1.0,0.0,6244.65380859375,190.4558868408203,0.7361355423927307
1775570354100,1.0,0.0,6245.92333984375,190.56333923339844,0.7364977598190308
1775570354120,1.0,0.0,6246.876953125,190.66656494140625,0.736763596534729
1775570354140,1.0,0.0,6247.83056640625,190.75677490234375,0.7370307445526123
1775570354160,1.0,0.0,6249.10205078125,190.8600311279297,0.7373905777931213
1775570354180,1.0,0.0,6249.89794921875,190.95777893066406,0.7376584410667419
1775570354200,1.0,0.0,6251.17138671875,191.04913330078125,0.7379710674285889
1775570354220,1.0,0.0,6252.12646484375,191.15419006347656,0.7382416725158691
1775570354240,1.0,0.0,6253.08251953125,191.24037170410156,0.7385548949241638
1775570354260,1.0,0.0,6254.357421875,191.33087158203125,0.7388706207275391
1775570354280,1.0,0.0,6255.314453125,191.443359375,0.7391389012336731
1775570354300,1.0,0.0,6256.2724609375,191.55389404296875,0.7394083142280579
1775570354320,1.0,0.0,6257.5498046875,191.62850952148438,0.7397673726081848
1775570354340,1.0,0.0,6258.34814453125,191.72813415527344,0.7400383949279785
1775570354360,1.0,0.0,6259.7861328125,191.82864379882812,0.7403557896614075
1775570354380,1.0,0.0,6260.58544921875,191.89761352539062,0.7406214475631714
1775570354400,1.0,0.0,6261.544921875,191.99935913085938,0.7408949732780457
1775570354420,1.0,0.0,6262.50537109375,192.1151123046875,0.7411643266677856
1775570354440,1.0,0.0,6263.78662109375,192.2184600830078,0.7415231466293335
1775570354460,1.0,0.0,6265.06787109375,192.31280517578125,0.7418859601020813
1775570354480,1.0,0.0,6266.0302734375,192.39288330078125,0.7421566843986511
1775570354500,1.0,0.0,6266.99267578125,192.48719787597656,0.7424265146255493
1775570354520,1.0,0.0,6267.955078125,192.60105895996094,0.7426996231079102
1775570354540,1.0,0.0,6269.0791015625,192.6977081298828,0.7430594563484192
1775570354560,1.0,0.0,6270.3642578125,192.77540588378906,0.7433763146400452
1775570354580,1.0,0.0,6271.328125,192.87001037597656,0.7436484098434448
1775570354600,1.0,0.0,6272.29296875,192.97442626953125,0.7439221143722534
1775570354620,1.0,0.0,6273.2578125,193.05612182617188,0.7441919445991516
1775570354640,1.0,0.0,6274.544921875,193.14634704589844,0.744556725025177
1775570354660,1.0,0.0,6275.51025390625,193.25022888183594,0.7448247671127319
1775570354680,1.0,0.0,6276.79931640625,193.3451690673828,0.7451873421669006
1775570354700,1.0,0.0,6277.76611328125,193.43228149414062,0.7454631924629211
1775570354720,1.0,0.0,6278.73291015625,193.5269317626953,0.7457323670387268
1775570354740,1.0,0.0,6280.02392578125,193.62176513671875,0.7460948824882507
1775570354760,1.0,0.0,6280.9921875,193.70806884765625,0.7463669180870056
1775570354780,1.0,0.0,6281.96044921875,193.80152893066406,0.746641993522644
1775570354800,1.0,0.0,6283.2529296875,193.876953125,0.7470033168792725
1775570354820,1.0,0.0,6284.22265625,193.97230529785156,0.7472323179244995
1775570354840,1.0,0.0,6285.1923828125,194.061279296875,0.7475464940071106
1775570354860,1.0,0.0,6286.48681640625,194.154541015625,0.7479134202003479
1775570354880,1.0,0.0,6287.4580078125,194.26185607910156,0.7481858730316162
1775570354900,1.0,0.0,6288.75341796875,194.3483123779297,0.748500645160675
1775570354920,1.0,0.0,6289.7255859375,194.4274139404297,0.7488211989402771
1775570354940,1.0,0.0,6290.6982421875,194.52508544921875,0.7490943074226379
1775570354960,1.0,0.0,6291.9951171875,194.62648010253906,0.7494614124298096
1775570354980,1.0,0.0,6292.96826171875,194.70437622070312,0.7497323751449585
1775570355000,1.0,0.0,6293.9423828125,194.78831481933594,0.7500057816505432
1775570355020,1.0,0.0,6294.91650390625,194.8768768310547,0.7502778172492981
1775570355040,1.0,0.0,6296.05322265625,194.96336364746094,0.7506412863731384
1775570355060,1.0,0.0,6297.19091796875,195.06809997558594,0.7509153485298157
1775570355080,1.0,0.0,6298.16650390625,195.15481567382812,0.7511910200119019
1775570355100,1.0,0.0,6299.46728515625,195.2263946533203,0.7515562772750854
1775570355120,1.0,0.0,6300.44384765625,195.31443786621094,0.7517827749252319
1775570355140,1.0,0.0,6301.42041015625,195.39791870117188,0.7521002888679504
1775570355160,1.0,0.0,6302.72314453125,195.47454833984375,0.752469003200531
1775570355180,1.0,0.0,6303.70068359375,195.57614135742188,0.7527420520782471
1775570355200,1.0,0.0,6304.67919921875,195.676025390625,0.7530158162117004
1775570355220,1.0,0.0,6305.65771484375,195.75372314453125,0.7532907724380493
1775570355240,1.0,0.0,6306.962890625,195.83213806152344,0.7536559700965881
1775570355260,1.0,0.0,6307.94287109375,195.91433715820312,0.7539302110671997
1775570355280,1.0,0.0,6308.9228515625,196.0022430419922,0.7542541027069092
1775570355300,1.0,0.0,6310.2294921875,196.09121704101562,0.7545708417892456
1775570355320,1.0,0.0,6311.20947265625,196.17666625976562,0.7548489570617676
1775570355340,1.0,0.0,6312.51806640625,196.25083923339844,0.755213737487793
1775570355360,1.0,0.0,6313.49951171875,196.3323974609375,0.7554903030395508
1775570355380,1.0,0.0,6314.48095703125,196.4139862060547,0.7557622790336609
1775570355400,1.0,0.0,6315.79052734375,196.48155212402344,0.756131649017334
1775570355420,1.0,0.0,6316.7734375,196.56788635253906,0.7564089894294739
1775570355440,1.0,0.0,6317.75634765625,196.65597534179688,0.756730318069458
1775570355460,1.0,0.0,6319.0673828125,196.71788024902344,0.7570510506629944
1775570355480,1.0,0.0,6320.05126953125,196.80935668945312,0.7573283910751343
1775570355500,1.0,0.0,6321.03564453125,196.90187072753906,0.7576039433479309
1775570355520,1.0,0.0,6322.0205078125,196.9750518798828,0.7578797340393066
1775570355540,1.0,0.0,6323.333984375,197.075927734375,0.758246898651123
1775570355560,1.0,0.0,6324.48388671875,197.1560516357422,0.7585694193840027
1775570355580,1.0,0.0,6325.4697265625,197.2286834716797,0.7588457465171814
1775570355600,1.0,0.0,6326.7841796875,197.3046417236328,0.7591675519943237
1775570355620,1.0,0.0,6327.77099609375,197.3936767578125,0.7594919204711914
1775570355640,1.0,0.0,6328.75830078125,197.4605255126953,0.7597695589065552
1775570355660,1.0,0.0,6330.07470703125,197.54647827148438,0.7601378560066223
1775570355680,1.0,0.0,6331.0625,197.6278839111328,0.7604164481163025
1775570355700,1.0,0.0,6332.05126953125,197.70310974121094,0.7606927752494812
1775570355720,1.0,0.0,6333.20458984375,197.7860870361328,0.7610630989074707
1775570355740,1.0,0.0,6334.35888671875,197.86419677734375,0.7613376379013062
1775570355760,1.0,0.0,6335.34814453125,197.93118286132812,0.7616156935691833
1775570355780,1.0,0.0,6336.50341796875,198.01792907714844,0.7618953585624695
1775570355800,1.0,0.0,6337.65869140625,198.1038818359375,0.7622654438018799
1775570355820,1.0,0.0,6338.64892578125,198.16595458984375,0.7625426054000854
1775570355840,1.0,0.0,6339.640625,198.2499542236328,0.7628676295280457
1775570355860,1.0,0.0,6340.79736328125,198.33685302734375,0.7631463408470154
1775570355880,1.0,0.0,6342.1201171875,198.40415954589844,0.7635149955749512
1775570355900,1.0,0.0,6342.94677734375,198.475341796875,0.7637484073638916
1775570355920,1.0,0.0,6344.10546875,198.55845642089844,0.7641193866729736
1775570355940,1.0,0.0,6345.4296875,198.63128662109375,0.7643975019454956
1775570355960,1.0,0.0,6346.25732421875,198.69740295410156,0.7646766304969788
1775570355980,1.0,0.0,6347.58154296875,198.7748260498047,0.7650476694107056
1775570356000,1.0,0.0,6348.57568359375,198.8367462158203,0.7653259634971619
1775570356020,1.0,0.0,6349.56982421875,198.9091033935547,0.7656053900718689
1775570356040,1.0,0.0,6351.06201171875,198.98895263671875,0.7659773826599121
1775570356060,1.0,0.0,6351.89111328125,199.06422424316406,0.7662563323974609
1775570356080,1.0,0.0,6353.052734375,199.1420135498047,0.7665810585021973
1775570356100,1.0,0.0,6354.048828125,199.20687866210938,0.7668614983558655
1775570356120,1.0,0.0,6355.044921875,199.28050231933594,0.7671405076980591
1775570356140,1.0,0.0,6356.373046875,199.35049438476562,0.7675138711929321
1775570356160,1.0,0.0,6357.36962890625,199.40122985839844,0.7677923440933228
1775570356180,1.0,0.0,6358.69970703125,199.4706573486328,0.7681660652160645
1775570356200,1.0,0.0,6359.69775390625,199.55418395996094,0.7684459686279297
1775570356220,1.0,0.0,6360.6953125,199.63331604003906,0.768725574016571
1775570356240,1.0,0.0,6362.02734375,199.7056884765625,0.7690986394882202
1775570356260,1.0,0.0,6363.19287109375,199.7843780517578,0.7693788409233093
1775570356280,1.0,0.0,6364.025390625,199.85398864746094,0.7696592807769775
1775570356300,1.0,0.0,6365.0244140625,199.91148376464844,0.7699396014213562
1775570356320,1.0,0.0,6366.0234375,199.9936981201172,0.7702198624610901
1775570356340,1.0,0.0,6367.35693359375,200.0674285888672,0.7706407904624939
1775570356360,1.0,0.0,6368.357421875,200.1180877685547,0.7709211111068726
1775570356380,1.0,0.0,6369.8583984375,200.18179321289062,0.7712951302528381
1775570356400,1.0,0.0,6370.85888671875,200.26292419433594,0.7715758085250854
1775570356420,1.0,0.0,6371.86083984375,200.32444763183594,0.7718572616577148
1775570356440,1.0,0.0,6372.86279296875,200.39846801757812,0.7721375823020935
1775570356460,1.0,0.0,6374.36572265625,200.46742248535156,0.7725127935409546
1775570356480,1.0,0.0,6375.20068359375,200.53530883789062,0.7727937698364258
1775570356500,1.0,0.0,6376.2041015625,200.60977172851562,0.7730754017829895
1775570356520,1.0,0.0,6377.20751953125,200.6683349609375,0.7733561396598816
1775570356540,1.0,0.0,6378.54541015625,200.73025512695312,0.7737310528755188
1775570356560,1.0,0.0,6379.548828125,200.78759765625,0.7740126848220825
1775570356580,1.0,0.0,6380.88720703125,200.86192321777344,0.7743867039680481
1775570356600,1.0,0.0,6382.0595703125,200.93446350097656,0.7746716141700745
1775570356620,1.0,0.0,6382.89697265625,201.001708984375,0.774952232837677
1775570356640,1.0,0.0,6384.404296875,201.06654357910156,0.7753279805183411
1775570356660,1.0,0.0,6385.24169921875,201.11793518066406,0.7756576538085938
1775570356680,1.0,0.0,6386.4150390625,201.18540954589844,0.7759395241737366
1775570356700,1.0,0.0,6387.75634765625,201.2600860595703,0.7762669920921326
1775570356720,1.0,0.0,6388.76318359375,201.31959533691406,0.7765504717826843
1775570356740,1.0,0.0,6389.77001953125,201.38482666015625,0.7768797874450684
1775570356760,1.0,0.0,6391.1123046875,201.452880859375,0.77725750207901
1775570356780,1.0,0.0,6392.1201171875,201.51046752929688,0.7775388360023499
1775570356800,1.0,0.0,6393.1279296875,201.57301330566406,0.7778220176696777
1775570356820,1.0,0.0,6394.1357421875,201.65054321289062,0.7781044244766235
1775570356840,1.0,0.0,6395.3115234375,201.7013702392578,0.7784346342086792
1775570356860,1.0,0.0,6396.3203125,201.76832580566406,0.7787650227546692
1775570356880,1.0,0.0,6397.66552734375,201.83648681640625,0.779095470905304
1775570356900,1.0,0.0,6398.6748046875,201.88858032226562,0.779378354549408
1775570356920,1.0,0.0,6399.6845703125,201.94923400878906,0.7796610593795776
1775570356940,1.0,0.0,6401.03076171875,202.02365112304688,0.7800403237342834
1775570356960,1.0,0.0,6402.04150390625,202.07322692871094,0.7803246378898621
1775570356980,1.0,0.0,6403.220703125,202.12803649902344,0.7806077599525452
1775570357000,1.0,0.0,6404.39990234375,202.19642639160156,0.7809861302375793
1775570357020,1.0,0.0,6405.41064453125,202.25424194335938,0.7812696695327759
1775570357040,1.0,0.0,6406.75927734375,202.3206787109375,0.781649112701416
1775570357060,1.0,0.0,6407.771484375,202.383544921875,0.7819319367408752
1775570357080,1.0,0.0,6408.78369140625,202.4370880126953,0.7822167277336121
1775570357100,1.0,0.0,6409.96533203125,202.49659729003906,0.7825485467910767
1775570357120,1.0,0.0,6410.9775390625,202.56552124023438,0.7828316688537598
1775570357140,1.0,0.0,6412.32861328125,202.61624145507812,0.7832095623016357
1775570357160,1.0,0.0,6413.51123046875,202.67758178710938,0.7834963202476501
1775570357180,1.0,0.0,6414.52490234375,202.7403564453125,0.7837795615196228
1775570357200,1.0,0.0,6415.70751953125,202.7901153564453,0.7841597199440002
1775570357220,1.0,0.0,6416.72119140625,202.8433074951172,0.7844442129135132
1775570357240,1.0,0.0,6417.7353515625,202.90879821777344,0.7847772240638733
1775570357260,1.0,0.0,6418.75,202.96517944335938,0.7850139141082764
1775570357280,1.0,0.0,6420.103515625,203.0318145751953,0.7853920459747314
1775570357300,1.0,0.0,6421.11865234375,203.09339904785156,0.7856775522232056
1775570357320,1.0,0.0,6422.13427734375,203.14976501464844,0.7859628796577454
1775570357340,1.0,0.0,6423.48876953125,203.2131805419922,0.7863427996635437
1775570357360,1.0,0.0,6424.50537109375,203.26539611816406,0.7866278290748596
1775570357380,1.0,0.0,6425.52197265625,203.31707763671875,0.7869142889976501
1775570357400,1.0,0.0,6426.87744140625,203.38523864746094,0.7872946858406067
1775570357420,1.0,0.0,6427.89404296875,203.44749450683594,0.7875808477401733
1775570357440,1.0,0.0,6428.91162109375,203.49642944335938,0.7879118323326111
1775570357460,1.0,0.0,6430.43798828125,203.55197143554688,0.788292407989502
1775570357480,1.0,0.0,6431.4560546875,203.60781860351562,0.7885785102844238
1775570357500,1.0,0.0,6432.474609375,203.66477966308594,0.7888647317886353
1775570357520,1.0,0.0,6433.49267578125,203.7152099609375,0.7891499996185303
1775570357540,1.0,0.0,6434.85107421875,203.7816925048828,0.7895313501358032
1775570357560,1.0,0.0,6435.87060546875,203.83021545410156,0.7898170948028564
1775570357580,1.0,0.0,6437.06005859375,203.8719940185547,0.790103018283844
1775570357600,1.0,0.0,6438.24951171875,203.9305877685547,0.7904834747314453
1775570357620,1.0,0.0,6439.26904296875,203.97438049316406,0.7907714247703552
1775570357640,1.0,0.0,6440.28857421875,204.02511596679688,0.7911053895950317
1775570357660,1.0,0.0,6441.8193359375,204.08840942382812,0.7914854288101196
1775570357680,1.0,0.0,6442.83984375,204.1419219970703,0.7917726635932922
1775570357700,1.0,0.0,6443.86083984375,204.2021026611328,0.7920592427253723
1775570357720,1.0,0.0,6444.8818359375,204.26405334472656,0.7923449873924255
1775570357740,1.0,0.0,6446.24365234375,204.3137664794922,0.792726457118988
1775570357760,1.0,0.0,6447.265625,204.3613739013672,0.7930141687393188
1775570357780,1.0,0.0,6448.2880859375,204.4272918701172,0.7933005094528198
1775570357800,1.0,0.0,6449.310546875,204.47225952148438,0.7935853004455566
1775570357820,1.0,0.0,6450.3330078125,204.53744506835938,0.7938734292984009
1775570357840,1.0,0.0,6451.86669921875,204.5812225341797,0.7943042516708374
1775570357860,1.0,0.0,6452.71875,204.6193084716797,0.7945896983146667
1775570357880,0.7773499488830566,0.0,6454.25390625,204.67764282226562,0.7949731945991516
1775570357900,0.3769499957561493,0.0,6455.27783203125,204.68936157226562,0.7952600717544556
1775570357920,0.0,0.0,6456.3017578125,204.65016174316406,0.7955471873283386
1775570357940,0.0,0.0,6457.3251953125,204.53733825683594,0.7958816885948181
1775570357960,0.0,0.0,6458.6884765625,204.396240234375,0.7962175011634827
1775570357980,0.0,0.0,6459.880859375,204.27224731445312,0.7965505123138428
1775570358000,0.0,0.0,6460.90185546875,204.12786865234375,0.796837568283081
1775570358020,0.0,0.0,6461.92236328125,203.98077392578125,0.7971219420433044
1775570358040,0.0,0.0,6463.28173828125,203.855224609375,0.7975055575370789
1775570358060,0.0,0.0135622788220644,6463.9609375,203.70175170898438,0.7977437376976013
1775570358080,0.0,0.3796517848968506,6465.318359375,203.5089569091797,0.7980759143829346
1775570358100,0.0,1.0,6466.33544921875,203.1056365966797,0.7984085083007812
1775570358120,0.0,1.0,6467.51904296875,202.28834533691406,0.7986922860145569
1775570358140,0.0,1.0,6468.86572265625,201.3664093017578,0.7990705966949463
1775570358160,0.0,1.0,6469.87060546875,200.5384063720703,0.7993524670600891
1775570358180,0.0,1.0,6470.87109375,199.5426788330078,0.7996324300765991
1775570358200,0.0,1.0,6472.1982421875,198.5397186279297,0.8000071048736572
1775570358220,0.0,0.9446408748626709,6473.1884765625,197.68411254882812,0.8002844452857971
1775570358240,0.0,1.0,6474.17431640625,196.6512908935547,0.8006063103675842
1775570358260,0.0,1.0,6475.6455078125,195.6536102294922,0.8009719848632812
1775570358280,0.0,1.0,6476.62109375,194.80133056640625,0.8012465834617615
1775570358300,0.0,1.0,6477.59228515625,193.77096557617188,0.8015188574790955
1775570358320,0.0,1.0,6478.55908203125,192.77406311035156,0.8017902970314026
1775570358340,0.0,1.0,6479.8427734375,191.93875122070312,0.8021504878997803
1775570358360,0.0,1.0,6480.9599609375,190.96444702148438,0.8024197816848755
1775570358380,0.0,1.0,6481.75439453125,190.0501708984375,0.8026858568191528
1775570358400,0.0,1.0,6482.86279296875,189.2676544189453,0.8029962778091431
1775570358420,0.0,1.0,6483.80908203125,188.37440490722656,0.8032602667808533
1775570358440,0.0,1.0,6485.06396484375,187.4878692626953,0.8036127090454102
1775570358460,0.0,1.0,6486.0009765625,186.7507781982422,0.8038755059242249
1775570358480,0.0,1.0,6487.08935546875,185.82090759277344,0.8041361570358276
1775570358500,0.0,1.0,6488.171875,184.82191467285156,0.8044837117195129
1775570358520,0.0,1.0,6489.24853515625,183.95074462890625,0.804786205291748
1775570358540,0.0,1.0,6490.1669921875,182.8986053466797,0.8050433397293091
1775570358560,0.0,1.0,6491.08056640625,181.81150817871094,0.8052981495857239
1775570358580,0.0,1.0,6492.29052734375,180.8839111328125,0.8056372404098511
1775570358600,0.0,1.0,6493.19287109375,179.826904296875,0.8058904409408569
1775570358620,0.0,1.0,6494.0908203125,178.7750244140625,0.8061419725418091
1775570358640,0.0,1.0,6494.984375,177.82443237304688,0.8064348697662354
1775570358660,0.0,1.0,6496.31591796875,176.81614685058594,0.8067252039909363
1775570358680,0.0,1.0,6497.1982421875,175.7189178466797,0.8069716095924377
1775570358700,0.0,1.0,6498.0751953125,174.81869506835938,0.8072581887245178
1775570358720,0.0,1.0,6498.9482421875,173.82310485839844,0.8075032234191895
1775570358740,0.0,1.0,6500.10546875,172.78553771972656,0.8078276515007019
1775570358760,0.0,1.0,6500.96826171875,171.92698669433594,0.8080701231956482
1775570358780,0.0,1.0,6501.82666015625,170.9407958984375,0.8083109259605408
1775570358800,0.0,1.0,6502.96533203125,169.9745635986328,0.8086293339729309
1775570358820,0.0,1.0,6503.81494140625,169.1159210205078,0.8088667988777161
1775570358840,0.0,1.0,6504.66015625,168.15170288085938,0.8091431856155396
1775570358860,0.0,1.0,6505.5009765625,167.3103790283203,0.8093789219856262
1775570358880,0.0,1.0,6506.75439453125,166.27508544921875,0.8096915483474731
1775570358900,0.0,1.0,6507.58447265625,165.2356414794922,0.8099230527877808
1775570358920,0.0,1.0,6508.4091796875,164.25230407714844,0.8101539611816406
1775570358940,0.0,1.0,6509.5029296875,163.37408447265625,0.8104605674743652
1775570358960,0.0,1.0,6510.3173828125,162.37681579589844,0.8106886744499207
1775570358980,0.0,1.0,6511.3974609375,161.4345245361328,0.8109914660453796
1775570359000,0.0,1.0,6511.93505859375,160.62222290039062,0.8111428618431091
1775570359020,0.0,1.0,6513.00439453125,159.65911865234375,0.8114420771598816
1775570359040,0.0,1.0,6513.80126953125,158.69522094726562,0.8117023706436157
1775570359060,0.0,1.0,6514.59423828125,157.89056396484375,0.8118879199028015
1775570359080,0.0,1.0,6515.64599609375,156.9326629638672,0.8121808171272278
1775570359100,0.0,1.0,6516.56005859375,155.95411682128906,0.8124386668205261
1775570359120,0.0,1.0,6517.3388671875,155.11480712890625,0.8126566410064697
1775570359140,0.0,1.0,6518.2421875,154.0714569091797,0.8129457235336304
1775570359160,0.0,1.0,6519.1396484375,153.0503387451172,0.8131242990493774
1775570359180,0.0,1.0,6519.90380859375,152.1690216064453,0.8133758902549744
1775570359200,0.0,1.0,6520.91650390625,151.11764526367188,0.8136591911315918
1775570359220,0.0,1.0,6521.6708984375,150.09669494628906,0.8138699531555176
1775570359240,0.0,1.0,6522.4208984375,149.20445251464844,0.8140795230865479
1775570359260,0.0,1.0,6523.41357421875,148.1671600341797,0.8143580555915833
1775570359280,0.0,1.0,6524.1533203125,147.13966369628906,0.8145655393600464
1775570359300,0.0,1.0,6524.888671875,146.23544311523438,0.814767599105835
1775570359320,0.0,1.0,6525.61865234375,145.22088623046875,0.8149756789207458
1775570359340,0.0,1.0,6526.5859375,144.22882080078125,0.815245509147644
1775570359360,0.0,1.0,6527.306640625,143.41610717773438,0.8154469728469849
1775570359379,0.0,1.0,6528.14208984375,142.4787139892578,0.81564861536026
1775570359400,0.0,1.0,6528.97119140625,141.564208984375,0.815913736820221
1775570359420,0.0,1.0,6529.6787109375,140.76394653320312,0.8161122798919678
1775570359440,0.0,1.0,6530.3818359375,139.8506317138672,0.8163095712661743
1775570359460,0.0,1.0,6531.4287109375,138.97122192382812,0.8165701031684875
1775570359480,0.0,1.0,6532.1220703125,138.16725158691406,0.8167644143104553
1775570359500,0.0,1.0,6532.69677734375,137.22091674804688,0.8169574737548828
1775570359520,0.0,1.0,6533.38232421875,136.2838897705078,0.8171495199203491
1775570359540,0.0,1.0,6534.2900390625,135.4513702392578,0.8174049258232117
1775570359560,0.0,1.0,6534.966796875,134.49444580078125,0.8175941705703735
1775570359580,0.0,1.0,6535.8623046875,133.47256469726562,0.8178448677062988
1775570359600,0.0,1.0,6536.52880859375,132.5911102294922,0.8180312514305115
1775570359620,0.0,1.0,6537.1904296875,131.58810424804688,0.8182161450386047
1775570359640,0.0,1.0,6538.06640625,130.5941619873047,0.8184619545936584
1775570359660,0.0,1.0,6538.71826171875,129.76885986328125,0.8186454176902771
1775570359680,0.0,1.0,6539.47314453125,128.77337646484375,0.8188263773918152
1775570359700,0.0,1.0,6540.22216796875,127.80687713623047,0.8190661072731018
1775570359720,0.0,1.0,6540.8603515625,127.01490020751953,0.8192448019981384
1775570359740,0.0,1.0,6541.705078125,126.09527587890625,0.8194824457168579
1775570359760,0.0,1.0,6542.43798828125,125.18231201171875,0.819658100605011
1775570359780,0.0,1.0,6542.958984375,124.43690490722656,0.8198337554931641
1775570359800,0.0,1.0,6543.7861328125,123.49249267578125,0.8200646638870239
1775570359820,0.0,1.0,6544.4013671875,122.52893829345703,0.8202374577522278
1775570359840,0.0,1.0,6545.013671875,121.739501953125,0.8204087018966675
1775570359860,0.0,1.0,6545.8232421875,120.86781311035156,0.8206080794334412
1775570359880,0.0,1.0,6546.32568359375,119.90454864501953,0.8207771182060242
1775570359900,0.0,1.0,6546.9248046875,119.03987121582031,0.8209447264671326
1775570359920,0.0,1.0,6547.716796875,118.10769653320312,0.8211663365364075
1775570359940,0.0,1.0,6548.30615234375,117.2017593383789,0.8213585019111633
1775570359960,0.0,1.0,6549.08642578125,116.37450408935547,0.8215503692626953
1775570359980,0.0,1.0,6549.66650390625,115.3968734741211,0.8217135667800903
1775570360000,0.0,1.0,6550.2421875,114.40023040771484,0.8218736052513123
1775570360020,0.0,1.0,6550.8134765625,113.5372085571289,0.8220324516296387
1775570360040,0.0,1.0,6551.568359375,112.58042907714844,0.8222458958625793
1775570360060,0.0,1.0,6552.3173828125,111.61016082763672,0.8224555253982544
1775570360080,0.0,1.0,6552.8740234375,110.79361724853516,0.8226118087768555
1775570360100,0.0,1.0,6553.42626953125,109.78897094726562,0.8227667212486267
1775570360120,0.0,1.0,6553.88330078125,108.82404327392578,0.8228946924209595
1775570360140,0.0,1.0,6554.6083984375,108.00035095214844,0.8230969309806824
1775570360160,0.0,1.0,6555.1474609375,107.04085540771484,0.8232478499412537
1775570360180,0.0,1.0,6555.85986328125,106.11593627929688,0.8234469294548035
1775570360200,0.0,1.0,6556.39013671875,105.30265808105469,0.8235960602760315
1775570360220,0.0,1.0,6556.916015625,104.41206359863281,0.8237410187721252
1775570360240,0.0,1.0,6557.6103515625,103.5406265258789,0.8239389657974243
1775570360260,0.0,1.0,6558.04150390625,102.79459381103516,0.824059247970581
1775570360280,0.0,1.0,6558.7255859375,101.9106674194336,0.8242499828338623
1775570360300,0.0,1.0,6559.23388671875,101.010986328125,0.8243920207023621
1775570360320,0.0,1.0,6559.73828125,100.29351806640625,0.8245331645011902
1775570360340,0.0,1.0,6560.4052734375,99.4302749633789,0.8247206211090088
1775570360360,0.0,1.0,6560.90185546875,98.51985931396484,0.8248600363731384
1775570360380,0.0,1.0,6561.47607421875,97.66950988769531,0.8250201940536499
1775570360400,0.0,1.0,6561.9638671875,96.7208251953125,0.8251564502716064
1775570360420,0.0,1.0,6562.607421875,95.80319213867188,0.825335681438446
1775570360440,0.0,1.0,6563.0849609375,94.9792709350586,0.8254687190055847
1775570360460,0.0,1.0,6563.71484375,93.98941802978516,0.8256446719169617
1775570360480,0.0,1.0,6564.18310546875,93.02819061279297,0.8257753849029541
1775570360500,0.0,1.0,6564.56982421875,92.19456481933594,0.8258822560310364
1775570360520,0.0,1.0,6565.1826171875,91.26054382324219,0.8260523080825806
1775570360540,0.0,1.0,6565.63818359375,90.34224700927734,0.8262004852294922
1775570360560,0.0,1.0,6566.2392578125,89.56407165527344,0.8263450860977173
1775570360580,0.0,1.0,6566.68603515625,88.69561004638672,0.8264694809913635
1775570360600,0.0,1.0,6567.27587890625,87.81106567382812,0.8266120553016663
1775570360620,0.0,1.0,6567.71337890625,87.09878540039062,0.8267327547073364
1775570360640,0.0,1.0,6568.07568359375,86.31265258789062,0.8268709182739258
1775570360660,0.0,1.0,6568.72119140625,85.52083587646484,0.8270094990730286
1775570360680,0.0,1.0,6569.0771484375,84.8716812133789,0.8271273374557495
1775570360700,0.0,1.0,6569.64111328125,84.11649322509766,0.8272803425788879
1775570360720,0.0,1.0,6570.06005859375,83.3388671875,0.8273946642875671
1775570360740,0.0,1.0,6570.47607421875,82.63981628417969,0.8275086283683777
1775570360760,0.0,1.0,6571.025390625,81.91202545166016,0.8276405930519104
1775570360780,0.0,1.0,6571.43359375,81.12135314941406,0.8277485966682434
1775570360800,0.0,1.0,6571.771484375,80.45211029052734,0.8278591632843018
1775570360820,0.0,1.0,6572.30615234375,79.67709350585938,0.8280043005943298
1775570360840,0.0,1.0,6572.70361328125,78.89974212646484,0.8281278610229492
1775570360860,0.0,1.0,6573.22802734375,78.28028106689453,0.8282502293586731
1775570360880,0.0,1.0,6573.61767578125,77.52269744873047,0.8283545970916748
1775570360900,0.0,1.0,6574.00439453125,76.69742584228516,0.828457772731781
1775570360920,0.0,1.0,6574.3876953125,76.03836822509766,0.8285592198371887
1775570360940,0.0,1.0,6574.8935546875,75.2724609375,0.8286923766136169
1775570360960,0.0,1.0,6575.26904296875,74.52611541748047,0.8288089036941528
1775570360980,0.0,1.0,6575.7646484375,73.85955810546875,0.8289228677749634
1775570361000,0.0,1.0,6576.13232421875,73.11333465576172,0.8290022015571594
1775570361020,0.0,1.0,6576.4365234375,72.35684967041016,0.8290969729423523
1775570361040,0.0,1.0,6576.91845703125,71.72454833984375,0.8292214274406433
1775570361060,0.0,1.0,6577.39453125,70.98563385009766,0.8293470144271851
1775570361080,0.0,1.0,6577.748046875,70.25143432617188,0.829436719417572
1775570361100,0.0,1.0,6578.0986328125,69.5907974243164,0.829511821269989
1775570361120,0.0,1.0,6578.50341796875,68.81942749023438,0.8296319842338562
1775570361140,0.0,1.0,6578.8466796875,68.10702514648438,0.8297349810600281
1775570361160,0.0,1.0,6579.29931640625,67.47409057617188,0.8298379182815552
1775570361180,0.0,1.0,6579.634765625,66.73550415039062,0.8299195170402527
1775570361200,0.0,1.0,6580.07763671875,65.99447631835938,0.8300203680992126
1775570361220,0.0,1.0,6580.35205078125,65.34127807617188,0.8301049470901489
1775570361240,0.0,1.0,6580.677734375,64.6440200805664,0.8301856517791748
1775570361260,0.0,1.0,6581.107421875,63.93952178955078,0.830294132232666
1775570361280,0.0,1.0,6581.42578125,63.31474304199219,0.83037269115448
1775570361300,0.0,1.0,6581.79345703125,62.60923385620117,0.8304653763771057
1775570361320,0.0,0.8911119699478149,6582.10546875,61.911136627197266,0.8305472731590271
1775570361340,0.0,0.7814478278160095,6582.51708984375,61.32378005981445,0.8306447267532349
1775570361360,0.0,0.6359143853187561,6582.82275390625,60.663246154785156,0.8307201266288757
1775570361380,0.0,0.5076366662979126,6583.22607421875,60.10596466064453,0.8308051228523254
1775570361400,0.0,0.4585927426815033,6583.47607421875,59.6018180847168,0.8308788537979126
1775570361420,0.0,0.4068688750267029,6583.77294921875,59.071144104003906,0.8309555053710938
1775570361440,0.0,0.3849935829639435,6584.16552734375,58.5401725769043,0.8310509920120239
1775570361460,0.0,0.3690984845161438,6584.4091796875,58.137935638427734,0.8311217427253723
1775570361480,0.0,0.3485104441642761,6584.7958984375,57.67029571533203,0.8312070369720459
1775570361500,0.0,0.31406691670417786,6585.08349609375,57.229122161865234,0.8312749266624451
1775570361520,0.0,0.29529228806495667,6585.46435546875,56.872161865234375,0.8313725590705872
1775570361540,0.0,0.27724602818489075,6585.701171875,56.460140228271484,0.8314412832260132
1775570361560,0.0,0.2598053216934204,6586.12353515625,56.06647872924805,0.8315227627754211
1775570361580,0.0,0.24719645082950592,6586.35693359375,55.734092712402344,0.8315918445587158
1775570361600,0.0,0.24307461082935333,6586.72802734375,55.34792709350586,0.8316712975502014
1775570361620,0.0,0.23490040004253387,6586.95849609375,54.98666763305664,0.8317378759384155
1775570361640,0.0,0.23490040004253387,6587.32470703125,54.70583724975586,0.8318280577659607
1775570361660,0.0,0.22301867604255676,6587.59814453125,54.35740661621094,0.8318939805030823
1775570361680,0.0,0.20773307979106903,6587.9150390625,54.00509262084961,0.8319710493087769
1775570361700,0.0,0.20027969777584076,6588.18505859375,53.72270965576172,0.8320382237434387
1775570361720,0.0,0.19663572311401367,6588.45361328125,53.40666961669922,0.83210289478302
1775570361740,0.0,0.18941907584667206,6588.76513671875,53.095436096191406,0.8321846127510071
1775570361760,0.0,0.16849423944950104,6589.119140625,52.83291244506836,0.8322604894638062
1775570361780,0.0,0.13975001871585846,6589.3828125,52.552738189697266,0.8323220610618591
1775570361800,0.0,0.09861575067043304,6589.6884765625,52.294395446777344,0.8323932886123657
1775570361820,0.0,0.06368258595466614,6589.94921875,52.09421920776367,0.8324570655822754
1775570361840,0.0,0.0345337837934494,6590.2958984375,51.89646530151367,0.8325412273406982
1775570361860,0.0,0.008166361600160599,6590.51171875,51.72644805908203,0.8325899243354797
1775570361880,0.0,0.00012699459330178797,6590.85546875,51.59378433227539,0.8326740860939026
1775570361900,0.0,0.0,6591.11279296875,51.44184875488281,0.8327353000640869
1775570361920,0.0,0.0,6591.369140625,51.29664611816406,0.8327842950820923
1775570361940,0.0,0.0,6591.66748046875,51.17442321777344,0.8328641057014465
1775570361960,0.0,0.0,6592.00732421875,51.02488708496094,0.8329464197158813
1775570361980,0.0,0.0,6592.2197265625,50.87771987915039,0.8329970240592957
1775570362000,0.0,0.0,6592.5576171875,50.74485778808594,0.8330748081207275
1775570362020,0.0,0.0,6592.81103515625,50.59115219116211,0.8331225514411926
1775570362040,0.0,0.0,6593.10546875,50.43636703491211,0.8332005143165588
1775570362060,0.0,0.0,6593.357421875,50.300758361816406,0.8332656025886536
1775570362080,0.0,0.0,6593.69189453125,50.14988708496094,0.8333344459533691
1775570362100,0.0,0.0,6593.90087890625,49.994361877441406,0.8333920836448669
1775570362120,0.0,0.0,6594.23388671875,49.855384826660156,0.83347088098526
1775570362140,0.0,0.0,6594.48291015625,49.7020149230957,0.833530604839325
1775570362160,0.0,0.0,6594.81396484375,49.5413818359375,0.8335964679718018
1775570362180,0.03970000147819519,0.0,6595.0205078125,49.40464401245117,0.8336586952209473
1775570362200,0.09525001049041748,0.0,6595.349609375,49.258304595947266,0.8337246775627136
1775570362220,0.14285001158714294,0.0,6595.5546875,49.1278076171875,0.8337823152542114
1775570362240,0.18250000476837158,0.0,6595.8828125,49.029014587402344,0.8338587284088135
1775570362260,0.2301500141620636,0.0,6596.08740234375,48.924251556396484,0.8339067697525024
1775570362280,0.2738000154495239,0.0,6596.41357421875,48.825340270996094,0.8339839577674866
1775570362300,0.3015500009059906,0.0,6596.6982421875,48.74229049682617,0.8340502381324768
1775570362320,0.32934999465942383,0.0,6596.94140625,48.65824508666992,0.8341060876846313
1775570362340,0.3571000099182129,0.0,6597.1845703125,48.5854606628418,0.8341661095619202
1775570362360,0.37299999594688416,0.0,6597.46826171875,48.53850173950195,0.8342394828796387
1775570362380,0.3928000032901764,0.0,6597.79150390625,48.50006103515625,0.8343069553375244
1775570362400,0.4205999970436096,0.0,6597.9931640625,48.47020721435547,0.834354043006897
1775570362420,0.4364500045776367,0.0,6598.2353515625,48.455718994140625,0.8344141244888306
1775570362440,0.44440001249313354,0.0,6598.5576171875,48.43781661987305,0.8344900608062744
1775570362460,0.4562999904155731,0.0,6598.8798828125,48.42325210571289,0.8345556259155273
1775570362480,0.46424999833106995,0.0,6599.08154296875,48.42293167114258,0.8346166014671326
1775570362500,0.46424999833106995,0.0,6599.40380859375,48.443092346191406,0.8346850275993347
1775570362520,0.4681999981403351,0.0,6599.60546875,48.468711853027344,0.8347405791282654
1775570362540,0.4681999981403351,0.0,6599.927734375,48.50527572631836,0.8348194360733032
1775570362560,0.4681999981403351,0.0,6600.1298828125,48.553035736083984,0.8348675966262817
1775570362580,0.4681999981403351,0.0,6600.4541015625,48.5992317199707,0.834943413734436
1775570362600,0.4681999981403351,0.0,6600.697265625,48.645790100097656,0.8350024819374084
1775570362620,0.4681999981403351,0.0,6600.98095703125,48.70219421386719,0.8350740671157837
1775570362640,0.4681999981403351,0.0,6601.22412109375,48.74895095825195,0.835131049156189
1775570362660,0.4721499979496002,0.0,6601.54931640625,48.79452133178711,0.8352076411247253
1775570362680,0.4721499979496002,0.0,6601.79345703125,48.8526725769043,0.8352591395378113
1775570362700,0.48410001397132874,0.0,6602.07861328125,48.908084869384766,0.8353363871574402
1775570362720,0.492000013589859,0.0,6602.3232421875,48.95760726928711,0.8353950381278992
1775570362740,0.5038999915122986,0.0,6602.60888671875,49.028079986572266,0.8354644775390625
1775570362760,0.5116999745368958,0.0,6602.853515625,49.1131477355957,0.8355251550674438
1775570362780,0.53125,0.0,6603.18115234375,49.18553924560547,0.8355962038040161
1775570362800,0.5547000169754028,0.0,6603.38623046875,49.27183151245117,0.8356491327285767
1775570362820,0.5820499658584595,0.0,6603.71435546875,49.35709762573242,0.8357309699058533
1775570362840,0.5976499915122986,0.0,6603.96044921875,49.44529724121094,0.8357885479927063
1775570362860,0.6172000169754028,0.0,6604.2490234375,49.566558837890625,0.8358648419380188
1775570362880,0.6445499658584595,0.0,6604.49658203125,49.70545196533203,0.8359203338623047
1775570362900,0.6601499915122986,0.0,6604.828125,49.83855438232422,0.8359962105751038
1775570362920,0.6797000169754028,0.0,6605.03564453125,50.01408386230469,0.8360583782196045
1775570362940,0.6952999830245972,0.0,6605.36962890625,50.18565368652344,0.8361401557922363
1775570362960,0.6991999745368958,0.0,6605.6630859375,50.35028076171875,0.8362078070640564
1775570362980,0.7030999660491943,0.0,6605.91552734375,50.58713150024414,0.8362700939178467
1775570363000,0.7030999660491943,0.0,6606.25390625,50.805397033691406,0.8363476395606995
1775570363020,0.7030999660491943,0.0,6606.46630859375,50.98967361450195,0.8364124298095703
1775570363040,0.6952999830245972,0.0,6606.8076171875,51.22377395629883,0.8364998698234558
1775570363060,0.6913999915122986,0.0,6607.06494140625,51.467166900634766,0.8365499377250671
1775570363080,0.6875,0.0,6607.3662109375,51.66739273071289,0.836636483669281
1775570363100,0.6797000169754028,0.0,6607.6259765625,51.90438461303711,0.836700975894928
1775570363120,0.6679499745368958,0.0,6607.88671875,52.14418411254883,0.8367650508880615
1775570363140,0.65625,0.0,6608.19140625,52.346614837646484,0.8368428349494934
1775570363160,0.6523500084877014,0.0,6608.54150390625,52.57299041748047,0.8369297981262207
1775570363180,0.6405999660491943,0.0,6608.76123046875,52.78599548339844,0.8369840979576111
1775570363200,0.6366999745368958,0.0,6609.11376953125,52.9656982421875,0.837077260017395
1775570363220,0.6288999915122986,0.0,6609.37890625,53.17969512939453,0.8371309638023376
1775570363240,0.6405999660491943,0.0,6609.68994140625,53.38164520263672,0.8372257351875305
1775570363260,0.6797000169754028,0.0,6609.95703125,53.5494384765625,0.8372949361801147
1775570363280,0.7304499745368958,0.0,6610.314453125,53.75985336303711,0.8373796939849854
1775570363300,0.7695499658584595,0.0,6610.5390625,53.957393646240234,0.8374473452568054
1775570363320,0.8125,0.0,6610.89990234375,54.21404266357422,0.8375392556190491
1775570363340,0.8398499488830566,0.0,6611.12646484375,54.48759460449219,0.837613046169281
1775570363360,0.8515499830245972,0.0,6611.5361328125,54.77527618408203,0.8376975059509277
1775570363380,0.8554500341415405,0.0,6611.76513671875,55.02593231201172,0.8377676010131836
1775570363400,0.8554500341415405,0.0,6612.0869140625,55.325050354003906,0.8378560543060303
1775570363420,0.8398499488830566,0.0,6612.3642578125,55.624107360839844,0.8379293084144592
1775570363440,0.8202999830245972,0.0,6612.68896484375,55.87913131713867,0.8380203247070312
1775570363460,0.7851499915122986,0.0,6613.0625,56.16876220703125,0.8381189107894897
1775570363480,0.7461000084877014,0.0,6613.34375,56.429283142089844,0.83819979429245
1775570363500,0.7109500169754028,0.0,6613.6728515625,56.63720703125,0.838289201259613
1775570363520,0.6679499745368958,0.0,6613.95654296875,56.846343994140625,0.838368833065033
1775570363540,0.6366999745368958,0.0,6614.24072265625,57.047943115234375,0.8384464383125305
1775570363560,0.6172000169754028,0.0,6614.5732421875,57.19581604003906,0.8385422825813293
1775570363580,0.6015499830245972,0.0,6614.9541015625,57.351898193359375,0.8386505842208862
1775570363600,0.59375,0.0,6615.2412109375,57.49066925048828,0.8387292623519897
1775570363620,0.59375,0.0,6615.48046875,57.606178283691406,0.8387979865074158
1775570363640,0.59375,0.0,6615.86474609375,57.74747085571289,0.8389050960540771
1775570363660,0.6015499830245972,0.0,6616.1533203125,57.891883850097656,0.838992178440094
1775570363680,0.6015499830245972,0.0,6616.53955078125,58.02664566040039,0.8390851020812988
1775570363700,0.6015499830245972,0.0,6616.78125,58.1801643371582,0.8391678333282471
1775570363720,0.6015499830245972,0.0,6617.16943359375,58.323936462402344,0.8392822742462158
1775570363740,0.59375,0.0,6617.4609375,58.45350646972656,0.8393633961677551
1775570363760,0.5859500169754028,0.0,6617.85107421875,58.594886779785156,0.8394603133201599
1775570363780,0.5741999745368958,0.0,6618.09521484375,58.73263931274414,0.8395460844039917
1775570363800,0.5625,0.0,6618.486328125,58.843772888183594,0.8396592140197754
1775570363820,0.5429499745368958,0.0,6618.78076171875,58.969459533691406,0.8397287726402283
1775570363840,0.5273500084877014,0.0,6619.0263671875,59.08476638793945,0.8398285508155823
1775570363860,0.5156000256538391,0.0,6619.46875,59.16805648803711,0.8399266004562378
1775570363880,0.5077999830245972,0.0,6619.81396484375,59.26256561279297,0.8400393724441528
1775570363900,0.5,0.0,6620.10986328125,59.34386444091797,0.8401219248771667
1775570363920,0.492000013589859,0.0,6620.3564453125,59.41572952270508,0.840194821357727
1775570363940,0.48410001397132874,0.0,6620.75244140625,59.49835968017578,0.8403077125549316
1775570363960,0.4681999981403351,0.0,6621.0498046875,59.60285949707031,0.8403916954994202
1775570363980,0.452349990606308,0.0,6621.44677734375,59.666725158691406,0.8405072093009949
1775570364000,0.4364500045776367,0.0,6621.6953125,59.7559814453125,0.8405919671058655
1775570364020,0.4126499891281128,0.0,6622.0439453125,59.82268524169922,0.840664267539978
1775570364040,0.3928000032901764,0.0,6622.4423828125,59.86033248901367,0.8407922387123108
1775570364060,0.38089999556541443,0.0,6622.7412109375,59.902732849121094,0.8408783674240112
1775570364080,0.3769499957561493,0.0,6622.990234375,59.88672637939453,0.8409771919250488
1775570364100,0.36900001764297485,0.0,6623.4384765625,59.871009826660156,0.8410769104957581
1775570364120,0.36900001764297485,0.0,6623.6376953125,59.86086654663086,0.8411463499069214
1775570364140,0.37299999594688416,0.0,6624.08642578125,60.0390510559082,0.8412600159645081
1775570364160,0.3769499957561493,0.0,6624.4365234375,59.94623947143555,0.841358482837677
1775570364180,0.38089999556541443,0.0,6624.68603515625,59.973167419433594,0.8414287567138672
1775570364200,0.3928000032901764,0.0,6624.986328125,60.051666259765625,0.8415284752845764
1775570364220,0.40869998931884766,0.0,6625.3369140625,59.99197769165039,0.841627836227417
1775570364240,0.4205999970436096,0.0,6625.68701171875,60.12339401245117,0.8417283892631531
1775570364260,0.4364500045776367,0.0,6626.03759765625,60.045162200927734,0.8418133854866028
1775570364280,0.44440001249313354,0.0,6626.38818359375,60.206077575683594,0.8419106006622314
1775570364300,0.44440001249313354,0.0,6626.68896484375,60.20083999633789,0.8420107364654541
1775570364320,0.452349990606308,0.0,6627.03955078125,60.28730773925781,0.8421085476875305
1775570364340,0.452349990606308,0.0,6627.39111328125,60.309810638427734,0.8422082662582397
1775570364360,0.452349990606308,0.0,6627.74169921875,60.30848693847656,0.8422929644584656
1775570364380,0.452349990606308,0.0,6628.09326171875,60.36894989013672,0.8423922657966614
1775570364400,0.452349990606308,0.0,6628.44482421875,60.365821838378906,0.8424906730651855
1775570364420,0.452349990606308,0.0,6628.64599609375,60.5062255859375,0.8425619602203369
1775570364440,0.452349990606308,0.0,6628.998046875,60.463462829589844,0.8426609635353088
1775570364460,0.452349990606308,0.0,6629.35009765625,60.619590759277344,0.8427456021308899
1775570364480,0.452349990606308,0.0,6629.703125,60.58761215209961,0.8428450226783752
1775570364500,0.452349990606308,0.0,6630.0556640625,60.73125457763672,0.8429440259933472
1775570364520,0.452349990606308,0.0,6630.40966796875,60.85674285888672,0.8430426716804504
1775570364540,0.4562999904155731,0.0,6630.763671875,60.86006164550781,0.8431420922279358
1775570364560,0.4562999904155731,0.0,6631.1171875,60.82237243652344,0.8432415723800659
1775570364580,0.46424999833106995,0.0,6631.42041015625,60.86760711669922,0.8433405756950378
1775570364600,0.4681999981403351,0.0,6631.77490234375,60.99699783325195,0.8434253931045532
1775570364620,0.4721499979496002,0.0,6632.0283203125,61.07406234741211,0.8434966802597046
1775570364640,0.4761500060558319,0.0,6632.3837890625,61.1109619140625,0.8435954451560974
1775570364660,0.4761500060558319,0.0,6632.7392578125,61.157081604003906,0.8436946272850037
1775570364680,0.48010000586509705,0.0,6633.09521484375,61.195735931396484,0.8437942266464233
1775570364700,0.48410001397132874,0.0,6633.4521484375,61.24073028564453,0.8438938856124878
1775570364720,0.48805001378059387,0.0,6633.75830078125,61.29389572143555,0.8439929485321045
1775570364740,0.4959999918937683,0.0,6634.11572265625,61.349571228027344,0.8440929055213928
1775570364760,0.49994999170303345,0.0,6634.47412109375,61.40423583984375,0.8441919684410095
1775570364780,0.5038999915122986,0.0,6634.8330078125,61.478267669677734,0.8442926406860352
1775570364800,0.5077999830245972,0.0,6635.19189453125,61.55661392211914,0.8443782329559326
1775570364820,0.5195500254631042,0.0,6635.44873046875,61.625396728515625,0.8444498777389526
1775570364840,0.5468500256538391,0.0,6635.80908203125,61.69568634033203,0.844549834728241
1775570364860,0.5820499658584595,0.0,6636.169921875,61.78713607788086,0.8446497321128845
1775570364880,0.5976499915122986,0.0,6636.53076171875,61.8910026550293,0.8447495698928833
1775570364900,0.6172000169754028,0.0,6636.89306640625,62.02726745605469,0.844850480556488
1775570364920,0.625,0.0,6637.25537109375,62.15992736816406,0.8449518084526062
1775570364940,0.6327999830245972,0.0,6637.56689453125,62.28508377075195,0.8450530767440796
1775570364960,0.6366999745368958,0.0,6637.82666015625,62.4599723815918,0.8451253175735474
1775570364980,0.6366999745368958,0.0,6638.2958984375,62.62944412231445,0.8452410697937012
1775570365000,0.6366999745368958,0.0,6638.609375,62.76841354370117,0.8453140258789062
1775570365020,0.6366999745368958,0.0,6638.923828125,62.93318176269531,0.8454155325889587
1775570365040,0.6445499658584595,0.0,6639.29150390625,63.10015106201172,0.8455327153205872
1775570365060,0.65625,0.0,6639.607421875,63.244171142578125,0.8456200957298279
1775570365080,0.6718499660491943,0.0,6640.029296875,63.42704391479492,0.8457235097885132
1775570365100,0.6952999830245972,0.0,6640.39990234375,63.62139892578125,0.8458269238471985
1775570365120,0.7148500084877014,0.0,6640.77099609375,63.80774688720703,0.8459290862083435
1775570365140,0.7382999658584595,0.0,6641.09033203125,64.02684783935547,0.8460328578948975
1775570365160,0.7734500169754028,0.0,6641.51806640625,64.24268341064453,0.846137523651123
1775570365180,0.8085999488830566,0.0,6641.732421875,64.43802642822266,0.8461969494819641
1775570365200,0.8867000341415405,0.0,6642.10888671875,64.69937133789062,0.8463003635406494
1775570365220,0.9648499488830566,0.0,6642.4326171875,64.98991394042969,0.8464058041572571
1775570365240,1.0,0.0,6642.8115234375,65.27012634277344,0.8465121388435364
1775570365260,1.0,0.0,6643.19287109375,65.61722564697266,0.846616804599762
1775570365280,1.0,0.0,6643.630859375,65.98188781738281,0.846724808216095
1775570365300,1.0,0.0,6643.96142578125,66.2881851196289,0.8468154072761536
1775570365320,1.0,0.0,6644.3486328125,66.64043426513672,0.8469220995903015
1775570365340,1.0,0.0,6644.6826171875,66.99662017822266,0.8470301032066345
1775570365360,1.0,0.0,6645.07373046875,67.29106140136719,0.8471242189407349
1775570365380,1.0,0.0,6645.46728515625,67.6381607055664,0.8472337126731873
1775570365400,1.0,0.0,6645.86279296875,67.99082946777344,0.8473418354988098
1775570365420,1.0,0.0,6646.146484375,68.30267333984375,0.8474206328392029
1775570365440,1.0,0.0,6646.65966796875,68.66271209716797,0.8475633859634399
1775570365460,1.0,0.0,6646.94580078125,69.01396179199219,0.8476426005363464
1775570365480,1.0,0.0,6647.40625,69.31552124023438,0.8477714657783508
1775570365501,1.0,0.0,6647.69580078125,69.66971588134766,0.8478517532348633
1775570365520,1.0,0.0,6648.0439453125,69.97956085205078,0.8479644060134888
1775570365540,1.0,0.0,6648.4521484375,70.3146743774414,0.8480788469314575
1775570365560,1.0,0.0,6648.86279296875,70.65231323242188,0.848192036151886
1775570365580,1.0,0.0,6649.27490234375,70.96696472167969,0.8482901453971863
1775570365600,1.0,0.0,6649.6298828125,71.32901763916016,0.8484050035476685
1775570365620,1.0,0.0,6650.04638671875,71.67312622070312,0.8485195636749268
1775570365640,1.0,0.0,6650.46435546875,72.01897430419922,0.8486365675926208
1775570365660,1.0,0.0,6650.94482421875,72.31143188476562,0.8487531542778015
1775570365680,0.9922000169754028,0.0,6651.18603515625,72.65142059326172,0.8488346934318542
1775570365700,0.96875,0.0,6651.67041015625,72.98761749267578,0.8489525318145752
1775570365720,0.9375,0.0,6652.09619140625,73.28195190429688,0.8490706086158752
1775570365740,0.9023499488830566,0.0,6652.462890625,73.61405944824219,0.8491873741149902
1775570365760,0.8672000169754028,0.0,6652.892578125,73.9327163696289,0.849290132522583
1775570365780,0.8476499915122986,0.0,6653.26220703125,74.20338439941406,0.8494101762771606
1775570365800,0.8398499488830566,0.0,6653.5712890625,74.49873352050781,0.849494993686676
1775570365820,0.8359500169754028,0.0,6654.1298828125,74.78923034667969,0.8496509194374084
1775570365840,0.8359500169754028,0.0,6654.50390625,75.02942657470703,0.8497536182403564
1775570365860,0.84375,0.0,6655.00439453125,75.28678131103516,0.8498765230178833
1775570365880,0.84375,0.0,6655.44384765625,75.53129577636719,0.8499962687492371
1775570365900,0.84375,0.0,6655.69580078125,75.74860382080078,0.8500842452049255
1775570365920,0.8320499658584595,0.0,6656.20068359375,76.02098083496094,0.8502241969108582
1775570365940,0.8202999830245972,0.0,6656.7080078125,76.27998352050781,0.8503465056419373
1775570365961,0.8007999658584595,0.0,6657.02587890625,76.48563385009766,0.8504524230957031
1775570365980,0.7695499658584595,0.0,6657.5361328125,76.72856140136719,0.8505929112434387
1775570366000,0.7265499830245972,0.0,6657.919921875,76.97718811035156,0.8506805896759033
1775570366020,0.6913999915122986,0.0,6658.240234375,77.16203308105469,0.8507884740829468
1775570366040,0.6523500084877014,0.0,6658.75439453125,77.34521484375,0.8509119749069214
1775570366060,0.6288999915122986,0.0,6659.27001953125,77.50541687011719,0.8510539531707764
1775570366080,0.6211000084877014,0.0,6659.5927734375,77.64026641845703,0.851161777973175
1775570366100,0.625,0.0,6660.1103515625,77.79246520996094,0.8512870669364929
1775570366120,0.6484500169754028,0.0,6660.43408203125,77.93441772460938,0.8513941168785095
1775570366140,0.6679499745368958,0.0,6660.953125,78.06893157958984,0.8515384197235107
1775570366160,0.6875,0.0,6661.27783203125,78.23389434814453,0.851626992225647
1775570366180,0.6952999830245972,0.0,6661.79931640625,78.3962631225586,0.8517745137214661
1775570366200,0.6952999830245972,0.0,6662.19091796875,78.54436492919922,0.851861834526062
1775570366220,0.6875,0.0,6662.71484375,78.73274993896484,0.8520087599754333
1775570366240,0.6797000169754028,0.0,6663.04296875,78.9261474609375,0.8520988821983337
1775570366260,0.6757999658584595,0.0,6663.50341796875,79.08128356933594,0.8522453904151917
1775570366280,0.7070499658584595,0.0,6664.03076171875,79.25390625,0.8523735404014587
1775570366300,0.7695499658584595,0.0,6664.36083984375,79.43254089355469,0.8524850606918335
1775570366320,0.8163999915122986,0.0,6664.82421875,79.6009292602539,0.8526118993759155
1775570366340,0.8554500341415405,0.0,6665.35498046875,79.81114196777344,0.8527577519416809
1775570366360,0.8945499658584595,0.0,6665.7548828125,80.05548858642578,0.8528523445129395
1775570366380,0.9218499660491943,0.0,6666.22265625,80.36195373535156,0.8529995679855347
1775570366400,0.9413999915122986,0.0,6666.55810546875,80.68717956542969,0.8530946969985962
1775570366420,0.9491999745368958,0.0,6667.0966796875,80.97322845458984,0.8532238602638245
1775570366440,0.9530999660491943,0.0,6667.5703125,81.2311782836914,0.8533550500869751
1775570366460,0.9413999915122986,0.0,6667.84130859375,81.5475845336914,0.853466272354126
1775570366480,0.9257999658584595,0.0,6668.453125,81.87561798095703,0.853621244430542
1775570366500,0.9101499915122986,0.0,6668.86279296875,82.15879821777344,0.8537151217460632
1775570366520,0.875,0.0,6669.4111328125,82.4661636352539,0.8538645505905151
1775570366541,0.8398499488830566,0.0,6669.75537109375,82.75076293945312,0.853981614112854
1775570366560,0.8085999488830566,0.0,6669.9619140625,82.98339080810547,0.8540555238723755
1775570366581,0.7655999660491943,0.0,6670.23828125,83.23294830322266,0.8541721105575562
1775570366603,0.7304499745368958,0.0,6671.0,83.46297454833984,0.8543826937675476
1775570366620,0.7109500169754028,0.0,6671.4169921875,83.64700317382812,0.8544820547103882
1775570366641,0.6952999830245972,0.0,6671.76513671875,83.84534454345703,0.8545960783958435
1775570366660,0.6875,0.0,6672.53271484375,84.03108215332031,0.8547702431678772
1775570366680,0.6875,0.0,6672.8125,84.1856689453125,0.8548484444618225
1775570366700,0.6875,0.0,6673.0927734375,84.33013153076172,0.8549486994743347
1775570366720,0.6913999915122986,0.0,6673.8642578125,84.48976135253906,0.855122447013855
1775570366741,0.6913999915122986,0.0,6674.0751953125,84.67513275146484,0.8552207350730896
1775570366760,0.6913999915122986,0.0,6674.77880859375,84.87056732177734,0.8553780913352966
1775570366781,0.6913999915122986,0.0,6675.2021484375,85.03673553466797,0.8555555939674377
1775570366801,0.6913999915122986,0.0,6675.62646484375,85.09879302978516,0.8556329011917114
1775570366820,0.6913999915122986,0.0,6675.90966796875,85.17667388916016,0.8557314872741699
1775570366841,0.6913999915122986,0.0,6676.68994140625,85.46389770507812,0.855929434299469
1775570366861,0.6913999915122986,0.0,6677.259765625,85.70144653320312,0.8560881018638611
1775570366881,0.6913999915122986,0.0,6677.54541015625,85.88086700439453,0.8561676144599915
1775570366900,0.6913999915122986,0.0,6678.11767578125,86.02912139892578,0.8563254475593567
1775570366920,0.6913999915122986,0.0,6678.404296875,86.16905212402344,0.8564242124557495
1775570366941,0.6913999915122986,0.0,6679.0498046875,86.33367156982422,0.8565831184387207
1775570366961,0.6913999915122986,0.0,6679.625,86.48454284667969,0.8567453622817993
1775570366981,0.6913999915122986,0.0,6680.12939453125,86.65769958496094,0.8568838834762573
1775570367001,0.6952999830245972,0.0,6680.70703125,86.8213882446289,0.8570265769958496
1775570367020,0.6952999830245972,0.0,6680.923828125,86.9559326171875,0.8571076989173889
1775570367040,0.7070499658584595,0.0,6681.50341796875,87.11405944824219,0.8572898507118225
1775570367060,0.7265499830245972,0.0,6682.083984375,87.29236602783203,0.8574089407920837
1775570367080,0.7617000341415405,0.0,6682.5205078125,87.47947692871094,0.8575325608253479
1775570367100,0.7890499830245972,0.0,6682.9580078125,87.64710235595703,0.857653021812439
1775570367120,0.8163999915122986,0.0,6683.4697265625,87.82423400878906,0.8578178286552429
1775570367140,0.8359500169754028,0.0,6683.98291015625,88.02507019042969,0.8579379916191101
1775570367160,0.8476499915122986,0.0,6684.49853515625,88.20714569091797,0.8580807447433472
1775570367180,0.8632999658584595,0.0,6685.01513671875,88.44554138183594,0.8582449555397034
1775570367200,0.8827999830245972,0.0,6685.533203125,88.71057891845703,0.8583689332008362
1775570367220,0.90625,0.0,6685.978515625,88.95125579833984,0.8584932088851929
1775570367240,0.9297000169754028,0.0,6686.4248046875,89.24097442626953,0.8586171269416809
1775570367260,0.9726499915122986,0.0,6687.021484375,89.68465423583984,0.8587824106216431
1775570367280,1.0,0.0,6687.47021484375,89.99102020263672,0.858908474445343
1775570367300,1.0,0.0,6687.92041015625,90.1447525024414,0.8590340614318848
1775570367320,1.0,0.0,6688.595703125,90.34247589111328,0.8592020869255066
1775570367340,1.0,0.0,6688.9716796875,90.69365692138672,0.8593274354934692
1775570367360,1.0,0.0,6689.42431640625,91.01024627685547,0.8594573140144348
1775570367380,1.0,0.0,6689.8779296875,91.28179931640625,0.8595818281173706
1775570367400,1.0,0.0,6690.560546875,91.53768920898438,0.8597728610038757
1775570367420,1.0,0.0,6691.01708984375,91.85655975341797,0.8599002361297607
1775570367440,1.0,0.0,6691.4755859375,92.1884765625,0.8600284457206726
1775570367460,1.0,0.0,6691.93505859375,92.46272277832031,0.8601776361465454
1775570367480,1.0,0.0,6692.4736328125,92.77790069580078,0.860308051109314
1775570367501,1.0,0.0,6693.091796875,93.09376525878906,0.8604817986488342
1775570367520,1.0,0.0,6693.55712890625,93.36290740966797,0.8606100678443909
1775570367540,1.0,0.0,6694.02392578125,93.67789459228516,0.8607400059700012
1775570367560,1.0,0.0,6694.72705078125,94.01165771484375,0.8609152436256409
1775570367580,1.0,0.0,6695.119140625,94.28888702392578,0.8610478639602661
1775570367600,1.0,0.0,6695.74853515625,94.57926940917969,0.8612022399902344
1775570367620,1.0,0.0,6696.14306640625,94.86092376708984,0.8613118529319763
1775570367640,1.0,0.0,6696.7763671875,95.11174011230469,0.8615097999572754
1775570367660,1.0,0.0,6697.1728515625,95.41057586669922,0.8616211414337158
1775570367680,1.0,0.0,6697.81005859375,95.70509338378906,0.8617994785308838
1775570367700,1.0,0.0,6698.2890625,95.9336166381836,0.8619332909584045
1775570367720,1.0,0.0,6698.76953125,96.27635192871094,0.8620883822441101
1775570367740,1.0,0.0,6699.33203125,96.59373474121094,0.8622030019760132
1775570367760,1.0,0.0,6699.97705078125,96.83111572265625,0.8623824119567871
1775570367780,1.0,0.0,6700.54296875,97.10138702392578,0.8625632524490356
1775570367800,1.0,0.0,6700.9482421875,97.3761978149414,0.8626771569252014
1775570367820,1.0,0.0,6701.51708984375,97.6325912475586,0.8628137707710266
1775570367840,1.0,0.0,6702.0869140625,97.93291473388672,0.862973153591156
1775570367860,1.0,0.0,6702.740234375,98.22512817382812,0.8631756901741028
1775570367880,1.0,0.0,6703.31396484375,98.460205078125,0.8633148074150085
1775570367900,1.0,0.0,6703.80712890625,98.73619842529297,0.8634544014930725
1775570367920,1.0,0.0,6704.3837890625,99.01364135742188,0.8636134266853333
1775570367940,1.0,0.0,6704.87890625,99.24392700195312,0.863776445388794
1775570367960,1.0,0.0,6705.29248046875,99.51888275146484,0.8638917803764343
1775570367980,1.0,0.0,6705.873046875,99.80982208251953,0.8640540242195129
1775570368000,1.0,0.0,6706.5390625,100.03530883789062,0.864218533039093
1775570368020,1.0,0.0,6707.03955078125,100.31808471679688,0.8643819093704224
1775570368040,1.0,0.0,6707.625,100.6057357788086,0.8645222187042236
1775570368060,1.0,0.0,6708.1279296875,100.81326293945312,0.8646857142448425
1775570368080,1.0,0.0,6708.7158203125,101.08997344970703,0.864849865436554
1775570368100,1.0,0.0,6709.3056640625,101.37149047851562,0.8649916052818298
1775570368120,1.0,0.0,6709.8974609375,101.61833953857422,0.8651566505432129
1775570368140,1.0,0.0,6710.40576171875,101.89122009277344,0.8653241991996765
1775570368160,1.0,0.0,6711.0,102.14246368408203,0.8654682040214539
1775570368180,1.0,0.0,6711.595703125,102.37582397460938,0.8656347393989563
1775570368200,1.0,0.0,6712.10791015625,102.66373443603516,0.8657780289649963
1775570368220,1.0,0.0,6712.70703125,102.92744445800781,0.8659453392028809
1775570368240,1.0,0.0,6713.3076171875,103.1562728881836,0.8661133050918579
1775570368260,1.0,0.0,6713.90966796875,103.42015075683594,0.8662809729576111
1775570368280,1.0,0.0,6714.25439453125,103.67130279541016,0.8664025068283081
1775570368300,1.0,0.0,6715.03125,103.8864517211914,0.866596519947052
1775570368320,1.0,0.0,6715.63720703125,104.16117858886719,0.8667665719985962
1775570368340,1.0,0.0,6716.2451171875,104.4301528930664,0.8669366836547852
1775570368360,1.0,0.0,6716.8544921875,104.6563491821289,0.8671082854270935
1775570368380,1.0,0.0,6717.37841796875,104.91764831542969,0.8672557473182678
1775570368400,1.0,0.0,6717.99072265625,105.17800903320312,0.8674268126487732
1775570368420,1.0,0.0,6718.5166015625,105.38533020019531,0.8675745129585266
1775570368440,1.0,0.0,6719.0439453125,105.63117980957031,0.8677464127540588
1775570368460,1.0,0.0,6719.66064453125,105.9073486328125,0.8679201006889343
1775570368480,1.0,0.0,6720.27880859375,106.14476013183594,0.8680688738822937
1775570368500,1.0,0.0,6720.89794921875,106.39695739746094,0.868241548538208
1775570368520,1.0,0.0,6721.5185546875,106.6406021118164,0.8684166669845581
1775570368540,1.0,0.0,6722.14111328125,106.84872436523438,0.86859130859375
1775570368560,1.0,0.0,6722.76513671875,107.10416412353516,0.8687655925750732
1775570368580,1.0,0.0,6723.30126953125,107.35681915283203,0.8689156770706177
1775570368600,1.0,0.0,6723.927734375,107.57203674316406,0.8690919280052185
1775570368620,1.0,0.0,6724.4658203125,107.83385467529297,0.8692676424980164
1775570368640,1.0,0.0,6724.9150390625,108.08064270019531,0.8693941235542297
1775570368660,1.0,0.0,6725.54541015625,108.29217529296875,0.8695453405380249
1775570368680,1.0,0.0,6726.177734375,108.54192352294922,0.8697226643562317
1775570368700,1.0,0.0,6726.6298828125,108.76265716552734,0.8699000477790833
1775570368720,1.0,0.0,6727.35498046875,109.02716064453125,0.8700526356697083
1775570368740,1.0,0.0,6727.99072265625,109.26506042480469,0.8702298402786255
1775570368760,1.0,0.0,6728.6279296875,109.49677276611328,0.8704096078872681
1775570368780,1.0,0.0,6729.26708984375,109.7213134765625,0.8705887794494629
1775570368800,1.0,0.0,6729.9072265625,109.95452117919922,0.870769202709198
1775570368820,1.0,0.0,6730.548828125,110.20215606689453,0.870948851108551
1775570368840,1.0,0.0,6731.10009765625,110.43072509765625,0.87112957239151
1775570368860,1.0,0.0,6731.744140625,110.68599700927734,0.8712847828865051
1775570368880,1.0,0.0,6732.2978515625,110.91778564453125,0.8714399933815002
1775570368900,1.0,0.0,6732.94482421875,111.11202239990234,0.8716214895248413
1775570368920,1.0,0.0,6733.59326171875,111.35330963134766,0.8718034625053406
1775570368940,1.0,0.0,6734.150390625,111.60053253173828,0.8719598054885864
1775570368960,1.0,0.0,6734.8017578125,111.81852722167969,0.872143030166626
1775570368980,1.0,0.0,6735.361328125,112.06316375732422,0.8722996115684509
1775570369000,1.0,0.0,6736.20263671875,112.30101776123047,0.8725347518920898
1775570369020,1.0,0.0,6736.7646484375,112.50910949707031,0.8726931810379028
1775570369040,1.0,0.0,6737.1396484375,112.75408935546875,0.8728246092796326
1775570369060,1.0,0.0,6737.79736328125,112.98243713378906,0.8730089664459229
1775570369080,1.0,0.0,6738.64501953125,113.18570709228516,0.8732202053070068
1775570369100,1.0,0.0,6739.21142578125,113.41157531738281,0.8733802437782288
1775570369120,1.0,0.0,6739.873046875,113.64417266845703,0.8735395073890686
1775570369140,1.0,0.0,6740.44140625,113.87129974365234,0.8737243413925171
1775570369160,1.0,0.0,6741.10595703125,114.1004409790039,0.8739116787910461
1775570369180,1.0,0.0,6741.6767578125,114.32415771484375,0.8740717172622681
1775570369200,1.0,0.0,6742.34375,114.53045654296875,0.8742590546607971
1775570369220,1.0,0.0,6743.0126953125,114.7575912475586,0.8744450211524963
1775570369240,1.0,0.0,6743.4912109375,114.98985290527344,0.8745774626731873
1775570369260,1.0,0.0,6744.162109375,115.20662689208984,0.8747937679290771
1775570369280,1.0,0.0,6744.9306640625,115.42887115478516,0.8749846816062927
1775570369300,1.0,0.0,6745.6044921875,115.6359634399414,0.8751749992370605
1775570369320,1.0,0.0,6746.08642578125,115.83531951904297,0.8753086924552917
1775570369340,1.0,0.0,6746.76220703125,116.07622528076172,0.8754987120628357
1775570369361,1.0,0.0,6747.43994140625,116.31263732910156,0.8757162690162659
1775570369380,1.0,0.0,6748.021484375,116.50613403320312,0.875879168510437
1775570369400,1.0,0.0,6748.79833984375,116.72410583496094,0.8760698437690735
1775570369420,1.0,0.0,6749.4794921875,116.93925476074219,0.8762608170509338
1775570369440,1.0,0.0,6750.06396484375,117.13275146484375,0.8764515519142151
1775570369460,1.0,0.0,6750.74755859375,117.34252166748047,0.8766172528266907
1775570369480,1.0,0.0,6751.33447265625,117.55594635009766,0.876781702041626
1775570369500,1.0,0.0,6752.11865234375,117.76927185058594,0.8770007491111755
1775570369520,1.0,0.0,6752.70751953125,118.01335906982422,0.8771666288375854
1775570369540,1.0,0.0,6753.2978515625,118.21832275390625,0.8773322701454163
1775570369560,1.0,0.0,6754.0859375,118.39169311523438,0.8775533437728882
1775570369580,1.0,0.0,6754.677734375,118.6036148071289,0.8777202367782593
1775570369600,0.9882999658584595,0.0,6755.27099609375,118.7962646484375,0.8778859376907349
1775570369620,0.8905999660491943,0.0,6755.865234375,119.02861022949219,0.8780800700187683
1775570369640,0.7422000169754028,0.0,6756.5595703125,119.23822784423828,0.878246545791626
1775570369660,0.5820499658584595,0.0,6757.15576171875,119.39054107666016,0.8784432411193848
1775570369680,0.4562999904155731,0.0,6757.85205078125,119.47711181640625,0.8786657452583313
1775570369701,0.3095000088214874,0.0,6758.748046875,119.54024505615234,0.8788601756095886
1775570369720,0.1904500126838684,0.0,6759.345703125,119.51925659179688,0.8790274858474731
1775570369740,0.09920001029968262,0.0,6759.943359375,119.47381591796875,0.8791952133178711
1775570369760,0.05160000920295715,0.0,6760.5400390625,119.4193115234375,0.879391074180603
1775570369780,0.04365000128746033,0.0,6761.33544921875,119.34965515136719,0.8795878291130066
1775570369800,0.07540002465248108,0.0,6761.83251953125,119.2994384765625,0.8797542452812195
1775570369820,0.15870001912117004,0.0,6762.626953125,119.24284362792969,0.8799496293067932
1775570369840,0.33329999446868896,0.0,6763.12353515625,119.16864013671875,0.8800869584083557
1775570369860,0.48805001378059387,0.0,6763.818359375,119.12627410888672,0.8803110122680664
1775570369880,0.6172000169754028,0.0,6764.5126953125,119.05884552001953,0.8805065155029297
1775570369900,0.7577999830245972,0.0,6765.00830078125,118.99942779541016,0.8807016015052795
1775570369920,0.84375,0.0,6765.99951171875,118.95218658447266,0.8808953166007996
1775570369940,0.9218499660491943,0.0,6766.39599609375,118.88426208496094,0.8810362219810486
1775570369960,0.9765499830245972,0.0,6767.18798828125,118.82450866699219,0.8812301754951477
1775570369980,1.0,0.0,6767.88037109375,118.94442749023438,0.8814238905906677
1775570370000,1.0,0.0,6768.47509765625,119.3038330078125,0.881590723991394
1775570370020,1.0,0.0,6769.17138671875,119.68559265136719,0.8817856311798096
1775570370040,1.0,0.0,6769.8701171875,119.98282623291016,0.8819815516471863
1775570370060,1.0,0.0,6770.57080078125,120.24848937988281,0.8821788430213928
1775570370080,1.0,0.0,6771.27294921875,120.46680450439453,0.8823747634887695
1775570370100,1.0,0.0,6771.9765625,120.65843200683594,0.8825722932815552
1775570370120,1.0,0.0,6772.58056640625,120.86602020263672,0.882742702960968
1775570370140,1.0,0.0,6773.08447265625,121.06580352783203,0.8828824758529663
1775570370160,1.0,0.0,6773.9931640625,121.25260925292969,0.8831374645233154
1775570370180,1.0,0.0,6774.701171875,121.4813461303711,0.8833104372024536
1775570370200,1.0,0.0,6775.3095703125,121.68965148925781,0.8835082650184631
1775570370220,1.0,0.0,6775.9189453125,121.8733139038086,0.8836777210235596
1775570370240,1.0,0.0,6776.732421875,122.0904312133789,0.883906364440918
1775570370260,1.0,0.0,6777.34326171875,122.30562591552734,0.8840780258178711
1775570370280,1.0,0.0,6777.95556640625,122.49261474609375,0.8842490315437317
1775570370300,1.0,0.0,6778.568359375,122.69287872314453,0.8844214081764221
1775570370320,1.0,0.0,6779.28466796875,122.91014862060547,0.8846227526664734
1775570370340,1.0,0.0,6779.8994140625,123.08727264404297,0.8847941160202026
1775570370360,1.0,0.0,6780.61767578125,123.2994613647461,0.8849949836730957
1775570370380,1.0,0.0,6781.33740234375,123.52730560302734,0.8851980566978455
1775570370400,1.0,0.0,6781.95556640625,123.71500396728516,0.8854010105133057
1775570370420,1.0,0.0,6782.67724609375,123.9129638671875,0.8855740427970886
1775570370440,1.0,0.0,6783.400390625,124.1094970703125,0.8857765197753906
1775570370460,1.0,0.0,6784.12451171875,124.29478454589844,0.8859798908233643
1775570370480,1.0,0.0,6784.85009765625,124.51314544677734,0.8861835598945618
1775570370500,1.0,0.0,6785.57666015625,124.73019409179688,0.8863881826400757
1775570370520,1.0,0.0,6786.20068359375,124.91291046142578,0.8865640759468079
1775570370540,1.0,0.0,6786.9296875,125.11919403076172,0.8867684602737427
1775570370560,1.0,0.0,6787.55517578125,125.32073974609375,0.8869447112083435
1775570370580,1.0,0.0,6788.390625,125.49089050292969,0.8871780037879944
1775570370600,1.0,0.0,6789.01806640625,125.70243072509766,0.8873534798622131
1775570370620,1.0,0.0,6789.646484375,125.90662384033203,0.8875300288200378
1775570370640,1.0,0.0,6790.486328125,126.08246612548828,0.8877659440040588
1775570370660,1.0,0.0,6791.1171875,126.3201675415039,0.8879425525665283
1775570370680,1.0,0.0,6791.74853515625,126.53536224365234,0.8881192803382874
1775570370700,1.0,0.0,6792.48681640625,126.71214294433594,0.8883259296417236
1775570370720,1.0,0.0,6793.2265625,126.9156494140625,0.8885337114334106
1775570370740,1.0,0.0,6793.861328125,127.13514709472656,0.8887125253677368
1775570370760,1.0,0.0,6794.4970703125,127.31824493408203,0.8888896703720093
1775570370780,1.0,0.0,6795.4521484375,127.51539611816406,0.889159619808197
1775570370800,1.0,0.0,6796.09033203125,127.72726440429688,0.8893380165100098
1775570370821,1.0,0.0,6796.83544921875,127.91134643554688,0.889546811580658
1775570370840,1.0,0.0,6797.048828125,128.11981201171875,0.8896957039833069
1775570370860,1.0,0.0,6798.1162109375,128.3285675048828,0.889904797077179
1775570370880,1.0,0.0,6798.86474609375,128.4993438720703,0.8901153206825256
1775570370900,1.0,0.0,6799.7216796875,128.70196533203125,0.8903554677963257
1775570370920,1.0,0.0,6800.365234375,128.90647888183594,0.8905364274978638
1775570370940,1.0,0.0,6801.009765625,129.0870819091797,0.8907168507575989
1775570370960,1.0,0.0,6801.65576171875,129.2995147705078,0.8908976912498474
1775570370980,1.0,0.0,6802.51806640625,129.5176544189453,0.8911399245262146
1775570371000,1.0,0.0,6803.16552734375,129.69378662109375,0.8913208246231079
1775570371020,1.0,0.0,6804.03076171875,129.89776611328125,0.8915635943412781
1775570371040,1.0,0.0,6804.68017578125,130.10218811035156,0.8917465806007385
1775570371060,1.0,0.0,6805.33056640625,130.27536010742188,0.8919596076011658
1775570371080,1.0,0.0,6806.09033203125,130.47608947753906,0.8921430706977844
1775570371100,1.0,0.0,6806.74267578125,130.67576599121094,0.8923249244689941
1775570371120,1.0,0.0,6807.5048828125,130.84689331054688,0.8925390243530273
1775570371140,1.0,0.0,6808.15966796875,131.06114196777344,0.8927221298217773
1775570371160,1.0,0.0,6808.92431640625,131.2924346923828,0.8929374814033508
1775570371180,1.0,0.0,6809.5810546875,131.47088623046875,0.8931220769882202
1775570371200,1.0,0.0,6810.56787109375,131.66807556152344,0.8933976888656616
1775570371220,1.0,0.0,6811.0068359375,131.86453247070312,0.8935204148292542
1775570371240,1.0,0.0,6811.99609375,132.04539489746094,0.8937980532646179
1775570371260,1.0,0.0,6812.65673828125,132.24542236328125,0.893984317779541
1775570371280,1.0,0.0,6813.42822265625,132.4429473876953,0.894201397895813
1775570371300,1.0,0.0,6814.09033203125,132.61749267578125,0.8943859338760376
1775570371320,1.0,0.0,6814.8642578125,132.82791137695312,0.8946029543876648
1775570371340,1.0,0.0,6815.5283203125,133.03396606445312,0.8948203325271606
1775570371360,1.0,0.0,6816.30419921875,133.18994140625,0.8950063586235046
1775570371380,1.0,0.0,6816.97021484375,133.3817596435547,0.8952249884605408
1775570371400,1.0,0.0,6817.74853515625,133.59934997558594,0.895411491394043
1775570371420,1.0,0.0,6818.41650390625,133.7740936279297,0.8955986499786377
1775570371440,1.0,0.0,6819.197265625,133.98153686523438,0.8958185315132141
1775570371460,1.0,0.0,6820.2021484375,134.1827850341797,0.8961014151573181
1775570371480,1.0,0.0,6820.873046875,134.3431396484375,0.8962877988815308
1775570371500,0.9257999658584595,0.0,6821.4326171875,134.52615356445312,0.8964457511901855
1775570371520,0.6523500084877014,0.0,6822.10498046875,134.7086944580078,0.896632969379425
1775570371540,0.3650500178337097,0.0,6823.11474609375,134.80873107910156,0.8969166874885559
1775570371560,0.0,0.0,6823.56396484375,134.83837890625,0.8970426321029663
1775570371580,0.0,0.0,6824.23779296875,134.76011657714844,0.8972950577735901
1775570371600,0.0,0.0,6825.36083984375,134.67466735839844,0.8975481986999512
1775570371620,0.0,0.0,6826.033203125,134.5753173828125,0.8977366089820862
1775570371640,0.0,0.0,6826.70556640625,134.471923828125,0.8979220986366272
1775570371660,0.0,0.0,6827.6015625,134.38681030273438,0.898176372051239
1775570371680,0.0,0.0,6828.2724609375,134.28372192382812,0.8983629941940308
1775570371700,0.0,0.0,6828.943359375,134.18478393554688,0.898553729057312
1775570371720,0.0,0.0,6829.72509765625,134.09494018554688,0.8987723588943481
1775570371740,0.0,0.04465193301439285,6830.39453125,133.9936065673828,0.8989605903625488
1775570371760,0.0,0.24307461082935333,6831.17529296875,133.83274841308594,0.8991793394088745
1775570371780,0.0,0.36388683319091797,6831.84326171875,133.5604705810547,0.8993666172027588
1775570371800,0.0,0.5203331708908081,6832.8427734375,133.1487274169922,0.8996139168739319
1775570371820,0.0,0.5867562294006348,6833.28564453125,132.62156677246094,0.8997716903686523
1775570371840,0.0,0.5936378836631775,6834.2783203125,132.1088104248047,0.9000499248504639
1775570371860,0.0,0.5463610887527466,6834.93701171875,131.46966552734375,0.900235652923584
1775570371880,0.0,0.5076366662979126,6835.5927734375,130.8946075439453,0.9004491567611694
1775570371900,0.0,0.5013568997383118,6836.24609375,130.41903686523438,0.9006014466285706
1775570371920,0.0,0.5013568997383118,6837.00537109375,129.8438262939453,0.9008143544197083
1775570371940,0.0,0.5267500281333923,6837.869140625,129.30377197265625,0.901055634021759
1775570371960,0.0,0.5663055777549744,6838.4072265625,128.81954956054688,0.9012070298194885
1775570371980,0.0,0.6651400327682495,6839.2646484375,128.2115936279297,0.9014483094215393
1775570372000,0.0,0.7572484612464905,6840.01123046875,127.53841400146484,0.9016570448875427
1775570372020,0.0,0.789578378200531,6840.64794921875,126.9417724609375,0.9018349051475525
1775570372040,0.0,0.8059867024421692,6841.38720703125,126.20640563964844,0.9020416736602783
1775570372060,0.0,0.8059867024421692,6842.01708984375,125.46599578857422,0.9022170305252075
1775570372080,0.0,0.8059867024421692,6842.74853515625,124.84712219238281,0.9024215340614319
1775570372100,0.0,0.8059867024421692,6843.37158203125,124.10481262207031,0.9025965332984924
1775570372120,0.0,0.8059867024421692,6843.9912109375,123.34972381591797,0.9027985334396362
1775570372140,0.0,0.8059867024421692,6844.71044921875,122.70177459716797,0.9029721021652222
1775570372160,0.0,0.789578378200531,6845.62841796875,121.98578643798828,0.9032287001609802
1775570372180,0.0,0.7814478278160095,6846.23681640625,121.26421356201172,0.9033992290496826
1775570372200,0.0,0.7814478278160095,6846.94287109375,120.61555480957031,0.9035972356796265
1775570372220,0.0,0.7814478278160095,6847.3447265625,119.88324737548828,0.903738260269165
1775570372240,0.0,0.8059867024421692,6848.2431640625,119.14918518066406,0.9039615392684937
1775570372260,0.0,0.8059867024421692,6848.93701171875,118.51615142822266,0.904155969619751
1775570372280,0.0,0.7814478278160095,6849.5283203125,117.77644348144531,0.9043212532997131
1775570372300,0.0,0.7653340697288513,6850.21435546875,117.09609985351562,0.9045132994651794
1775570372320,0.0,0.7493144869804382,6850.798828125,116.50371551513672,0.9047043323516846
1775570372340,0.0,0.7258039116859436,6851.4775390625,115.80548095703125,0.9048680663108826
1775570372360,0.0,0.7103726863861084,6852.0556640625,115.11473083496094,0.9050572514533997
1775570372380,0.0,0.7103726863861084,6852.7265625,114.58194732666016,0.9052196741104126
1775570372400,0.0,0.7027294039726257,6853.39404296875,113.95814514160156,0.9054068326950073
1775570372420,0.0,0.657785177230835,6853.962890625,113.30282592773438,0.9055657386779785
1775570372440,0.0,0.6075416803359985,6854.62353515625,112.74681091308594,0.9057518839836121
1775570372460,0.0,0.5936378836631775,6855.2802734375,112.15628051757812,0.9059372544288635
1775570372480,0.0,0.5867562294006348,6855.84033203125,111.58177947998047,0.906093955039978
1775570372500,0.0,0.5867562294006348,6856.39794921875,111.07535552978516,0.9062774181365967
1775570372520,0.0,0.5867562294006348,6857.04541015625,110.47687530517578,0.9064340591430664
1775570372540,0.0,0.5730466246604919,6857.59716796875,109.89041137695312,0.9066144824028015
1775570372560,0.0,0.5663055777549744,6858.23779296875,109.41220092773438,0.9067679643630981
1775570372580,0.0,0.5663055777549744,6859.05712890625,108.85929107666016,0.9069989919662476
1775570372600,0.0,0.5663055777549744,6859.60009765625,108.27333068847656,0.9071522951126099
1775570372620,0.0,0.5730466246604919,6860.05078125,107.78776550292969,0.907279908657074
1775570372640,0.0,0.5867562294006348,6860.857421875,107.24918365478516,0.9075067043304443
1775570372660,0.0,0.5867562294006348,6861.392578125,106.6946029663086,0.9076569080352783
1775570372680,0.0,0.5867562294006348,6861.92529296875,106.17313385009766,0.9078074097633362
1775570372700,0.0,0.5867562294006348,6862.455078125,105.54620361328125,0.9079568982124329
1775570372720,0.0,0.5867562294006348,6863.0703125,105.06214904785156,0.9081330895423889
1775570372740,0.0,0.5867562294006348,6863.59521484375,104.52873229980469,0.9082788825035095
1775570372760,0.0,0.5936378836631775,6864.11767578125,103.93046569824219,0.9084526896476746
1775570372780,0.0,0.5936378836631775,6864.72412109375,103.30000305175781,0.9086451530456543
1775570372800,0.0,0.5730466246604919,6865.24072265625,102.77964782714844,0.9087677001953125
1775570372820,0.0,0.5663055777549744,6866.09619140625,102.21077728271484,0.9089837670326233
1775570372840,0.0,0.5463610887527466,6866.521484375,101.6509780883789,0.9091052412986755
1775570372860,0.0,0.5267500281333923,6867.11376953125,101.14144134521484,0.9092712998390198
1775570372880,0.0,0.5203331708908081,6867.78662109375,100.37078094482422,0.9094604253768921
1775570372900,0.0,0.48893406987190247,6868.28759765625,99.6645278930664,0.9095798134803772
1775570372920,0.0,0.4468027353286743,6868.78515625,99.08582305908203,0.909741997718811
1775570372940,0.0,0.3796517848968506,6869.27978515625,98.43800354003906,0.9098817706108093
1775570372960,0.0,0.3093250095844269,6869.93505859375,97.81827545166016,0.910089910030365
1775570372980,0.0,0.26408976316452026,6870.5048828125,97.33292388916016,0.9102256298065186
1775570373000,0.0,0.20396281778812408,6871.0712890625,96.82414245605469,0.9103637933731079
1775570373020,0.0,0.13377243280410767,6871.55419921875,96.3907470703125,0.9105239510536194
1775570373040,0.0,0.0345337837934494,6872.03564453125,96.0788803100586,0.910683274269104
1775570373060,0.0,0.0,6872.51611328125,95.78005981445312,0.910796046257019
1775570373080,0.0,0.0,6872.9951171875,95.51202392578125,0.9109529256820679
1775570373100,0.0,0.0,6873.63232421875,95.28009796142578,0.9111118912696838
1775570373120,0.0,0.0,6874.1884765625,95.01991271972656,0.9112667441368103
1775570373140,0.0,0.0,6874.6640625,94.76425170898438,0.9114248752593994
1775570373160,0.0,0.0,6875.138671875,94.55648040771484,0.9115573763847351
1775570373180,0.0,0.0,6875.76953125,94.31124114990234,0.9117159247398376
1775570373200,0.0,0.0,6876.24169921875,94.06090545654297,0.9118485450744629
1775570373220,0.0,0.0,6876.712890625,93.84540557861328,0.9119824767112732
1775570373240,0.0,0.0,6877.3388671875,93.60531616210938,0.9121602773666382
1775570373260,0.0,0.0,6877.88525390625,93.3705825805664,0.9123125076293945
1775570373280,0.0,0.0,6878.3525390625,93.16038513183594,0.9124441742897034
1775570373300,0.03570002317428589,0.0,6878.818359375,92.91825866699219,0.9125785827636719
1775570373320,0.07140001654624939,0.0,6879.28271484375,92.69999694824219,0.9127095341682434
1775570373340,0.09920001029968262,0.0,6879.97802734375,92.52088165283203,0.9129093289375305
1775570373360,0.13885000348091125,0.0,6880.43994140625,92.32733154296875,0.913038432598114
1775570373380,0.18250000476837158,0.0,6880.97802734375,92.14124298095703,0.9131683707237244
1775570373400,0.2261500060558319,0.0,6881.361328125,91.98772430419922,0.9132978916168213
1775570373420,0.26980000734329224,0.0,6881.8974609375,91.8061294555664,0.9134501218795776
1775570373440,0.3015500009059906,0.0,6882.5087890625,91.62852478027344,0.9136254787445068
1775570373460,0.32534998655319214,0.0,6882.96630859375,91.47176361083984,0.9137572050094604
1775570373480,0.3412500023841858,0.0,6883.49951171875,91.29096221923828,0.9139057993888855
1775570373500,0.34915000200271606,0.0,6884.03125,91.12261962890625,0.9140568375587463
1775570373520,0.35315001010894775,0.0,6884.5625,90.98660278320312,0.9142085909843445
1775570373540,0.35315001010894775,0.0,6885.01708984375,90.85228729248047,0.9143408536911011
1775570373560,0.35315001010894775,0.0,6885.47119140625,90.73628997802734,0.9144672751426697
1775570373580,0.35315001010894775,0.0,6886.07666015625,90.6382827758789,0.9146381616592407
1775570373600,0.35315001010894775,0.0,6886.60498046875,90.52851104736328,0.9147676825523376
1775570373620,0.35315001010894775,0.0,6887.0576171875,90.42172241210938,0.9149165749549866
1775570373640,0.3650500178337097,0.0,6887.51025390625,90.33360290527344,0.9150652885437012
1775570373660,0.37299999594688416,0.0,6887.96142578125,90.2320327758789,0.9151740074157715
1775570373680,0.38089999556541443,0.0,6888.56298828125,90.14057922363281,0.9153448939323425
1775570373700,0.38885000348091125,0.0,6889.01416015625,90.06681823730469,0.9154716730117798
1775570373720,0.3968000113964081,0.0,6889.46435546875,89.9791030883789,0.9156008362770081
1775570373740,0.4007500112056732,0.0,6889.9892578125,89.89680480957031,0.9157484173774719
1775570373760,0.4007500112056732,0.0,6890.5888671875,89.82820892333984,0.915919303894043
1775570373780,0.3968000113964081,0.0,6891.03759765625,89.74885559082031,0.9160458445549011
1775570373800,0.38885000348091125,0.0,6891.48583984375,89.65990447998047,0.9161736369132996
1775570373820,0.38089999556541443,0.0,6892.0087890625,89.59447479248047,0.9163030982017517
1775570373840,0.37299999594688416,0.0,6892.53173828125,89.52580261230469,0.9164934754371643
1775570373860,0.3650500178337097,0.0,6893.05322265625,89.4563217163086,0.9166178703308105
1775570373880,0.34915000200271606,0.0,6893.5,89.4011459350586,0.9167463779449463
1775570373900,0.3372499942779541,0.0,6893.94677734375,89.34217834472656,0.9168755412101746
1775570373920,0.32534998655319214,0.0,6894.3935546875,89.27320861816406,0.9170014262199402
1775570373940,0.31744998693466187,0.0,6894.98876953125,89.20500183105469,0.9171660542488098
1775570373960,0.3095000088214874,0.0,6895.43505859375,89.1176986694336,0.9173170924186707
1775570373980,0.3095000088214874,0.0,6895.955078125,89.03642272949219,0.9174424409866333
1775570374000,0.3095000088214874,0.0,6896.548828125,88.95726776123047,0.9176141619682312
1775570374020,0.3095000088214874,0.0,6896.994140625,88.85331726074219,0.9177366495132446
1775570374040,0.3095000088214874,0.0,6897.43798828125,88.7485580444336,0.9178847670555115
1775570374060,0.31345000863075256,0.0,6897.8818359375,88.65505981445312,0.9179895520210266
1775570374080,0.31744998693466187,0.0,6898.546875,88.54129028320312,0.9181776642799377
1775570374100,0.32934999465942383,0.0,6898.9892578125,88.43114471435547,0.9183019399642944
1775570374120,0.32934999465942383,0.0,6899.43115234375,88.339111328125,0.9184283018112183
1775570374140,0.31744998693466187,0.0,6899.8720703125,88.23237609863281,0.9185541272163391
1775570374160,0.31345000863075256,0.0,6900.53271484375,88.12994384765625,0.918720543384552
1775570374180,0.31345000863075256,0.0,6900.97314453125,88.03661346435547,0.9188647270202637
1775570374200,0.31345000863075256,0.0,6901.41259765625,87.92078399658203,0.9189906120300293
1775570374220,0.31744998693466187,0.0,6901.85205078125,87.80940246582031,0.9191160202026367
1775570374240,0.32934999465942383,0.0,6902.29150390625,87.72068786621094,0.9192368984222412
1775570374260,0.3452000021934509,0.0,6902.94873046875,87.63525390625,0.9194247126579285
1775570374280,0.3650500178337097,0.0,6903.38671875,87.56810760498047,0.9195491671562195
1775570374300,0.37299999594688416,0.0,6903.82470703125,87.52281951904297,0.9196715950965881
1775570374320,0.37299999594688416,0.0,6904.26220703125,87.4730453491211,0.9197958707809448
1775570374340,0.37299999594688416,0.0,6904.77294921875,87.42713928222656,0.919937789440155
1775570374360,0.37299999594688416,0.0,6905.35693359375,87.39278411865234,0.9201021194458008
1775570374380,0.36900001764297485,0.0,6905.79443359375,87.34834289550781,0.9202254414558411
1775570374400,0.3650500178337097,0.0,6906.23095703125,87.30355072021484,0.9203477501869202
1775570374420,0.35315001010894775,0.0,6906.740234375,87.2611083984375,0.9204919338226318
1775570374440,0.3412500023841858,0.0,6907.1767578125,87.21453094482422,0.9206151366233826
1775570374460,0.32934999465942383,0.0,6907.83154296875,87.15901184082031,0.9207982420921326
1775570374480,0.31744998693466187,0.0,6908.267578125,87.10591888427734,0.9209203124046326
1775570374500,0.3095000088214874,0.0,6908.70263671875,87.03363037109375,0.9210425019264221
1775570374520,0.3015500009059906,0.0,6909.1376953125,86.9578857421875,0.9211643934249878
1775570374540,0.29360002279281616,0.0,6909.71728515625,86.87652587890625,0.921326756477356
1775570374560,0.2857000231742859,0.0,6910.22314453125,86.77263641357422,0.9214687347412109
1775570374580,0.2817000150680542,0.0,6910.43994140625,86.66495513916016,0.9215489625930786
1775570374600,0.2817000150680542,0.0,6911.16259765625,86.56547546386719,0.9217311143875122
1775570374620,0.27775001525878906,0.0,6911.52294921875,86.44860076904297,0.921831488609314
1775570374640,0.27775001525878906,0.0,6912.09912109375,86.32915496826172,0.9219911694526672
1775570374660,0.27775001525878906,0.0,6912.60302734375,86.22915649414062,0.9221110939979553
1775570374680,0.27775001525878906,0.0,6913.03369140625,86.12138366699219,0.9222508072853088
1775570374700,0.27775001525878906,0.0,6913.46435546875,86.01839447021484,0.9223700761795044
1775570374720,0.27775001525878906,0.0,6913.89501953125,85.93603515625,0.9224902391433716
1775570374740,0.27775001525878906,0.0,6914.4677734375,85.83477783203125,0.9226467609405518
1775570374760,0.27775001525878906,0.0,6914.96826171875,85.73844146728516,0.9227882623672485
1775570374780,0.27775001525878906,0.0,6915.3974609375,85.66521453857422,0.922906219959259
1775570374800,0.2738000154495239,0.0,6915.8251953125,85.59236145019531,0.9230250120162964
1775570374820,0.26980000734329224,0.0,6916.2529296875,85.51188659667969,0.9231408834457397
1775570374840,0.26190000772476196,0.0,6916.8232421875,85.45354461669922,0.9233202338218689
1775570374860,0.25394999980926514,0.0,6917.322265625,85.38359832763672,0.9234363436698914
1775570374880,0.2459999918937683,0.0,6917.7490234375,85.31035614013672,0.9235544800758362
1775570374900,0.23410001397132874,0.0,6918.17529296875,85.25260162353516,0.923672616481781
1775570374920,0.2301500141620636,0.0,6918.6015625,85.18596649169922,0.9238099455833435
1775570374940,0.2261500060558319,0.0,6919.24072265625,85.1166763305664,0.9239611029624939
1775570374960,0.2261500060558319,0.0,6919.666015625,85.05535888671875,0.9240814447402954
1775570374980,0.2261500060558319,0.0,6920.0908203125,84.9805908203125,0.9241915941238403
1775570375000,0.2261500060558319,0.0,6920.6572265625,84.90765380859375,0.9243499040603638
1775570375020,0.2301500141620636,0.0,6921.15283203125,84.84912872314453,0.9244852662086487
1775570375040,0.2301500141620636,0.0,6921.57666015625,84.774169921875,0.9246000647544861
1775570375060,0.2301500141620636,0.0,6922.0,84.69651794433594,0.9247173070907593
1775570375080,0.22220000624656677,0.0,6922.564453125,84.63629150390625,0.9248679876327515
1775570375100,0.21424999833106995,0.0,6922.9873046875,84.56451416015625,0.9249812364578247
1775570375120,0.19840002059936523,0.0,6923.48046875,84.46996307373047,0.9251173734664917
1775570375140,0.18250000476837158,0.0,6923.90234375,84.38465881347656,0.9252310395240784
1775570375160,0.16664999723434448,0.0,6924.32421875,84.31437683105469,0.9253475069999695
1775570375180,0.14680001139640808,0.0,6924.88671875,84.24552917480469,0.925494909286499
1775570375200,0.13885000348091125,0.0,6925.37744140625,84.16568756103516,0.9256289005279541
1775570375220,0.1269499957561493,0.0,6925.7978515625,84.06565856933594,0.9257433414459229
1775570375240,0.11904999613761902,0.0,6926.21826171875,83.96566009521484,0.9258811473846436
1775570375260,0.11904999613761902,0.0,6926.6376953125,83.87554168701172,0.9259735345840454
1775570375280,0.1269499957561493,0.0,6927.26611328125,83.76113891601562,0.9261390566825867
1775570375300,0.14285001158714294,0.0,6927.68505859375,83.65741729736328,0.9262562990188599
1775570375320,0.15870001912117004,0.0,6928.1025390625,83.5588150024414,0.9263674020767212
1775570375340,0.17855000495910645,0.0,6928.52001953125,83.44648742675781,0.9265030026435852
1775570375360,0.20634999871253967,0.0,6929.0068359375,83.33816528320312,0.9266112446784973
1775570375380,0.2261500060558319,0.0,6929.56201171875,83.2433090209961,0.9267593622207642
1775570375400,0.24204999208450317,0.0,6929.97802734375,83.13984680175781,0.9268720149993896
1775570375420,0.2459999918937683,0.0,6930.39404296875,83.03406524658203,0.9270032644271851
1775570375440,0.24994999170303345,0.0,6930.8779296875,82.93408966064453,0.9271142482757568
1775570375460,0.24994999170303345,0.0,6931.29248046875,82.82270812988281,0.9272286891937256
1775570375480,0.24994999170303345,0.0,6931.8447265625,82.71636962890625,0.927372932434082
1775570375500,0.24994999170303345,0.0,6932.32666015625,82.62609100341797,0.9274858832359314
1775570375520,0.24994999170303345,0.0,6932.73974609375,82.52141571044922,0.9276158809661865
1775570375540,0.25394999980926514,0.0,6933.15185546875,82.4154052734375,0.9277441501617432
1775570375560,0.26190000772476196,0.0,6933.701171875,82.32658386230469,0.9278753995895386
1775570375580,0.26980000734329224,0.0,6934.11279296875,82.22107696533203,0.9279866814613342
1775570375600,0.27775001525878906,0.0,6934.59228515625,82.12606048583984,0.9281109571456909
1775570375620,0.289650022983551,0.0,6935.07080078125,82.04676055908203,0.9282364845275879
1775570375640,0.30550000071525574,0.0,6935.41259765625,81.94718933105469,0.9283320903778076
1775570375660,0.32534998655319214,0.0,6936.02734375,81.85244750976562,0.9284766912460327
1775570375680,0.33329999446868896,0.0,6936.4365234375,81.77597045898438,0.9286086559295654
1775570375700,0.35315001010894775,0.0,6936.84521484375,81.70418548583984,0.9287091493606567
1775570375720,0.3650500178337097,0.0,6937.25390625,81.6377182006836,0.92881840467453
1775570375740,0.36900001764297485,0.0,6937.66259765625,81.59112548828125,0.9289290904998779
1775570375760,0.37299999594688416,0.0,6938.275390625,81.55119323730469,0.9290937781333923
1775570375780,0.37299999594688416,0.0,6938.68310546875,81.50932312011719,0.9292005300521851
1775570375800,0.37299999594688416,0.0,6939.09033203125,81.4796371459961,0.9293022155761719
1775570375820,0.37299999594688416,0.0,6939.49755859375,81.44935607910156,0.9294146299362183
1775570375840,0.37299999594688416,0.0,6939.90478515625,81.43285369873047,0.9295377731323242
1775570375860,0.37299999594688416,0.0,6940.515625,81.41584014892578,0.9296855926513672
1775570375880,0.3769499957561493,0.0,6940.9228515625,81.38031005859375,0.929790198802948
1775570375900,0.38089999556541443,0.0,6941.330078125,81.35009765625,0.9299084544181824
1775570375920,0.38885000348091125,0.0,6941.8046875,81.34745788574219,0.9300292730331421
1775570375940,0.3968000113964081,0.0,6942.34765625,81.34248352050781,0.9301720261573792
1775570375960,0.4126499891281128,0.0,6942.822265625,81.33304595947266,0.930279552936554
1775570375980,0.4205999970436096,0.0,6943.16162109375,81.32019805908203,0.9303911924362183
1775570376000,0.4364500045776367,0.0,6943.63623046875,81.31172943115234,0.9305152297019958
1775570376020,0.4562999904155731,0.0,6944.04296875,81.30203247070312,0.9306235313415527
1775570376040,0.4721499979496002,0.0,6944.58447265625,81.29925537109375,0.9307602047920227
1775570376060,0.48410001397132874,0.0,6945.05859375,81.30825805664062,0.9308702349662781
1775570376080,0.5,0.0,6945.39794921875,81.32877349853516,0.9309849739074707
1775570376100,0.5077999830245972,0.0,6945.873046875,81.34925079345703,0.9311050772666931
1775570376120,0.5195500254631042,0.0,6946.2802734375,81.37632751464844,0.9312173128128052
1775570376140,0.5234500169754028,0.0,6946.89111328125,81.41699981689453,0.9313611388206482
1775570376160,0.5273500084877014,0.0,6947.29833984375,81.46072387695312,0.9314855337142944
1775570376180,0.5195500254631042,0.0,6947.70556640625,81.51901245117188,0.931591808795929
1775570376200,0.5116999745368958,0.0,6948.11279296875,81.57137298583984,0.9317082166671753
1775570376220,0.5077999830245972,0.0,6948.52099609375,81.6141128540039,0.9318305253982544
1775570376240,0.49994999170303345,0.0,6949.13330078125,81.66240692138672,0.9319701790809631
1775570376260,0.4761500060558319,0.0,6949.60986328125,81.6978530883789,0.9320840835571289
1775570376280,0.46424999833106995,0.0,6949.9501953125,81.71451568603516,0.9321914315223694
1775570376300,0.4364500045776367,0.0,6950.42724609375,81.73172760009766,0.932316780090332
1775570376320,0.41659998893737793,0.0,6950.8359375,81.74169158935547,0.9324319958686829
1775570376340,0.4007500112056732,0.0,6951.24462890625,81.7499008178711,0.9325547814369202
1775570376360,0.3968000113964081,0.0,6951.7216796875,81.75829315185547,0.9326647520065308
1775570376380,0.3968000113964081,0.0,6952.2666015625,81.75592803955078,0.9328262805938721
1775570376400,0.4007500112056732,0.0,6952.67578125,81.74103546142578,0.9329177141189575
1775570376420,0.40869998931884766,0.0,6953.15283203125,81.73646545410156,0.9330493211746216
1775570376440,0.4205999970436096,0.0,6953.5615234375,81.74347686767578,0.933175802230835
1775570376460,0.4364500045776367,0.0,6953.9697265625,81.74978637695312,0.9332848787307739
1775570376480,0.44440001249313354,0.0,6954.4462890625,81.76432037353516,0.9333973526954651
1775570376500,0.4562999904155731,0.0,6954.9912109375,81.79092407226562,0.9335394501686096
1775570376520,0.46024999022483826,0.0,6955.33203125,81.80345916748047,0.9336310625076294
1775570376540,0.46024999022483826,0.0,6955.87744140625,81.81744384765625,0.933774471282959
1775570376560,0.46024999022483826,0.0,6956.3544921875,81.85093688964844,0.9339010715484619
1775570376580,0.46024999022483826,0.0,6956.76318359375,81.88356018066406,0.9340078830718994
1775570376600,0.452349990606308,0.0,6957.240234375,81.91141510009766,0.9341400861740112
1775570376620,0.452349990606308,0.0,6957.64990234375,81.93677520751953,0.934251070022583
1775570376640,0.46024999022483826,0.0,6958.05908203125,81.97000885009766,0.9343544244766235
1775570376660,0.46424999833106995,0.0,6958.537109375,82.01033020019531,0.9344799518585205
1775570376680,0.4681999981403351,0.0,6959.083984375,82.04087829589844,0.9346300363540649
1775570376700,0.4721499979496002,0.0,6959.5625,82.06389617919922,0.9347569346427917
1775570376720,0.48010000586509705,0.0,6959.97265625,82.08924102783203,0.9348694682121277
1775570376740,0.492000013589859,0.0,6960.3828125,82.1263198852539,0.9349973797798157
1775570376760,0.49994999170303345,0.0,6960.861328125,82.1521987915039,0.9351035952568054
1775570376780,0.5,0.0,6961.33984375,82.18254852294922,0.9352104663848877
1775570376800,0.5,0.0,6961.7509765625,82.23526000976562,0.9353401064872742
1775570376820,0.5,0.0,6962.162109375,82.27587890625,0.935455858707428
1775570376840,0.5038999915122986,0.0,6962.64208984375,82.33547973632812,0.9355809092521667
1775570376860,0.5038999915122986,0.0,6963.0537109375,82.39990997314453,0.9357084035873413
1775570376880,0.5077999830245972,0.0,6963.671875,82.45985412597656,0.9358518719673157
1775570376900,0.5077999830245972,0.0,6964.15283203125,82.52729797363281,0.9359835386276245
1775570376920,0.5077999830245972,0.0,6964.42822265625,82.60301208496094,0.9360564947128296
1775570376940,0.5077999830245972,0.0,6964.97900390625,82.6604232788086,0.9362215399742126
1775570376960,0.5156000256538391,0.0,6965.4609375,82.73043060302734,0.9363333582878113
1775570376980,0.5234500169754028,0.0,6965.943359375,82.80824279785156,0.9364630579948425
1775570377000,0.5273500084877014,0.0,6966.357421875,82.87565612792969,0.9365747570991516
1775570377020,0.5390499830245972,0.0,6966.8408203125,82.96421813964844,0.93670254945755
1775570377040,0.5586000084877014,0.0,6967.25537109375,83.05611419677734,0.9368340969085693
1775570377060,0.5780999660491943,0.0,6967.73974609375,83.14130401611328,0.9369425773620605
1775570377080,0.59375,0.0,6968.22509765625,83.25035858154297,0.9370737671852112
1775570377100,0.6132999658584595,0.0,6968.64111328125,83.3707275390625,0.937184751033783
1775570377120,0.6211000084877014,0.0,6969.12744140625,83.4857406616211,0.9373164176940918
1775570377140,0.6366999745368958,0.0,6969.544921875,83.62088775634766,0.9374523758888245
1775570377160,0.6405999660491943,0.0,6970.033203125,83.76091766357422,0.9375636577606201
1775570377180,0.6445499658584595,0.0,6970.4521484375,83.877685546875,0.9376926422119141
1775570377200,0.6445499658584595,0.0,6970.94140625,84.03129577636719,0.9378071427345276
1775570377220,0.6366999745368958,0.0,6971.36181640625,84.1913070678711,0.9379389882087708
1775570377240,0.6288999915122986,0.0,6971.85302734375,84.32432556152344,0.9380518794059753
1775570377260,0.6211000084877014,0.0,6972.48583984375,84.47430419921875,0.938220739364624
1775570377280,0.6093499660491943,0.0,6972.9091796875,84.6182632446289,0.938357412815094
1775570377300,0.5976499915122986,0.0,6973.40283203125,84.76351928710938,0.9384709000587463
1775570377320,0.5820499658584595,0.0,6973.685546875,84.92155456542969,0.9385662078857422
1775570377340,0.5663999915122986,0.0,6974.32275390625,85.05200958251953,0.9387416243553162
1775570377360,0.5468500256538391,0.0,6974.67724609375,85.16404724121094,0.938815176486969
1775570377380,0.5429499745368958,0.0,6975.31689453125,85.3053207397461,0.938988447189331
1775570377400,0.5508000254631042,0.0,6975.814453125,85.43931579589844,0.939103364944458
1775570377420,0.5625,0.0,6976.099609375,85.54644775390625,0.9392016530036926
1775570377440,0.5820499658584595,0.0,6976.669921875,85.68680572509766,0.9393764734268188
1775570377460,0.6015499830245972,0.0,6977.24169921875,85.8320541381836,0.9394912719726562
1775570377480,0.6211000084877014,0.0,6977.67138671875,85.96257781982422,0.9396286606788635
1775570377500,0.6601499915122986,0.0,6978.10205078125,86.13859558105469,0.9397459626197815
1775570377520,0.71875,0.0,6978.4609375,86.34078979492188,0.9398428797721863
1775570377540,0.7695499658584595,0.0,6979.037109375,86.51258850097656,0.9400182962417603
1775570377560,0.8202999830245972,0.0,6979.61474609375,86.73823547363281,0.9401393532752991
1775570377580,0.8672000169754028,0.0,6980.04931640625,86.99874877929688,0.9402775168418884
1775570377600,0.8945499658584595,0.0,6980.48486328125,87.24113464355469,0.9404152631759644
1775570377620,0.9218499660491943,0.0,6980.99462890625,87.53714752197266,0.9405361413955688
1775570377640,0.9452999830245972,0.0,6981.505859375,87.86382293701172,0.9406743049621582
1775570377660,0.96875,0.0,6981.94580078125,88.1641845703125,0.9407938122749329
1775570377680,1.0,0.0,6982.4609375,88.49690246582031,0.9409352540969849
1775570377700,1.0,0.0,6982.904296875,88.82991027832031,0.9410589933395386
1775570377720,1.0,0.0,6983.42333984375,89.1168441772461,0.9412010908126831
1775570377740,1.0,0.0,6983.86962890625,89.46410369873047,0.9413442611694336
1775570377760,1.0,0.0,6984.39208984375,89.81690216064453,0.9414666891098022
1775570377780,1.0,0.0,6984.841796875,90.12545776367188,0.9415913224220276
1775570377800,1.0,0.0,6985.36865234375,90.46973419189453,0.941736102104187
1775570377820,1.0,0.0,6985.8212890625,90.78939819335938,0.9418588876724243
1775570377840,1.0,0.0,6986.42724609375,91.07417297363281,0.9420488476753235
1775570377860,1.0,0.0,6986.95947265625,91.42532348632812,0.9421729445457458
1775570377880,1.0,0.0,6987.4931640625,91.75347900390625,0.9423229694366455
1775570377900,1.0,0.0,6987.95263671875,92.02010345458984,0.9424499869346619
1775570377920,1.0,0.0,6988.4130859375,92.34233856201172,0.9425755143165588
1775570377940,1.0,0.0,6988.9521484375,92.65924835205078,0.9427261352539062
1775570377960,1.0,0.0,6989.5703125,92.9326171875,0.9428962469100952
1775570377980,1.0,0.0,6990.03564453125,93.26226806640625,0.9430240988731384
1775570378000,1.0,0.0,6990.580078125,93.60061645507812,0.9431775212287903
1775570378020,1.0,0.0,6991.048828125,93.87923431396484,0.9433062672615051
1775570378040,1.0,0.0,6991.5185546875,94.19939422607422,0.9434384703636169
1775570378060,1.0,0.0,6992.22607421875,94.51493072509766,0.9436325430870056
1775570378080,1.0,0.0,6992.69970703125,94.7912368774414,0.9437633156776428
1775570378100,1.0,0.0,6993.17431640625,95.09677124023438,0.9438967108726501
1775570378120,1.0,0.0,6993.650390625,95.40670013427734,0.9440296292304993
1775570378140,1.0,0.0,6994.12744140625,95.68893432617188,0.9441614151000977
1775570378160,1.0,0.0,6994.845703125,96.00994110107422,0.9443599581718445
1775570378180,1.0,0.0,6995.326171875,96.30299377441406,0.9444943070411682
1775570378200,1.0,0.0,6995.80810546875,96.55339050292969,0.9446283578872681
1775570378220,1.0,0.0,6996.291015625,96.86580657958984,0.944762110710144
1775570378240,1.0,0.0,6996.9375,97.1797866821289,0.9449411034584045
1775570378260,1.0,0.0,6997.423828125,97.43315124511719,0.945077121257782
1775570378280,1.0,0.0,6997.9931640625,97.73394775390625,0.9452123641967773
1775570378300,0.96875,0.0,6998.40087890625,98.05909729003906,0.9453704953193665
1775570378320,0.9297000169754028,0.0,6998.97314453125,98.33216094970703,0.9455075860023499
1775570378340,0.8672000169754028,0.0,6999.62890625,98.59358215332031,0.9456918239593506
1775570378360,0.78125,0.0,7000.1220703125,98.86184692382812,0.9458281993865967
1775570378380,0.7030999660491943,0.0,7000.6162109375,99.06768798828125,0.9459661841392517
1775570378400,0.6132999658584595,0.0,7001.35888671875,99.25798034667969,0.9461504817008972
1775570378420,0.5156000256538391,0.0,7001.85498046875,99.40408325195312,0.9463107585906982
1775570378440,0.452349990606308,0.0,7002.3515625,99.51087188720703,0.9464502334594727
1775570378460,0.3769499957561493,0.0,7002.84912109375,99.61328125,0.9465884566307068
1775570378480,0.31744998693466187,0.0,7003.51318359375,99.65877532958984,0.9467735290527344
1775570378500,0.2817000150680542,0.0,7004.01123046875,99.67627716064453,0.9469122290611267
1775570378520,0.26190000772476196,0.0,7004.50927734375,99.6824722290039,0.9470521211624146
1775570378540,0.25394999980926514,0.0,7005.17333984375,99.66746520996094,0.9472597241401672
1775570378560,0.26190000772476196,0.0,7005.587890625,99.62955474853516,0.947352409362793
1775570378580,0.26980000734329224,0.0,7006.333984375,99.54662322998047,0.94756019115448
1775570378600,0.2817000150680542,0.0,7006.748046875,99.4909439086914,0.9476760625839233
1775570378620,0.29760000109672546,0.0,7007.24462890625,99.43460083007812,0.9478142857551575
1775570378640,0.31744998693466187,0.0,7007.90673828125,99.35523223876953,0.9479982256889343
1775570378660,0.3412500023841858,0.0,7008.4033203125,99.302734375,0.9481371641159058
1775570378680,0.36900001764297485,0.0,7008.982421875,99.23690032958984,0.9482985734939575
1775570378700,0.38089999556541443,0.0,7009.64306640625,99.1899185180664,0.9484822750091553
1775570378720,0.40470001101493835,0.0,7010.13818359375,99.13674926757812,0.9486194849014282
1775570378740,0.41659998893737793,0.0,7010.63330078125,99.06730651855469,0.9487571120262146
1775570378760,0.42855000495910645,0.0,7011.12841796875,99.02266693115234,0.9488953351974487
1775570378780,0.46424999833106995,0.0,7011.78857421875,98.98812103271484,0.9490797519683838
1775570378800,0.4959999918937683,0.0,7012.36572265625,99.04493713378906,0.9492419362068176
1775570378820,0.5156000256538391,0.0,7012.86181640625,99.49051666259766,0.9493803381919861
1775570378840,0.5508000254631042,0.0,7013.359375,99.7437973022461,0.949519157409668
1775570378860,0.5820499658584595,0.0,7013.8583984375,99.95199584960938,0.9496579766273499
1775570378880,0.6132999658584595,0.0,7014.52587890625,100.35637664794922,0.9498443603515625
1775570378900,0.6757999658584595,0.0,7015.02880859375,100.72506713867188,0.9499841928482056
1775570378920,0.7304499745368958,0.0,7015.533203125,100.917724609375,0.9501479864120483
1775570378940,0.7890499830245972,0.0,7016.20654296875,101.05890655517578,0.9503358602523804
1775570378960,0.8593499660491943,0.0,7016.79736328125,101.22108459472656,0.9504765868186951
1775570378980,0.9140499830245972,0.0,7017.30419921875,101.37793731689453,0.9506181478500366
1775570379000,0.9726499915122986,0.0,7017.8115234375,101.59001159667969,0.9507604837417603
1775570379020,1.0,0.0,7018.31982421875,101.83718872070312,0.9509015679359436
1775570379040,1.0,0.0,7018.99951171875,102.04145050048828,0.9510909914970398
1775570379060,1.0,0.0,7019.51025390625,102.27992248535156,0.9512568712234497
1775570379080,1.0,0.0,7020.107421875,102.5260009765625,0.9513992071151733
1775570379100,1.0,0.0,7020.79150390625,102.74552917480469,0.9515901207923889
1775570379120,1.0,0.0,7021.3056640625,103.00517272949219,0.951733410358429
1775570379140,1.0,0.0,7021.81982421875,103.24787139892578,0.951901376247406
1775570379160,1.0,0.0,7022.33544921875,103.42890930175781,0.9520217180252075
1775570379180,1.0,0.0,7023.1103515625,103.62586212158203,0.9522379636764526
1775570379200,1.0,0.0,7023.6279296875,103.84319305419922,0.9523827433586121
1775570379220,1.0,0.0,7024.14697265625,104.05619049072266,0.9525279402732849
1775570379240,1.0,0.0,7024.66748046875,104.33357238769531,0.9526739716529846
1775570379260,1.0,0.0,7025.45068359375,104.6197738647461,0.9528684020042419
1775570379280,1.0,0.0,7025.88720703125,104.86248779296875,0.9530153870582581
1775570379300,1.0,0.0,7026.49951171875,105.1355972290039,0.9531867504119873
1775570379320,1.0,0.0,7027.025390625,105.4018325805664,0.9533340334892273
1775570379340,1.0,0.0,7027.72900390625,105.61720275878906,0.9535303115844727
1775570379360,1.0,0.0,7028.34619140625,105.88357543945312,0.9536786079406738
1775570379380,1.0,0.0,7028.87646484375,106.1513442993164,0.9538516402244568
1775570379400,1.0,0.0,7029.4072265625,106.38369750976562,0.9540004730224609
1775570379420,1.0,0.0,7029.939453125,106.65865325927734,0.9541497826576233
1775570379440,1.0,0.0,7030.65087890625,106.9250259399414,0.954348623752594
1775570379460,1.0,0.0,7031.185546875,107.14822387695312,0.9544984102249146
1775570379480,1.0,0.0,7031.81103515625,107.4095458984375,0.954649031162262
1775570379500,1.0,0.0,7032.3486328125,107.6825180053711,0.9548245072364807
1775570379520,1.0,0.0,7032.88720703125,107.92314910888672,0.9549750685691833
1775570379540,1.0,0.0,7033.60693359375,108.19888305664062,0.955176591873169
1775570379560,1.0,0.0,7034.14794921875,108.46932983398438,0.9553285837173462
1775570379580,1.0,0.0,7034.6904296875,108.69931030273438,0.9554806351661682
1775570379600,1.0,0.0,7035.5068359375,108.97459411621094,0.9556835293769836
1775570379620,1.0,0.0,7036.05224609375,109.25007629394531,0.955861508846283
1775570379640,1.0,0.0,7036.59912109375,109.48957061767578,0.9560399055480957
1775570379660,1.0,0.0,7037.14697265625,109.7566146850586,0.9561676383018494
1775570379680,1.0,0.0,7037.97119140625,110.02739715576172,0.9563718438148499
1775570379700,1.0,0.0,7038.52197265625,110.26530456542969,0.956551730632782
1775570379720,1.0,0.0,7039.07373046875,110.53309631347656,0.9567059874534607
1775570379740,1.0,0.0,7039.62646484375,110.79839324951172,0.9568873643875122
1775570379760,1.0,0.0,7040.36572265625,111.0361328125,0.9570682644844055
1775570379780,1.0,0.0,7040.73583984375,111.31085968017578,0.9571980834007263
1775570379800,1.0,0.0,7041.57080078125,111.57205200195312,0.9574056267738342
1775570379820,1.0,0.0,7042.22216796875,111.8033447265625,0.9575875997543335
1775570379840,1.0,0.0,7042.6884765625,112.06904602050781,0.9577439427375793
1775570379860,1.0,0.0,7043.52978515625,112.34114837646484,0.957953691482544
1775570379880,1.0,0.0,7044.091796875,112.5843276977539,0.9581112861633301
1775570379900,1.0,0.0,7044.6552734375,112.84944152832031,0.9582695364952087
1775570379920,1.0,0.0,7045.21923828125,113.11392974853516,0.9584272503852844
1775570379940,1.0,0.0,7045.78466796875,113.34771728515625,0.9585862159729004
1775570379960,1.0,0.0,7046.63525390625,113.61858367919922,0.9588244557380676
1775570379980,1.0,0.0,7047.20361328125,113.88632202148438,0.9589830636978149
1775570380000,1.0,0.0,7047.7734375,114.1153564453125,0.9591432809829712
1775570380020,1.0,0.0,7048.34423828125,114.3733901977539,0.9593037366867065
1775570380040,1.0,0.0,7049.01171875,114.6527099609375,0.9594910144805908
1775570380060,1.0,0.0,7049.7763671875,114.8885269165039,0.9597057700157166
1775570380080,1.0,0.0,7050.3515625,115.16714477539062,0.9598667025566101
1775570380100,1.0,0.0,7051.0234375,115.41500091552734,0.9600558876991272
1775570380120,1.0,0.0,7051.6005859375,115.63016510009766,0.9602177739143372
1775570380140,1.0,0.0,7052.1787109375,115.88346862792969,0.9603806138038635
1775570380160,1.0,0.0,7053.04833984375,116.13934326171875,0.9605975151062012
1775570380180,1.0,0.0,7053.62939453125,116.36614227294922,0.9607877731323242
1775570380200,1.0,0.0,7054.2119140625,116.62100982666016,0.9609505534172058
1775570380220,1.0,0.0,7054.79541015625,116.8885269165039,0.9611146450042725
1775570380240,1.0,0.0,7055.3798828125,117.13014221191406,0.9612788558006287
1775570380260,1.0,0.0,7056.2587890625,117.40227508544922,0.9615253806114197
1775570380280,1.0,0.0,7056.845703125,117.60486602783203,0.9616904258728027
1775570380300,1.0,0.0,7057.43310546875,117.72833251953125,0.9618551731109619
1775570380320,1.0,0.0,7058.021484375,117.91021728515625,0.9620216488838196
1775570380340,1.0,0.0,7058.70947265625,118.2165298461914,0.9622154235839844
1775570380360,1.0,0.0,7059.4990234375,118.47819519042969,0.9624364376068115
1775570380380,1.0,0.0,7060.0927734375,118.85724639892578,0.9626034498214722
1775570380400,1.0,0.0,7060.6875,119.0753402709961,0.9627982974052429
1775570380420,1.0,0.0,7061.3828125,119.17250061035156,0.9629647731781006
1775570380440,1.0,0.0,7061.97900390625,119.3709945678711,0.963132381439209
1775570380460,1.0,0.0,7062.87451171875,119.62992095947266,0.9633563160896301
1775570380480,1.0,0.0,7063.373046875,119.91680908203125,0.9635525941848755
1775570380500,1.0,0.0,7064.0732421875,120.18610382080078,0.9637210369110107
1775570380520,1.0,0.0,7064.673828125,120.38021850585938,0.9638901352882385
1775570380540,1.0,0.0,7065.27587890625,120.50745391845703,0.9640588760375977
1775570380560,1.0,0.0,7066.18017578125,120.72958374023438,0.964312732219696
1775570380580,1.0,0.0,7066.7841796875,120.96824645996094,0.9644831418991089
1775570380600,1.0,0.0,7067.38916015625,121.20401000976562,0.9646531343460083
1775570380620,1.0,0.0,7067.9951171875,121.42399597167969,0.9648229479789734
1775570380640,1.0,0.0,7068.80419921875,121.61064147949219,0.9650790691375732
1775570380660,1.0,0.0,7069.513671875,121.75093841552734,0.9652494788169861
1775570380680,1.0,0.0,7070.123046875,121.97367095947266,0.965421199798584
1775570380700,1.0,0.0,7070.7333984375,122.24551391601562,0.9655922055244446
1775570380720,1.0,0.0,7071.44677734375,122.53092956542969,0.9657930135726929
1775570380740,1.0,0.0,7072.263671875,122.76892852783203,0.9660229682922363
1775570380760,1.0,0.0,7072.97998046875,122.94921875,0.9661953449249268
1775570380780,1.0,0.0,7073.49267578125,123.09982299804688,0.966367781162262
1775570380800,1.0,0.0,7074.21142578125,123.35509490966797,0.9665694236755371
1775570380820,1.0,0.0,7074.8291015625,123.57362365722656,0.9667429327964783
1775570380840,1.0,0.0,7075.447265625,123.77139282226562,0.9669171571731567
1775570380860,1.0,0.0,7076.37646484375,124.01949310302734,0.9671776294708252
1775570380880,1.0,0.0,7076.9970703125,124.27873992919922,0.9673522114753723
1775570380900,1.0,0.0,7077.61865234375,124.4623794555664,0.967526376247406
1775570380920,1.0,0.0,7078.2412109375,124.69474029541016,0.9677011370658875
1775570380940,1.0,0.0,7078.96826171875,124.89897155761719,0.9679061770439148
1775570380960,1.0,0.0,7079.80126953125,125.0757064819336,0.9681392312049866
1775570380980,1.0,0.0,7080.4267578125,125.28108215332031,0.9683153629302979
1775570381000,1.0,0.0,7081.158203125,125.54005432128906,0.9685202836990356
1775570381020,1.0,0.0,7081.7861328125,125.72737121582031,0.9686970710754395
1775570381040,1.0,0.0,7082.4150390625,125.98917388916016,0.9688735008239746
1775570381060,1.0,0.0,7083.044921875,126.22248077392578,0.969079852104187
1775570381080,1.0,0.0,7083.9921875,126.43431091308594,0.9693160057067871
1775570381100,1.0,0.0,7084.625,126.6430435180664,0.9694933295249939
1775570381120,1.0,0.0,7085.25830078125,126.87039184570312,0.9697005152702332
1775570381140,1.0,0.0,7085.99853515625,127.06068420410156,0.9698780179023743
1775570381160,1.0,0.0,7086.63427734375,127.28214263916016,0.9700552821159363
1775570381180,1.0,0.0,7087.376953125,127.5156021118164,0.9702642560005188
1775570381200,1.0,0.0,7088.2275390625,127.70878601074219,0.970503032207489
1775570381220,1.0,0.0,7088.6533203125,127.96363830566406,0.9706526398658752
1775570381240,1.0,0.0,7089.61328125,128.21240234375,0.9708921313285828
1775570381260,1.0,0.0,7090.2548828125,128.4107666015625,0.9710723757743835
1775570381280,1.0,0.0,7091.00439453125,128.61895751953125,0.9712822437286377
1775570381300,1.0,0.0,7091.6474609375,128.8465118408203,0.9714628458023071
1775570381320,1.0,0.0,7092.29150390625,129.06434631347656,0.9716737866401672
1775570381340,1.0,0.0,7093.044921875,129.30320739746094,0.971854567527771
1775570381360,1.0,0.0,7094.0146484375,129.54505920410156,0.9721269011497498
1775570381380,1.0,0.0,7094.66259765625,129.74256896972656,0.9723083972930908
1775570381400,1.0,0.0,7095.31201171875,129.9713134765625,0.9724904894828796
1775570381420,1.0,0.0,7096.07080078125,130.21055603027344,0.9727032780647278
1775570381440,1.0,0.0,7096.72216796875,130.42056274414062,0.9728863835334778
1775570381460,1.0,0.0,7097.37451171875,130.6528778076172,0.9730691909790039
1775570381480,1.0,0.0,7098.13671875,130.8851776123047,0.9732828140258789
1775570381500,1.0,0.0,7098.79150390625,131.09027099609375,0.9734662771224976
1775570381520,1.0,0.0,7099.44677734375,131.314697265625,0.9736806154251099
1775570381540,1.0,0.0,7100.431640625,131.55506896972656,0.9739263653755188
1775570381560,1.0,0.0,7101.19921875,131.7556610107422,0.9741422533988953
1775570381580,1.0,0.0,7101.8583984375,131.9857940673828,0.9743266701698303
1775570381600,1.0,0.0,7102.51904296875,132.20602416992188,0.9745116233825684
1775570381620,1.0,0.0,7103.18017578125,132.40313720703125,0.9747279286384583
1775570381640,1.0,0.0,7103.953125,132.64340209960938,0.974913477897644
1775570381660,1.0,0.0,7104.61669921875,132.87774658203125,0.9750996232032776
1775570381680,1.0,0.0,7105.61376953125,133.06918334960938,0.9753789305686951
1775570381700,1.0,0.0,7106.279296875,133.31170654296875,0.9755662083625793
1775570381720,1.0,0.0,7107.0576171875,133.5308837890625,0.9757840037345886
1775570381740,1.0,0.0,7107.7255859375,133.7021942138672,0.975971519947052
1775570381760,1.0,0.0,7108.39404296875,133.92874145507812,0.9761900901794434
1775570381780,1.0,0.0,7109.17529296875,134.16696166992188,0.9763779640197754
1775570381800,1.0,0.0,7109.84619140625,134.36111450195312,0.9765658378601074
1775570381820,1.0,0.0,7110.6298828125,134.58297729492188,0.9767858386039734
1775570381840,1.0,0.0,7111.52734375,134.81192016601562,0.9770374894142151
1775570381860,1.0,0.0,7112.31396484375,134.99853515625,0.9772579669952393
1775570381880,1.0,0.0,7112.9892578125,135.22557067871094,0.9774469137191772
1775570381900,1.0,0.0,7113.77880859375,135.44921875,0.9776685833930969
1775570381920,1.0,0.0,7114.4560546875,135.64964294433594,0.9778582453727722
1775570381940,1.0,0.0,7115.13427734375,135.87301635742188,0.9780807495117188
1775570381960,1.0,0.0,7115.9267578125,136.0801544189453,0.9782712459564209
1775570381980,1.0,0.0,7116.60693359375,136.2682342529297,0.9784619212150574
1775570382000,1.0,0.0,7117.40185546875,136.49664306640625,0.9786848425865173
1775570382020,1.0,0.0,7118.08447265625,136.71438598632812,0.9788766503334045
1775570382040,1.0,0.0,7118.99560546875,136.91050720214844,0.9791639447212219
1775570382060,1.0,0.0,7119.794921875,137.15481567382812,0.9793556928634644
1775570382080,1.0,0.0,7120.59521484375,137.3865509033203,0.9795809984207153
1775570382100,1.0,0.0,7121.2822265625,137.5747833251953,0.9797730445861816
1775570382120,1.0,0.0,7121.970703125,137.7942657470703,0.9799664616584778
1775570382140,1.0,0.0,7122.77490234375,138.0126190185547,0.980224072933197
1775570382160,1.0,0.0,7123.46484375,138.1999969482422,0.9804179668426514
1775570382180,1.0,0.0,7124.27099609375,138.41773986816406,0.9806110858917236
1775570382200,1.0,0.0,7125.19384765625,138.6418914794922,0.980869472026825
1775570382220,1.0,0.0,7125.771484375,138.8241729736328,0.9810312986373901
1775570382240,1.0,0.0,7126.697265625,139.04798889160156,0.9812918305397034
1775570382260,1.0,0.0,7127.50927734375,139.26092529296875,0.9815197587013245
1775570382280,1.0,0.0,7128.20556640625,139.45191955566406,0.9817149043083191
1775570382300,1.0,0.0,7129.01904296875,139.6571044921875,0.9819431304931641
1775570382320,1.0,0.0,7129.7177734375,139.8794403076172,0.9821389317512512
1775570382340,1.0,0.0,7130.41748046875,140.06663513183594,0.9823680520057678
1775570382360,1.0,0.0,7131.234375,140.29156494140625,0.9825646281242371
1775570382380,1.0,0.0,7132.169921875,140.4940185546875,0.9828597903251648
1775570382400,1.0,0.0,7132.98974609375,140.68336486816406,0.9830566048622131
1775570382420,1.0,0.0,7133.45849609375,140.8907012939453,0.9831879138946533
1775570382440,1.0,0.0,7134.51513671875,141.0946502685547,0.9834845662117004
1775570382460,1.0,0.0,7135.22119140625,141.2883758544922,0.9836827516555786
1775570382480,1.0,0.0,7136.0458984375,141.50856018066406,0.983913779258728
1775570382500,1.0,0.0,7136.75390625,141.72544860839844,0.9841124415397644
1775570382520,1.0,0.0,7137.5810546875,141.8994903564453,0.9843443036079407
1775570382540,1.0,0.0,7138.291015625,142.11505126953125,0.9845764636993408
1775570382560,1.0,0.0,7139.11962890625,142.33250427246094,0.9847753643989563
1775570382580,1.0,0.0,7139.83154296875,142.50302124023438,0.9849750399589539
1775570382600,1.0,0.0,7140.900390625,142.70578002929688,0.9852744340896606
1775570382620,1.0,0.0,7141.3759765625,142.9025115966797,0.9854079484939575
1775570382640,1.0,0.0,7142.3291015625,143.0855255126953,0.985708475112915
1775570382660,1.0,0.0,7143.28369140625,143.3047637939453,0.9859427809715271
1775570382680,1.0,0.0,7144.0009765625,143.5323944091797,0.9861434698104858
1775570382700,1.0,0.0,7144.71875,143.69737243652344,0.9863446950912476
1775570382720,1.0,0.0,7145.55712890625,143.88954162597656,0.9865795969963074
1775570382740,1.0,0.0,7146.27685546875,144.1156005859375,0.9868149757385254
1775570382760,1.0,0.0,7146.99755859375,144.3013916015625,0.9870170950889587
1775570382780,1.0,0.0,7147.9599609375,144.50509643554688,0.9872197508811951
1775570382800,1.0,0.0,7148.6826171875,144.7039794921875,0.9874561429023743
1775570382820,1.0,0.0,7149.40625,144.8862762451172,0.9876590967178345
1775570382840,1.0,0.0,7150.37255859375,145.08935546875,0.9879633188247681
1775570382860,1.0,0.0,7151.34033203125,145.3011016845703,0.9881670475006104
1775570382880,1.0,0.0,7151.94580078125,145.47447204589844,0.9884048700332642
1775570382900,1.0,0.0,7152.794921875,145.67898559570312,0.9886085391044617
1775570382920,1.0,0.0,7153.52294921875,145.8820037841797,0.9888471364974976
1775570382940,1.0,0.0,7154.3740234375,146.05953979492188,0.9890519380569458
1775570382960,1.0,0.0,7155.10498046875,146.26422119140625,0.9892897009849548
1775570382980,1.0,0.0,7155.95849609375,146.46238708496094,0.9894955158233643
1775570383000,1.0,0.0,7156.69091796875,146.64761352539062,0.9897004961967468
1775570383020,1.0,0.0,7157.54638671875,146.83934020996094,0.9899411201477051
1775570383040,1.0,0.0,7158.525390625,147.04168701171875,0.9902155995368958
1775570383060,1.0,0.0,7159.38330078125,147.21934509277344,0.990456223487854
1775570383080,1.0,0.0,7160.1201171875,147.4247589111328,0.9906624555587769
1775570383100,1.0,0.0,7160.857421875,147.6319580078125,0.9908695816993713
1775570383120,1.0,0.0,7161.71875,147.79576110839844,0.9911110997200012
1775570383140,1.0,0.0,7162.4580078125,147.9858856201172,0.991352379322052
1775570383160,1.0,0.0,7163.32080078125,148.1956329345703,0.991560697555542
1775570383180,1.0,0.0,7164.06201171875,148.36647033691406,0.9917683601379395
1775570383200,1.0,0.0,7165.1748046875,148.55801391601562,0.9920804500579834
1775570383220,1.0,0.0,7165.669921875,148.7453155517578,0.9922196269035339
1775570383240,1.0,0.0,7166.66162109375,148.91104125976562,0.9925326108932495
1775570383260,1.0,0.0,7167.53076171875,149.1143035888672,0.9927416443824768
1775570383280,1.0,0.0,7168.2763671875,149.32675170898438,0.9929503202438354
1775570383300,1.0,0.0,7169.14794921875,149.49790954589844,0.9931948781013489
1775570383320,1.0,0.0,7169.8955078125,149.6913604736328,0.9934045076370239
1775570383340,1.0,0.0,7170.64404296875,149.88369750976562,0.9936493039131165
1775570383360,1.0,0.0,7171.7685546875,150.0419158935547,0.9939298033714294
1775570383380,1.0,0.0,7172.51904296875,150.23475646972656,0.9941754937171936
1775570383400,1.0,0.0,7173.3955078125,150.42665100097656,0.9943859577178955
1775570383420,1.0,0.0,7174.14794921875,150.60044860839844,0.9945966005325317
1775570383440,1.0,0.0,7175.0263671875,150.80136108398438,0.9948433637619019
1775570383460,1.0,0.0,7175.78076171875,150.9905548095703,0.9950549602508545
1775570383480,1.0,0.0,7176.66162109375,151.14488220214844,0.9953020811080933
1775570383500,1.0,0.0,7177.41748046875,151.33880615234375,0.995513916015625
1775570383520,1.0,0.0,7178.1748046875,151.52786254882812,0.9957259893417358
1775570383540,1.0,0.0,7179.31201171875,151.6863555908203,0.9960446357727051
1775570383560,1.0,0.0,7180.197265625,151.87966918945312,0.9962930679321289
1775570383580,1.0,0.0,7180.95703125,152.0615692138672,0.996505856513977
1775570383600,1.0,0.0,7181.71728515625,152.2270050048828,0.996719241142273
1775570383620,1.0,0.0,7182.60595703125,152.4098663330078,0.9969688057899475
1775570383640,1.0,0.0,7183.36767578125,152.59619140625,0.9972181916236877
1775570383660,1.0,0.0,7184.130859375,152.75015258789062,0.9974323511123657
1775570383680,1.0,0.0,7185.02197265625,152.92884826660156,0.9976465702056885
1775570383700,1.0,0.0,7185.9140625,153.119140625,0.9978971481323242
1775570383720,1.0,0.0,7186.6796875,153.26438903808594,0.9981111288070679
1775570383740,1.0,0.0,7187.70166015625,153.44715881347656,0.99843430519104
1775570383760,1.0,0.0,7188.724609375,153.64100646972656,0.998648464679718
1775570383780,1.0,0.0,7189.365234375,153.80438232421875,0.9989004731178284
1775570383800,1.0,0.0,7190.2626953125,153.97998046875,0.999116063117981
1775570383820,1.0,0.0,7191.033203125,154.16867065429688,0.9993679523468018
1775570383840,1.0,0.0,7191.9326171875,154.33595275878906,0.9995856881141663
1775570383860,1.0,0.0,7192.70458984375,154.5328369140625,0.9998462200164795
