timestamp_ms,gas,brake,distanceTraveled,speedKmh,normalizedCarPosition
1776175818333,1.0,0.0,3557.748291015625,152.9215850830078,0.0009547645458951592
1776175818353,1.0,0.0,3559.1494140625,153.11898803710938,0.0013481747591868043
1776175818373,1.0,0.0,3559.914794921875,153.29296875,0.001526231993921101
1776175818393,1.0,0.0,3560.55322265625,153.43646240234375,0.0017412015004083514
1776175818413,1.0,0.0,3561.31982421875,153.5983123779297,0.0019201381364837289
1776175818435,1.0,0.0,3561.959228515625,153.78646850585938,0.0021358500234782696
1776175818455,1.0,0.0,3563.36767578125,153.95376586914062,0.0025303582660853863
1776175818473,1.0,0.0,3564.13720703125,154.15127563476562,0.002710701897740364
1776175818493,1.0,0.0,3564.779052734375,154.3193359375,0.002926810644567013
1776175818514,1.0,0.0,3565.550048828125,154.4885711669922,0.003142950590699911
1776175818533,1.0,0.0,3566.32177734375,154.64767456054688,0.0033229582477360964
1776175818553,1.0,0.0,3567.73876953125,154.8296356201172,0.0037212043534964323
1776175818573,1.0,0.0,3568.3837890625,154.99229431152344,0.003937762696295977
1776175818596,1.0,0.0,3569.158447265625,155.20018005371094,0.004118483513593674
1776175818616,1.0,0.0,3569.8046875,155.34970092773438,0.004336411599069834
1776175818635,1.0,0.0,3570.580810546875,155.52450561523438,0.00451758923009038
1776175818655,1.0,0.0,3572.00537109375,155.70640563964844,0.004917304031550884
1776175818676,1.0,0.0,3572.65380859375,155.85633850097656,0.0051354905590415
1776175818695,1.0,0.0,3573.4326171875,156.03367614746094,0.005353920627385378
1776175818717,1.0,0.0,3574.212158203125,156.21377563476562,0.005536351352930069
1776175818735,1.0,0.0,3574.8623046875,156.36622619628906,0.005755074787884951
1776175818753,1.0,0.0,3576.425048828125,156.50967407226562,0.0061567844823002815
1776175818774,1.0,0.0,3577.0771484375,156.68319702148438,0.006375923752784729
1776175818794,1.0,0.0,3577.8603515625,156.85894775390625,0.006559464149177074
1776175818815,1.0,0.0,3578.513671875,157.03805541992188,0.006779354065656662
1776175818833,1.0,0.0,3579.29833984375,157.18902587890625,0.006962737534195185
1776175818858,1.0,0.0,3580.738525390625,157.38771057128906,0.007403338328003883
1776175818873,1.0,0.0,3581.525390625,157.51473999023438,0.007587513420730829
1776175818893,1.0,0.0,3582.181640625,157.6874542236328,0.007808996830135584
1776175818913,1.0,0.0,3582.9697265625,157.85903930664062,0.007992628030478954
1776175818933,1.0,0.0,3583.626953125,157.99819946289062,0.00821441225707531
1776175818953,1.0,0.0,3584.416259765625,158.16017150878906,0.008435155265033245
1776175818973,1.0,0.0,3585.864990234375,158.33096313476562,0.0088422242552042
1776175818993,1.0,0.0,3586.65625,158.4805450439453,0.00902682263404131
1776175819013,1.0,0.0,3587.316162109375,158.6513214111328,0.00924941711127758
1776175819033,1.0,0.0,3588.10888671875,158.8339080810547,0.009434249252080917
1776175819053,1.0,0.0,3589.564208984375,158.9792022705078,0.009843026287853718
1776175819073,1.0,0.0,3590.2265625,159.1571807861328,0.01013120450079441
1776175819093,1.0,0.0,3591.02197265625,159.32984924316406,0.010265299119055271
1776175819113,1.0,0.0,3591.818115234375,159.4634246826172,0.010265299119055271
1776175819133,1.0,0.0,3592.482177734375,159.63031005859375,0.010265299119055271
1776175819153,1.0,0.0,3593.279541015625,159.80897521972656,0.010889352299273014
1776175819173,1.0,0.0,3594.743408203125,159.95811462402344,0.011576107703149319
1776175819193,1.0,0.0,3595.40966796875,160.1280975341797,0.011576107703149319
1776175819213,1.0,0.0,3596.209716796875,160.29489135742188,0.011652182787656784
1776175819233,1.0,0.0,3596.876953125,160.43800354003906,0.011915362440049648
1776175819253,1.0,0.0,3597.678466796875,160.60595703125,0.012154039926826954
1776175819273,1.0,0.0,3599.149658203125,160.77101135253906,0.012566358782351017
1776175819293,1.0,0.0,3599.953125,160.91506958007812,0.012753560207784176
1776175819313,1.0,0.0,3600.623291015625,161.08782958984375,0.012979265302419662
1776175819334,1.0,0.0,3601.42822265625,161.27130126953125,0.013166678138077259
1776175819353,1.0,0.0,3602.906005859375,161.42019653320312,0.013580884784460068
1776175819373,1.0,0.0,3603.57861328125,161.57838439941406,0.013806833885610104
1776175819393,1.0,0.0,3604.38623046875,161.73663330078125,0.014033326879143715
1776175819413,1.0,0.0,3605.194580078125,161.87835693359375,0.014221846126019955
1776175819433,1.0,0.0,3605.86865234375,162.04324340820312,0.014448584988713264
1776175819453,1.0,0.0,3607.353515625,162.21624755859375,0.01486445777118206
1776175819473,1.0,0.0,3608.164306640625,162.3617401123047,0.015053940005600452
1776175819493,1.0,0.0,3608.840576171875,162.52810668945312,0.015281016007065773
1776175819513,1.0,0.0,3609.652587890625,162.68116760253906,0.01547119952738285
1776175819533,1.0,0.0,3610.329833984375,162.81520080566406,0.01569901779294014
1776175819553,1.0,0.0,3611.95703125,162.97586059570312,0.016116702929139137
1776175819573,1.0,0.0,3612.6357421875,163.13584899902344,0.016344893723726273
1776175819593,1.0,0.0,3613.450927734375,163.27012634277344,0.016535218805074692
1776175819613,1.0,0.0,3614.130859375,163.4407501220703,0.0167644415050745
1776175819633,1.0,0.0,3614.947509765625,163.62185668945312,0.016955764964222908
1776175819653,1.0,0.0,3615.628662109375,163.76788330078125,0.017184831202030182
1776175819673,1.0,0.0,3617.129150390625,163.9537353515625,0.017606331035494804
1776175819693,1.0,0.0,3617.94873046875,164.11448669433594,0.017836472019553185
1776175819713,1.0,0.0,3618.76904296875,164.24465942382812,0.018028145655989647
1776175819733,1.0,0.0,3619.453125,164.40908813476562,0.018259011209011078
1776175819753,1.0,0.0,3620.959716796875,164.5910186767578,0.018681656569242477
1776175819773,1.0,0.0,3621.782470703125,164.72755432128906,0.018874194473028183
1776175819793,1.0,0.0,3622.46875,164.8802947998047,0.01910511776804924
1776175819813,1.0,0.0,3623.29248046875,165.02513122558594,0.01929824985563755
1776175819833,1.0,0.0,3623.9794921875,165.1551513671875,0.01952986977994442
1776175819853,1.0,0.0,3624.804443359375,165.3191375732422,0.019762422889471054
1776175819873,1.0,0.0,3626.31884765625,165.5067901611328,0.020187044516205788
1776175819893,1.0,0.0,3627.14599609375,165.6533203125,0.020380813628435135
1776175819913,1.0,0.0,3627.8359375,165.8087921142578,0.020613543689250946
1776175819933,1.0,0.0,3628.66455078125,165.96401977539062,0.020807208493351936
1776175819953,1.0,0.0,3629.35546875,166.10397338867188,0.021040242165327072
1776175819973,1.0,0.0,3630.876953125,166.2688446044922,0.021467268466949463
1776175819993,1.0,0.0,3631.707763671875,166.42147827148438,0.021700741723179817
1776175820013,1.0,0.0,3632.539306640625,166.55221557617188,0.02189570851624012
1776175820033,1.0,0.0,3633.232666015625,166.711181640625,0.022128550335764885
1776175820053,1.0,0.0,3634.760009765625,166.87232971191406,0.022557739168405533
1776175820073,1.0,0.0,3635.59423828125,167.0148162841797,0.022751884534955025
1776175820093,1.0,0.0,3636.2900390625,167.18527221679688,0.02298658713698387
1776175820113,1.0,0.0,3637.125732421875,167.3477325439453,0.023181816563010216
1776175820133,1.0,0.0,3637.82275390625,167.4745330810547,0.02341609261929989
1776175820153,1.0,0.0,3638.65966796875,167.63381958007812,0.023650454357266426
1776175820173,1.0,0.0,3640.1953125,167.78135681152344,0.02408123016357422
1776175820193,1.0,0.0,3641.033935546875,167.91676330566406,0.02427711710333824
1776175820213,1.0,0.0,3641.733154296875,168.07769775390625,0.024512749165296555
1776175820233,1.0,0.0,3642.572998046875,168.22776794433594,0.02470882423222065
1776175820253,1.0,0.0,3643.2734375,168.35482788085938,0.02494470588862896
1776175820273,1.0,0.0,3644.81591796875,168.52137756347656,0.025377264246344566
1776175820293,1.0,0.0,3645.658203125,168.67437744140625,0.025614095851778984
1776175820313,1.0,0.0,3646.501220703125,168.8128662109375,0.025811167433857918
1776175820333,1.0,0.0,3647.204345703125,168.9664764404297,0.026047520339488983
1776175820353,1.0,0.0,3648.048583984375,169.11595153808594,0.026245296001434326
1776175820373,1.0,0.0,3649.59814453125,169.2484130859375,0.02668062038719654
1776175820393,1.0,0.0,3650.30322265625,169.40516662597656,0.02691745199263096
1776175820413,1.0,0.0,3651.14990234375,169.56605529785156,0.027116067707538605
1776175820433,1.0,0.0,3651.85595703125,169.68991088867188,0.02735407091677189
1776175820453,1.0,0.0,3653.55224609375,169.84291076660156,0.027790367603302002
1776175820473,1.0,0.0,3654.259765625,169.9938201904297,0.02802872285246849
1776175820493,1.0,0.0,3655.109375,170.1241912841797,0.028227584436535835
1776175820513,1.0,0.0,3655.81787109375,170.27520751953125,0.02846621163189411
1776175820533,1.0,0.0,3656.668701171875,170.42556762695312,0.02866535075008869
1776175820553,1.0,0.0,3658.230224609375,170.5633087158203,0.029104460030794144
1776175820573,1.0,0.0,3658.940673828125,170.71702575683594,0.029343189671635628
1776175820593,1.0,0.0,3659.7939453125,170.86212158203125,0.029583493247628212
1776175820613,1.0,0.0,3660.647705078125,170.98397827148438,0.029783137142658234
1776175820633,1.0,0.0,3661.35986328125,171.13804626464844,0.03002321906387806
1776175820653,1.0,0.0,3662.927978515625,171.29420471191406,0.03046342171728611
1776175820673,1.0,0.0,3663.7841796875,171.41957092285156,0.03066389448940754
1776175820693,1.0,0.0,3664.498291015625,171.5714111328125,0.030904386192560196
1776175820713,1.0,0.0,3665.355712890625,171.7339324951172,0.03110499121248722
1776175820733,1.0,0.0,3666.07080078125,171.8616943359375,0.03134540468454361
1776175820753,1.0,0.0,3667.7890625,172.0056610107422,0.03178863227367401
1776175820773,1.0,0.0,3668.505615234375,172.162841796875,0.032029762864112854
1776175820793,1.0,0.0,3669.3662109375,172.28878784179688,0.032230596989393234
1776175820813,1.0,0.0,3670.083984375,172.44212341308594,0.032472021877765656
1776175820833,1.0,0.0,3670.94580078125,172.59555053710938,0.032673969864845276
1776175820853,1.0,0.0,3671.664306640625,172.71170043945312,0.03291609138250351
1776175820873,1.0,0.0,3673.24658203125,172.84117126464844,0.0333600752055645
1776175820893,1.0,0.0,3674.110595703125,173.00430297851562,0.03360215947031975
1776175820913,1.0,0.0,3674.975341796875,173.14024353027344,0.0338045097887516
1776175820933,1.0,0.0,3675.696533203125,173.289306640625,0.034047167748212814
1776175820953,1.0,0.0,3677.28466796875,173.43911743164062,0.03449086472392082
1776175820973,1.0,0.0,3678.15185546875,173.56375122070312,0.03469426557421684
1776175820993,1.0,0.0,3678.875,173.7091522216797,0.03493748605251312
1776175821013,1.0,0.0,3679.743408203125,173.854736328125,0.035141319036483765
1776175821033,1.0,0.0,3680.46728515625,173.97413635253906,0.03538553789258003
1776175821053,1.0,0.0,3682.206787109375,174.115966796875,0.035832446068525314
1776175821073,1.0,0.0,3682.932373046875,174.26602172851562,0.03607667237520218
1776175821093,1.0,0.0,3683.803466796875,174.38949584960938,0.03628017380833626
1776175821113,1.0,0.0,3684.530029296875,174.53225708007812,0.03652463108301163
1776175821133,1.0,0.0,3685.402099609375,174.66690063476562,0.03672831505537033
1776175821153,1.0,0.0,3686.12939453125,174.78668212890625,0.0369730070233345
1776175821173,1.0,0.0,3687.73095703125,174.93075561523438,0.03742184117436409
1776175821193,1.0,0.0,3688.60546875,175.07882690429688,0.03766645863652229
1776175821213,1.0,0.0,3689.48046875,175.20079040527344,0.037870291620492935
1776175821233,1.0,0.0,3690.210205078125,175.34103393554688,0.038116373121738434
1776175821253,1.0,0.0,3691.08642578125,175.49002075195312,0.03832036629319191
1776175821273,1.0,0.0,3692.6943359375,175.598388671875,0.03877047821879387
1776175821293,1.0,0.0,3693.42578125,175.737548828125,0.039016660302877426
1776175821313,1.0,0.0,3694.30419921875,175.88307189941406,0.03922230377793312
1776175821333,1.0,0.0,3695.03662109375,176.00086975097656,0.039467908442020416
1776175821353,1.0,0.0,3695.916015625,176.1407928466797,0.039713986217975616
1776175821373,1.0,0.0,3697.52978515625,176.28086853027344,0.04016649350523949
1776175821393,1.0,0.0,3698.410888671875,176.40350341796875,0.04037238284945488
1776175821413,1.0,0.0,3699.1455078125,176.54920959472656,0.040619075298309326
1776175821433,1.0,0.0,3700.02783203125,176.68455505371094,0.04082513973116875
1776175821453,1.0,0.0,3701.646728515625,176.8020477294922,0.04127839580178261
1776175821473,1.0,0.0,3702.38330078125,176.94569396972656,0.041526466608047485
1776175821493,1.0,0.0,3703.267822265625,177.09080505371094,0.04177424684166908
1776175821513,1.0,0.0,3704.15283203125,177.20347595214844,0.041980452835559845
1776175821533,1.0,0.0,3704.890869140625,177.34161376953125,0.042229343205690384
1776175821553,1.0,0.0,3706.51611328125,177.49472045898438,0.04268399253487587
1776175821573,1.0,0.0,3707.4033203125,177.61561584472656,0.0428914874792099
1776175821593,1.0,0.0,3708.143310546875,177.75521850585938,0.04314001277089119
1776175821613,1.0,0.0,3709.031494140625,177.88157653808594,0.04334774613380432
1776175821633,1.0,0.0,3709.772216796875,178.00082397460938,0.04359613358974457
1776175821653,1.0,0.0,3711.5517578125,178.14833068847656,0.04405311495065689
1776175821673,1.0,0.0,3712.2939453125,178.28749084472656,0.04430285096168518
1776175821693,1.0,0.0,3713.18505859375,178.40054321289062,0.044511083513498306
1776175821713,1.0,0.0,3713.927978515625,178.5460205078125,0.04476096108555794
1776175821733,1.0,0.0,3714.8203125,178.6727294921875,0.04496898502111435
1776175821753,1.0,0.0,3716.45751953125,178.79373168945312,0.04542781785130501
1776175821773,1.0,0.0,3717.202392578125,178.92459106445312,0.04567817226052284
1776175821793,1.0,0.0,3718.0966796875,179.0704803466797,0.045928750187158585
1776175821813,1.0,0.0,3718.99169921875,179.1956787109375,0.046138085424900055
1776175821833,1.0,0.0,3719.738037109375,179.3323211669922,0.04638896510004997
1776175821853,1.0,0.0,3721.381591796875,179.4736785888672,0.04685084894299507
1776175821873,1.0,0.0,3722.27880859375,179.58714294433594,0.04706060141324997
1776175821893,1.0,0.0,3723.027099609375,179.7216033935547,0.047312766313552856
1776175821913,1.0,0.0,3723.92529296875,179.85348510742188,0.04752320423722267
1776175821933,1.0,0.0,3724.67431640625,179.9672088623047,0.04777606576681137
1776175821953,1.0,0.0,3726.4736328125,180.10267639160156,0.04823898524045944
1776175821973,1.0,0.0,3727.223876953125,180.2413330078125,0.04849227890372276
1776175821993,1.0,0.0,3728.124755859375,180.32125854492188,0.0487024299800396
1776175822013,1.0,0.0,3728.8759765625,180.27500915527344,0.04895593225955963
1776175822033,1.0,0.0,3729.77734375,180.21681213378906,0.04916706308722496
1776175822053,1.0,0.0,3730.5283203125,180.17437744140625,0.04941911622881889
1776175822073,1.0,0.0,3732.1796875,180.11810302734375,0.049882736057043076
1776175822093,1.0,0.0,3733.080078125,180.06141662597656,0.050135526806116104
1776175822113,1.0,0.0,3733.980224609375,180.0137481689453,0.05034596472978592
1776175822133,1.0,0.0,3734.72998046875,179.9582061767578,0.050598613917827606
1776175822153,1.0,0.0,3735.629638671875,179.8972930908203,0.05080799385905266
1776175822173,1.0,0.0,3737.2783203125,179.84559631347656,0.05127083137631416
1776175822193,1.0,0.0,3738.027587890625,179.79248046875,0.051523253321647644
1776175822213,1.0,0.0,3738.926513671875,179.73655700683594,0.05173309147357941
1776175822233,1.0,0.0,3739.67529296875,179.6859130859375,0.05198552459478378
1776175822253,1.0,0.0,3741.471923828125,179.9767608642578,0.052446719259023666
1776175822273,1.0,0.0,3742.2216796875,180.25315856933594,0.052700188010931015
1776175822293,1.0,0.0,3743.12255859375,180.43218994140625,0.052910346537828445
1776175822313,1.0,0.0,3743.874267578125,180.58444213867188,0.05316396430134773
1776175822333,1.0,0.0,3744.777099609375,180.74349975585938,0.05337473750114441
1776175822353,1.0,0.0,3746.433837890625,180.8634796142578,0.0538390576839447
1776175822373,1.0,0.0,3747.1875,180.9996337890625,0.05409307777881622
1776175822393,1.0,0.0,3748.092529296875,181.13844299316406,0.05434675142168999
1776175822413,1.0,0.0,3748.998291015625,181.26690673828125,0.05455876886844635
1776175822433,1.0,0.0,3749.75341796875,181.40196228027344,0.05481307581067085
1776175822453,1.0,0.0,3751.416259765625,181.5465545654297,0.055279266089200974
1776175822473,1.0,0.0,3752.323974609375,181.6646270751953,0.05549083277583122
1776175822493,1.0,0.0,3753.080810546875,181.8053741455078,0.055746033787727356
1776175822513,1.0,0.0,3753.98974609375,181.94290161132812,0.05595825985074043
1776175822533,1.0,0.0,3754.74755859375,182.06336975097656,0.056212909519672394
1776175822553,1.0,0.0,3755.657470703125,182.1996612548828,0.05646860599517822
1776175822573,1.0,0.0,3757.326904296875,182.33387756347656,0.056936249136924744
1776175822593,1.0,0.0,3758.23828125,182.4628448486328,0.05714944750070572
1776175822613,1.0,0.0,3758.998291015625,182.6060028076172,0.057404790073633194
1776175822633,1.0,0.0,3759.910888671875,182.73838806152344,0.05761821195483208
1776175822653,1.0,0.0,3760.671875,182.84397888183594,0.05787421390414238
1776175822673,1.0,0.0,3762.34716796875,182.98255920410156,0.05834433436393738
1776175822693,1.0,0.0,3763.26171875,183.13377380371094,0.05860033631324768
1776175822713,1.0,0.0,3764.177001953125,183.26695251464844,0.058814626187086105
1776175822733,1.0,0.0,3764.940185546875,183.40219116210938,0.05907127261161804
1776175822753,1.0,0.0,3766.620849609375,183.53680419921875,0.05954267457127571
1776175822773,1.0,0.0,3767.538330078125,183.6621856689453,0.059757404029369354
1776175822793,1.0,0.0,3768.303466796875,183.8007049560547,0.06001495197415352
1776175822813,1.0,0.0,3769.22216796875,183.93724060058594,0.06022941321134567
1776175822833,1.0,0.0,3769.988037109375,184.05740356445312,0.060487523674964905
1776175822853,1.0,0.0,3770.90771484375,184.19381713867188,0.06074582040309906
1776175822873,1.0,0.0,3772.595458984375,184.33665466308594,0.061219461262226105
1776175822893,1.0,0.0,3773.516845703125,184.44232177734375,0.061434730887413025
1776175822913,1.0,0.0,3774.28515625,184.58114624023438,0.06169383227825165
1776175822933,1.0,0.0,3775.20751953125,184.71302795410156,0.061909269541502
1776175822953,1.0,0.0,3775.9765625,184.83694458007812,0.06216767802834511
1776175822973,1.0,0.0,3777.670166015625,184.9827117919922,0.06264276057481766
1776175822993,1.0,0.0,3778.5947265625,185.10986328125,0.06290195882320404
1776175823013,1.0,0.0,3779.52001953125,185.22377014160156,0.06311792135238647
1776175823033,1.0,0.0,3780.291259765625,185.3623809814453,0.06337730586528778
1776175823053,1.0,0.0,3781.217529296875,185.4892120361328,0.06359290331602097
1776175823073,1.0,0.0,3782.9169921875,185.61195373535156,0.06406821310520172
1776175823093,1.0,0.0,3783.68994140625,185.7407684326172,0.06432882696390152
1776175823113,1.0,0.0,3784.6181640625,185.87582397460938,0.0645451545715332
1776175823133,1.0,0.0,3785.392333984375,185.99818420410156,0.06480511277914047
1776175823153,1.0,0.0,3786.32177734375,186.12966918945312,0.06506470590829849
1776175823173,1.0,0.0,3788.027099609375,186.26992797851562,0.06554250419139862
1776175823193,1.0,0.0,3788.958251953125,186.3833770751953,0.06575967371463776
1776175823213,1.0,0.0,3789.734619140625,186.51251220703125,0.06602005660533905
1776175823233,1.0,0.0,3790.666748046875,186.65345764160156,0.06623787432909012
1776175823253,1.0,0.0,3792.37744140625,186.7684326171875,0.06671592593193054
1776175823273,1.0,0.0,3793.15576171875,186.90866088867188,0.0669776052236557
1776175823293,1.0,0.0,3794.090087890625,187.04019165039062,0.06723935157060623
1776175823313,1.0,0.0,3795.02490234375,187.15432739257812,0.06745808571577072
1776175823333,1.0,0.0,3795.804443359375,187.2855224609375,0.06771962344646454
1776175823353,1.0,0.0,3797.520751953125,187.4207305908203,0.0682009607553482
1776175823373,1.0,0.0,3798.457763671875,187.52769470214844,0.06842075288295746
1776175823393,1.0,0.0,3799.239013671875,187.66627502441406,0.06868258118629456
1776175823413,1.0,0.0,3800.177001953125,187.7978057861328,0.0689016580581665
1776175823433,1.0,0.0,3800.959228515625,187.91195678710938,0.06916502863168716
1776175823453,1.0,0.0,3801.8984375,188.04612731933594,0.06942848116159439
1776175823473,1.0,0.0,3803.62158203125,188.176025390625,0.06991208344697952
1776175823493,1.0,0.0,3804.562255859375,188.28128051757812,0.07013164460659027
1776175823513,1.0,0.0,3805.3466796875,188.4117431640625,0.07039546966552734
1776175823533,1.0,0.0,3806.288330078125,188.5408935546875,0.07061595469713211
1776175823553,1.0,0.0,3807.073486328125,188.6520233154297,0.07088035345077515
1776175823573,1.0,0.0,3808.80224609375,188.78553771972656,0.07136570662260056
1776175823593,1.0,0.0,3809.745849609375,188.9173583984375,0.07162952423095703
1776175823613,1.0,0.0,3810.68994140625,189.02752685546875,0.07185088098049164
1776175823633,1.0,0.0,3811.477294921875,189.14773559570312,0.07211535423994064
1776175823653,1.0,0.0,3812.42236328125,189.2775421142578,0.07238033413887024
1776175823673,1.0,0.0,3814.15673828125,189.38893127441406,0.0728648379445076
1776175823693,1.0,0.0,3815.103759765625,189.5252227783203,0.07308734953403473
1776175823713,1.0,0.0,3815.893310546875,189.6637725830078,0.07335276901721954
1776175823733,1.0,0.0,3816.84130859375,189.77377319335938,0.07361987978219986
1776175823753,1.0,0.0,3817.789794921875,189.8911895751953,0.07384223490953445
1776175823773,1.0,0.0,3819.530029296875,190.014892578125,0.0743304044008255
1776175823793,1.0,0.0,3820.321533203125,190.13136291503906,0.07459700852632523
1776175823813,1.0,0.0,3821.27197265625,190.25003051757812,0.07481923699378967
1776175823833,1.0,0.0,3822.064453125,190.3820343017578,0.07508685439825058
1776175823853,1.0,0.0,3823.015869140625,190.49493408203125,0.07530884444713593
1776175823873,1.0,0.0,3824.76171875,190.62400817871094,0.07584493607282639
1776175823893,1.0,0.0,3825.71484375,190.7498321533203,0.07606757432222366
1776175823913,1.0,0.0,3826.509521484375,190.85614013671875,0.07633575797080994
1776175823933,1.0,0.0,3827.46337890625,190.97650146484375,0.07655864208936691
1776175823953,1.0,0.0,3828.2587890625,191.0950469970703,0.07682700455188751
1776175823973,1.0,0.0,3830.009765625,191.1986541748047,0.07731940597295761
1776175823993,1.0,0.0,3830.965576171875,191.3296661376953,0.07754338532686234
1776175824013,1.0,0.0,3831.762451171875,191.4584197998047,0.0778120756149292
1776175824033,1.0,0.0,3832.71923828125,191.5606231689453,0.07808085530996323
1776175824053,1.0,0.0,3833.676513671875,191.68589782714844,0.07830510288476944
1776175824073,1.0,0.0,3835.432861328125,191.80213928222656,0.0787985548377037
1776175824093,1.0,0.0,3836.231689453125,191.90618896484375,0.07906816899776459
1776175824113,1.0,0.0,3837.19091796875,192.0243682861328,0.07929223775863647
1776175824133,1.0,0.0,3837.99072265625,192.1573028564453,0.07956195622682571
1776175824153,1.0,0.0,3838.950927734375,192.26290893554688,0.07978656888008118
1776175824173,1.0,0.0,3840.712646484375,192.3816680908203,0.08032672852277756
1776175824193,1.0,0.0,3841.67431640625,192.5093994140625,0.08055197447538376
1776175824213,1.0,0.0,3842.47607421875,192.6114044189453,0.08082251995801926
1776175824233,1.0,0.0,3843.438720703125,192.73240661621094,0.0810479000210762
1776175824253,1.0,0.0,3844.241455078125,192.857421875,0.08131865411996841
1776175824273,1.0,0.0,3846.008544921875,192.96018981933594,0.0818154439330101
1776175824293,1.0,0.0,3846.97314453125,193.07896423339844,0.08204146474599838
1776175824313,1.0,0.0,3847.77734375,193.20004272460938,0.08231323212385178
1776175824333,1.0,0.0,3848.742919921875,193.3105010986328,0.08258463442325592
1776175824353,1.0,0.0,3849.709228515625,193.43338012695312,0.08281116932630539
1776175824373,1.0,0.0,3851.482177734375,193.5492401123047,0.08330941945314407
1776175824393,1.0,0.0,3852.28857421875,193.63705444335938,0.08358149230480194
1776175824413,1.0,0.0,3853.256591796875,193.75892639160156,0.08380789309740067
1776175824433,1.0,0.0,3854.063720703125,193.88575744628906,0.08408011496067047
1776175824453,1.0,0.0,3855.03271484375,193.99398803710938,0.08430740237236023
1776175824473,1.0,0.0,3856.810546875,194.11497497558594,0.08485233783721924
1776175824493,1.0,0.0,3857.781005859375,194.22540283203125,0.08507967740297318
1776175824513,1.0,0.0,3858.590087890625,194.32411193847656,0.08535324782133102
1776175824533,1.0,0.0,3859.561279296875,194.4449920654297,0.0855802372097969
1776175824553,1.0,0.0,3860.37109375,194.56297302246094,0.08585385233163834
1776175824573,1.0,0.0,3862.15380859375,194.6629180908203,0.08635474741458893
1776175824593,1.0,0.0,3863.126953125,194.7870330810547,0.0865824967622757
1776175824614,1.0,0.0,3863.938232421875,194.9146728515625,0.0868559405207634
1776175824633,1.0,0.0,3864.912353515625,195.0168914794922,0.08712977916002274
1776175824653,1.0,0.0,3865.886962890625,195.1275177001953,0.08735824376344681
1776175824673,1.0,0.0,3867.675048828125,195.2624053955078,0.08786028623580933
1776175824693,1.0,0.0,3868.488525390625,195.36317443847656,0.08813425898551941
1776175824713,1.0,0.0,3869.465087890625,195.47837829589844,0.08836288005113602
1776175824733,1.0,0.0,3870.279296875,195.59490966796875,0.08863673359155655
1776175824753,1.0,0.0,3871.2568359375,195.705322265625,0.08886513859033585
1776175824773,1.0,0.0,3873.05029296875,195.83267211914062,0.08936785906553268
1776175824793,1.0,0.0,3873.8662109375,195.95330810546875,0.08964260667562485
1776175824813,1.0,0.0,3874.845703125,196.04945373535156,0.08991728723049164
1776175824833,1.0,0.0,3875.825439453125,196.16195678710938,0.0901462733745575
1776175824853,1.0,0.0,3876.642333984375,196.28399658203125,0.0904209092259407
1776175824873,1.0,0.0,3878.44091796875,196.3909149169922,0.09092507511377335
1776175824893,1.0,0.0,3879.4228515625,196.51351928710938,0.09115605801343918
1776175824913,1.0,0.0,3880.241455078125,196.63385009765625,0.09143228828907013
1776175824933,1.0,0.0,3881.224365234375,196.73443603515625,0.09170535951852798
1776175824953,1.0,0.0,3882.207763671875,196.85604858398438,0.09193502366542816
1776175824973,1.0,0.0,3884.011962890625,196.96913146972656,0.09244008362293243
1776175824993,1.0,0.0,3884.83251953125,197.07188415527344,0.09271575510501862
1776175825013,1.0,0.0,3885.817626953125,197.18792724609375,0.09294646233320236
1776175825033,1.0,0.0,3886.638916015625,197.29661560058594,0.09322258085012436
1776175825053,1.0,0.0,3887.624755859375,197.3883514404297,0.0934530645608902
1776175825073,1.0,0.0,3889.43359375,197.50198364257812,0.09395959973335266
1776175825093,1.0,0.0,3890.25634765625,197.62474060058594,0.09423626959323883
1776175825113,1.0,0.0,3891.244140625,197.72769165039062,0.09451267123222351
1776175825133,1.0,0.0,3892.232421875,197.84194946289062,0.09474410861730576
1776175825153,1.0,0.0,3893.056396484375,197.94537353515625,0.09502090513706207
1776175825173,1.0,0.0,3894.870361328125,198.04385375976562,0.09552981704473495
1776175825193,1.0,0.0,3895.8603515625,198.15716552734375,0.09576091915369034
1776175825213,1.0,0.0,3896.685791015625,198.27000427246094,0.09603837877511978
1776175825234,1.0,0.0,3897.6767578125,198.3725128173828,0.09627015888690948
1776175825253,1.0,0.0,3898.5029296875,198.475341796875,0.09654774516820908
1776175825273,1.0,0.0,3900.487060546875,198.57130432128906,0.09705773741006851
1776175825293,1.0,0.0,3901.314208984375,198.66799926757812,0.09733542799949646
1776175825313,1.0,0.0,3902.30712890625,198.77761840820312,0.09756788611412048
1776175825334,1.0,0.0,3903.135009765625,198.88882446289062,0.09784627705812454
1776175825353,1.0,0.0,3904.12890625,198.9897918701172,0.09807857871055603
1776175825373,1.0,0.0,3905.952392578125,199.1038818359375,0.09858941286802292
1776175825393,1.0,0.0,3906.78173828125,199.2023468017578,0.09886901825666428
1776175825413,1.0,0.0,3907.77734375,199.28846740722656,0.09914761036634445
1776175825433,1.0,0.0,3908.7734375,199.4033660888672,0.09938068687915802
1776175825454,1.0,0.0,3909.60400390625,199.52391052246094,0.09966021031141281
1776175825473,1.0,0.0,3911.432373046875,199.61410522460938,0.10017218440771103
1776175825493,1.0,0.0,3912.43017578125,199.71022033691406,0.10040535032749176
1776175825513,1.0,0.0,3913.26220703125,199.82028198242188,0.1006857380270958
1776175825534,1.0,0.0,3914.2607421875,199.93453979492188,0.10096493363380432
1776175825553,1.0,0.0,3915.260009765625,200.0347137451172,0.10119815915822983
1776175825573,1.0,0.0,3917.09326171875,200.1348419189453,0.10171256959438324
1776175825593,1.0,0.0,3917.927001953125,200.2296600341797,0.10199301689863205
1776175825613,1.0,0.0,3918.927978515625,200.33993530273438,0.10222640633583069
1776175825634,1.0,0.0,3919.762451171875,200.45191955566406,0.10250767320394516
1776175825653,1.0,0.0,3920.76416015625,200.5366973876953,0.1027415543794632
1776175825673,1.0,0.0,3922.601806640625,200.6385498046875,0.10325819253921509
1776175825693,1.0,0.0,3923.4375,200.75152587890625,0.10353881120681763
1776175825713,1.0,0.0,3924.44091796875,200.8513946533203,0.1038196012377739
1776175825735,1.0,0.0,3925.44482421875,200.9561004638672,0.10405365377664566
1776175825753,1.0,0.0,3926.28173828125,201.0626983642578,0.10433545708656311
1776175825773,1.0,0.0,3928.1240234375,201.15737915039062,0.10485228151082993
1776175825793,1.0,0.0,3929.129638671875,201.26405334472656,0.10508711636066437
1776175825813,1.0,0.0,3929.968017578125,201.37283325195312,0.10536910593509674
1776175825834,1.0,0.0,3930.974365234375,201.4842987060547,0.10565191507339478
1776175825855,1.0,0.0,3931.8134765625,201.59046936035156,0.10588705539703369
1776175825878,1.0,0.0,3933.82861328125,201.6924591064453,0.10640563815832138
1776175825893,1.0,0.0,3934.668701171875,201.763427734375,0.10668846219778061
1776175825913,1.0,0.0,3935.67724609375,201.87954711914062,0.10692477971315384
1776175825933,1.0,0.0,3936.51806640625,201.9949951171875,0.10720764100551605
1776175825954,1.0,0.0,3937.527587890625,202.09286499023438,0.10744384676218033
1776175825973,1.0,0.0,3939.3798828125,202.20530700683594,0.10801097005605698
1776175825993,1.0,0.0,3940.390869140625,202.3058624267578,0.10824732482433319
1776175826013,1.0,0.0,3941.233642578125,202.38267517089844,0.10853113234043121
1776175826034,1.0,0.0,3942.2451171875,202.48809814453125,0.10876775532960892
1776175826053,1.0,0.0,3943.08837890625,202.6012725830078,0.10905180871486664
1776175826073,1.0,0.0,3944.945068359375,202.7103271484375,0.10957304388284683
1776175826093,1.0,0.0,3945.958740234375,202.82350158691406,0.10981062054634094
1776175826113,1.0,0.0,3946.8037109375,202.92381286621094,0.11009491235017776
1776175826134,1.0,0.0,3947.818115234375,203.0075225830078,0.11037953943014145
1776175826153,1.0,0.0,3948.663818359375,203.125,0.11061663925647736
1776175826173,1.0,0.0,3950.694580078125,203.2306365966797,0.11113883554935455
1776175826193,1.0,0.0,3951.541259765625,203.31971740722656,0.11142397671937943
1776175826213,1.0,0.0,3952.5576171875,203.43045043945312,0.11166156083345413
1776175826233,1.0,0.0,3953.405029296875,203.53033447265625,0.11194741725921631
1776175826253,1.0,0.0,3954.42236328125,203.62535095214844,0.11218476295471191
1776175826273,1.0,0.0,3956.28857421875,203.734130859375,0.11270824074745178
1776175826293,1.0,0.0,3957.13720703125,203.84152221679688,0.11299405246973038
1776175826313,1.0,0.0,3958.156005859375,203.9261474609375,0.11327989399433136
1776175826334,1.0,0.0,3959.17529296875,204.01321411132812,0.11351858079433441
1776175826353,1.0,0.0,3960.02490234375,204.12950134277344,0.1138046458363533
1776175826373,1.0,0.0,3961.8955078125,204.22933959960938,0.11432953923940659
1776175826393,1.0,0.0,3962.916748046875,204.34495544433594,0.11456739157438278
1776175826413,1.0,0.0,3963.76806640625,204.4481658935547,0.11485443264245987
1776175826433,1.0,0.0,3964.7900390625,204.53749084472656,0.11509490758180618
1776175826453,1.0,0.0,3965.64208984375,204.6464080810547,0.11538198590278625
1776175826473,1.0,0.0,3967.68798828125,204.7476806640625,0.11590544879436493
1776175826493,1.0,0.0,3968.541015625,204.8388671875,0.11619247496128082
1776175826513,1.0,0.0,3969.56494140625,204.95162963867188,0.11643216758966446
1776175826534,1.0,0.0,3970.418701171875,205.06289672851562,0.11671964824199677
1776175826554,1.0,0.0,3971.443603515625,205.14247131347656,0.11695975065231323
1776175826573,1.0,0.0,3973.323486328125,205.23672485351562,0.11748719215393066
1776175826593,1.0,0.0,3974.178466796875,205.34722900390625,0.1177741140127182
1776175826613,1.0,0.0,3975.204833984375,205.4394989013672,0.11806226521730423
1776175826635,1.0,0.0,3976.231689453125,205.57302856445312,0.11830294132232666
1776175826653,1.0,0.0,3977.087890625,205.66622924804688,0.11859069764614105
1776175826673,1.0,0.0,3978.97265625,205.76048278808594,0.11912020295858383
1776175826693,1.0,0.0,3980.001220703125,205.8610382080078,0.11936057358980179
1776175826713,1.0,0.0,3980.85888671875,205.9742889404297,0.1196492537856102
1776175826734,1.0,0.0,3981.888427734375,206.0692901611328,0.11993782222270966
1776175826753,1.0,0.0,3982.91845703125,206.1804962158203,0.12017808854579926
1776175826773,1.0,0.0,3984.807861328125,206.272216796875,0.12070836871862411
1776175826793,1.0,0.0,3985.6669921875,206.3560791015625,0.12099825590848923
1776175826813,1.0,0.0,3986.698486328125,206.45602416992188,0.12123896926641464
1776175826833,1.0,0.0,3987.558349609375,206.57139587402344,0.12152864038944244
1776175826853,1.0,0.0,3988.5908203125,206.67063903808594,0.12177009135484695
1776175826873,1.0,0.0,3990.485107421875,206.7899932861328,0.1223011389374733
1776175826893,1.0,0.0,3991.346435546875,206.88357543945312,0.1225910559296608
1776175826913,1.0,0.0,3992.38037109375,206.955322265625,0.12288156896829605
1776175826934,1.0,0.0,3993.41455078125,207.04721069335938,0.1231229305267334
1776175826953,1.0,0.0,3994.27685546875,207.15757751464844,0.12341296672821045
1776175826973,1.0,0.0,3996.175048828125,207.25355529785156,0.12394603341817856
1776175826993,1.0,0.0,3997.211181640625,207.36929321289062,0.12418769299983978
1776175827013,1.0,0.0,3998.074951171875,207.4772491455078,0.12447880953550339
1776175827034,1.0,0.0,3999.112060546875,207.57908630371094,0.12476994097232819
1776175827053,1.0,0.0,4000.149658203125,207.69332885742188,0.12501217424869537
1776175827080,1.0,0.0,4002.053466796875,207.80709838867188,0.1255478858947754
1776175827093,1.0,0.0,4002.91943359375,207.87936401367188,0.12583881616592407
1776175827113,1.0,0.0,4003.958740234375,207.96585083007812,0.12608017027378082
1776175827134,1.0,0.0,4004.824951171875,208.0723419189453,0.1263711005449295
1776175827153,1.0,0.0,4005.86474609375,208.17279052734375,0.12661407887935638
1776175827173,1.0,0.0,4007.772705078125,208.2846221923828,0.12714898586273193
1776175827193,1.0,0.0,4008.640380859375,208.3792724609375,0.12744097411632538
1776175827213,1.0,0.0,4009.68212890625,208.46421813964844,0.1277334839105606
1776175827234,1.0,0.0,4010.72412109375,208.57119750976562,0.1279762089252472
1776175827253,1.0,0.0,4011.593017578125,208.67640686035156,0.12826888263225555
1776175827273,1.0,0.0,4013.505615234375,208.76654052734375,0.12880448997020721
1776175827293,1.0,0.0,4014.54931640625,208.86318969726562,0.12904803454875946
1776175827313,1.0,0.0,4015.41943359375,208.94451904296875,0.12934063374996185
1776175827334,1.0,0.0,4016.463623046875,209.0271453857422,0.12958478927612305
1776175827353,1.0,0.0,4017.333984375,209.1101837158203,0.1298779398202896
1776175827373,1.0,0.0,4019.25,209.21844482421875,0.13041652739048004
1776175827393,1.0,0.0,4020.2958984375,209.31459045410156,0.13070960342884064
1776175827413,1.0,0.0,4021.34228515625,209.42404174804688,0.13095426559448242
1776175827433,1.0,0.0,4022.214599609375,209.53176879882812,0.13124793767929077
1776175827453,1.0,0.0,4023.26171875,209.61849975585938,0.13149264454841614
1776175827473,0.8672000169754028,0.0,4025.182861328125,209.71624755859375,0.1320319026708603
1776175827493,0.5038999915122986,0.0,4026.056640625,209.80560302734375,0.1323269158601761
1776175827513,0.03970000147819519,0.0,4027.10546875,209.8311309814453,0.13262176513671875
1776175827534,0.0,0.0,4028.154541015625,209.7768096923828,0.13286755979061127
1776175827553,0.0,0.0,4029.028564453125,209.69967651367188,0.13316196203231812
1776175827573,0.0,0.0,4030.95068359375,209.618408203125,0.1337028294801712
1776175827593,0.0,0.0,4031.99853515625,209.51658630371094,0.133947491645813
1776175827613,0.0,0.0,4032.87158203125,209.42001342773438,0.13424143195152283
1776175827634,0.0,0.0,4033.918701171875,209.3414764404297,0.13453659415245056
1776175827653,0.0,0.1374005228281021,4034.96533203125,209.24684143066406,0.1347808688879013
1776175827673,0.0,1.0,4036.8828125,208.9777374267578,0.13531987369060516
1776175827693,0.0,1.0,4037.753662109375,208.388427734375,0.13561366498470306
1776175827713,0.0,1.0,4038.796142578125,207.5620574951172,0.1358572244644165
1776175827734,0.0,1.0,4039.662109375,206.67294311523438,0.1361495852470398
1776175827753,0.0,1.0,4040.697998046875,205.9025115966797,0.13639269769191742
1776175827773,0.0,0.7968763709068298,4042.586669921875,205.02293395996094,0.13692143559455872
1776175827793,0.0,0.9567133188247681,4043.440673828125,204.19508361816406,0.13720925152301788
1776175827813,0.0,1.0,4044.462158203125,203.51806640625,0.1374959796667099
1776175827833,0.0,1.0,4045.47998046875,202.73422241210938,0.1377335637807846
1776175827854,0.0,1.0,4046.32568359375,201.9079132080078,0.1380186527967453
1776175827873,0.0,1.0,4048.177978515625,201.18228149414062,0.13853885233402252
1776175827893,0.0,1.0,4049.18359375,200.31495666503906,0.13877351582050323
1776175827913,0.0,1.0,4050.01904296875,199.4519500732422,0.13905510306358337
1776175827933,0.0,1.0,4051.0185546875,198.67666625976562,0.13933448493480682
1776175827953,0.0,1.0,4052.014404296875,197.75643920898438,0.139566570520401
1776175827973,0.0,1.0,4053.83056640625,196.80316162109375,0.14007553458213806
1776175827993,0.0,1.0,4054.65185546875,195.95176696777344,0.1403510421514511
1776175828013,0.0,1.0,4055.6337890625,194.90609741210938,0.14058010280132294
1776175828033,0.0,1.0,4056.448974609375,193.898193359375,0.14085282385349274
1776175828053,0.0,1.0,4057.4228515625,193.07937622070312,0.14107927680015564
1776175828073,0.0,1.0,4059.197509765625,192.1345977783203,0.1415768563747406
1776175828093,0.0,1.0,4059.99951171875,191.23696899414062,0.14184542000293732
1776175828113,0.0,1.0,4060.958251953125,190.51150512695312,0.14211182296276093
1776175828135,0.0,1.0,4061.913330078125,189.68487548828125,0.14233438670635223
1776175828153,0.0,1.0,4062.706298828125,188.90750122070312,0.14259976148605347
1776175828173,0.0,1.0,4064.442138671875,188.28292846679688,0.14308486878871918
1776175828193,0.0,1.0,4065.38427734375,187.5867156982422,0.14330479502677917
1776175828213,0.0,1.0,4066.1669921875,186.86204528808594,0.14356732368469238
1776175828234,0.0,1.0,4067.103515625,186.24729919433594,0.14382916688919067
1776175828253,0.0,1.0,4068.036865234375,185.47781372070312,0.14404615759849548
1776175828273,0.0,1.0,4069.73974609375,184.6711883544922,0.14452412724494934
1776175828293,0.0,1.0,4070.510009765625,183.97044372558594,0.14478237926959991
1776175828313,0.0,1.0,4071.43115234375,183.082763671875,0.14499622583389282
1776175828333,0.0,1.0,4072.196044921875,182.1846160888672,0.14525191485881805
1776175828353,0.0,1.0,4073.110107421875,181.42816162109375,0.14546503126621246
1776175828373,0.0,1.0,4074.77587890625,180.52455139160156,0.14593133330345154
1776175828393,0.0,1.0,4075.52880859375,179.59832763671875,0.14618320763111115
1776175828413,0.0,1.0,4076.4287109375,178.7986602783203,0.14643540978431702
1776175828434,0.0,1.0,4077.324462890625,177.8800506591797,0.14664366841316223
1776175828453,0.0,1.0,4078.068115234375,176.93531799316406,0.14689332246780396
1776175828473,0.0,1.0,4079.6943359375,176.1399688720703,0.14734850823879242
1776175828493,0.0,1.0,4080.57568359375,175.22543334960938,0.14755292236804962
1776175828513,0.0,1.0,4081.307373046875,174.33399963378906,0.14779751002788544
1776175828534,0.0,1.0,4082.181884765625,173.5636444091797,0.14800092577934265
1776175828553,0.0,1.0,4082.90771484375,172.6597900390625,0.1482446789741516
1776175828573,0.0,1.0,4084.63916015625,171.84666442871094,0.14868883788585663
1776175828593,0.0,1.0,4085.356201171875,171.16769409179688,0.14892809092998505
1776175828613,0.0,1.0,4086.213623046875,170.42710876464844,0.14912770688533783
1776175828633,0.0,1.0,4086.925537109375,169.686279296875,0.14936672151088715
1776175828653,0.0,1.0,4087.777099609375,169.0561065673828,0.14956527948379517
1776175828673,0.0,1.0,4089.329833984375,168.36109924316406,0.1500401496887207
1776175828693,0.0,1.0,4090.0322265625,167.6342315673828,0.15023519098758698
1776175828713,0.0,1.0,4090.872314453125,166.9605255126953,0.1504693329334259
1776175828734,0.0,1.0,4091.709228515625,166.1215057373047,0.15066464245319366
1776175828753,0.0,1.0,4092.404052734375,165.26683044433594,0.1508980542421341
1776175828773,0.0,1.0,4093.923583984375,164.54335021972656,0.15132200717926025
1776175828793,0.0,1.0,4094.7470703125,163.71109008789062,0.15151351690292358
1776175828813,0.0,1.0,4095.430419921875,162.93133544921875,0.15174265205860138
1776175828834,0.0,1.0,4096.2470703125,162.26454162597656,0.1519709974527359
1776175828853,0.0,1.0,4097.060546875,161.47496032714844,0.15216025710105896
1776175828873,0.0,1.0,4098.54296875,160.64920043945312,0.1525750309228897
1776175828893,0.0,1.0,4099.21337890625,159.91903686523438,0.15280033648014069
1776175828913,0.0,1.0,4100.01416015625,159.0399627685547,0.15298646688461304
1776175828934,0.0,1.0,4100.6787109375,158.16017150878906,0.1532096117734909
1776175828953,0.0,1.0,4101.47265625,157.49755859375,0.15339434146881104
1776175828973,0.0,1.0,4102.91943359375,156.70455932617188,0.15383605659008026
1776175828993,0.0,1.0,4103.70361328125,155.8512420654297,0.15401948988437653
1776175829013,0.0,1.0,4104.3544921875,155.16024780273438,0.15423765778541565
1776175829033,0.0,1.0,4105.13232421875,154.33404541015625,0.1544180065393448
1776175829053,0.0,1.0,4105.77783203125,153.45867919921875,0.1546342670917511
1776175829074,0.0,1.0,4107.189453125,152.69403076171875,0.1550280600786209
1776175829093,0.0,1.0,4107.9541015625,151.82101440429688,0.1552056074142456
1776175829113,0.0,1.0,4108.58837890625,150.9921875,0.15541858971118927
1776175829133,0.0,1.0,4109.34619140625,150.2849578857422,0.15562957525253296
1776175829153,0.0,1.0,4110.10009765625,149.45721435546875,0.1558055579662323
1776175829173,0.0,1.0,4111.47314453125,148.72032165527344,0.15618938207626343
1776175829193,0.0,1.0,4112.09375,148.0521697998047,0.15639764070510864
1776175829213,0.0,1.0,4112.83544921875,147.25233459472656,0.15657038986682892
1776175829234,0.0,1.0,4113.45068359375,146.49917602539062,0.15677686035633087
1776175829254,0.0,1.0,4114.18603515625,145.82681274414062,0.15694868564605713
1776175829273,0.0,1.0,4115.52587890625,145.02516174316406,0.15735681354999542
1776175829293,0.0,1.0,4116.251953125,144.2357635498047,0.15752531588077545
1776175829313,0.0,1.0,4116.85400390625,143.6097869873047,0.15772674977779388
1776175829334,0.0,1.0,4117.57373046875,142.8572998046875,0.15789443254470825
1776175829353,0.0,1.0,4118.1708984375,142.08416748046875,0.15809504687786102
1776175829373,0.0,1.0,4119.47705078125,141.45455932617188,0.15845994651317596
1776175829393,0.0,1.0,4120.18505859375,140.75057983398438,0.15862444043159485
1776175829413,0.0,1.0,4120.7724609375,140.01535034179688,0.15882158279418945
1776175829434,0.0,1.0,4121.47509765625,139.3788299560547,0.15898528695106506
1776175829454,0.0,1.0,4122.05810546875,138.60841369628906,0.1591809093952179
1776175829473,0.0,1.0,4123.44775390625,137.82632446289062,0.15953634679317474
1776175829493,0.0,1.0,4124.02294921875,137.164306640625,0.15972954034805298
1776175829513,0.0,1.0,4124.7099609375,136.37725830078125,0.15989013016223907
1776175829534,0.0,1.0,4125.2802734375,135.58456420898438,0.16008077561855316
1776175829553,0.0,1.0,4125.96142578125,134.88079833984375,0.16023920476436615
1776175829573,0.0,1.0,4127.201171875,134.12628173828125,0.16061706840991974
1776175829593,0.0,1.0,4127.87255859375,133.37271118164062,0.16077332198619843
1776175829613,0.0,1.0,4128.4296875,132.72227478027344,0.16095983982086182
1776175829633,0.0,1.0,4129.09521484375,131.97210693359375,0.16111455857753754
1776175829653,0.0,1.0,4129.64697265625,131.16717529296875,0.16129976511001587
1776175829673,0.0,1.0,4130.85302734375,130.50071716308594,0.16163714230060577
1776175829693,0.0,1.0,4131.50634765625,129.70223999023438,0.1618189513683319
1776175829713,0.0,1.0,4132.15625,128.91087341308594,0.1619696170091629
1776175829736,0.0,1.0,4132.6953125,128.0726318359375,0.16214992105960846
1776175829753,0.0,1.0,4133.3388671875,127.38206481933594,0.1622997671365738
1776175829773,0.0,1.0,4134.509765625,126.53922271728516,0.16262604296207428
1776175829793,0.0,1.0,4135.0380859375,125.86773681640625,0.16280272603034973
1776175829813,0.0,1.0,4135.6689453125,125.0641098022461,0.16294993460178375
1776175829834,0.0,1.0,4136.19189453125,124.21613311767578,0.16312459111213684
1776175829853,0.0,1.0,4136.81640625,123.4721908569336,0.1632707118988037
1776175829873,0.0,1.0,4137.95166015625,122.62322235107422,0.16358701884746552
1776175829893,0.0,1.0,4138.46337890625,121.76914978027344,0.16375869512557983
1776175829913,0.0,1.0,4139.07421875,121.06727600097656,0.16392822563648224
1776175829934,0.0,1.0,4139.681640625,120.2918701171875,0.16406871378421783
1776175829953,0.0,1.0,4140.18505859375,119.5046157836914,0.1642371267080307
1776175829974,0.0,1.0,4141.28466796875,118.84295654296875,0.16454356908798218
1776175829993,0.0,1.0,4141.87939453125,118.0928726196289,0.16468176245689392
1776175830013,0.0,1.0,4142.37255859375,117.36988067626953,0.16484582424163818
1776175830034,0.0,1.0,4142.96142578125,116.74828338623047,0.1650112271308899
1776175830053,0.0,1.0,4143.44970703125,116.06074523925781,0.16514667868614197
1776175830073,0.0,1.0,4144.61376953125,115.32817840576172,0.1654449850320816
1776175830093,0.0,1.0,4145.09521484375,114.66018676757812,0.16560542583465576
1776175830113,0.0,1.0,4145.66943359375,113.85311889648438,0.16573810577392578
1776175830134,0.0,1.0,4146.1455078125,113.05182647705078,0.16589707136154175
1776175830153,0.0,1.0,4146.7138671875,112.35148620605469,0.16602997481822968
1776175830174,0.0,1.0,4147.74658203125,111.44892883300781,0.16634303331375122
1776175830193,0.0,1.0,4148.3046875,110.50324249267578,0.166472926735878
1776175830213,0.0,1.0,4148.7666015625,109.65702056884766,0.16662698984146118
1776175830234,0.0,1.0,4149.3173828125,108.70915985107422,0.16675502061843872
1776175830253,0.0,1.0,4149.77294921875,107.74540710449219,0.16690824925899506
1776175830274,0.0,1.0,4150.76611328125,106.95277404785156,0.16718395054340363
1776175830293,0.0,1.0,4151.3017578125,105.99839782714844,0.16733238101005554
1776175830313,0.0,1.0,4151.83349609375,105.10354614257812,0.16745559871196747
1776175830335,0.0,1.0,4152.2734375,104.21257019042969,0.1676017940044403
1776175830353,0.0,1.0,4152.79833984375,103.46038818359375,0.16772529482841492
1776175830373,0.0,1.0,4153.75,102.64918518066406,0.1679895669221878
1776175830393,0.0,1.0,4154.1787109375,101.96099853515625,0.16813348233699799
1776175830413,0.0,1.0,4154.68994140625,101.20783233642578,0.16825203597545624
1776175830434,0.0,1.0,4155.11328125,100.45140838623047,0.16839565336704254
1776175830453,0.0,1.0,4155.61865234375,99.79400634765625,0.16851457953453064
1776175830473,0.0,1.0,4156.53662109375,99.03007507324219,0.1687944084405899
1776175830493,0.0,1.0,4157.03271484375,98.25042724609375,0.1689094752073288
1776175830513,0.0,1.0,4157.443359375,97.58125305175781,0.1690467894077301
1776175830534,0.0,1.0,4157.93310546875,96.79209899902344,0.1691616326570511
1776175830553,0.0,1.0,4158.3388671875,95.9732437133789,0.16929900646209717
1776175830573,0.0,1.0,4159.22216796875,95.27606201171875,0.16954761743545532
1776175830593,0.0,1.0,4159.69921875,94.40695190429688,0.1696590781211853
1776175830613,0.0,1.0,4160.09375,93.6045150756836,0.16979216039180756
1776175830635,0.0,1.0,4160.56396484375,92.76911163330078,0.16992269456386566
1776175830653,0.0,1.0,4161.03076171875,92.03739166259766,0.17003382742404938
1776175830673,0.0,1.0,4161.87744140625,91.17061614990234,0.1702709197998047
1776175830693,0.0,1.0,4162.25830078125,90.39571380615234,0.17040015757083893
1776175830713,0.0,1.0,4162.7119140625,89.52422332763672,0.17050670087337494
1776175830734,0.0,1.0,4163.0869140625,88.65315246582031,0.17063528299331665
1776175830753,0.0,1.0,4163.53369140625,87.93315124511719,0.17076054215431213
1776175830773,0.0,1.0,4164.34326171875,87.05741119384766,0.17098844051361084
1776175830793,0.0,1.0,4164.77978515625,86.24761199951172,0.17109142243862152
1776175830813,0.0,1.0,4165.140625,85.53778076171875,0.17121337354183197
1776175830834,0.0,1.0,4165.57080078125,84.72747039794922,0.17131555080413818
1776175830853,0.0,1.0,4165.92626953125,83.87100219726562,0.17143714427947998
1776175830873,0.0,1.0,4166.76953125,83.2031021118164,0.17165783047676086
1776175830893,0.0,1.0,4167.11669921875,82.46490478515625,0.1717766672372818
1776175830913,0.0,1.0,4167.5302734375,81.70702362060547,0.17187486588954926
1776175830934,0.0,1.0,4167.87255859375,80.94996643066406,0.1719929575920105
1776175830953,0.0,1.0,4168.2802734375,80.28108978271484,0.17209158837795258
1776175830973,0.0,1.0,4169.01953125,79.47930908203125,0.17230406403541565
1776175830993,0.0,1.0,4169.3515625,78.83125305175781,0.17241807281970978
1776175831013,0.0,1.0,4169.7470703125,78.10480499267578,0.17251496016979218
1776175831034,0.0,1.0,4170.07421875,77.36506652832031,0.17262955009937286
1776175831053,0.0,1.0,4170.4638671875,76.67166137695312,0.1727437674999237
1776175831073,0.0,1.0,4171.16943359375,75.9061508178711,0.17295244336128235
1776175831093,0.0,1.0,4171.5498046875,75.14405059814453,0.1730472594499588
1776175831113,0.0,1.0,4171.8642578125,74.476318359375,0.17315664887428284
1776175831134,0.0,1.0,4172.23828125,73.75496673583984,0.17324884235858917
1776175831153,0.0,1.0,4172.5478515625,73.02217864990234,0.1733599156141281
1776175831174,0.0,1.0,4173.28173828125,72.35336303710938,0.17355963587760925
1776175831193,0.0,1.0,4173.58349609375,71.61903381347656,0.1736665964126587
1776175831213,0.0,1.0,4173.94287109375,70.85191345214844,0.17375655472278595
1776175831234,0.0,1.0,4174.23974609375,70.19834899902344,0.1738637238740921
1776175831253,0.0,1.0,4174.59326171875,69.48882293701172,0.17395025491714478
1776175831273,0.0,1.0,4175.2333984375,68.7657241821289,0.17414148151874542
1776175831293,0.0,1.0,4175.52099609375,68.12259674072266,0.1742461621761322
1776175831313,0.0,1.0,4175.86328125,67.385498046875,0.17432932555675507
1776175831334,0.0,1.0,4176.14599609375,66.6473388671875,0.17443139851093292
1776175831353,0.0,1.0,4176.482421875,66.03791809082031,0.17453263700008392
1776175831373,0.0,1.0,4177.09130859375,65.32279968261719,0.1747162640094757
1776175831393,0.0,1.0,4177.4189453125,64.60993957519531,0.17479805648326874
1776175831413,0.0,1.0,4177.689453125,63.986228942871094,0.1748964637517929
1776175831434,0.0,1.0,4178.01123046875,63.26045608520508,0.1749778538942337
1776175831453,0.0,1.0,4178.27685546875,62.56138229370117,0.17507252097129822
1776175831473,0.0,1.0,4178.90576171875,61.977447509765625,0.17525137960910797
1776175831493,0.0,1.0,4179.16455078125,61.29125213623047,0.17534776031970978
1776175831513,0.0,0.8478404879570007,4179.47216796875,60.598114013671875,0.17542394995689392
1776175831535,0.0,0.7132585644721985,4179.72607421875,59.95858383178711,0.1755170375108719
1776175831553,0.0,0.6468548774719238,4180.0283203125,59.39512252807617,0.17559225857257843
1776175831573,0.0,0.5464999675750732,4180.57470703125,58.80167770385742,0.1757574826478958
1776175831593,0.0,0.4580742418766022,4180.8203125,58.31813430786133,0.17584577202796936
1776175831613,0.0,0.5852325558662415,4181.11279296875,57.75418472290039,0.17592060565948486
1776175831634,0.0,0.6795321106910706,4181.3544921875,57.14641189575195,0.17601123452186584
1776175831653,0.0,0.7132585644721985,4181.642578125,56.61914825439453,0.1760992407798767
1776175831674,0.0,0.6468548774719238,4182.16357421875,56.00656509399414,0.17625772953033447
1776175831693,0.0,0.4920295774936676,4182.44384765625,55.49353790283203,0.17632988095283508
1776175831713,0.0,0.36630862951278687,4182.67578125,55.06767272949219,0.17641454935073853
1776175831734,0.0,0.31956228613853455,4182.9521484375,54.61443328857422,0.1764811873435974
1776175831753,0.0,0.2948283851146698,4183.18115234375,54.192779541015625,0.17656643688678741
1776175831774,0.0,0.28304019570350647,4183.68017578125,53.84652328491211,0.17672038078308105
1776175831793,0.0,0.2948283851146698,4183.9501953125,53.46376037597656,0.17680023610591888
1776175831813,0.0,0.2948283851146698,4184.21875,53.07460021972656,0.1768677830696106
1776175831834,0.0,0.2948283851146698,4184.44091796875,52.751007080078125,0.1769508719444275
1776175831853,0.0,0.2948283851146698,4184.7060546875,52.38958740234375,0.17701666057109833
1776175831873,0.0,0.2772776782512665,4185.18798828125,52.04526138305664,0.17716342210769653
1776175831893,0.0,0.2659403383731842,4185.4052734375,51.76411437988281,0.17724227905273438
1776175831913,0.0,0.24442484974861145,4185.6650390625,51.44930648803711,0.17730946838855743
1776175831934,0.0,0.20982453227043152,4185.88037109375,51.1608772277832,0.17738856375217438
1776175831954,0.0,0.1748504638671875,4186.1376953125,50.906105041503906,0.17746764421463013
1776175831974,0.0,0.1443578451871872,4186.60595703125,50.71376419067383,0.1776103377342224
1776175831993,0.0,0.0979321226477623,4186.85986328125,50.512229919433594,0.17767520248889923
1776175832013,0.0,0.041335735470056534,4187.07080078125,50.36484146118164,0.177751362323761
1776175832034,0.0,0.0002943974104709923,4187.3232421875,50.24367904663086,0.17781610786914825
1776175832053,0.0,0.0,4187.533203125,50.14688491821289,0.17789247632026672
1776175832073,0.0,0.0,4187.99365234375,50.067630767822266,0.17803482711315155
1776175832093,0.0,0.0,4188.244140625,49.97714614868164,0.1781107783317566
1776175832113,0.0,0.0,4188.494140625,49.88692092895508,0.17817430198192596
1776175832134,0.0,0.0,4188.7021484375,49.80940246582031,0.1782504767179489
1776175832153,0.0,0.0,4188.95166015625,49.71787643432617,0.17831428349018097
1776175832173,0.0,0.0,4189.40771484375,49.623558044433594,0.1784534454345703
1776175832193,0.0,0.0,4189.6142578125,49.54246139526367,0.1785328984260559
1776175832213,0.047600001096725464,0.0,4189.86181640625,49.4479866027832,0.17859341204166412
1776175832234,0.20634999871253967,0.0,4190.06787109375,49.368743896484375,0.17866885662078857
1776175832253,0.32934999465942383,0.0,4190.31494140625,49.331363677978516,0.17874430119991302
1776175832273,0.4007500112056732,0.0,4190.7666015625,49.31220626831055,0.17888092994689941
1776175832293,0.41659998893737793,0.0,4191.0126953125,49.3309211730957,0.17894254624843597
1776175832313,0.40470001101493835,0.0,4191.2177734375,49.37174606323242,0.179018035531044
1776175832334,0.36900001764297485,0.0,4191.46435546875,49.442020416259766,0.17908160388469696
1776175832353,0.31744998693466187,0.0,4191.669921875,49.53110885620117,0.17915764451026917
1776175832374,0.26980000734329224,0.0,4192.123046875,49.619110107421875,0.17929351329803467
1776175832393,0.20235002040863037,0.0,4192.37109375,49.70397186279297,0.17936788499355316
1776175832413,0.15080001950263977,0.0,4192.61962890625,49.74760055541992,0.17943041026592255
1776175832434,0.11904999613761902,0.0,4192.82666015625,49.76288604736328,0.17950628697872162
1776175832453,0.09125000238418579,0.0,4193.0751953125,49.760887145996094,0.1795685738325119
1776175832473,0.06350001692771912,0.0,4193.53125,49.75021743774414,0.17970508337020874
1776175832493,0.04365000128746033,0.0,4193.73828125,49.725772857666016,0.17977848649024963
1776175832513,0.027750015258789062,0.0,4193.98681640625,49.6727180480957,0.1798422932624817
1776175832534,0.0,0.0,4194.19384765625,49.59574508666992,0.17991654574871063
1776175832553,0.0,0.0,4194.44189453125,49.508018493652344,0.17998911440372467
1776175832573,0.0,0.0,4194.8955078125,49.40009689331055,0.18012502789497375
1776175832593,0.0,0.0,4195.14208984375,49.2833251953125,0.18018753826618195
1776175832613,0.0,0.0,4195.34716796875,49.18341827392578,0.18026214838027954
1776175832635,0.0,0.0,4195.5927734375,49.047264099121094,0.1803220808506012
1776175832653,0.0,0.0,4195.796875,48.94694519042969,0.18039533495903015
1776175832673,0.0,0.0,4196.28564453125,48.84870147705078,0.1805306226015091
1776175832693,0.0,0.0,4196.48876953125,48.73454666137695,0.18060262501239777
1776175832713,0.0,0.0,4196.73193359375,48.6192626953125,0.18066257238388062
1776175832733,0.0,0.0,4196.93408203125,48.519798278808594,0.18073582649230957
1776175832753,0.0,0.0,4197.17626953125,48.404273986816406,0.1807965636253357
1776175832773,0.0,0.0,4197.619140625,48.28973388671875,0.18092836439609528
1776175832793,0.0,0.0,4197.81982421875,48.19528579711914,0.18100149929523468
1776175832813,0.0,0.0,4198.06005859375,48.083030700683594,0.18107174336910248
1776175832833,0.0,0.0,4198.2998046875,47.96938705444336,0.18113215267658234
1776175832853,0.0,0.0,4198.4990234375,47.875518798828125,0.1812061369419098
1776175832873,0.0,0.0,4198.9365234375,47.7695426940918,0.18133477866649628
1776175832893,0.0,0.0,4199.17431640625,47.66610336303711,0.18139447271823883
1776175832913,0.0,0.0,4199.3720703125,47.56774139404297,0.18146342039108276
1776175832934,0.0,0.0,4199.609375,47.46086120605469,0.18153530359268188
1776175832953,0.0,0.0,4199.84619140625,47.3422737121582,0.18159380555152893
1776175832973,0.0,0.0,4200.27880859375,47.16645812988281,0.18172335624694824
1776175832993,0.0,0.0,4200.474609375,47.08792495727539,0.18179146945476532
1776175833013,0.0,0.0,4200.70947265625,47.01933670043945,0.18185080587863922
1776175833034,0.0,0.0,4200.90478515625,46.961910247802734,0.18192102015018463
1776175833053,0.0,0.0,4201.138671875,46.8978157043457,0.18197940289974213
1776175833073,0.0,0.0,4201.56640625,46.828369140625,0.18211977183818817
1776175833093,0.0,0.0,4201.798828125,46.764305114746094,0.18217957019805908
1776175833113,0.0,0.0,4201.9921875,46.68795394897461,0.18224601447582245
1776175833134,0.0,0.0,4202.22412109375,46.616580963134766,0.18230664730072021
1776175833153,0.0,0.0,4202.4169921875,46.547908782958984,0.18237516283988953
1776175833173,0.0,0.0,4202.83935546875,46.42771911621094,0.18250241875648499
1776175833193,0.0,0.0,4203.06884765625,46.3422966003418,0.18255940079689026
1776175833213,0.0,0.0,4203.259765625,46.27295684814453,0.18263083696365356
1776175833233,0.027750015258789062,0.0,4203.48828125,46.18959426879883,0.18269897997379303
1776175833253,0.06350001692771912,0.0,4203.71630859375,46.1087760925293,0.18275679647922516
1776175833273,0.09125000238418579,0.0,4204.13427734375,46.07491683959961,0.18288448452949524
1776175833293,0.1269499957561493,0.0,4204.32421875,46.057769775390625,0.18295343220233917
1776175833313,0.16269999742507935,0.0,4204.552734375,46.02154541015625,0.18301060795783997
1776175833334,0.2102999985218048,0.0,4204.7431640625,45.970123291015625,0.18307997286319733
1776175833353,0.24994999170303345,0.0,4204.97216796875,45.91484451293945,0.18313546478748322
1776175833373,0.2817000150680542,0.0,4205.1630859375,45.84541702270508,0.18320441246032715
1776175833393,0.31345000863075256,0.0,4205.62158203125,45.783626556396484,0.18333083391189575
1776175833413,0.3372499942779541,0.0,4205.8125,45.67924118041992,0.18339937925338745
1776175833434,0.35315001010894775,0.0,4206.0419921875,45.57425308227539,0.1834566444158554
1776175833453,0.361050009727478,0.0,4206.23291015625,45.53095245361328,0.18352560698986053
1776175833473,0.361050009727478,0.0,4206.65283203125,45.49583435058594,0.18364973366260529
1776175833493,0.361050009727478,0.0,4206.8818359375,45.299072265625,0.18370650708675385
1776175833513,0.361050009727478,0.0,4207.072265625,45.12047576904297,0.18377453088760376
1776175833535,0.361050009727478,0.0,4207.30078125,45.052452087402344,0.1838413029909134
1776175833553,0.361050009727478,0.0,4207.52978515625,45.01780700683594,0.18389764428138733
1776175833573,0.361050009727478,0.0,4207.7216796875,44.99601364135742,0.18396565318107605
1776175833593,0.3650500178337097,0.0,4208.14306640625,45.03407287597656,0.18408960103988647
1776175833613,0.3650500178337097,0.0,4208.37255859375,45.22319793701172,0.18414847552776337
1776175833634,0.3650500178337097,0.0,4208.56396484375,45.447120666503906,0.18421362340450287
1776175833653,0.3650500178337097,0.0,4208.79443359375,45.60840606689453,0.18427293002605438
1776175833674,0.3650500178337097,0.0,4209.21875,45.77775192260742,0.18440908193588257
1776175833693,0.36900001764297485,0.0,4209.45068359375,45.93367004394531,0.1844654530286789
1776175833713,0.36900001764297485,0.0,4209.64404296875,46.12797546386719,0.18453484773635864
1776175833734,0.36900001764297485,0.0,4209.876953125,46.797203063964844,0.18459361791610718
1776175833753,0.36900001764297485,0.0,4210.07177734375,47.12482833862305,0.18466204404830933
1776175833774,0.36900001764297485,0.0,4210.50439453125,47.109031677246094,0.1847905069589615
1776175833793,0.36900001764297485,0.0,4210.73974609375,47.11964797973633,0.18486186861991882
1776175833813,0.36900001764297485,0.0,4210.974609375,47.18001174926758,0.18492232263088226
1776175833834,0.37299999594688416,0.0,4211.17041015625,47.240882873535156,0.18499542772769928
1776175833853,0.3769499957561493,0.0,4211.4052734375,47.299015045166016,0.1850564330816269
1776175833873,0.4007500112056732,0.0,4211.83740234375,47.58412170410156,0.18518832325935364
1776175833894,0.4325000047683716,0.0,4212.03515625,47.82693862915039,0.18526127934455872
1776175833914,0.46024999022483826,0.0,4212.2734375,47.89801788330078,0.18532145023345947
1776175833935,0.4761500060558319,0.0,4212.47216796875,48.04730987548828,0.1853933036327362
1776175833953,0.48410001397132874,0.0,4212.7109375,48.25956726074219,0.18546676635742188
1776175833973,0.48805001378059387,0.0,4213.15185546875,48.59515380859375,0.18559958040714264
1776175833995,0.4959999918937683,0.0,4213.39453125,48.83447265625,0.1856626719236374
1776175834013,0.4959999918937683,0.0,4213.59814453125,48.97263717651367,0.18573489785194397
1776175834034,0.49994999170303345,0.0,4213.84326171875,49.13207244873047,0.185796320438385
1776175834053,0.5038999915122986,0.0,4214.0478515625,49.309146881103516,0.18587172031402588
1776175834074,0.5390499830245972,0.0,4214.5,49.56498336791992,0.18600833415985107
1776175834093,0.6015499830245972,0.0,4214.748046875,49.8188362121582,0.18607120215892792
1776175834113,0.6757999658584595,0.0,4214.95556640625,50.04255294799805,0.18614621460437775
1776175834134,0.7695499658584595,0.0,4215.20556640625,50.33616638183594,0.18622247874736786
1776175834153,0.8593499660491943,0.0,4215.45703125,50.676666259765625,0.18628382682800293
1776175834173,0.9375,0.0,4215.92138671875,51.001712799072266,0.18642868101596832
1776175834193,1.0,0.0,4216.13427734375,51.40846633911133,0.18650980293750763
1776175834214,1.0,0.0,4216.3916015625,51.827266693115234,0.18657271564006805
1776175834234,1.0,0.0,4216.607421875,52.20171356201172,0.18664970993995667
1776175834253,1.0,0.0,4216.8681640625,52.66828155517578,0.18671934306621552
1776175834275,1.0,0.0,4217.35107421875,53.15884017944336,0.18687844276428223
1776175834293,1.0,0.0,4217.6171875,53.59405517578125,0.18694812059402466
1776175834315,1.0,0.0,4217.8408203125,54.09380340576172,0.18703165650367737
1776175834335,1.0,0.0,4218.11083984375,54.57862854003906,0.18710081279277802
1776175834354,1.0,0.0,4218.33740234375,55.064918518066406,0.1871863156557083
1776175834374,1.0,0.0,4218.84033203125,55.49074172973633,0.18734313547611237
1776175834393,1.0,0.0,4219.1171875,55.990638732910156,0.18742822110652924
1776175834416,1.0,0.0,4219.396484375,56.484153747558594,0.18750162422657013
1776175834434,1.0,0.0,4219.63037109375,56.89860916137695,0.18758660554885864
1776175834454,1.0,0.0,4219.9130859375,57.3759651184082,0.1876590996980667
1776175834477,1.0,0.0,4220.43603515625,57.849037170410156,0.18782396614551544
1776175834494,1.0,0.0,4220.67626953125,58.247737884521484,0.18791301548480988
1776175834513,1.0,0.0,4220.96630859375,58.70667266845703,0.18799009919166565
1776175834534,1.0,0.0,4221.20947265625,59.156253814697266,0.1880822479724884
1776175834553,1.0,0.0,4221.50341796875,59.525367736816406,0.1881571263074875
1776175834574,1.0,0.0,4222.04736328125,59.93784713745117,0.18834225833415985
1776175834594,1.0,0.0,4222.3466796875,60.35335159301758,0.18841992318630219
1776175834613,1.0,0.0,4222.59765625,60.720054626464844,0.18851375579833984
1776175834635,1.0,0.0,4222.900390625,61.169918060302734,0.1885920912027359
1776175834654,1.0,0.0,4223.154296875,61.62200927734375,0.18868423998355865
1776175834673,1.0,0.0,4223.7685546875,62.00507736206055,0.18886034190654755
1776175834694,1.0,0.0,4224.02685546875,62.44231033325195,0.18894048035144806
1776175834715,1.0,0.0,4224.28662109375,62.87923812866211,0.18903638422489166
1776175834734,1.0,0.0,4224.60009765625,63.256446838378906,0.18913479149341583
1776175834753,1.0,0.0,4224.9150390625,63.69671630859375,0.18921487033367157
1776175834774,1.0,0.0,4225.49755859375,64.12884521484375,0.1893952190876007
1776175834794,1.0,0.0,4225.76416015625,64.48851776123047,0.18949587643146515
1776175834813,1.0,0.0,4226.0859375,64.8931884765625,0.18958298861980438
1776175834834,1.0,0.0,4226.35498046875,65.14936065673828,0.18968328833580017
1776175834855,1.0,0.0,4226.6796875,65.26744079589844,0.18976600468158722
1776175834873,1.0,0.0,4227.27685546875,65.27662658691406,0.18996863067150116
1776175834894,1.0,0.0,4227.6025390625,65.24091339111328,0.1900525987148285
1776175834914,1.0,0.0,4227.8740234375,65.21497344970703,0.19015230238437653
1776175834933,1.0,0.0,4228.19970703125,65.18695068359375,0.19023792445659637
1776175834953,1.0,0.0,4228.47119140625,65.16545867919922,0.19034042954444885
1776175834974,1.0,0.0,4229.0673828125,65.14009094238281,0.190531924366951
1776175834993,1.0,0.0,4229.392578125,65.11797332763672,0.19063372910022736
1776175835014,1.0,0.0,4229.7177734375,65.0950927734375,0.1907176822423935
1776175835034,1.0,0.0,4229.98876953125,65.07707214355469,0.19081948697566986
1776175835053,1.0,0.0,4230.31396484375,65.05953216552734,0.19090260565280914
1776175835075,1.0,0.0,4230.91015625,65.03950500488281,0.19108973443508148
1776175835097,1.0,0.0,4231.18115234375,65.02041625976562,0.19118937849998474
1776175835114,1.0,0.0,4231.50634765625,65.00315856933594,0.19127269089221954
1776175835137,1.0,0.0,4231.77734375,65.44328308105469,0.19137729704380035
1776175835159,1.0,0.0,4232.3759765625,65.965576171875,0.19156304001808167
1776175835173,1.0,0.0,4232.70556640625,66.30049896240234,0.19166772067546844
1776175835195,1.0,0.0,4233.037109375,66.77246856689453,0.1917508840560913
1776175835213,1.0,0.0,4233.3154296875,67.19498443603516,0.1918567270040512
1776175835234,1.0,0.0,4233.6513671875,67.70955657958984,0.191944882273674
1776175835255,1.0,0.0,4233.9326171875,68.23382568359375,0.1920495331287384
1776175835273,1.0,0.0,4234.5576171875,68.68931579589844,0.19224309921264648
1776175835294,1.0,0.0,4234.90185546875,69.2153549194336,0.19233185052871704
1776175835313,1.0,0.0,4235.1904296875,69.66207122802734,0.19243842363357544
1776175835334,1.0,0.0,4235.53857421875,70.18605041503906,0.19254790246486664
1776175835354,1.0,0.0,4235.888671875,70.72515869140625,0.19264091551303864
1776175835373,1.0,0.0,4236.53662109375,71.16304779052734,0.19284167885780334
1776175835397,1.0,0.0,4236.83349609375,71.67382049560547,0.19294998049736023
1776175835413,1.0,0.0,4237.19140625,72.02091979980469,0.19304288923740387
1776175835436,1.0,0.0,4237.4912109375,72.4218521118164,0.19315579533576965
1776175835454,1.0,0.0,4237.85205078125,72.76103973388672,0.19326619803905487
1776175835475,1.0,0.0,4238.517578125,73.15328979492188,0.19347155094146729
1776175835494,1.0,0.0,4238.8828125,73.53644561767578,0.19356532394886017
1776175835513,1.0,0.0,4239.1884765625,73.85494232177734,0.19367927312850952
1776175835534,1.0,0.0,4239.556640625,74.21861267089844,0.1937713474035263
1776175835554,1.0,0.0,4239.86474609375,74.52215576171875,0.1938861459493637
1776175835578,1.0,0.0,4240.5458984375,74.87389373779297,0.1940939724445343
1776175835593,1.0,0.0,4240.91943359375,75.2236557006836,0.19418694078922272
1776175835613,1.0,0.0,4241.23193359375,75.52676391601562,0.19430355727672577
1776175835634,1.0,0.0,4241.6083984375,75.87560272216797,0.19441154599189758
1776175835654,1.0,0.0,4241.986328125,76.21389770507812,0.1945098489522934
1776175835673,1.0,0.0,4242.302734375,76.50083923339844,0.194624662399292
1776175835693,1.0,0.0,4243.001953125,76.83468627929688,0.1948339343070984
1776175835713,1.0,0.0,4243.38525390625,77.15299987792969,0.19493061304092407
1776175835734,1.0,0.0,4243.70556640625,77.39986419677734,0.1950460523366928
1776175835753,1.0,0.0,4244.09130859375,77.70247650146484,0.19516190886497498
1776175835774,1.0,0.0,4244.80224609375,78.03399658203125,0.19537495076656342
1776175835793,1.0,0.0,4245.19189453125,78.30162811279297,0.1954704076051712
1776175835814,1.0,0.0,4245.517578125,78.61878204345703,0.19558563828468323
1776175835835,1.0,0.0,4245.91015625,78.94746398925781,0.19568535685539246
1776175835853,1.0,0.0,4246.23828125,79.21940612792969,0.19579976797103882
1776175835873,1.0,0.0,4246.96337890625,79.52175903320312,0.19601501524448395
1776175835893,1.0,0.0,4247.36083984375,79.82879638671875,0.19613145291805267
1776175835913,1.0,0.0,4247.69287109375,80.0921859741211,0.1962285041809082
1776175835934,1.0,0.0,4248.0927734375,80.39313507080078,0.19634681940078735
1776175835954,1.0,0.0,4248.494140625,80.6968994140625,0.1964455395936966
1776175835973,1.0,0.0,4248.82958984375,80.95774841308594,0.1965639889240265
1776175835993,1.0,0.0,4249.5703125,81.24835205078125,0.19678010046482086
1776175836013,1.0,0.0,4249.97607421875,81.52168273925781,0.19688057899475098
1776175836034,1.0,0.0,4250.31494140625,81.75504302978516,0.19699661433696747
1776175836053,1.0,0.0,4250.72265625,82.02741241455078,0.1970955729484558
1776175836073,1.0,0.0,4251.0634765625,82.29698944091797,0.19721926748752594
1776175836093,1.0,0.0,4251.884765625,82.52510833740234,0.19743712246418
1776175836113,1.0,0.0,4252.22802734375,82.78805541992188,0.1975584477186203
1776175836134,1.0,0.0,4252.64111328125,83.06425476074219,0.19765852391719818
1776175836153,1.0,0.0,4252.986328125,83.30397033691406,0.19777913391590118
1776175836175,1.0,0.0,4253.7490234375,83.61228942871094,0.19800010323524475
1776175836194,1.0,0.0,4254.16650390625,83.8386001586914,0.19811968505382538
1776175836213,1.0,0.0,4254.58544921875,84.06889343261719,0.19822050631046295
1776175836234,1.0,0.0,4254.935546875,84.3456039428711,0.19834183156490326
1776175836253,1.0,0.0,4255.3564453125,84.61540222167969,0.1984436959028244
1776175836273,1.0,0.0,4255.7080078125,84.83284759521484,0.19856585562229156
1776175836293,1.0,0.0,4256.48486328125,85.08041381835938,0.19879016280174255
1776175836313,1.0,0.0,4256.91015625,85.32696533203125,0.1988907754421234
1776175836335,1.0,0.0,4257.26513671875,85.56586456298828,0.19901315867900848
1776175836353,1.0,0.0,4257.6923828125,85.7772445678711,0.1991158425807953
1776175836373,1.0,0.0,4258.4775390625,86.02527618408203,0.19936148822307587
1776175836393,1.0,0.0,4258.90771484375,86.22779846191406,0.1994650512933731
1776175836413,1.0,0.0,4259.26708984375,86.46210479736328,0.19958829879760742
1776175836435,1.0,0.0,4259.69921875,86.69853973388672,0.19969244301319122
1776175836453,1.0,0.0,4260.06005859375,86.90388488769531,0.19981609284877777
1776175836473,1.0,0.0,4260.494140625,87.138916015625,0.19992023706436157
1776175836493,1.0,0.0,4261.2919921875,87.37409210205078,0.20016829669475555
1776175836513,1.0,0.0,4261.65576171875,87.58313751220703,0.2002711445093155
1776175836535,1.0,0.0,4262.09326171875,87.82920837402344,0.20039737224578857
1776175836553,1.0,0.0,4262.5322265625,88.0691909790039,0.2005002796649933
1776175836573,1.0,0.0,4262.8984375,88.27012634277344,0.20062562823295593
1776175836593,1.0,0.0,4263.70654296875,88.50846862792969,0.20085673034191132
1776175836613,1.0,0.0,4264.14892578125,88.7513656616211,0.20096133649349213
1776175836634,1.0,0.0,4264.5185546875,88.99191284179688,0.2010873556137085
1776175836653,1.0,0.0,4264.962890625,89.19447326660156,0.20119251310825348
1776175836674,1.0,0.0,4265.7802734375,89.43375396728516,0.20144575834274292
1776175836693,1.0,0.0,4266.2275390625,89.65460968017578,0.2015514373779297
1776175836713,1.0,0.0,4266.60107421875,89.92008209228516,0.20167838037014008
1776175836735,1.0,0.0,4267.05029296875,90.17281341552734,0.2017851620912552
1776175836754,1.0,0.0,4267.42529296875,90.3788833618164,0.20191238820552826
1776175836773,1.0,0.0,4268.25341796875,90.61943817138672,0.2021455615758896
1776175836793,1.0,0.0,4268.70654296875,90.87561798095703,0.202274888753891
1776175836813,1.0,0.0,4269.16064453125,91.09935760498047,0.20238077640533447
1776175836833,1.0,0.0,4269.5400390625,91.36891174316406,0.20250990986824036
1776175836854,1.0,0.0,4269.99658203125,91.6517333984375,0.2026166170835495
1776175836874,1.0,0.0,4270.83642578125,91.92762756347656,0.20285479724407196
1776175836893,1.0,0.0,4271.21923828125,92.15534973144531,0.20298393070697784
1776175836913,1.0,0.0,4271.6796875,92.42671203613281,0.20311352610588074
1776175836935,1.0,0.0,4272.14111328125,92.71226501464844,0.20322124660015106
1776175836953,1.0,0.0,4272.52685546875,92.95829010009766,0.20332984626293182
1776175836973,1.0,0.0,4272.9130859375,93.23355865478516,0.20345982909202576
1776175836994,1.0,0.0,4273.84375,93.46392822265625,0.20370036363601685
1776175837015,1.0,0.0,4274.23291015625,93.77922058105469,0.20383132994174957
1776175837034,1.0,0.0,4274.70068359375,94.02203369140625,0.2039412409067154
1776175837054,1.0,0.0,4275.09130859375,94.25757598876953,0.20407229661941528
1776175837074,1.0,0.0,4275.9541015625,94.52293395996094,0.2043154537677765
1776175837096,1.0,0.0,4276.4267578125,94.841064453125,0.20442542433738708
1776175837116,1.0,0.0,4276.8212890625,95.09407806396484,0.20455825328826904
1776175837138,1.0,0.0,4277.29638671875,95.38642120361328,0.20469117164611816
1776175837154,1.0,0.0,4277.7724609375,95.64411926269531,0.20480255782604218
1776175837175,1.0,0.0,4278.64892578125,95.94084930419922,0.2050473541021347
1776175837194,1.0,0.0,4279.048828125,96.1844711303711,0.2051815688610077
1776175837217,1.0,0.0,4279.52978515625,96.51297760009766,0.2053162008523941
1776175837237,1.0,0.0,4279.931640625,96.79206848144531,0.20542839169502258
1776175837253,1.0,0.0,4280.41455078125,96.98532104492188,0.20554091036319733
1776175837273,1.0,0.0,4281.30322265625,97.26609802246094,0.2058110386133194
1776175837293,1.0,0.0,4281.78955078125,97.50569915771484,0.20592468976974487
1776175837314,1.0,0.0,4282.19580078125,97.7579574584961,0.20606015622615814
1776175837334,1.0,0.0,4282.68408203125,98.03653717041016,0.20617376267910004
1776175837353,1.0,0.0,4283.091796875,98.27368927001953,0.20631007850170135
1776175837374,1.0,0.0,4283.9921875,98.5374526977539,0.2065618485212326
1776175837394,1.0,0.0,4284.48486328125,98.80872344970703,0.20669934153556824
1776175837413,1.0,0.0,4284.978515625,99.0480728149414,0.20681436359882355
1776175837433,1.0,0.0,4285.39111328125,99.31083679199219,0.2069530040025711
1776175837453,1.0,0.0,4285.88720703125,99.5783920288086,0.20706921815872192
1776175837473,1.0,0.0,4286.30126953125,99.8029556274414,0.20720739662647247
1776175837494,1.0,0.0,4287.21533203125,100.0583267211914,0.20746338367462158
1776175837515,1.0,0.0,4287.71533203125,100.31559753417969,0.20760352909564972
1776175837537,1.0,0.0,4288.21630859375,100.58072662353516,0.2077205777168274
1776175837554,1.0,0.0,4288.634765625,100.81551361083984,0.20786099135875702
1776175837573,1.0,0.0,4289.13818359375,101.08351135253906,0.20797863602638245
1776175837593,1.0,0.0,4290.06396484375,101.29580688476562,0.20823948085308075
1776175837613,1.0,0.0,4290.48583984375,101.54594421386719,0.20838087797164917
1776175837636,1.0,0.0,4290.9931640625,101.8113784790039,0.2085004299879074
1776175837653,1.0,0.0,4291.4169921875,102.04454803466797,0.20864327251911163
1776175837675,1.0,0.0,4292.3515625,102.35347747802734,0.20890820026397705
1776175837693,1.0,0.0,4292.86328125,102.58444213867188,0.20905247330665588
1776175837713,1.0,0.0,4293.3759765625,102.8019027709961,0.20917274057865143
1776175837734,1.0,0.0,4293.80419921875,103.0569076538086,0.2093186378479004
1776175837753,1.0,0.0,4294.31884765625,103.31513977050781,0.20943889021873474
1776175837775,1.0,0.0,4295.26513671875,103.52083587646484,0.20970745384693146
1776175837793,1.0,0.0,4295.6962890625,103.76295471191406,0.20985381305217743
1776175837814,1.0,0.0,4296.21435546875,104.01030731201172,0.21000145375728607
1776175837834,1.0,0.0,4296.73388671875,104.24739837646484,0.2101234644651413
1776175837853,1.0,0.0,4297.16748046875,104.44924926757812,0.21027089655399323
1776175837874,1.0,0.0,4298.12353515625,104.6898422241211,0.21054156124591827
1776175837894,1.0,0.0,4298.646484375,104.93681335449219,0.21066544950008392
1776175837915,1.0,0.0,4299.08349609375,105.18791961669922,0.21081411838531494
1776175837935,1.0,0.0,4299.60888671875,105.39082336425781,0.21093878149986267
1776175837953,1.0,0.0,4300.04736328125,105.588134765625,0.2110873907804489
1776175837974,0.9922000169754028,0.0,4301.10205078125,105.82147216796875,0.21136203408241272
1776175837993,0.8710999488830566,0.0,4301.54248046875,106.05300903320312,0.21151259541511536
1776175838013,0.7030999660491943,0.0,4302.072265625,106.22249603271484,0.2116372436285019
1776175838034,0.42454999685287476,0.0,4302.51416015625,106.38741302490234,0.2117868810892105
1776175838053,0.1904500126838684,0.0,4303.04541015625,106.44697570800781,0.21191327273845673
1776175838074,0.0,0.0,4304.02001953125,106.42909240722656,0.21218997240066528
1776175838093,0.0,0.0,4304.462890625,106.32048034667969,0.2123388648033142
1776175838113,0.0,0.0,4304.994140625,106.17532348632812,0.21249063313007355
1776175838133,0.0,0.0,4305.5244140625,106.0430679321289,0.21261556446552277
1776175838153,0.0,0.0,4305.9658203125,105.8843765258789,0.21276533603668213
1776175838174,0.0,0.0,4306.935546875,105.7255630493164,0.21304066479206085
1776175838194,0.0,0.0,4307.46337890625,105.5687255859375,0.21316570043563843
1776175838213,0.0,0.0,4307.90283203125,105.4345703125,0.21331486105918884
1776175838234,0.0,0.0,4308.4296875,105.27388000488281,0.21343910694122314
1776175838253,0.0,0.0,4308.8681640625,105.13955688476562,0.21358786523342133
1776175838273,0.0,0.0,4309.3935546875,104.98711395263672,0.21373848617076874
1776175838293,0.0,0.0,4310.35546875,104.8272705078125,0.21401016414165497
1776175838313,0.0,0.0,4310.87890625,104.6893310546875,0.2141336053609848
1776175838333,0.0,0.0,4311.31494140625,104.52748107910156,0.2142801582813263
1776175838353,0.0,0.0,4311.83740234375,104.36569213867188,0.2144041210412979
1776175838374,0.0,0.0,4312.7939453125,104.21639251708984,0.21467351913452148
1776175838393,0.0,0.0,4313.22802734375,104.04220581054688,0.21482188999652863
1776175838413,0.0,0.0,4313.74853515625,103.86524200439453,0.21497170627117157
1776175838435,0.0,0.0,4314.26806640625,103.69389343261719,0.21509364247322083
1776175838453,0.0,0.0,4314.70068359375,103.54536437988281,0.2152411937713623
1776175838474,0.0,0.0,4315.21923828125,103.37374114990234,0.21536333858966827
1776175838493,0.0,0.0,4316.16796875,103.22625732421875,0.2156299501657486
1776175838513,0.0,0.0,4316.59814453125,103.05986785888672,0.21577659249305725
1776175838533,0.0,0.0,4317.11376953125,102.89878845214844,0.2158980816602707
1776175838553,0.0,0.0,4317.54296875,102.76274871826172,0.21604453027248383
1776175838573,0.0,0.0,4318.05712890625,102.59672546386719,0.21618938446044922
1776175838593,0.0,0.0,4318.998046875,102.42569732666016,0.21645550429821014
1776175838613,0.0,0.0,4319.51025390625,102.28459930419922,0.21657583117485046
1776175838633,0.0,0.0,4319.9365234375,102.12054443359375,0.2167205959558487
1776175838653,0.0,0.0,4320.447265625,101.9537124633789,0.21684029698371887
1776175838673,0.0,0.0,4320.87255859375,101.80937194824219,0.21698468923568726
1776175838693,0.0,0.0,4321.80615234375,101.63243865966797,0.21724899113178253
1776175838713,0.0,0.0,4322.314453125,101.45458221435547,0.21736903488636017
1776175838734,0.0,0.0,4322.7373046875,101.30631256103516,0.21751144528388977
1776175838753,0.0,0.0,4323.244140625,101.13404083251953,0.21765491366386414
1776175838773,0.0,0.0,4323.75,100.96055603027344,0.2177743911743164
1776175838793,0.0,0.0,4324.67529296875,100.80583190917969,0.2180355340242386
1776175838813,0.0,0.00010428302630316466,4325.09521484375,100.62821960449219,0.21817761659622192
1776175838834,0.0,0.0005969975609332323,4325.5986328125,100.45492553710938,0.218296080827713
1776175838853,0.0,0.0009866643231362104,4326.017578125,100.30159759521484,0.2184375673532486
1776175838873,0.0,0.001185735920444131,4326.51953125,100.12112426757812,0.21857869625091553
1776175838893,0.0,0.0010834707645699382,4327.4375,99.94161224365234,0.21883746981620789
1776175838913,0.0,0.0008974525262601674,4327.9375,99.79085540771484,0.21895477175712585
1776175838934,0.0,0.000814309052657336,4328.353515625,99.61286926269531,0.2190953642129898
1776175838953,0.0,0.000664277991745621,4328.85205078125,99.43624877929688,0.2192118614912033
1776175838973,0.0,3.150863994960673e-05,4329.2666015625,99.2833023071289,0.21935276687145233
1776175838993,0.0,0.0,4330.17724609375,99.10784912109375,0.21960866451263428
1776175839013,0.0,0.0,4330.6728515625,98.93439483642578,0.2197479009628296
1776175839034,0.0,0.0,4331.16796875,98.75870513916016,0.21986377239227295
1776175839053,0.0,0.0,4331.57958984375,98.60528564453125,0.22000257670879364
1776175839074,0.0,0.0,4332.0732421875,98.4244613647461,0.22011886537075043
1776175839093,0.0,0.0,4332.97607421875,98.26952362060547,0.22037257254123688
1776175839113,0.0,0.0,4333.3857421875,98.08941650390625,0.22051042318344116
1776175839134,0.0,0.0,4333.87646484375,97.90251159667969,0.22062519192695618
1776175839153,0.0,0.0,4334.28466796875,97.7408676147461,0.22076283395290375
1776175839173,0.0,0.0,4334.77392578125,97.5516128540039,0.2209000587463379
1776175839193,0.0,0.0,4335.66943359375,97.3598861694336,0.2211519181728363
1776175839213,0.04365000128746033,0.0,4336.15673828125,97.20072174072266,0.22126515209674835
1776175839235,0.10715001821517944,0.0,4336.56201171875,97.02079772949219,0.2214018851518631
1776175839253,0.14680001139640808,0.0,4337.0478515625,96.8570327758789,0.22151511907577515
1776175839273,0.17855000495910645,0.0,4337.4521484375,96.72488403320312,0.2216510772705078
1776175839293,0.20634999871253967,0.0,4338.33984375,96.58126068115234,0.22190017998218536
1776175839313,0.21424999833106995,0.0,4338.8232421875,96.43840789794922,0.22201290726661682
1776175839334,0.21424999833106995,0.0,4339.2255859375,96.31611633300781,0.22214867174625397
1776175839353,0.20634999871253967,0.0,4339.70751953125,96.17768859863281,0.22228370606899261
1776175839373,0.1904500126838684,0.0,4340.18896484375,96.04432678222656,0.2223958969116211
1776175839393,0.1746000051498413,0.0,4341.0703125,95.93047332763672,0.22264444828033447
1776175839413,0.15080001950263977,0.0,4341.47021484375,95.79529571533203,0.22277753055095673
1776175839434,0.13490000367164612,0.0,4341.94921875,95.65959167480469,0.2228894680738449
1776175839453,0.12299999594688416,0.0,4342.34814453125,95.54058837890625,0.22302378714084625
1776175839473,0.10315001010894775,0.0,4342.826171875,95.40034484863281,0.22315792739391327
1776175839493,0.09125000238418579,0.0,4343.701171875,95.26078796386719,0.22340378165245056
1776175839513,0.07935002446174622,0.0,4344.177734375,95.1427993774414,0.2235148400068283
1776175839534,0.06350001692771912,0.0,4344.57421875,94.97529602050781,0.2236483097076416
1776175839553,0.047600001096725464,0.0,4345.04931640625,94.84590148925781,0.22375889122486115
1776175839573,0.027750015258789062,0.0,4345.44482421875,94.71073913574219,0.2238915115594864
1776175839593,0.0,0.0,4346.3134765625,94.5367202758789,0.22413447499275208
1776175839613,0.0,0.0,4346.7861328125,94.34648895263672,0.22426699101924896
1776175839634,0.0,0.0,4347.2578125,94.17716217041016,0.22437745332717896
1776175839653,0.0,0.0,4347.650390625,93.97946166992188,0.2245093435049057
1776175839673,0.0,0.0,4348.12060546875,93.78160095214844,0.22461912035942078
1776175839693,0.0,0.0,4348.98046875,93.60858154296875,0.22486020624637604
1776175839713,0.0,0.0,4349.37060546875,93.39987182617188,0.22499071061611176
1776175839734,0.0,0.0,4349.837890625,93.19720458984375,0.22509968280792236
1776175839753,0.0,0.0,4350.2265625,93.02226257324219,0.22523082792758942
1776175839775,0.0,0.0,4351.1572265625,92.78319549560547,0.22547046840190887
1776175839794,0.0,0.0,4351.5439453125,92.60124206542969,0.22560037672519684
1776175839813,0.023800015449523926,0.0,4352.00732421875,92.41993713378906,0.22570820152759552
1776175839833,0.06350001692771912,0.0,4352.392578125,92.21896362304688,0.22583749890327454
1776175839853,0.13490000367164612,0.0,4352.85400390625,92.03218078613281,0.22594483196735382
1776175839873,0.21424999833106995,0.0,4353.23828125,91.8830337524414,0.22607359290122986
1776175839893,0.30550000071525574,0.0,4354.0810546875,91.72209930419922,0.22630919516086578
1776175839913,0.37299999594688416,0.0,4354.5400390625,91.5767593383789,0.22643789649009705
1776175839935,0.4364500045776367,0.0,4354.998046875,91.45130920410156,0.22654478251934052
1776175839953,0.4721499979496002,0.0,4355.37939453125,91.37418365478516,0.2266729176044464
1776175839973,0.4959999918937683,0.0,4355.83642578125,91.31430053710938,0.22677943110466003
1776175839993,0.5,0.0,4356.673828125,91.27748107910156,0.227014422416687
1776175840013,0.5038999915122986,0.0,4357.05419921875,91.25794219970703,0.2271423637866974
1776175840034,0.5038999915122986,0.0,4357.5107421875,91.24754333496094,0.22724837064743042
1776175840053,0.5038999915122986,0.0,4357.89111328125,91.25325012207031,0.22737661004066467
1776175840074,0.5038999915122986,0.0,4358.34716796875,91.26056671142578,0.22750411927700043
1776175840093,0.5038999915122986,0.0,4359.18408203125,91.27030181884766,0.22773893177509308
1776175840113,0.5038999915122986,0.0,4359.640625,91.25736236572266,0.2278456687927246
1776175840134,0.5038999915122986,0.0,4360.02099609375,91.25906372070312,0.22797417640686035
1776175840153,0.5038999915122986,0.0,4360.47705078125,91.26581573486328,0.22808045148849487
1776175840174,0.5,0.0,4361.3134765625,91.26356506347656,0.22831428050994873
1776175840193,0.492000013589859,0.0,4361.693359375,91.26204681396484,0.22844219207763672
1776175840213,0.46424999833106995,0.0,4362.1494140625,91.2683334350586,0.22854799032211304
1776175840235,0.4404500126838684,0.0,4362.529296875,91.2695541381836,0.22867541015148163
1776175840253,0.40470001101493835,0.0,4362.9853515625,91.253173828125,0.2288035750389099
1776175840273,0.37299999594688416,0.0,4363.44140625,91.21795654296875,0.2289096862077713
1776175840293,0.3412500023841858,0.0,4364.27685546875,91.18157196044922,0.22914347052574158
1776175840314,0.29360002279281616,0.0,4364.65673828125,91.1244888305664,0.22927114367485046
1776175840333,0.25394999980926514,0.0,4365.1123046875,91.04740905761719,0.2293775975704193
1776175840353,0.2301500141620636,0.0,4365.49169921875,90.96533203125,0.22950443625450134
1776175840373,0.19840002059936523,0.0,4365.94677734375,90.86383056640625,0.22963133454322815
1776175840393,0.18250000476837158,0.0,4366.77978515625,90.7544174194336,0.22986391186714172
1776175840413,0.17059999704360962,0.0,4367.2333984375,90.6552734375,0.22996902465820312
1776175840435,0.1547500193119049,0.0,4367.61083984375,90.53471374511719,0.23009546101093292
1776175840453,0.15080001950263977,0.0,4368.0634765625,90.40753936767578,0.23020130395889282
1776175840473,0.15080001950263977,0.0,4368.4404296875,90.2900390625,0.23032814264297485
1776175840493,0.15080001950263977,0.0,4369.26806640625,90.15721893310547,0.23056001961231232
1776175840513,0.15080001950263977,0.0,4369.71923828125,90.0313491821289,0.23066502809524536
1776175840534,0.14680001139640808,0.0,4370.0947265625,89.90257263183594,0.23079043626785278
1776175840553,0.14680001139640808,0.0,4370.544921875,89.79560089111328,0.23091736435890198
1776175840573,0.14680001139640808,0.0,4370.99462890625,89.67938995361328,0.23102141916751862
1776175840593,0.14680001139640808,0.0,4371.8173828125,89.57611846923828,0.23125022649765015
1776175840613,0.14680001139640808,0.0,4372.19091796875,89.46046447753906,0.2313758134841919
1776175840635,0.13885000348091125,0.0,4372.638671875,89.34098052978516,0.23147962987422943
1776175840653,0.13490000367164612,0.0,4373.01123046875,89.25,0.23160479962825775
1776175840673,0.1269499957561493,0.0,4373.45751953125,89.14381408691406,0.23172949254512787
1776175840693,0.1269499957561493,0.0,4374.2744140625,89.03697204589844,0.2319580614566803
1776175840713,0.12299999594688416,0.0,4374.71923828125,88.9432373046875,0.23206014931201935
1776175840734,0.12299999594688416,0.0,4375.08984375,88.83168029785156,0.232184037566185
1776175840753,0.12299999594688416,0.0,4375.53369140625,88.71357727050781,0.23228713870048523
1776175840773,0.1269499957561493,0.0,4375.9033203125,88.61209106445312,0.2324114441871643
1776175840793,0.14285001158714294,0.0,4376.71484375,88.49072265625,0.2326379418373108
1776175840815,0.18250000476837158,0.0,4377.1572265625,88.37215423583984,0.23276165127754211
1776175840834,0.24204999208450317,0.0,4377.59912109375,88.2668685913086,0.23286432027816772
1776175840853,0.31744998693466187,0.0,4377.966796875,88.14603424072266,0.23296815156936646
1776175840873,0.38089999556541443,0.0,4378.33447265625,88.03978729248047,0.23309049010276794
1776175840893,0.44440001249313354,0.0,4379.21484375,87.98063659667969,0.233316108584404
1776175840913,0.5,0.0,4379.58154296875,87.9460220336914,0.23343905806541443
1776175840935,0.53125,0.0,4380.021484375,87.94652557373047,0.23354043066501617
1776175840953,0.5702999830245972,0.0,4380.38818359375,87.96583557128906,0.23366348445415497
1776175840975,0.59375,0.0,4381.19482421875,88.00279235839844,0.23388861119747162
1776175840993,0.6015499830245972,0.0,4381.634765625,88.04533386230469,0.23401151597499847
1776175841013,0.6054499745368958,0.0,4382.0751953125,88.095458984375,0.234113872051239
1776175841034,0.6093499660491943,0.0,4382.4423828125,88.16240692138672,0.23423661291599274
1776175841053,0.6093499660491943,0.0,4382.88330078125,88.2339096069336,0.23433956503868103
1776175841073,0.6093499660491943,0.0,4383.2509765625,88.30498504638672,0.23446276783943176
1776175841093,0.6093499660491943,0.0,4384.060546875,88.39678955078125,0.23468846082687378
1776175841113,0.6093499660491943,0.0,4384.50244140625,88.47916412353516,0.2347916066646576
1776175841135,0.6093499660491943,0.0,4384.87060546875,88.5484390258789,0.23491469025611877
1776175841153,0.6093499660491943,0.0,4385.31298828125,88.6103515625,0.2350386381149292
1776175841173,0.6093499660491943,0.0,4385.75537109375,88.68120574951172,0.2351401299238205
1776175841193,0.6093499660491943,0.0,4386.56689453125,88.73194122314453,0.23536740243434906
1776175841213,0.6093499660491943,0.0,4386.93603515625,88.78646850585938,0.23549140989780426
1776175841234,0.6093499660491943,0.0,4387.37939453125,88.84650421142578,0.2355962097644806
1776175841253,0.6093499660491943,0.0,4387.7490234375,88.89842224121094,0.23571965098381042
1776175841273,0.6093499660491943,0.0,4388.19287109375,88.95304870605469,0.23584432899951935
1776175841293,0.6093499660491943,0.0,4389.00732421875,89.0157470703125,0.23607105016708374
1776175841313,0.6093499660491943,0.0,4389.4521484375,89.06976318359375,0.23617564141750336
1776175841335,0.6093499660491943,0.0,4389.82275390625,89.13318634033203,0.23629938066005707
1776175841353,0.6093499660491943,0.0,4390.26806640625,89.1949462890625,0.23640356957912445
1776175841373,0.6093499660491943,0.0,4390.63916015625,89.25578308105469,0.23652808368206024
1776175841393,0.6015499830245972,0.0,4391.45654296875,89.3271484375,0.23675614595413208
1776175841413,0.5976499915122986,0.0,4391.90283203125,89.40617370605469,0.23688088357448578
1776175841434,0.59375,0.0,4392.349609375,89.47671508789062,0.23698456585407257
1776175841453,0.59375,0.0,4392.72216796875,89.5326919555664,0.23710933327674866
1776175841474,0.59375,0.0,4393.16943359375,89.59556579589844,0.23721398413181305
1776175841493,0.59375,0.0,4393.990234375,89.64996337890625,0.23744302988052368
1776175841513,0.59375,0.0,4394.36376953125,89.7228775024414,0.2375677227973938
1776175841534,0.59375,0.0,4394.81201171875,89.80770874023438,0.2376718968153
1776175841553,0.5976499915122986,0.0,4395.18603515625,89.8947525024414,0.23779599368572235
1776175841573,0.6054499745368958,0.0,4395.63525390625,89.99962615966797,0.23792223632335663
1776175841593,0.6172000169754028,0.0,4396.4599609375,90.0982666015625,0.23815268278121948
1776175841613,0.6327999830245972,0.0,4396.91015625,90.18185424804688,0.2382572442293167
1776175841634,0.65625,0.0,4397.28564453125,90.28006744384766,0.23838287591934204
1776175841653,0.6797000169754028,0.0,4397.736328125,90.38214111328125,0.23848867416381836
1776175841673,0.6952999830245972,0.0,4398.1123046875,90.48046112060547,0.23861540853977203
1776175841693,0.7109500169754028,0.0,4398.94091796875,90.61952209472656,0.2388468235731125
1776175841713,0.7226499915122986,0.0,4399.3935546875,90.7681655883789,0.23897309601306915
1776175841734,0.7304499745368958,0.0,4399.84716796875,90.8914794921875,0.23907926678657532
1776175841753,0.7382999658584595,0.0,4400.2255859375,91.0417251586914,0.23920510709285736
1776175841773,0.7461000084877014,0.0,4400.68017578125,91.221435546875,0.23931169509887695
1776175841793,0.7617000341415405,0.0,4401.51513671875,91.37551879882812,0.23954527080059052
1776175841813,0.7773499488830566,0.0,4401.8955078125,91.54998016357422,0.23967264592647552
1776175841834,0.8047000169754028,0.0,4402.3525390625,91.72634887695312,0.23977819085121155
1776175841853,0.8242000341415405,0.0,4402.73388671875,91.88469696044922,0.2399066984653473
1776175841873,0.8476499915122986,0.0,4403.1923828125,92.09046936035156,0.2400343418121338
1776175841893,0.8593499660491943,0.0,4404.03466796875,92.3163833618164,0.2402692586183548
1776175841913,0.8593499660491943,0.0,4404.49560546875,92.50717163085938,0.24037674069404602
1776175841934,0.8476499915122986,0.0,4404.88037109375,92.7226791381836,0.2405058741569519
1776175841953,0.8280999660491943,0.0,4405.3427734375,92.95018005371094,0.24061205983161926
1776175841973,0.8125,0.0,4405.72900390625,93.1550064086914,0.24074256420135498
1776175841993,0.7890499830245972,0.0,4406.58154296875,93.38158416748047,0.24097862839698792
1776175842013,0.7734500169754028,0.0,4407.0478515625,93.5938949584961,0.24110974371433258
1776175842033,0.7617000341415405,0.0,4407.51513671875,93.76905822753906,0.24121896922588348
1776175842053,0.7617000341415405,0.0,4407.9052734375,93.96977233886719,0.24134796857833862
1776175842075,0.7734500169754028,0.0,4408.76611328125,94.16199493408203,0.24158984422683716
1776175842093,0.7890499830245972,0.0,4409.23681640625,94.32373046875,0.2416982501745224
1776175842113,0.8125,0.0,4409.62939453125,94.51728820800781,0.24182941019535065
1776175842135,0.8280999660491943,0.0,4410.1015625,94.71605682373047,0.24193952977657318
1776175842153,0.84375,0.0,4410.49560546875,94.9022445678711,0.24207156896591187
1776175842173,0.8515499830245972,0.0,4410.96923828125,95.1290512084961,0.2422027587890625
1776175842193,0.8515499830245972,0.0,4411.83984375,95.3529281616211,0.24244435131549835
1776175842213,0.8476499915122986,0.0,4412.31591796875,95.54248809814453,0.24255560338497162
1776175842235,0.8398499488830566,0.0,4412.71337890625,95.76200866699219,0.2426893562078476
1776175842253,0.8320499658584595,0.0,4413.19140625,95.97400665283203,0.24279946088790894
1776175842273,0.8280999660491943,0.0,4413.59033203125,96.16282653808594,0.24293158948421478
1776175842293,0.8202999830245972,0.0,4414.47021484375,96.37799835205078,0.24317660927772522
1776175842313,0.8163999915122986,0.0,4414.95166015625,96.56652069091797,0.24331115186214447
1776175842334,0.8085999488830566,0.0,4415.43359375,96.74005126953125,0.2434227019548416
1776175842353,0.8047000169754028,0.0,4415.8359375,96.9463882446289,0.24355773627758026
1776175842374,0.8007999658584595,0.0,4416.31982421875,97.14175415039062,0.2436685413122177
1776175842393,0.8007999658584595,0.0,4417.208984375,97.31027221679688,0.24391746520996094
1776175842413,0.8007999658584595,0.0,4417.61376953125,97.50724029541016,0.24405032396316528
1776175842434,0.8047000169754028,0.0,4418.1005859375,97.6982650756836,0.24418681859970093
1776175842453,0.8125,0.0,4418.587890625,97.85208892822266,0.24429845809936523
1776175842474,0.8202999830245972,0.0,4418.99462890625,98.02778625488281,0.24443328380584717
1776175842493,0.8280999660491943,0.0,4419.8916015625,98.20096588134766,0.24468283355236053
1776175842513,0.8398499488830566,0.0,4420.3818359375,98.35556030273438,0.24479497969150543
1776175842534,0.8476499915122986,0.0,4420.791015625,98.54730987548828,0.24493369460105896
1776175842553,0.8593499660491943,0.0,4421.28271484375,98.74479675292969,0.2450442910194397
1776175842573,0.8710999488830566,0.0,4421.693359375,98.9161148071289,0.24518148601055145
1776175842593,0.8867000341415405,0.0,4422.5986328125,99.10594940185547,0.24543221294879913
1776175842613,0.90625,0.0,4423.09375,99.2807846069336,0.2455676943063736
1776175842635,0.9257999658584595,0.0,4423.58984375,99.46392822265625,0.24568504095077515
1776175842653,0.9375,0.0,4424.00390625,99.63783264160156,0.24582096934318542
1776175842673,0.9530999660491943,0.0,4424.50146484375,99.86353302001953,0.24593542516231537
1776175842693,0.9570499658584595,0.0,4425.41552734375,100.06312561035156,0.24618840217590332
1776175842713,0.9609500169754028,0.0,4425.83251953125,100.28681945800781,0.24632564187049866
1776175842734,0.9648499488830566,0.0,4426.33349609375,100.50808715820312,0.24646498262882233
1776175842753,0.9843499660491943,0.0,4426.83544921875,100.70698547363281,0.2465827763080597
1776175842773,1.0,0.0,4427.25439453125,100.93565368652344,0.2467195838689804
1776175842793,1.0,0.0,4428.17822265625,101.13848876953125,0.24697250127792358
1776175842813,1.0,0.0,4428.68359375,101.28922271728516,0.24709029495716095
1776175842834,1.0,0.0,4429.10498046875,101.47428894042969,0.24723076820373535
1776175842853,1.0,0.0,4429.611328125,101.66490936279297,0.2473476231098175
1776175842873,1.0,0.0,4430.0341796875,101.8264389038086,0.24748767912387848
1776175842893,1.0,0.0,4431.05078125,102.01192474365234,0.24774321913719177
1776175842913,1.0,0.0,4431.4755859375,102.20563507080078,0.24788406491279602
1776175842934,1.0,0.0,4431.98583984375,102.37277221679688,0.24800080060958862
1776175842953,1.0,0.0,4432.41162109375,102.56362915039062,0.24814188480377197
1776175842973,1.0,0.0,4432.92333984375,102.75369262695312,0.24825769662857056
1776175842993,1.0,0.0,4433.86376953125,102.91177368164062,0.2485186606645584
1776175843013,0.9765499830245972,0.0,4434.2919921875,103.07952117919922,0.24865791201591492
1776175843035,0.9023499488830566,0.0,4434.806640625,103.24771881103516,0.24879927933216095
1776175843053,0.8163999915122986,0.0,4435.32177734375,103.38691711425781,0.24891895055770874
1776175843073,0.7070499658584595,0.0,4435.751953125,103.52613067626953,0.2490616738796234
1776175843093,0.5898500084877014,0.0,4436.69970703125,103.6343994140625,0.24932138621807098
1776175843113,0.492000013589859,0.0,4437.21728515625,103.70126342773438,0.24943746626377106
1776175843134,0.361050009727478,0.0,4437.64892578125,103.73820495605469,0.24958036839962006
1776175843153,0.26980000734329224,0.0,4438.1669921875,103.72834014892578,0.2496972382068634
1776175843173,0.21424999833106995,0.0,4438.5986328125,103.67980194091797,0.2498403787612915
1776175843193,0.1904500126838684,0.0,4439.54833984375,103.60031127929688,0.25009819865226746
1776175843213,0.19840002059936523,0.0,4440.06591796875,103.5032958984375,0.25023898482322693
1776175843234,0.2301500141620636,0.0,4440.4970703125,103.41317749023438,0.25035804510116577
1776175843253,0.2857000231742859,0.0,4441.01416015625,103.29364776611328,0.2504971921443939
1776175843273,0.3372499942779541,0.0,4441.53076171875,103.18196105957031,0.2506157457828522
1776175843293,0.38089999556541443,0.0,4442.4765625,103.09227752685547,0.25087371468544006
1776175843313,0.4562999904155731,0.0,4442.90576171875,102.98765563964844,0.25101765990257263
1776175843334,0.49994999170303345,0.0,4443.4208984375,102.90839385986328,0.25113150477409363
1776175843353,0.5116999745368958,0.0,4443.849609375,102.86163330078125,0.25127410888671875
1776175843373,0.5195500254631042,0.0,4444.36376953125,102.80350494384766,0.2514137625694275
1776175843393,0.5195500254631042,0.0,4445.30615234375,102.76288604736328,0.2516686022281647
1776175843413,0.5116999745368958,0.0,4445.81982421875,102.74064636230469,0.2517872452735901
1776175843434,0.5195500254631042,0.0,4446.248046875,102.70691680908203,0.251926988363266
1776175843453,0.5351499915122986,0.0,4446.76171875,102.670166015625,0.25204169750213623
1776175843473,0.5702999830245972,0.0,4447.189453125,102.64569854736328,0.25218263268470764
1776175843493,0.59375,0.0,4448.13037109375,102.62784576416016,0.25243842601776123
1776175843513,0.6172000169754028,0.0,4448.6435546875,102.62498474121094,0.2525783181190491
1776175843534,0.6445499658584595,0.0,4449.15673828125,102.6266098022461,0.2526949346065521
1776175843553,0.6640499830245972,0.0,4449.58447265625,102.63174438476562,0.252835214138031
1776175843573,0.6797000169754028,0.0,4450.09765625,102.65039825439453,0.2529539167881012
1776175843593,0.6836000084877014,0.0,4451.03857421875,102.66334533691406,0.2532092332839966
1776175843613,0.6836000084877014,0.0,4451.46630859375,102.68074798583984,0.25334835052490234
1776175843634,0.6797000169754028,0.0,4451.9794921875,102.71217346191406,0.2534634470939636
1776175843653,0.6679499745368958,0.0,4452.4072265625,102.74308776855469,0.2536025643348694
1776175843673,0.6640499830245972,0.0,4452.9208984375,102.77497100830078,0.2537437975406647
1776175843693,0.6640499830245972,0.0,4453.86279296875,102.81607818603516,0.25400084257125854
1776175843713,0.6640499830245972,0.0,4454.376953125,102.85231018066406,0.25411736965179443
1776175843734,0.6601499915122986,0.0,4454.80517578125,102.88951110839844,0.25425955653190613
1776175843753,0.65625,0.0,4455.3193359375,102.92475128173828,0.254375696182251
1776175843773,0.6523500084877014,0.0,4455.748046875,102.9616928100586,0.25451725721359253
1776175843793,0.6484500169754028,0.0,4456.69140625,103.00349426269531,0.25477758049964905
1776175843813,0.6366999745368958,0.0,4457.2060546875,103.04731750488281,0.2549164891242981
1776175843834,0.6288999915122986,0.0,4457.72119140625,103.0933837890625,0.2550355792045593
1776175843853,0.625,0.0,4458.150390625,103.13169860839844,0.2551736533641815
1776175843874,0.6172000169754028,0.0,4459.09521484375,103.17566680908203,0.2554360330104828
1776175843893,0.6172000169754028,0.0,4459.61083984375,103.2159652709961,0.2555558681488037
1776175843913,0.6172000169754028,0.0,4460.04052734375,103.26158905029297,0.25569388270378113
1776175843933,0.6211000084877014,0.0,4460.556640625,103.311279296875,0.25583523511886597
1776175843953,0.6211000084877014,0.0,4461.07275390625,103.3539810180664,0.25595220923423767
1776175843973,0.625,0.0,4461.5029296875,103.40885162353516,0.2560947835445404
1776175843993,0.6445499658584595,0.0,4462.4501953125,103.47399139404297,0.25635507702827454
1776175844014,0.6913999915122986,0.0,4462.96728515625,103.53569030761719,0.2564728260040283
1776175844033,0.75,0.0,4463.3984375,103.59033966064453,0.25661665201187134
1776175844053,0.8163999915122986,0.0,4463.916015625,103.67221069335938,0.25673529505729675
1776175844073,0.8710999488830566,0.0,4464.34765625,103.75936889648438,0.2568749785423279
1776175844093,0.9375,0.0,4465.2978515625,103.89682006835938,0.25713708996772766
1776175844113,0.9843499660491943,0.0,4465.81689453125,104.06182861328125,0.2572813630104065
1776175844134,1.0,0.0,4466.3369140625,104.21825408935547,0.25739923119544983
1776175844153,1.0,0.0,4466.7705078125,104.42032623291016,0.25754231214523315
1776175844173,1.0,0.0,4467.2919921875,104.6258316040039,0.2576601803302765
1776175844193,1.0,0.0,4468.25,104.8146743774414,0.25792622566223145
1776175844213,1.0,0.0,4468.6865234375,105.0562973022461,0.25807061791419983
1776175844234,1.0,0.0,4469.2109375,105.2860107421875,0.25819477438926697
1776175844253,1.0,0.0,4469.64892578125,105.4743423461914,0.2583375573158264
1776175844273,1.0,0.0,4470.17529296875,105.69862365722656,0.2584819793701172
1776175844293,1.0,0.0,4471.142578125,105.91012573242188,0.25875189900398254
1776175844313,1.0,0.0,4471.67138671875,106.07665252685547,0.25887155532836914
1776175844333,1.0,0.0,4472.11279296875,106.28534698486328,0.25901898741722107
1776175844353,1.0,0.0,4472.64306640625,106.5022964477539,0.2591407597064972
1776175844373,1.0,0.0,4473.0859375,106.70047760009766,0.2592865824699402
1776175844393,1.0,0.0,4474.1513671875,106.93978881835938,0.25955715775489807
1776175844413,1.0,0.0,4474.5966796875,107.17232513427734,0.25970345735549927
1776175844434,1.0,0.0,4475.1318359375,107.37938690185547,0.2598286271095276
1776175844453,1.0,0.0,4475.57861328125,107.57469940185547,0.2599775791168213
1776175844473,1.0,0.0,4476.115234375,107.8062744140625,0.2601025104522705
1776175844493,1.0,0.0,4477.10205078125,108.00360870361328,0.2603747248649597
1776175844513,1.0,0.0,4477.5517578125,108.23674011230469,0.2605228126049042
1776175844534,1.0,0.0,4478.09228515625,108.4423599243164,0.2606501579284668
1776175844553,1.0,0.0,4478.54345703125,108.63899993896484,0.2607996165752411
1776175844573,1.0,0.0,4479.08544921875,108.85902404785156,0.260947048664093
1776175844593,1.0,0.0,4480.08154296875,109.04969024658203,0.2612241208553314
1776175844613,1.0,0.0,4480.62646484375,109.21354675292969,0.2613508403301239
1776175844634,1.0,0.0,4481.0810546875,109.45764923095703,0.261501669883728
1776175844653,1.0,0.0,4481.62744140625,109.70012664794922,0.26162639260292053
1776175844674,1.0,0.0,4482.6318359375,109.91663360595703,0.26190638542175293
1776175844693,1.0,0.0,4483.08935546875,110.06948852539062,0.2620573937892914
1776175844713,1.0,0.0,4483.63916015625,110.2857666015625,0.26221007108688354
1776175844734,1.0,0.0,4484.09814453125,110.49090576171875,0.26233696937561035
1776175844753,1.0,0.0,4484.64990234375,110.72283172607422,0.26248806715011597
1776175844774,1.0,0.0,4485.20263671875,110.92169189453125,0.2626175880432129
1776175844793,1.0,0.0,4486.21826171875,111.078857421875,0.2628966271877289
1776175844813,1.0,0.0,4486.6806640625,111.29105377197266,0.26304909586906433
1776175844833,1.0,0.0,4487.236328125,111.50032043457031,0.2631795108318329
1776175844853,1.0,0.0,4487.7001953125,111.69707489013672,0.26333409547805786
1776175844873,1.0,0.0,4488.2578125,111.92985534667969,0.26348578929901123
1776175844893,1.0,0.0,4489.28271484375,112.17261505126953,0.2637697160243988
1776175844913,1.0,0.0,4489.84326171875,112.38217163085938,0.2639011740684509
1776175844934,1.0,0.0,4490.31103515625,112.64521789550781,0.26405516266822815
1776175844953,1.0,0.0,4490.87353515625,112.92312622070312,0.2641865611076355
1776175844973,1.0,0.0,4491.3427734375,113.09527587890625,0.26434215903282166
1776175844993,1.0,0.0,4492.4716796875,113.31442260742188,0.2646300196647644
1776175845013,1.0,0.0,4492.943359375,113.54660034179688,0.26478615403175354
1776175845034,1.0,0.0,4493.51025390625,113.7624740600586,0.26491764187812805
1776175845053,1.0,0.0,4493.9833984375,113.90538787841797,0.2650754153728485
1776175845073,1.0,0.0,4494.55224609375,113.87665557861328,0.2652081251144409
1776175845093,1.0,0.0,4495.595703125,113.85859680175781,0.26549771428108215
1776175845113,1.0,0.0,4496.06982421875,113.85069274902344,0.2656562924385071
1776175845135,1.0,0.0,4496.638671875,113.83090209960938,0.26578691601753235
1776175845153,1.0,0.0,4497.11279296875,113.82975006103516,0.26594552397727966
1776175845173,1.0,0.0,4497.681640625,113.83252716064453,0.266104131937027
1776175845193,1.0,0.0,4498.72412109375,113.8384017944336,0.26639488339424133
1776175845214,1.0,0.0,4499.29248046875,113.83790588378906,0.26652780175209045
1776175845233,1.0,0.0,4499.76611328125,113.83598327636719,0.26668575406074524
1776175845253,1.0,0.0,4500.33447265625,113.83695220947266,0.2668183743953705
1776175845273,1.0,0.0,4500.80859375,113.83984375,0.2669776678085327
1776175845293,1.0,0.0,4501.8515625,113.99047088623047,0.2672693729400635
1776175845313,1.0,0.0,4502.4208984375,114.5259017944336,0.2674289047718048
1776175845333,1.0,0.0,4502.99267578125,115.00045013427734,0.2675626277923584
1776175845353,1.0,0.0,4503.470703125,115.47774505615234,0.2677227854728699
1776175845373,1.0,0.0,4503.95068359375,115.84365844726562,0.2678583562374115
1776175845393,1.0,0.0,4505.107421875,116.12798309326172,0.26815542578697205
1776175845413,1.0,0.0,4505.59130859375,116.43216705322266,0.26831817626953125
1776175845434,1.0,0.0,4506.17333984375,116.73382568359375,0.2684813141822815
1776175845453,1.0,0.0,4506.75634765625,116.99471282958984,0.26861777901649475
1776175845473,1.0,0.0,4507.2431640625,117.29354095458984,0.26878175139427185
1776175845493,1.0,0.0,4508.3173828125,117.58320617675781,0.26908302307128906
1776175845513,1.0,0.0,4508.9052734375,117.82847595214844,0.2692200839519501
1776175845534,1.0,0.0,4509.39599609375,118.11799621582031,0.2693856358528137
1776175845553,1.0,0.0,4509.98583984375,118.40473937988281,0.26952362060546875
1776175845573,1.0,0.0,4510.47802734375,118.64348602294922,0.2696895897388458
1776175845593,1.0,0.0,4511.56396484375,118.92466735839844,0.2699946165084839
1776175845614,1.0,0.0,4512.158203125,119.19910430908203,0.2701612114906311
1776175845634,1.0,0.0,4512.75341796875,119.49022674560547,0.2703007161617279
1776175845653,1.0,0.0,4513.25048828125,119.74291229248047,0.27046823501586914
1776175845673,1.0,0.0,4513.84814453125,120.02151489257812,0.27060818672180176
1776175845693,1.0,0.0,4514.94677734375,120.2535400390625,0.27091655135154724
1776175845713,1.0,0.0,4515.447265625,120.51990509033203,0.27108514308929443
1776175845733,1.0,0.0,4516.048828125,120.79459381103516,0.27122610807418823
1776175845753,1.0,0.0,4516.55126953125,121.04439544677734,0.27139562368392944
1776175845773,1.0,0.0,4517.1552734375,121.31673431396484,0.2715654969215393
1776175845793,1.0,0.0,4518.265625,121.5725326538086,0.2718771696090698
1776175845813,1.0,0.0,4518.873046875,121.80618286132812,0.2720198333263397
1776175845834,1.0,0.0,4519.3798828125,122.08689880371094,0.2721902132034302
1776175845853,1.0,0.0,4519.9892578125,122.37479400634766,0.27233290672302246
1776175845873,1.0,0.0,4520.498046875,122.60588073730469,0.2725045382976532
1776175845893,1.0,0.0,4521.62060546875,122.87238311767578,0.27281975746154785
1776175845913,1.0,0.0,4522.234375,123.13954162597656,0.27299225330352783
1776175845935,1.0,0.0,4522.84912109375,123.41421508789062,0.2731362283229828
1776175845953,1.0,0.0,4523.3623046875,123.65534973144531,0.27330952882766724
1776175845973,1.0,0.0,4523.9794921875,123.93122863769531,0.27345389127731323
1776175845993,1.0,0.0,4525.11376953125,124.15608215332031,0.2737724781036377
1776175846013,1.0,0.0,4525.630859375,124.42951202392578,0.2739466726779938
1776175846034,1.0,0.0,4526.251953125,124.70160675048828,0.2741217017173767
1776175846053,1.0,0.0,4526.87451171875,124.93663024902344,0.27426692843437195
1776175846074,1.0,0.0,4528.01904296875,125.21620178222656,0.2745888829231262
1776175846093,1.0,0.0,4528.54052734375,125.49429321289062,0.27476438879966736
1776175846113,1.0,0.0,4529.16748046875,125.73532104492188,0.27491137385368347
1776175846134,1.0,0.0,4529.69091796875,126.0060806274414,0.2750873565673828
1776175846153,1.0,0.0,4530.3203125,126.28207397460938,0.27523478865623474
1776175846173,1.0,0.0,4530.845703125,126.51191711425781,0.2754121720790863
1776175846193,1.0,0.0,4532.00390625,126.78861236572266,0.27573803067207336
1776175846214,1.0,0.0,4532.63720703125,127.05939483642578,0.27591562271118164
1776175846234,1.0,0.0,4533.27197265625,127.27977752685547,0.2760637700557709
1776175846253,1.0,0.0,4533.8017578125,127.54478454589844,0.27624276280403137
1776175846273,1.0,0.0,4534.4384765625,127.8228759765625,0.27639150619506836
1776175846293,1.0,0.0,4535.609375,128.05899047851562,0.27672040462493896
1776175846313,1.0,0.0,4536.142578125,128.31777954101562,0.27690058946609497
1776175846333,1.0,0.0,4536.78369140625,128.57579040527344,0.27704915404319763
1776175846354,1.0,0.0,4537.31884765625,128.83970642089844,0.277229905128479
1776175846373,1.0,0.0,4537.9619140625,129.06427001953125,0.2773810625076294
1776175846393,1.0,0.0,4539.1435546875,129.32794189453125,0.27774283289909363
1776175846413,1.0,0.0,4539.7900390625,129.54518127441406,0.2778933346271515
1776175846434,1.0,0.0,4540.32958984375,129.81455993652344,0.27807512879371643
1776175846453,1.0,0.0,4540.97802734375,130.07005310058594,0.2782273292541504
1776175846474,1.0,0.0,4542.16943359375,130.2818145751953,0.2785613238811493
1776175846493,1.0,0.0,4542.71240234375,130.53756713867188,0.27874431014060974
1776175846513,1.0,0.0,4543.36474609375,130.78713989257812,0.2789272367954254
1776175846533,1.0,0.0,4544.01806640625,131.01206970214844,0.2790806293487549
1776175846553,1.0,0.0,4544.5634765625,131.25186157226562,0.2792647182941437
1776175846574,0.9413999915122986,0.0,4545.765625,131.4951629638672,0.2796023488044739
1776175846593,0.71875,0.0,4546.4228515625,131.69625854492188,0.2797563374042511
1776175846614,0.3452000021934509,0.0,4546.97119140625,131.8804931640625,0.2799403667449951
1776175846634,0.0,0.0,4547.63037109375,131.9532470703125,0.28009453415870667
1776175846653,0.0,0.0,4548.18017578125,131.9315643310547,0.2802789509296417
1776175846673,0.0,0.0,4548.83984375,131.88470458984375,0.2804664075374603
1776175846693,0.0,0.0,4550.048828125,131.82699584960938,0.28080248832702637
1776175846713,0.0,0.0,4550.7080078125,131.7763671875,0.2809571623802185
1776175846734,0.0,0.0,4551.2568359375,131.7131805419922,0.2811424732208252
1776175846753,0.0,0.0,4551.91552734375,131.65065002441406,0.2812962532043457
1776175846773,0.0,0.00016861029143910855,4552.46435546875,131.5954132080078,0.2814815044403076
1776175846795,0.0,0.08526267111301422,4553.6708984375,131.51324462890625,0.2818179428577423
1776175846813,0.0,0.3131811320781708,4554.32861328125,131.38323974609375,0.28197240829467773
1776175846834,0.0,0.8347579836845398,4554.87646484375,131.08412170410156,0.28215664625167847
1776175846853,0.0,1.0,4555.53271484375,130.38827514648438,0.2823421359062195
1776175846873,0.0,1.0,4556.18701171875,129.5858612060547,0.2824947237968445
1776175846893,0.0,1.0,4557.3779296875,128.89390563964844,0.282827764749527
1776175846913,0.0,0.7602721452713013,4557.9150390625,128.06910705566406,0.28300702571868896
1776175846935,0.0,0.6154777407646179,4558.556640625,127.27284240722656,0.2831859290599823
1776175846953,0.0,0.5559706687927246,4559.1943359375,126.70759582519531,0.28333374857902527
1776175846973,0.0,0.6154777407646179,4559.72314453125,126.11917114257812,0.2835119366645813
1776175846993,0.0,0.7602721452713013,4560.880859375,125.50704193115234,0.28383830189704895
1776175847013,0.0,0.9146422147750854,4561.5087890625,125.09280395507812,0.2839822471141815
1776175847033,0.0,1.0,4562.02978515625,124.03961181640625,0.28416016697883606
1776175847053,0.0,1.0,4562.65234375,123.18101501464844,0.28430500626564026
1776175847073,0.0,1.0,4563.16845703125,122.45289611816406,0.2844792306423187
1776175847093,0.0,1.0,4564.396484375,121.56790924072266,0.28479525446891785
1776175847113,0.0,1.0,4564.90380859375,120.67341613769531,0.28496265411376953
1776175847134,0.0,1.0,4565.50927734375,119.89404296875,0.285103976726532
1776175847153,0.0,1.0,4566.0107421875,119.01304626464844,0.28527265787124634
1776175847173,0.0,1.0,4566.609375,118.11958312988281,0.2854105830192566
1776175847193,0.0,1.0,4567.697265625,117.32059478759766,0.2857168912887573
1776175847213,0.0,1.0,4568.1875,116.38216400146484,0.28588226437568665
1776175847233,0.0,1.0,4568.77197265625,115.49556732177734,0.28602170944213867
1776175847253,0.0,1.0,4569.255859375,114.74529266357422,0.28618285059928894
1776175847275,0.0,1.0,4570.4072265625,113.7002182006836,0.28648003935813904
1776175847293,0.0,1.0,4570.88232421875,112.9410629272461,0.2866136133670807
1776175847313,0.0,1.0,4571.35498046875,112.25484466552734,0.28677433729171753
1776175847333,0.0,1.0,4571.91845703125,111.41462707519531,0.2869311273097992
1776175847353,0.0,1.0,4572.478515625,110.58749389648438,0.28706204891204834
1776175847374,0.0,1.0,4572.9423828125,109.91926574707031,0.2872188091278076
1776175847393,0.0,1.0,4573.95458984375,109.11524963378906,0.2875078022480011
1776175847413,0.0,1.0,4574.501953125,108.36458587646484,0.2876625061035156
1776175847434,0.0,1.0,4574.95556640625,107.6955337524414,0.28779104351997375
1776175847453,0.0,1.0,4575.4970703125,106.891845703125,0.2879449427127838
1776175847474,0.0,1.0,4576.03515625,106.11286163330078,0.28807157278060913
1776175847493,0.0,1.0,4577.0126953125,105.4772720336914,0.2883506119251251
1776175847513,0.0,1.0,4577.453125,104.68656158447266,0.2885020673274994
1776175847534,0.0,1.0,4577.978515625,103.90054321289062,0.28865140676498413
1776175847553,0.0,1.0,4578.50048828125,103.23269653320312,0.28877463936805725
1776175847573,0.0,1.0,4578.93310546875,102.44971466064453,0.2889236509799957
1776175847593,0.0,1.0,4579.87646484375,101.60617065429688,0.2891940176486969
1776175847613,0.0,1.0,4580.38623046875,100.87213897705078,0.2893170714378357
1776175847634,0.0,1.0,4580.80810546875,100.05366516113281,0.2894617021083832
1776175847653,0.0,1.0,4581.31103515625,99.24524688720703,0.2895810604095459
1776175847673,0.0,1.0,4581.7275390625,98.56498718261719,0.2897225022315979
1776175847693,0.0,1.0,4582.63525390625,97.74177551269531,0.28998422622680664
1776175847713,0.0,1.0,4583.12548828125,96.93265533447266,0.29012489318847656
1776175847734,0.0,1.0,4583.6123046875,96.21096801757812,0.2902410626411438
1776175847753,0.0,1.0,4584.01513671875,95.33622741699219,0.2903828024864197
1776175847773,0.0,1.0,4584.49560546875,94.4773941040039,0.2904987037181854
1776175847793,0.0,1.0,4585.36669921875,93.73677062988281,0.2907470762729645
1776175847813,0.0,0.6906412839889526,4585.75830078125,92.85758209228516,0.29088279604911804
1776175847833,0.0,0.38789868354797363,4586.22509765625,92.03632354736328,0.29101434350013733
1776175847853,0.0,0.24967923760414124,4586.68798828125,91.53089141845703,0.291130006313324
1776175847873,0.0,0.19178064167499542,4587.0712890625,91.07933044433594,0.29125791788101196
1776175847893,0.0,0.1873987913131714,4587.90966796875,90.69379425048828,0.29150375723838806
1776175847913,0.0,0.20520155131816864,4588.3642578125,90.38702392578125,0.2916097640991211
1776175847934,0.0,0.20520155131816864,4588.7421875,90.03695678710938,0.29174312949180603
1776175847953,0.0,0.2006537765264511,4589.1943359375,89.7032699584961,0.2918533384799957
1776175847973,0.0,0.1748504638671875,4589.56982421875,89.43911743164062,0.29198214411735535
1776175847993,0.0,0.14793184399604797,4590.39306640625,89.15907287597656,0.2922215461730957
1776175848013,0.0,0.1241873949766159,4590.84033203125,88.90325927734375,0.29234954714775085
1776175848035,0.0,0.1062031164765358,4591.2861328125,88.66285705566406,0.2924569845199585
1776175848053,0.0,0.1033676341176033,4591.65673828125,88.47193908691406,0.29258671402931213
1776175848073,0.0,0.1062031164765358,4592.1005859375,88.25125122070312,0.29269370436668396
1776175848093,0.0,0.11196944862604141,4592.912109375,88.05635833740234,0.2929299473762512
1776175848113,0.0,0.12738874554634094,4593.27978515625,87.82112884521484,0.29305678606033325
1776175848134,0.0,0.14793184399604797,4593.72021484375,87.57648468017578,0.29318276047706604
1776175848153,0.0,0.16293016076087952,4594.15966796875,87.35533142089844,0.29329150915145874
1776175848173,0.0,0.1831449568271637,4594.52490234375,87.08667755126953,0.29341620206832886
1776175848194,0.0,0.2006537765264511,4595.3251953125,86.78832244873047,0.29365062713623047
1776175848216,0.0,0.21452350914478302,4595.759765625,86.47779083251953,0.2937530279159546
1776175848234,0.0,0.2341601401567459,4596.12060546875,86.21615600585938,0.29387909173965454
1776175848253,0.0,0.24967923760414124,4596.552734375,85.9007339477539,0.2939815819263458
1776175848273,0.0,0.26043614745140076,4596.91162109375,85.60554504394531,0.2941063940525055
1776175848293,0.0,0.26043614745140076,4597.7685546875,85.24050903320312,0.2943320572376251
1776175848313,0.0,0.26043614745140076,4598.1240234375,84.87942504882812,0.29445573687553406
1776175848334,0.0,0.28304019570350647,4598.548828125,84.52912139892578,0.29455655813217163
1776175848353,0.0,0.3131811320781708,4598.90185546875,84.22299194335938,0.294678270816803
1776175848374,0.0,0.325955867767334,4599.32373046875,83.84149169921875,0.2947789132595062
1776175848393,0.0,0.3390239179134369,4600.09375,83.49715423583984,0.29499906301498413
1776175848413,0.0,0.31956228613853455,4600.44189453125,83.07389831542969,0.29511940479278564
1776175848434,0.0,0.31956228613853455,4600.85791015625,82.66346740722656,0.29523637890815735
1776175848453,0.0,0.31956228613853455,4601.2724609375,82.3122329711914,0.2953345775604248
1776175848474,0.0,0.3390239179134369,4601.6162109375,81.89938354492188,0.2954522371292114
1776175848493,0.0,0.3457002341747284,4602.36865234375,81.47853088378906,0.29566535353660583
1776175848513,0.0,0.3593418002128601,4602.77685546875,81.1131820678711,0.29576215147972107
1776175848534,0.0,0.3593418002128601,4603.11572265625,80.67123413085938,0.29587700963020325
1776175848553,0.0,0.3593418002128601,4603.5205078125,80.22513580322266,0.295972615480423
1776175848573,0.0,0.3457002341747284,4603.8564453125,79.84236907958984,0.29608720541000366
1776175848594,0.0,0.36630862951278687,4604.5908203125,79.4119873046875,0.29629096388816833
1776175848613,0.0,0.38789868354797363,4604.98876953125,78.97956848144531,0.29638606309890747
1776175848634,0.0,0.410310834646225,4605.31884765625,78.536865234375,0.2964960038661957
1776175848653,0.0,0.410310834646225,4605.71337890625,78.12352752685547,0.2966059148311615
1776175848673,0.0,0.41798844933509827,4606.10595703125,77.63717651367188,0.29669806361198425
1776175848693,0.0,0.4337609112262726,4606.8203125,77.22386169433594,0.29689738154411316
1776175848713,0.0,0.4920295774936676,4607.142578125,76.74214935302734,0.2970047891139984
1776175848734,0.0,0.5852325558662415,4607.52734375,76.23638153076172,0.2970937192440033
1776175848753,0.0,0.6362686157226562,4607.8466796875,75.77965545654297,0.29720067977905273
1776175848774,0.0,0.6362686157226562,4608.2275390625,75.19397735595703,0.2973061203956604
1776175848793,0.0,0.6362686157226562,4608.919921875,74.59642028808594,0.297497421503067
1776175848813,0.0,0.6154777407646179,4609.2939453125,74.0854263305664,0.29758352041244507
1776175848835,0.0,0.605271577835083,4609.603515625,73.4963607788086,0.2976861894130707
1776175848853,0.0,0.5852325558662415,4609.97265625,72.91569519042969,0.2977706491947174
1776175848874,0.0,0.5559706687927246,4610.2783203125,72.40058898925781,0.29787126183509827
1776175848893,0.0,0.5187981128692627,4610.94482421875,71.83552551269531,0.2980550527572632
1776175848913,0.0,0.4580742418766022,4611.3046875,71.31830596923828,0.29815420508384705
1776175848935,0.0,0.38789868354797363,4611.662109375,70.83546447753906,0.2982356548309326
1776175848953,0.0,0.325955867767334,4611.95849609375,70.43307495117188,0.298334002494812
1776175848973,0.0,0.24442484974861145,4612.3125,69.98531341552734,0.2984136641025543
1776175848993,0.0,0.1831449568271637,4612.95654296875,69.63429260253906,0.298591673374176
1776175849013,0.0,0.13401572406291962,4613.2470703125,69.27762603759766,0.2986857295036316
1776175849033,0.0,0.1033676341176033,4613.59423828125,68.97357177734375,0.29877981543540955
1776175849053,0.0,0.08526267111301422,4613.9404296875,68.73785400390625,0.29885774850845337
1776175849073,0.0,0.08285078406333923,4614.22802734375,68.47999572753906,0.2989514172077179
1776175849093,0.0,0.09017623215913773,4614.857421875,68.23743438720703,0.2991223633289337
1776175849113,0.0,0.10062292218208313,4615.19921875,68.02837371826172,0.2992013394832611
1776175849134,0.0,0.10905830562114716,4615.4833984375,67.77262115478516,0.2992936074733734
1776175849153,0.0,0.11796233803033829,4615.8232421875,67.51815032958984,0.2993696630001068
1776175849173,0.0,0.1241873949766159,4616.10595703125,67.29106140136719,0.29946160316467285
1776175849193,0.0,0.1241873949766159,4616.78076171875,67.02256774902344,0.2996300160884857
1776175849213,0.0,0.11493722349405289,4617.060546875,66.75894165039062,0.299722284078598
1776175849234,0.0,0.11196944862604141,4617.39501953125,66.54216003417969,0.2997972071170807
1776175849254,0.0,0.10905830562114716,4617.6728515625,66.2896957397461,0.2998867332935333
1776175849273,0.0,0.10905830562114716,4618.00537109375,66.06763458251953,0.299961656332016
1776175849293,0.0,0.10905830562114716,4618.6123046875,65.81034851074219,0.3001289963722229
1776175849313,0.0,0.1033676341176033,4618.88671875,65.55712890625,0.3002147674560547
1776175849335,0.0,0.08526267111301422,4619.21484375,65.30502319335938,0.3003021776676178
1776175849353,0.0,0.057653024792671204,4619.48779296875,65.09780883789062,0.3003771901130676
1776175849373,0.0,0.008534903638064861,4619.81396484375,64.88668823242188,0.3004671037197113
1776175849393,0.0,0.0002253050188301131,4620.4091796875,64.70706939697266,0.30062875151634216
1776175849413,0.0,0.0,4620.73291015625,64.56462097167969,0.3007005751132965
1776175849434,0.0,0.0,4621.001953125,64.39933013916016,0.30078762769699097
1776175849453,0.0,0.0,4621.32421875,64.23655700683594,0.30085986852645874
1776175849474,0.0,0.0,4621.59228515625,64.09394836425781,0.30094775557518005
1776175849493,0.0,0.0,4622.18017578125,63.92556381225586,0.3011089265346527
1776175849513,0.0,0.0,4622.5,63.75600051879883,0.30119436979293823
1776175849534,0.0,0.0,4622.81884765625,63.589786529541016,0.30126506090164185
1776175849553,0.0,0.0,4623.083984375,63.447593688964844,0.30134931206703186
1776175849573,0.0,0.0,4623.40185546875,63.28071212768555,0.3014220595359802
1776175849593,0.0,0.0,4623.982421875,63.13978576660156,0.30158084630966187
1776175849614,0.0,0.0,4624.24560546875,62.97166061401367,0.3016638457775116
1776175849633,0.0,0.0,4624.560546875,62.8081169128418,0.30175018310546875
1776175849653,0.0,0.0,4624.875,62.66816329956055,0.30182093381881714
1776175849673,0.023800015449523926,0.0,4625.13623046875,62.50008010864258,0.3019042909145355
1776175849693,0.07540002465248108,0.0,4625.70947265625,62.33454895019531,0.3020588755607605
1776175849713,0.11505001783370972,0.0,4626.021484375,62.20849609375,0.3021300733089447
1776175849735,0.1547500193119049,0.0,4626.28076171875,62.07522964477539,0.3022121787071228
1776175849753,0.19840002059936523,0.0,4626.59130859375,61.947994232177734,0.3022860586643219
1776175849773,0.23410001397132874,0.0,4626.849609375,61.84333801269531,0.30236679315567017
1776175849793,0.2738000154495239,0.0,4627.46826171875,61.72690200805664,0.302520751953125
1776175849813,0.29760000109672546,0.0,4627.7255859375,61.62237548828125,0.3026023209095001
1776175849834,0.31744998693466187,0.0,4628.0341796875,61.54608154296875,0.302673876285553
1776175849853,0.32534998655319214,0.0,4628.291015625,61.46229553222656,0.30275487899780273
1776175849873,0.32534998655319214,0.0,4628.5986328125,61.38648986816406,0.3028251528739929
1776175849893,0.32534998655319214,0.0,4629.16162109375,61.32635498046875,0.30297601222991943
1776175849913,0.32534998655319214,0.0,4629.4169921875,61.2604866027832,0.3030603528022766
1776175849934,0.32534998655319214,0.0,4629.72314453125,61.19513702392578,0.303129643201828
1776175849953,0.3372499942779541,0.0,4629.97802734375,61.13777542114258,0.3032141327857971
1776175849973,0.35315001010894775,0.0,4630.28369140625,61.08259582519531,0.30329352617263794
1776175849993,0.37299999594688416,0.0,4630.84375,61.04002380371094,0.30344390869140625
1776175850014,0.40869998931884766,0.0,4631.14892578125,61.021724700927734,0.30351486802101135
1776175850033,0.4404500126838684,0.0,4631.4033203125,61.01218795776367,0.30359548330307007
1776175850053,0.4681999981403351,0.0,4631.70849609375,61.0284538269043,0.30366507172584534
1776175850074,0.48805001378059387,0.0,4631.962890625,61.057437896728516,0.30374768376350403
1776175850093,0.5,0.0,4632.5224609375,61.11222457885742,0.3038986027240753
1776175850113,0.5038999915122986,0.0,4632.828125,61.175724029541016,0.30398187041282654
1776175850134,0.5038999915122986,0.0,4633.1337890625,61.24473190307617,0.30405184626579285
1776175850153,0.5077999830245972,0.0,4633.388671875,61.308448791503906,0.30413347482681274
1776175850173,0.5077999830245972,0.0,4633.69482421875,61.39265823364258,0.3042013347148895
1776175850193,0.5077999830245972,0.0,4634.25732421875,61.46751022338867,0.30435290932655334
1776175850213,0.5116999745368958,0.0,4634.51318359375,61.557796478271484,0.3044371008872986
1776175850234,0.5195500254631042,0.0,4634.82080078125,61.65141296386719,0.3045210540294647
1776175850253,0.53125,0.0,4635.12890625,61.7344970703125,0.3045905530452728
1776175850274,0.5586000084877014,0.0,4635.3857421875,61.83672332763672,0.30467408895492554
1776175850293,0.5820499658584595,0.0,4635.95166015625,61.94275665283203,0.3048279285430908
1776175850313,0.5976499915122986,0.0,4636.2607421875,62.04157257080078,0.30489838123321533
1776175850333,0.6211000084877014,0.0,4636.51904296875,62.17180252075195,0.3049810528755188
1776175850353,0.6405999660491943,0.0,4636.8291015625,62.31735610961914,0.3050527572631836
1776175850373,0.6601499915122986,0.0,4637.08837890625,62.452239990234375,0.3051375448703766
1776175850393,0.6836000084877014,0.0,4637.66015625,62.619789123535156,0.3052928149700165
1776175850413,0.7030999660491943,0.0,4637.97314453125,62.80166244506836,0.3053761422634125
1776175850434,0.71875,0.0,4638.28662109375,62.964752197265625,0.305446058511734
1776175850453,0.7422000169754028,0.0,4638.548828125,63.15891647338867,0.3055327534675598
1776175850473,0.7655999660491943,0.0,4638.8642578125,63.362911224365234,0.3056047558784485
1776175850493,0.7851499915122986,0.0,4639.4443359375,63.5472412109375,0.3057636022567749
1776175850513,0.8007999658584595,0.0,4639.708984375,63.76804733276367,0.30584925413131714
1776175850534,0.8085999488830566,0.0,4640.02734375,63.99425506591797,0.3059369623661041
1776175850553,0.8125,0.0,4640.29345703125,64.1986312866211,0.3060101270675659
1776175850573,0.8125,0.0,4640.61376953125,64.44180297851562,0.3060978055000305
1776175850593,0.8007999658584595,0.0,4641.20361328125,64.6844253540039,0.3062589466571808
1776175850613,0.7929500341415405,0.0,4641.52685546875,64.8956069946289,0.30633312463760376
1776175850633,0.7890499830245972,0.0,4641.796875,65.1458740234375,0.30642175674438477
1776175850653,0.7851499915122986,0.0,4642.1220703125,65.38871765136719,0.3064967393875122
1776175850673,0.78125,0.0,4642.3935546875,65.585693359375,0.30658671259880066
1776175850693,0.78125,0.0,4642.99365234375,65.80956268310547,0.3067518472671509
1776175850713,0.7773499488830566,0.0,4643.322265625,66.04774475097656,0.30684179067611694
1776175850734,0.7773499488830566,0.0,4643.65185546875,66.29806518554688,0.30691826343536377
1776175850753,0.7773499488830566,0.0,4643.92724609375,66.51692199707031,0.3070101737976074
1776175850773,0.7773499488830566,0.0,4644.2587890625,66.76309967041016,0.30708640813827515
1776175850793,0.7773499488830566,0.0,4644.86962890625,66.97254180908203,0.30725595355033875
1776175850813,0.7773499488830566,0.0,4645.1484375,67.2211685180664,0.3073492646217346
1776175850835,0.7773499488830566,0.0,4645.48388671875,67.47615814208984,0.3074433207511902
1776175850853,0.7773499488830566,0.0,4645.8203125,67.6903076171875,0.3075214624404907
1776175850873,0.7773499488830566,0.0,4646.1015625,67.92987823486328,0.307615727186203
1776175850894,0.7773499488830566,0.0,4646.72265625,68.179931640625,0.30779018998146057
1776175850918,0.7890499830245972,0.0,4647.06298828125,68.452392578125,0.3078712224960327
1776175850934,0.7890499830245972,0.0,4647.34716796875,68.61666870117188,0.30796706676483154
1776175850953,0.7968499660491943,0.0,4647.689453125,68.84292602539062,0.30804693698883057
1776175850973,0.8085999488830566,0.0,4647.9755859375,69.05938720703125,0.3081444799900055
1776175850993,0.8242000341415405,0.0,4648.607421875,69.29805755615234,0.3083227872848511
1776175851013,0.8320499658584595,0.0,4648.95361328125,69.56407928466797,0.3084207773208618
1776175851033,0.8398499488830566,0.0,4649.30126953125,69.75797271728516,0.3085024952888489
1776175851053,0.84375,0.0,4649.591796875,70.0420913696289,0.3086029887199402
1776175851073,0.84375,0.0,4649.94140625,70.3774642944336,0.30868610739707947
1776175851093,0.8359500169754028,0.0,4650.5859375,70.62709045410156,0.30887162685394287
1776175851113,0.8280999660491943,0.0,4650.88037109375,70.93827819824219,0.30897244811058044
1776175851135,0.8280999660491943,0.0,4651.234375,71.16841888427734,0.30907365679740906
1776175851153,0.8242000341415405,0.0,4651.58984375,71.3647689819336,0.3091593086719513
1776175851175,0.8242000341415405,0.0,4652.2431640625,71.58382415771484,0.3093479871749878
1776175851193,0.8242000341415405,0.0,4652.541015625,71.84901428222656,0.3094509243965149
1776175851213,0.8242000341415405,0.0,4652.8994140625,72.02576446533203,0.3095369040966034
1776175851233,0.8242000341415405,0.0,4653.19921875,72.27877807617188,0.3096417784690857
1776175851254,0.8242000341415405,0.0,4653.5595703125,72.4215087890625,0.3097286820411682
1776175851274,0.8242000341415405,0.0,4653.86083984375,72.51067352294922,0.30983439087867737
1776175851293,0.8202999830245972,0.0,4654.58544921875,72.7562484741211,0.31002742052078247
1776175851313,0.8047000169754028,0.0,4654.888671875,73.08146667480469,0.3101334869861603
1776175851334,0.7929500341415405,0.0,4655.25341796875,73.31820678710938,0.3102216422557831
1776175851353,0.7773499488830566,0.0,4655.55859375,73.53790283203125,0.31032896041870117
1776175851373,0.7577999830245972,0.0,4655.92578125,73.72674560546875,0.31041815876960754
1776175851393,0.7382999658584595,0.0,4656.60107421875,73.8778076171875,0.31061580777168274
1776175851413,0.7070499658584595,0.0,4656.9091796875,74.05638122558594,0.31072312593460083
1776175851434,0.6757999658584595,0.0,4657.279296875,74.21449279785156,0.31081414222717285
1776175851453,0.6523500084877014,0.0,4657.58837890625,74.3436050415039,0.31092220544815063
1776175851473,0.6327999830245972,0.0,4657.9599609375,74.49512481689453,0.3110310733318329
1776175851493,0.625,0.0,4658.642578125,74.62508392333984,0.31123143434524536
1776175851513,0.6172000169754028,0.0,4659.015625,74.719970703125,0.3113223612308502
1776175851534,0.6172000169754028,0.0,4659.32666015625,74.82193756103516,0.311430960893631
1776175851553,0.6132999658584595,0.0,4659.7001953125,74.92310333251953,0.3115239441394806
1776175851574,0.6093499660491943,0.0,4660.01171875,75.0121078491211,0.31163299083709717
1776175851593,0.6015499830245972,0.0,4660.69775390625,75.10469818115234,0.3118332028388977
1776175851613,0.5898500084877014,0.0,4661.07275390625,75.19003295898438,0.3119432032108307
1776175851634,0.5780999660491943,0.0,4661.4482421875,75.2652816772461,0.31203344464302063
1776175851653,0.5547000169754028,0.0,4661.76123046875,75.35245513916016,0.3121444284915924
1776175851674,0.53125,0.0,4662.451171875,75.4217529296875,0.3123467266559601
1776175851693,0.5195500254631042,0.0,4662.828125,75.4719009399414,0.31243833899497986
1776175851713,0.5077999830245972,0.0,4663.142578125,75.52493286132812,0.31254714727401733
1776175851733,0.5,0.0,4663.52001953125,75.57024383544922,0.31265753507614136
1776175851753,0.48410001397132874,0.0,4663.89794921875,75.6100082397461,0.31275036931037903
1776175851773,0.48010000586509705,0.0,4664.212890625,75.66230773925781,0.3128599226474762
1776175851793,0.48010000586509705,0.0,4664.90673828125,75.70504760742188,0.31306079030036926
1776175851814,0.48805001378059387,0.0,4665.28564453125,75.73697662353516,0.31315305829048157
1776175851834,0.49994999170303345,0.0,4665.6015625,75.7749252319336,0.3132634460926056
1776175851853,0.5038999915122986,0.0,4665.98095703125,75.82211303710938,0.31335482001304626
1776175851873,0.5195500254631042,0.0,4666.296875,75.8626937866211,0.3134657144546509
1776175851893,0.5508000254631042,0.0,4667.05615234375,75.91573333740234,0.3136666417121887
1776175851913,0.5820499658584595,0.0,4667.37255859375,75.99139404296875,0.3137768507003784
1776175851935,0.6054499745368958,0.0,4667.75244140625,76.05940246582031,0.3138687014579773
1776175851953,0.6211000084877014,0.0,4668.0693359375,76.1409912109375,0.3139803111553192
1776175851975,0.6327999830245972,0.0,4668.76708984375,76.22508239746094,0.31418225169181824
1776175851993,0.6366999745368958,0.0,4669.1484375,76.3675765991211,0.31429430842399597
1776175852013,0.6405999660491943,0.0,4669.5302734375,76.55581665039062,0.3143850266933441
1776175852034,0.6405999660491943,0.0,4669.84912109375,76.6940689086914,0.31449538469314575
1776175852053,0.6405999660491943,0.0,4670.232421875,76.68599700927734,0.31458818912506104
1776175852073,0.6327999830245972,0.0,4670.5517578125,76.81302642822266,0.31469810009002686
1776175852094,0.6327999830245972,0.0,4671.2548828125,76.861083984375,0.3149030804634094
1776175852114,0.6327999830245972,0.0,4671.638671875,77.01150512695312,0.3149946331977844
1776175852134,0.6327999830245972,0.0,4671.958984375,77.1051025390625,0.3151051998138428
1776175852153,0.6288999915122986,0.0,4672.34375,77.2659912109375,0.3152160942554474
1776175852173,0.625,0.0,4672.6650390625,77.39114379882812,0.315309077501297
1776175852193,0.6172000169754028,0.0,4673.43798828125,77.53021240234375,0.3155118227005005
1776175852213,0.6093499660491943,0.0,4673.7607421875,77.66778564453125,0.315622478723526
1776175852235,0.59375,0.0,4674.1484375,77.76598358154297,0.3157159090042114
1776175852253,0.5820499658584595,0.0,4674.47216796875,77.86064910888672,0.31582656502723694
1776175852274,0.5625,0.0,4674.86083984375,77.9421157836914,0.31591930985450745
1776175852293,0.5351499915122986,0.0,4675.57470703125,78.01543426513672,0.3161419630050659
1776175852313,0.5234500169754028,0.0,4675.96484375,78.08290100097656,0.3162340521812439
1776175852333,0.5116999745368958,0.0,4676.2900390625,78.14156341552734,0.3163459300994873
1776175852354,0.5077999830245972,0.0,4676.6806640625,78.20440673828125,0.3164392113685608
1776175852374,0.5038999915122986,0.0,4677.00634765625,78.27635192871094,0.31655043363571167
1776175852393,0.5038999915122986,0.0,4677.7236328125,78.342041015625,0.3167542815208435
1776175852413,0.5116999745368958,0.0,4678.115234375,78.39252471923828,0.3168462812900543
1776175852434,0.5429499745368958,0.0,4678.44189453125,78.4632568359375,0.3169563114643097
1776175852453,0.5976499915122986,0.0,4678.833984375,78.55809020996094,0.31706807017326355
1776175852473,0.6601499915122986,0.0,4679.2265625,78.65469360351562,0.31716299057006836
1776175852493,0.7617000341415405,0.0,4679.94775390625,78.79203796386719,0.3173648715019226
1776175852513,0.8632999658584595,0.0,4680.2763671875,78.97569274902344,0.317475289106369
1776175852534,0.9570499658584595,0.0,4680.67138671875,79.1754150390625,0.3175692558288574
1776175852553,1.0,0.0,4681.0009765625,79.4458999633789,0.31768059730529785
1776175852573,1.0,0.0,4681.3974609375,79.74982452392578,0.31777340173721313
1776175852593,1.0,0.0,4682.1279296875,80.0220718383789,0.3179972469806671
1776175852613,1.0,0.0,4682.5283203125,80.34773254394531,0.3180913031101227
1776175852634,1.0,0.0,4682.86279296875,80.6767578125,0.31820401549339294
1776175852653,1.0,0.0,4683.265625,80.97856903076172,0.31829822063446045
1776175852673,1.0,0.0,4683.6025390625,81.32979583740234,0.3184109330177307
1776175852693,1.0,0.0,4684.34716796875,81.66682434082031,0.31861943006515503
1776175852713,1.0,0.0,4684.75537109375,81.96712493896484,0.3187149465084076
1776175852736,1.0,0.0,4685.0966796875,82.3746337890625,0.3188295066356659
1776175852753,1.0,0.0,4685.50732421875,82.6613540649414,0.31894418597221375
1776175852773,1.0,0.0,4685.91943359375,82.94012451171875,0.31903961300849915
1776175852793,1.0,0.0,4686.67822265625,83.27215576171875,0.3192509710788727
1776175852813,1.0,0.0,4687.02490234375,83.63412475585938,0.3193664252758026
1776175852834,1.0,0.0,4687.44189453125,84.00395965576172,0.319463849067688
1776175852853,1.0,0.0,4687.79052734375,84.30584716796875,0.3195805847644806
1776175852873,1.0,0.0,4688.21044921875,84.64069366455078,0.3196767568588257
1776175852893,1.0,0.0,4688.984375,84.9300308227539,0.3199114501476288
1776175852913,1.0,0.0,4689.40869140625,85.26207733154297,0.3200090825557709
1776175852934,1.0,0.0,4689.76318359375,85.59265899658203,0.3201262056827545
1776175852953,1.0,0.0,4690.18994140625,85.89773559570312,0.3202245533466339
1776175852973,1.0,0.0,4690.546875,86.26477813720703,0.3203422725200653
1776175852994,1.0,0.0,4691.3359375,86.62532043457031,0.32056012749671936
1776175853013,1.0,0.0,4691.7685546875,86.91808319091797,0.32065877318382263
1776175853034,1.0,0.0,4692.1298828125,87.2469253540039,0.32077813148498535
1776175853053,1.0,0.0,4692.56494140625,87.58306121826172,0.32089751958847046
1776175853073,1.0,0.0,4693.00146484375,87.87494659423828,0.32099705934524536
1776175853093,1.0,0.0,4693.80517578125,88.20557403564453,0.32121843099594116
1776175853113,1.0,0.0,4694.17236328125,88.54052734375,0.3213377892971039
1776175853133,1.0,0.0,4694.6142578125,88.82465362548828,0.32143980264663696
1776175853153,1.0,0.0,4694.9833984375,89.16507720947266,0.3215617537498474
1776175853173,1.0,0.0,4695.427734375,89.50648498535156,0.32166171073913574
1776175853193,1.0,0.0,4696.24658203125,89.79779052734375,0.3219089210033417
1776175853213,1.0,0.0,4696.6953125,90.13066864013672,0.3220102787017822
1776175853233,1.0,0.0,4697.0703125,90.4581298828125,0.32213613390922546
1776175853253,1.0,0.0,4697.521484375,90.7388916015625,0.3222404420375824
1776175853273,1.0,0.0,4697.8984375,91.0665054321289,0.32236915826797485
1776175853293,1.0,0.0,4698.73095703125,91.38892364501953,0.3226010203361511
1776175853313,1.0,0.0,4699.18701171875,91.65878295898438,0.32270920276641846
1776175853335,1.0,0.0,4699.568359375,92.0289306640625,0.3228381872177124
1776175853353,1.0,0.0,4700.02685546875,92.3183822631836,0.3229674696922302
1776175853373,1.0,0.0,4700.48681640625,92.60920715332031,0.3230784237384796
1776175853393,1.0,0.0,4701.333984375,92.94017791748047,0.32331863045692444
1776175853413,1.0,0.0,4701.720703125,93.26095581054688,0.32345330715179443
1776175853435,1.0,0.0,4702.18603515625,93.58458709716797,0.3235646188259125
1776175853453,1.0,0.0,4702.57470703125,93.86178588867188,0.32369688153266907
1776175853473,1.0,0.0,4703.04248046875,94.18785858154297,0.3238103687763214
1776175853493,1.0,0.0,4703.90380859375,94.45756530761719,0.32408085465431213
1776175853513,1.0,0.0,4704.37548828125,94.74993896484375,0.3241945803165436
1776175853533,1.0,0.0,4704.76953125,95.07482147216797,0.32432976365089417
1776175853553,1.0,0.0,4705.24365234375,95.36637115478516,0.3244476020336151
1776175853573,1.0,0.0,4705.64013671875,95.68636322021484,0.32458528876304626
1776175853593,1.0,0.0,4706.515625,95.98607635498047,0.3248446583747864
1776175853613,1.0,0.0,4706.9951171875,96.24308013916016,0.32495957612991333
1776175853634,1.0,0.0,4707.3955078125,96.5528564453125,0.325099915266037
1776175853653,1.0,0.0,4707.87744140625,96.85556030273438,0.32521992921829224
1776175853674,0.8905999660491943,0.0,4708.27978515625,97.112060546875,0.32536160945892334
1776175853693,0.6132999658584595,0.0,4709.24951171875,97.40190124511719,0.32562509179115295
1776175853713,0.2459999918937683,0.0,4709.65478515625,97.60113525390625,0.3257676661014557
1776175853735,0.0,0.0,4710.14208984375,97.6539077758789,0.32588836550712585
1776175853753,0.0,0.0,4710.548828125,97.59333038330078,0.3260342478752136
1776175853773,0.0,0.0,4711.03662109375,97.51140594482422,0.32615432143211365
1776175853793,0.0,0.0,4711.9296875,97.41326141357422,0.3264445960521698
1776175853813,0.0,0.0,4712.416015625,97.3118667602539,0.32656505703926086
1776175853834,0.0,0.0,4712.82080078125,97.20831298828125,0.32670798897743225
1776175853853,0.0,0.0,4713.30615234375,97.11669158935547,0.3268301784992218
1776175853873,0.0,0.0,4713.7099609375,97.00296783447266,0.32697439193725586
1776175853893,0.0,7.697342880419455e-06,4714.59765625,96.88578796386719,0.3272384703159332
1776175853913,0.0,0.005779007915407419,4715.0810546875,96.78616333007812,0.32735779881477356
1776175853934,0.0,0.039903633296489716,4715.48388671875,96.66217041015625,0.3274989724159241
1776175853953,0.0,0.0979321226477623,4715.966796875,96.5050048828125,0.3276445269584656
1776175853974,0.0,0.12104549258947372,4716.44921875,96.33760070800781,0.32776379585266113
1776175853993,0.0,0.14084765315055847,4717.33154296875,96.11871337890625,0.3280286192893982
1776175854013,0.0,0.1443578451871872,4717.7314453125,95.8873519897461,0.3281683325767517
1776175854033,0.0,0.14793184399604797,4718.2109375,95.68187713623047,0.328288733959198
1776175854053,0.0,0.14793184399604797,4718.609375,95.43848419189453,0.3284299671649933
1776175854074,0.0,0.1552741378545761,4719.0869140625,95.20011901855469,0.32854849100112915
1776175854093,0.0,0.1590927094221115,4719.95947265625,94.99119567871094,0.32883062958717346
1776175854114,0.0,0.16293016076087952,4720.43408203125,94.7351303100586,0.32894572615623474
1776175854133,0.0,0.1748504638671875,4720.82861328125,94.4706039428711,0.3290858864784241
1776175854153,0.0,0.1873987913131714,4721.30126953125,94.2334213256836,0.32920268177986145
1776175854174,0.0,0.22914811968803406,4721.6943359375,93.94476318359375,0.3293410539627075
1776175854193,0.0,0.28304019570350647,4722.55615234375,93.61071014404297,0.3295949399471283
1776175854213,0.0,0.31956228613853455,4723.0244140625,93.29439544677734,0.32970908284187317
1776175854234,0.0,0.3390239179134369,4723.41357421875,92.88619232177734,0.3298441469669342
1776175854253,0.0,0.3390239179134369,4723.87939453125,92.45628356933594,0.3299783766269684
1776175854273,0.0,0.3457002341747284,4724.34326171875,92.08609008789062,0.3300926387310028
1776175854293,0.0,0.3457002341747284,4725.18896484375,91.63716125488281,0.33033815026283264
1776175854313,0.0,0.3593418002128601,4725.5712890625,91.17935180664062,0.33047014474868774
1776175854334,0.0,0.3593418002128601,4726.0283203125,90.79428100585938,0.3305807411670685
1776175854353,0.0,0.3593418002128601,4726.40771484375,90.33467102050781,0.33071479201316833
1776175854373,0.0,0.3593418002128601,4726.861328125,89.9392318725586,0.33082252740859985
1776175854393,0.0,0.3593418002128601,4727.6875,89.48196411132812,0.3310855031013489
1776175854413,0.0,0.3593418002128601,4728.13525390625,89.03187561035156,0.33119240403175354
1776175854433,0.0,0.3593418002128601,4728.5068359375,88.57864379882812,0.3313221037387848
1776175854453,0.0,0.3593418002128601,4728.951171875,88.1749267578125,0.33142855763435364
1776175854473,0.0,0.3390239179134369,4729.31982421875,87.69522094726562,0.3315567076206207
1776175854493,0.0,0.30085572600364685,4730.12646484375,87.2403793334961,0.33179086446762085
1776175854513,0.0,0.23925209045410156,4730.5634765625,86.87672424316406,0.331895649433136
1776175854534,0.0,0.1590927094221115,4730.92626953125,86.50059509277344,0.33202099800109863
1776175854553,0.0,0.0979321226477623,4731.35986328125,86.16716003417969,0.3321467638015747
1776175854573,0.0,0.047383863478899,4731.7919921875,85.91763305664062,0.3322520852088928
1776175854593,0.0,0.008534903638064861,4732.58154296875,85.6746826171875,0.33248037099838257
1776175854613,0.0,0.0004262446309439838,4732.93896484375,85.4700927734375,0.3326032757759094
1776175854634,0.0,0.0,4733.3671875,85.30257415771484,0.3327060043811798
1776175854653,0.0,0.0,4733.7236328125,85.11603546142578,0.33282843232154846
1776175854673,0.0,0.0,4734.15087890625,84.9222640991211,0.3329315483570099
1776175854693,0.0,0.0,4734.93212890625,84.75409698486328,0.3331763446331024
1776175854713,0.0,0.0,4735.35693359375,84.56098175048828,0.33327755331993103
1776175854734,0.0,1.9055149095947854e-05,4735.71044921875,84.37101745605469,0.3333979845046997
1776175854753,0.0,0.0004262446309439838,4736.1337890625,84.19795989990234,0.33349692821502686
1776175854774,0.0,0.003737070132046938,4736.48583984375,83.99488067626953,0.333616703748703
1776175854793,0.0,0.01275242492556572,4737.2578125,83.79752349853516,0.3338383138179779
1776175854813,0.0,0.026536842808127403,4737.677734375,83.6264877319336,0.33393681049346924
1776175854833,0.0,0.047383863478899,4738.02734375,83.41258239746094,0.33405736088752747
1776175854853,0.0,0.07381204515695572,4738.44580078125,83.2079849243164,0.33417457342147827
1776175854873,0.0,0.09017623215913773,4738.86328125,83.01908111572266,0.3342726528644562
1776175854893,0.0,0.11196944862604141,4739.6259765625,82.7758560180664,0.3344869017601013
1776175854913,0.0,0.1241873949766159,4739.9716796875,82.4985122680664,0.33460336923599243
1776175854935,0.0,0.1306924819946289,4740.38525390625,82.22438049316406,0.33470025658607483
1776175854953,0.0,0.1306924819946289,4740.72900390625,81.9955062866211,0.33481571078300476
1776175854973,0.0,0.1241873949766159,4741.14013671875,81.72924041748047,0.3349117934703827
1776175854993,0.0,0.1241873949766159,4741.89013671875,81.502197265625,0.33513930439949036
1776175855013,0.0,0.1241873949766159,4742.29736328125,81.24432373046875,0.3352338373661041
1776175855034,0.0,0.1306924819946289,4742.6357421875,80.99568176269531,0.3353472650051117
1776175855053,0.0,0.1306924819946289,4743.041015625,80.7859878540039,0.3354405462741852
1776175855073,0.0,0.1306924819946289,4743.3779296875,80.5500717163086,0.3355518579483032
1776175855093,0.0,0.11796233803033829,4744.11669921875,80.3321533203125,0.33575624227523804
1776175855113,0.0,0.07823561131954193,4744.51806640625,80.14977264404297,0.3358471691608429
1776175855133,0.0,0.02868010476231575,4744.85205078125,79.95249938964844,0.33595678210258484
1776175855153,0.0,0.0012949146330356598,4745.251953125,79.77802276611328,0.33606669306755066
1776175855173,0.0,0.0,4745.65087890625,79.63960266113281,0.33615705370903015
1776175855193,0.0,0.0,4746.3798828125,79.4615249633789,0.3363564610481262
1776175855213,0.0,0.0,4746.71044921875,79.17170715332031,0.33646535873413086
1776175855235,0.0,0.0,4747.1064453125,78.94466400146484,0.336555153131485
1776175855253,0.0,0.0,4747.435546875,78.76395416259766,0.3366618752479553
1776175855274,0.0,0.0,4747.82958984375,78.55125427246094,0.336751252412796
1776175855293,0.0,0.0,4748.55078125,78.36308288574219,0.3369635343551636
1776175855313,0.0,0.0,4748.943359375,78.14395904541016,0.33705270290374756
1776175855334,0.0,0.0,4749.26953125,77.94025421142578,0.33715835213661194
1776175855353,0.0,0.0,4749.66064453125,77.7735366821289,0.3372454047203064
1776175855374,0.0,0.0,4749.98583984375,77.58199310302734,0.3373514413833618
1776175855393,0.07140001654624939,0.0,4750.69873046875,77.39257049560547,0.33754491806030273
1776175855413,0.1269499957561493,0.0,4751.08642578125,77.24755859375,0.3376323878765106
1776175855434,0.1746000051498413,0.0,4751.4091796875,77.09937286376953,0.337737113237381
1776175855453,0.2261500060558319,0.0,4751.79541015625,76.96142578125,0.33784008026123047
1776175855473,0.26190000772476196,0.0,4752.18115234375,76.84879302978516,0.3379274308681488
1776175855493,0.29760000109672546,0.0,4752.88623046875,76.72518157958984,0.33811816573143005
1776175855513,0.32534998655319214,0.0,4753.2060546875,76.61272430419922,0.3382211923599243
1776175855535,0.34915000200271606,0.0,4753.58935546875,76.53156280517578,0.33830901980400085
1776175855553,0.36900001764297485,0.0,4753.90869140625,76.48310089111328,0.3384120464324951
1776175855573,0.37299999594688416,0.0,4754.29150390625,76.44932556152344,0.33849862217903137
1776175855593,0.37299999594688416,0.0,4754.99267578125,76.43292999267578,0.3387044072151184
1776175855613,0.36900001764297485,0.0,4755.37451171875,76.40652465820312,0.3387910723686218
1776175855634,0.361050009727478,0.0,4755.69287109375,76.38671875,0.338894248008728
1776175855653,0.34915000200271606,0.0,4756.07470703125,76.36447143554688,0.3389813303947449
1776175855673,0.33329999446868896,0.0,4756.392578125,76.32979583740234,0.33908548951148987
1776175855693,0.31744998693466187,0.0,4757.091796875,76.2890396118164,0.3392752408981323
1776175855713,0.30550000071525574,0.0,4757.47265625,76.24951171875,0.3393624722957611
1776175855734,0.29360002279281616,0.0,4757.7900390625,76.1952133178711,0.3394642174243927
1776175855753,0.289650022983551,0.0,4758.1708984375,76.13056182861328,0.33956706523895264
1776175855773,0.289650022983551,0.0,4758.55126953125,76.066650390625,0.33965161442756653
1776175855793,0.289650022983551,0.0,4759.248046875,75.9856185913086,0.3398393988609314
1776175855813,0.289650022983551,0.0,4759.564453125,75.90455627441406,0.3399412930011749
1776175855835,0.29760000109672546,0.0,4759.94384765625,75.83075714111328,0.34002596139907837
1776175855853,0.3015500009059906,0.0,4760.259765625,75.77133178710938,0.34012746810913086
1776175855873,0.31744998693466187,0.0,4760.638671875,75.70899200439453,0.34023064374923706
1776175855893,0.32534998655319214,0.0,4761.3330078125,75.66474914550781,0.3404178321361542
1776175855913,0.33329999446868896,0.0,4761.71142578125,75.63680267333984,0.3405016362667084
1776175855934,0.3452000021934509,0.0,4762.02685546875,75.6222915649414,0.3406044542789459
1776175855953,0.34915000200271606,0.0,4762.4052734375,75.6148452758789,0.34070682525634766
1776175855973,0.35315001010894775,0.0,4762.783203125,75.60697174072266,0.3407897651195526
1776175855994,0.35315001010894775,0.0,4763.47607421875,75.6103286743164,0.3409751355648041
1776175856014,0.35315001010894775,0.0,4763.791015625,75.61829376220703,0.34107673168182373
1776175856033,0.35315001010894775,0.0,4764.1689453125,75.62995910644531,0.3411627411842346
1776175856053,0.35315001010894775,0.0,4764.48388671875,75.63668823242188,0.3412627875804901
1776175856074,0.35315001010894775,0.0,4764.86181640625,75.64057159423828,0.34136492013931274
1776175856093,0.3571000099182129,0.0,4765.5546875,75.64791107177734,0.34155040979385376
1776175856113,0.3571000099182129,0.0,4765.9326171875,75.66094207763672,0.34163427352905273
1776175856136,0.361050009727478,0.0,4766.24755859375,75.67247009277344,0.3417357802391052
1776175856153,0.3650500178337097,0.0,4766.62548828125,75.67998504638672,0.34181925654411316
1776175856174,0.3650500178337097,0.0,4766.9404296875,75.68892669677734,0.3419220447540283
1776175856193,0.36900001764297485,0.0,4767.63330078125,75.69880676269531,0.3421091139316559
1776175856213,0.3769499957561493,0.0,4768.01123046875,75.7108154296875,0.34221088886260986
1776175856235,0.38089999556541443,0.0,4768.38916015625,75.71614074707031,0.3422940969467163
1776175856253,0.3928000032901764,0.0,4768.7041015625,75.72449493408203,0.3423794209957123
1776175856273,0.4007500112056732,0.0,4769.01904296875,75.74199676513672,0.34248119592666626
1776175856293,0.40869998931884766,0.0,4769.77587890625,75.7619857788086,0.3426682651042938
1776175856313,0.40869998931884766,0.0,4770.09130859375,75.77478790283203,0.34276989102363586
1776175856335,0.4126499891281128,0.0,4770.4697265625,75.80315399169922,0.34285783767700195
1776175856353,0.4126499891281128,0.0,4770.78515625,75.83631134033203,0.34295654296875
1776175856373,0.4205999970436096,0.0,4771.1640625,75.87750244140625,0.3430601954460144
1776175856393,0.4325000047683716,0.0,4771.85986328125,75.92361450195312,0.3432476818561554
1776175856413,0.44440001249313354,0.0,4772.2392578125,75.96480560302734,0.34333109855651855
1776175856434,0.46024999022483826,0.0,4772.5556640625,76.00605010986328,0.3434334695339203
1776175856453,0.4721499979496002,0.0,4772.935546875,76.07199096679688,0.34352004528045654
1776175856473,0.492000013589859,0.0,4773.25244140625,76.14933776855469,0.34362491965293884
1776175856493,0.5,0.0,4773.9501953125,76.2193832397461,0.3438122272491455
1776175856514,0.5156000256538391,0.0,4774.33154296875,76.3067855834961,0.34391504526138306
1776175856534,0.5390499830245972,0.0,4774.712890625,76.41516876220703,0.3440019190311432
1776175856553,0.5663999915122986,0.0,4775.03125,76.51827239990234,0.3441051244735718
1776175856573,0.5898500084877014,0.0,4775.41357421875,76.63819885253906,0.3441924750804901
1776175856594,0.6132999658584595,0.0,4776.115234375,76.76615905761719,0.3443795442581177
1776175856613,0.6405999660491943,0.0,4776.4345703125,76.8884506225586,0.3444840908050537
1776175856633,0.6601499915122986,0.0,4776.818359375,77.0530776977539,0.344571590423584
1776175856653,0.6836000084877014,0.0,4777.138671875,77.22184753417969,0.34467390179634094
1776175856673,0.6913999915122986,0.0,4777.52392578125,77.35858154296875,0.344779908657074
1776175856693,0.7030999660491943,0.0,4778.23193359375,77.53459930419922,0.34497135877609253
1776175856713,0.7148500084877014,0.0,4778.619140625,77.72687530517578,0.34505951404571533
1776175856736,0.7304499745368958,0.0,4778.9423828125,77.92218017578125,0.34516438841819763
1776175856754,0.7382999658584595,0.0,4779.3310546875,78.08769226074219,0.3452514708042145
1776175856773,0.7538999915122986,0.0,4779.65576171875,78.28955078125,0.34535759687423706
1776175856793,0.7773499488830566,0.0,4780.37255859375,78.47563171386719,0.3455541729927063
1776175856813,0.8202999830245972,0.0,4780.7646484375,78.7041244506836,0.3456600606441498
1776175856834,0.8672000169754028,0.0,4781.15771484375,78.95783996582031,0.3457508683204651
1776175856854,0.9375,0.0,4781.486328125,79.24014282226562,0.3458568751811981
1776175856874,1.0,0.0,4781.88134765625,79.49702453613281,0.3459477424621582
1776175856893,1.0,0.0,4782.60888671875,79.8140640258789,0.34614548087120056
1776175856913,1.0,0.0,4782.94140625,80.09197235107422,0.3462557792663574
1776175856935,1.0,0.0,4783.34130859375,80.46929931640625,0.3463452160358429
1776175856953,1.0,0.0,4783.67578125,80.76518249511719,0.3464561700820923
1776175856973,1.0,0.0,4784.07861328125,81.06146240234375,0.3465679883956909
1776175856993,1.0,0.0,4784.82080078125,81.41728210449219,0.3467693328857422
1776175857014,1.0,0.0,4785.2275390625,81.74962615966797,0.34686118364334106
1776175857034,1.0,0.0,4785.56787109375,82.06385803222656,0.3469749689102173
1776175857053,1.0,0.0,4785.97705078125,82.33171844482422,0.3470684885978699
1776175857073,1.0,0.0,4786.3193359375,82.64624786376953,0.34718021750450134
1776175857093,1.0,0.0,4787.0751953125,82.92133331298828,0.3473891019821167
1776175857113,1.0,0.0,4787.48974609375,83.28388977050781,0.3475027084350586
1776175857134,1.0,0.0,4787.90576171875,83.63975524902344,0.3475978374481201
1776175857153,1.0,0.0,4788.25341796875,83.96915435791016,0.3477123975753784
1776175857173,1.0,0.0,4788.67236328125,84.3114013671875,0.3478088676929474
1776175857193,1.0,0.0,4789.44384765625,84.6341552734375,0.34802138805389404
1776175857213,1.0,0.0,4789.7958984375,84.9277572631836,0.34813910722732544
1776175857233,1.0,0.0,4790.2197265625,85.15078735351562,0.34823474287986755
1776175857253,1.0,0.0,4790.57373046875,85.48139953613281,0.34835201501846313
1776175857273,1.0,0.0,4790.99951171875,85.79877471923828,0.34847012162208557
1776175857293,1.0,0.0,4791.7841796875,86.10762023925781,0.3486873507499695
1776175857313,1.0,0.0,4792.21435546875,86.50794982910156,0.3487869203090668
1776175857334,1.0,0.0,4792.57421875,86.77495574951172,0.34890586137771606
1776175857353,1.0,0.0,4793.00732421875,87.0755844116211,0.3490053713321686
1776175857373,1.0,0.0,4793.36962890625,87.36524200439453,0.34912607073783875
1776175857394,1.0,0.0,4794.16943359375,87.73835754394531,0.3493468761444092
1776175857416,1.0,0.0,4794.60791015625,88.22877502441406,0.3494682013988495
1776175857436,1.0,0.0,4795.04833984375,88.53092956542969,0.3495694398880005
1776175857453,1.0,0.0,4795.41650390625,88.78416442871094,0.3496924340724945
1776175857473,1.0,0.0,4795.85986328125,89.10399627685547,0.3497939109802246
1776175857493,1.0,0.0,4796.67529296875,89.40351867675781,0.35002022981643677
1776175857513,1.0,0.0,4797.04736328125,89.66329193115234,0.3501429259777069
1776175857534,1.0,0.0,4797.4951171875,89.99650573730469,0.35024791955947876
1776175857553,1.0,0.0,4797.869140625,90.32735443115234,0.350372850894928
1776175857573,1.0,0.0,4798.3193359375,90.59715270996094,0.3504978120326996
1776175857593,1.0,0.0,4799.1484375,90.94694519042969,0.3507271707057953
1776175857613,1.0,0.0,4799.6025390625,91.27423858642578,0.3508320450782776
1776175857633,1.0,0.0,4799.982421875,91.53958129882812,0.35095876455307007
1776175857653,1.0,0.0,4800.439453125,91.85133361816406,0.35106509923934937
1776175857673,1.0,0.0,4800.8212890625,92.1744613647461,0.3511924147605896
1776175857694,1.0,0.0,4801.66455078125,92.46271514892578,0.3514280617237091
1776175857713,1.0,0.0,4802.12646484375,92.80965423583984,0.3515567183494568
1776175857734,1.0,0.0,4802.58984375,93.14896392822266,0.35166457295417786
1776175857753,1.0,0.0,4802.97705078125,93.43324279785156,0.35179364681243896
1776175857774,1.0,0.0,4803.443359375,93.75822448730469,0.3519017994403839
1776175857793,1.0,0.0,4804.3017578125,94.08272552490234,0.3521421253681183
1776175857813,1.0,0.0,4804.693359375,94.35391998291016,0.35227298736572266
1776175857833,1.0,0.0,4805.16455078125,94.65533447265625,0.35238268971443176
1776175857853,1.0,0.0,4805.55810546875,94.96318054199219,0.35251402854919434
1776175857873,1.0,0.0,4806.03125,95.22877502441406,0.3526466488838196
1776175857893,1.0,0.0,4806.90234375,95.53284454345703,0.35289013385772705
1776175857913,1.0,0.0,4807.37939453125,95.84700775146484,0.3530014753341675
1776175857933,1.0,0.0,4807.7783203125,96.12398529052734,0.3531349301338196
1776175857953,1.0,0.0,4808.25830078125,96.45270538330078,0.3532468378543854
1776175857973,1.0,0.0,4808.6591796875,96.78591918945312,0.3533802926540375
1776175857993,1.0,0.0,4809.54443359375,97.06978607177734,0.35362914204597473
1776175858013,1.0,0.0,4810.029296875,97.38772583007812,0.3537645936012268
1776175858034,1.0,0.0,4810.515625,97.68916320800781,0.3538786768913269
1776175858053,1.0,0.0,4810.921875,97.9446792602539,0.35401538014411926
1776175858074,1.0,0.0,4811.41064453125,98.2464828491211,0.3541300892829895
1776175858093,1.0,0.0,4812.31005859375,98.56538391113281,0.3543819189071655
1776175858113,1.0,0.0,4812.720703125,98.84742736816406,0.3545202612876892
1776175858134,1.0,0.0,4813.21435546875,99.16534423828125,0.3546360433101654
1776175858153,1.0,0.0,4813.626953125,99.47935485839844,0.35477471351623535
1776175858174,1.0,0.0,4814.123046875,99.73460388183594,0.3549128472805023
1776175858193,1.0,0.0,4815.0361328125,100.02718353271484,0.35516977310180664
1776175858213,1.0,0.0,4815.5361328125,100.32665252685547,0.3552858829498291
1776175858234,1.0,0.0,4815.95361328125,100.58334350585938,0.35542699694633484
1776175858253,1.0,0.0,4816.45556640625,100.88352966308594,0.35554414987564087
1776175858273,1.0,0.0,4816.875,101.19055938720703,0.35568493604660034
1776175858293,1.0,0.0,4817.80078125,101.44120025634766,0.3559448719024658
1776175858313,1.0,0.0,4818.3076171875,101.71842956542969,0.35608726739883423
1776175858334,1.0,0.0,4818.8154296875,102.00951385498047,0.3562057316303253
1776175858353,1.0,0.0,4819.23974609375,102.26905822753906,0.3563489019870758
1776175858374,1.0,0.0,4819.75,102.55901336669922,0.35646823048591614
1776175858393,1.0,0.0,4820.68896484375,102.8421401977539,0.35673052072525024
1776175858413,1.0,0.0,4821.1171875,103.08381652832031,0.35687440633773804
1776175858434,1.0,0.0,4821.6318359375,103.3906021118164,0.35699519515037537
1776175858453,1.0,0.0,4822.06201171875,103.66351318359375,0.3571394681930542
1776175858473,1.0,0.0,4822.5791015625,103.90278625488281,0.3572849929332733
1776175858493,1.0,0.0,4823.53076171875,104.19184875488281,0.35755300521850586
1776175858513,1.0,0.0,4824.05126953125,104.4857406616211,0.3576752245426178
1776175858533,1.0,0.0,4824.48583984375,104.7300796508789,0.35782134532928467
1776175858553,1.0,0.0,4825.0087890625,105.00654602050781,0.3579438626766205
1776175858573,1.0,0.0,4825.4453125,105.28247833251953,0.3580911457538605
1776175858594,1.0,0.0,4826.40869140625,105.55717468261719,0.3583613932132721
1776175858613,1.0,0.0,4826.93603515625,105.79019165039062,0.3585096001625061
1776175858633,1.0,0.0,4827.46435546875,106.06756591796875,0.35863322019577026
1776175858653,1.0,0.0,4827.90576171875,106.31947326660156,0.35878247022628784
1776175858673,1.0,0.0,4828.4365234375,106.61312866210938,0.35890668630599976
1776175858693,1.0,0.0,4829.4130859375,106.88777160644531,0.3591802716255188
1776175858713,1.0,0.0,4829.8583984375,107.10690307617188,0.3593302369117737
1776175858734,1.0,0.0,4830.3935546875,107.3843002319336,0.35945501923561096
1776175858753,1.0,0.0,4830.84033203125,107.70001220703125,0.3596063256263733
1776175858774,1.0,0.0,4831.3779296875,107.93955993652344,0.3597572445869446
1776175858793,1.0,0.0,4832.3662109375,108.19764709472656,0.36003512144088745
1776175858813,1.0,0.0,4832.90673828125,108.43607330322266,0.3601616322994232
1776175858834,1.0,0.0,4833.35791015625,108.67801666259766,0.3603135347366333
1776175858853,1.0,0.0,4833.900390625,108.96812438964844,0.3604404926300049
1776175858873,1.0,0.0,4834.353515625,109.24681091308594,0.3605937063694
1776175858893,1.0,0.0,4835.353515625,109.48382568359375,0.36087435483932495
1776175858913,1.0,0.0,4835.900390625,109.75151824951172,0.3610284626483917
1776175858934,1.0,0.0,4836.44873046875,110.01083374023438,0.36115747690200806
1776175858953,1.0,0.0,4836.90625,110.2279052734375,0.3613112270832062
1776175858973,1.0,0.0,4837.45654296875,110.48787689208984,0.36144015192985535
1776175858994,1.0,0.0,4838.46826171875,110.76063537597656,0.3617241382598877
1776175859013,1.0,0.0,4838.92919921875,110.9949951171875,0.3618798851966858
1776175859033,1.0,0.0,4839.48388671875,111.2632064819336,0.36201003193855286
1776175859053,1.0,0.0,4839.94677734375,111.54324340820312,0.36216628551483154
1776175859074,1.0,0.0,4840.50341796875,111.8124771118164,0.36232322454452515
1776175859093,1.0,0.0,4841.52685546875,112.02091979980469,0.36261022090911865
1776175859113,1.0,0.0,4842.08642578125,112.26260375976562,0.3627412021160126
1776175859133,1.0,0.0,4842.5537109375,112.49616241455078,0.3628988564014435
1776175859153,1.0,0.0,4843.115234375,112.77374267578125,0.36303073167800903
1776175859173,1.0,0.0,4843.58447265625,113.036865234375,0.36318856477737427
1776175859193,1.0,0.0,4844.619140625,113.26043701171875,0.36348024010658264
1776175859213,1.0,0.0,4845.18505859375,113.52194213867188,0.36361199617385864
1776175859233,1.0,0.0,4845.65771484375,113.7806625366211,0.3637700378894806
1776175859253,1.0,0.0,4846.2255859375,113.99613189697266,0.3639044165611267
1776175859273,1.0,0.0,4846.69970703125,114.24948120117188,0.36406275629997253
1776175859293,1.0,0.0,4847.84033203125,114.49803924560547,0.36435776948928833
1776175859313,1.0,0.0,4848.31689453125,114.71053314208984,0.3645184636116028
1776175859333,1.0,0.0,4848.8896484375,114.96195983886719,0.3646528720855713
1776175859353,1.0,0.0,4849.36767578125,115.20185089111328,0.364814430475235
1776175859373,1.0,0.0,4849.9423828125,115.40737915039062,0.3649757206439972
1776175859393,1.0,0.0,4850.99853515625,115.66971588134766,0.36527201533317566
1776175859413,1.0,0.0,4851.57666015625,115.94396209716797,0.36540743708610535
1776175859433,1.0,0.0,4852.05908203125,116.16787719726562,0.3655700385570526
1776175859453,1.0,0.0,4852.63916015625,116.42236328125,0.3657054901123047
1776175859473,1.0,0.0,4853.12353515625,116.68013000488281,0.36586862802505493
1776175859493,1.0,0.0,4854.19189453125,116.90971374511719,0.36616945266723633
1776175859513,1.0,0.0,4854.7763671875,117.16191101074219,0.36633312702178955
1776175859534,1.0,0.0,4855.36181640625,117.42865753173828,0.3664700388908386
1776175859553,1.0,0.0,4855.8505859375,117.6436996459961,0.366634726524353
1776175859573,1.0,0.0,4856.43798828125,117.88438415527344,0.36677178740501404
1776175859593,1.0,0.0,4857.517578125,118.12359619140625,0.3670753538608551
1776175859613,0.9765499830245972,0.0,4858.00927734375,118.34232330322266,0.36724063754081726
1776175859634,0.8867000341415405,0.0,4858.6005859375,118.60071563720703,0.3673790991306305
1776175859653,0.7851499915122986,0.0,4859.09423828125,118.83293914794922,0.36754536628723145
1776175859673,0.6952999830245972,0.0,4859.6875,118.96804809570312,0.36771202087402344
1776175859693,0.5508000254631042,0.0,4860.77734375,118.93241119384766,0.3680174946784973
1776175859713,0.44440001249313354,0.0,4861.37158203125,118.90448760986328,0.3681565821170807
1776175859733,0.3412500023841858,0.0,4861.86669921875,118.87744903564453,0.3683227598667145
1776175859753,0.2459999918937683,0.0,4862.46044921875,118.84627532958984,0.3684620261192322
1776175859773,0.14680001139640808,0.0,4862.955078125,118.81301879882812,0.36862826347351074
1776175859793,0.09125000238418579,0.0,4864.04345703125,118.7840805053711,0.3689340054988861
1776175859813,0.05160000920295715,0.0,4864.63671875,118.75039672851562,0.3690725862979889
1776175859833,0.06350001692771912,0.0,4865.130859375,118.71501922607422,0.36923909187316895
1776175859853,0.1269499957561493,0.0,4865.72412109375,118.68465423583984,0.36937737464904785
1776175859873,0.23410001397132874,0.0,4866.21826171875,118.65049743652344,0.36954396963119507
1776175859893,0.3571000099182129,0.0,4867.40380859375,118.61588287353516,0.3698490858078003
1776175859913,0.48010000586509705,0.0,4867.89794921875,118.58771514892578,0.3700151741504669
1776175859934,0.6132999658584595,0.0,4868.49072265625,118.87015533447266,0.37015342712402344
1776175859953,0.7382999658584595,0.0,4868.98486328125,119.27375793457031,0.3703204095363617
1776175859973,0.8242000341415405,0.0,4869.57958984375,119.64253997802734,0.3704870939254761
1776175859993,0.9179500341415405,0.0,4870.6748046875,120.04296112060547,0.3707951307296753
1776175860014,0.9882999658584595,0.0,4871.27490234375,120.35924530029297,0.3709353506565094
1776175860034,1.0,0.0,4871.7763671875,120.57926177978516,0.371103972196579
1776175860053,1.0,0.0,4872.37890625,120.81891632080078,0.3712450861930847
1776175860073,1.0,0.0,4872.8818359375,121.07083129882812,0.37141427397727966
1776175860093,1.0,0.0,4873.99072265625,121.2840347290039,0.37172555923461914
1776175860113,1.0,0.0,4874.59716796875,121.52619934082031,0.37186726927757263
1776175860133,1.0,0.0,4875.103515625,121.76820373535156,0.3720378577709198
1776175860153,1.0,0.0,4875.7119140625,121.97648620605469,0.3722086548805237
1776175860173,1.0,0.0,4876.3212890625,122.21294403076172,0.3723509609699249
1776175860193,1.0,0.0,4877.44091796875,122.43866729736328,0.37266507744789124
1776175860213,1.0,0.0,4877.951171875,122.67414855957031,0.3728368282318115
1776175860233,1.0,0.0,4878.564453125,122.92239379882812,0.3729802072048187
1776175860253,1.0,0.0,4879.076171875,123.15422058105469,0.37315255403518677
1776175860273,1.0,0.0,4879.69091796875,123.35387420654297,0.3733249604701996
1776175860293,1.0,0.0,4880.82080078125,123.58148193359375,0.3736422657966614
1776175860313,1.0,0.0,4881.4384765625,123.84366607666016,0.3737867474555969
1776175860334,1.0,0.0,4881.9541015625,124.06306457519531,0.37396040558815
1776175860353,1.0,0.0,4882.57373046875,124.28909301757812,0.37410545349121094
1776175860373,1.0,0.0,4883.0908203125,124.5180892944336,0.37427961826324463
1776175860393,1.0,0.0,4884.23095703125,124.72531127929688,0.3745993971824646
1776175860413,1.0,0.0,4884.85400390625,124.97307586669922,0.374774307012558
1776175860433,1.0,0.0,4885.47802734375,125.21868896484375,0.3749205470085144
1776175860453,1.0,0.0,4885.9990234375,125.42053985595703,0.3750668168067932
1776175860473,1.0,0.0,4886.5205078125,125.66172790527344,0.37524232268333435
1776175860493,1.0,0.0,4887.775390625,125.89533996582031,0.37556564807891846
1776175860513,1.0,0.0,4888.29931640625,126.09652709960938,0.37574219703674316
1776175860534,1.0,0.0,4888.92919921875,126.34342956542969,0.3758891820907593
1776175860553,1.0,0.0,4889.45458984375,126.58001708984375,0.3760663866996765
1776175860573,1.0,0.0,4890.08642578125,126.77711486816406,0.37624362111091614
1776175860593,1.0,0.0,4891.2470703125,127.02506256103516,0.37656956911087036
1776175860613,1.0,0.0,4891.8818359375,127.26648712158203,0.3767181634902954
1776175860634,1.0,0.0,4892.41162109375,127.46771240234375,0.37689656019210815
1776175860653,1.0,0.0,4893.04833984375,127.71449279785156,0.37704578042030334
1776175860673,1.0,0.0,4893.57958984375,127.95256805419922,0.3772246837615967
1776175860693,1.0,0.0,4894.7509765625,128.15823364257812,0.377553254365921
1776175860713,1.0,0.0,4895.3916015625,128.40390014648438,0.3777337968349457
1776175860733,1.0,0.0,4896.033203125,128.6414337158203,0.37788379192352295
1776175860753,1.0,0.0,4896.568359375,128.84593200683594,0.37806352972984314
1776175860773,1.0,0.0,4897.2119140625,129.0821990966797,0.37821418046951294
1776175860793,1.0,0.0,4898.39404296875,129.3099365234375,0.37854617834091187
1776175860813,1.0,0.0,4898.9326171875,129.4987030029297,0.3787272870540619
1776175860833,1.0,0.0,4899.57958984375,129.7578887939453,0.3788781464099884
1776175860853,1.0,0.0,4900.11962890625,130.01150512695312,0.3790598213672638
1776175860874,1.0,0.0,4900.7685546875,130.2122344970703,0.37924283742904663
1776175860893,1.0,0.0,4901.9609375,130.43417358398438,0.37957799434661865
1776175860913,1.0,0.0,4902.61279296875,130.66050720214844,0.37973007559776306
1776175860933,1.0,0.0,4903.15673828125,130.86289978027344,0.3799126148223877
1776175860954,1.0,0.0,4903.81005859375,131.09487915039062,0.3800662159919739
1776175860973,1.0,0.0,4904.35546875,131.32565307617188,0.38025060296058655
1776175860993,1.0,0.0,4905.5576171875,131.53659057617188,0.38058778643608093
1776175861013,1.0,0.0,4906.21484375,131.78182983398438,0.3807714879512787
1776175861034,1.0,0.0,4906.87353515625,132.01828002929688,0.3809261918067932
1776175861053,1.0,0.0,4907.4228515625,132.22515869140625,0.3811113238334656
1776175861073,1.0,0.0,4908.08349609375,132.46493530273438,0.38126590847969055
1776175861093,1.0,0.0,4909.296875,132.70428466796875,0.3816060423851013
1776175861113,1.0,0.0,4909.849609375,132.9030303955078,0.3817921578884125
1776175861133,1.0,0.0,4910.513671875,133.130859375,0.38194772601127625
1776175861153,1.0,0.0,4911.06787109375,133.3457489013672,0.38213402032852173
1776175861174,1.0,0.0,4911.7333984375,133.56361389160156,0.3823212683200836
1776175861193,1.0,0.0,4912.9560546875,133.7724609375,0.3826644718647003
1776175861213,1.0,0.0,4913.62451171875,134.0245819091797,0.382821649312973
1776175861234,1.0,0.0,4914.1826171875,134.26565551757812,0.3830091655254364
1776175861253,1.0,0.0,4914.85302734375,134.46046447753906,0.38316574692726135
1776175861273,1.0,0.0,4915.41259765625,134.68601989746094,0.38335472345352173
1776175861293,1.0,0.0,4916.64599609375,134.8862762451172,0.3836993873119354
1776175861313,1.0,0.0,4917.3203125,135.11956787109375,0.3838886022567749
1776175861334,1.0,0.0,4917.99560546875,135.35098266601562,0.38404756784439087
1776175861353,1.0,0.0,4918.55908203125,135.5466766357422,0.3842374086380005
1776175861374,1.0,0.0,4919.23583984375,135.77249145507812,0.38439568877220154
1776175861393,1.0,0.0,4920.4794921875,135.988525390625,0.38474488258361816
1776175861413,1.0,0.0,4921.0458984375,136.17295837402344,0.38493579626083374
1776175861433,1.0,0.0,4921.72607421875,136.40281677246094,0.38509511947631836
1776175861453,1.0,0.0,4922.2939453125,136.63548278808594,0.38528624176979065
1776175861474,1.0,0.0,4922.97607421875,136.83236694335938,0.3854773938655853
1776175861493,1.0,0.0,4924.2294921875,137.06143188476562,0.38582906126976013
1776175861513,1.0,0.0,4924.91455078125,137.28688049316406,0.38598915934562683
1776175861534,1.0,0.0,4925.486328125,137.4746551513672,0.38618147373199463
1776175861553,1.0,0.0,4926.17333984375,137.67642211914062,0.3863420784473419
1776175861573,1.0,0.0,4926.74658203125,137.91200256347656,0.3865358829498291
1776175861593,1.0,0.0,4928.009765625,138.098876953125,0.3868893086910248
1776175861613,1.0,0.0,4928.7001953125,138.31463623046875,0.3870832622051239
1776175861633,1.0,0.0,4929.39111328125,138.53582763671875,0.3872453570365906
1776175861653,1.0,0.0,4929.9677734375,138.72262573242188,0.38743850588798523
1776175861674,1.0,0.0,4930.66064453125,138.9156494140625,0.3875998258590698
1776175861693,1.0,0.0,4931.93310546875,139.13572692871094,0.38795772194862366
1776175861713,1.0,0.0,4932.5126953125,139.32777404785156,0.38815274834632874
1776175861734,1.0,0.0,4933.208984375,139.54933166503906,0.38831469416618347
1776175861753,1.0,0.0,4933.7900390625,139.76837158203125,0.3885110318660736
1776175861774,1.0,0.0,4934.48779296875,139.952880859375,0.3887074291706085
1776175861793,1.0,0.0,4935.76953125,140.16407775878906,0.3890670835971832
1776175861813,1.0,0.0,4936.47021484375,140.3748321533203,0.38922983407974243
1776175861834,1.0,0.0,4937.0546875,140.55203247070312,0.3894263505935669
1776175861853,1.0,0.0,4937.7568359375,140.7765655517578,0.38959041237831116
1776175861873,1.0,0.0,4938.3427734375,140.9959716796875,0.3897882103919983
1776175861893,1.0,0.0,4939.63427734375,141.1669158935547,0.3901500403881073
1776175861913,1.0,0.0,4940.33984375,141.37635803222656,0.3903481066226959
1776175861934,1.0,0.0,4941.04638671875,141.59088134765625,0.3905136287212372
1776175861953,1.0,0.0,4941.6357421875,141.77247619628906,0.3907112777233124
1776175861973,1.0,0.0,4942.34375,141.9851837158203,0.39087700843811035
1776175861993,1.0,0.0,4943.64453125,142.1927947998047,0.39124158024787903
1776175862013,1.0,0.0,4944.23681640625,142.37538146972656,0.39144042134284973
1776175862034,1.0,0.0,4944.9482421875,142.5850830078125,0.3916057348251343
1776175862053,1.0,0.0,4945.5419921875,142.7962188720703,0.3918067514896393
1776175862073,1.0,0.0,4946.25537109375,142.97714233398438,0.3920057713985443
1776175862093,1.0,0.0,4947.5654296875,143.1813507080078,0.3923725187778473
1776175862113,1.0,0.0,4948.28125,143.38214111328125,0.3925400376319885
1776175862133,1.0,0.0,4948.87841796875,143.56167602539062,0.39274144172668457
1776175862153,1.0,0.0,4949.595703125,143.7744598388672,0.3929084539413452
1776175862173,1.0,0.0,4950.1943359375,143.98214721679688,0.3931095004081726
1776175862193,1.0,0.0,4951.51318359375,144.15167236328125,0.3934796154499054
1776175862213,1.0,0.0,4952.23388671875,144.3502655029297,0.3936821222305298
1776175862233,1.0,0.0,4952.955078125,144.5557098388672,0.39384955167770386
1776175862253,1.0,0.0,4953.556640625,144.73648071289062,0.3940522074699402
1776175862273,1.0,0.0,4954.27978515625,144.94088745117188,0.3942212164402008
1776175862293,1.0,0.0,4955.607421875,145.13572692871094,0.3945934772491455
1776175862313,1.0,0.0,4956.2119140625,145.30535888671875,0.3947964906692505
1776175862334,1.0,0.0,4956.93798828125,145.51133728027344,0.39500048756599426
1776175862353,1.0,0.0,4957.5439453125,145.71920776367188,0.3951698839664459
1776175862373,1.0,0.0,4958.271484375,145.89862060546875,0.3953745365142822
1776175862393,1.0,0.0,4959.60791015625,146.1068878173828,0.39574941992759705
1776175862413,1.0,0.0,4960.33837890625,146.30630493164062,0.39591947197914124
1776175862433,1.0,0.0,4960.94775390625,146.473876953125,0.39612406492233276
1776175862454,1.0,0.0,4961.6796875,146.666748046875,0.3962961733341217
1776175862473,1.0,0.0,4962.2900390625,146.87286376953125,0.3965020477771759
1776175862493,1.0,0.0,4963.63525390625,147.05618286132812,0.3968786895275116
1776175862513,1.0,0.0,4964.37060546875,147.25906372070312,0.39708372950553894
1776175862534,1.0,0.0,4965.1064453125,147.46482849121094,0.397255539894104
1776175862554,1.0,0.0,4965.720703125,147.63665771484375,0.3974616527557373
1776175862573,1.0,0.0,4966.45849609375,147.8336639404297,0.39763426780700684
1776175862593,1.0,0.0,4967.81298828125,148.03799438476562,0.39801308512687683
1776175862613,1.0,0.0,4968.4296875,148.21270751953125,0.3982207775115967
1776175862633,1.0,0.0,4969.17041015625,148.40786743164062,0.3983939290046692
1776175862653,1.0,0.0,4969.7880859375,148.59780883789062,0.3986011743545532
1776175862673,1.0,0.0,4970.5302734375,148.75872802734375,0.3988105356693268
1776175862693,1.0,0.0,4971.89306640625,148.95184326171875,0.3991919159889221
1776175862713,1.0,0.0,4972.6376953125,149.15017700195312,0.39936545491218567
1776175862734,1.0,0.0,4973.2587890625,149.331298828125,0.3995749354362488
1776175862753,1.0,0.0,4974.0048828125,149.52743530273438,0.399748831987381
1776175862773,1.0,0.0,4974.62744140625,149.7246551513672,0.3999584913253784
1776175862793,1.0,0.0,4975.99853515625,149.890625,0.4003421664237976
1776175862813,1.0,0.0,4976.74755859375,150.07530212402344,0.4005530774593353
1776175862834,1.0,0.0,4977.49755859375,150.25254821777344,0.4007278084754944
1776175862853,1.0,0.0,4978.123046875,150.41217041015625,0.40093833208084106
1776175862873,1.0,0.0,4978.87451171875,150.6116943359375,0.4011138081550598
1776175862893,1.0,0.0,4980.2548828125,150.82455444335938,0.40150073170661926
1776175862913,1.0,0.0,4980.88330078125,150.9951629638672,0.4017122685909271
1776175862935,1.0,0.0,4981.63818359375,151.21365356445312,0.4018888473510742
1776175862953,1.0,0.0,4982.267578125,151.3710174560547,0.40210190415382385
1776175862973,1.0,0.0,4983.02392578125,151.5251922607422,0.40231359004974365
1776175862993,1.0,0.0,4984.412109375,151.69883728027344,0.40270164608955383
1776175863013,1.0,0.0,4985.17041015625,151.8786163330078,0.40287891030311584
1776175863034,1.0,0.0,4985.802734375,152.04278564453125,0.4030917286872864
1776175863054,1.0,0.0,4986.5625,152.2503662109375,0.40326881408691406
1776175863073,1.0,0.0,4987.1962890625,152.45140075683594,0.4034825265407562
1776175863093,1.0,0.0,4988.5927734375,152.6133270263672,0.40387392044067383
1776175863113,1.0,0.0,4989.35546875,152.79739379882812,0.40408775210380554
1776175863134,1.0,0.0,4990.119140625,152.98582458496094,0.4042664170265198
1776175863153,1.0,0.0,4990.755859375,153.13795471191406,0.40448033809661865
1776175863173,1.0,0.0,4991.52099609375,153.32601928710938,0.40465906262397766
1776175863193,1.0,0.0,4992.92578125,153.5229949951172,0.4050535261631012
1776175863214,1.0,0.0,4993.56494140625,153.71090698242188,0.4052688181400299
1776175863233,1.0,0.0,4994.3330078125,153.8780059814453,0.4054485857486725
1776175863253,1.0,0.0,4994.9736328125,154.0658416748047,0.4056638479232788
1776175863273,1.0,0.0,4995.7431640625,154.20651245117188,0.4058798551559448
1776175863293,1.0,0.0,4997.15625,154.3887176513672,0.4062763452529907
1776175863313,1.0,0.0,4997.92822265625,154.5950164794922,0.4064568877220154
1776175863333,1.0,0.0,4998.572265625,154.75851440429688,0.40667349100112915
1776175863353,1.0,0.0,4999.345703125,154.9352569580078,0.406854510307312
1776175863373,1.0,0.0,4999.99072265625,155.1168212890625,0.4070715010166168
1776175863393,1.0,0.0,5001.412109375,155.28077697753906,0.4074704647064209
1776175863413,1.0,0.0,5002.1884765625,155.4703826904297,0.407687783241272
1776175863434,1.0,0.0,5002.9658203125,155.64735412597656,0.4078696072101593
1776175863453,1.0,0.0,5003.6142578125,155.8046875,0.40808790922164917
1776175863473,1.0,0.0,5004.392578125,155.9926300048828,0.40826940536499023
1776175863493,1.0,0.0,5005.82177734375,156.15916442871094,0.408670574426651
1776175863513,1.0,0.0,5006.47216796875,156.2972869873047,0.4088900685310364
1776175863533,1.0,0.0,5007.2529296875,156.46420288085938,0.4090721309185028
1776175863553,1.0,0.0,5007.904296875,156.62879943847656,0.4092913269996643
1776175863573,1.0,0.0,5008.6865234375,156.77732849121094,0.40951070189476013
1776175863593,0.8202999830245972,0.0,5010.123046875,156.96273803710938,0.4099138677120209
1776175863613,0.46024999022483826,0.0,5010.90771484375,157.14059448242188,0.41009727120399475
1776175863634,0.0,0.0,5011.56201171875,157.22341918945312,0.4103175103664398
1776175863653,0.0,0.0,5012.34765625,157.20635986328125,0.41050103306770325
1776175863673,0.0,0.0,5013.00244140625,157.14552307128906,0.41072145104408264
1776175863693,0.0,0.0,5014.5732421875,157.08367919921875,0.4111250638961792
1776175863713,0.0,0.0,5015.2275390625,157.00120544433594,0.41134515404701233
1776175863734,0.0,0.0,5016.01220703125,156.91212463378906,0.4115282893180847
1776175863753,0.0,0.0,5016.666015625,156.83226013183594,0.4117489159107208
1776175863773,0.0,0.005127621348947287,5017.4501953125,156.744140625,0.41193222999572754
1776175863793,0.0,0.2659403383731842,5018.88720703125,156.6329345703125,0.4123360812664032
1776175863813,0.0,1.0,5019.5400390625,156.30738830566406,0.41255441308021545
1776175863833,0.0,1.0,5020.322265625,155.55242919921875,0.41277387738227844
1776175863853,0.0,1.0,5021.1015625,154.73626708984375,0.4129548966884613
1776175863874,0.0,1.0,5021.748046875,154.02976989746094,0.41317129135131836
1776175863893,0.0,1.0,5023.1611328125,153.19662475585938,0.4135664403438568
1776175863913,0.0,1.0,5023.92626953125,152.3760528564453,0.4137447774410248
1776175863934,0.0,1.0,5024.56103515625,151.52859497070312,0.41395848989486694
1776175863953,0.0,1.0,5025.31982421875,150.76434326171875,0.41413506865501404
1776175863973,0.0,1.0,5025.94921875,149.87802124023438,0.4143466055393219
1776175863993,0.0,1.0,5027.32470703125,149.1645050048828,0.4147314131259918
1776175864013,0.0,1.0,5028.06982421875,148.30262756347656,0.4149399697780609
1776175864034,0.0,1.0,5028.8115234375,147.46580505371094,0.4151127338409424
1776175864053,0.0,1.0,5029.4267578125,146.7950897216797,0.41531902551651
1776175864074,0.0,1.0,5030.162109375,146.03634643554688,0.41549041867256165
1776175864093,0.0,1.0,5031.5029296875,145.2268524169922,0.4158667027950287
1776175864113,0.0,1.0,5032.10888671875,144.52655029296875,0.41606980562210083
1776175864134,0.0,1.0,5032.8330078125,143.69740295410156,0.4162713885307312
1776175864153,0.0,1.0,5033.43408203125,142.8457489013672,0.4164387881755829
1776175864173,0.0,1.0,5034.15234375,142.11727905273438,0.4166388511657715
1776175864193,0.0,1.0,5035.45947265625,141.21389770507812,0.41700318455696106
1776175864213,0.0,1.0,5036.1669921875,140.28196716308594,0.4171677827835083
1776175864233,0.0,1.0,5036.75341796875,139.48294067382812,0.41736435890197754
1776175864253,0.0,1.0,5037.45361328125,138.50489807128906,0.4175267815589905
1776175864274,0.0,1.0,5038.03369140625,137.4969024658203,0.4177209436893463
1776175864293,0.0,1.0,5039.2998046875,136.6688690185547,0.4180736839771271
1776175864313,0.0,1.0,5039.984375,135.66966247558594,0.41826513409614563
1776175864334,0.0,1.0,5040.66455078125,134.67140197753906,0.4184231162071228
1776175864353,0.0,1.0,5041.22802734375,133.8377227783203,0.41861188411712646
1776175864373,0.0,1.0,5041.900390625,132.87542724609375,0.4187690317630768
1776175864393,0.0,1.0,5043.1220703125,131.94992065429688,0.4191104769706726
1776175864413,0.0,1.0,5043.6728515625,131.10963439941406,0.41929367184638977
1776175864434,0.0,1.0,5044.330078125,130.24119567871094,0.41944655776023865
1776175864453,0.0,1.0,5044.87451171875,129.4202117919922,0.4196287989616394
1776175864473,0.0,1.0,5045.52490234375,128.6929473876953,0.4198101758956909
1776175864493,0.0,1.0,5046.7080078125,127.84774780273438,0.42013993859291077
1776175864513,0.0,1.0,5047.34814453125,127.01219177246094,0.4202893078327179
1776175864534,0.0,1.0,5047.87890625,126.26277923583984,0.4204666316509247
1776175864553,0.0,1.0,5048.5126953125,125.36322784423828,0.4206139147281647
1776175864573,0.0,1.0,5049.0380859375,124.61160278320312,0.4207894802093506
1776175864593,0.0,1.0,5050.1845703125,123.710693359375,0.4211096465587616
1776175864613,0.0,1.0,5050.80419921875,122.83020782470703,0.42128288745880127
1776175864634,0.0,1.0,5051.419921875,121.97869873046875,0.42142629623413086
1776175864653,0.0,1.0,5051.93017578125,121.18607330322266,0.42159658670425415
1776175864674,0.0,1.0,5052.5390625,120.26863861083984,0.42173823714256287
1776175864693,0.0,1.0,5053.64501953125,119.4451675415039,0.42204582691192627
1776175864713,0.0,1.0,5054.1435546875,118.720947265625,0.42221319675445557
1776175864733,0.0,1.0,5054.73828125,117.82343292236328,0.42237886786460876
1776175864753,0.0,1.0,5055.32958984375,116.93990325927734,0.422516405582428
1776175864773,0.0,1.0,5055.8193359375,116.15467071533203,0.42268046736717224
1776175864793,0.0,1.0,5056.88720703125,115.27125549316406,0.42297765612602234
1776175864813,0.0,1.0,5057.46435546875,114.39656066894531,0.4231123924255371
1776175864833,0.0,1.0,5057.9423828125,113.61505126953125,0.42327216267585754
1776175864853,0.0,0.9284524321556091,5058.5126953125,112.65403747558594,0.4234047532081604
1776175864874,0.0,0.7968763709068298,5058.98486328125,111.65756225585938,0.42356210947036743
1776175864893,0.0,0.6795321106910706,5060.013671875,110.9459457397461,0.4238501489162445
1776175864913,0.0,0.527914822101593,5060.56982421875,110.23979187011719,0.4240055978298187
1776175864934,0.0,0.4580742418766022,5061.123046875,109.68297576904297,0.4241337478160858
1776175864953,0.0,0.4417574405670166,5061.58203125,109.27918243408203,0.42428794503211975
1776175864973,0.0,0.4417574405670166,5062.13134765625,108.83756256103516,0.42441463470458984
1776175864993,0.0,0.4417574405670166,5063.1337890625,108.41156768798828,0.4246937334537506
1776175865013,0.0,0.4027373194694519,5063.58740234375,108.05783081054688,0.4248451888561249
1776175865034,0.0,0.3457002341747284,5064.12939453125,107.68170166015625,0.4249722361564636
1776175865053,0.0,0.28304019570350647,5064.57958984375,107.34730529785156,0.4251217246055603
1776175865073,0.0,0.26043614745140076,5065.1181640625,107.10731506347656,0.4252723753452301
1776175865094,0.0,0.24967923760414124,5066.10205078125,106.85623168945312,0.4255475401878357
1776175865113,0.0,0.24967923760414124,5066.63671875,106.6064224243164,0.42567211389541626
1776175865134,0.0,0.2659403383731842,5067.08154296875,106.39521789550781,0.425821989774704
1776175865153,0.0,0.2659403383731842,5067.6142578125,106.0204086303711,0.42594587802886963
1776175865174,0.0,0.24442484974861145,5068.05712890625,105.51669311523438,0.42609521746635437
1776175865193,0.0,0.23925209045410156,5069.02685546875,105.09978485107422,0.42636623978614807
1776175865215,0.0,0.2341601401567459,5069.552734375,104.52022552490234,0.4265126883983612
1776175865233,0.0,0.26043614745140076,5070.076171875,104.08616638183594,0.4266340732574463
1776175865253,0.0,0.2948283851146698,5070.5107421875,103.615966796875,0.42677995562553406
1776175865273,0.0,0.3390239179134369,5071.02978515625,103.01243591308594,0.4269009232521057
1776175865293,0.0,0.3806319832801819,5071.97509765625,102.45462799072266,0.42716583609580994
1776175865313,0.0,0.4027373194694519,5072.40185546875,102.01953887939453,0.42730867862701416
1776175865334,0.0,0.41798844933509827,5072.912109375,101.52836608886719,0.42742761969566345
1776175865353,0.0,0.5464999675750732,5073.3359375,101.04692840576172,0.4275703728199005
1776175865374,0.0,0.6906412839889526,5073.84228515625,100.4795150756836,0.42771148681640625
1776175865393,0.0,0.8093602657318115,5074.76513671875,99.90937042236328,0.4279699921607971
1776175865414,0.0,0.9146422147750854,5075.2646484375,99.16500854492188,0.42808598279953003
1776175865434,0.0,0.9567133188247681,5075.6787109375,98.3761215209961,0.4282246232032776
1776175865453,0.0,1.0,5076.17236328125,97.66150665283203,0.4283396899700165
1776175865473,0.0,1.0,5076.5810546875,96.79893493652344,0.4284767210483551
1776175865493,0.0,1.0,5077.4716796875,96.05467224121094,0.4287256598472595
1776175865513,0.0,1.0,5077.9521484375,95.19660949707031,0.42885932326316833
1776175865534,0.0,1.0,5078.42919921875,94.30914306640625,0.42897066473960876
1776175865553,0.0,1.0,5078.82373046875,93.5230484008789,0.4291023015975952
1776175865573,0.0,1.0,5079.2939453125,92.59395599365234,0.4292106628417969
1776175865593,0.0,1.0,5080.146484375,91.712158203125,0.42944785952568054
1776175865613,0.0,1.0,5080.52978515625,90.95860290527344,0.42957618832588196
1776175865634,0.0,1.0,5080.986328125,90.12256622314453,0.4296822249889374
1776175865654,0.0,1.0,5081.3642578125,89.24859619140625,0.42980825901031494
1776175865673,0.0,1.0,5081.814453125,88.4752426147461,0.4299333691596985
1776175865693,0.0,0.9567133188247681,5082.62939453125,87.6216049194336,0.4301599860191345
1776175865713,0.0,0.8874748349189758,5083.068359375,86.77439880371094,0.4302615523338318
1776175865733,0.0,0.8347579836845398,5083.431640625,86.05209350585938,0.43038269877433777
1776175865753,0.0,0.8347579836845398,5083.86376953125,85.24616241455078,0.43048301339149475
1776175865773,0.0,0.8347579836845398,5084.22119140625,84.45648956298828,0.4306029975414276
1776175865793,0.0,0.8347579836845398,5084.9990234375,83.77072143554688,0.4308193624019623
1776175865813,0.0,0.8093602657318115,5085.41845703125,82.97008514404297,0.4309360384941101
1776175865833,0.0,0.8093602657318115,5085.83447265625,82.16596221923828,0.4310329258441925
1776175865853,0.0,0.8093602657318115,5086.1787109375,81.47928619384766,0.4311485290527344
1776175865873,0.0,0.7968763709068298,5086.58837890625,80.70696258544922,0.43124398589134216
1776175865893,0.0,0.7968763709068298,5087.3310546875,79.92950439453125,0.4314506947994232
1776175865913,0.0,0.7968763709068298,5087.6650390625,79.23212432861328,0.431562215089798
1776175865934,0.0,0.7968763709068298,5088.06298828125,78.43081665039062,0.43165430426597595
1776175865953,0.0,0.7968763709068298,5088.3916015625,77.65126037597656,0.4317641258239746
1776175865973,0.0,0.7968763709068298,5088.783203125,76.99412536621094,0.4318724572658539
1776175865993,0.0,0.7845343947410583,5089.4921875,76.25957489013672,0.4320700168609619
1776175866013,0.0,0.7483496069908142,5089.87451171875,75.51602172851562,0.43215829133987427
1776175866034,0.0,0.6362686157226562,5090.1904296875,74.7925796508789,0.43226417899131775
1776175866053,0.0,0.3806319832801819,5090.56689453125,74.26395416259766,0.4323510229587555
1776175866073,0.0,0.1374005228281021,5090.87841796875,73.88317108154297,0.43245458602905273
1776175866093,0.0,0.022617517039179802,5091.55810546875,73.73311614990234,0.4326445758342743
1776175866113,0.0,0.0,5091.92724609375,73.6504135131836,0.4327477514743805
1776175866134,0.0,0.0,5092.29638671875,73.57820129394531,0.4328332543373108
1776175866153,0.0,0.0,5092.60400390625,73.50981140136719,0.4329362213611603
1776175866173,0.0,0.0,5092.97265625,73.43058013916016,0.433022141456604
1776175866193,0.0,0.0,5093.64794921875,73.35264587402344,0.4332103729248047
1776175866214,0.0,0.0,5093.95458984375,73.26981353759766,0.4333135187625885
1776175866234,0.0,0.0,5094.322265625,73.19481658935547,0.43339890241622925
1776175866253,0.0,0.0,5094.62841796875,73.1068344116211,0.43350082635879517
1776175866273,0.0,0.0,5094.9951171875,73.02810668945312,0.43360278010368347
1776175866293,0.04365000128746033,0.0,5095.666015625,72.93206787109375,0.433788925409317
1776175866314,0.14680001139640808,0.0,5096.03125,72.84617614746094,0.4338735342025757
1776175866334,0.1904500126838684,0.0,5096.3349609375,72.7796401977539,0.4339754283428192
1776175866353,0.21424999833106995,0.0,5096.69921875,72.72453308105469,0.4340599477291107
1776175866373,0.21825000643730164,0.0,5097.00244140625,72.66112518310547,0.4341612756252289
1776175866393,0.21825000643730164,0.0,5097.6689453125,72.6087417602539,0.434347927570343
1776175866413,0.21825000643730164,0.0,5098.03173828125,72.5506820678711,0.4344484806060791
1776175866434,0.21825000643730164,0.0,5098.39453125,72.48700714111328,0.4345328211784363
1776175866453,0.21825000643730164,0.0,5098.6962890625,72.42778015136719,0.43463343381881714
1776175866474,0.21825000643730164,0.0,5099.05810546875,72.35072326660156,0.4347173571586609
1776175866493,0.2301500141620636,0.0,5099.720703125,72.274658203125,0.43490302562713623
1776175866513,0.24994999170303345,0.0,5100.021484375,72.216552734375,0.43500378727912903
1776175866533,0.2738000154495239,0.0,5100.38232421875,72.15540313720703,0.4351041316986084
1776175866553,0.3095000088214874,0.0,5100.7431640625,72.09815979003906,0.43518832325935364
1776175866573,0.34915000200271606,0.0,5101.04345703125,72.05311584472656,0.43528881669044495
1776175866593,0.38089999556541443,0.0,5101.703125,72.0125961303711,0.4354737401008606
1776175866613,0.4205999970436096,0.0,5102.06298828125,71.99795532226562,0.4355577826499939
1776175866634,0.4404500126838684,0.0,5102.36279296875,72.00977325439453,0.4356570243835449
1776175866653,0.4562999904155731,0.0,5102.72265625,72.0381851196289,0.4357410967350006
1776175866673,0.46024999022483826,0.0,5103.0224609375,72.0877456665039,0.43584153056144714
1776175866693,0.46024999022483826,0.0,5103.6826171875,72.14325714111328,0.43602514266967773
1776175866713,0.46024999022483826,0.0,5104.04296875,72.22128295898438,0.43612584471702576
1776175866734,0.46024999022483826,0.0,5104.40380859375,72.29451751708984,0.43620917201042175
1776175866753,0.452349990606308,0.0,5104.70458984375,72.34703826904297,0.4363101124763489
1776175866773,0.452349990606308,0.0,5105.06591796875,72.40017700195312,0.4363943040370941
1776175866793,0.44440001249313354,0.0,5105.72900390625,72.45332336425781,0.43657949566841125
1776175866813,0.44440001249313354,0.0,5106.03076171875,72.49609375,0.43668055534362793
1776175866836,0.44440001249313354,0.0,5106.39306640625,72.5484848022461,0.4367816150188446
1776175866853,0.44440001249313354,0.0,5106.75537109375,72.5860824584961,0.43686601519584656
1776175866874,0.44440001249313354,0.0,5107.0576171875,72.62178039550781,0.4369678497314453
1776175866893,0.44440001249313354,0.0,5107.72265625,72.65680694580078,0.43715405464172363
1776175866913,0.44440001249313354,0.0,5108.08544921875,72.68919372558594,0.4372386932373047
1776175866933,0.4404500126838684,0.0,5108.38818359375,72.71988677978516,0.4373398721218109
1776175866953,0.42855000495910645,0.0,5108.75146484375,72.75945281982422,0.4374246299266815
1776175866973,0.41659998893737793,0.0,5109.05419921875,72.7988052368164,0.4375264048576355
1776175866993,0.40869998931884766,0.0,5109.72119140625,72.82804107666016,0.4377126395702362
1776175867013,0.4007500112056732,0.0,5110.0849609375,72.85581970214844,0.43779709935188293
1776175867034,0.38089999556541443,0.0,5110.38818359375,72.88188171386719,0.43789908289909363
1776175867053,0.3650500178337097,0.0,5110.75244140625,72.8950424194336,0.4380009174346924
1776175867073,0.3372499942779541,0.0,5111.11669921875,72.89379119873047,0.43808600306510925
1776175867093,0.30550000071525574,0.0,5111.78466796875,72.87645721435547,0.4382731318473816
1776175867113,0.2738000154495239,0.0,5112.087890625,72.84671020507812,0.43837469816207886
1776175867133,0.2261500060558319,0.0,5112.45166015625,72.79387664794922,0.4384770691394806
1776175867153,0.1746000051498413,0.0,5112.8154296875,72.72398376464844,0.43856194615364075
1776175867173,0.11904999613761902,0.0,5113.1181640625,72.65385437011719,0.4386643171310425
1776175867193,0.06350001692771912,0.0,5113.78369140625,72.5663070678711,0.43885135650634766
1776175867213,0.0,0.0,5114.146484375,72.47543334960938,0.43893641233444214
1776175867233,0.0,0.0,5114.4482421875,72.36670684814453,0.439037948846817
1776175867253,0.0,0.0,5114.81005859375,72.23402404785156,0.43912243843078613
1776175867273,0.0,0.0,5115.11083984375,72.09173583984375,0.4392237067222595
1776175867293,0.0,0.0,5115.771484375,71.9654312133789,0.43940895795822144
1776175867313,0.0,0.0,5116.130859375,71.82212829589844,0.4395098090171814
1776175867334,0.0,0.0,5116.48974609375,71.68595123291016,0.4395940601825714
1776175867353,0.0,0.0,5116.7880859375,71.58162689208984,0.43969494104385376
1776175867373,0.0,0.0,5117.1455078125,71.46553802490234,0.4397791028022766
1776175867393,0.0,0.0,5117.79931640625,71.3582763671875,0.43996280431747437
1776175867413,0.0,0.0,5118.095703125,71.27544403076172,0.4400627315044403
1776175867433,0.0,0.0,5118.45068359375,71.18510437011719,0.44014599919319153
1776175867453,0.0,0.0,5118.74609375,71.0926513671875,0.4402463436126709
1776175867473,0.0,0.0,5119.1005859375,71.00304412841797,0.4403471052646637
1776175867493,0.0,0.0,5119.7490234375,70.90693664550781,0.4405316710472107
1776175867513,0.0,0.0,5120.10205078125,70.8153076171875,0.44061514735221863
1776175867534,0.0,0.0,5120.39599609375,70.67436981201172,0.44071516394615173
1776175867553,0.0,0.0,5120.74853515625,70.53385925292969,0.4407974183559418
1776175867573,0.0,0.0,5121.0419921875,70.3603744506836,0.44089698791503906
1776175867593,0.0,0.0,5121.68603515625,70.19720458984375,0.44107863306999207
1776175867613,0.0,0.0,5122.03662109375,70.01950073242188,0.44117748737335205
1776175867634,0.0,0.0,5122.328125,69.8475112915039,0.44126057624816895
1776175867654,0.03970000147819519,0.0,5122.677734375,69.67532348632812,0.4413588345050812
1776175867673,0.09525001049041748,0.0,5123.0263671875,69.54157257080078,0.4414407014846802
1776175867693,0.1547500193119049,0.0,5123.6640625,69.39462280273438,0.44162169098854065
1776175867713,0.2301500141620636,0.0,5123.95361328125,69.27082061767578,0.4417192041873932
1776175867734,0.289650022983551,0.0,5124.30029296875,69.14305877685547,0.4418172836303711
1776175867753,0.3372499942779541,0.0,5124.64697265625,69.03605651855469,0.44189825654029846
1776175867773,0.361050009727478,0.0,5124.935546875,68.96973419189453,0.4419959485530853
1776175867793,0.3769499957561493,0.0,5125.5693359375,68.92418670654297,0.4421745240688324
1776175867813,0.38885000348091125,0.0,5125.91455078125,68.90055847167969,0.4422558546066284
1776175867834,0.3928000032901764,0.0,5126.2021484375,68.90162658691406,0.4423538148403168
1776175867853,0.3928000032901764,0.0,5126.54736328125,68.91299438476562,0.4424351453781128
1776175867873,0.3928000032901764,0.0,5126.8349609375,68.93746185302734,0.4425329864025116
1776175867893,0.3968000113964081,0.0,5127.4677734375,68.97291564941406,0.4427124261856079
1776175867913,0.4007500112056732,0.0,5127.81298828125,69.0262451171875,0.442810595035553
1776175867933,0.4007500112056732,0.0,5128.158203125,69.08955383300781,0.44289183616638184
1776175867953,0.38885000348091125,0.0,5128.44580078125,69.15193176269531,0.4429906904697418
1776175867974,0.38089999556541443,0.0,5128.791015625,69.21539306640625,0.44307205080986023
1776175867993,0.37299999594688416,0.0,5129.4248046875,69.25782012939453,0.4432520270347595
1776175868013,0.3650500178337097,0.0,5129.712890625,69.2822494506836,0.4433506429195404
1776175868034,0.3452000021934509,0.0,5130.05859375,69.30513000488281,0.44343289732933044
1776175868053,0.31744998693466187,0.0,5130.3466796875,69.32063293457031,0.44353049993515015
1776175868073,0.29760000109672546,0.0,5130.6923828125,69.31648254394531,0.4436293840408325
1776175868093,0.26980000734329224,0.0,5131.326171875,69.2903060913086,0.44381073117256165
1776175868113,0.24994999170303345,0.0,5131.671875,69.2353515625,0.44389280676841736
1776175868134,0.2301500141620636,0.0,5131.9599609375,69.18499755859375,0.44399112462997437
1776175868153,0.20634999871253967,0.0,5132.30517578125,69.12771606445312,0.44407278299331665
1776175868174,0.18650001287460327,0.0,5132.5927734375,69.0606689453125,0.4441715180873871
1776175868193,0.18250000476837158,0.0,5133.224609375,68.99274444580078,0.44435203075408936
1776175868213,0.18250000476837158,0.0,5133.56884765625,68.91839599609375,0.4444501996040344
1776175868234,0.1904500126838684,0.0,5133.9130859375,68.85322570800781,0.4445326328277588
1776175868253,0.19840002059936523,0.0,5134.19970703125,68.79776763916016,0.4446304142475128
1776175868273,0.19840002059936523,0.0,5134.54345703125,68.73411560058594,0.44471290707588196
1776175868293,0.19840002059936523,0.0,5135.1728515625,68.6646728515625,0.44489210844039917
1776175868313,0.19840002059936523,0.0,5135.458984375,68.59969329833984,0.4449901580810547
1776175868333,0.1904500126838684,0.0,5135.8017578125,68.5232925415039,0.44507089257240295
1776175868353,0.18650001287460327,0.0,5136.08740234375,68.45515441894531,0.4451692998409271
1776175868374,0.17855000495910645,0.0,5136.4296875,68.4009780883789,0.4452664852142334
1776175868393,0.17059999704360962,0.0,5137.05712890625,68.33721923828125,0.44544517993927
1776175868413,0.16269999742507935,0.0,5137.39892578125,68.27315521240234,0.4455273151397705
1776175868433,0.15080001950263977,0.0,5137.68359375,68.20558166503906,0.44562429189682007
1776175868453,0.14285001158714294,0.0,5138.02490234375,68.13400268554688,0.44570469856262207
1776175868473,0.14285001158714294,0.0,5138.30908203125,68.0783462524414,0.44580209255218506
1776175868494,0.13885000348091125,0.0,5138.93310546875,68.02214813232422,0.44597944617271423
1776175868513,0.15080001950263977,0.0,5139.27294921875,67.96267700195312,0.4460766613483429
1776175868534,0.16269999742507935,0.0,5139.6123046875,67.89022827148438,0.446156769990921
1776175868553,0.1904500126838684,0.0,5139.89501953125,67.8414077758789,0.4462539851665497
1776175868574,0.23805001378059387,0.0,5140.23388671875,67.7978744506836,0.4463340938091278
1776175868593,0.289650022983551,0.0,5140.8544921875,67.75300598144531,0.44651055335998535
1776175868613,0.35315001010894775,0.0,5141.13623046875,67.70714569091797,0.4466072618961334
1776175868634,0.40869998931884766,0.0,5141.47412109375,67.67476654052734,0.4467039406299591
1776175868653,0.4681999981403351,0.0,5141.8115234375,67.67545318603516,0.44678449630737305
1776175868673,0.5077999830245972,0.0,5142.0927734375,67.70915985107422,0.4468800723552704
1776175868693,0.5468500256538391,0.0,5142.7119140625,67.7618179321289,0.44705766439437866
1776175868713,0.5859500169754028,0.0,5143.0498046875,67.82147216796875,0.4471367597579956
1776175868734,0.6054499745368958,0.0,5143.33203125,67.89704895019531,0.44723427295684814
1776175868753,0.6172000169754028,0.0,5143.6708984375,68.00341796875,0.44731608033180237
1776175868773,0.6327999830245972,0.0,5143.95361328125,68.15006256103516,0.4474111795425415
1776175868793,0.6366999745368958,0.0,5144.57763671875,68.27017974853516,0.4475897252559662
1776175868813,0.6405999660491943,0.0,5144.9189453125,68.41552734375,0.4476870000362396
1776175868834,0.6405999660491943,0.0,5145.26123046875,68.57534790039062,0.4477665424346924
1776175868853,0.6405999660491943,0.0,5145.546875,68.72232818603516,0.4478640854358673
1776175868874,0.6405999660491943,0.0,5145.89013671875,68.90572357177734,0.4479457139968872
1776175868893,0.6405999660491943,0.0,5146.521484375,69.09117889404297,0.4481419622898102
1776175868913,0.6405999660491943,0.0,5146.8671875,69.24596405029297,0.4482229948043823
1776175868934,0.6405999660491943,0.0,5147.15576171875,69.42977905273438,0.4483213424682617
1776175868953,0.6366999745368958,0.0,5147.50244140625,69.6174087524414,0.4484027922153473
1776175868973,0.6327999830245972,0.0,5147.7919921875,69.78035736083984,0.4485016465187073
1776175868993,0.6327999830245972,0.0,5148.4306640625,69.9761962890625,0.44868364930152893
1776175869013,0.6288999915122986,0.0,5148.77978515625,70.1724853515625,0.44876721501350403
1776175869034,0.625,0.0,5149.0712890625,70.36935424804688,0.44886690378189087
1776175869053,0.625,0.0,5149.421875,70.53711700439453,0.44894954562187195
1776175869073,0.625,0.0,5149.71435546875,70.7084732055664,0.4490504264831543
1776175869093,0.625,0.0,5150.359375,70.80889129638672,0.4492347240447998
1776175869113,0.625,0.0,5150.7119140625,70.9246597290039,0.44933435320854187
1776175869135,0.625,0.0,5151.0654296875,71.06983184814453,0.4494183361530304
1776175869153,0.6288999915122986,0.0,5151.3603515625,71.2148208618164,0.44951996207237244
1776175869173,0.6405999660491943,0.0,5151.71533203125,71.39755249023438,0.4496043920516968
1776175869195,0.65625,0.0,5152.3681640625,71.56104278564453,0.44980713725090027
1776175869213,0.6640499830245972,0.0,5152.72509765625,71.7343978881836,0.4498917758464813
1776175869233,0.6836000084877014,0.0,5153.0234375,71.9505615234375,0.449993371963501
1776175869253,0.6952999830245972,0.0,5153.38232421875,72.14276885986328,0.4500788450241089
1776175869279,0.7070499658584595,0.0,5154.04248046875,72.36660766601562,0.4502676725387573
1776175869295,0.7109500169754028,0.0,5154.34326171875,72.51587677001953,0.45036983489990234
1776175869313,0.71875,0.0,5154.70556640625,72.74248504638672,0.4504554271697998
1776175869334,0.7226499915122986,0.0,5155.00830078125,72.98469543457031,0.45056086778640747
1776175869353,0.7265499830245972,0.0,5155.3720703125,73.19426727294922,0.4506639242172241
1776175869374,0.7265499830245972,0.0,5155.7373046875,73.42121124267578,0.4507509171962738
1776175869393,0.7265499830245972,0.0,5156.4091796875,73.60179901123047,0.45094192028045654
1776175869413,0.7265499830245972,0.0,5156.7158203125,73.80966186523438,0.45104753971099854
1776175869435,0.7265499830245972,0.0,5157.08447265625,74.01608276367188,0.45113587379455566
1776175869453,0.7265499830245972,0.0,5157.392578125,74.1766357421875,0.45124194025993347
1776175869473,0.7304499745368958,0.0,5157.76318359375,74.34974670410156,0.4513314962387085
1776175869493,0.7304499745368958,0.0,5158.44482421875,74.53966522216797,0.45154210925102234
1776175869514,0.7343499660491943,0.0,5158.81787109375,74.7053451538086,0.4516296684741974
1776175869534,0.7343499660491943,0.0,5159.12939453125,74.87185668945312,0.4517366588115692
1776175869553,0.7343499660491943,0.0,5159.50390625,75.0211181640625,0.45182591676712036
1776175869573,0.7343499660491943,0.0,5159.81689453125,75.1467514038086,0.4519331753253937
1776175869593,0.7343499660491943,0.0,5160.5068359375,75.29995727539062,0.4521297514438629
1776175869613,0.7343499660491943,0.0,5160.88427734375,75.45851135253906,0.4522189795970917
1776175869633,0.7382999658584595,0.0,5161.19921875,75.58692932128906,0.45232799649238586
1776175869653,0.7422000169754028,0.0,5161.578125,75.71757507324219,0.452435165643692
1776175869673,0.7422000169754028,0.0,5161.95751953125,75.8459701538086,0.4525260329246521
1776175869693,0.7461000084877014,0.0,5162.654296875,75.9687728881836,0.4527244567871094
1776175869713,0.7461000084877014,0.0,5162.9716796875,76.12507629394531,0.45283418893814087
1776175869734,0.7461000084877014,0.0,5163.35302734375,76.26675415039062,0.45292332768440247
1776175869753,0.7461000084877014,0.0,5163.67138671875,76.38114929199219,0.45303285121917725
1776175869774,0.7461000084877014,0.0,5164.0537109375,76.55968475341797,0.4531257450580597
1776175869793,0.7461000084877014,0.0,5164.755859375,76.75897979736328,0.45334357023239136
1776175869813,0.7461000084877014,0.0,5165.1396484375,76.91976165771484,0.4534359574317932
1776175869834,0.7461000084877014,0.0,5165.4599609375,77.10845184326172,0.4535457491874695
1776175869853,0.7461000084877014,0.0,5165.8447265625,77.26644897460938,0.45363757014274597
1776175869874,0.7422000169754028,0.0,5166.166015625,77.41961669921875,0.45374763011932373
1776175869894,0.7382999658584595,0.0,5166.87353515625,77.56619262695312,0.4539532959461212
1776175869914,0.7148500084877014,0.0,5167.2607421875,77.75218963623047,0.4540458619594574
1776175869934,0.6836000084877014,0.0,5167.583984375,77.93478393554688,0.4541575014591217
1776175869953,0.6366999745368958,0.0,5167.97216796875,78.06586456298828,0.4542695879936218
1776175869973,0.5820499658584595,0.0,5168.361328125,78.17841339111328,0.454362690448761
1776175869994,0.5195500254631042,0.0,5169.01123046875,78.25484466552734,0.4545692503452301
1776175870016,0.4959999918937683,0.0,5169.40185546875,78.31522369384766,0.4546813666820526
1776175870034,0.46424999833106995,0.0,5169.79296875,78.38028717041016,0.4547750651836395
1776175870053,0.44440001249313354,0.0,5170.119140625,78.39215087890625,0.45488759875297546
1776175870075,0.44440001249313354,0.0,5170.51123046875,78.39742279052734,0.45498281717300415
1776175870093,0.4562999904155731,0.0,5171.23095703125,78.38512420654297,0.45520803332328796
1776175870113,0.46424999833106995,0.0,5171.6240234375,78.35490417480469,0.45530030131340027
1776175870134,0.46024999022483826,0.0,5171.95166015625,78.32689666748047,0.4554142653942108
1776175870153,0.4562999904155731,0.0,5172.34521484375,78.29956817626953,0.45550787448883057
1776175870173,0.4404500126838684,0.0,5172.67333984375,78.2911605834961,0.4556208848953247
1776175870193,0.42454999685287476,0.0,5173.39599609375,78.29396057128906,0.45582684874534607
1776175870214,0.4126499891281128,0.0,5173.7900390625,78.306396484375,0.45592001080513
1776175870236,0.40869998931884766,0.0,5174.11865234375,78.34475708007812,0.4560317099094391
1776175870253,0.40470001101493835,0.0,5174.5126953125,78.38467407226562,0.45614466071128845
1776175870273,0.40470001101493835,0.0,5174.90673828125,78.42330932617188,0.4562380611896515
1776175870293,0.40470001101493835,0.0,5175.62841796875,78.44683074951172,0.45644325017929077
1776175870313,0.4205999970436096,0.0,5175.95654296875,78.47283935546875,0.4565567672252655
1776175870334,0.44440001249313354,0.0,5176.35009765625,78.50111389160156,0.4566492736339569
1776175870353,0.46024999022483826,0.0,5176.677734375,78.5345458984375,0.4567619562149048
1776175870374,0.48410001397132874,0.0,5177.0712890625,78.56120300292969,0.45685529708862305
1776175870393,0.4959999918937683,0.0,5177.79248046875,78.6045150756836,0.45707935094833374
1776175870413,0.49994999170303345,0.0,5178.18603515625,78.64481353759766,0.45717424154281616
1776175870433,0.4959999918937683,0.0,5178.51416015625,78.72535705566406,0.4572855234146118
1776175870454,0.48805001378059387,0.0,5178.90869140625,78.7929458618164,0.45737916231155396
1776175870474,0.48010000586509705,0.0,5179.2373046875,78.82537841796875,0.45749253034591675
1776175870493,0.4721499979496002,0.0,5179.9609375,78.85394287109375,0.4576987624168396
1776175870514,0.46424999833106995,0.0,5180.35546875,78.86876678466797,0.45779284834861755
1776175870534,0.46024999022483826,0.0,5180.68408203125,78.91405487060547,0.4579041600227356
1776175870553,0.44440001249313354,0.0,5181.07861328125,78.94744873046875,0.4580163061618805
1776175870574,0.42855000495910645,0.0,5181.47314453125,78.9428939819336,0.4581095278263092
1776175870593,0.4126499891281128,0.0,5182.19677734375,78.92859649658203,0.45831531286239624
1776175870614,0.40470001101493835,0.0,5182.525390625,78.90008544921875,0.4584270417690277
1776175870635,0.3928000032901764,0.0,5182.919921875,78.87518310546875,0.45852068066596985
1776175870654,0.38089999556541443,0.0,5183.24853515625,78.87141418457031,0.4586324691772461
1776175870673,0.3769499957561493,0.0,5183.64306640625,78.86066436767578,0.4587239921092987
1776175870694,0.36900001764297485,0.0,5184.3662109375,78.83967590332031,0.45894744992256165
1776175870713,0.3650500178337097,0.0,5184.7607421875,78.81737518310547,0.4590400755405426
1776175870734,0.361050009727478,0.0,5185.08935546875,78.7885513305664,0.4591507911682129
1776175870753,0.361050009727478,0.0,5185.4833984375,78.75576782226562,0.4592437446117401
1776175870773,0.36900001764297485,0.0,5185.8115234375,78.70732879638672,0.4593546390533447
1776175870793,0.37299999594688416,0.0,5186.53271484375,78.65962219238281,0.4595582187175751
1776175870813,0.38089999556541443,0.0,5186.92578125,78.61358642578125,0.4596486985683441
1776175870835,0.40470001101493835,0.0,5187.25341796875,78.57176208496094,0.45975983142852783
1776175870853,0.4364500045776367,0.0,5187.64599609375,78.50750732421875,0.4598705768585205
1776175870873,0.4681999981403351,0.0,5188.03857421875,78.42816925048828,0.4599621295928955
1776175870896,0.5,0.0,5188.69189453125,78.40252685546875,0.4601634442806244
1776175870915,0.5116999745368958,0.0,5189.083984375,78.35728454589844,0.46027296781539917
1776175870934,0.5351499915122986,0.0,5189.47607421875,78.32315826416016,0.4603644609451294
1776175870953,0.5547000169754028,0.0,5189.802734375,78.30763244628906,0.46047449111938477
1776175870975,0.5780999660491943,0.0,5190.19482421875,78.30228424072266,0.46058356761932373
1776175870993,0.5820499658584595,0.0,5190.91357421875,78.31511688232422,0.46078523993492126
1776175871015,0.5859500169754028,0.0,5191.3056640625,78.33072662353516,0.46087658405303955
1776175871035,0.5859500169754028,0.0,5191.63232421875,78.34331512451172,0.46098652482032776
1776175871054,0.5780999660491943,0.0,5192.0244140625,78.36666870117188,0.4610777199268341
1776175871074,0.5741999745368958,0.0,5192.35107421875,78.39491271972656,0.4611876904964447
1776175871093,0.5741999745368958,0.0,5193.06982421875,78.41704559326172,0.46138784289360046
1776175871113,0.5741999745368958,0.0,5193.4619140625,78.44571685791016,0.4614785611629486
1776175871134,0.5741999745368958,0.0,5193.78857421875,78.48448181152344,0.4615882635116577
1776175871153,0.5741999745368958,0.0,5194.1806640625,78.50740814208984,0.4616975486278534
1776175871176,0.5741999745368958,0.0,5194.57275390625,78.5495834350586,0.46178919076919556
1776175871194,0.5741999745368958,0.0,5195.2919921875,78.59757995605469,0.461989164352417
1776175871216,0.5741999745368958,0.0,5195.619140625,78.64266967773438,0.46209976077079773
1776175871234,0.5741999745368958,0.0,5196.01171875,78.66613006591797,0.46219122409820557
1776175871253,0.5741999745368958,0.0,5196.3388671875,78.68319702148438,0.4623013436794281
1776175871277,0.5702999830245972,0.0,5196.7314453125,78.72412872314453,0.4623924493789673
1776175871294,0.5625,0.0,5197.4521484375,78.74788665771484,0.462611585855484
1776175871315,0.5586000084877014,0.0,5197.84521484375,78.7706298828125,0.4627026319503784
1776175871335,0.5547000169754028,0.0,5198.1728515625,78.80528259277344,0.4628124237060547
1776175871353,0.5547000169754028,0.0,5198.56640625,78.8613510131836,0.4629047214984894
1776175871373,0.5586000084877014,0.0,5198.89453125,78.89794158935547,0.4630136489868164
1776175871395,0.5625,0.0,5199.6171875,78.93553924560547,0.46321621537208557
1776175871415,0.5702999830245972,0.0,5200.01123046875,78.97084045410156,0.4633069932460785
1776175871433,0.5820499658584595,0.0,5200.33984375,78.9994125366211,0.463417649269104
1776175871453,0.6172000169754028,0.0,5200.734375,79.03607177734375,0.4635271430015564
1776175871474,0.6797000169754028,0.0,5201.12939453125,79.0939712524414,0.463618665933609
1776175871494,0.7422000169754028,0.0,5201.85400390625,79.16326141357422,0.4638216197490692
1776175871516,0.8047000169754028,0.0,5202.18359375,79.28009796142578,0.46393269300460815
1776175871536,0.8554500341415405,0.0,5202.57958984375,79.41766357421875,0.46402400732040405
1776175871553,0.8867000341415405,0.0,5202.91015625,79.53435516357422,0.4641338884830475
1776175871575,0.9257999658584595,0.0,5203.30712890625,79.71564483642578,0.4642269015312195
1776175871595,0.9609500169754028,0.0,5204.037109375,79.912841796875,0.46444833278656006
1776175871617,1.0,0.0,5204.4365234375,80.15744018554688,0.4645415246486664
1776175871634,1.0,0.0,5204.77001953125,80.30757904052734,0.4646538496017456
1776175871653,1.0,0.0,5205.1708984375,80.51510620117188,0.46474677324295044
1776175871674,1.0,0.0,5205.50537109375,80.69287872314453,0.4648592174053192
1776175871695,1.0,0.0,5206.24365234375,80.92504119873047,0.46506550908088684
1776175871717,1.0,0.0,5206.64794921875,81.10623931884766,0.4651786684989929
1776175871734,1.0,0.0,5207.052734375,81.26318359375,0.46527257561683655
1776175871753,1.0,0.0,5207.390625,81.49998474121094,0.4653860032558441
1776175871774,1.0,0.0,5207.79736328125,81.7163314819336,0.46548113226890564
1776175871794,1.0,0.0,5208.54541015625,81.90667724609375,0.4656906723976135
1776175871813,1.0,0.0,5208.88623046875,82.07574462890625,0.46580368280410767
1776175871836,1.0,0.0,5209.2958984375,82.31122589111328,0.4659002721309662
1776175871853,1.0,0.0,5209.63818359375,82.4544677734375,0.4660145342350006
1776175871873,1.0,0.0,5210.0498046875,82.6551742553711,0.46612897515296936
1776175871893,1.0,0.0,5210.806640625,82.85317993164062,0.4663408100605011
1776175871913,1.0,0.0,5211.220703125,83.00756072998047,0.46643760800361633
1776175871935,1.0,0.0,5211.56640625,83.17503356933594,0.4665544629096985
1776175871954,1.0,0.0,5211.9814453125,83.34407806396484,0.46665051579475403
1776175871974,1.0,0.0,5212.328125,83.5157470703125,0.46676716208457947
1776175871993,1.0,0.0,5213.09228515625,83.66166687011719,0.46698081493377686
1776175872013,1.0,0.0,5213.51025390625,83.83242797851562,0.4670778214931488
1776175872035,1.0,0.0,5213.85888671875,84.00304412841797,0.4671943783760071
1776175872053,1.0,0.0,5214.27783203125,84.15219116210938,0.46731266379356384
1776175872073,1.0,0.0,5214.69775390625,84.32090759277344,0.46741020679473877
1776175872093,1.0,0.0,5215.4697265625,84.46475982666016,0.46762633323669434
1776175872113,1.0,0.0,5215.8212890625,84.63582611083984,0.46774378418922424
1776175872133,1.0,0.0,5216.244140625,84.81863403320312,0.4678437113761902
1776175872153,1.0,0.0,5216.59716796875,84.98111724853516,0.46796220541000366
1776175872175,1.0,0.0,5217.021484375,85.17818450927734,0.4680604338645935
1776175872193,1.0,0.0,5217.80224609375,85.38420867919922,0.4682995080947876
1776175872213,1.0,0.0,5218.2294921875,85.55973815917969,0.46839913725852966
1776175872234,1.0,0.0,5218.5859375,85.75690460205078,0.46851977705955505
1776175872254,1.0,0.0,5219.0146484375,85.94344329833984,0.4686196744441986
1776175872273,1.0,0.0,5219.37255859375,86.10182189941406,0.46874043345451355
1776175872293,1.0,0.0,5220.16162109375,86.29068756103516,0.46896159648895264
1776175872314,1.0,0.0,5220.59326171875,86.49211120605469,0.46906280517578125
1776175872334,1.0,0.0,5220.95361328125,86.70278930664062,0.4691844582557678
1776175872353,1.0,0.0,5221.38671875,86.88780212402344,0.4693061113357544
1776175872373,1.0,0.0,5221.8203125,87.11359405517578,0.4694071412086487
1776175872393,1.0,0.0,5222.6181640625,87.31645965576172,0.4696309566497803
1776175872415,1.0,0.0,5222.98193359375,87.58433532714844,0.46975311636924744
1776175872434,1.0,0.0,5223.41943359375,87.77641296386719,0.46985572576522827
1776175872453,1.0,0.0,5223.78466796875,87.96823120117188,0.4699791967868805
1776175872473,1.0,0.0,5224.22412109375,88.20475006103516,0.47008228302001953
1776175872493,1.0,0.0,5225.0322265625,88.45626831054688,0.47033077478408813
1776175872516,1.0,0.0,5225.474609375,88.71615600585938,0.4704344570636749
1776175872533,1.0,0.0,5225.84423828125,88.95368957519531,0.47055989503860474
1776175872553,1.0,0.0,5226.28857421875,89.26543426513672,0.47066357731819153
1776175872573,1.0,0.0,5226.65966796875,89.5721664428711,0.47078901529312134
1776175872593,1.0,0.0,5227.47900390625,89.9544677734375,0.47102034091949463
1776175872614,1.0,0.0,5227.92822265625,90.33519744873047,0.47112545371055603
1776175872636,1.0,0.0,5228.3037109375,90.70339965820312,0.4712523818016052
1776175872653,1.0,0.0,5228.755859375,91.02320098876953,0.4713797867298126
1776175872674,1.0,0.0,5229.2099609375,91.38046264648438,0.4714858829975128
1776175872693,1.0,0.0,5230.04638671875,91.65523529052734,0.4717215895652771
1776175872713,1.0,0.0,5230.42822265625,91.97486877441406,0.47185102105140686
1776175872734,1.0,0.0,5230.88720703125,92.30181121826172,0.4719589650630951
1776175872754,1.0,0.0,5231.27099609375,92.60556030273438,0.4720896780490875
1776175872773,1.0,0.0,5231.732421875,92.84761810302734,0.4721977114677429
1776175872793,1.0,0.0,5232.58203125,93.12663269042969,0.47245877981185913
1776175872813,1.0,0.0,5233.046875,93.3832015991211,0.4725681245326996
1776175872833,1.0,0.0,5233.435546875,93.69391632080078,0.4726997911930084
1776175872853,1.0,0.0,5233.90283203125,94.00141906738281,0.4728100001811981
1776175872876,1.0,0.0,5234.29345703125,94.30699157714844,0.47294124960899353
1776175872893,1.0,0.0,5235.15625,94.5733413696289,0.47318482398986816
1776175872915,1.0,0.0,5235.62890625,94.87903594970703,0.47329556941986084
1776175872934,1.0,0.0,5236.0234375,95.18608856201172,0.4734283983707428
1776175872953,1.0,0.0,5236.49853515625,95.44984436035156,0.4735610783100128
1776175872974,1.0,0.0,5236.974609375,95.74089050292969,0.47367236018180847
1776175872993,1.0,0.0,5237.85107421875,95.97278594970703,0.47391846776008606
1776175873013,1.0,0.0,5238.25048828125,96.2483139038086,0.47405433654785156
1776175873034,1.0,0.0,5238.73095703125,96.51567077636719,0.47416701912879944
1776175873053,0.9726499915122986,0.0,5239.13232421875,96.75057983398438,0.47430211305618286
1776175873074,0.9140499830245972,0.0,5239.615234375,97.02465057373047,0.47441524267196655
1776175873093,0.8554500341415405,0.0,5240.0185546875,97.29090881347656,0.4745505154132843
1776175873113,0.8007999658584595,0.0,5240.9892578125,97.47900390625,0.4748007655143738
1776175873135,0.7422000169754028,0.0,5241.39501953125,97.7015380859375,0.4749370515346527
1776175873153,0.7070499658584595,0.0,5241.8828125,97.64260864257812,0.47507357597351074
1776175873174,0.6952999830245972,0.0,5242.37060546875,97.57837677001953,0.4751872420310974
1776175873193,0.7148500084877014,0.0,5242.77685546875,97.49760437011719,0.47532379627227783
1776175873214,0.7734500169754028,0.0,5243.6689453125,97.41509246826172,0.47557342052459717
1776175873234,0.8515499830245972,0.0,5244.15478515625,97.32730102539062,0.475686252117157
1776175873253,0.9218499660491943,0.0,5244.5595703125,97.2488021850586,0.4758221507072449
1776175873274,1.0,0.0,5245.044921875,97.16141510009766,0.4759352505207062
1776175873293,1.0,0.0,5245.44921875,97.08792114257812,0.47607094049453735
1776175873313,1.0,0.0,5246.337890625,97.00568389892578,0.47632044553756714
1776175873333,1.0,0.0,5246.822265625,96.92283630371094,0.4764561057090759
1776175873353,1.0,0.0,5247.306640625,96.8526611328125,0.4765690863132477
1776175873373,1.0,0.0,5247.7099609375,96.77156829833984,0.4767036736011505
1776175873393,1.0,0.0,5248.19384765625,96.97891998291016,0.47681739926338196
1776175873413,1.0,0.0,5249.0810546875,97.32083129882812,0.4770883619785309
1776175873433,1.0,0.0,5249.486328125,97.63827514648438,0.47720131278038025
1776175873455,1.0,0.0,5249.97412109375,97.990478515625,0.47733813524246216
1776175873476,1.0,0.0,5250.46337890625,98.36956787109375,0.47745180130004883
1776175873494,1.0,0.0,5250.87255859375,98.70645904541016,0.47758948802948
1776175873515,1.0,0.0,5251.77685546875,99.02603149414062,0.47784191370010376
1776175873534,1.0,0.0,5252.2724609375,99.28778839111328,0.47795769572257996
1776175873553,1.0,0.0,5252.68603515625,99.49388122558594,0.4780965745449066
1776175873575,1.0,0.0,5253.18359375,99.72601318359375,0.47823402285575867
1776175873593,1.0,0.0,5253.5986328125,99.91639709472656,0.4783497154712677
1776175873613,1.0,0.0,5254.59716796875,100.15403747558594,0.4786059260368347
1776175873635,1.0,0.0,5255.01416015625,100.37699890136719,0.47874733805656433
1776175873654,1.0,0.0,5255.515625,100.57281494140625,0.4788648784160614
1776175873674,1.0,0.0,5255.93408203125,100.76264953613281,0.4790056049823761
1776175873694,1.0,0.0,5256.43701171875,101.00736236572266,0.4791226387023926
1776175873715,1.0,0.0,5257.361328125,101.21114349365234,0.479381799697876
1776175873733,1.0,0.0,5257.78271484375,101.4271469116211,0.4795244336128235
1776175873753,1.0,0.0,5258.2890625,101.64273834228516,0.47966626286506653
1776175873774,1.0,0.0,5258.79638671875,101.83358001708984,0.4797840714454651
1776175873793,1.0,0.0,5259.22021484375,102.07154846191406,0.4799264669418335
1776175873814,1.0,0.0,5260.15478515625,102.30118560791016,0.4801873564720154
1776175873834,1.0,0.0,5260.666015625,102.53986358642578,0.4803082048892975
1776175873853,1.0,0.0,5261.0927734375,102.73226165771484,0.4804522693157196
1776175873874,1.0,0.0,5261.60595703125,102.93460845947266,0.4805719256401062
1776175873894,1.0,0.0,5262.0341796875,103.14424133300781,0.48071569204330444
1776175873914,1.0,0.0,5263.06396484375,103.33919525146484,0.48098024725914
1776175873934,1.0,0.0,5263.494140625,103.56219482421875,0.481125146150589
1776175873953,1.0,0.0,5264.01123046875,103.7352294921875,0.4812462329864502
1776175873973,1.0,0.0,5264.44287109375,103.94770812988281,0.48139116168022156
1776175873993,1.0,0.0,5264.96142578125,104.17167663574219,0.48151272535324097
1776175874013,1.0,0.0,5265.9150390625,104.3685302734375,0.4817787706851959
1776175874034,1.0,0.0,5266.349609375,104.59745788574219,0.4819265604019165
1776175874054,1.0,0.0,5266.8720703125,104.82544708251953,0.4820476174354553
1776175874074,1.0,0.0,5267.30810546875,105.02506256103516,0.48219454288482666
1776175874094,1.0,0.0,5267.83251953125,105.25361633300781,0.4823419153690338
1776175874114,1.0,0.0,5268.79638671875,105.48332214355469,0.48261281847953796
1776175874134,1.0,0.0,5269.3232421875,105.71556854248047,0.48273488879203796
1776175874153,1.0,0.0,5269.76318359375,105.9171371459961,0.4828830659389496
1776175874173,1.0,0.0,5270.2919921875,106.15267181396484,0.48303109407424927
1776175874193,1.0,0.0,5270.82177734375,106.36116027832031,0.48315542936325073
1776175874218,1.0,0.0,5271.7958984375,106.70053100585938,0.4834272265434265
1776175874233,1.0,0.0,5272.240234375,106.87983703613281,0.4835760295391083
1776175874254,1.0,0.0,5272.7744140625,107.07797241210938,0.48370084166526794
1776175874273,1.0,0.0,5273.22021484375,107.32219696044922,0.48385074734687805
1776175874293,1.0,0.0,5273.755859375,107.58598327636719,0.48397544026374817
1776175874314,1.0,0.0,5274.74072265625,107.79833984375,0.4842759072780609
1776175874334,1.0,0.0,5275.27978515625,108.03050994873047,0.484401673078537
1776175874353,1.0,0.0,5275.7294921875,108.27156829833984,0.48455166816711426
1776175874374,1.0,0.0,5276.27001953125,108.48612213134766,0.48467782139778137
1776175874394,1.0,0.0,5276.72119140625,108.7395248413086,0.4848289489746094
1776175874413,1.0,0.0,5277.716796875,108.98575592041016,0.4851079285144806
1776175874435,1.0,0.0,5278.26123046875,109.23697662353516,0.48523440957069397
1776175874453,1.0,0.0,5278.7158203125,109.45294952392578,0.48538681864738464
1776175874474,1.0,0.0,5279.2626953125,109.70470428466797,0.4855404794216156
1776175874493,1.0,0.0,5279.810546875,109.92274475097656,0.4856669008731842
1776175874513,1.0,0.0,5280.81787109375,110.17436218261719,0.4859485328197479
1776175874534,1.0,0.0,5281.27685546875,110.42366027832031,0.48610249161720276
1776175874553,1.0,0.0,5281.82861328125,110.63261413574219,0.48623088002204895
1776175874574,1.0,0.0,5282.2890625,110.8748550415039,0.48638415336608887
1776175874593,1.0,0.0,5282.8427734375,111.11822509765625,0.48651352524757385
1776175874617,1.0,0.0,5283.85986328125,111.37528228759766,0.48679739236831665
1776175874635,1.0,0.0,5284.3232421875,111.6334228515625,0.48695266246795654
1776175874653,1.0,0.0,5284.88037109375,111.83596801757812,0.48710963129997253
1776175874673,1.0,0.0,5285.4384765625,112.0382308959961,0.4872392416000366
1776175874693,1.0,0.0,5285.904296875,112.28569030761719,0.4873965382575989
1776175874714,1.0,0.0,5286.93212890625,112.52799987792969,0.48768287897109985
1776175874734,1.0,0.0,5287.494140625,112.78253936767578,0.48781317472457886
1776175874753,1.0,0.0,5287.96337890625,113.00459289550781,0.4879702925682068
1776175874774,1.0,0.0,5288.52734375,113.2538070678711,0.4881303012371063
1776175874793,1.0,0.0,5289.0927734375,113.4595947265625,0.48826178908348083
1776175874813,1.0,0.0,5290.13134765625,113.69374084472656,0.48855212330818176
1776175874834,1.0,0.0,5290.6044921875,113.9354248046875,0.48871132731437683
1776175874853,1.0,0.0,5291.17333984375,114.1462173461914,0.48884424567222595
1776175874874,1.0,0.0,5291.6484375,114.3849868774414,0.48900485038757324
1776175874893,1.0,0.0,5292.21923828125,114.62682342529297,0.4891375005245209
1776175874915,1.0,0.0,5293.2685546875,114.87518310546875,0.4894583225250244
1776175874934,1.0,0.0,5293.74658203125,115.07783508300781,0.48959362506866455
1776175874953,1.0,0.0,5294.3212890625,115.31825256347656,0.48975419998168945
1776175874974,1.0,0.0,5294.89697265625,115.5582046508789,0.48988962173461914
1776175874993,1.0,0.0,5295.37744140625,115.75999450683594,0.49005329608917236
1776175875013,1.0,0.0,5296.4375,115.98837280273438,0.49035027623176575
1776175875036,1.0,0.0,5297.01708984375,116.21211242675781,0.4904879033565521
1776175875053,1.0,0.0,5297.5009765625,116.41401672363281,0.4906485378742218
1776175875073,1.0,0.0,5298.08251953125,116.64604187011719,0.4908135235309601
1776175875093,1.0,0.0,5298.56787109375,116.830810546875,0.4909507930278778
1776175875113,1.0,0.0,5299.73486328125,117.05241394042969,0.4912521243095398
1776175875134,1.0,0.0,5300.22216796875,117.28358459472656,0.491416871547699
1776175875153,1.0,0.0,5300.80810546875,117.48274993896484,0.4915532171726227
1776175875174,1.0,0.0,5301.296875,117.70230102539062,0.49171948432922363
1776175875193,1.0,0.0,5301.88427734375,117.918701171875,0.491856187582016
1776175875213,1.0,0.0,5302.9638671875,118.10648345947266,0.49218806624412537
1776175875235,1.0,0.0,5303.55419921875,118.35997772216797,0.4923270642757416
1776175875254,1.0,0.0,5304.046875,118.54531860351562,0.49249371886253357
1776175875273,1.0,0.0,5304.638671875,118.72465515136719,0.49263182282447815
1776175875293,1.0,0.0,5305.1328125,118.94097900390625,0.4927990734577179
1776175875315,1.0,0.0,5306.2216796875,119.16548156738281,0.4931061863899231
1776175875334,1.0,0.0,5306.81689453125,119.35928344726562,0.49324601888656616
1776175875353,1.0,0.0,5307.3134765625,119.5733413696289,0.4934127628803253
1776175875374,1.0,0.0,5307.91064453125,119.77574920654297,0.4935803711414337
1776175875394,1.0,0.0,5308.50830078125,119.99362182617188,0.4937225878238678
1776175875415,1.0,0.0,5309.60693359375,120.22891998291016,0.4940296411514282
1776175875436,1.0,0.0,5310.107421875,120.44874572753906,0.4941980838775635
1776175875454,1.0,0.0,5310.70849609375,120.63004302978516,0.4943392276763916
1776175875473,1.0,0.0,5311.21044921875,120.81277465820312,0.4945095181465149
1776175875493,1.0,0.0,5311.8134765625,121.03479766845703,0.49464914202690125
1776175875515,1.0,0.0,5312.921875,121.2280044555664,0.49495983123779297
1776175875534,1.0,0.0,5313.4267578125,121.46504974365234,0.4951328635215759
1776175875553,1.0,0.0,5314.03369140625,121.69034576416016,0.4952729642391205
1776175875573,1.0,0.0,5314.5400390625,121.87715911865234,0.49544236063957214
1776175875595,1.0,0.0,5315.7578125,122.08660888671875,0.4957561492919922
1776175875614,1.0,0.0,5316.2666015625,122.29328918457031,0.4959278702735901
1776175875634,1.0,0.0,5316.8779296875,122.52312469482422,0.49607083201408386
1776175875653,1.0,0.0,5317.38818359375,122.71012878417969,0.49624350666999817
1776175875674,1.0,0.0,5318.00146484375,122.90913391113281,0.49641522765159607
1776175875693,1.0,0.0,5318.61572265625,123.13700103759766,0.4965587556362152
1776175875713,1.0,0.0,5319.744140625,123.3438491821289,0.49687620997428894
1776175875734,1.0,0.0,5320.2578125,123.56100463867188,0.4970490038394928
1776175875753,1.0,0.0,5320.875,123.75407409667969,0.49719348549842834
1776175875773,1.0,0.0,5321.39013671875,123.9764404296875,0.49736496806144714
1776175875793,1.0,0.0,5322.00927734375,124.19127655029297,0.49750834703445435
1776175875813,1.0,0.0,5323.146484375,124.36620330810547,0.49785640835762024
1776175875836,1.0,0.0,5323.76806640625,124.57325744628906,0.49800363183021545
1776175875853,1.0,0.0,5324.28662109375,124.78842163085938,0.4981764256954193
1776175875874,1.0,0.0,5324.90966796875,124.98284149169922,0.49832168221473694
1776175875893,1.0,0.0,5325.4296875,125.2236328125,0.49849653244018555
1776175875914,1.0,0.0,5326.576171875,125.43367767333984,0.4988175630569458
1776175875934,1.0,0.0,5327.203125,125.65328216552734,0.49896323680877686
1776175875953,1.0,0.0,5327.72607421875,125.84819030761719,0.49914026260375977
1776175875974,1.0,0.0,5328.3544921875,126.05767822265625,0.49931490421295166
1776175875993,1.0,0.0,5328.98388671875,126.22727966308594,0.4994625747203827
1776175876016,1.0,0.0,5330.1396484375,126.47720336914062,0.49978405237197876
1776175876033,1.0,0.0,5330.666015625,126.66220092773438,0.4999619424343109
1776175876054,1.0,0.0,5331.298828125,126.8701400756836,0.5001079440116882
1776175876073,1.0,0.0,5331.82666015625,127.06835174560547,0.5002875328063965
1776175876093,1.0,0.0,5332.4609375,127.29247283935547,0.5004346370697021
1776175876113,1.0,0.0,5333.62646484375,127.47694396972656,0.5007882714271545
1776175876135,1.0,0.0,5334.263671875,127.71855926513672,0.5009369254112244
1776175876156,1.0,0.0,5334.79541015625,127.88765716552734,0.5011140704154968
1776175876174,1.0,0.0,5335.4345703125,128.06028747558594,0.5012640953063965
1776175876193,1.0,0.0,5335.9677734375,128.26414489746094,0.5014422535896301
1776175876213,1.0,0.0,5337.14306640625,128.46209716796875,0.5017690658569336
1776175876234,1.0,0.0,5337.78515625,128.65850830078125,0.5019192695617676
1776175876254,1.0,0.0,5338.32080078125,128.85977172851562,0.5020971298217773
1776175876274,1.0,0.0,5338.96484375,129.0799102783203,0.5022770166397095
1776175876293,1.0,0.0,5339.60986328125,129.22898864746094,0.5024255514144897
1776175876316,1.0,0.0,5340.7939453125,129.426025390625,0.5027558207511902
1776175876334,1.0,0.0,5341.3330078125,129.59510803222656,0.502936065196991
1776175876353,1.0,0.0,5341.98046875,129.7765655517578,0.5030866861343384
1776175876373,1.0,0.0,5342.5205078125,129.97952270507812,0.5032694935798645
1776175876393,1.0,0.0,5343.16943359375,130.18032836914062,0.5034198760986328
1776175876414,1.0,0.0,5344.361328125,130.37167358398438,0.5037813782691956
1776175876435,1.0,0.0,5345.0126953125,130.53614807128906,0.5039325952529907
1776175876453,1.0,0.0,5345.55615234375,130.728515625,0.504115104675293
1776175876473,1.0,0.0,5346.208984375,130.90281677246094,0.5042667984962463
1776175876493,1.0,0.0,5346.75390625,131.09657287597656,0.5044494271278381
1776175876513,1.0,0.0,5347.9541015625,131.28453063964844,0.504784345626831
1776175876534,1.0,0.0,5348.60986328125,131.4636688232422,0.5049378871917725
1776175876553,1.0,0.0,5349.1572265625,131.63768005371094,0.5051201581954956
1776175876574,1.0,0.0,5349.81494140625,131.83888244628906,0.5053046345710754
1776175876594,1.0,0.0,5350.47314453125,132.00502014160156,0.5054584741592407
1776175876613,1.0,0.0,5351.68212890625,132.19496154785156,0.505797266960144
1776175876633,0.8242000341415405,0.0,5352.232421875,132.3736114501953,0.5059818029403687
1776175876653,0.5038999915122986,0.0,5352.8935546875,132.5118865966797,0.5061352252960205
1776175876673,0.08330002427101135,0.0,5353.4453125,132.60012817382812,0.5063204169273376
1776175876693,0.0,0.0,5354.10791015625,132.5678253173828,0.5064749121665955
1776175876713,0.0,0.0,5355.32275390625,132.49069213867188,0.506845235824585
1776175876734,0.0,0.0,5355.98486328125,132.3889617919922,0.5069993138313293
1776175876753,0.0,0.0,5356.5361328125,132.28697204589844,0.5071845054626465
1776175876773,0.0,0.0,5357.197265625,132.19906616210938,0.5073382258415222
1776175876793,0.0,0.0,5357.748046875,132.09609985351562,0.5075214505195618
1776175876813,0.0,0.0,5358.95849609375,132.0009002685547,0.5078609585762024
1776175876834,0.0,0.0026479684747755527,5359.6181640625,131.906982421875,0.5080151557922363
1776175876853,0.0,0.11493722349405289,5360.16748046875,131.81480407714844,0.5081995129585266
1776175876873,0.0,0.38789868354797363,5360.826171875,131.6023712158203,0.5083837509155273
1776175876893,0.0,1.0,5361.484375,131.24423217773438,0.5085386633872986
1776175876913,0.0,1.0,5362.6875,130.60951232910156,0.5088739991188049
1776175876933,0.0,1.0,5363.23193359375,129.89215087890625,0.5090548396110535
1776175876953,0.0,0.8347579836845398,5363.88232421875,129.2611846923828,0.5092055201530457
1776175876974,0.0,0.4920295774936676,5364.421875,128.48236083984375,0.5093870759010315
1776175876993,0.0,0.31956228613853455,5365.06640625,127.82598114013672,0.5095356702804565
1776175877013,0.0,0.28304019570350647,5366.2392578125,127.4585952758789,0.5098928213119507
1776175877033,0.0,0.3131811320781708,5366.8759765625,127.07330322265625,0.5100403428077698
1776175877053,0.0,0.38789868354797363,5367.4052734375,126.6617202758789,0.5102181434631348
1776175877074,0.0,0.5753976702690125,5368.0390625,126.27086639404297,0.51036536693573
1776175877093,0.0,0.7602721452713013,5368.56591796875,125.66622924804688,0.5105411410331726
1776175877113,0.0,0.8478404879570007,5369.720703125,124.96379089355469,0.5108634829521179
1776175877134,0.0,0.9146422147750854,5370.3466796875,124.28972625732422,0.511009693145752
1776175877153,0.0,0.8478404879570007,5370.86572265625,123.46955871582031,0.5111781358718872
1776175877173,0.0,0.8093602657318115,5371.4853515625,122.65799713134766,0.5113550424575806
1776175877193,0.0,0.7483496069908142,5372.1015625,121.99935150146484,0.5114976763725281
1776175877213,0.0,0.6906412839889526,5373.22216796875,121.26502990722656,0.5118098855018616
1776175877234,0.0,0.6906412839889526,5373.72802734375,120.53023529052734,0.5119792819023132
1776175877253,0.0,0.7132585644721985,5374.33251953125,119.90348052978516,0.5121196508407593
1776175877273,0.0,0.7247689962387085,5374.833984375,119.16549682617188,0.5122877955436707
1776175877293,0.0,0.7483496069908142,5375.4326171875,118.41928100585938,0.5124274492263794
1776175877313,0.0,0.7483496069908142,5376.52197265625,117.81452178955078,0.5127591490745544
1776175877334,0.0,0.7602721452713013,5377.11181640625,117.0990219116211,0.5128962397575378
1776175877353,0.0,0.7602721452713013,5377.60107421875,116.3754653930664,0.5130324363708496
1776175877373,0.0,0.7247689962387085,5378.08837890625,115.74256896972656,0.5131965279579163
1776175877393,0.0,0.7132585644721985,5378.669921875,115.01942443847656,0.5133588314056396
1776175877413,0.0,0.6795321106910706,5379.72802734375,114.32048797607422,0.513654887676239
1776175877434,0.0,0.6795321106910706,5380.30078125,113.7488784790039,0.5138153433799744
1776175877453,0.0,0.6795321106910706,5380.87060546875,113.11265563964844,0.5139478445053101
1776175877474,0.0,0.6906412839889526,5381.34326171875,112.4496078491211,0.514106810092926
1776175877493,0.0,0.7132585644721985,5381.908203125,111.85491943359375,0.5142391324043274
1776175877513,0.0,0.7132585644721985,5382.9365234375,111.1707992553711,0.5145264863967896
1776175877533,0.0,0.7132585644721985,5383.400390625,110.50527954101562,0.514682412147522
1776175877553,0.0,0.7132585644721985,5383.95458984375,109.92906188964844,0.5148119330406189
1776175877574,0.0,0.7132585644721985,5384.4140625,109.25370788574219,0.514966607093811
1776175877593,0.0,0.7132585644721985,5384.962890625,108.56871795654297,0.5150946378707886
1776175877613,0.0,0.7132585644721985,5385.96142578125,107.9826431274414,0.5153999924659729
1776175877634,0.0,0.7132585644721985,5386.501953125,107.30209350585938,0.5155255198478699
1776175877653,0.0,0.7132585644721985,5386.9501953125,106.62646484375,0.5156767964363098
1776175877673,0.0,0.7132585644721985,5387.4853515625,106.0620346069336,0.5158016085624695
1776175877693,0.0,0.7132585644721985,5387.92919921875,105.38603210449219,0.5159503817558289
1776175877714,0.0,0.7132585644721985,5388.8984375,104.69901275634766,0.5162213444709778
1776175877735,0.0,0.6795321106910706,5389.4228515625,103.96761322021484,0.5163440108299255
1776175877753,0.0,0.6795321106910706,5389.85791015625,103.31571197509766,0.5164899230003357
1776175877776,0.0,0.6795321106910706,5390.376953125,102.4325180053711,0.5166345238685608
1776175877797,0.0,0.6795321106910706,5391.31982421875,101.65361785888672,0.5168979167938232
1776175877813,0.0,0.6795321106910706,5391.8291015625,101.12202453613281,0.5170164108276367
1776175877833,0.0,0.6795321106910706,5392.2509765625,100.38430786132812,0.5171575546264648
1776175877854,0.0,0.6795321106910706,5392.75439453125,99.6161117553711,0.5172749161720276
1776175877873,0.0,0.6795321106910706,5393.17138671875,98.97097778320312,0.5174140930175781
1776175877893,0.0,0.6468548774719238,5393.6689453125,98.21709442138672,0.5175533294677734
1776175877915,0.0,0.605271577835083,5394.5732421875,97.48965454101562,0.5178053975105286
1776175877934,0.0,0.527914822101593,5395.06201171875,96.92578887939453,0.5179186463356018
1776175877953,0.0,0.410310834646225,5395.466796875,96.31033325195312,0.5180540084838867
1776175877973,0.0,0.31956228613853455,5395.9501953125,95.8271255493164,0.5181664228439331
1776175877993,0.0,0.17896243929862976,5396.3515625,95.33021545410156,0.5183004140853882
1776175878013,0.0,0.06946864724159241,5397.22900390625,94.94815063476562,0.518544614315033
1776175878035,0.0,0.0008974525262601674,5397.705078125,94.66105651855469,0.5186769366264343
1776175878053,0.0,0.0,5398.1796875,94.45276641845703,0.5187863111495972
1776175878073,0.0,0.0,5398.57470703125,94.2098388671875,0.5189186930656433
1776175878093,0.0,0.0,5399.0478515625,93.99755096435547,0.5190281271934509
1776175878113,0.0,0.0,5399.91259765625,93.76268768310547,0.5192700624465942
1776175878136,0.0,0.0,5400.3046875,93.50801086425781,0.5194006562232971
1776175878154,0.0,0.0,5400.77392578125,93.34820556640625,0.5195099115371704
1776175878173,0.0,0.0,5401.16455078125,93.12515258789062,0.5196397304534912
1776175878193,0.0,0.0,5401.63232421875,92.90493774414062,0.5197693109512329
1776175878214,0.0,0.0,5402.48681640625,92.71943664550781,0.5200073719024658
1776175878233,0.1269499957561493,0.0,5402.951171875,92.51165008544922,0.5201152563095093
1776175878253,0.2817000150680542,0.0,5403.33740234375,92.33319091796875,0.5202435255050659
1776175878273,0.35315001010894775,0.0,5403.80029296875,92.1994857788086,0.5203511714935303
1776175878293,0.37299999594688416,0.0,5404.18505859375,92.06774139404297,0.5204794406890869
1776175878313,0.36900001764297485,0.0,5405.02978515625,91.96784210205078,0.5207146406173706
1776175878333,0.3650500178337097,0.0,5405.48974609375,91.90257263183594,0.5208433270454407
1776175878354,0.35315001010894775,0.0,5405.94921875,91.83045959472656,0.5209500193595886
1776175878373,0.34915000200271606,0.0,5406.33154296875,91.75711822509766,0.5210776925086975
1776175878394,0.34915000200271606,0.0,5406.7900390625,91.69230651855469,0.5211842060089111
1776175878415,0.361050009727478,0.0,5407.6298828125,91.63422393798828,0.5214183926582336
1776175878434,0.36900001764297485,0.0,5408.01171875,91.5928726196289,0.521545946598053
1776175878453,0.3968000113964081,0.0,5408.4697265625,91.56552124023438,0.5216514468193054
1776175878473,0.4364500045776367,0.0,5408.8515625,91.54890441894531,0.5217793583869934
1776175878493,0.4681999981403351,0.0,5409.3095703125,91.54437255859375,0.5219066143035889
1776175878513,0.48805001378059387,0.0,5410.1494140625,91.55074310302734,0.5221399664878845
1776175878534,0.5,0.0,5410.607421875,91.57183837890625,0.5222459435462952
1776175878553,0.5,0.0,5410.9892578125,91.60132598876953,0.5223735570907593
1776175878574,0.5,0.0,5411.44775390625,91.63262939453125,0.5224793553352356
1776175878593,0.5,0.0,5411.82958984375,91.67228698730469,0.5226073861122131
1776175878613,0.4959999918937683,0.0,5412.67041015625,91.71888732910156,0.522840678691864
1776175878634,0.48010000586509705,0.0,5413.12939453125,91.77532958984375,0.5229684710502625
1776175878653,0.46424999833106995,0.0,5413.58837890625,91.82759094238281,0.5230745077133179
1776175878673,0.4404500126838684,0.0,5413.97119140625,91.88394165039062,0.5232016444206238
1776175878694,0.41659998893737793,0.0,5414.4306640625,91.9251937866211,0.5233087539672852
1776175878713,0.4007500112056732,0.0,5415.27294921875,91.93362426757812,0.5235426425933838
1776175878734,0.38089999556541443,0.0,5415.65576171875,91.9583969116211,0.5236700773239136
1776175878753,0.36900001764297485,0.0,5416.115234375,91.99590301513672,0.5237768888473511
1776175878773,0.34915000200271606,0.0,5416.498046875,92.00850677490234,0.5239050984382629
1776175878793,0.3372499942779541,0.0,5416.9580078125,91.99644470214844,0.5240326523780823
1776175878813,0.32534998655319214,0.0,5417.80078125,91.98184204101562,0.5242665410041809
1776175878834,0.32534998655319214,0.0,5418.26025390625,91.95442962646484,0.5243731737136841
1776175878853,0.32534998655319214,0.0,5418.64306640625,91.92213439941406,0.5244799256324768
1776175878873,0.31744998693466187,0.0,5419.02587890625,91.89170837402344,0.5246070027351379
1776175878893,0.31345000863075256,0.0,5419.4853515625,91.85587310791016,0.5247353315353394
1776175878913,0.29760000109672546,0.0,5420.32763671875,91.81610107421875,0.5249689817428589
1776175878934,0.289650022983551,0.0,5420.787109375,91.76258850097656,0.5250967741012573
1776175878953,0.2857000231742859,0.0,5421.24609375,91.71310424804688,0.5252029299736023
1776175878973,0.2857000231742859,0.0,5421.62841796875,91.65023040771484,0.5253299474716187
1776175878993,0.2817000150680542,0.0,5422.08740234375,91.59671783447266,0.5254359245300293
1776175879013,0.27775001525878906,0.0,5422.92822265625,91.53494262695312,0.5256689786911011
1776175879033,0.27775001525878906,0.0,5423.31005859375,91.4668197631836,0.5257953405380249
1776175879053,0.2738000154495239,0.0,5423.76806640625,91.40032958984375,0.5259013772010803
1776175879073,0.2738000154495239,0.0,5424.1494140625,91.31492614746094,0.5260281562805176
1776175879093,0.2817000150680542,0.0,5424.6064453125,91.23246765136719,0.5261341333389282
1776175879114,0.2857000231742859,0.0,5425.44384765625,91.16816711425781,0.5263872146606445
1776175879133,0.2857000231742859,0.0,5425.89990234375,91.09905242919922,0.5264922976493835
1776175879153,0.289650022983551,0.0,5426.27978515625,91.03569793701172,0.5266186594963074
1776175879174,0.29360002279281616,0.0,5426.7353515625,90.9835433959961,0.5267246961593628
1776175879194,0.29360002279281616,0.0,5427.11474609375,90.9258804321289,0.5268494486808777
1776175879213,0.30550000071525574,0.0,5427.94873046875,90.86183166503906,0.5270818471908569
1776175879234,0.3095000088214874,0.0,5428.4033203125,90.80049896240234,0.527207612991333
1776175879253,0.32534998655319214,0.0,5428.857421875,90.73128509521484,0.5273128151893616
1776175879273,0.361050009727478,0.0,5429.2353515625,90.67021179199219,0.5274394154548645
1776175879293,0.41659998893737793,0.0,5429.68896484375,90.63689422607422,0.5275435447692871
1776175879313,0.492000013589859,0.0,5430.52001953125,90.62199401855469,0.5277743935585022
1776175879334,0.5702999830245972,0.0,5430.8974609375,90.63756561279297,0.5278999209403992
1776175879353,0.6445499658584595,0.0,5431.3505859375,90.66950988769531,0.52800452709198
1776175879373,0.7343499660491943,0.0,5431.728515625,90.72575378417969,0.5281309485435486
1776175879394,0.8202999830245972,0.0,5432.18212890625,90.82707977294922,0.5282355546951294
1776175879413,0.875,0.0,5433.01513671875,90.95938873291016,0.5284877419471741
1776175879433,0.9375,0.0,5433.47021484375,91.14407348632812,0.528592586517334
1776175879453,0.9922000169754028,0.0,5433.85009765625,91.36202239990234,0.528719425201416
1776175879474,1.0,0.0,5434.306640625,91.60874938964844,0.5288247466087341
1776175879493,1.0,0.0,5434.68798828125,91.81686401367188,0.5289523601531982
1776175879513,1.0,0.0,5435.529296875,92.03557586669922,0.5291863083839417
1776175879534,1.0,0.0,5435.9892578125,92.26171112060547,0.5293145775794983
1776175879553,1.0,0.0,5436.4501953125,92.4649658203125,0.5294213891029358
1776175879573,1.0,0.0,5436.8349609375,92.70470428466797,0.5295496582984924
1776175879593,1.0,0.0,5437.2978515625,92.91293334960938,0.5296570062637329
1776175879613,1.0,0.0,5438.14892578125,93.15169525146484,0.5298940539360046
1776175879636,1.0,0.0,5438.537109375,93.39070129394531,0.5300246477127075
1776175879653,1.0,0.0,5439.00341796875,93.59848022460938,0.5301333069801331
1776175879673,1.0,0.0,5439.39306640625,93.82984924316406,0.5302639007568359
1776175879693,1.0,0.0,5439.861328125,94.05005645751953,0.5303944945335388
1776175879713,1.0,0.0,5440.72216796875,94.24507141113281,0.5306349396705627
1776175879734,1.0,0.0,5441.193359375,94.46443176269531,0.5307443737983704
1776175879754,1.0,0.0,5441.58642578125,94.67344665527344,0.5308758616447449
1776175879774,1.0,0.0,5442.05908203125,94.90438842773438,0.5309861302375793
1776175879793,1.0,0.0,5442.45361328125,95.09302520751953,0.5311176776885986
1776175879813,1.0,0.0,5443.32421875,95.29956817626953,0.5313608646392822
1776175879834,1.0,0.0,5443.80029296875,95.47419738769531,0.5314933657646179
1776175879853,1.0,0.0,5444.27734375,95.66948699951172,0.5316042304039001
1776175879873,1.0,0.0,5444.67578125,95.87757110595703,0.5317376255989075
1776175879893,1.0,0.0,5445.154296875,96.06044006347656,0.5318489670753479
1776175879913,1.0,0.0,5446.03466796875,96.26166534423828,0.5320949554443359
1776175879934,1.0,0.0,5446.435546875,96.47021484375,0.5322298407554626
1776175879953,1.0,0.0,5446.91748046875,96.65888977050781,0.5323639512062073
1776175879973,1.0,0.0,5447.400390625,96.8733139038086,0.5324763655662537
1776175879993,1.0,0.0,5447.8037109375,97.07951354980469,0.5326114296913147
1776175880013,1.0,0.0,5448.69287109375,97.24810028076172,0.5328599810600281
1776175880034,1.0,0.0,5449.1787109375,97.44466400146484,0.5329737663269043
1776175880053,1.0,0.0,5449.58447265625,97.64601135253906,0.5331094264984131
1776175880073,1.0,0.0,5450.07177734375,97.81385040283203,0.5332236886024475
1776175880093,1.0,0.0,5450.478515625,98.00792694091797,0.5333601832389832
1776175880113,1.0,0.0,5451.45703125,98.19076538085938,0.5336115956306458
1776175880134,1.0,0.0,5451.86572265625,98.37751770019531,0.5337491035461426
1776175880153,1.0,0.0,5452.35693359375,98.55229187011719,0.5338639616966248
1776175880173,1.0,0.0,5452.76708984375,98.76973724365234,0.5340019464492798
1776175880193,1.0,0.0,5453.26025390625,98.95069885253906,0.5341172814369202
1776175880213,1.0,0.0,5454.16650390625,99.1653823852539,0.5343719720840454
1776175880234,1.0,0.0,5454.57958984375,99.37692260742188,0.5345109105110168
1776175880253,1.0,0.0,5455.076171875,99.55359649658203,0.5346502661705017
1776175880273,1.0,0.0,5455.5732421875,99.7590103149414,0.534766674041748
1776175880293,1.0,0.0,5455.98828125,99.9718246459961,0.5348830819129944
1776175880313,1.0,0.0,5456.9033203125,100.15032958984375,0.5351642966270447
1776175880334,1.0,0.0,5457.40380859375,100.34969329833984,0.5352816581726074
1776175880353,1.0,0.0,5457.8212890625,100.54730987548828,0.5354229211807251
1776175880373,1.0,0.0,5458.3232421875,100.72362518310547,0.5355402827262878
1776175880393,1.0,0.0,5458.7421875,100.93179321289062,0.5356817841529846
1776175880413,1.0,0.0,5459.75,101.140869140625,0.5359424352645874
1776175880434,1.0,0.0,5460.1708984375,101.34492492675781,0.5360848903656006
1776175880453,1.0,0.0,5460.6767578125,101.51622009277344,0.5362042188644409
1776175880473,1.0,0.0,5461.09912109375,101.72103881835938,0.5363466739654541
1776175880493,1.0,0.0,5461.60693359375,101.90931701660156,0.5364664793014526
1776175880513,1.0,0.0,5462.5400390625,102.13719177246094,0.536730170249939
1776175880534,1.0,0.0,5462.96533203125,102.36188507080078,0.5368741154670715
1776175880553,1.0,0.0,5463.4765625,102.5513916015625,0.5370185971260071
1776175880573,1.0,0.0,5463.98876953125,102.7839584350586,0.5371394157409668
1776175880593,1.0,0.0,5464.41650390625,103.01616668701172,0.5372838973999023
1776175880614,1.0,0.0,5465.35888671875,103.23638916015625,0.5375508666038513
1776175880634,1.0,0.0,5465.87451171875,103.41891479492188,0.5376722812652588
1776175880653,1.0,0.0,5466.3046875,103.62714385986328,0.5378187894821167
1776175880673,1.0,0.0,5466.82177734375,103.80824279785156,0.5379648804664612
1776175880693,1.0,0.0,5467.33984375,104.03428649902344,0.5380872488021851
1776175880713,1.0,0.0,5468.29248046875,104.26478576660156,0.5383569002151489
1776175880734,1.0,0.0,5468.7265625,104.50259399414062,0.5385036468505859
1776175880753,1.0,0.0,5469.248046875,104.70057678222656,0.5386271476745605
1776175880773,1.0,0.0,5469.68359375,104.9208984375,0.5387749075889587
1776175880793,1.0,0.0,5470.20703125,105.12894439697266,0.5388985276222229
1776175880813,1.0,0.0,5471.16943359375,105.38108825683594,0.5391961336135864
1776175880834,1.0,0.0,5471.69580078125,105.62300109863281,0.5393199920654297
1776175880853,1.0,0.0,5472.13525390625,105.83999633789062,0.53946852684021
1776175880873,1.0,0.0,5472.6640625,106.09451293945312,0.5395926237106323
1776175880893,1.0,0.0,5473.10546875,106.3380126953125,0.5397418737411499
1776175880913,1.0,0.0,5474.07861328125,106.55770874023438,0.5400177240371704
1776175880934,1.0,0.0,5474.61083984375,106.825439453125,0.5401434898376465
1776175880953,1.0,0.0,5475.05517578125,107.05477142333984,0.5402947068214417
1776175880973,1.0,0.0,5475.58935546875,107.26808166503906,0.540445864200592
1776175880993,1.0,0.0,5476.12451171875,107.5190200805664,0.5405718684196472
1776175881013,1.0,0.0,5477.1083984375,107.77865600585938,0.5408506393432617
1776175881034,1.0,0.0,5477.55712890625,108.04954528808594,0.5410029888153076
1776175881053,1.0,0.0,5478.0966796875,108.27922058105469,0.5411292910575867
1776175881073,1.0,0.0,5478.546875,108.54359436035156,0.5412828326225281
1776175881093,1.0,0.0,5479.08837890625,108.76060485839844,0.5414102673530579
1776175881113,1.0,0.0,5480.083984375,109.02168273925781,0.5416919589042664
1776175881134,1.0,0.0,5480.53759765625,109.29554748535156,0.5418458580970764
1776175881154,1.0,0.0,5481.08349609375,109.56208038330078,0.5419997572898865
1776175881173,1.0,0.0,5481.63037109375,109.79084777832031,0.5421294569969177
1776175881193,1.0,0.0,5482.0869140625,110.03185272216797,0.5422841310501099
1776175881213,1.0,0.0,5483.09375,109.99885559082031,0.5425683856010437
1776175881234,1.0,0.0,5483.6435546875,109.96112823486328,0.5426979660987854
1776175881253,1.0,0.0,5484.1015625,109.92428588867188,0.5428529977798462
1776175881273,1.0,0.0,5484.65087890625,109.89492797851562,0.5430082678794861
1776175881294,1.0,0.0,5485.2001953125,109.86134338378906,0.5431377291679382
1776175881313,1.0,0.0,5486.20654296875,109.82756805419922,0.5434219241142273
1776175881333,1.0,0.0,5486.66357421875,109.79866790771484,0.5435759425163269
1776175881353,1.0,0.0,5487.2119140625,109.76690673828125,0.5437056422233582
1776175881373,1.0,0.0,5487.6689453125,109.73524475097656,0.5438608527183533
1776175881393,1.0,0.0,5488.21728515625,109.7067642211914,0.5439895987510681
1776175881413,1.0,0.0,5489.22265625,109.67333984375,0.5442725419998169
1776175881434,1.0,0.0,5489.67919921875,109.64376831054688,0.5444270968437195
1776175881453,1.0,0.0,5490.22705078125,109.85891723632812,0.5445812940597534
1776175881473,1.0,0.0,5490.775390625,110.27014923095703,0.5447105765342712
1776175881493,1.0,0.0,5491.2333984375,110.72028350830078,0.5448655486106873
1776175881513,1.0,0.0,5492.24658203125,111.08260345458984,0.5451517105102539
1776175881534,1.0,0.0,5492.8017578125,111.45500183105469,0.5452820658683777
1776175881553,1.0,0.0,5493.265625,111.74585723876953,0.5454385280609131
1776175881573,1.0,0.0,5493.82373046875,111.96394348144531,0.5455957055091858
1776175881593,1.0,0.0,5494.2900390625,112.22686767578125,0.5457266569137573
1776175881613,1.0,0.0,5495.412109375,112.5055160522461,0.5460159182548523
1776175881634,1.0,0.0,5495.880859375,112.74203491210938,0.546174168586731
1776175881653,1.0,0.0,5496.44482421875,113.01026916503906,0.546305775642395
1776175881673,1.0,0.0,5496.91552734375,113.27783966064453,0.546464741230011
1776175881693,1.0,0.0,5497.4814453125,113.50845336914062,0.5465961694717407
1776175881713,1.0,0.0,5498.521484375,113.76383972167969,0.5469145178794861
1776175881734,1.0,0.0,5498.99560546875,114.01918029785156,0.5470474362373352
1776175881753,1.0,0.0,5499.5654296875,114.24712371826172,0.547207236289978
1776175881773,1.0,0.0,5500.13623046875,114.51097106933594,0.5473400354385376
1776175881793,1.0,0.0,5500.61279296875,114.76707458496094,0.547500491142273
1776175881813,1.0,0.0,5501.66357421875,114.98043060302734,0.5477948784828186
1776175881833,1.0,0.0,5502.23828125,115.22794342041016,0.5479287505149841
1776175881853,1.0,0.0,5502.7177734375,115.48761749267578,0.5480899214744568
1776175881873,1.0,0.0,5503.29443359375,115.71576690673828,0.548251748085022
1776175881893,1.0,0.0,5503.8720703125,115.96952056884766,0.5483866930007935
1776175881913,1.0,0.0,5504.93359375,116.22254943847656,0.5486825108528137
1776175881933,1.0,0.0,5505.41748046875,116.4376220703125,0.5488455295562744
1776175881953,1.0,0.0,5505.9990234375,116.68567657470703,0.5489807724952698
1776175881973,1.0,0.0,5506.484375,116.94857025146484,0.5491432547569275
1776175881993,1.0,0.0,5507.06787109375,117.1635971069336,0.5492802262306213
1776175882013,1.0,0.0,5508.140625,117.4159927368164,0.5496081709861755
1776175882033,1.0,0.0,5508.62939453125,117.66752624511719,0.5497450232505798
1776175882053,1.0,0.0,5509.216796875,117.8753433227539,0.5499097108840942
1776175882073,1.0,0.0,5509.80517578125,118.11724090576172,0.5500471591949463
1776175882093,1.0,0.0,5510.29638671875,118.35626220703125,0.5502122640609741
1776175882113,1.0,0.0,5511.3798828125,118.56884765625,0.5505156517028809
1776175882134,1.0,0.0,5511.97265625,118.82991027832031,0.5506546497344971
1776175882153,1.0,0.0,5512.46728515625,119.07650756835938,0.55082106590271
1776175882173,1.0,0.0,5513.06201171875,119.28790283203125,0.5509874820709229
1776175882193,1.0,0.0,5513.65771484375,119.5263442993164,0.55112624168396
1776175882213,1.0,0.0,5514.75244140625,119.76687622070312,0.5514337420463562
1776175882233,1.0,0.0,5515.2509765625,119.98001098632812,0.5516024231910706
1776175882253,1.0,0.0,5515.8505859375,120.21887969970703,0.5517421364784241
1776175882273,1.0,0.0,5516.35107421875,120.45982360839844,0.5519104599952698
1776175882293,1.0,0.0,5516.95263671875,120.67803955078125,0.5520514845848083
1776175882313,1.0,0.0,5518.05810546875,120.92181396484375,0.5523625016212463
1776175882333,1.0,0.0,5518.56201171875,121.15679931640625,0.5525321960449219
1776175882353,1.0,0.0,5519.16748046875,121.37324523925781,0.5527022480964661
1776175882373,1.0,0.0,5519.77392578125,121.6208724975586,0.5528445243835449
1776175882393,1.0,0.0,5520.2802734375,121.85635375976562,0.5530145168304443
1776175882414,1.0,0.0,5521.396484375,122.06339263916016,0.5533281564712524
1776175882433,1.0,0.0,5522.0068359375,122.30866241455078,0.5534714460372925
1776175882453,1.0,0.0,5522.51611328125,122.548583984375,0.5536434054374695
1776175882473,1.0,0.0,5523.1279296875,122.75402069091797,0.5538158416748047
1776175882493,1.0,0.0,5523.7412109375,123.00727844238281,0.5539589524269104
1776175882513,1.0,0.0,5524.86767578125,123.25800323486328,0.554276704788208
1776175882534,1.0,0.0,5525.380859375,123.45886993408203,0.5544501543045044
1776175882553,1.0,0.0,5525.99755859375,123.69156646728516,0.5545957088470459
1776175882573,1.0,0.0,5526.51220703125,123.92867279052734,0.554768443107605
1776175882593,1.0,0.0,5527.130859375,124.1231460571289,0.5549131631851196
1776175882613,1.0,0.0,5528.267578125,124.35674285888672,0.555233359336853
1776175882633,1.0,0.0,5528.78564453125,124.62786102294922,0.5554094314575195
1776175882653,1.0,0.0,5529.408203125,124.85747528076172,0.5555839538574219
1776175882673,1.0,0.0,5530.03173828125,125.10255432128906,0.5557307004928589
1776175882693,1.0,0.0,5530.55224609375,125.33570861816406,0.5559073686599731
1776175882713,0.8672000169754028,0.0,5531.69970703125,125.5423355102539,0.5562300086021423
1776175882733,0.5234500169754028,0.0,5532.3271484375,125.77291107177734,0.5563765168190002
1776175882753,0.07935002446174622,0.0,5532.85107421875,125.88945007324219,0.5565546751022339
1776175882773,0.0,0.0,5533.48046875,125.88816833496094,0.5567314624786377
1776175882793,0.0,0.0,5534.10986328125,125.83383178710938,0.5568792223930359
1776175882813,0.0,0.0,5535.26318359375,125.77454376220703,0.5572054982185364
1776175882834,0.0,0.0,5535.787109375,125.71480560302734,0.5573825836181641
1776175882853,0.0,0.0,5536.41552734375,125.66056060791016,0.5575301647186279
1776175882873,0.0,0.0,5536.93896484375,125.59574127197266,0.5577064156532288
1776175882893,0.0,0.0,5537.56689453125,125.54425811767578,0.5578528046607971
1776175882913,0.0,1.4439866390603129e-05,5538.71728515625,125.47850036621094,0.5581756234169006
1776175882933,0.0,0.03332889452576637,5539.23974609375,125.41292572021484,0.5583513975143433
1776175882953,0.0,0.17080825567245483,5539.86669921875,125.32523345947266,0.5585294365882874
1776175882973,0.0,0.3457002341747284,5540.4931640625,125.0977554321289,0.5586759448051453
1776175882993,0.0,0.4833733141422272,5541.0146484375,124.70204162597656,0.5588507652282715
1776175883013,0.0,0.4027373194694519,5542.1591796875,124.28699493408203,0.5591722130775452
1776175883033,0.0,0.2772776782512665,5542.7802734375,123.86951446533203,0.5593170523643494
1776175883053,0.0,0.1748504638671875,5543.29638671875,123.5677719116211,0.5594914555549622
1776175883073,0.0,0.14793184399604797,5543.91455078125,123.36569213867188,0.5596645474433899
1776175883093,0.0,0.1306924819946289,5544.53173828125,123.16278076171875,0.5598095059394836
1776175883113,0.0,0.13401572406291962,5545.6611328125,122.9767074584961,0.560126006603241
1776175883134,0.0,0.1443578451871872,5546.17333984375,122.78770446777344,0.5602990388870239
1776175883153,0.0,0.1552741378545761,5546.78759765625,122.61585235595703,0.5604416728019714
1776175883173,0.0,0.17080825567245483,5547.298828125,122.40596771240234,0.5606143474578857
1776175883193,0.0,0.17896243929862976,5547.91162109375,122.22244262695312,0.5607568025588989
1776175883213,0.0,0.1831449568271637,5549.0322265625,121.99337768554688,0.5610994696617126
1776175883233,0.0,0.1831449568271637,5549.642578125,121.75284576416016,0.5612419843673706
1776175883253,0.0,0.1831449568271637,5550.150390625,121.54925537109375,0.5614120960235596
1776175883273,0.0,0.1748504638671875,5550.7587890625,121.31842041015625,0.5615538954734802
1776175883293,0.0,0.17080825567245483,5551.26513671875,121.09490203857422,0.5617241859436035
1776175883313,0.0,0.16293016076087952,5552.37646484375,120.89688873291016,0.5620351433753967
1776175883333,0.0,0.1590927094221115,5552.9814453125,120.68018341064453,0.5621762871742249
1776175883353,0.0,0.1590927094221115,5553.48486328125,120.4671859741211,0.5623453259468079
1776175883373,0.0,0.17080825567245483,5554.087890625,120.29173278808594,0.5625143051147461
1776175883393,0.0,0.17896243929862976,5554.68994140625,120.07234954833984,0.562654435634613
1776175883413,0.0,0.19618041813373566,5555.69140625,119.83348083496094,0.5629629492759705
1776175883433,0.0,0.20520155131816864,5556.291015625,119.61998748779297,0.5631309747695923
1776175883453,0.0,0.20520155131816864,5556.8896484375,119.37993621826172,0.5632713437080383
1776175883473,0.0,0.20520155131816864,5557.3876953125,119.13310241699219,0.5634375810623169
1776175883493,0.0,0.20520155131816864,5557.984375,118.91091918945312,0.5635768175125122
1776175883513,0.0,0.20520155131816864,5559.07470703125,118.65274047851562,0.5639088153839111
1776175883534,0.0,0.20982453227043152,5559.66796875,118.40123748779297,0.5640468597412109
1776175883553,0.0,0.22415263950824738,5560.16162109375,118.18355560302734,0.5642127394676208
1776175883573,0.0,0.2341601401567459,5560.7529296875,117.91715240478516,0.5643500089645386
1776175883593,0.0,0.24442484974861145,5561.24462890625,117.6310806274414,0.5645146369934082
1776175883613,0.0,0.24967923760414124,5562.32421875,117.37711334228516,0.5648163557052612
1776175883634,0.0,0.26043614745140076,5562.9111328125,117.07237243652344,0.5649799704551697
1776175883653,0.0,0.26043614745140076,5563.3994140625,116.76029205322266,0.5651164054870605
1776175883673,0.0,0.26043614745140076,5563.98388671875,116.4921646118164,0.5652793645858765
1776175883693,0.0,0.2659403383731842,5564.5673828125,116.1760482788086,0.5654148459434509
1776175883713,0.0,0.2659403383731842,5565.6337890625,115.85359954833984,0.565711498260498
1776175883734,0.0,0.2659403383731842,5566.11669921875,115.57730865478516,0.5658726096153259
1776175883753,0.0,0.2659403383731842,5566.6953125,115.26368713378906,0.5660080313682556
1776175883774,0.0,0.2772776782512665,5567.17626953125,114.95073699951172,0.5661691427230835
1776175883793,0.0,0.28304019570350647,5567.751953125,114.67176055908203,0.5663027763366699
1776175883813,0.0,0.2948283851146698,5568.80419921875,114.33724975585938,0.5666211843490601
1776175883834,0.0,0.30085572600364685,5569.3759765625,113.99304962158203,0.5667533278465271
1776175883853,0.0,0.3131811320781708,5569.8515625,113.71113586425781,0.5669113397598267
1776175883873,0.0,0.3131811320781708,5570.4208984375,113.35274505615234,0.5670440196990967
1776175883893,0.0,0.3131811320781708,5570.89404296875,112.98322296142578,0.5672016143798828
1776175883913,0.0,0.3131811320781708,5571.93115234375,112.6704330444336,0.5674882531166077
1776175883934,0.0,0.3131811320781708,5572.49462890625,112.33322143554688,0.5676446557044983
1776175883953,0.0,0.31956228613853455,5572.962890625,111.98258209228516,0.5677746534347534
1776175883973,0.0,0.325955867767334,5573.5234375,111.6534423828125,0.5679301619529724
1776175883993,0.0,0.3457002341747284,5574.08251953125,111.26129913330078,0.5680590271949768
1776175884013,0.0,0.3593418002128601,5575.103515625,110.86454010009766,0.5683412551879883
1776175884033,0.0,0.3593418002128601,5575.56591796875,110.53304290771484,0.5684948563575745
1776175884053,0.0,0.3593418002128601,5576.119140625,110.13636779785156,0.5686231255531311
1776175884073,0.0,0.3593418002128601,5576.57861328125,109.74410247802734,0.5687750577926636
1776175884093,0.0,0.3593418002128601,5577.12841796875,109.34212493896484,0.568925678730011
1776175884113,0.0,0.3593418002128601,5578.1318359375,108.88399505615234,0.569203794002533
1776175884134,0.0,0.3593418002128601,5578.67626953125,108.57537841796875,0.5693283081054688
1776175884153,0.0,0.3593418002128601,5579.12890625,108.26846313476562,0.5694786906242371
1776175884174,0.0,0.3593418002128601,5579.6708984375,107.83549499511719,0.5696030259132385
1776175884193,0.0,0.3457002341747284,5580.12158203125,107.33844757080078,0.5697510838508606
1776175884213,0.0,0.3390239179134369,5581.1083984375,106.98544311523438,0.5700215697288513
1776175884233,0.0,0.3390239179134369,5581.6435546875,106.64315032958984,0.5701680183410645
1776175884253,0.0,0.3390239179134369,5582.17724609375,106.2406997680664,0.5702899098396301
1776175884274,0.0,0.325955867767334,5582.62109375,105.86019134521484,0.5704344511032104
1776175884293,0.0,0.325955867767334,5583.15185546875,105.41373443603516,0.5705559849739075
1776175884313,0.0,0.325955867767334,5584.1201171875,104.97588348388672,0.5708203911781311
1776175884333,0.0,0.31956228613853455,5584.55810546875,104.61851501464844,0.5709632635116577
1776175884353,0.0,0.31956228613853455,5585.08203125,104.14704132080078,0.5710840225219727
1776175884374,0.0,0.3131811320781708,5585.51708984375,103.81950378417969,0.5712264180183411
1776175884395,0.0,0.2948283851146698,5586.03759765625,103.48223114013672,0.571342945098877
1776175884413,0.0,0.2772776782512665,5586.98828125,103.07817077636719,0.5716273188591003
1776175884434,0.0,0.23925209045410156,5587.50439453125,102.66394805908203,0.5717432498931885
1776175884453,0.0,0.20520155131816864,5587.93310546875,102.37813568115234,0.5718830823898315
1776175884473,0.0,0.16293016076087952,5588.44580078125,102.05724334716797,0.571999192237854
1776175884493,0.0,0.1241873949766159,5588.8720703125,101.75687408447266,0.572138786315918
1776175884513,0.0,0.0876941904425621,5589.806640625,101.5533676147461,0.5723900198936462
1776175884534,0.0,0.06142096966505051,5590.31494140625,101.3575439453125,0.5725061297416687
1776175884553,0.0,0.01337516587227583,5590.73828125,101.18001556396484,0.5726441144943237
1776175884574,0.0,0.0007360208546742797,5591.24560546875,100.98500061035156,0.5727812647819519
1776175884593,0.0,0.0,5591.75244140625,100.80789184570312,0.5728949308395386
1776175884613,0.0,0.0,5592.6796875,100.65748596191406,0.5731445550918579
1776175884634,0.0,0.0,5593.10009765625,100.5279769897461,0.573281466960907
1776175884653,0.0,0.0,5593.603515625,100.39441680908203,0.5733950734138489
1776175884674,0.0,0.0,5594.0224609375,100.24784851074219,0.5735317468643188
1776175884693,0.0,0.0,5594.5244140625,100.12798309326172,0.573664665222168
1776175884713,0.0,0.0,5595.443359375,99.98369598388672,0.5739126801490784
1776175884735,0.0,0.0,5595.943359375,99.84781646728516,0.574022650718689
1776175884753,0.0,0.0,5596.359375,99.7241439819336,0.5741584897041321
1776175884773,0.0,0.0,5596.85791015625,99.58711242675781,0.5742707848548889
1776175884793,0.0,0.0,5597.27294921875,99.41400909423828,0.5744039416313171
1776175884813,0.0,0.0,5598.1845703125,99.04179382324219,0.5746501684188843
1776175884833,0.0,0.0,5598.6796875,98.62959289550781,0.5747811198234558
1776175884853,0.0,0.0,5599.1728515625,98.24870300292969,0.5748932957649231
1776175884874,0.0,0.0,5599.58251953125,97.96807861328125,0.5750253796577454
1776175884893,0.0,0.0,5600.07275390625,97.67858123779297,0.5751344561576843
1776175884914,0.0,0.0,5600.96826171875,97.37186431884766,0.5753762722015381
1776175884934,0.0,0.0,5601.3740234375,97.03596496582031,0.5755053162574768
1776175884953,0.0,0.0,5601.859375,96.81597900390625,0.5756135582923889
1776175884973,0.0,0.0,5602.26318359375,96.59339141845703,0.5757438540458679
1776175884993,0.0,0.0,5602.74658203125,96.40353393554688,0.5758728384971619
1776175885013,0.0,0.0,5603.63134765625,96.13135528564453,0.5761117339134216
1776175885033,0.0,0.0,5604.11279296875,95.85174560546875,0.5762166380882263
1776175885053,0.0,0.0,5604.51318359375,95.64636993408203,0.5763458013534546
1776175885073,0.0,0.0,5604.99267578125,95.42088317871094,0.5764525532722473
1776175885093,0.0,0.0,5605.3916015625,95.15846252441406,0.5765805244445801
1776175885113,0.0,0.0,5606.26611328125,94.93973541259766,0.5768159031867981
1776175885136,0.0,0.0,5606.74169921875,94.6671371459961,0.5769232511520386
1776175885153,0.0,0.0,5607.13720703125,94.48387145996094,0.5770477056503296
1776175885174,0.0,0.0,5607.6103515625,94.25513458251953,0.5771756768226624
1776175885193,0.0,0.0,5608.0830078125,94.0415267944336,0.5772815346717834
1776175885213,0.0,0.0,5608.94677734375,93.79942321777344,0.5775116682052612
1776175885234,0.0,0.0,5609.337890625,93.60102844238281,0.57763671875
1776175885253,0.0,0.0,5609.806640625,93.3697280883789,0.5777433514595032
1776175885275,0.0,0.0,5610.1962890625,93.14252471923828,0.5778667330741882
1776175885293,0.0,0.0,5610.6630859375,92.96568298339844,0.5779704451560974
1776175885313,0.0,0.0,5611.51611328125,92.76161193847656,0.578220784664154
1776175885334,0.0,0.0,5611.97998046875,92.51656341552734,0.5783225893974304
1776175885353,0.0,0.0,5612.36572265625,92.29459381103516,0.5784481167793274
1776175885373,0.0,0.0,5612.82763671875,92.02835845947266,0.5785494446754456
1776175885393,0.0,0.0,5613.21142578125,91.79226684570312,0.5786738991737366
1776175885417,0.0,0.0,5614.05419921875,91.53217315673828,0.5788991451263428
1776175885436,0.0,0.0,5614.5126953125,91.30660247802734,0.5790198445320129
1776175885453,0.0,0.0,5614.97021484375,91.07481384277344,0.5791231989860535
1776175885473,0.0,0.0,5615.3505859375,90.8579330444336,0.5792468786239624
1776175885494,0.0,0.0,5615.80615234375,90.60417938232422,0.5793471932411194
1776175885513,0.0,0.0,5616.638671875,90.3804931640625,0.5795700550079346
1776175885534,0.0,0.0,5617.015625,90.13138580322266,0.5796902179718018
1776175885553,0.04365000128746033,0.0,5617.46728515625,89.92485809326172,0.5797908902168274
1776175885574,0.08330002427101135,0.0,5617.8427734375,89.72386932373047,0.5799122452735901
1776175885593,0.11904999613761902,0.0,5618.29248046875,89.55403900146484,0.5800133943557739
1776175885613,0.1547500193119049,0.0,5619.11474609375,89.36328125,0.5802515745162964
1776175885634,0.20634999871253967,0.0,5619.56201171875,89.18980407714844,0.580349326133728
1776175885653,0.25394999980926514,0.0,5619.93408203125,89.05107116699219,0.5804693698883057
1776175885673,0.29760000109672546,0.0,5620.3798828125,88.89955139160156,0.5805684924125671
1776175885694,0.3412500023841858,0.0,5620.7509765625,88.75994873046875,0.5806844830513
1776175885713,0.361050009727478,0.0,5621.56591796875,88.6440658569336,0.5809015035629272
1776175885734,0.36900001764297485,0.0,5622.009765625,88.51923370361328,0.5810214281082153
1776175885753,0.36900001764297485,0.0,5622.45263671875,88.41046142578125,0.5811198353767395
1776175885773,0.3650500178337097,0.0,5622.8212890625,88.3270492553711,0.5812374353408813
1776175885793,0.3571000099182129,0.0,5623.26318359375,88.23942565917969,0.5813350081443787
1776175885813,0.34915000200271606,0.0,5624.07275390625,88.16141510009766,0.5815491676330566
1776175885835,0.3372499942779541,0.0,5624.43994140625,88.07898712158203,0.5816672444343567
1776175885853,0.33329999446868896,0.0,5624.88037109375,88.02154541015625,0.5817631483078003
1776175885874,0.32934999465942383,0.0,5625.2470703125,87.94245147705078,0.5818796753883362
1776175885893,0.32934999465942383,0.0,5625.68701171875,87.87464141845703,0.5819963812828064
1776175885913,0.3372499942779541,0.0,5626.4921875,87.78819274902344,0.5822137594223022
1776175885934,0.3412500023841858,0.0,5626.93115234375,87.70299530029297,0.5823110342025757
1776175885954,0.3412500023841858,0.0,5627.29638671875,87.61734771728516,0.5824251770973206
1776175885974,0.3452000021934509,0.0,5627.734375,87.54962158203125,0.5825220942497253
1776175885993,0.3452000021934509,0.0,5628.09912109375,87.48086547851562,0.5826413631439209
1776175886014,0.3412500023841858,0.0,5628.90185546875,87.42424774169922,0.5828539133071899
1776175886034,0.3372499942779541,0.0,5629.33935546875,87.37017059326172,0.5829723477363586
1776175886053,0.32934999465942383,0.0,5629.7763671875,87.32364654541016,0.5830653309822083
1776175886073,0.32534998655319214,0.0,5630.140625,87.28803253173828,0.5831831097602844
1776175886094,0.32534998655319214,0.0,5630.57763671875,87.24629211425781,0.5832793116569519
1776175886113,0.33329999446868896,0.0,5631.37890625,87.20195007324219,0.5834921598434448
1776175886133,0.3452000021934509,0.0,5631.74267578125,87.1671142578125,0.5836094617843628
1776175886153,0.361050009727478,0.0,5632.17919921875,87.13015747070312,0.58370441198349
1776175886173,0.37299999594688416,0.0,5632.54296875,87.09104919433594,0.5838236808776855
1776175886193,0.3968000113964081,0.0,5632.97900390625,87.05978393554688,0.5839182734489441
1776175886213,0.4205999970436096,0.0,5633.77783203125,87.03211212158203,0.5841317772865295
1776175886234,0.4562999904155731,0.0,5634.140625,87.00868225097656,0.5842484831809998
1776175886253,0.4959999918937683,0.0,5634.57568359375,86.9935302734375,0.5843619108200073
1776175886273,0.5351499915122986,0.0,5635.0107421875,86.99445343017578,0.5844593644142151
1776175886293,0.5976499915122986,0.0,5635.373046875,87.0002212524414,0.5845746397972107
1776175886313,0.6288999915122986,0.0,5636.17041015625,87.0211410522461,0.5847910642623901
1776175886337,0.6875,0.0,5636.60546875,87.06398010253906,0.5849075317382812
1776175886353,0.7070499658584595,0.0,5637.04052734375,87.11307525634766,0.5850032567977905
1776175886373,0.7148500084877014,0.0,5637.4033203125,87.17295837402344,0.5851205587387085
1776175886393,0.7148500084877014,0.0,5637.8388671875,87.2464599609375,0.5852187871932983
1776175886413,0.7109500169754028,0.0,5638.63818359375,87.34524536132812,0.585432767868042
1776175886433,0.7070499658584595,0.0,5639.001953125,87.43950653076172,0.5855469703674316
1776175886453,0.6991999745368958,0.0,5639.43896484375,87.54905700683594,0.5856475234031677
1776175886473,0.6952999830245972,0.0,5639.8037109375,87.66691589355469,0.5857657790184021
1776175886494,0.6952999830245972,0.0,5640.24169921875,87.80522918701172,0.5858815908432007
1776175886513,0.6952999830245972,0.0,5641.04638671875,87.92627716064453,0.5860990881919861
1776175886533,0.6952999830245972,0.0,5641.486328125,88.0551528930664,0.586196780204773
1776175886553,0.7030999660491943,0.0,5641.853515625,88.17864227294922,0.5863153338432312
1776175886573,0.7109500169754028,0.0,5642.29443359375,88.3271713256836,0.5864134430885315
1776175886593,0.7265499830245972,0.0,5642.662109375,88.47290802001953,0.5865312814712524
1776175886614,0.7422000169754028,0.0,5643.47265625,88.60247039794922,0.5867523550987244
1776175886634,0.7577999830245972,0.0,5643.91552734375,88.77090454101562,0.5868696570396423
1776175886653,0.7655999660491943,0.0,5644.359375,88.93501281738281,0.5869701504707336
1776175886673,0.7695499658584595,0.0,5644.72998046875,89.06094360351562,0.5870908498764038
1776175886693,0.7695499658584595,0.0,5645.1748046875,89.24284362792969,0.5871914625167847
1776175886713,0.7734500169754028,0.0,5645.99267578125,89.44776916503906,0.5874121189117432
1776175886733,0.7773499488830566,0.0,5646.365234375,89.62239074707031,0.5875349640846252
1776175886753,0.7851499915122986,0.0,5646.81298828125,89.82736206054688,0.5876350998878479
1776175886774,0.7968499660491943,0.0,5647.18701171875,90.05284118652344,0.5877587795257568
1776175886794,0.8007999658584595,0.0,5647.63671875,90.25297546386719,0.5878594517707825
1776175886813,0.8007999658584595,0.0,5648.46337890625,90.47515106201172,0.5881010293960571
1776175886834,0.8007999658584595,0.0,5648.91552734375,90.73715209960938,0.5882047414779663
1776175886853,0.7929500341415405,0.0,5649.29345703125,90.9596176147461,0.5883272290229797
1776175886873,0.7890499830245972,0.0,5649.74755859375,91.2173080444336,0.5884302854537964
1776175886893,0.7851499915122986,0.0,5650.126953125,91.471923828125,0.5885334014892578
1776175886913,0.78125,0.0,5650.9638671875,91.6809310913086,0.5887822508811951
1776175886933,0.7929500341415405,0.0,5651.421875,91.92645263671875,0.5889090299606323
1776175886953,0.8163999915122986,0.0,5651.880859375,92.19544982910156,0.5890133380889893
1776175886973,0.8554500341415405,0.0,5652.2646484375,92.43862915039062,0.589138925075531
1776175886993,0.9218499660491943,0.0,5652.72607421875,92.7292251586914,0.589243471622467
1776175887015,1.0,0.0,5653.5751953125,93.03838348388672,0.5894781351089478
1776175887034,1.0,0.0,5653.962890625,93.36823272705078,0.5896040797233582
1776175887053,1.0,0.0,5654.42919921875,93.66439819335938,0.5897120237350464
1776175887073,1.0,0.0,5654.81884765625,94.01152801513672,0.5898413062095642
1776175887093,1.0,0.0,5655.2880859375,94.30523681640625,0.5899695158004761
1776175887114,1.0,0.0,5656.1513671875,94.64643096923828,0.5902087688446045
1776175887134,1.0,0.0,5656.62451171875,95.00736999511719,0.5903170704841614
1776175887154,1.0,0.0,5657.02001953125,95.33441925048828,0.5904474854469299
1776175887173,1.0,0.0,5657.49609375,95.61155700683594,0.5905573964118958
1776175887193,1.0,0.0,5657.8935546875,95.95645141601562,0.5906901359558105
1776175887213,1.0,0.0,5658.77197265625,96.25152587890625,0.5909340381622314
1776175887234,1.0,0.0,5659.2529296875,96.5773696899414,0.5910671949386597
1776175887253,1.0,0.0,5659.7353515625,96.90064239501953,0.5911791324615479
1776175887273,1.0,0.0,5660.13818359375,97.17848205566406,0.591313898563385
1776175887293,1.0,0.0,5660.623046875,97.49932861328125,0.5914261937141418
1776175887313,1.0,0.0,5661.51611328125,97.82099914550781,0.5916734933853149
1776175887334,1.0,0.0,5661.92333984375,98.10819244384766,0.5918106436729431
1776175887353,1.0,0.0,5662.41357421875,98.43297576904297,0.5919243693351746
1776175887373,1.0,0.0,5662.8232421875,98.74844360351562,0.5920615196228027
1776175887393,1.0,0.0,5663.31591796875,99.02301025390625,0.5921759605407715
1776175887414,1.0,0.0,5664.22265625,99.3477783203125,0.5924522280693054
1776175887434,1.0,0.0,5664.71923828125,99.6621322631836,0.5925686955451965
1776175887453,1.0,0.0,5665.1337890625,99.91304016113281,0.5927074551582336
1776175887473,1.0,0.0,5665.6328125,100.19741821289062,0.5928237438201904
1776175887493,1.0,0.0,5666.04931640625,100.49128723144531,0.5929642915725708
1776175887513,1.0,0.0,5666.96875,100.74922943115234,0.5932213068008423
1776175887534,1.0,0.0,5667.47216796875,101.0541763305664,0.5933627486228943
1776175887553,1.0,0.0,5667.97705078125,101.36007690429688,0.5934797525405884
1776175887573,1.0,0.0,5668.39892578125,101.60884094238281,0.5936232209205627
1776175887593,1.0,0.0,5668.90625,101.88311767578125,0.5937412977218628
1776175887613,1.0,0.0,5669.83935546875,102.16796112060547,0.5940049886703491
1776175887633,1.0,0.0,5670.2646484375,102.42623138427734,0.5941475033760071
1776175887653,1.0,0.0,5670.7763671875,102.72307586669922,0.5942686796188354
1776175887673,1.0,0.0,5671.20361328125,103.00770568847656,0.5944133400917053
1776175887693,1.0,0.0,5671.7177734375,103.26213073730469,0.5945584177970886
1776175887713,1.0,0.0,5672.66357421875,103.56421661376953,0.5948256850242615
1776175887734,1.0,0.0,5673.18115234375,103.8573989868164,0.5949476361274719
1776175887753,1.0,0.0,5673.61376953125,104.1046371459961,0.595091700553894
1776175887774,1.0,0.0,5674.1337890625,104.39546203613281,0.5952162146568298
1776175887793,1.0,0.0,5674.56787109375,104.69133758544922,0.5953636765480042
1776175887813,1.0,0.0,5675.5263671875,104.9532470703125,0.5956328511238098
1776175887834,1.0,0.0,5676.05126953125,105.25236511230469,0.5957809686660767
1776175887853,1.0,0.0,5676.5771484375,105.54118347167969,0.5959051251411438
1776175887873,1.0,0.0,5677.0166015625,105.79193115234375,0.5960566401481628
1776175887893,1.0,0.0,5677.544921875,106.09229278564453,0.5961787700653076
1776175887913,1.0,0.0,5678.5166015625,106.37919616699219,0.5964571237564087
1776175887934,1.0,0.0,5678.95947265625,106.6324234008789,0.596606433391571
1776175887955,1.0,0.0,5679.4921875,106.98448181152344,0.5967320203781128
1776175887976,1.0,0.0,5679.93701171875,107.28040313720703,0.596883237361908
1776175887993,1.0,0.0,5680.47216796875,107.48715209960938,0.5970359444618225
1776175888013,1.0,0.0,5681.45703125,107.78063201904297,0.5973154306411743
1776175888034,1.0,0.0,5681.99609375,108.08137512207031,0.5974411964416504
1776175888054,1.0,0.0,5682.4462890625,108.39447784423828,0.5975946187973022
1776175888073,1.0,0.0,5682.98779296875,108.65283203125,0.5977252125740051
1776175888093,1.0,0.0,5683.43994140625,108.94181823730469,0.59787917137146
1776175888113,1.0,0.0,5684.43798828125,109.19905090332031,0.5981655716896057
1776175888135,1.0,0.0,5684.984375,109.55425262451172,0.5983205437660217
1776175888153,1.0,0.0,5685.53173828125,109.80719757080078,0.5984503030776978
1776175888173,1.0,0.0,5685.98876953125,110.06161499023438,0.5986068844795227
1776175888194,1.0,0.0,5686.53857421875,110.35494995117188,0.5987371802330017
1776175888214,1.0,0.0,5687.54931640625,110.64261627197266,0.5990254282951355
1776175888233,1.0,0.0,5688.01025390625,110.89732360839844,0.5991897583007812
1776175888253,1.0,0.0,5688.564453125,111.19049072265625,0.5993208289146423
1776175888273,1.0,0.0,5689.02734375,111.48250579833984,0.599448561668396
1776175888293,1.0,0.0,5689.4912109375,111.73595428466797,0.5996354222297668
1776175888313,1.0,0.0,5690.607421875,112.02810668945312,0.5999309420585632
1776175888333,1.0,0.0,5691.16748046875,112.3145751953125,0.6000630259513855
1776175888354,1.0,0.0,5691.63525390625,112.6071548461914,0.6002193689346313
1776175888374,1.0,0.0,5692.197265625,112.84697723388672,0.6003561615943909
1776175888393,1.0,0.0,5692.66650390625,113.12452697753906,0.6005169749259949
1776175888413,1.0,0.0,5693.7021484375,113.37733459472656,0.6008126139640808
1776175888433,1.0,0.0,5694.2685546875,113.66490936279297,0.6009765267372131
1776175888453,1.0,0.0,5694.83642578125,113.95384216308594,0.6011118292808533
1776175888473,1.0,0.0,5695.310546875,114.20372009277344,0.6012742519378662
1776175888493,1.0,0.0,5695.88037109375,114.47660827636719,0.6014086604118347
1776175888513,1.0,0.0,5696.9287109375,114.74080657958984,0.6017112135887146
1776175888534,1.0,0.0,5697.40625,115.02084350585938,0.6018766760826111
1776175888554,1.0,0.0,5697.98046875,115.2762680053711,0.6020113229751587
1776175888573,1.0,0.0,5698.4599609375,115.57051086425781,0.6021762490272522
1776175888594,1.0,0.0,5699.03662109375,115.81526947021484,0.6023424863815308
1776175888613,1.0,0.0,5700.09716796875,116.08745574951172,0.6026450395584106
1776175888634,1.0,0.0,5700.67724609375,116.3704833984375,0.6027884483337402
1776175888653,1.0,0.0,5701.16162109375,116.6224136352539,0.6029476523399353
1776175888673,1.0,0.0,5701.744140625,116.89591217041016,0.6030917167663574
1776175888693,1.0,0.0,5702.23046875,117.15094757080078,0.6032560467720032
1776175888713,1.0,0.0,5703.302734375,117.3749771118164,0.6035601496696472
1776175888733,1.0,0.0,5703.88916015625,117.63442993164062,0.603728175163269
1776175888753,1.0,0.0,5704.4765625,117.89332580566406,0.6038703322410583
1776175888774,1.0,0.0,5704.966796875,118.15652465820312,0.6040362119674683
1776175888793,1.0,0.0,5705.55615234375,118.39456176757812,0.6041745543479919
1776175888813,1.0,0.0,5706.6396484375,118.6675033569336,0.6044813394546509
1776175888833,1.0,0.0,5707.1337890625,118.90156555175781,0.6046537160873413
1776175888853,1.0,0.0,5707.7275390625,119.18189239501953,0.604793906211853
1776175888873,1.0,0.0,5708.22314453125,119.46499633789062,0.6049647927284241
1776175888893,1.0,0.0,5708.8193359375,119.6996841430664,0.605135977268219
1776175888913,1.0,0.0,5709.9150390625,119.97125244140625,0.6054478287696838
1776175888934,1.0,0.0,5710.5146484375,120.22843933105469,0.6055900454521179
1776175888953,1.0,0.0,5711.01513671875,120.4476547241211,0.6057597398757935
1776175888973,1.0,0.0,5711.61669921875,120.6244125366211,0.6059010624885559
1776175888993,1.0,0.0,5712.11865234375,120.624755859375,0.6060760617256165
1776175889013,1.0,0.0,5713.22412109375,120.60468292236328,0.606391429901123
1776175889033,1.0,0.0,5713.82666015625,120.59778594970703,0.6065313220024109
1776175889053,1.0,0.0,5714.32861328125,120.5911636352539,0.6067032814025879
1776175889073,1.0,0.0,5714.93115234375,120.58196258544922,0.6068745851516724
1776175889093,1.0,0.0,5715.53369140625,120.57571411132812,0.6070167422294617
1776175889113,1.0,0.0,5716.6376953125,120.5687255859375,0.6073330044746399
1776175889134,1.0,0.0,5717.1396484375,120.56245422363281,0.6075042486190796
1776175889153,1.0,0.0,5717.74169921875,120.55072021484375,0.6076473593711853
1776175889173,1.0,0.0,5718.24365234375,120.5439682006836,0.6078183650970459
1776175889193,1.0,0.0,5718.845703125,120.53826904296875,0.6079902648925781
1776175889213,1.0,0.0,5719.94970703125,120.53046417236328,0.6083024144172668
1776175889234,1.0,0.0,5720.5517578125,120.52555084228516,0.6084439158439636
1776175889253,1.0,0.0,5721.0537109375,120.58141326904297,0.6086153984069824
1776175889274,1.0,0.0,5721.65576171875,120.98160552978516,0.6087589263916016
1776175889293,1.0,0.0,5722.158203125,121.40721893310547,0.6089274883270264
1776175889315,1.0,0.0,5723.26904296875,121.86824798583984,0.609242856502533
1776175889333,1.0,0.0,5723.8779296875,122.22933959960938,0.609419047832489
1776175889353,1.0,0.0,5724.48876953125,122.58872985839844,0.60956209897995
1776175889373,1.0,0.0,5724.9990234375,122.84355926513672,0.6097372770309448
1776175889393,1.0,0.0,5725.61279296875,123.11236572265625,0.609883725643158
1776175889413,1.0,0.0,5726.74072265625,123.37432098388672,0.6101993322372437
1776175889436,1.0,0.0,5727.2548828125,123.63916015625,0.6103752851486206
1776175889453,1.0,0.0,5727.873046875,123.8873519897461,0.6105244755744934
1776175889473,1.0,0.0,5728.388671875,124.1495590209961,0.6106991767883301
1776175889493,1.0,0.0,5729.0087890625,124.37792205810547,0.6108735203742981
1776175889513,1.0,0.0,5730.1484375,124.6439437866211,0.611198902130127
1776175889534,1.0,0.0,5730.771484375,124.9129409790039,0.6113470792770386
1776175889553,1.0,0.0,5731.29150390625,125.15017700195312,0.6115225553512573
1776175889573,1.0,0.0,5731.91650390625,125.4272232055664,0.611669659614563
1776175889593,1.0,0.0,5732.4384765625,125.69932556152344,0.6118432879447937
1776175889613,1.0,0.0,5733.5888671875,125.9180908203125,0.6121740341186523
1776175889634,1.0,0.0,5734.2177734375,126.1726303100586,0.6123507618904114
1776175889653,1.0,0.0,5734.84814453125,126.45720672607422,0.6125000715255737
1776175889674,1.0,0.0,5735.3740234375,126.74214935302734,0.6126775741577148
1776175889693,1.0,0.0,5736.00634765625,126.96870422363281,0.6128261685371399
1776175889713,1.0,0.0,5737.1689453125,127.23454284667969,0.6131543517112732
1776175889733,1.0,0.0,5737.69873046875,127.45023345947266,0.6133352518081665
1776175889753,1.0,0.0,5738.33544921875,127.75761413574219,0.6135144829750061
1776175889773,1.0,0.0,5738.9736328125,128.0454864501953,0.6136645078659058
1776175889793,1.0,0.0,5739.50634765625,128.27366638183594,0.6138447523117065
1776175889813,1.0,0.0,5740.6806640625,128.53155517578125,0.614175021648407
1776175889833,1.0,0.0,5741.32275390625,128.78530883789062,0.6143269538879395
1776175889853,1.0,0.0,5741.85888671875,129.0160675048828,0.6145081520080566
1776175889873,1.0,0.0,5742.50341796875,129.3013916015625,0.6146602034568787
1776175889893,1.0,0.0,5743.04150390625,129.59906005859375,0.6148399710655212
1776175889913,1.0,0.0,5744.33642578125,129.85000610351562,0.6151753664016724
1776175889933,1.0,0.0,5744.87744140625,130.1175994873047,0.6153581738471985
1776175889953,1.0,0.0,5745.52783203125,130.3372039794922,0.6155074238777161
1776175889973,1.0,0.0,5746.0703125,130.57252502441406,0.615693986415863
1776175889993,1.0,0.0,5746.72216796875,130.89154052734375,0.6158469319343567
1776175890013,1.0,0.0,5747.9208984375,131.17449951171875,0.616184651851654
1776175890033,1.0,0.0,5748.46728515625,131.39486694335938,0.6163697242736816
1776175890053,1.0,0.0,5749.1240234375,131.65711975097656,0.6165497303009033
1776175890074,1.0,0.0,5749.671875,131.93292236328125,0.6167088150978088
1776175890093,1.0,0.0,5750.33056640625,132.17254638671875,0.6168944835662842
1776175890113,1.0,0.0,5751.541015625,132.4412841796875,0.6172343492507935
1776175890134,1.0,0.0,5752.203125,132.7168731689453,0.6173866987228394
1776175890153,1.0,0.0,5752.755859375,132.9515838623047,0.6175743937492371
1776175890173,1.0,0.0,5753.419921875,133.21502685546875,0.6177304983139038
1776175890193,1.0,0.0,5753.97412109375,133.4757843017578,0.6179159879684448
1776175890213,1.0,0.0,5755.1962890625,133.70266723632812,0.6182579398155212
1776175890234,1.0,0.0,5755.86474609375,133.9966583251953,0.6184483170509338
1776175890253,1.0,0.0,5756.5341796875,134.25479125976562,0.6186048984527588
1776175890273,1.0,0.0,5757.09326171875,134.44471740722656,0.6187938451766968
1776175890293,1.0,0.0,5757.7646484375,134.71519470214844,0.6189491152763367
1776175890313,1.0,0.0,5758.9990234375,135.01116943359375,0.6192960739135742
1776175890334,1.0,0.0,5759.5615234375,135.27896118164062,0.6194833517074585
1776175890353,1.0,0.0,5760.2373046875,135.49099731445312,0.6196436882019043
1776175890373,1.0,0.0,5760.80126953125,135.7418975830078,0.619835615158081
1776175890393,1.0,0.0,5761.47900390625,135.9747772216797,0.6200242042541504
1776175890413,1.0,0.0,5762.72412109375,136.2451171875,0.6203764081001282
1776175890433,1.0,0.0,5763.40478515625,136.49179077148438,0.6205338835716248
1776175890453,1.0,0.0,5763.97314453125,136.70877075195312,0.6207258701324463
1776175890474,1.0,0.0,5764.65625,136.97329711914062,0.6208831071853638
1776175890493,1.0,0.0,5765.22607421875,137.2534637451172,0.621076762676239
1776175890513,1.0,0.0,5766.48291015625,137.47756958007812,0.6214283108711243
1776175890533,1.0,0.0,5767.17041015625,137.72633361816406,0.6216223835945129
1776175890553,1.0,0.0,5767.85888671875,137.96685791015625,0.6217820644378662
1776175890574,1.0,0.0,5768.43310546875,138.19851684570312,0.6219765543937683
1776175890594,1.0,0.0,5769.12353515625,138.46527099609375,0.6221351623535156
1776175890614,1.0,0.0,5770.39208984375,138.71914672851562,0.622490644454956
1776175890634,1.0,0.0,5770.9697265625,138.9357452392578,0.6226866245269775
1776175890653,1.0,0.0,5771.6640625,139.17906188964844,0.6228815317153931
1776175890673,1.0,0.0,5772.24365234375,139.4276580810547,0.6230442523956299
1776175890693,1.0,0.0,5772.93994140625,139.65309143066406,0.6232374310493469
1776175890713,1.0,0.0,5774.21923828125,139.89645385742188,0.6235968470573425
1776175890735,1.0,0.0,5774.91845703125,140.1437225341797,0.623760998249054
1776175890753,1.0,0.0,5775.501953125,140.36000061035156,0.6239559054374695
1776175890773,1.0,0.0,5776.203125,140.61390686035156,0.624120831489563
1776175890793,1.0,0.0,5776.7880859375,140.8590545654297,0.6243177652359009
1776175890813,1.0,0.0,5778.1953125,141.08534240722656,0.6246801614761353
1776175890833,1.0,0.0,5778.78271484375,141.309326171875,0.6248767375946045
1776175890853,1.0,0.0,5779.48876953125,141.54617309570312,0.6250448226928711
1776175890873,1.0,0.0,5780.078125,141.7779083251953,0.6252415776252747
1776175890893,1.0,0.0,5780.7861328125,142.0274658203125,0.6254082918167114
1776175890913,1.0,0.0,5782.0869140625,142.27125549316406,0.6257725954055786
1776175890933,1.0,0.0,5782.6796875,142.4964141845703,0.6259720921516418
1776175890953,1.0,0.0,5783.39208984375,142.7561798095703,0.6261699795722961
1776175890973,1.0,0.0,5784.10546875,142.99766540527344,0.6263397336006165
1776175890993,1.0,0.0,5784.70068359375,143.19595336914062,0.6265377998352051
1776175891013,1.0,0.0,5786.0126953125,143.439208984375,0.6269071102142334
1776175891034,1.0,0.0,5786.7294921875,143.697265625,0.6270729303359985
1776175891053,1.0,0.0,5787.32763671875,143.89625549316406,0.6272749900817871
1776175891073,1.0,0.0,5788.04638671875,144.12664794921875,0.627442479133606
1776175891093,1.0,0.0,5788.64599609375,144.3723907470703,0.6276460289955139
1776175891113,1.0,0.0,5790.08837890625,144.59332275390625,0.6280168890953064
1776175891134,1.0,0.0,5790.69091796875,144.8260040283203,0.6282213926315308
1776175891153,1.0,0.0,5791.41455078125,145.0569305419922,0.6283906102180481
1776175891173,1.0,0.0,5792.0185546875,145.265380859375,0.6285929679870605
1776175891193,1.0,0.0,5792.744140625,145.51132202148438,0.628762423992157
1776175891213,1.0,0.0,5794.0771484375,145.74566650390625,0.6291371583938599
1776175891234,1.0,0.0,5794.6845703125,145.9755859375,0.6293396353721619
1776175891253,1.0,0.0,5795.4140625,146.19203186035156,0.629513144493103
1776175891273,1.0,0.0,5796.02294921875,146.42677307128906,0.629716694355011
1776175891293,1.0,0.0,5796.75439453125,146.62892150878906,0.6299218535423279
1776175891313,1.0,0.0,5798.09814453125,146.85964965820312,0.6303007006645203
1776175891333,1.0,0.0,5798.83251953125,147.09136962890625,0.6304697394371033
1776175891353,1.0,0.0,5799.4453125,147.30142211914062,0.6306774616241455
1776175891374,1.0,0.0,5800.18115234375,147.52395629882812,0.6308487057685852
1776175891393,1.0,0.0,5800.79541015625,147.7557373046875,0.6310567259788513
1776175891413,1.0,0.0,5802.27197265625,147.95248413085938,0.6314363479614258
1776175891434,1.0,0.0,5802.88818359375,148.16612243652344,0.6316437125205994
1776175891453,1.0,0.0,5803.62841796875,148.3848876953125,0.631815493106842
1776175891473,1.0,0.0,5804.24609375,148.59071350097656,0.6320218443870544
1776175891493,1.0,0.0,5804.98828125,148.82032775878906,0.6321995258331299
1776175891513,1.0,0.0,5806.3515625,149.04635620117188,0.6325796246528625
1776175891533,1.0,0.0,5806.97216796875,149.24017333984375,0.6327905654907227
1776175891553,1.0,0.0,5807.71826171875,149.46881103515625,0.6329652070999146
1776175891573,1.0,0.0,5808.3408203125,149.68972778320312,0.6331730484962463
1776175891593,1.0,0.0,5809.08837890625,149.8837890625,0.6333834528923035
1776175891613,1.0,0.0,5810.46142578125,150.11256408691406,0.6337694525718689
1776175891634,1.0,0.0,5811.2119140625,150.3234100341797,0.6339425444602966
1776175891653,1.0,0.0,5811.837890625,150.51121520996094,0.6341549754142761
1776175891673,1.0,0.0,5812.58984375,150.72442626953125,0.6343311071395874
1776175891693,1.0,0.0,5813.21728515625,150.93775939941406,0.6345407962799072
1776175891713,1.0,0.0,5814.60009765625,151.13446044921875,0.6349286437034607
1776175891734,1.0,0.0,5815.35546875,151.35989379882812,0.6351402997970581
1776175891753,1.0,0.0,5816.11181640625,151.57431030273438,0.6353184580802917
1776175891774,1.0,0.0,5816.7431640625,151.7647705078125,0.635531485080719
1776175891793,1.0,0.0,5817.50146484375,151.98973083496094,0.6357077360153198
1776175891813,1.0,0.0,5818.89404296875,152.19140625,0.6360996961593628
1776175891833,1.0,0.0,5819.52783203125,152.37257385253906,0.6363109350204468
1776175891853,1.0,0.0,5820.28955078125,152.59564208984375,0.6364913582801819
1776175891874,1.0,0.0,5820.9248046875,152.82192993164062,0.6367039084434509
1776175891893,1.0,0.0,5821.68798828125,152.99749755859375,0.6369178891181946
1776175891913,1.0,0.0,5823.08935546875,153.1997833251953,0.6373112201690674
1776175891934,1.0,0.0,5823.85498046875,153.41551208496094,0.6374890804290771
1776175891953,1.0,0.0,5824.49365234375,153.59039306640625,0.637704610824585
1776175891973,1.0,0.0,5825.2607421875,153.79034423828125,0.6378831267356873
1776175891993,1.0,0.0,5825.90087890625,154.0045928955078,0.6380988955497742
1776175892013,1.0,0.0,5827.43994140625,154.2009735107422,0.6384976506233215
1776175892034,1.0,0.0,5828.08251953125,154.41275024414062,0.6387113928794861
1776175892053,1.0,0.0,5828.8544921875,154.62310791015625,0.6388929486274719
1776175892073,1.0,0.0,5829.49853515625,154.79844665527344,0.639110267162323
1776175892093,1.0,0.0,5830.27197265625,155.01429748535156,0.6392894387245178
1776175892113,1.0,0.0,5831.69287109375,155.22586059570312,0.6397255063056946
1776175892133,1.0,0.0,5832.46923828125,155.40200805664062,0.6399053931236267
1776175892153,1.0,0.0,5833.11669921875,155.61354064941406,0.6401228308677673
1776175892173,1.0,0.0,5833.7646484375,155.8092041015625,0.6403037309646606
1776175892193,1.0,0.0,5834.54296875,155.98728942871094,0.6405236124992371
1776175892213,1.0,0.0,5835.97216796875,156.1912841796875,0.6409251689910889
1776175892233,1.0,0.0,5836.7529296875,156.38218688964844,0.6411064267158508
1776175892253,1.0,0.0,5837.404296875,156.55767822265625,0.6413270831108093
1776175892273,1.0,0.0,5838.1865234375,156.7803497314453,0.6415477395057678
1776175892293,1.0,0.0,5838.9697265625,156.96920776367188,0.6417284607887268
1776175892313,1.0,0.0,5840.40771484375,157.13128662109375,0.6421336531639099
1776175892334,1.0,0.0,5841.0625,157.34107971191406,0.6423543691635132
1776175892353,1.0,0.0,5841.8486328125,157.54051208496094,0.6425383687019348
1776175892374,1.0,0.0,5842.50439453125,157.71754455566406,0.6427576541900635
1776175892393,1.0,0.0,5843.29248046875,157.91384887695312,0.6429417729377747
1776175892413,1.0,0.0,5844.7392578125,158.10247802734375,0.6433846950531006
1776175892434,1.0,0.0,5845.52978515625,158.28448486328125,0.6435692310333252
1776175892453,1.0,0.0,5846.189453125,158.4988250732422,0.6437915563583374
1776175892473,1.0,0.0,5846.9814453125,158.69863891601562,0.6439770460128784
1776175892494,1.0,0.0,5847.64208984375,158.86083984375,0.644199013710022
1776175892513,1.0,0.0,5849.09814453125,159.06178283691406,0.6446080207824707
1776175892533,1.0,0.0,5849.8935546875,159.23074340820312,0.6447944045066833
1776175892553,1.0,0.0,5850.556640625,159.42037963867188,0.645016610622406
1776175892573,1.0,0.0,5851.353515625,159.6238555908203,0.6452027559280396
1776175892593,1.0,0.0,5852.01806640625,159.82330322265625,0.6454252004623413
1776175892613,1.0,0.0,5853.615234375,159.9794464111328,0.6458375453948975
1776175892633,1.0,0.0,5854.28173828125,160.16970825195312,0.646063506603241
1776175892653,1.0,0.0,5855.08203125,160.3610076904297,0.6462498903274536
1776175892673,1.0,0.0,5855.74951171875,160.52557373046875,0.6464743614196777
1776175892693,1.0,0.0,5856.5517578125,160.7171173095703,0.6466639637947083
1776175892713,1.0,0.0,5858.0244140625,160.91842651367188,0.6470768451690674
1776175892734,1.0,0.0,5858.69482421875,161.1179962158203,0.6473023295402527
1776175892753,1.0,0.0,5859.5,161.29319763183594,0.647528886795044
1776175892773,1.0,0.0,5860.30615234375,161.4838104248047,0.6477175354957581
1776175892793,1.0,0.0,5860.978515625,161.64512634277344,0.6479435563087463
1776175892813,1.0,0.0,5862.45947265625,161.8173828125,0.6483597159385681
1776175892834,1.0,0.0,5863.26806640625,161.98565673828125,0.6485494375228882
1776175892853,1.0,0.0,5863.9423828125,162.1483612060547,0.6487748622894287
1776175892873,1.0,0.0,5864.75244140625,162.3538055419922,0.6490032076835632
1776175892893,1.0,0.0,5865.56396484375,162.57882690429688,0.6491921544075012
1776175892913,1.0,0.0,5867.0537109375,162.7453155517578,0.6496117115020752
1776175892934,1.0,0.0,5867.73193359375,162.92095947265625,0.6498408913612366
1776175892953,1.0,0.0,5868.54638671875,163.0812225341797,0.6500295996665955
1776175892973,1.0,0.0,5869.2255859375,163.2561798095703,0.6502600908279419
1776175892993,1.0,0.0,5870.04150390625,163.45614624023438,0.6504502296447754
1776175893013,1.0,0.0,5871.53955078125,163.6462860107422,0.650908887386322
1776175893034,1.0,0.0,5872.35791015625,163.80694580078125,0.6510995030403137
1776175893053,1.0,0.0,5873.04052734375,164.00184631347656,0.6513292193412781
1776175893073,1.0,0.0,5873.8603515625,164.1884765625,0.651522159576416
1776175893093,1.0,0.0,5874.5439453125,164.3366241455078,0.6517523527145386
1776175893113,1.0,0.0,5876.0498046875,164.5051727294922,0.6521739363670349
1776175893133,1.0,0.0,5876.8720703125,164.68814086914062,0.6523674726486206
1776175893153,1.0,0.0,5877.55810546875,164.85263061523438,0.6525978446006775
1776175893173,1.0,0.0,5878.3818359375,165.03884887695312,0.6528295278549194
1776175893193,1.0,0.0,5879.20654296875,165.2238311767578,0.6530216336250305
1776175893213,1.0,0.0,5880.720703125,165.38217163085938,0.6534460783004761
1776175893233,1.0,0.0,5881.40966796875,165.5583038330078,0.6536780595779419
1776175893253,1.0,0.0,5882.23681640625,165.73025512695312,0.6538715958595276
1776175893273,1.0,0.0,5882.9267578125,165.88417053222656,0.6541045308113098
1776175893293,1.0,0.0,5883.75537109375,166.04840087890625,0.6542973518371582
1776175893313,1.0,0.0,5885.2763671875,166.24139404296875,0.654724657535553
1776175893335,1.0,0.0,5885.96875,166.43832397460938,0.6549591422080994
1776175893353,1.0,0.0,5886.80029296875,166.59413146972656,0.6551913022994995
1776175893373,1.0,0.0,5887.6328125,166.7674102783203,0.6553860306739807
1776175893393,1.0,0.0,5888.3271484375,166.92185974121094,0.6556199789047241
1776175893413,1.0,0.0,5889.85693359375,167.11207580566406,0.6560494899749756
1776175893434,1.0,0.0,5890.6923828125,167.30026245117188,0.6562455892562866
1776175893455,1.0,0.0,5891.38916015625,167.47496032714844,0.6564784049987793
1776175893473,1.0,0.0,5892.22607421875,167.6283416748047,0.6566738486289978
1776175893493,1.0,0.0,5892.92431640625,167.80418395996094,0.6569096446037292
1776175893513,1.0,0.0,5894.4619140625,167.9550323486328,0.6573418974876404
1776175893534,1.0,0.0,5895.3017578125,168.14126586914062,0.6575762033462524
1776175893553,1.0,0.0,5896.142578125,168.31326293945312,0.657773494720459
1776175893573,1.0,0.0,5896.84375,168.45822143554688,0.6580095887184143
1776175893593,1.0,0.0,5897.685546875,168.62387084960938,0.6582066416740417
1776175893614,1.0,0.0,5899.23095703125,168.79153442382812,0.6586399674415588
1776175893634,1.0,0.0,5899.93408203125,168.9499969482422,0.6588774919509888
1776175893653,1.0,0.0,5900.77880859375,169.11936950683594,0.65911465883255
1776175893673,1.0,0.0,5901.6240234375,169.28041076660156,0.6593109965324402
1776175893693,1.0,0.0,5902.3291015625,169.4280242919922,0.6595478653907776
1776175893713,1.0,0.0,5903.8818359375,169.5924835205078,0.659984290599823
1776175893734,1.0,0.0,5904.72998046875,169.7592010498047,0.6601820588111877
1776175893753,1.0,0.0,5905.43701171875,169.89515686035156,0.6604207754135132
1776175893773,1.0,0.0,5906.28662109375,170.07760620117188,0.6606579422950745
1776175893793,1.0,0.0,5907.13671875,170.24093627929688,0.660857617855072
1776175893813,1.0,0.0,5908.69677734375,170.374755859375,0.6612951159477234
1776175893834,1.0,0.0,5909.40673828125,170.5071563720703,0.6615342497825623
1776175893853,1.0,0.0,5910.25927734375,170.68931579589844,0.6617324948310852
1776175893873,1.0,0.0,5910.97021484375,170.8374481201172,0.6619721055030823
1776175893893,1.0,0.0,5911.82373046875,170.9743194580078,0.6621719598770142
1776175893913,1.0,0.0,5913.390625,171.116455078125,0.6626509428024292
1776175893933,1.0,0.0,5914.24609375,171.2578582763672,0.6628513932228088
1776175893953,1.0,0.0,5914.95947265625,171.448486328125,0.6630911231040955
1776175893973,1.0,0.0,5915.81640625,171.625732421875,0.6632915735244751
1776175893993,1.0,0.0,5916.53125,171.76095581054688,0.6635317802429199
1776175894013,1.0,0.0,5918.10546875,171.91876220703125,0.6639746427536011
1776175894034,1.0,0.0,5918.96484375,172.07212829589844,0.6641745567321777
1776175894053,1.0,0.0,5919.681640625,172.2118377685547,0.6644167900085449
1776175894073,1.0,0.0,5920.54248046875,172.362060546875,0.6646570563316345
1776175894093,1.0,0.0,5921.40380859375,172.52452087402344,0.6648587584495544
1776175894113,1.0,0.0,5922.984375,172.6608428955078,0.6653019785881042
1776175894134,1.0,0.0,5923.70361328125,172.8269805908203,0.6655440330505371
1776175894153,1.0,0.0,5924.5673828125,172.99497985839844,0.6657453775405884
1776175894173,1.0,0.0,5925.2880859375,173.14517211914062,0.6659888625144958
1776175894193,1.0,0.0,5926.1533203125,173.29527282714844,0.6661912202835083
1776175894213,1.0,0.0,5927.74169921875,173.46046447753906,0.6666770577430725
1776175894234,1.0,0.0,5928.60888671875,173.62478637695312,0.6668796539306641
1776175894255,1.0,0.0,5929.33203125,173.74757385253906,0.6671237945556641
1776175894273,1.0,0.0,5930.20068359375,173.9020233154297,0.6673270463943481
1776175894293,1.0,0.0,5930.9248046875,174.03897094726562,0.6675698757171631
1776175894313,1.0,0.0,5932.52001953125,174.2047882080078,0.6680179834365845
1776175894334,1.0,0.0,5933.39111328125,174.3615264892578,0.6682214140892029
1776175894353,1.0,0.0,5934.11767578125,174.4895782470703,0.6684662103652954
1776175894374,1.0,0.0,5934.98974609375,174.63616943359375,0.6687106490135193
1776175894393,1.0,0.0,5935.8623046875,174.69668579101562,0.6689151525497437
1776175894414,1.0,0.0,5937.46337890625,174.66082763671875,0.6693642139434814
1776175894433,1.0,0.0,5938.19091796875,174.61209106445312,0.6696074604988098
1776175894453,1.0,0.0,5939.06396484375,174.56861877441406,0.6698125004768372
1776175894473,1.0,0.0,5939.791015625,174.52735900878906,0.6700562238693237
1776175894493,1.0,0.0,5940.66357421875,174.4799346923828,0.6702600121498108
1776175894514,1.0,0.0,5942.2626953125,174.4284210205078,0.6707490086555481
1776175894533,1.0,0.0,5943.134765625,174.38861083984375,0.6709533929824829
1776175894553,1.0,0.0,5943.861328125,174.3386688232422,0.6711993217468262
1776175894573,1.0,0.0,5944.73291015625,174.2861328125,0.6714005470275879
1776175894593,1.0,0.0,5945.458984375,174.24224853515625,0.6716452836990356
1776175894613,1.0,0.0,5947.05615234375,174.19207763671875,0.6720932126045227
1776175894633,1.0,0.0,5947.92724609375,174.21197509765625,0.6722971796989441
1776175894653,1.0,0.0,5948.65283203125,174.5589141845703,0.6725403666496277
1776175894673,1.0,0.0,5949.52490234375,174.86569213867188,0.67278653383255
1776175894693,1.0,0.0,5950.3984375,175.09230041503906,0.6729897260665894
1776175894713,1.0,0.0,5952.00341796875,175.23123168945312,0.6734408140182495
1776175894733,1.0,0.0,5952.73388671875,175.390380859375,0.6736874580383301
1776175894753,1.0,0.0,5953.61083984375,175.54705810546875,0.673891007900238
1776175894773,1.0,0.0,5954.34228515625,175.67459106445312,0.6741390824317932
1776175894793,1.0,0.0,5955.220703125,175.81857299804688,0.674342930316925
1776175894814,1.0,0.0,5956.83251953125,175.95948791503906,0.674796998500824
1776175894835,1.0,0.0,5957.56591796875,176.10934448242188,0.675042986869812
1776175894853,1.0,0.0,5958.4462890625,176.23794555664062,0.6752514839172363
1776175894874,1.0,0.0,5959.1806640625,176.39910888671875,0.6754974126815796
1776175894893,1.0,0.0,5960.0625,176.5437774658203,0.6757450699806213
1776175894913,1.0,0.0,5961.6806640625,176.69549560546875,0.6761995553970337
1776175894934,1.0,0.0,5962.564453125,176.84844970703125,0.6764073967933655
1776175894954,1.0,0.0,5963.30126953125,176.98509216308594,0.6766537427902222
1776175894973,1.0,0.0,5964.18603515625,177.0882110595703,0.6768625974655151
1776175894993,1.0,0.0,5964.92333984375,177.22731018066406,0.6771103143692017
1776175895013,1.0,0.0,5966.6953125,177.3542938232422,0.6775668859481812
1776175895033,1.0,0.0,5967.4345703125,177.51788330078125,0.677815854549408
1776175895053,1.0,0.0,5968.322265625,177.67648315429688,0.6780242323875427
1776175895073,1.0,0.0,5969.0625,177.7995147705078,0.6782740354537964
1776175895093,1.0,0.0,5969.95166015625,177.93856811523438,0.6784812808036804
1776175895113,1.0,0.0,5971.58251953125,178.0719757080078,0.6789817810058594
1776175895134,1.0,0.0,5972.32421875,178.17599487304688,0.67918860912323
1776175895153,1.0,0.0,5973.21484375,178.3004608154297,0.679438054561615
1776175895173,1.0,0.0,5974.10595703125,178.42489624023438,0.679646909236908
1776175895193,1.0,0.0,5974.84912109375,178.5521240234375,0.6798976063728333
1776175895214,1.0,0.0,5976.48583984375,178.6882781982422,0.6803563833236694
1776175895233,1.0,0.0,5977.37939453125,178.8219451904297,0.6805652976036072
1776175895253,1.0,0.0,5978.12451171875,178.92201232910156,0.6808156967163086
1776175895273,1.0,0.0,5979.0185546875,179.01177978515625,0.6810259222984314
1776175895293,1.0,0.0,5979.76416015625,179.11534118652344,0.681276261806488
1776175895314,1.0,0.0,5981.5546875,179.23081970214844,0.6817363500595093
1776175895334,1.0,0.0,5982.30126953125,179.3504180908203,0.6819877624511719
1776175895354,1.0,0.0,5983.19775390625,179.4695281982422,0.6821978092193604
1776175895376,1.0,0.0,5983.9453125,179.57568359375,0.6824495196342468
1776175895395,1.0,0.0,5984.8427734375,179.6790771484375,0.682659387588501
1776175895413,1.0,0.0,5986.4892578125,179.760986328125,0.6831631064414978
1776175895433,1.0,0.0,5987.38818359375,179.84291076660156,0.683373212814331
1776175895453,1.0,0.0,5988.1376953125,179.942138671875,0.6836251020431519
1776175895473,1.0,0.0,5989.03759765625,180.0395050048828,0.6838356852531433
1776175895494,1.0,0.0,5989.78759765625,180.12945556640625,0.6840880513191223
1776175895514,1.0,0.0,5991.4384765625,180.192138671875,0.6845503449440002
1776175895534,1.0,0.0,5992.33935546875,180.2670440673828,0.684761643409729
1776175895553,1.0,0.0,5993.09033203125,180.34231567382812,0.6850133538246155
1776175895573,1.0,0.0,5993.99169921875,180.43699645996094,0.6852675080299377
1776175895593,1.0,0.0,5994.8935546875,180.52471923828125,0.6854773759841919
1776175895615,1.0,0.0,5996.54833984375,180.61170959472656,0.6859413981437683
1776175895634,1.0,0.0,5997.30078125,180.678955078125,0.6861934065818787
1776175895653,1.0,0.0,5998.2041015625,180.76235961914062,0.6864053010940552
1776175895675,1.0,0.0,5998.95703125,180.8463134765625,0.6866584420204163
1776175895693,1.0,0.0,5999.86083984375,180.9287109375,0.6868694424629211
1776175895714,1.0,0.0,6001.5185546875,181.03570556640625,0.6873776316642761
1776175895735,1.0,0.0,6002.42333984375,181.11026000976562,0.6875893473625183
1776175895756,1.0,0.0,6003.177734375,181.19400024414062,0.6878422498703003
1776175895773,1.0,0.0,6004.0830078125,181.26919555664062,0.6880543828010559
1776175895793,1.0,0.0,6004.837890625,181.35385131835938,0.68830806016922
1776175895814,1.0,0.0,6006.49951171875,181.41529846191406,0.6887741684913635
1776175895834,1.0,0.0,6007.40625,181.48326110839844,0.6889857053756714
1776175895853,1.0,0.0,6008.162109375,181.54629516601562,0.6892401576042175
1776175895874,1.0,0.0,6009.0693359375,181.6289520263672,0.6894940137863159
1776175895893,1.0,0.0,6009.97705078125,181.69705200195312,0.6897067427635193
1776175895915,1.0,0.0,6011.6416015625,181.7579345703125,0.6901737451553345
1776175895934,1.0,0.0,6012.39892578125,181.82138061523438,0.6904292702674866
1776175895953,1.0,0.0,6013.3076171875,181.90167236328125,0.6906406283378601
1776175895973,1.0,0.0,6014.0654296875,181.9534912109375,0.6908956170082092
1776175895993,1.0,0.0,6014.97509765625,182.00543212890625,0.6911081671714783
1776175896013,1.0,0.0,6016.6435546875,182.0651397705078,0.691618800163269
1776175896034,1.0,0.0,6017.5537109375,182.1242218017578,0.6918312311172485
1776175896053,1.0,0.0,6018.3125,182.1969451904297,0.6920852661132812
1776175896073,1.0,0.0,6019.2236328125,182.2485809326172,0.6922990083694458
1776175896093,1.0,0.0,6019.98291015625,182.2818603515625,0.6925545930862427
1776175896113,1.0,0.0,6021.65380859375,182.33111572265625,0.6930223703384399
1776175896135,1.0,0.0,6022.5654296875,182.39752197265625,0.6932362914085388
1776175896153,1.0,0.0,6023.32568359375,182.44580078125,0.6934916973114014
1776175896175,1.0,0.0,6024.23779296875,182.48387145996094,0.6937475204467773
1776175896193,1.0,0.0,6025.150390625,182.52781677246094,0.6939600706100464
1776175896214,1.0,0.0,6026.8232421875,182.57003784179688,0.6944296360015869
1776175896233,1.0,0.0,6027.583984375,182.62632751464844,0.6946856379508972
1776175896253,1.0,0.0,6028.4970703125,182.66990661621094,0.6948989033699036
1776175896273,1.0,0.0,6029.25830078125,182.7128448486328,0.6951549053192139
1776175896294,1.0,0.0,6030.171875,182.74346923828125,0.6953686475753784
1776175896315,1.0,0.0,6031.8466796875,182.8067626953125,0.6958809494972229
1776175896333,1.0,0.0,6032.7607421875,182.8591766357422,0.6960945725440979
1776175896353,1.0,0.0,6033.5224609375,182.91360473632812,0.6963518261909485
1776175896373,1.0,0.0,6034.43701171875,182.96791076660156,0.6965653896331787
1776175896393,1.0,0.0,6035.19921875,183.0260009765625,0.6968227028846741
1776175896414,1.0,0.0,6036.876953125,183.08734130859375,0.697293221950531
1776175896433,1.0,0.0,6037.79248046875,183.1453857421875,0.6975060105323792
1776175896453,1.0,0.0,6038.5556640625,183.1941375732422,0.6977628469467163
1776175896473,1.0,0.0,6039.4716796875,183.2608184814453,0.6980205774307251
1776175896493,1.0,0.0,6040.3876953125,183.32623291015625,0.6982355713844299
1776175896514,1.0,0.0,6042.06787109375,183.36485290527344,0.6987060904502869
1776175896534,1.0,0.0,6042.83203125,183.4230499267578,0.6989632844924927
1776175896553,1.0,0.0,6043.7490234375,183.49366760253906,0.6991773843765259
1776175896574,1.0,0.0,6044.513671875,183.56846618652344,0.6994367241859436
1776175896593,1.0,0.0,6045.431640625,183.6353302001953,0.6996508240699768
1776175896613,1.0,0.0,6047.115234375,183.70130920410156,0.7001669406890869
1776175896634,1.0,0.0,6048.03369140625,183.7516326904297,0.7003816366195679
1776175896653,1.0,0.0,6048.79931640625,183.81707763671875,0.7006412148475647
1776175896673,1.0,0.0,6049.71826171875,183.88958740234375,0.7008580565452576
1776175896694,1.0,0.0,6050.484375,183.95103454589844,0.7011138200759888
1776175896714,1.0,0.0,6052.17041015625,184.024169921875,0.701589047908783
1776175896733,1.0,0.0,6053.0908203125,184.12266540527344,0.7018046975135803
1776175896753,1.0,0.0,6053.8583984375,184.19883728027344,0.7020623087882996
1776175896774,1.0,0.0,6054.77978515625,184.28526306152344,0.7023220658302307
1776175896793,1.0,0.0,6055.701171875,184.36245727539062,0.7025395631790161
1776175896814,1.0,0.0,6057.39111328125,184.44834899902344,0.7030137777328491
1776175896835,1.0,0.0,6058.15966796875,184.55125427246094,0.703271210193634
1776175896854,1.0,0.0,6059.08251953125,184.6254119873047,0.7034896016120911
1776175896873,1.0,0.0,6059.8515625,184.6818389892578,0.7037487626075745
1776175896893,1.0,0.0,6060.77490234375,184.75509643554688,0.7039642333984375
1776175896913,1.0,0.0,6062.46875,184.8470458984375,0.7044847011566162
1776175896934,1.0,0.0,6063.3935546875,184.94447326660156,0.7047019600868225
1776175896953,1.0,0.0,6064.16455078125,185.0408172607422,0.7049629092216492
1776175896973,1.0,0.0,6065.09033203125,185.1300811767578,0.7051789164543152
1776175896993,1.0,0.0,6065.86181640625,185.20167541503906,0.7054402828216553
1776175897013,1.0,0.0,6067.56005859375,185.2849884033203,0.7059184312820435
1776175897034,1.0,0.0,6068.48681640625,185.38172912597656,0.7061359882354736
1776175897053,1.0,0.0,6069.25927734375,185.46839904785156,0.7063965797424316
1776175897073,1.0,0.0,6070.1865234375,185.5787353515625,0.7066584229469299
1776175897093,1.0,0.0,6071.1142578125,185.6824188232422,0.7068763971328735
1776175897113,1.0,0.0,6072.81591796875,185.74293518066406,0.7073565721511841
1776175897134,1.0,0.0,6073.58984375,185.82789611816406,0.7076196074485779
1776175897153,1.0,0.0,6074.5185546875,185.92047119140625,0.7078350782394409
1776175897173,1.0,0.0,6075.29296875,186.0164031982422,0.7080963850021362
1776175897193,1.0,0.0,6076.22265625,186.1090850830078,0.708314836025238
1776175897214,1.0,0.0,6077.92822265625,186.2008514404297,0.7088391780853271
1776175897234,1.0,0.0,6078.85888671875,186.29490661621094,0.7090563774108887
1776175897253,1.0,0.0,6079.634765625,186.3690948486328,0.7093198895454407
1776175897273,1.0,0.0,6080.56640625,186.48191833496094,0.7095370888710022
1776175897293,1.0,0.0,6081.34326171875,186.5771026611328,0.709801435470581
1776175897313,1.0,0.0,6083.05322265625,186.68533325195312,0.7102810740470886
1776175897333,1.0,0.0,6083.986328125,186.7590789794922,0.7104997038841248
1776175897353,1.0,0.0,6084.76416015625,186.8175506591797,0.710761547088623
1776175897374,1.0,0.0,6085.69775390625,186.93035888671875,0.7110247015953064
1776175897393,1.0,0.0,6086.6318359375,187.06573486328125,0.7112433910369873
1776175897413,1.0,0.0,6088.34619140625,187.12709045410156,0.711725652217865
1776175897434,1.0,0.0,6089.1259765625,187.1636505126953,0.7119879722595215
1776175897453,1.0,0.0,6090.06201171875,187.22122192382812,0.712206244468689
1776175897474,1.0,0.0,6090.841796875,187.2838897705078,0.71246737241745
1776175897493,1.0,0.0,6091.77783203125,187.3255615234375,0.7126868963241577
1776175897513,1.0,0.0,6093.49462890625,187.38137817382812,0.7132150530815125
1776175897534,1.0,0.0,6094.431640625,187.43075561523438,0.713434636592865
1776175897553,1.0,0.0,6095.212890625,187.4825897216797,0.7136962413787842
1776175897573,1.0,0.0,6096.150390625,187.5269775390625,0.7139161825180054
1776175897593,1.0,0.0,6096.93212890625,187.5685272216797,0.7141794562339783
1776175897613,1.0,0.0,6098.65185546875,187.6121368408203,0.7146618962287903
1776175897635,1.0,0.0,6099.59033203125,187.6540069580078,0.7148814797401428
1776175897653,1.0,0.0,6100.37255859375,187.69525146484375,0.7151451706886292
1776175897673,1.0,0.0,6101.3115234375,187.73988342285156,0.7154089212417603
1776175897693,1.0,0.0,6102.25048828125,187.7831268310547,0.7156280875205994
1776175897713,1.0,0.0,6103.97265625,187.83653259277344,0.7161116003990173
1776175897735,1.0,0.0,6104.755859375,187.900146484375,0.7163757681846619
1776175897754,1.0,0.0,6105.69580078125,187.94203186035156,0.7165948748588562
1776175897773,1.0,0.0,6106.47900390625,187.9798583984375,0.7168585658073425
1776175897793,1.0,0.0,6107.4189453125,188.0384063720703,0.717078447341919
1776175897813,1.0,0.0,6109.142578125,188.08395385742188,0.7176067233085632
1776175897833,1.0,0.0,6110.0830078125,188.1276397705078,0.7178264856338501
1776175897853,1.0,0.0,6110.86669921875,188.2020263671875,0.7180912494659424
1776175897874,1.0,0.0,6111.8076171875,188.256103515625,0.7183101177215576
1776175897894,1.0,0.0,6112.591796875,188.29310607910156,0.7185748815536499
1776175897913,1.0,0.0,6114.31689453125,188.32321166992188,0.7190585136413574
1776175897933,1.0,0.0,6115.2578125,188.3714141845703,0.7192791104316711
1776175897953,1.0,0.0,6116.0419921875,188.40512084960938,0.7195433378219604
1776175897974,1.0,0.0,6116.9833984375,188.42405700683594,0.7198083996772766
1776175897993,1.0,0.0,6117.9248046875,188.46693420410156,0.7200285196304321
1776175898014,1.0,0.0,6119.6513671875,188.52383422851562,0.720513641834259
1776175898034,1.0,0.0,6120.4365234375,188.57005310058594,0.7207778692245483
1776175898053,1.0,0.0,6121.37890625,188.59793090820312,0.7209984660148621
1776175898074,1.0,0.0,6122.16455078125,188.63186645507812,0.7212629914283752
1776175898093,1.0,0.0,6123.107421875,188.67236328125,0.7214838266372681
1776175898113,1.0,0.0,6124.8369140625,188.71287536621094,0.7220128178596497
1776175898134,1.0,0.0,6125.78076171875,188.7575225830078,0.7222323417663574
1776175898156,1.0,0.0,6126.5673828125,188.81094360351562,0.7224972248077393
1776175898173,1.0,0.0,6127.51123046875,188.8427734375,0.7227192521095276
1776175898194,1.0,0.0,6128.2978515625,188.89390563964844,0.7229844331741333
1776175898218,1.0,0.0,6130.029296875,188.95677185058594,0.7234695553779602
1776175898234,1.0,0.0,6130.97412109375,188.9992218017578,0.7236911058425903
1776175898254,1.0,0.0,6131.76171875,189.06690979003906,0.7239545583724976
1776175898273,1.0,0.0,6132.70703125,189.12802124023438,0.7242209315299988
1776175898293,1.0,0.0,6133.65234375,189.1851806640625,0.7244411706924438
1776175898315,1.0,0.0,6135.38623046875,189.23963928222656,0.7249284982681274
1776175898333,1.0,0.0,6136.1748046875,189.29530334472656,0.7251935005187988
1776175898353,1.0,0.0,6137.12109375,189.35728454589844,0.7254153490066528
1776175898373,1.0,0.0,6137.90966796875,189.41595458984375,0.7256808280944824
1776175898393,1.0,0.0,6138.8564453125,189.47982788085938,0.7259021997451782
1776175898415,1.0,0.0,6140.5927734375,189.53656005859375,0.7264332175254822
1776175898437,1.0,0.0,6141.5400390625,189.6009063720703,0.7266553044319153
1776175898457,1.0,0.0,6142.32958984375,189.677978515625,0.7269205451011658
1776175898473,1.0,0.0,6143.27783203125,189.74392700195312,0.7271425724029541
1776175898493,1.0,0.0,6144.068359375,189.80064392089844,0.7274092435836792
1776175898514,1.0,0.0,6145.80810546875,189.8717498779297,0.7278971076011658
1776175898534,1.0,0.0,6146.75732421875,189.94155883789062,0.7281185388565063
1776175898553,1.0,0.0,6147.548828125,190.01060485839844,0.7283861041069031
1776175898574,1.0,0.0,6148.4990234375,190.08255004882812,0.7286519408226013
1776175898593,1.0,0.0,6149.44921875,190.15264892578125,0.728874683380127
1776175898614,1.0,0.0,6151.19189453125,190.2230224609375,0.7293626666069031
1776175898634,1.0,0.0,6151.984375,190.2959747314453,0.7296301126480103
1776175898653,1.0,0.0,6152.935546875,190.38868713378906,0.7298521995544434
1776175898673,1.0,0.0,6153.728515625,190.46072387695312,0.7301199436187744
1776175898693,1.0,0.0,6154.6806640625,190.54641723632812,0.7303429245948792
1776175898714,1.0,0.0,6156.4267578125,190.62733459472656,0.7308782339096069
1776175898733,1.0,0.0,6157.3798828125,190.69790649414062,0.7310997843742371
1776175898753,1.0,0.0,6158.17431640625,190.80519104003906,0.7313676476478577
1776175898774,1.0,0.0,6159.12841796875,190.89736938476562,0.7315908074378967
1776175898794,1.0,0.0,6159.923828125,190.98011779785156,0.7318573594093323
1776175898816,1.0,0.0,6161.67431640625,191.05731201171875,0.7323483228683472
1776175898836,1.0,0.0,6162.62939453125,191.15232849121094,0.7325729131698608
1776175898853,1.0,0.0,6163.42578125,191.22402954101562,0.7328405380249023
1776175898873,1.0,0.0,6164.3818359375,191.3088836669922,0.7331085205078125
1776175898893,1.0,0.0,6165.33837890625,191.4085693359375,0.7333334684371948
1776175898913,1.0,0.0,6167.0927734375,191.49542236328125,0.7338254451751709
1776175898934,1.0,0.0,6167.890625,191.5860137939453,0.7340924143791199
1776175898953,1.0,0.0,6168.84814453125,191.67311096191406,0.7343176603317261
1776175898973,1.0,0.0,6169.646484375,191.75076293945312,0.7345879077911377
1776175898993,1.0,0.0,6170.60498046875,191.85116577148438,0.7348118424415588
1776175899013,1.0,0.0,6172.36328125,191.9500732421875,0.7353493571281433
1776175899034,1.0,0.0,6173.32275390625,192.04257202148438,0.7355751991271973
1776175899053,1.0,0.0,6174.123046875,192.12953186035156,0.7358430027961731
1776175899073,1.0,0.0,6175.08349609375,192.22540283203125,0.7360678911209106
1776175899093,1.0,0.0,6175.88427734375,192.3094482421875,0.7363376617431641
1776175899114,1.0,0.0,6177.64697265625,192.40768432617188,0.7368329167366028
1776175899133,1.0,0.0,6178.60888671875,192.50625610351562,0.7370601296424866
1776175899153,1.0,0.0,6179.4111328125,192.59164428710938,0.7373301386833191
1776175899173,1.0,0.0,6180.3740234375,192.68182373046875,0.7375988364219666
1776175899193,1.0,0.0,6181.33740234375,192.7783966064453,0.7378259301185608
1776175899213,1.0,0.0,6183.10400390625,192.8574981689453,0.7383221387863159
1776175899233,1.0,0.0,6183.90771484375,192.94924926757812,0.7385917901992798
1776175899253,1.0,0.0,6184.87255859375,193.0450897216797,0.7388190031051636
1776175899273,1.0,0.0,6185.6767578125,193.13392639160156,0.739089846611023
1776175899293,1.0,0.0,6186.64208984375,193.23805236816406,0.7393174171447754
1776175899314,1.0,0.0,6188.4130859375,193.3247833251953,0.7398591041564941
1776175899336,1.0,0.0,6189.37939453125,193.41531372070312,0.7400844693183899
1776175899353,1.0,0.0,6190.18505859375,193.47982788085938,0.7403562068939209
1776175899373,1.0,0.0,6191.15234375,193.56324768066406,0.7405825257301331
1776175899393,1.0,0.0,6191.95849609375,193.65916442871094,0.7408548593521118
1776175899413,1.0,0.0,6193.7333984375,193.77447509765625,0.7413524985313416
1776175899434,1.0,0.0,6194.7021484375,193.8770294189453,0.7415804266929626
1776175899453,1.0,0.0,6195.509765625,193.9399871826172,0.7418525218963623
1776175899473,1.0,0.0,6196.4794921875,194.01821899414062,0.7421245574951172
1776175899493,1.0,0.0,6197.44921875,194.12310791015625,0.7423513531684875
1776175899514,1.0,0.0,6199.228515625,194.20913696289062,0.7428528070449829
1776175899533,1.0,0.0,6200.0380859375,194.30178833007812,0.7431246042251587
1776175899553,1.0,0.0,6201.009765625,194.39852905273438,0.7433508634567261
1776175899573,1.0,0.0,6201.81982421875,194.47653198242188,0.7436254620552063
1776175899593,1.0,0.0,6202.7919921875,194.5605926513672,0.7438520193099976
1776175899614,1.0,0.0,6204.5751953125,194.6460723876953,0.7443987131118774
1776175899633,1.0,0.0,6205.54833984375,194.7139892578125,0.7446267604827881
1776175899653,1.0,0.0,6206.359375,194.81011962890625,0.7449010610580444
1776175899673,1.0,0.0,6207.3330078125,194.915771484375,0.7451286315917969
1776175899693,1.0,0.0,6208.14501953125,194.992919921875,0.7454031705856323
1776175899713,1.0,0.0,6209.93212890625,195.07545471191406,0.7459049224853516
1776175899733,1.0,0.0,6210.9072265625,195.1636505126953,0.7461311221122742
1776175899753,1.0,0.0,6211.72021484375,195.2340545654297,0.7464060187339783
1776175899774,1.0,0.0,6212.6962890625,195.32980346679688,0.7466786503791809
1776175899793,1.0,0.0,6213.67236328125,195.410400390625,0.7469071745872498
1776175899813,1.0,0.0,6215.46337890625,195.4989013671875,0.7474116683006287
1776175899834,1.0,0.0,6216.27783203125,195.58168029785156,0.7476858496665955
1776175899853,1.0,0.0,6217.25537109375,195.67767333984375,0.7479134202003479
1776175899873,1.0,0.0,6218.0703125,195.7555389404297,0.7481879591941833
1776175899893,1.0,0.0,6219.048828125,195.83724975585938,0.7484174966812134
1776175899913,1.0,0.0,6220.84423828125,195.93226623535156,0.74892258644104
1776175899934,1.0,0.0,6221.66064453125,196.01951599121094,0.7491961717605591
1776175899953,1.0,0.0,6222.640625,196.10556030273438,0.7494709491729736
1776175899974,1.0,0.0,6223.62109375,196.17657470703125,0.7497003674507141
1776175899993,1.0,0.0,6224.4384765625,196.24185180664062,0.7499746084213257
1776175900013,1.0,0.0,6226.2373046875,196.33676147460938,0.7504790425300598
1776175900034,1.0,0.0,6227.21923828125,196.4320831298828,0.7507094144821167
1776175900053,1.0,0.0,6228.03759765625,196.51565551757812,0.7509834170341492
1776175900073,1.0,0.0,6229.02001953125,196.60531616210938,0.7512595057487488
1776175900093,1.0,0.0,6230.0029296875,196.68284606933594,0.7514902949333191
1776175900113,1.0,0.0,6231.8056640625,196.73690795898438,0.7519946694374084
1776175900135,1.0,0.0,6232.62548828125,196.82923889160156,0.7522709369659424
1776175900153,1.0,0.0,6233.609375,196.9202423095703,0.7525017261505127
1776175900173,1.0,0.0,6234.43017578125,197.0072784423828,0.752777636051178
1776175900193,1.0,0.0,6235.4150390625,197.09078979492188,0.7530079483985901
1776175900214,1.0,0.0,6237.22216796875,197.1737060546875,0.7535607814788818
1776175900234,1.0,0.0,6238.20849609375,197.24517822265625,0.7537907958030701
1776175900253,1.0,0.0,6239.03076171875,197.33209228515625,0.7540675401687622
1776175900273,1.0,0.0,6240.017578125,197.40855407714844,0.7542979717254639
1776175900293,1.0,0.0,6240.83984375,197.47622680664062,0.7545749545097351
1776175900313,1.0,0.0,6242.64990234375,197.55853271484375,0.7550827860832214
1776175900334,1.0,0.0,6243.6376953125,197.64454650878906,0.7553136944770813
1776175900353,1.0,0.0,6244.4609375,197.7111358642578,0.7555910348892212
1776175900373,1.0,0.0,6245.44921875,197.78656005859375,0.7558674812316895
1776175900393,1.0,0.0,6246.43798828125,197.86984252929688,0.7560986280441284
1776175900414,1.0,0.0,6248.25146484375,197.94692993164062,0.7566084265708923
1776175900434,1.0,0.0,6249.076171875,198.03611755371094,0.7568851709365845
1776175900453,1.0,0.0,6250.06591796875,198.10450744628906,0.7571169137954712
1776175900473,1.0,0.0,6250.89111328125,198.16983032226562,0.75739586353302
1776175900493,1.0,0.0,6251.8818359375,198.2786407470703,0.7576276659965515
1776175900514,1.0,0.0,6253.69970703125,198.3625030517578,0.7581825852394104
1776175900534,1.0,0.0,6254.69140625,198.43850708007812,0.7584155201911926
1776175900553,1.0,0.0,6255.51806640625,198.51364135742188,0.7586918473243713
1776175900573,1.0,0.0,6256.51025390625,198.5856170654297,0.7589245438575745
1776175900593,1.0,0.0,6257.33740234375,198.65830993652344,0.7592042088508606
1776175900613,1.0,0.0,6259.158203125,198.73095703125,0.7597136497497559
1776175900633,1.0,0.0,6260.15185546875,198.8142852783203,0.7599464058876038
1776175900653,1.0,0.0,6260.97998046875,198.88856506347656,0.7602246999740601
1776175900673,1.0,0.0,6261.97412109375,198.96859741210938,0.7605041861534119
1776175900693,1.0,0.0,6262.96875,199.05380249023438,0.7607370615005493
1776175900713,1.0,0.0,6264.79296875,199.1199951171875,0.7612487077713013
1776175900733,1.0,0.0,6265.62255859375,199.19317626953125,0.7615272998809814
1776175900753,1.0,0.0,6266.61865234375,199.2706756591797,0.7617606520652771
1776175900773,1.0,0.0,6267.44873046875,199.341552734375,0.7620403170585632
1776175900793,1.0,0.0,6268.4453125,199.41909790039062,0.7622727155685425
1776175900813,1.0,0.0,6270.27294921875,199.49343872070312,0.7628333568572998
1776175900834,1.0,0.0,6271.2705078125,199.5800018310547,0.7630667090415955
1776175900853,1.0,0.0,6272.10205078125,199.639404296875,0.7633456587791443
1776175900873,1.0,0.0,6273.1005859375,199.7131805419922,0.7635795474052429
1776175900893,1.0,0.0,6273.9326171875,199.77159118652344,0.7638595700263977
1776175900914,1.0,0.0,6275.76416015625,199.85519409179688,0.7643736004829407
1776175900934,1.0,0.0,6276.763671875,199.92864990234375,0.7646058201789856
1776175900953,1.0,0.0,6277.5966796875,199.98306274414062,0.7648874521255493
1776175900973,1.0,0.0,6278.5966796875,200.05877685546875,0.7651674747467041
1776175900993,1.0,0.0,6279.5966796875,200.1297149658203,0.7654005289077759
1776175901013,1.0,0.0,6281.4306640625,200.18727111816406,0.7659156918525696
1776175901033,1.0,0.0,6282.2646484375,200.26162719726562,0.7661968469619751
1776175901053,1.0,0.0,6283.26611328125,200.3444366455078,0.7664301991462708
1776175901073,1.0,0.0,6284.10107421875,200.4033203125,0.7667115330696106
1776175901093,1.0,0.0,6285.10302734375,200.47433471679688,0.7669447660446167
1776175901113,1.0,0.0,6286.9404296875,200.5446014404297,0.7675088047981262
1776175901133,1.0,0.0,6287.94287109375,200.58990478515625,0.7677431702613831
1776175901153,1.0,0.0,6288.7783203125,200.65614318847656,0.7680233120918274
1776175901173,1.0,0.0,6289.78125,200.72927856445312,0.7682580351829529
1776175901193,1.0,0.0,6290.6171875,200.79493713378906,0.7685390114784241
1776175901213,1.0,0.0,6292.4580078125,200.88076782226562,0.7690554857254028
1776175901234,1.0,0.0,6293.46240234375,200.9498291015625,0.7692901492118835
1776175901253,1.0,0.0,6294.2998046875,201.00454711914062,0.7695726752281189
1776175901273,1.0,0.0,6295.30517578125,201.08131408691406,0.7698547840118408
1776175901293,1.0,0.0,6296.310546875,201.15386962890625,0.7700899243354797
1776175901313,1.0,0.0,6298.154296875,201.2129364013672,0.770607054233551
1776175901334,1.0,0.0,6298.99267578125,201.27105712890625,0.77088862657547
1776175901353,1.0,0.0,6299.9990234375,201.3312225341797,0.7711241245269775
1776175901373,1.0,0.0,6300.837890625,201.39984130859375,0.7714058756828308
1776175901393,1.0,0.0,6301.8447265625,201.4700469970703,0.7716419100761414
1776175901413,1.0,0.0,6303.69140625,201.53277587890625,0.7722069621086121
1776175901434,1.0,0.0,6304.69921875,201.58847045898438,0.7724418044090271
1776175901453,1.0,0.0,6305.5390625,201.66714477539062,0.7727253437042236
1776175901473,1.0,0.0,6306.54736328125,201.734130859375,0.7729608416557312
1776175901493,1.0,0.0,6307.3876953125,201.78335571289062,0.7732453942298889
1776175901513,1.0,0.0,6309.2373046875,201.85093688964844,0.7737653851509094
1776175901534,1.0,0.0,6310.24658203125,201.917236328125,0.7739980220794678
1776175901553,1.0,0.0,6311.087890625,201.9724884033203,0.7742832899093628
1776175901573,1.0,0.0,6312.09765625,202.0379638671875,0.7745661735534668
1776175901593,1.0,0.0,6313.10791015625,202.1121063232422,0.7748020887374878
1776175901613,1.0,0.0,6314.96044921875,202.170654296875,0.7753200531005859
1776175901633,1.0,0.0,6315.802734375,202.22386169433594,0.7756054997444153
1776175901653,1.0,0.0,6316.81396484375,202.28848266601562,0.775840699672699
1776175901673,1.0,0.0,6317.65673828125,202.3452606201172,0.776125431060791
1776175901693,1.0,0.0,6318.66845703125,202.41871643066406,0.7763606309890747
1776175901713,1.0,0.0,6320.52392578125,202.47653198242188,0.776927649974823
1776175901734,1.0,0.0,6321.5361328125,202.53016662597656,0.7771652340888977
1776175901753,1.0,0.0,6322.3798828125,202.5944366455078,0.7774505019187927
1776175901773,1.0,0.0,6323.392578125,202.6565704345703,0.7776889204978943
1776175901794,1.0,0.0,6324.23681640625,202.72178649902344,0.7779731154441833
1776175901813,1.0,0.0,6326.09521484375,202.77386474609375,0.7784929871559143
1776175901834,1.0,0.0,6327.109375,202.8375701904297,0.7787790894508362
1776175901853,1.0,0.0,6328.12353515625,202.891845703125,0.779014527797699
1776175901873,1.0,0.0,6328.96875,202.95330810546875,0.7792987823486328
1776175901893,1.0,0.0,6329.9833984375,203.00621032714844,0.7795374989509583
1776175901913,1.0,0.0,6331.84423828125,203.0652313232422,0.780060887336731
1776175901933,1.0,0.0,6332.6904296875,203.12673950195312,0.7803464531898499
1776175901953,1.0,0.0,6333.7060546875,203.17959594726562,0.7805832624435425
1776175901973,1.0,0.0,6334.552734375,203.2357177734375,0.780868411064148
1776175901993,1.0,0.0,6335.56884765625,203.29751586914062,0.7811068892478943
1776175902013,1.0,0.0,6337.4326171875,203.355224609375,0.7816752791404724
1776175902034,1.0,0.0,6338.44921875,203.40911865234375,0.7819143533706665
1776175902053,1.0,0.0,6339.296875,203.46383666992188,0.7822021842002869
1776175902073,1.0,0.0,6340.31396484375,203.52342224121094,0.782440185546875
1776175902093,1.0,0.0,6341.16162109375,203.5736083984375,0.7827231884002686
1776175902113,1.0,0.0,6343.02734375,203.63706970214844,0.7832488417625427
1776175902134,1.0,0.0,6344.04541015625,203.69586181640625,0.7835354804992676
1776175902153,1.0,0.0,6345.06396484375,203.74331665039062,0.7837714552879333
1776175902173,1.0,0.0,6345.91259765625,203.79043579101562,0.7840575575828552
1776175902193,1.0,0.0,6346.93115234375,203.84364318847656,0.7842963337898254
1776175902213,1.0,0.0,6348.79931640625,203.8912353515625,0.7848226428031921
1776175902234,1.0,0.0,6349.64892578125,203.9579315185547,0.7851072549819946
1776175902253,1.0,0.0,6350.66845703125,204.01443481445312,0.7853450179100037
1776175902273,1.0,0.0,6351.5185546875,204.0719451904297,0.7856326699256897
1776175902293,1.0,0.0,6352.53857421875,204.13739013671875,0.7859184145927429
1776175902313,1.0,0.0,6353.55908203125,204.18780517578125,0.7861582040786743
1776175902334,1.0,0.0,6355.4306640625,204.2305450439453,0.7866822481155396
1776175902353,1.0,0.0,6356.28173828125,204.29306030273438,0.7869699001312256
1776175902373,1.0,0.0,6357.30322265625,204.348876953125,0.7872074842453003
1776175902393,1.0,0.0,6358.15478515625,204.39974975585938,0.7874958515167236
1776175902413,1.0,0.0,6360.0283203125,204.45425415039062,0.7880194187164307
1776175902434,1.0,0.0,6361.05078125,204.51390075683594,0.7883087396621704
1776175902453,1.0,0.0,6362.0732421875,204.55157470703125,0.7885474562644958
1776175902473,1.0,0.0,6362.92578125,204.61431884765625,0.7888349890708923
1776175902493,1.0,0.0,6363.94873046875,204.6631317138672,0.7890734076499939
1776175902513,1.0,0.0,6365.82470703125,204.7188720703125,0.7896007895469666
1776175902533,1.0,0.0,6366.677734375,204.77024841308594,0.7898873686790466
1776175902553,1.0,0.0,6367.70166015625,204.814697265625,0.7901268005371094
1776175902573,1.0,0.0,6368.55517578125,204.858642578125,0.7904154658317566
1776175902593,0.96875,0.0,6369.5791015625,204.90451049804688,0.7907013297080994
1776175902613,0.6718499660491943,0.0,6370.603515625,204.9493408203125,0.7909411191940308
1776175902635,0.31345000863075256,0.0,6372.48193359375,204.95411682128906,0.791467547416687
1776175902653,0.0,0.0,6373.3359375,204.90382385253906,0.7917572855949402
1776175902673,0.0,0.0,6374.36083984375,204.78201293945312,0.7919943928718567
1776175902693,0.0,0.0,6375.21435546875,204.65638732910156,0.7922813296318054
1776175902713,0.0,0.0,6377.0908203125,204.50619506835938,0.7928078770637512
1776175902734,0.0,0.0,6378.11328125,204.36129760742188,0.793094277381897
1776175902753,0.0,0.0,6379.13525390625,204.23724365234375,0.7933349013328552
1776175902773,0.0,0.0,6379.986328125,204.09014892578125,0.79361891746521
1776175902793,0.0,0.10905830562114716,6381.0068359375,203.94046020507812,0.7938588857650757
1776175902813,0.0,1.0,6381.85693359375,203.7175750732422,0.7941461801528931
1776175902833,0.0,1.0,6383.72509765625,203.0225830078125,0.7946678996086121
1776175902853,0.0,1.0,6384.7412109375,202.1460723876953,0.7949049472808838
1776175902873,0.0,1.0,6385.5849609375,201.33236694335938,0.7951877117156982
1776175902893,0.0,1.0,6386.59375,200.3779754638672,0.7954691648483276
1776175902913,0.0,0.8093602657318115,6388.43212890625,199.37701416015625,0.7959848046302795
1776175902934,0.0,0.9567133188247681,6389.4287109375,198.3773651123047,0.7962175011634827
1776175902953,0.0,1.0,6390.255859375,197.5283660888672,0.7964951992034912
1776175902973,0.0,1.0,6391.24462890625,196.51669311523438,0.7967250347137451
1776175902993,0.0,1.0,6392.0654296875,195.55357360839844,0.7970011830329895
1776175903013,0.0,1.0,6393.8603515625,194.4931182861328,0.7975039482116699
1776175903034,0.0,1.0,6394.8330078125,193.4267120361328,0.797776460647583
1776175903053,0.0,1.0,6395.80126953125,192.52059936523438,0.7980004549026489
1776175903073,0.0,1.0,6396.60498046875,191.50335693359375,0.7982704639434814
1776175903093,0.0,1.0,6397.5654296875,190.48744201660156,0.7984942197799683
1776175903113,0.0,1.0,6399.31591796875,189.62197875976562,0.798983097076416
1776175903134,0.0,1.0,6400.10693359375,188.59217834472656,0.7992498278617859
1776175903153,0.0,1.0,6401.05224609375,187.537109375,0.7994694113731384
1776175903173,0.0,1.0,6401.8369140625,186.61639404296875,0.799732506275177
1776175903193,0.0,1.0,6402.7744140625,185.5613555908203,0.799994707107544
1776175903213,0.0,1.0,6403.70703125,184.51239013671875,0.8002113699913025
1776175903233,0.0,1.0,6405.4052734375,183.62193298339844,0.8006842732429504
1776175903253,0.0,1.0,6406.171875,182.6395263671875,0.8009423613548279
1776175903274,0.0,1.0,6407.087890625,181.6533203125,0.8011541962623596
1776175903293,0.0,1.0,6407.84814453125,180.8096160888672,0.8014103174209595
1776175903313,0.0,1.0,6409.509765625,179.8372802734375,0.8018755912780762
1776175903333,0.0,1.0,6410.41015625,178.8891143798828,0.8021265864372253
1776175903353,0.0,1.0,6411.30615234375,178.0454864501953,0.8023349642753601
1776175903373,0.0,1.0,6412.0498046875,177.08114624023438,0.8025830984115601
1776175903393,0.0,1.0,6412.93798828125,176.1101531982422,0.8027902841567993
1776175903414,0.0,1.0,6414.5556640625,175.30665588378906,0.8032422661781311
1776175903433,0.0,1.0,6415.2861328125,174.3517303466797,0.8034881353378296
1776175903453,0.0,1.0,6416.1591796875,173.3814697265625,0.8036925196647644
1776175903473,0.0,1.0,6416.8837890625,172.5159149169922,0.8039339780807495
1776175903493,0.0,1.0,6417.74951171875,171.4982147216797,0.8041768074035645
1776175903513,0.0,1.0,6418.61083984375,170.4469451904297,0.8043758869171143
1776175903534,0.0,1.0,6420.1787109375,169.33602905273438,0.8048160672187805
1776175903553,0.0,1.0,6420.88623046875,168.4003143310547,0.8050527572631836
1776175903573,0.0,1.0,6421.73095703125,167.31881713867188,0.8052489757537842
1776175903593,0.0,1.0,6422.43115234375,166.37954711914062,0.8054834604263306
1776175903613,0.0,1.0,6423.267578125,165.31591796875,0.8057173490524292
1776175903634,0.0,1.0,6424.78857421875,164.29457092285156,0.8061415553092957
1776175903653,0.0,1.0,6425.61181640625,163.35528564453125,0.8063347339630127
1776175903673,0.0,1.0,6426.29443359375,162.284912109375,0.8065632581710815
1776175903693,0.0,1.0,6427.109375,161.20326232910156,0.8067525029182434
1776175903713,0.0,1.0,6427.78515625,160.24256896972656,0.8069779872894287
1776175903733,0.0,1.0,6429.26025390625,159.1631622314453,0.8073893189430237
1776175903753,0.0,1.0,6430.05810546875,158.0897216796875,0.8076124787330627
1776175903773,0.0,1.0,6430.8515625,157.18679809570312,0.8077970743179321
1776175903793,0.0,1.0,6431.50927734375,156.1331787109375,0.8080174326896667
1776175903813,0.0,1.0,6432.29443359375,155.10775756835938,0.8082006573677063
1776175903834,0.0,1.0,6433.72216796875,154.1213836669922,0.8086000084877014
1776175903853,0.0,1.0,6434.3662109375,153.24887084960938,0.808815062046051
1776175903873,0.0,1.0,6435.13525390625,152.24139404296875,0.808993399143219
1776175903893,0.0,1.0,6435.77294921875,151.36798095703125,0.8092078566551208
1776175903913,0.0,1.0,6436.5341796875,150.30955505371094,0.8094197511672974
1776175903934,0.0,1.0,6437.91796875,149.2519073486328,0.8098066449165344
1776175903953,0.0,1.0,6438.66650390625,148.36631774902344,0.8099801540374756
1776175903973,0.0,1.0,6439.28662109375,147.37539672851562,0.8101872801780701
1776175903993,0.0,1.0,6440.02685546875,146.3732147216797,0.8103593587875366
1776175904013,0.0,1.0,6440.64013671875,145.53736877441406,0.8105655908584595
1776175904034,0.0,1.0,6441.97900390625,144.5979461669922,0.8109382390975952
1776175904053,0.0,1.0,6442.70361328125,143.67388916015625,0.8111416101455688
1776175904073,0.0,1.0,6443.42431640625,142.85516357421875,0.8113090395927429
1776175904093,0.0,1.0,6444.02197265625,141.9132537841797,0.8115091323852539
1776175904113,0.0,1.0,6445.32666015625,140.95608520507812,0.8118728995323181
1776175904133,0.0,1.0,6446.0322265625,140.14385986328125,0.8120372891426086
1776175904153,0.0,1.0,6446.6171875,139.1790008544922,0.8122345805168152
1776175904173,0.0,1.0,6447.3154296875,138.18695068359375,0.8123961687088013
1776175904193,0.0,1.0,6447.89404296875,137.31419372558594,0.8125903606414795
1776175904214,0.0,1.0,6449.2705078125,136.27883911132812,0.8129414916038513
1776175904234,0.0,1.0,6449.8388671875,135.25042724609375,0.8131330013275146
1776175904253,0.0,1.0,6450.51708984375,134.3601531982422,0.8132906556129456
1776175904273,0.0,1.0,6451.07861328125,133.30995178222656,0.8134778141975403
1776175904293,0.0,1.0,6451.74853515625,132.27565002441406,0.8136354088783264
1776175904313,0.0,1.0,6452.30322265625,131.408935546875,0.8138202428817749
1776175904334,0.0,1.0,6453.51318359375,130.37258911132812,0.8141576051712036
1776175904353,0.0,1.0,6454.1669921875,129.3778076171875,0.8143405914306641
1776175904373,0.0,1.0,6454.81640625,128.52171325683594,0.8144912719726562
1776175904393,0.0,1.0,6455.3544921875,127.4784164428711,0.8146717548370361
1776175904413,0.0,1.0,6455.99609375,126.48670196533203,0.8148208856582642
1776175904434,0.0,1.0,6457.1611328125,125.63523864746094,0.8151466250419617
1776175904453,0.0,1.0,6457.68603515625,124.70388793945312,0.8153203129768372
1776175904473,0.0,1.0,6458.31201171875,123.74689483642578,0.8154662251472473
1776175904493,0.0,1.0,6458.83056640625,122.95575714111328,0.815640389919281
1776175904513,0.0,1.0,6459.44921875,122.05376434326172,0.815813422203064
1776175904534,0.0,1.0,6460.5732421875,121.09520721435547,0.8161265850067139
1776175904553,0.0,1.0,6461.1806640625,120.32481384277344,0.8162670731544495
1776175904573,0.0,1.0,6461.68359375,119.41459655761719,0.8164353966712952
1776175904593,0.0,1.0,6462.28369140625,118.47920989990234,0.8165755271911621
1776175904613,0.0,1.0,6462.78076171875,117.63966369628906,0.8167428374290466
1776175904634,0.0,1.0,6463.8642578125,116.64006042480469,0.8170440196990967
1776175904653,0.0,1.0,6464.44921875,115.71753692626953,0.817207396030426
1776175904673,0.0,1.0,6465.02978515625,114.86443328857422,0.8173419833183289
1776175904693,0.0,1.0,6465.5107421875,113.88603210449219,0.8175028562545776
1776175904713,0.0,0.8093602657318115,6466.083984375,112.91096496582031,0.8176370859146118
1776175904735,0.0,0.7132585644721985,6467.1240234375,111.98173522949219,0.8179273009300232
1776175904753,0.0,0.6577082872390747,6467.59228515625,111.28252410888672,0.8180828094482422
1776175904773,0.0,0.6468548774719238,6468.15087890625,110.53707122802734,0.8182136416435242
1776175904793,0.0,0.6154777407646179,6468.61376953125,109.91944885253906,0.8183684945106506
1776175904813,0.0,0.5753976702690125,6469.16650390625,109.2425765991211,0.8185225129127502
1776175904833,0.0,0.4417574405670166,6470.17236328125,108.6365737915039,0.8188028931617737
1776175904853,0.0,0.3457002341747284,6470.71728515625,108.22655487060547,0.8189306855201721
1776175904873,0.0,0.2659403383731842,6471.16943359375,107.83399963378906,0.8190820217132568
1776175904893,0.0,0.24442484974861145,6471.71044921875,107.50614929199219,0.8192083835601807
1776175904913,0.0,0.2659403383731842,6472.16015625,107.24789428710938,0.819358229637146
1776175904933,0.0,0.31956228613853455,6473.146484375,106.9168701171875,0.8196341395378113
1776175904953,0.0,0.3390239179134369,6473.6826171875,106.53754425048828,0.8197593688964844
1776175904973,0.0,0.3457002341747284,6474.1279296875,106.20382690429688,0.8199086785316467
1776175904993,0.0,0.3593418002128601,6474.66064453125,105.79817199707031,0.8200571537017822
1776175905013,0.0,0.41798844933509827,6475.19140625,105.38690185546875,0.8201804161071777
1776175905033,0.0,0.5852325558662415,6476.16015625,104.98329162597656,0.8204521536827087
1776175905053,0.0,0.7132585644721985,6476.59814453125,104.36101531982422,0.820599377155304
1776175905073,0.0,0.7845343947410583,6477.12158203125,103.45405578613281,0.8207205533981323
1776175905093,0.0,0.8093602657318115,6477.55517578125,102.59671020507812,0.8208659291267395
1776175905113,0.0,0.8478404879570007,6478.58349609375,101.58838653564453,0.821128249168396
1776175905134,0.0,1.0,6479.0068359375,100.63809967041016,0.8212701678276062
1776175905154,0.0,1.0,6479.5107421875,99.67562866210938,0.821387767791748
1776175905173,0.0,1.0,6479.92724609375,98.81971740722656,0.8215280771255493
1776175905193,0.0,1.0,6480.42333984375,97.76386260986328,0.8216431736946106
1776175905213,0.0,1.0,6480.83349609375,96.87980651855469,0.8217806816101074
1776175905234,0.0,1.0,6481.72509765625,95.87787628173828,0.8220291137695312
1776175905253,0.0,1.0,6482.20556640625,94.88152313232422,0.822162926197052
1776175905274,0.0,1.0,6482.68212890625,93.89045715332031,0.8222736716270447
1776175905293,0.0,1.0,6483.076171875,93.02774047851562,0.8224054574966431
1776175905313,0.0,1.0,6483.54541015625,92.01671600341797,0.8225142359733582
1776175905334,0.0,1.0,6484.39453125,90.9871826171875,0.8227509260177612
1776175905353,0.0,1.0,6484.77587890625,90.11124420166016,0.8228784203529358
1776175905373,0.0,1.0,6485.2294921875,89.11541748046875,0.8229838013648987
1776175905393,0.0,1.0,6485.60400390625,88.34972381591797,0.8231082558631897
1776175905413,0.0,1.0,6486.0498046875,87.38685607910156,0.8232318758964539
1776175905433,0.0,1.0,6486.85693359375,86.49063110351562,0.8234552145004272
1776175905453,0.0,1.0,6487.29150390625,85.72642517089844,0.8235564827919006
1776175905473,0.0,1.0,6487.650390625,84.85147857666016,0.8236775994300842
1776175905494,0.0,1.0,6488.078125,84.03973388671875,0.82377690076828
1776175905513,0.0,1.0,6488.85205078125,83.34834289550781,0.8239928483963013
1776175905533,0.0,1.0,6489.19970703125,82.50502014160156,0.8241076469421387
1776175905553,0.0,1.0,6489.61376953125,81.67584228515625,0.8242031931877136
1776175905573,0.0,1.0,6489.9560546875,81.00599670410156,0.8243173956871033
1776175905593,0.0,1.0,6490.36328125,80.1561050415039,0.8244307637214661
1776175905613,0.0,1.0,6491.10107421875,79.38398742675781,0.8246369957923889
1776175905633,0.0,1.0,6491.49853515625,78.72491455078125,0.8247284889221191
1776175905653,0.0,1.0,6491.8271484375,77.83113861083984,0.8248401880264282
1776175905673,0.0,1.0,6492.21826171875,77.0220718383789,0.8249295949935913
1776175905693,0.0,1.0,6492.54150390625,76.28150177001953,0.8250372409820557
1776175905713,0.0,1.0,6492.92626953125,75.44608306884766,0.8251447677612305
1776175905733,0.0,1.0,6493.6220703125,74.67989349365234,0.8253381848335266
1776175905753,0.0,1.0,6493.9970703125,73.96235656738281,0.8254244327545166
1776175905773,0.0,1.0,6494.306640625,73.12865447998047,0.8255277872085571
1776175905793,0.0,0.9567133188247681,6494.67529296875,72.31942749023438,0.825613260269165
1776175905813,0.0,0.8741154074668884,6494.9794921875,71.61161804199219,0.825714647769928
1776175905833,0.0,0.7845343947410583,6495.64013671875,70.8422622680664,0.8258973956108093
1776175905853,0.0,0.6468548774719238,6495.99609375,70.0761947631836,0.8259955048561096
1776175905873,0.0,0.4580742418766022,6496.3486328125,69.50479888916016,0.8260779976844788
1776175905893,0.0,0.31956228613853455,6496.64013671875,68.92558288574219,0.8261739611625671
1776175905913,0.0,0.22415263950824738,6496.9873046875,68.45535278320312,0.8262547850608826
1776175905934,0.0,0.17896243929862976,6497.6181640625,68.10466766357422,0.8264293670654297
1776175905953,0.0,0.14793184399604797,6497.90283203125,67.74371337890625,0.8265252709388733
1776175905973,0.0,0.11493722349405289,6498.2431640625,67.422607421875,0.8266041874885559
1776175905993,0.0,0.08051890879869461,6498.52587890625,67.1925048828125,0.8266980051994324
1776175906013,0.0,0.05065058171749115,6498.86376953125,66.96623229980469,0.8267924785614014
1776175906034,0.0,0.021699678152799606,6499.48046875,66.7657470703125,0.8269634246826172
1776175906053,0.0,0.009971555322408676,6499.8154296875,66.61392974853516,0.8270414471626282
1776175906073,0.0,0.005444121081382036,6500.09375,66.44729614257812,0.8271331787109375
1776175906093,0.0,0.0042554885149002075,6500.42724609375,66.27852630615234,0.827211320400238
1776175906114,0.0,0.004824841860681772,6501.03662109375,66.135009765625,0.8273809552192688
1776175906133,0.0,0.006864895112812519,6501.31298828125,65.98043823242188,0.8274728655815125
1776175906153,0.0,0.01337516587227583,6501.6435546875,65.81873321533203,0.827565610408783
1776175906173,0.0,0.02868010476231575,6501.97314453125,65.67131042480469,0.8276422619819641
1776175906193,0.0,0.06739471852779388,6502.24755859375,65.48721313476562,0.82773357629776
1776175906214,0.0,0.10905830562114716,6502.8486328125,65.27432250976562,0.8279008269309998
1776175906234,0.0,0.14084765315055847,6503.1748046875,65.07727813720703,0.8279767632484436
1776175906253,0.0,0.16293016076087952,6503.44580078125,64.79710388183594,0.8280677199363708
1776175906273,0.0,0.17080825567245483,6503.77001953125,64.47840881347656,0.8281428813934326
1776175906293,0.0,0.16683508455753326,6504.0390625,64.19931030273438,0.828233540058136
1776175906313,0.0,0.14793184399604797,6504.3603515625,63.89120101928711,0.8283228874206543
1776175906334,0.0,0.08526267111301422,6504.9462890625,63.598140716552734,0.8284865617752075
1776175906353,0.0,0.015360056422650814,6505.26416015625,63.388427734375,0.8285608887672424
1776175906373,0.0,1.0661104170139879e-05,6505.5283203125,63.20983123779297,0.8286494016647339
1776175906393,0.0,0.0,6505.84423828125,63.03601837158203,0.8287233114242554
1776175906413,0.0,0.0,6506.107421875,62.89968490600586,0.8288114070892334
1776175906433,0.0,0.0,6506.6845703125,62.73434829711914,0.8289734125137329
1776175906453,0.0,0.0,6506.99853515625,62.575130462646484,0.8290615081787109
1776175906473,0.0,0.0,6507.31201171875,62.44150924682617,0.8291345834732056
1776175906495,0.0,0.0,6507.57275390625,62.25922393798828,0.8292222619056702
1776175906513,0.0,0.0,6507.884765625,62.128074645996094,0.82929527759552
1776175906533,0.10315001010894775,0.0,6508.45556640625,61.99910354614258,0.8294554948806763
1776175906553,0.3015500009059906,0.0,6508.71435546875,61.865234375,0.8295418620109558
1776175906573,0.4721499979496002,0.0,6509.02392578125,61.76581573486328,0.8296144604682922
1776175906593,0.5702999830245972,0.0,6509.28173828125,61.713768005371094,0.8297008275985718
1776175906614,0.625,0.0,6509.5908203125,61.6976432800293,0.8297887444496155
1776175906633,0.6445499658584595,0.0,6510.15673828125,61.73770523071289,0.8299478888511658
1776175906653,0.6288999915122986,0.0,6510.46533203125,61.798004150390625,0.8300212025642395
1776175906673,0.6015499830245972,0.0,6510.72265625,61.88661575317383,0.8301078677177429
1776175906693,0.5547000169754028,0.0,6511.03173828125,61.98666763305664,0.8301814794540405
1776175906713,0.5116999745368958,0.0,6511.2900390625,62.07505416870117,0.8302692174911499
1776175906735,0.4761500060558319,0.0,6511.85888671875,62.18616485595703,0.8304296731948853
1776175906753,0.4562999904155731,0.0,6512.169921875,62.25298309326172,0.8305181860923767
1776175906774,0.452349990606308,0.0,6512.48095703125,62.31092071533203,0.8305917978286743
1776175906793,0.452349990606308,0.0,6512.740234375,62.35920715332031,0.8306792974472046
1776175906813,0.46424999833106995,0.0,6513.0517578125,62.43252182006836,0.8307534456253052
1776175906834,0.4721499979496002,0.0,6513.623046875,62.48661422729492,0.8309167623519897
1776175906853,0.48010000586509705,0.0,6513.88330078125,62.57139587402344,0.8310054540634155
1776175906873,0.492000013589859,0.0,6514.1953125,62.64665222167969,0.8310787081718445
1776175906893,0.492000013589859,0.0,6514.45556640625,62.715248107910156,0.8311689496040344
1776175906914,0.492000013589859,0.0,6515.08203125,62.803287506103516,0.8313328623771667
1776175906934,0.48410001397132874,0.0,6515.34326171875,62.88705825805664,0.8314239382743835
1776175906953,0.48010000586509705,0.0,6515.6572265625,62.9600715637207,0.8314979672431946
1776175906973,0.4761500060558319,0.0,6515.9189453125,63.03569030761719,0.8315873146057129
1776175906993,0.4721499979496002,0.0,6516.2333984375,63.11528778076172,0.8316638469696045
1776175907013,0.4721499979496002,0.0,6516.49609375,63.1721076965332,0.8317536115646362
1776175907033,0.4681999981403351,0.0,6517.07470703125,63.24848175048828,0.8319200873374939
1776175907053,0.4681999981403351,0.0,6517.390625,63.3164176940918,0.8320108652114868
1776175907073,0.46424999833106995,0.0,6517.70703125,63.33639907836914,0.8320871591567993
1776175907093,0.46424999833106995,0.0,6517.97119140625,63.423728942871094,0.832179605960846
1776175907113,0.4721499979496002,0.0,6518.28857421875,63.50328063964844,0.8322546482086182
1776175907136,0.4721499979496002,0.0,6518.87109375,63.42515563964844,0.8324258327484131
1776175907153,0.4721499979496002,0.0,6519.13623046875,63.46803665161133,0.8325161933898926
1776175907173,0.4721499979496002,0.0,6519.45458984375,63.527774810791016,0.832594096660614
1776175907193,0.4721499979496002,0.0,6519.72021484375,63.568031311035156,0.8326874375343323
1776175907214,0.4681999981403351,0.0,6520.35888671875,63.687095642089844,0.8328571319580078
1776175907233,0.46424999833106995,0.0,6520.62548828125,63.81142044067383,0.8329509496688843
1776175907253,0.46424999833106995,0.0,6520.9453125,63.850608825683594,0.8330287337303162
1776175907273,0.46024999022483826,0.0,6521.21142578125,63.9146842956543,0.8331238031387329
1776175907293,0.4562999904155731,0.0,6521.53076171875,64.13127136230469,0.833202600479126
1776175907316,0.452349990606308,0.0,6522.11767578125,64.11238861083984,0.8333755135536194
1776175907335,0.452349990606308,0.0,6522.3837890625,64.06819915771484,0.8334687948226929
1776175907353,0.452349990606308,0.0,6522.70263671875,64.06696319580078,0.8335614204406738
1776175907373,0.452349990606308,0.0,6523.02099609375,64.04259490966797,0.8336390852928162
1776175907393,0.4562999904155731,0.0,6523.28662109375,64.01470184326172,0.8337351083755493
1776175907414,0.46024999022483826,0.0,6523.60546875,64.018310546875,0.8338136076927185
1776175907435,0.46424999833106995,0.0,6524.19091796875,63.99787902832031,0.8339877128601074
1776175907457,0.46424999833106995,0.0,6524.45703125,64.02613830566406,0.8340814709663391
1776175907474,0.46424999833106995,0.0,6524.77685546875,64.180419921875,0.8341602683067322
1776175907493,0.46424999833106995,0.0,6525.04345703125,64.45982360839844,0.8342565298080444
1776175907513,0.46424999833106995,0.0,6525.3642578125,64.81666564941406,0.8343494534492493
1776175907534,0.4681999981403351,0.0,6525.9560546875,64.85416412353516,0.8345226645469666
1776175907553,0.4681999981403351,0.0,6526.27978515625,64.79331970214844,0.8346006870269775
1776175907573,0.4761500060558319,0.0,6526.548828125,64.78172302246094,0.8346975445747375
1776175907593,0.48410001397132874,0.0,6526.87158203125,64.78247833251953,0.8347747921943665
1776175907613,0.4959999918937683,0.0,6527.41015625,64.78614807128906,0.8349509239196777
1776175907633,0.5,0.0,6527.73388671875,64.8037109375,0.8350418210029602
1776175907653,0.5077999830245972,0.0,6528.05810546875,65.13825988769531,0.8351373076438904
1776175907674,0.5156000256538391,0.0,6528.3291015625,65.24373626708984,0.835214376449585
1776175907693,0.5234500169754028,0.0,6528.65576171875,65.41668701171875,0.8352950811386108
1776175907717,0.5351499915122986,0.0,6529.255859375,65.50373077392578,0.8354838490486145
1776175907735,0.5547000169754028,0.0,6529.583984375,65.58244323730469,0.8355623483657837
1776175907753,0.5820499658584595,0.0,6529.857421875,65.70365905761719,0.8356573581695557
1776175907773,0.6132999658584595,0.0,6530.1865234375,65.86054992675781,0.8357368111610413
1776175907793,0.6366999745368958,0.0,6530.4609375,65.99375915527344,0.835831880569458
1776175907815,0.6640499830245972,0.0,6531.06640625,66.16010284423828,0.836003303527832
1776175907834,0.6913999915122986,0.0,6531.3974609375,66.3466567993164,0.8360971808433533
1776175907854,0.7030999660491943,0.0,6531.72900390625,66.5521469116211,0.8361781239509583
1776175907874,0.7070499658584595,0.0,6532.005859375,66.73726654052734,0.8362725973129272
1776175907893,0.7070499658584595,0.0,6532.3388671875,66.9418716430664,0.8363513350486755
1776175907914,0.7070499658584595,0.0,6532.61669921875,67.10917663574219,0.8364474773406982
1776175907933,0.7070499658584595,0.0,6533.23046875,67.30679321289062,0.8366206884384155
1776175907953,0.7030999660491943,0.0,6533.56640625,67.51728820800781,0.8367167711257935
1776175907974,0.7030999660491943,0.0,6533.9033203125,67.72346496582031,0.8367949724197388
1776175907993,0.7030999660491943,0.0,6534.18505859375,67.92556762695312,0.8368927836418152
1776175908015,0.7030999660491943,0.0,6534.80712890625,68.1435546875,0.8370655179023743
1776175908035,0.7030999660491943,0.0,6535.14794921875,68.37266540527344,0.8371472954750061
1776175908054,0.7030999660491943,0.0,6535.4326171875,68.570556640625,0.8372417092323303
1776175908073,0.7030999660491943,0.0,6535.77490234375,68.79946899414062,0.8373230695724487
1776175908093,0.7030999660491943,0.0,6536.06103515625,68.98651123046875,0.8374184966087341
1776175908115,0.7030999660491943,0.0,6536.75048828125,69.2153091430664,0.8375965356826782
1776175908133,0.71875,0.0,6537.0390625,69.44493865966797,0.8376946449279785
1776175908153,0.7343499660491943,0.0,6537.3857421875,69.6463851928711,0.8377758264541626
1776175908173,0.7538999915122986,0.0,6537.67578125,69.88642120361328,0.8378728628158569
1776175908193,0.7695499658584595,0.0,6538.0244140625,70.12541961669922,0.8379537463188171
1776175908215,0.7734500169754028,0.0,6538.66650390625,70.37448120117188,0.8381328582763672
1776175908236,0.7655999660491943,0.0,6538.95947265625,70.63204956054688,0.8382318615913391
1776175908254,0.7577999830245972,0.0,6539.31201171875,70.85152435302734,0.8383294343948364
1776175908275,0.7265499830245972,0.0,6539.666015625,71.09223175048828,0.8384115695953369
1776175908295,0.65625,0.0,6539.9619140625,71.31058502197266,0.8385107517242432
1776175908320,0.5780999660491943,0.0,6540.615234375,71.47459411621094,0.8386930227279663
1776175908333,0.4959999918937683,0.0,6540.97265625,71.60877227783203,0.8387763500213623
1776175908362,0.3372499942779541,0.0,6541.27099609375,71.74327087402344,0.8388763070106506
1776175908377,0.2658500075340271,0.0,6541.6298828125,71.77061462402344,0.8389596939086914
1776175908400,0.15080001950263977,0.0,6542.28857421875,71.75848388671875,0.8391602635383606
1776175908415,0.07935002446174622,0.0,6542.6474609375,71.7232894897461,0.8392438292503357
1776175908434,0.027750015258789062,0.0,6542.9462890625,71.66334533691406,0.839327871799469
1776175908454,0.0,0.0,6543.2451171875,71.55752563476562,0.8394268751144409
1776175908474,0.0,0.0,6543.60302734375,71.44217681884766,0.8395280241966248
1776175908494,0.0,0.0,6543.96044921875,71.30078125,0.8396110534667969
1776175908518,0.0,0.0,6544.61376953125,71.14141845703125,0.8397966623306274
1776175908536,0.0,0.0,6544.90966796875,71.01167297363281,0.8398964405059814
1776175908557,0.0,0.0,6545.26416015625,70.86065673828125,0.839996874332428
1776175908577,0.0,0.0,6545.6181640625,70.71307373046875,0.8400798439979553
1776175908599,0.0,0.0,6546.26513671875,70.55409240722656,0.8402643203735352
1776175908617,0.0,0.0,6546.55859375,70.41177368164062,0.8403628468513489
1776175908639,0.0,0.0,6546.91015625,70.25922393798828,0.8404457569122314
1776175908659,0.0,0.0,6547.20263671875,70.08365631103516,0.8405471444129944
1776175908676,0.0,0.0,6547.55322265625,69.94839477539062,0.840628981590271
1776175908696,0.0,0.0,6547.8447265625,69.76189422607422,0.8407303690910339
1776175908717,0.0,0.0,6548.48486328125,69.60105895996094,0.8409115672111511
1776175908734,0.0,0.0,6548.8330078125,69.35794067382812,0.8410104513168335
1776175908754,0.03175002336502075,0.0,6549.18017578125,69.05596160888672,0.8410928845405579
1776175908774,0.07935002446174622,0.0,6549.46875,68.91272735595703,0.8411900997161865
1776175908795,0.14285001158714294,0.0,6549.814453125,68.76126861572266,0.8412737250328064
1776175908815,0.20235002040863037,0.0,6550.447265625,68.61956787109375,0.8414561748504639
1776175908834,0.24994999170303345,0.0,6550.734375,68.50996398925781,0.8415509462356567
1776175908860,0.289650022983551,0.0,6551.078125,68.38784790039062,0.8416510820388794
1776175908875,0.31744998693466187,0.0,6551.4208984375,68.31221771240234,0.8417355418205261
1776175908898,0.33329999446868896,0.0,6551.7060546875,68.2246322631836,0.8418315052986145
1776175908916,0.3372499942779541,0.0,6552.33154296875,68.08978271484375,0.8420119881629944
1776175908933,0.3372499942779541,0.0,6552.6708984375,68.00190734863281,0.842092752456665
1776175908955,0.32534998655319214,0.0,6552.953125,67.875,0.842191219329834
1776175908976,0.31744998693466187,0.0,6553.291015625,67.78788757324219,0.8422751426696777
1776175908996,0.31744998693466187,0.0,6553.572265625,67.62667083740234,0.8423706293106079
1776175909015,0.31345000863075256,0.0,6554.19091796875,67.49353790283203,0.8425514101982117
1776175909036,0.3095000088214874,0.0,6554.5283203125,67.43196868896484,0.8426499962806702
1776175909054,0.30550000071525574,0.0,6554.865234375,67.55396270751953,0.8427329659461975
1776175909073,0.30550000071525574,0.0,6555.146484375,67.59142303466797,0.8428298830986023
1776175909093,0.30550000071525574,0.0,6555.484375,67.53174591064453,0.8429128527641296
1776175909113,0.30550000071525574,0.0,6555.765625,67.48274230957031,0.8430094122886658
1776175909134,0.30550000071525574,0.0,6556.4384765625,67.43799591064453,0.8431907892227173
1776175909154,0.31345000863075256,0.0,6556.71826171875,67.354736328125,0.8432906270027161
1776175909173,0.31744998693466187,0.0,6557.0537109375,67.28919219970703,0.8433713912963867
1776175909193,0.32534998655319214,0.0,6557.33251953125,67.21531677246094,0.843468427658081
1776175909213,0.34915000200271606,0.0,6557.6669921875,67.1594009399414,0.8435503244400024
1776175909233,0.38885000348091125,0.0,6558.2802734375,67.12882995605469,0.8437330722808838
1776175909253,0.44440001249313354,0.0,6558.55908203125,67.10569763183594,0.8438310623168945
1776175909274,0.5,0.0,6558.8935546875,67.09164428710938,0.843928873538971
1776175909293,0.5234500169754028,0.0,6559.228515625,67.08135986328125,0.8440108895301819
1776175909314,0.5663999915122986,0.0,6559.5078125,67.09080505371094,0.8441087007522583
1776175909335,0.59375,0.0,6560.123046875,67.19711303710938,0.8442909717559814
1776175909353,0.6054499745368958,0.0,6560.458984375,67.46257019042969,0.844371497631073
1776175909374,0.6132999658584595,0.0,6560.740234375,67.6555404663086,0.8444705605506897
1776175909393,0.6132999658584595,0.0,6561.07861328125,67.79020690917969,0.8445510864257812
1776175909420,0.6132999658584595,0.0,6561.70068359375,67.97061920166016,0.8447462916374207
1776175909434,0.6132999658584595,0.0,6561.98388671875,68.04888916015625,0.8448301553726196
1776175909453,0.6211000084877014,0.0,6562.32421875,68.17833709716797,0.8449298143386841
1776175909474,0.6484500169754028,0.0,6562.66552734375,68.30716705322266,0.8450128436088562
1776175909494,0.6836000084877014,0.0,6562.9501953125,68.4277114868164,0.8451105952262878
1776175909516,0.71875,0.0,6563.578125,68.61248016357422,0.8452956080436707
1776175909533,0.7382999658584595,0.0,6563.921875,68.74864959716797,0.8453786373138428
1776175909554,0.7617000341415405,0.0,6564.20849609375,68.99491119384766,0.8454780578613281
1776175909577,0.7734500169754028,0.0,6564.5537109375,69.22447204589844,0.8455615639686584
1776175909594,0.7890499830245972,0.0,6564.841796875,69.43059539794922,0.8456645607948303
1776175909616,0.8202999830245972,0.0,6565.5361328125,69.68399810791016,0.8458495736122131
1776175909633,0.8554500341415405,0.0,6565.82666015625,69.91795349121094,0.8459551334381104
1776175909653,0.8984500169754028,0.0,6566.17626953125,70.15348815917969,0.8460403084754944
1776175909673,0.9570499658584595,0.0,6566.46826171875,70.46066284179688,0.8461441993713379
1776175909693,1.0,0.0,6566.81982421875,70.7620620727539,0.8462318181991577
1776175909715,1.0,0.0,6567.46826171875,71.197265625,0.846422553062439
1776175909735,1.0,0.0,6567.7646484375,71.58679962158203,0.8465293049812317
1776175909753,1.0,0.0,6568.1220703125,71.91033172607422,0.8466335535049438
1776175909774,1.0,0.0,6568.48095703125,72.27840423583984,0.8467231392860413
1776175909795,1.0,0.0,6568.78125,72.59236907958984,0.846809446811676
1776175909813,1.0,0.0,6569.08251953125,72.97283172607422,0.8469204306602478
1776175909835,1.0,0.0,6569.810546875,73.36502838134766,0.8471157550811768
1776175909854,1.0,0.0,6570.1162109375,73.69886016845703,0.8472262620925903
1776175909875,1.0,0.0,6570.484375,74.08302307128906,0.8473322987556458
1776175909894,1.0,0.0,6570.85400390625,74.43899536132812,0.8474226593971252
1776175909915,1.0,0.0,6571.53564453125,74.83506774902344,0.8476244211196899
1776175909934,1.0,0.0,6571.84716796875,75.14276123046875,0.8477323651313782
1776175909955,1.0,0.0,6572.22265625,75.47943878173828,0.8478242754936218
1776175909978,1.0,0.0,6572.53662109375,75.84268951416016,0.8479365706443787
1776175909996,1.0,0.0,6572.91455078125,76.20216369628906,0.8480284810066223
1776175910014,1.0,0.0,6573.61083984375,76.495361328125,0.8482322692871094
1776175910036,1.0,0.0,6573.92919921875,76.82667541503906,0.8483462929725647
1776175910058,1.0,0.0,6574.3125,77.15754699707031,0.8484536409378052
1776175910075,1.0,0.0,6574.697265625,77.43853759765625,0.8485516309738159
1776175910094,1.0,0.0,6575.01904296875,77.7214584350586,0.8486631512641907
1776175910115,1.0,0.0,6575.72998046875,78.05690002441406,0.848872721195221
1776175910135,1.0,0.0,6576.11962890625,78.38530731201172,0.8489682674407959
1776175910154,1.0,0.0,6576.4453125,78.65241241455078,0.849080502986908
1776175910175,1.0,0.0,6576.837890625,78.97518920898438,0.8491981029510498
1776175910193,1.0,0.0,6577.2314453125,79.260498046875,0.8492934107780457
1776175910214,1.0,0.0,6577.560546875,79.5953598022461,0.8494085669517517
1776175910235,1.0,0.0,6578.2880859375,79.9202651977539,0.8496189117431641
1776175910253,1.0,0.0,6578.68701171875,80.18842315673828,0.8497154116630554
1776175910274,1.0,0.0,6579.0205078125,80.49955749511719,0.8498312830924988
1776175910293,1.0,0.0,6579.421875,80.80644226074219,0.8499255180358887
1776175910314,1.0,0.0,6579.75732421875,81.07393646240234,0.8500431776046753
1776175910334,1.0,0.0,6580.56640625,81.40437316894531,0.8502587676048279
1776175910353,1.0,0.0,6580.9052734375,81.73737335205078,0.8503773212432861
1776175910374,1.0,0.0,6581.31298828125,82.00773620605469,0.8504731059074402
1776175910393,1.0,0.0,6581.65380859375,82.3228530883789,0.8505924940109253
1776175910414,1.0,0.0,6582.06396484375,82.63786315917969,0.8506937623023987
1776175910434,1.0,0.0,6582.8203125,82.91017150878906,0.8509094715118408
1776175910454,1.0,0.0,6583.16552734375,83.23497772216797,0.8510305285453796
1776175910474,1.0,0.0,6583.5810546875,83.5490951538086,0.8511484861373901
1776175910493,1.0,0.0,6583.998046875,83.82096862792969,0.8512484431266785
1776175910513,1.0,0.0,6584.34619140625,84.13557434082031,0.8513675332069397
1776175910534,1.0,0.0,6585.11572265625,84.44598388671875,0.8515860438346863
1776175910553,1.0,0.0,6585.537109375,84.70865631103516,0.8516876101493835
1776175910573,1.0,0.0,6585.88916015625,85.00370788574219,0.8518112897872925
1776175910594,1.0,0.0,6586.31298828125,85.31657409667969,0.8519094586372375
1776175910618,1.0,0.0,6587.09326171875,85.6758804321289,0.8521527647972107
1776175910636,1.0,0.0,6587.52099609375,85.94037628173828,0.8522529602050781
1776175910653,1.0,0.0,6587.87841796875,86.2035140991211,0.8523773550987244
1776175910673,1.0,0.0,6588.30859375,86.46082305908203,0.8524778485298157
1776175910693,1.0,0.0,6588.66796875,86.75772094726562,0.8526003956794739
1776175910716,1.0,0.0,6589.4619140625,87.05623626708984,0.8528262376785278
1776175910733,1.0,0.0,6589.89697265625,87.30260467529297,0.8529478907585144
1776175910753,1.0,0.0,6590.3330078125,87.58892059326172,0.8530529141426086
1776175910773,1.0,0.0,6590.697265625,87.90348815917969,0.8531774282455444
1776175910793,1.0,0.0,6591.1357421875,88.1792984008789,0.8532788753509521
1776175910813,1.0,0.0,6591.50244140625,88.47405242919922,0.8534025549888611
1776175910835,1.0,0.0,6592.31201171875,88.75932312011719,0.8536320924758911
1776175910853,1.0,0.0,6592.75537109375,89.00579071044922,0.8537374138832092
1776175910873,1.0,0.0,6593.12548828125,89.30198669433594,0.8538658022880554
1776175910893,1.0,0.0,6593.57080078125,89.61150360107422,0.8539883494377136
1776175910914,1.0,0.0,6594.017578125,89.86376953125,0.8540955781936646
1776175910934,1.0,0.0,6594.83984375,90.1431655883789,0.8543273210525513
1776175910953,1.0,0.0,6595.21484375,90.42009735107422,0.8544541597366333
1776175910974,1.0,0.0,6595.666015625,90.66341400146484,0.8545598387718201
1776175910993,1.0,0.0,6596.04296875,90.96515655517578,0.854687511920929
1776175911013,1.0,0.0,6596.49658203125,91.26909637451172,0.8547957539558411
1776175911033,1.0,0.0,6597.33154296875,91.5152359008789,0.8550527691841125
1776175911053,1.0,0.0,6597.78857421875,91.78606414794922,0.8551601767539978
1776175911073,1.0,0.0,6598.17041015625,92.05847930908203,0.8552878499031067
1776175911093,1.0,0.0,6598.6298828125,92.29828643798828,0.8553956151008606
1776175911114,1.0,0.0,6599.01318359375,92.57951354980469,0.8555272221565247
1776175911134,1.0,0.0,6599.85986328125,92.85726165771484,0.8557652831077576
1776175911153,1.0,0.0,6600.3232421875,93.10148620605469,0.8558729887008667
1776175911173,1.0,0.0,6600.71044921875,93.37109375,0.8560043573379517
1776175911194,1.0,0.0,6601.17626953125,93.63861846923828,0.8561146259307861
1776175911214,1.0,0.0,6601.5654296875,93.8779525756836,0.8562453985214233
1776175911234,1.0,0.0,6602.50244140625,94.17646026611328,0.8564864993095398
1776175911253,1.0,0.0,6602.89453125,94.4461898803711,0.8566178679466248
1776175911273,1.0,0.0,6603.36572265625,94.66350555419922,0.8567296862602234
1776175911293,1.0,0.0,6603.75927734375,94.92044067382812,0.856862485408783
1776175911313,1.0,0.0,6604.232421875,95.18144989013672,0.8569737672805786
1776175911333,1.0,0.0,6605.10302734375,95.40621185302734,0.8572413325309753
1776175911353,1.0,0.0,6605.57958984375,95.67686462402344,0.8573525547981262
1776175911373,1.0,0.0,6605.9775390625,95.96173858642578,0.8574874401092529
1776175911393,1.0,0.0,6606.45654296875,96.19951629638672,0.8575994968414307
1776175911413,1.0,0.0,6606.8564453125,96.46005249023438,0.8577345609664917
1776175911433,1.0,0.0,6607.7392578125,96.71129608154297,0.8579830527305603
1776175911454,1.0,0.0,6608.22216796875,96.919677734375,0.8580954670906067
1776175911474,1.0,0.0,6608.62548828125,97.17401885986328,0.8582327365875244
1776175911493,1.0,0.0,6609.1103515625,97.43644714355469,0.8583680987358093
1776175911513,1.0,0.0,6609.59619140625,97.66619873046875,0.858481764793396
1776175911534,1.0,0.0,6610.49072265625,97.91696166992188,0.8587316870689392
1776175911554,1.0,0.0,6610.8984375,98.1512680053711,0.8588693141937256
1776175911573,1.0,0.0,6611.388671875,98.36930847167969,0.8589842319488525
1776175911593,1.0,0.0,6611.7978515625,98.64420318603516,0.8591229915618896
1776175911613,1.0,0.0,6612.2900390625,98.89939880371094,0.8592386245727539
1776175911633,1.0,0.0,6613.1953125,99.08119201660156,0.8595154285430908
1776175911653,1.0,0.0,6613.6904296875,99.31000518798828,0.8596312999725342
1776175911673,1.0,0.0,6614.10400390625,99.58324432373047,0.8597703576087952
1776175911693,1.0,0.0,6614.60107421875,99.79084014892578,0.8598873019218445
1776175911713,1.0,0.0,6615.01611328125,100.03001403808594,0.8600267767906189
1776175911733,1.0,0.0,6615.931640625,100.28185272216797,0.8602845072746277
1776175911753,1.0,0.0,6616.4326171875,100.49565887451172,0.860401451587677
1776175911773,1.0,0.0,6616.8505859375,100.72730255126953,0.860542356967926
1776175911793,1.0,0.0,6617.353515625,100.95256805419922,0.8606837391853333
1776175911814,1.0,0.0,6617.857421875,101.17105865478516,0.8608018159866333
1776175911834,1.0,0.0,6618.7841796875,101.43238067626953,0.8610619306564331
1776175911854,1.0,0.0,6619.20654296875,101.68659973144531,0.8612043857574463
1776175911873,1.0,0.0,6619.71435546875,101.88729095458984,0.8613229393959045
1776175911893,1.0,0.0,6620.138671875,102.12061309814453,0.8614658713340759
1776175911913,1.0,0.0,6620.6484375,102.36247253417969,0.8615849018096924
1776175911933,1.0,0.0,6621.5859375,102.57884216308594,0.8618718981742859
1776175911954,1.0,0.0,6622.0986328125,102.8306655883789,0.8619916439056396
1776175911974,1.0,0.0,6622.52685546875,103.10151672363281,0.8621360659599304
1776175911993,1.0,0.0,6623.04150390625,103.30037689208984,0.8622565865516663
1776175912013,1.0,0.0,6623.47119140625,103.53706359863281,0.8624010682106018
1776175912034,1.0,0.0,6624.4189453125,103.78250885009766,0.8626680374145508
1776175912053,1.0,0.0,6624.9375,104.00367736816406,0.8627892732620239
1776175912073,1.0,0.0,6625.37060546875,104.26417541503906,0.8629353642463684
1776175912093,1.0,0.0,6625.89111328125,104.51727294921875,0.8630815148353577
1776175912114,1.0,0.0,6626.32568359375,104.73432159423828,0.8632035851478577
1776175912134,1.0,0.0,6627.37158203125,104.98707580566406,0.8634735345840454
1776175912153,1.0,0.0,6627.80859375,105.24532318115234,0.8636205792427063
1776175912173,1.0,0.0,6628.333984375,105.46300506591797,0.8637434244155884
1776175912193,1.0,0.0,6628.77294921875,105.71058654785156,0.8638909459114075
1776175912213,1.0,0.0,6629.30029296875,105.94458770751953,0.8640154004096985
1776175912236,1.0,0.0,6630.27001953125,106.18510437011719,0.8643121719360352
1776175912253,1.0,0.0,6630.80078125,106.41360473632812,0.8644371032714844
1776175912273,1.0,0.0,6631.24365234375,106.68077850341797,0.8645854592323303
1776175912293,1.0,0.0,6631.7763671875,106.90098571777344,0.864709734916687
1776175912313,1.0,0.0,6632.22119140625,107.15218353271484,0.864860475063324
1776175912333,1.0,0.0,6633.2021484375,107.40303802490234,0.8651367425918579
1776175912353,1.0,0.0,6633.73876953125,107.62234497070312,0.8652621507644653
1776175912373,1.0,0.0,6634.1865234375,107.85917663574219,0.8654134273529053
1776175912393,1.0,0.0,6634.72509765625,108.11262512207031,0.8655646443367004
1776175912413,1.0,0.0,6635.2646484375,108.33521270751953,0.8656896948814392
1776175912434,1.0,0.0,6636.2568359375,108.58271789550781,0.8659675121307373
1776175912453,1.0,0.0,6636.708984375,108.82372283935547,0.8661206960678101
1776175912473,1.0,0.0,6637.25244140625,109.0416488647461,0.8662488460540771
1776175912493,1.0,0.0,6637.7060546875,109.2889404296875,0.8664008378982544
1776175912513,1.0,0.0,6638.25146484375,109.52685546875,0.8665286302566528
1776175912533,1.0,0.0,6639.25390625,109.73278045654297,0.8668365478515625
1776175912553,1.0,0.0,6639.80224609375,109.9856948852539,0.8669653534889221
1776175912573,1.0,0.0,6640.26025390625,110.23572540283203,0.8671199083328247
1776175912593,1.0,0.0,6640.810546875,110.4430160522461,0.8672487139701843
1776175912613,1.0,0.0,6641.27001953125,110.68488311767578,0.8674046993255615
1776175912634,1.0,0.0,6642.283203125,110.92489624023438,0.8676892518997192
1776175912653,1.0,0.0,6642.83740234375,111.1351547241211,0.8678199648857117
1776175912673,1.0,0.0,6643.30029296875,111.39616394042969,0.8679737448692322
1776175912693,1.0,0.0,6643.8564453125,111.63523864746094,0.8681304454803467
1776175912713,1.0,0.0,6644.32080078125,111.83035278320312,0.8682617545127869
1776175912734,1.0,0.0,6645.43798828125,112.05654907226562,0.8685488104820251
1776175912753,1.0,0.0,6645.90478515625,112.30046844482422,0.8687072992324829
1776175912773,1.0,0.0,6646.4658203125,112.50323486328125,0.8688391447067261
1776175912793,1.0,0.0,6646.93408203125,112.74788665771484,0.8689963817596436
1776175912813,1.0,0.0,6647.4970703125,112.99250030517578,0.8691275715827942
1776175912834,1.0,0.0,6648.53125,113.22270202636719,0.8694450855255127
1776175912853,1.0,0.0,6649.0966796875,113.41548919677734,0.8695785999298096
1776175912873,1.0,0.0,6649.56884765625,113.64039611816406,0.8697380423545837
1776175912893,1.0,0.0,6650.13623046875,113.84254455566406,0.8698706030845642
1776175912913,1.0,0.0,6650.60986328125,114.0888900756836,0.8700299263000488
1776175912933,1.0,0.0,6651.654296875,114.3155746459961,0.8703219294548035
1776175912953,1.0,0.0,6652.2255859375,114.52449035644531,0.8704562783241272
1776175912973,1.0,0.0,6652.7021484375,114.75823974609375,0.8706172704696655
1776175912993,1.0,0.0,6653.27490234375,114.96267700195312,0.8707795143127441
1776175913013,1.0,0.0,6653.84912109375,115.16144561767578,0.8709140419960022
1776175913034,1.0,0.0,6654.90380859375,115.40435791015625,0.8712103962898254
1776175913053,0.9726499915122986,0.0,6655.38427734375,115.64002990722656,0.8713729977607727
1776175913073,0.8905999660491943,0.0,6655.9619140625,115.82988739013672,0.8715086579322815
1776175913093,0.7773499488830566,0.0,6656.44384765625,116.0320053100586,0.8716689348220825
1776175913113,0.6484500169754028,0.0,6657.02294921875,116.20780181884766,0.8718055486679077
1776175913134,0.53125,0.0,6658.0869140625,116.32917022705078,0.8721333742141724
1776175913154,0.4126499891281128,0.0,6658.66845703125,116.41716003417969,0.8722677230834961
1776175913173,0.29360002279281616,0.0,6659.1533203125,116.41980743408203,0.8724310398101807
1776175913193,0.20634999871253967,0.0,6659.7353515625,116.36322784423828,0.8725659251213074
1776175913213,0.18250000476837158,0.0,6660.22021484375,116.30326080322266,0.87273108959198
1776175913234,0.27775001525878906,0.0,6661.2861328125,116.23875427246094,0.8730297088623047
1776175913253,0.38885000348091125,0.0,6661.8671875,116.1834945678711,0.8731664419174194
1776175913273,0.5273500084877014,0.0,6662.35107421875,116.12236785888672,0.8733273148536682
1776175913293,0.6836000084877014,0.0,6662.93115234375,116.05584716796875,0.8734919428825378
1776175913313,0.8085999488830566,0.0,6663.51123046875,116.0011215209961,0.8736274838447571
1776175913334,0.9179500341415405,0.0,6664.57421875,115.93448638916016,0.8739257454872131
1776175913353,1.0,0.0,6665.05712890625,115.86904907226562,0.8740887641906738
1776175913373,1.0,0.0,6665.63623046875,115.81712341308594,0.8742244839668274
1776175913393,1.0,0.0,6666.11865234375,115.75395202636719,0.8743880391120911
1776175913413,1.0,0.0,6666.697265625,115.68579864501953,0.8745208978652954
1776175913434,1.0,0.0,6667.75732421875,116.03682708740234,0.8748473525047302
1776175913453,1.0,0.0,6668.3369140625,116.4365463256836,0.8749814033508301
1776175913473,1.0,0.0,6668.82177734375,116.84111785888672,0.8751468658447266
1776175913493,1.0,0.0,6669.40478515625,117.1987533569336,0.8752834796905518
1776175913513,1.0,0.0,6669.892578125,117.5526351928711,0.8754473924636841
1776175913533,1.0,0.0,6670.9697265625,117.80746459960938,0.8757507801055908
1776175913553,1.0,0.0,6671.55908203125,117.99234771728516,0.8758866786956787
1776175913573,1.0,0.0,6672.05078125,118.20621490478516,0.8760531544685364
1776175913593,1.0,0.0,6672.6416015625,118.42398834228516,0.8762186765670776
1776175913613,1.0,0.0,6673.2333984375,118.61080932617188,0.876356303691864
1776175913633,1.0,0.0,6674.3203125,118.81734466552734,0.876662015914917
1776175913653,1.0,0.0,6674.8154296875,119.03417205810547,0.8768302202224731
1776175913673,1.0,0.0,6675.41064453125,119.23567199707031,0.8769679665565491
1776175913693,1.0,0.0,6675.9072265625,119.4569091796875,0.877135157585144
1776175913713,1.0,0.0,6676.50390625,119.66106414794922,0.8772758841514587
1776175913733,1.0,0.0,6677.60009765625,119.83003234863281,0.8776102066040039
1776175913753,1.0,0.0,6678.19921875,120.04426574707031,0.8777502179145813
1776175913773,1.0,0.0,6678.69921875,120.26229095458984,0.8779189586639404
1776175913793,1.0,0.0,6679.2998046875,120.44873046875,0.8780605792999268
1776175913813,1.0,0.0,6679.80078125,120.66291046142578,0.878229558467865
1776175913834,1.0,0.0,6680.9052734375,120.869873046875,0.878538191318512
1776175913853,1.0,0.0,6681.50927734375,121.05675506591797,0.8786802291870117
1776175913873,1.0,0.0,6682.01318359375,121.27167510986328,0.8788508176803589
1776175913893,1.0,0.0,6682.61865234375,121.48387145996094,0.8790202140808105
1776175913913,1.0,0.0,6683.22509765625,121.65909576416016,0.8791618943214417
1776175913933,1.0,0.0,6684.33984375,121.87298583984375,0.8794752955436707
1776175913953,1.0,0.0,6684.84765625,122.10665893554688,0.8796460032463074
1776175913974,1.0,0.0,6685.45751953125,122.28527069091797,0.8797880411148071
1776175913993,1.0,0.0,6685.966796875,122.47596740722656,0.8799590468406677
1776175914013,1.0,0.0,6686.578125,122.68407440185547,0.880131185054779
1776175914033,1.0,0.0,6687.70166015625,122.8755111694336,0.8804467916488647
1776175914053,1.0,0.0,6688.31591796875,123.09212493896484,0.8805907368659973
1776175914073,1.0,0.0,6688.828125,123.29633331298828,0.8807638883590698
1776175914093,1.0,0.0,6689.44384765625,123.48509979248047,0.8809069395065308
1776175914113,1.0,0.0,6689.95751953125,123.68262481689453,0.8810800313949585
1776175914133,1.0,0.0,6691.08984375,123.88574981689453,0.8813982605934143
1776175914153,1.0,0.0,6691.70849609375,124.06689453125,0.8815423846244812
1776175914173,1.0,0.0,6692.22509765625,124.27544403076172,0.8817180395126343
1776175914193,1.0,0.0,6692.845703125,124.48550415039062,0.8818919062614441
1776175914213,1.0,0.0,6693.46728515625,124.66301727294922,0.8820359706878662
1776175914233,1.0,0.0,6694.60888671875,124.8713150024414,0.882358729839325
1776175914253,1.0,0.0,6695.12890625,125.08769226074219,0.8825328350067139
1776175914273,1.0,0.0,6695.75341796875,125.26577758789062,0.8826785087585449
1776175914293,1.0,0.0,6696.27490234375,125.4588394165039,0.8828535079956055
1776175914313,1.0,0.0,6696.9013671875,125.66007995605469,0.883030354976654
1776175914334,1.0,0.0,6698.0517578125,125.85614776611328,0.8833541870117188
1776175914353,1.0,0.0,6698.6806640625,126.06948852539062,0.8835012316703796
1776175914373,1.0,0.0,6699.20556640625,126.28571319580078,0.8836789131164551
1776175914393,1.0,0.0,6699.83642578125,126.46507263183594,0.8838252425193787
1776175914413,1.0,0.0,6700.36279296875,126.6791000366211,0.8840035200119019
1776175914433,1.0,0.0,6701.52294921875,126.88832092285156,0.8843305110931396
1776175914453,1.0,0.0,6702.15673828125,127.05906677246094,0.8844785690307617
1776175914473,1.0,0.0,6702.685546875,127.26171875,0.8846558928489685
1776175914493,1.0,0.0,6703.3212890625,127.4672622680664,0.884834349155426
1776175914513,1.0,0.0,6703.9580078125,127.64898681640625,0.884982705116272
1776175914534,1.0,0.0,6705.12744140625,127.87672424316406,0.8853108882904053
1776175914553,1.0,0.0,6705.66015625,128.08053588867188,0.8854915499687195
1776175914573,1.0,0.0,6706.30029296875,128.24476623535156,0.8856409788131714
1776175914593,1.0,0.0,6706.833984375,128.4449920654297,0.8858212828636169
1776175914613,1.0,0.0,6707.4755859375,128.65565490722656,0.8859707713127136
1776175914634,1.0,0.0,6708.65380859375,128.83628845214844,0.8863319158554077
1776175914653,1.0,0.0,6709.2978515625,129.05105590820312,0.8864831328392029
1776175914673,1.0,0.0,6709.8349609375,129.26002502441406,0.8866648077964783
1776175914693,1.0,0.0,6710.48046875,129.42701721191406,0.8868169188499451
1776175914713,1.0,0.0,6711.01904296875,129.61717224121094,0.8869968056678772
1776175914734,1.0,0.0,6712.20556640625,129.81942749023438,0.887330174446106
1776175914753,1.0,0.0,6712.85400390625,129.98931884765625,0.8874807953834534
1776175914773,1.0,0.0,6713.39501953125,130.18624877929688,0.887664794921875
1776175914793,1.0,0.0,6714.04541015625,130.40512084960938,0.887846052646637
1776175914813,1.0,0.0,6714.69677734375,130.59393310546875,0.8879998922348022
1776175914833,1.0,0.0,6715.89306640625,130.79629516601562,0.888334333896637
1776175914853,1.0,0.0,6716.43798828125,130.996337890625,0.8885195851325989
1776175914873,1.0,0.0,6717.09228515625,131.1782684326172,0.8886709213256836
1776175914893,1.0,0.0,6717.63818359375,131.383056640625,0.8888555765151978
1776175914913,1.0,0.0,6718.29443359375,131.5771026611328,0.8890092968940735
1776175914933,1.0,0.0,6719.49951171875,131.7537078857422,0.8893774747848511
1776175914953,1.0,0.0,6720.158203125,131.95916748046875,0.8895331621170044
1776175914973,1.0,0.0,6720.70751953125,132.16734313964844,0.8897169828414917
1776175914993,1.0,0.0,6721.36767578125,132.3357391357422,0.8898708820343018
1776175915013,1.0,0.0,6721.91845703125,132.5274200439453,0.8900564312934875
1776175915033,1.0,0.0,6723.1318359375,132.72189331054688,0.8903967142105103
1776175915053,1.0,0.0,6723.794921875,132.89437866210938,0.8905532360076904
1776175915073,1.0,0.0,6724.34814453125,133.09349060058594,0.8907390236854553
1776175915093,1.0,0.0,6725.0126953125,133.30438232421875,0.8909256458282471
1776175915113,1.0,0.0,6725.67822265625,133.4851531982422,0.8910809755325317
1776175915133,1.0,0.0,6726.90087890625,133.68423461914062,0.8914245963096619
1776175915153,1.0,0.0,6727.45751953125,133.88214111328125,0.8916126489639282
1776175915173,1.0,0.0,6728.12646484375,134.0477752685547,0.8917696475982666
1776175915193,1.0,0.0,6728.6845703125,134.23809814453125,0.8919570446014404
1776175915213,1.0,0.0,6729.35498046875,134.4333953857422,0.8921456336975098
1776175915233,1.0,0.0,6730.5859375,134.59584045410156,0.892490565776825
1776175915253,1.0,0.0,6731.2587890625,134.79220581054688,0.8926482796669006
1776175915273,1.0,0.0,6731.8203125,135.00904846191406,0.892837405204773
1776175915293,1.0,0.0,6732.49462890625,135.19625854492188,0.8929948210716248
1776175915313,1.0,0.0,6733.0576171875,135.39883422851562,0.8931840658187866
1776175915334,1.0,0.0,6734.2978515625,135.5806427001953,0.8935328722000122
1776175915353,1.0,0.0,6734.9755859375,135.7498321533203,0.8936910629272461
1776175915373,1.0,0.0,6735.541015625,135.9451904296875,0.8938823342323303
1776175915393,1.0,0.0,6736.22021484375,136.14097595214844,0.8940722942352295
1776175915413,1.0,0.0,6736.89990234375,136.30496215820312,0.8942320346832275
1776175915434,1.0,0.0,6738.14794921875,136.50381469726562,0.8945814371109009
1776175915453,0.84375,0.0,6738.71630859375,136.70529174804688,0.8947725892066956
1776175915474,0.48410001397132874,0.0,6739.3994140625,136.84173583984375,0.8949325680732727
1776175915493,0.0,0.0,6739.96923828125,136.91880798339844,0.8951249122619629
1776175915513,0.0,0.0,6740.6533203125,136.86903381347656,0.8953167200088501
1776175915534,0.0,0.0,6741.908203125,136.78163146972656,0.8956694006919861
1776175915553,0.0,0.0,6742.591796875,136.70352172851562,0.8958284258842468
1776175915573,0.0,0.0,6743.1611328125,136.61253356933594,0.89602130651474
1776175915593,0.0,0.0,6743.84423828125,136.53744506835938,0.896180272102356
1776175915613,0.0,0.0,6744.4130859375,136.4434356689453,0.8963718414306641
1776175915633,0.0,0.00228431960567832,6745.6630859375,136.3541259765625,0.8967220783233643
1776175915653,0.0,0.1241873949766159,6746.34423828125,136.2620849609375,0.8969120383262634
1776175915673,0.0,0.6154777407646179,6747.02490234375,136.02464294433594,0.8970717191696167
1776175915693,0.0,1.0,6747.591796875,135.40078735351562,0.8972311019897461
1776175915713,0.0,1.0,6748.15771484375,134.6875762939453,0.8974196314811707
1776175915734,0.0,1.0,6749.50732421875,133.83599853515625,0.8977664709091187
1776175915753,0.0,0.7968763709068298,6750.06494140625,132.9134521484375,0.8979544043540955
1776175915773,0.0,0.6154777407646179,6750.73046875,132.20455932617188,0.8981109261512756
1776175915793,0.0,0.5464999675750732,6751.2822265625,131.50357055664062,0.8982958197593689
1776175915813,0.0,0.6468548774719238,6751.94091796875,130.8714141845703,0.8984805345535278
1776175915834,0.0,0.8347579836845398,6753.14111328125,130.29901123046875,0.8988157510757446
1776175915853,0.0,1.0,6753.7919921875,129.52471923828125,0.8989673256874084
1776175915873,0.0,1.0,6754.33203125,128.66360473632812,0.8991482853889465
1776175915893,0.0,1.0,6754.97705078125,127.8604736328125,0.899298369884491
1776175915913,0.0,1.0,6755.51171875,126.95045471191406,0.899476945400238
1776175915934,0.0,1.0,6756.6787109375,126.02976989746094,0.8998039364814758
1776175915953,0.0,1.0,6757.31005859375,125.23301696777344,0.8999515175819397
1776175915973,0.0,1.0,6757.83349609375,124.29056549072266,0.9001272320747375
1776175915993,0.0,1.0,6758.4580078125,123.34618377685547,0.9003004431724548
1776175916013,0.0,1.0,6759.07861328125,122.52886962890625,0.900444507598877
1776175916034,0.0,1.0,6760.2060546875,121.54927062988281,0.9007588028907776
1776175916053,0.0,1.0,6760.7138671875,120.62803649902344,0.900928795337677
1776175916073,0.0,1.0,6761.3193359375,119.85936737060547,0.9010677337646484
1776175916093,0.0,1.0,6761.8212890625,118.9483642578125,0.9012362360954285
1776175916113,0.0,1.0,6762.419921875,117.9708480834961,0.9014040231704712
1776175916133,0.0,1.0,6763.50732421875,117.16619110107422,0.9017075896263123
1776175916153,0.0,1.0,6764.09423828125,116.28669738769531,0.9018442034721375
1776175916173,0.0,1.0,6764.58056640625,115.3474349975586,0.9020060300827026
1776175916193,0.0,1.0,6765.16064453125,114.53447723388672,0.9021407961845398
1776175916214,0.0,1.0,6765.640625,113.64403533935547,0.9023012518882751
1776175916234,0.0,1.0,6766.68701171875,112.74946594238281,0.9025915265083313
1776175916253,0.0,1.0,6767.25244140625,111.98760986328125,0.9027238488197327
1776175916273,0.0,1.0,6767.72021484375,111.07754516601562,0.9028782248497009
1776175916293,0.0,1.0,6768.2783203125,110.14482116699219,0.9030342698097229
1776175916313,0.0,1.0,6768.83251953125,109.38187408447266,0.903163731098175
1776175916334,0.0,1.0,6769.837890625,108.44473266601562,0.9034455418586731
1776175916353,0.0,1.0,6770.291015625,107.4992446899414,0.9035947918891907
1776175916374,0.0,1.0,6770.8310546875,106.66732788085938,0.9037202000617981
1776175916393,0.0,1.0,6771.27783203125,105.7771987915039,0.9038698673248291
1776175916413,0.0,1.0,6771.81005859375,104.84076690673828,0.9040159583091736
1776175916434,0.0,1.0,6772.7763671875,104.03045654296875,0.9042824506759644
1776175916453,0.0,1.0,6773.29736328125,103.09334564208984,0.9044061899185181
1776175916473,0.0,1.0,6773.728515625,102.18673706054688,0.9045476913452148
1776175916493,0.0,1.0,6774.2421875,101.45264434814453,0.904666543006897
1776175916513,0.0,1.0,6774.66748046875,100.571044921875,0.9048091769218445
1776175916534,0.0,1.0,6775.59423828125,99.72022247314453,0.9050610065460205
1776175916553,0.0,1.0,6776.09423828125,98.98126220703125,0.9051779508590698
1776175916573,0.0,1.0,6776.50830078125,98.15884399414062,0.9053149223327637
1776175916593,0.0,1.0,6777.001953125,97.31952667236328,0.9054505228996277
1776175916613,0.0,1.0,6777.49169921875,96.63883209228516,0.9055665731430054
1776175916633,0.0,1.0,6778.380859375,95.84686279296875,0.9058119058609009
1776175916653,0.0,1.0,6778.78125,94.99128723144531,0.9059438705444336
1776175916673,0.0,1.0,6779.25830078125,94.21354675292969,0.9060481190681458
1776175916693,0.0,1.0,6779.65283203125,93.35832214355469,0.9061838388442993
1776175916713,0.0,0.8093602657318115,6780.123046875,92.49639129638672,0.9063120484352112
1776175916734,0.0,0.6362686157226562,6780.97509765625,91.6689682006836,0.9065463542938232
1776175916753,0.0,0.41798844933509827,6781.4345703125,91.00067901611328,0.9066520929336548
1776175916773,0.0,0.28304019570350647,6781.81494140625,90.38728332519531,0.9067768454551697
1776175916793,0.0,0.2006537765264511,6782.2685546875,89.98223114013672,0.9068808555603027
1776175916813,0.0,0.14084765315055847,6782.64501953125,89.62832641601562,0.9070044159889221
1776175916834,0.0,0.09270945191383362,6783.46826171875,89.34839630126953,0.9072281122207642
1776175916853,0.0,0.07378428429365158,6783.916015625,89.1294174194336,0.907354474067688
1776175916873,0.0,0.041335735470056534,6784.36279296875,88.90607452392578,0.9074572324752808
1776175916893,0.0,0.018329313024878502,6784.734375,88.72356414794922,0.9075813889503479
1776175916913,0.0,0.007669195998460054,6785.1796875,88.59661102294922,0.9076778888702393
1776175916934,0.0,0.0028436467982828617,6785.994140625,88.46553802490234,0.9079030156135559
1776175916953,0.0,0.000814309052657336,6786.36376953125,88.32705688476562,0.9080215692520142
1776175916973,0.0,0.0003347668971400708,6786.80712890625,88.21722412109375,0.9081230163574219
1776175916993,0.0,0.00014472132897935808,6787.17626953125,88.09654998779297,0.9082460403442383
1776175917013,0.0,8.742299542063847e-05,6787.6181640625,87.96134185791016,0.9083666205406189
1776175917034,0.0,8.742299542063847e-05,6788.4267578125,87.84014892578125,0.9085911512374878
1776175917053,0.0,0.00010428302630316466,6788.86669921875,87.73030090332031,0.908689022064209
1776175917073,0.0,0.0002943974104709923,6789.23291015625,87.60201263427734,0.9088094830513
1776175917093,0.0,0.000814309052657336,6789.671875,87.50133514404297,0.9089088439941406
1776175917113,0.0,0.0024600743781775236,6790.037109375,87.37675476074219,0.9090280532836914
1776175917133,0.0,0.005779007915407419,6790.8388671875,87.24259185791016,0.9092498421669006
1776175917153,0.0,0.012158614583313465,6791.275390625,87.13121795654297,0.9093706011772156
1776175917174,0.0,0.018329313024878502,6791.71142578125,87.00872802734375,0.9094678163528442
1776175917193,0.0,0.022617517039179802,6792.07421875,86.85816955566406,0.9095874428749084
1776175917214,0.0,0.02551683969795704,6792.5087890625,86.73672485351562,0.9096896052360535
1776175917235,0.0,0.026536842808127403,6793.3037109375,86.56289672851562,0.9099024534225464
1776175917253,0.0,0.026536842808127403,6793.66455078125,86.44471740722656,0.9100197553634644
1776175917273,0.0,0.026536842808127403,6794.0966796875,86.31800079345703,0.9101163744926453
1776175917293,0.0,0.02868010476231575,6794.45654296875,86.16030883789062,0.9102306962013245
1776175917313,0.0,0.03332889452576637,6794.8876953125,86.00180053710938,0.9103537797927856
1776175917334,0.0,0.044274505227804184,6795.67626953125,85.84005737304688,0.9105703830718994
1776175917353,0.0,0.06142096966505051,6796.10546875,85.69739532470703,0.9106652736663818
1776175917373,0.0,0.08051890879869461,6796.46240234375,85.5072250366211,0.9107831716537476
1776175917393,0.0,0.0952945277094841,6796.89013671875,85.33121490478516,0.91087806224823
1776175917414,0.0,0.1062031164765358,6797.24609375,85.107666015625,0.9109936952590942
1776175917433,0.0,0.10905830562114716,6798.02685546875,84.8793716430664,0.9112063050270081
1776175917453,0.0,0.10905830562114716,6798.45166015625,84.6789321899414,0.9113039970397949
1776175917473,0.0,0.10905830562114716,6798.8046875,84.44183349609375,0.9114161729812622
1776175917493,0.0,0.1033676341176033,6799.2275390625,84.2049789428711,0.9115346074104309
1776175917513,0.0,0.10062292218208313,6799.6494140625,84.00586700439453,0.911626935005188
1776175917535,0.0,0.09017623215913773,6800.4208984375,83.74836730957031,0.9118378758430481
1776175917554,0.0,0.08051890879869461,6800.7705078125,83.55765533447266,0.9119486808776855
1776175917574,0.0,0.07161616533994675,6801.18896484375,83.36544799804688,0.9120413661003113
1776175917593,0.0,0.03094778023660183,6801.537109375,83.15714263916016,0.9121547937393188
1776175917613,0.0,0.0024600743781775236,6801.95361328125,82.98267364501953,0.9122450351715088
1776175917634,0.0,1.4017473404237535e-06,6802.71533203125,82.8512191772461,0.9124706983566284
1776175917653,0.0,0.0,6803.1298828125,82.70159149169922,0.9125597476959229
1776175917674,0.0,0.0,6803.474609375,82.54592895507812,0.9126747250556946
1776175917693,0.0,0.0,6803.8876953125,82.41203308105469,0.9127624034881592
1776175917713,0.0,0.0,6804.2314453125,82.25537872314453,0.9128795266151428
1776175917733,0.0,0.0,6804.986328125,82.09760284423828,0.9130781292915344
1776175917753,0.0,0.0,6805.39697265625,81.96510314941406,0.9131913185119629
1776175917773,0.0,0.0,6805.73876953125,81.80387878417969,0.9132773876190186
1776175917793,0.0,0.0,6806.1484375,81.64063262939453,0.9133882522583008
1776175917813,0.0,0.0,6806.55712890625,81.50343322753906,0.913475513458252
1776175917834,0.0,0.0,6807.30517578125,81.34148406982422,0.9136824011802673
1776175917853,0.0,0.0,6807.64404296875,81.17493438720703,0.9137874245643616
1776175917873,0.0,0.0,6808.05029296875,81.03032684326172,0.9138755798339844
1776175917893,0.0,0.0,6808.38818359375,80.85912322998047,0.9139914512634277
1776175917914,0.0,0.0,6808.79296875,80.69506072998047,0.914097785949707
1776175917934,0.0,0.0,6809.53271484375,80.54621124267578,0.914295494556427
1776175917953,0.0,0.0,6809.935546875,80.37798309326172,0.9143832325935364
1776175917974,0.0,0.0,6810.2705078125,80.2009506225586,0.9144944548606873
1776175917993,0.0,0.0,6810.671875,80.05651092529297,0.9145814180374146
1776175918013,0.0,0.0,6811.005859375,79.88189697265625,0.9146900773048401
1776175918034,0.0,0.0,6811.80517578125,79.70851135253906,0.9148836731910706
1776175918053,0.0,0.0,6812.13720703125,79.5594253540039,0.9149933457374573
1776175918073,0.0,0.0,6812.53515625,79.3860855102539,0.9150804281234741
1776175918093,0.0,0.0,6812.8662109375,79.20751190185547,0.915188729763031
1776175918113,0.0,0.0,6813.2626953125,79.04894256591797,0.915270984172821
1776175918133,0.0,0.0,6813.9873046875,78.86572265625,0.9154712557792664
1776175918153,0.0,0.0,6814.31591796875,78.68224334716797,0.9155694842338562
1776175918173,0.0,0.0,6814.70947265625,78.52677917480469,0.9156756401062012
1776175918193,0.0,0.0,6815.1025390625,78.34864807128906,0.9157684445381165
1776175918213,0.0,0.0,6815.4296875,78.18756866455078,0.9158750772476196
1776175918236,0.0,0.0,6816.14697265625,77.9728775024414,0.9160587191581726
1776175918254,0.0,0.0,6816.537109375,77.80836486816406,0.9161515831947327
1776175918273,0.0,0.0,6816.86181640625,77.62470245361328,0.9162577390670776
1776175918293,0.0,0.0,6817.25048828125,77.46855163574219,0.9163421392440796
1776175918313,0.0,0.0,6817.57373046875,77.28376770019531,0.9164462089538574
1776175918334,0.0,0.0,6818.283203125,77.08956909179688,0.9166344404220581
1776175918353,0.0,0.0,6818.6689453125,76.92498779296875,0.9167393445968628
1776175918374,0.04365000128746033,0.0,6819.0537109375,76.73649597167969,0.9168198704719543
1776175918393,0.09125000238418579,0.0,6819.3740234375,76.56504821777344,0.9169308543205261
1776175918413,0.14285001158714294,0.0,6819.75732421875,76.43106842041016,0.9170072078704834
1776175918434,0.23410001397132874,0.0,6820.45849609375,76.28482055664062,0.9171968102455139
1776175918453,0.33329999446868896,0.0,6820.7763671875,76.15019989013672,0.9172976613044739
1776175918474,0.3928000032901764,0.0,6821.15771484375,76.04405212402344,0.9173833727836609
1776175918493,0.4562999904155731,0.0,6821.47509765625,75.95962524414062,0.9174813032150269
1776175918514,0.4959999918937683,0.0,6821.85546875,75.91594696044922,0.9175736904144287
1776175918534,0.5077999830245972,0.0,6822.5517578125,75.91757202148438,0.9177669286727905
1776175918553,0.5234500169754028,0.0,6822.931640625,75.93598937988281,0.9178540110588074
1776175918573,0.5234500169754028,0.0,6823.248046875,75.9908676147461,0.9179571270942688
1776175918594,0.5234500169754028,0.0,6823.6279296875,76.05059814453125,0.9180387258529663
1776175918613,0.5195500254631042,0.0,6823.94482421875,76.13273620605469,0.9181428551673889
1776175918635,0.5156000256538391,0.0,6824.642578125,76.22281646728516,0.9183279871940613
1776175918654,0.5156000256538391,0.0,6825.0234375,76.3184585571289,0.9184295535087585
1776175918673,0.5156000256538391,0.0,6825.40478515625,76.4107666015625,0.9185143113136292
1776175918693,0.5234500169754028,0.0,6825.72265625,76.51512145996094,0.9186170101165771
1776175918714,0.5390499830245972,0.0,6826.10498046875,76.60723114013672,0.9187008142471313
1776175918734,0.5625,0.0,6826.806640625,76.71464538574219,0.9188894629478455
1776175918754,0.5859500169754028,0.0,6827.1259765625,76.83456420898438,0.9189964532852173
1776175918773,0.6015499830245972,0.0,6827.509765625,76.94650268554688,0.9190787076950073
1776175918793,0.6172000169754028,0.0,6827.830078125,77.0837631225586,0.9191844463348389
1776175918814,0.6327999830245972,0.0,6828.21484375,77.2288818359375,0.9192847013473511
1776175918835,0.6366999745368958,0.0,6828.921875,77.38542938232422,0.9194810390472412
1776175918853,0.6366999745368958,0.0,6829.30859375,77.52794647216797,0.9195677042007446
1776175918873,0.6288999915122986,0.0,6829.63134765625,77.68170928955078,0.9196652770042419
1776175918893,0.6211000084877014,0.0,6830.01953125,77.81426239013672,0.9197544455528259
1776175918913,0.6172000169754028,0.0,6830.34326171875,77.96786499023438,0.9198613166809082
1776175918934,0.6172000169754028,0.0,6831.05712890625,78.11814880371094,0.9200488924980164
1776175918953,0.6172000169754028,0.0,6831.44775390625,78.23768615722656,0.920162558555603
1776175918973,0.6172000169754028,0.0,6831.8388671875,78.39431762695312,0.9202477335929871
1776175918993,0.6172000169754028,0.0,6832.1650390625,78.55216217041016,0.9203497767448425
1776175919013,0.6172000169754028,0.0,6832.55712890625,78.673095703125,0.9204423427581787
1776175919034,0.6172000169754028,0.0,6833.2783203125,78.81005859375,0.9206367135047913
1776175919053,0.6211000084877014,0.0,6833.6064453125,78.94701385498047,0.9207463264465332
1776175919073,0.6211000084877014,0.0,6834.0009765625,79.07376861572266,0.9208468198776245
1776175919093,0.625,0.0,6834.39599609375,79.20618438720703,0.9209365248680115
1776175919113,0.625,0.0,6834.7255859375,79.33323669433594,0.9210466742515564
1776175919134,0.625,0.0,6835.4521484375,79.42546081542969,0.9212445020675659
1776175919153,0.625,0.0,6835.84912109375,79.53508758544922,0.9213309288024902
1776175919174,0.6211000084877014,0.0,6836.18017578125,79.65754699707031,0.9214407205581665
1776175919193,0.6172000169754028,0.0,6836.578125,79.76319885253906,0.9215304851531982
1776175919213,0.6172000169754028,0.0,6836.91015625,79.884033203125,0.9216408729553223
1776175919234,0.6172000169754028,0.0,6837.64208984375,79.99061584472656,0.9218377470970154
1776175919253,0.6172000169754028,0.0,6838.0419921875,80.09413146972656,0.9219464063644409
1776175919273,0.6132999658584595,0.0,6838.4423828125,80.20966339111328,0.9220367670059204
1776175919294,0.6093499660491943,0.0,6838.7763671875,80.31748962402344,0.9221469759941101
1776175919316,0.6054499745368958,0.0,6839.51171875,80.42211151123047,0.9223461151123047
1776175919334,0.6015499830245972,0.0,6839.91357421875,80.51702880859375,0.92243492603302
1776175919353,0.59375,0.0,6840.2490234375,80.62487030029297,0.9225484728813171
1776175919374,0.59375,0.0,6840.65185546875,80.71282958984375,0.9226567149162292
1776175919393,0.5898500084877014,0.0,6841.05517578125,80.8089828491211,0.9227479696273804
1776175919414,0.5859500169754028,0.0,6841.3916015625,80.90705108642578,0.9228597283363342
1776175919433,0.5820499658584595,0.0,6842.13232421875,80.97404479980469,0.9230607151985168
1776175919453,0.5820499658584595,0.0,6842.537109375,81.05451965332031,0.9231516718864441
1776175919473,0.5780999660491943,0.0,6842.87451171875,81.13363647460938,0.923261821269989
1776175919493,0.5780999660491943,0.0,6843.27978515625,81.20297241210938,0.9233549237251282
1776175919513,0.5741999745368958,0.0,6843.61767578125,81.27289581298828,0.9234659671783447
1776175919536,0.5741999745368958,0.0,6844.4296875,81.35416412353516,0.9236751794815063
1776175919554,0.5702999830245972,0.0,6844.7685546875,81.42108917236328,0.9237809777259827
1776175919573,0.5702999830245972,0.0,6845.17529296875,81.49469757080078,0.9238762855529785
1776175919593,0.5702999830245972,0.0,6845.5146484375,81.58367156982422,0.923987090587616
1776175919613,0.5702999830245972,0.0,6845.92236328125,81.65373992919922,0.9240814447402954
1776175919633,0.5702999830245972,0.0,6846.67041015625,81.73564910888672,0.9242836236953735
1776175919653,0.5663999915122986,0.0,6847.0107421875,81.81959533691406,0.9243971705436707
1776175919673,0.5663999915122986,0.0,6847.41943359375,81.89443969726562,0.9244897961616516
1776175919693,0.5663999915122986,0.0,6847.76025390625,81.99077606201172,0.924601674079895
1776175919714,0.5625,0.0,6848.169921875,82.09597778320312,0.9247173070907593
1776175919734,0.5625,0.0,6848.921875,82.19607543945312,0.9249227046966553
1776175919753,0.5663999915122986,0.0,6849.33251953125,82.27633666992188,0.9250172972679138
1776175919773,0.5702999830245972,0.0,6849.6748046875,82.35586547851562,0.925132691860199
1776175919793,0.5741999745368958,0.0,6850.0859375,82.43506622314453,0.9252248406410217
1776175919814,0.5859500169754028,0.0,6850.42919921875,82.54510498046875,0.9253345727920532
1776175919834,0.6015499830245972,0.0,6851.18505859375,82.65958404541016,0.9255478978157043
1776175919853,0.625,0.0,6851.59814453125,82.75497436523438,0.9256430864334106
1776175919876,0.65625,0.0,6851.94287109375,82.8690185546875,0.9257584810256958
1776175919893,0.6913999915122986,0.0,6852.35693359375,82.99806213378906,0.9258714914321899
1776175919913,0.7070499658584595,0.0,6852.771484375,83.12393951416016,0.9259667992591858
1776175919934,0.7109500169754028,0.0,6853.53271484375,83.27124786376953,0.9261777400970459
1776175919953,0.7070499658584595,0.0,6853.87939453125,83.42837524414062,0.9262939095497131
1776175919973,0.6991999745368958,0.0,6854.2958984375,83.57147979736328,0.9263876676559448
1776175919993,0.6836000084877014,0.0,6854.6435546875,83.73260498046875,0.9265034198760986
1776175920015,0.6679499745368958,0.0,6855.0615234375,83.8880844116211,0.9266207218170166
1776175920033,0.6640499830245972,0.0,6855.830078125,84.02581787109375,0.9268311858177185
1776175920053,0.6640499830245972,0.0,6856.25,84.1755142211914,0.9269318580627441
1776175920073,0.6640499830245972,0.0,6856.6005859375,84.3178939819336,0.9270491600036621
1776175920093,0.6679499745368958,0.0,6857.02197265625,84.43891906738281,0.927145779132843
1776175920115,0.6718499660491943,0.0,6857.7958984375,84.60909271240234,0.9273592829704285
1776175920133,0.6718499660491943,0.0,6858.1484375,84.7436752319336,0.9274784326553345
1776175920153,0.6718499660491943,0.0,6858.572265625,84.87489318847656,0.9275962710380554
1776175920173,0.6718499660491943,0.0,6858.99658203125,85.02796936035156,0.92769455909729
1776175920193,0.6718499660491943,0.0,6859.3505859375,85.18621826171875,0.927813708782196
1776175920214,0.6679499745368958,0.0,6859.77587890625,85.3224868774414,0.9279096722602844
1776175920233,0.6640499830245972,0.0,6860.5576171875,85.4788589477539,0.9281272888183594
1776175920253,0.6640499830245972,0.0,6860.91357421875,85.62828063964844,0.9282482266426086
1776175920273,0.6601499915122986,0.0,6861.34130859375,85.75521850585938,0.9283652901649475
1776175920293,0.65625,0.0,6861.76953125,85.89778900146484,0.9284640550613403
1776175920313,0.65625,0.0,6862.126953125,86.03251647949219,0.9285851120948792
1776175920333,0.65625,0.0,6862.9140625,86.1491470336914,0.9288036227226257
1776175920354,0.6523500084877014,0.0,6863.34423828125,86.28374481201172,0.928903341293335
1776175920373,0.6523500084877014,0.0,6863.703125,86.40763854980469,0.9290211796760559
1776175920393,0.6484500169754028,0.0,6864.13427734375,86.50360870361328,0.9291254878044128
1776175920413,0.6445499658584595,0.0,6864.494140625,86.6142807006836,0.9292429685592651
1776175920434,0.6366999745368958,0.0,6865.28759765625,86.72587585449219,0.9294657111167908
1776175920453,0.6327999830245972,0.0,6865.72119140625,86.82154083251953,0.9295876026153564
1776175920473,0.6288999915122986,0.0,6866.0830078125,86.92945098876953,0.9296872615814209
1776175920493,0.6211000084877014,0.0,6866.517578125,87.0400619506836,0.9298092126846313
1776175920513,0.6172000169754028,0.0,6866.95263671875,87.1454849243164,0.9299101233482361
1776175920534,0.6093499660491943,0.0,6867.75146484375,87.2515869140625,0.930133044719696
1776175920553,0.6054499745368958,0.0,6868.115234375,87.34837341308594,0.9302558898925781
1776175920573,0.6054499745368958,0.0,6868.5517578125,87.43012237548828,0.9303774833679199
1776175920593,0.6054499745368958,0.0,6868.98876953125,87.52123260498047,0.9304785132408142
1776175920615,0.6054499745368958,0.0,6869.35302734375,87.6153564453125,0.9306014776229858
1776175920633,0.6054499745368958,0.0,6870.15625,87.6861343383789,0.9308247566223145
1776175920653,0.6054499745368958,0.0,6870.5947265625,87.7685317993164,0.9309279918670654
1776175920673,0.6093499660491943,0.0,6870.96044921875,87.85172271728516,0.9310506582260132
1776175920693,0.6093499660491943,0.0,6871.3994140625,87.9193344116211,0.9311540722846985
1776175920713,0.6093499660491943,0.0,6871.765625,88.00619506835938,0.9312759041786194
1776175920734,0.6093499660491943,0.0,6872.572265625,88.09587860107422,0.9315019249916077
1776175920753,0.6093499660491943,0.0,6873.0126953125,88.16980743408203,0.9316048622131348
1776175920773,0.6093499660491943,0.0,6873.3798828125,88.24955749511719,0.9317288398742676
1776175920793,0.6093499660491943,0.0,6873.82080078125,88.32616424560547,0.9318524599075317
1776175920813,0.6093499660491943,0.0,6874.26220703125,88.38107299804688,0.9319558143615723
1776175920834,0.6093499660491943,0.0,6875.072265625,88.44992065429688,0.9321824908256531
1776175920853,0.6132999658584595,0.0,6875.44091796875,88.52067565917969,0.932306170463562
1776175920873,0.6172000169754028,0.0,6875.88330078125,88.58824157714844,0.9324091076850891
1776175920893,0.6211000084877014,0.0,6876.25244140625,88.68806457519531,0.9325336217880249
1776175920913,0.6366999745368958,0.0,6876.69580078125,88.78897094726562,0.932657778263092
1776175920933,0.6523500084877014,0.0,6877.509765625,88.87793731689453,0.9328885078430176
1776175920953,0.6601499915122986,0.0,6877.9541015625,88.99114990234375,0.932992696762085
1776175920973,0.6679499745368958,0.0,6878.32470703125,89.10198211669922,0.9331166744232178
1776175920993,0.6718499660491943,0.0,6878.77001953125,89.20452880859375,0.9332208633422852
1776175921014,0.6718499660491943,0.0,6879.1416015625,89.33332061767578,0.9333465099334717
1776175921036,0.6718499660491943,0.0,6879.95947265625,89.46329498291016,0.933576762676239
1776175921053,0.6718499660491943,0.0,6880.40625,89.5841064453125,0.9336832761764526
1776175921073,0.6718499660491943,0.0,6880.779296875,89.693115234375,0.9338072538375854
1776175921093,0.6836000084877014,0.0,6881.22705078125,89.8202133178711,0.9339339137077332
1776175921113,0.7030999660491943,0.0,6881.67529296875,89.91520690917969,0.9340398907661438
1776175921134,0.7538999915122986,0.0,6882.4990234375,90.06473541259766,0.934272289276123
1776175921153,0.8320499658584595,0.0,6882.8740234375,90.22758483886719,0.9343985915184021
1776175921174,0.8984500169754028,0.0,6883.32470703125,90.41868591308594,0.9345053434371948
1776175921193,0.9609500169754028,0.0,6883.701171875,90.60765838623047,0.9346329569816589
1776175921214,1.0,0.0,6884.1533203125,90.85345458984375,0.9347620010375977
1776175921234,1.0,0.0,6884.98486328125,91.10881042480469,0.9349944591522217
1776175921253,1.0,0.0,6885.43994140625,91.33507537841797,0.9351040124893188
1776175921273,1.0,0.0,6885.8203125,91.60387420654297,0.9352310299873352
1776175921293,1.0,0.0,6886.27734375,91.846435546875,0.9353413581848145
1776175921313,1.0,0.0,6886.6591796875,92.13140106201172,0.9354709386825562
1776175921334,1.0,0.0,6887.50244140625,92.38817596435547,0.9357113242149353
1776175921353,1.0,0.0,6887.9638671875,92.598388671875,0.9358417391777039
1776175921373,1.0,0.0,6888.42626953125,92.86199188232422,0.935949444770813
1776175921393,1.0,0.0,6888.8125,93.13571166992188,0.936082661151886
1776175921414,1.0,0.0,6889.27685546875,93.40904998779297,0.9361932873725891
1776175921436,1.0,0.0,6890.13134765625,93.67533874511719,0.9364351034164429
1776175921453,1.0,0.0,6890.52099609375,93.89189910888672,0.9365671277046204
1776175921473,1.0,0.0,6890.98974609375,94.11650848388672,0.9366771578788757
1776175921493,1.0,0.0,6891.380859375,94.37124633789062,0.9368129372596741
1776175921513,1.0,0.0,6891.8515625,94.62242889404297,0.9369462728500366
1776175921534,1.0,0.0,6892.71728515625,94.84275817871094,0.9371933937072754
1776175921553,1.0,0.0,6893.19091796875,95.11255645751953,0.9373065233230591
1776175921573,1.0,0.0,6893.5869140625,95.37374114990234,0.9374428987503052
1776175921593,1.0,0.0,6894.06298828125,95.58235931396484,0.9375541806221008
1776175921613,1.0,0.0,6894.46044921875,95.86135864257812,0.9376909732818604
1776175921633,1.0,0.0,6895.33740234375,96.11408996582031,0.9379410743713379
1776175921653,1.0,0.0,6895.8173828125,96.29525756835938,0.9380775094032288
1776175921674,1.0,0.0,6896.29833984375,96.52494049072266,0.9381925463676453
1776175921693,1.0,0.0,6896.69970703125,96.76656341552734,0.9383301138877869
1776175921713,1.0,0.0,6897.1826171875,96.97130584716797,0.9384431838989258
1776175921733,1.0,0.0,6898.07080078125,97.21743774414062,0.9386987686157227
1776175921753,1.0,0.0,6898.4755859375,97.45008850097656,0.9388359189033508
1776175921773,1.0,0.0,6898.96240234375,97.65030670166016,0.938951849937439
1776175921793,1.0,0.0,6899.36865234375,97.8862533569336,0.9390912652015686
1776175921814,1.0,0.0,6899.857421875,98.12227630615234,0.9392307996749878
1776175921834,1.0,0.0,6900.75634765625,98.3563461303711,0.9394891858100891
1776175921853,1.0,0.0,6901.248046875,98.5625,0.9396044015884399
1776175921873,1.0,0.0,6901.658203125,98.80314636230469,0.9397467970848083
1776175921893,1.0,0.0,6902.1513671875,99.01911163330078,0.9398629665374756
1776175921913,1.0,0.0,6902.5634765625,99.2630844116211,0.94000244140625
1776175921935,1.0,0.0,6903.5546875,99.489990234375,0.940264105796814
1776175921953,1.0,0.0,6903.96923828125,99.68196105957031,0.940403938293457
1776175921973,1.0,0.0,6904.46728515625,99.91838073730469,0.940525233745575
1776175921993,1.0,0.0,6904.88330078125,100.18509674072266,0.9406671524047852
1776175922013,1.0,0.0,6905.38330078125,100.3923568725586,0.9407849907875061
1776175922033,1.0,0.0,6906.302734375,100.61589050292969,0.9410476684570312
1776175922053,1.0,0.0,6906.7216796875,100.85317993164062,0.9411918520927429
1776175922074,1.0,0.0,6907.2255859375,101.10095977783203,0.9413129687309265
1776175922093,1.0,0.0,6907.64599609375,101.3216323852539,0.9414556622505188
1776175922113,1.0,0.0,6908.15185546875,101.59140014648438,0.941602349281311
1776175922133,1.0,0.0,6909.08203125,101.81304931640625,0.9418656826019287
1776175922153,1.0,0.0,6909.5908203125,102.06685638427734,0.9419884085655212
1776175922173,1.0,0.0,6910.015625,102.31200408935547,0.9421343207359314
1776175922193,1.0,0.0,6910.5263671875,102.5323257446289,0.9422551393508911
1776175922213,1.0,0.0,6910.95263671875,102.78579711914062,0.9424043297767639
1776175922234,1.0,0.0,6911.8935546875,103.03715515136719,0.9426730871200562
1776175922253,1.0,0.0,6912.408203125,103.25553131103516,0.9428195953369141
1776175922273,1.0,0.0,6912.923828125,103.51663208007812,0.9429449439048767
1776175922293,1.0,0.0,6913.3544921875,103.7575454711914,0.9430913329124451
1776175922313,1.0,0.0,6913.87255859375,103.97852325439453,0.9432146549224854
1776175922333,1.0,0.0,6914.82470703125,104.2580795288086,0.9434875845909119
1776175922353,1.0,0.0,6915.2587890625,104.53793334960938,0.9436379671096802
1776175922373,1.0,0.0,6915.78076171875,104.76824188232422,0.9437645673751831
1776175922393,1.0,0.0,6916.216796875,105.0306167602539,0.9439140558242798
1776175922413,1.0,0.0,6916.7412109375,105.30620574951172,0.9440644383430481
1776175922434,1.0,0.0,6917.70556640625,105.5363998413086,0.9443421363830566
1776175922453,1.0,0.0,6918.23291015625,105.78657531738281,0.9444668889045715
1776175922473,1.0,0.0,6918.67333984375,106.04350280761719,0.9446200728416443
1776175922493,1.0,0.0,6919.20263671875,106.26405334472656,0.9447479844093323
1776175922513,1.0,0.0,6919.64453125,106.5433578491211,0.9448987245559692
1776175922534,1.0,0.0,6920.708984375,106.80858612060547,0.9451823830604553
1776175922553,1.0,0.0,6921.15380859375,107.03479766845703,0.945337176322937
1776175922573,1.0,0.0,6921.6884765625,107.30271911621094,0.9454638361930847
1776175922593,1.0,0.0,6922.134765625,107.5673828125,0.9456192851066589
1776175922613,1.0,0.0,6922.671875,107.80227661132812,0.945748507976532
1776175922633,1.0,0.0,6923.6591796875,108.0654525756836,0.9460322260856628
1776175922654,1.0,0.0,6924.109375,108.31776428222656,0.9461855888366699
1776175922673,1.0,0.0,6924.650390625,108.5417709350586,0.9463178515434265
1776175922693,1.0,0.0,6925.10205078125,108.80242919921875,0.9464737176895142
1776175922713,1.0,0.0,6925.64501953125,109.05490112304688,0.9466291069984436
1776175922733,1.0,0.0,6926.64306640625,109.26859283447266,0.9469180703163147
1776175922753,1.0,0.0,6927.18896484375,109.53817749023438,0.9470487833023071
1776175922773,1.0,0.0,6927.64501953125,109.80240631103516,0.9472028613090515
1776175922793,1.0,0.0,6928.19287109375,110.0226058959961,0.9473351240158081
1776175922813,1.0,0.0,6928.650390625,110.27310943603516,0.9474939107894897
1776175922833,1.0,0.0,6929.66015625,110.52704620361328,0.947782576084137
1776175922853,1.0,0.0,6930.21240234375,110.74539947509766,0.9479410648345947
1776175922873,1.0,0.0,6930.765625,111.00416564941406,0.9480719566345215
1776175922893,1.0,0.0,6931.2275390625,111.25728607177734,0.9482308030128479
1776175922913,1.0,0.0,6931.78271484375,111.48135375976562,0.9483621120452881
1776175922934,1.0,0.0,6932.80322265625,111.74198150634766,0.9486517906188965
1776175922953,1.0,0.0,6933.26806640625,111.99202728271484,0.9488106369972229
1776175922975,1.0,0.0,6933.8271484375,112.223876953125,0.948968231678009
1776175922993,1.0,0.0,6934.38720703125,112.42237091064453,0.9491015672683716
1776175923013,1.0,0.0,6934.8544921875,112.66079711914062,0.9492596387863159
1776175923034,1.0,0.0,6935.88525390625,112.91278839111328,0.9495517015457153
1776175923053,1.0,0.0,6936.44921875,113.12090301513672,0.9496839642524719
1776175923073,1.0,0.0,6936.919921875,113.37128448486328,0.9498427510261536
1776175923093,1.0,0.0,6937.48583984375,113.59126281738281,0.9499768018722534
1776175923113,1.0,0.0,6937.95849609375,113.83881378173828,0.9501356482505798
1776175923134,1.0,0.0,6939.095703125,114.08070373535156,0.9504295587539673
1776175923153,1.0,0.0,6939.57080078125,114.2846450805664,0.9505904912948608
1776175923173,1.0,0.0,6940.14208984375,114.51716613769531,0.9507246017456055
1776175923193,1.0,0.0,6940.61865234375,114.76507568359375,0.9508858919143677
1776175923214,1.0,0.0,6941.19140625,114.96781158447266,0.9510194063186646
1776175923234,1.0,0.0,6942.2451171875,115.20240020751953,0.9513155817985535
1776175923253,1.0,0.0,6942.72509765625,115.46217346191406,0.9514774680137634
1776175923273,1.0,0.0,6943.3017578125,115.67110443115234,0.9516394138336182
1776175923293,1.0,0.0,6943.87939453125,115.91402435302734,0.9517752528190613
1776175923313,1.0,0.0,6944.361328125,116.14288330078125,0.9519383311271667
1776175923333,1.0,0.0,6945.423828125,116.31572723388672,0.9522362947463989
1776175923353,1.0,0.0,6946.0048828125,116.50992584228516,0.9523714780807495
1776175923373,1.0,0.0,6946.48974609375,116.73169708251953,0.9525349736213684
1776175923393,1.0,0.0,6947.072265625,116.94124603271484,0.9526710510253906
1776175923413,1.0,0.0,6947.55859375,117.21311950683594,0.9528355002403259
1776175923433,1.0,0.0,6948.7294921875,117.47725677490234,0.9531362652778625
1776175923453,1.0,0.0,6949.21875,117.68651580810547,0.9533010721206665
1776175923473,1.0,0.0,6949.80712890625,117.9078369140625,0.9534383416175842
1776175923494,1.0,0.0,6950.2978515625,118.12747955322266,0.953603208065033
1776175923513,1.0,0.0,6950.8876953125,118.3233413696289,0.9537401795387268
1776175923533,1.0,0.0,6951.97119140625,118.37847900390625,0.9540441036224365
1776175923553,1.0,0.0,6952.46435546875,118.31365966796875,0.9542098045349121
1776175923573,1.0,0.0,6953.0556640625,118.2745590209961,0.954375147819519
1776175923593,1.0,0.0,6953.646484375,118.2208251953125,0.9545135498046875
1776175923613,1.0,0.0,6954.138671875,118.16388702392578,0.9546793103218079
1776175923636,1.0,0.0,6955.22119140625,118.111083984375,0.9549826383590698
1776175923653,1.0,0.0,6955.81103515625,118.05786895751953,0.9551196694374084
1776175923673,1.0,0.0,6956.302734375,117.98950958251953,0.9552854895591736
1776175923694,1.0,0.0,6956.89208984375,117.94891357421875,0.9554240703582764
1776175923714,1.0,0.0,6957.38330078125,117.8866195678711,0.9555883407592773
1776175923733,1.0,0.0,6958.5615234375,117.83029174804688,0.9558911323547363
1776175923753,1.0,0.0,6959.05224609375,117.77953338623047,0.9560559988021851
1776175923773,1.0,0.0,6959.64111328125,117.85728454589844,0.9561930894851685
1776175923793,1.0,0.0,6960.13134765625,118.21160888671875,0.9563578367233276
1776175923813,1.0,0.0,6960.720703125,118.44961547851562,0.9564962983131409
1776175923833,1.0,0.0,6961.8056640625,118.82037353515625,0.9567997455596924
1776175923854,1.0,0.0,6962.30078125,119.23400115966797,0.9569676518440247
1776175923873,1.0,0.0,6962.896484375,119.6041259765625,0.9571346044540405
1776175923893,1.0,0.0,6963.494140625,119.9076919555664,0.9572743773460388
1776175923913,1.0,0.0,6963.9931640625,120.18118286132812,0.957442045211792
1776175923934,1.0,0.0,6965.0947265625,120.38978576660156,0.957750141620636
1776175923953,1.0,0.0,6965.697265625,120.61354064941406,0.9578911066055298
1776175923973,1.0,0.0,6966.2001953125,120.82649230957031,0.9580602645874023
1776175923993,1.0,0.0,6966.80419921875,121.02125549316406,0.9582008719444275
1776175924013,1.0,0.0,6967.30810546875,121.24897003173828,0.958371102809906
1776175924033,1.0,0.0,6968.52001953125,121.48340606689453,0.958682119846344
1776175924053,1.0,0.0,6969.02587890625,121.6925048828125,0.9588524103164673
1776175924073,1.0,0.0,6969.6337890625,121.89811706542969,0.9589943289756775
1776175924093,1.0,0.0,6970.14111328125,122.11881256103516,0.9591654539108276
1776175924113,1.0,0.0,6970.7509765625,122.3038558959961,0.9593079090118408
1776175924134,1.0,0.0,6971.87109375,122.53846740722656,0.9596221446990967
1776175924153,1.0,0.0,6972.38134765625,122.74592590332031,0.9597944617271423
1776175924173,1.0,0.0,6972.99462890625,122.97766876220703,0.9599664807319641
1776175924193,1.0,0.0,6973.60888671875,123.21356201171875,0.9601102471351624
1776175924213,1.0,0.0,6974.12158203125,123.40538024902344,0.960283100605011
1776175924235,1.0,0.0,6975.2509765625,123.58123016357422,0.9606004357337952
1776175924253,1.0,0.0,6975.86865234375,123.82974243164062,0.9607446193695068
1776175924273,1.0,0.0,6976.38427734375,124.0694351196289,0.9609183669090271
1776175924293,1.0,0.0,6977.00390625,124.27411651611328,0.9610637426376343
1776175924313,1.0,0.0,6977.52099609375,124.53266143798828,0.9612380266189575
1776175924334,1.0,0.0,6978.76513671875,124.77722930908203,0.9615576863288879
1776175924353,1.0,0.0,6979.28466796875,124.95478820800781,0.9617327451705933
1776175924373,1.0,0.0,6979.90869140625,125.16571044921875,0.9618785977363586
1776175924393,1.0,0.0,6980.4296875,125.40116119384766,0.9620557427406311
1776175924413,1.0,0.0,6981.0556640625,125.61734008789062,0.9622018337249756
1776175924434,1.0,0.0,6982.2060546875,125.88526916503906,0.9625250101089478
1776175924453,1.0,0.0,6982.73046875,126.148681640625,0.962701678276062
1776175924473,1.0,0.0,6983.36083984375,126.3463134765625,0.9628791809082031
1776175924493,1.0,0.0,6983.9921875,126.57390594482422,0.9630268216133118
1776175924513,1.0,0.0,6984.51904296875,126.8105239868164,0.9632043838500977
1776175924534,1.0,0.0,6985.68017578125,127.05622100830078,0.9635301828384399
1776175924553,1.0,0.0,6986.31494140625,127.26952362060547,0.9636787176132202
1776175924573,1.0,0.0,6986.8447265625,127.5155029296875,0.9638577103614807
1776175924593,1.0,0.0,6987.4814453125,127.72034454345703,0.9640065431594849
1776175924613,1.0,0.0,6988.0126953125,127.97026062011719,0.9641856551170349
1776175924634,1.0,0.0,6989.291015625,128.19630432128906,0.9645143747329712
1776175924653,1.0,0.0,6989.82470703125,128.40045166015625,0.9646948575973511
1776175924673,1.0,0.0,6990.4658203125,128.6199951171875,0.9648450016975403
1776175924693,1.0,0.0,6991.0009765625,128.85015869140625,0.9650252461433411
1776175924713,1.0,0.0,6991.64404296875,129.05734252929688,0.965175986289978
1776175924733,1.0,0.0,6992.826171875,129.31338500976562,0.9655076861381531
1776175924753,1.0,0.0,6993.36474609375,129.56863403320312,0.9656892418861389
1776175924773,1.0,0.0,6994.01220703125,129.77880859375,0.965871274471283
1776175924793,1.0,0.0,6994.66064453125,130.001953125,0.9660229682922363
1776175924813,1.0,0.0,6995.20166015625,130.22216796875,0.9662050008773804
1776175924833,1.0,0.0,6996.39404296875,130.42971801757812,0.9665396213531494
1776175924853,1.0,0.0,6997.0458984375,130.6741180419922,0.9666920900344849
1776175924873,1.0,0.0,6997.58984375,130.91085815429688,0.9668754935264587
1776175924893,1.0,0.0,6998.24365234375,131.10809326171875,0.9670282006263733
1776175924913,1.0,0.0,6998.7890625,131.3577117919922,0.9672122001647949
1776175924934,1.0,0.0,7000.1015625,131.58370971679688,0.9675499796867371
1776175924953,1.0,0.0,7000.6494140625,131.78652954101562,0.9677345752716064
1776175924973,1.0,0.0,7001.30810546875,132.0193634033203,0.9678884148597717
1776175924993,1.0,0.0,7001.857421875,132.2412109375,0.9680736660957336
1776175925013,1.0,0.0,7002.517578125,132.42771911621094,0.968227744102478
1776175925033,1.0,0.0,7003.73046875,132.67367553710938,0.9685677886009216
1776175925053,1.0,0.0,7004.283203125,132.90966796875,0.9687539339065552
1776175925073,1.0,0.0,7004.947265625,133.1079559326172,0.9689405560493469
1776175925093,1.0,0.0,7005.6123046875,133.3397979736328,0.9690960049629211
1776175925113,1.0,0.0,7006.16748046875,133.56655883789062,0.9692824482917786
1776175925134,1.0,0.0,7007.39111328125,133.79522705078125,0.9696252346038818
1776175925153,1.0,0.0,7008.0595703125,133.98765563964844,0.9697821736335754
1776175925173,1.0,0.0,7008.6171875,134.2113494873047,0.9699683785438538
1776175925193,1.0,0.0,7009.28759765625,134.40493774414062,0.970125138759613
1776175925213,1.0,0.0,7009.8466796875,134.6309051513672,0.970313549041748
1776175925234,1.0,0.0,7011.19189453125,134.85934448242188,0.9706605076789856
1776175925253,1.0,0.0,7011.75341796875,135.05751037597656,0.9708497524261475
1776175925273,1.0,0.0,7012.42822265625,135.2932586669922,0.9710069298744202
1776175925293,1.0,0.0,7012.9912109375,135.50253295898438,0.9711968898773193
1776175925313,1.0,0.0,7013.66796875,135.68736267089844,0.9713548421859741
1776175925334,1.0,0.0,7014.91064453125,135.9186248779297,0.9717034697532654
1776175925353,1.0,0.0,7015.4765625,136.1479034423828,0.9718937277793884
1776175925373,1.0,0.0,7016.15673828125,136.33726501464844,0.9720847606658936
1776175925393,1.0,0.0,7016.837890625,136.5584716796875,0.9722439050674438
1776175925413,1.0,0.0,7017.40625,136.77720642089844,0.972435474395752
1776175925434,1.0,0.0,7018.65869140625,137.0021514892578,0.9727869033813477
1776175925453,1.0,0.0,7019.34326171875,137.1904296875,0.9729465246200562
1776175925473,1.0,0.0,7019.91455078125,137.41262817382812,0.9731388092041016
1776175925493,1.0,0.0,7020.60107421875,137.6061553955078,0.9732994437217712
1776175925513,1.0,0.0,7021.173828125,137.827880859375,0.973492443561554
1776175925534,1.0,0.0,7022.55126953125,138.0435791015625,0.9738460779190063
1776175925554,1.0,0.0,7023.12646484375,138.2574920654297,0.9740394353866577
1776175925573,1.0,0.0,7023.8173828125,138.44493103027344,0.9742013812065125
1776175925593,1.0,0.0,7024.3935546875,138.6652069091797,0.9743953943252563
1776175925613,1.0,0.0,7025.0859375,138.848876953125,0.9745570421218872
1776175925633,1.0,0.0,7026.35791015625,139.05838012695312,0.974913477897644
1776175925653,1.0,0.0,7026.93701171875,139.2690887451172,0.975108802318573
1776175925673,1.0,0.0,7027.6328125,139.4554443359375,0.975304126739502
1776175925693,1.0,0.0,7028.32958984375,139.6768035888672,0.9754671454429626
1776175925713,1.0,0.0,7028.9111328125,139.8857879638672,0.9756631255149841
1776175925734,1.0,0.0,7030.1923828125,140.08241271972656,0.9760221838951111
1776175925753,1.0,0.0,7030.892578125,140.2769012451172,0.9761855006217957
1776175925773,1.0,0.0,7031.4765625,140.49493408203125,0.9763821363449097
1776175925793,1.0,0.0,7032.17822265625,140.67733764648438,0.9765461087226868
1776175925813,1.0,0.0,7032.763671875,140.89035034179688,0.9767434597015381
1776175925834,1.0,0.0,7034.05419921875,141.0959930419922,0.9771052002906799
1776175925853,1.0,0.0,7034.75927734375,141.2692413330078,0.9773029685020447
1776175925873,1.0,0.0,7035.46533203125,141.47703552246094,0.977467954158783
1776175925893,1.0,0.0,7036.05419921875,141.69296264648438,0.9776673316955566
1776175925913,1.0,0.0,7036.76171875,141.87808227539062,0.9778320789337158
1776175925934,1.0,0.0,7038.0615234375,142.0902557373047,0.9781960248947144
1776175925953,1.0,0.0,7038.6533203125,142.29812622070312,0.9783955216407776
1776175925973,1.0,0.0,7039.3642578125,142.48231506347656,0.9785951375961304
1776175925993,1.0,0.0,7040.076171875,142.68971252441406,0.9787618517875671
1776175926013,1.0,0.0,7040.669921875,142.88461303710938,0.9789618253707886
1776175926033,1.0,0.0,7041.978515625,143.06346130371094,0.9793285131454468
1776175926053,1.0,0.0,7042.693359375,143.2756805419922,0.9794957041740417
1776175926073,1.0,0.0,7043.2900390625,143.50762939453125,0.9796969890594482
1776175926093,1.0,0.0,7044.0068359375,143.6980743408203,0.9798644781112671
1776175926113,1.0,0.0,7044.60498046875,143.90760803222656,0.9800655245780945
1776175926134,1.0,0.0,7046.04345703125,144.0961151123047,0.9804350137710571
1776175926153,1.0,0.0,7046.6435546875,144.26673889160156,0.9806366562843323
1776175926173,1.0,0.0,7047.36474609375,144.4794921875,0.9808042645454407
1776175926193,1.0,0.0,7047.96630859375,144.7064208984375,0.9810070395469666
1776175926213,1.0,0.0,7048.68896484375,144.87774658203125,0.9811758995056152
1776175926233,1.0,0.0,7050.01611328125,145.07730102539062,0.9815489649772644
1776175926253,1.0,0.0,7050.6201171875,145.27967834472656,0.981752336025238
1776175926273,1.0,0.0,7051.345703125,145.4545135498047,0.981955885887146
1776175926293,1.0,0.0,7052.072265625,145.6502685546875,0.9821256995201111
1776175926313,1.0,0.0,7052.6787109375,145.8656768798828,0.9823296070098877
1776175926333,1.0,0.0,7054.01416015625,146.04483032226562,0.9827043414115906
1776175926353,1.0,0.0,7054.744140625,146.2397918701172,0.9828746914863586
1776175926373,1.0,0.0,7055.35302734375,146.44232177734375,0.9830793738365173
1776175926393,1.0,0.0,7056.08447265625,146.6131134033203,0.9832504987716675
1776175926413,1.0,0.0,7056.69482421875,146.81175231933594,0.9834555387496948
1776175926433,1.0,0.0,7058.16162109375,147.0115203857422,0.9838324785232544
1776175926453,1.0,0.0,7058.77392578125,147.19459533691406,0.9840384721755981
1776175926473,1.0,0.0,7059.509765625,147.3945770263672,0.9842104911804199
1776175926493,1.0,0.0,7060.12353515625,147.58872985839844,0.9844167232513428
1776175926513,1.0,0.0,7060.86083984375,147.76083374023438,0.9845889210700989
1776175926533,1.0,0.0,7062.21435546875,147.9596405029297,0.9849679470062256
1776175926553,1.0,0.0,7062.83056640625,148.15594482421875,0.9851759672164917
1776175926573,1.0,0.0,7063.57080078125,148.3137969970703,0.9853837490081787
1776175926593,1.0,0.0,7064.31201171875,148.51760864257812,0.9855560660362244
1776175926613,1.0,0.0,7064.93017578125,148.7200164794922,0.985765278339386
1776175926634,1.0,0.0,7066.29248046875,148.91552734375,0.9861472249031067
1776175926653,1.0,0.0,7067.03662109375,149.07290649414062,0.9863212704658508
1776175926673,1.0,0.0,7067.65771484375,149.2760467529297,0.9865305423736572
1776175926693,1.0,0.0,7068.4033203125,149.44544982910156,0.9867052435874939
1776175926713,1.0,0.0,7069.025390625,149.6369171142578,0.9869142770767212
1776175926733,1.0,0.0,7070.52099609375,149.8279571533203,0.9872994422912598
1776175926753,1.0,0.0,7071.14501953125,149.9923858642578,0.9875094890594482
1776175926773,1.0,0.0,7071.89453125,150.19522094726562,0.9876847267150879
1776175926793,1.0,0.0,7072.52001953125,150.3865509033203,0.9878950715065002
1776175926813,1.0,0.0,7073.27099609375,150.54782104492188,0.9880715012550354
1776175926834,1.0,0.0,7074.64990234375,150.73101806640625,0.988457977771759
1776175926853,1.0,0.0,7075.27783203125,150.9228515625,0.988669753074646
1776175926873,1.0,0.0,7076.03173828125,151.0855712890625,0.9888817667961121
1776175926893,1.0,0.0,7076.78662109375,151.27659606933594,0.9890574812889099
1776175926913,1.0,0.0,7077.41650390625,151.45901489257812,0.9892693758010864
1776175926934,1.0,0.0,7078.8037109375,151.66055297851562,0.9896596670150757
1776175926953,1.0,0.0,7079.5615234375,151.817138671875,0.9898383021354675
1776175926973,1.0,0.0,7080.19384765625,152.0007781982422,0.9900515079498291
1776175926993,1.0,0.0,7080.953125,152.1658935546875,0.9902291297912598
1776175927013,1.0,0.0,7081.58642578125,152.35166931152344,0.9904431104660034
1776175927033,1.0,0.0,7083.10888671875,152.54754638671875,0.9908353686332703
1776175927053,1.0,0.0,7083.744140625,152.70697021484375,0.991049587726593
1776175927073,1.0,0.0,7084.50732421875,152.88235473632812,0.9912282824516296
1776175927093,1.0,0.0,7085.14404296875,153.07254028320312,0.9914423227310181
1776175927113,1.0,0.0,7085.90869140625,153.23614501953125,0.9916218519210815
1776175927134,1.0,0.0,7087.3125,153.4164581298828,0.992015540599823
1776175927153,1.0,0.0,7087.95166015625,153.5835418701172,0.9922309517860413
1776175927175,1.0,0.0,7088.71923828125,153.74044799804688,0.9924465417861938
1776175927193,1.0,0.0,7089.4873046875,153.94024658203125,0.9926266670227051
1776175927213,1.0,0.0,7090.12841796875,154.13040161132812,0.9928420782089233
1776175927234,1.0,0.0,7091.54052734375,154.2935791015625,0.9932389855384827
1776175927253,1.0,0.0,7092.31201171875,154.4645233154297,0.9934189319610596
1776175927273,1.0,0.0,7092.95556640625,154.64797973632812,0.9936357140541077
1776175927293,1.0,0.0,7093.72802734375,154.801513671875,0.9938163161277771
1776175927313,1.0,0.0,7094.37255859375,154.9805908203125,0.9940333366394043
1776175927333,1.0,0.0,7095.92138671875,155.16172790527344,0.994432270526886
1776175927353,1.0,0.0,7096.56787109375,155.31402587890625,0.9946494102478027
1776175927374,1.0,0.0,7097.34423828125,155.49447631835938,0.9948309659957886
1776175927393,1.0,0.0,7097.99169921875,155.67926025390625,0.9950489401817322
1776175927413,1.0,0.0,7098.76953125,155.84402465820312,0.9952301979064941
1776175927433,1.0,0.0,7100.19775390625,156.01414489746094,0.9956310391426086
1776175927453,1.0,0.0,7100.84765625,156.17990112304688,0.9958499670028687
1776175927473,1.0,0.0,7101.6279296875,156.32884216308594,0.9960687160491943
1776175927493,1.0,0.0,7102.4091796875,156.50930786132812,0.9962519407272339
1776175927513,1.0,0.0,7103.06103515625,156.67840576171875,0.9964711666107178
1776175927534,1.0,0.0,7104.49658203125,156.86619567871094,0.9968742728233337
1776175927553,1.0,0.0,7105.28076171875,157.0181427001953,0.9970574975013733
1776175927573,1.0,0.0,7105.9345703125,157.18609619140625,0.9972778558731079
1776175927593,1.0,0.0,7106.7197265625,157.3360595703125,0.9974617958068848
1776175927613,1.0,0.0,7107.37451171875,157.50978088378906,0.9976818561553955
1776175927634,1.0,0.0,7108.94873046875,157.67539978027344,0.9980866312980652
1776175927653,1.0,0.0,7109.60546875,157.81231689453125,0.9983081221580505
1776175927673,1.0,0.0,7110.39404296875,157.98526000976562,0.9984927177429199
1776175927693,1.0,0.0,7111.0517578125,158.16746520996094,0.9987144470214844
1776175927713,1.0,0.0,7111.841796875,158.31629943847656,0.9988991618156433
1776175927734,1.0,0.0,7113.29248046875,158.49435424804688,0.9993058443069458
1776175927753,1.0,0.0,7113.953125,158.67532348632812,0.9995275735855103
1776175927773,1.0,0.0,7114.74609375,158.82907104492188,0.999757707118988
1776175927793,1.0,0.0,7115.5400390625,158.99842834472656,0.999949038028717
1776175927813,1.0,0.0,7116.2021484375,159.1669464111328,0.00017366862448398024
1776175927835,1.0,0.0,7117.66064453125,159.332275390625,0.0005823031533509493
1776175927853,1.0,0.0,7118.45703125,159.48501586914062,0.0007683526491746306
