timestamp_ms,gas,brake,distanceTraveled,speedKmh,normalizedCarPosition
1776175690274,0.0,1.0,0.013799114152789116,0.004468003287911415,0.998945951461792
1776175690293,0.0,1.0,0.013802928850054741,0.00390754034742713,0.998945951461792
1776175690313,0.0,1.0,0.01380435936152935,0.005161913577467203,0.998945951461792
1776175690333,0.0,1.0,0.01380578987300396,0.004947364795953035,0.998945951461792
1776175690353,0.0,1.0,0.013808650895953178,0.004553415812551975,0.998945951461792
1776175690373,0.0,1.0,0.013812942430377007,0.0041124895215034485,0.9989454746246338
1776175690393,0.0,1.0,0.013816280290484428,0.005220375023782253,0.9989454746246338
1776175690413,0.0,1.0,0.013818664476275444,0.006348413415253162,0.998945951461792
1776175690434,0.0,1.0,0.013822002336382866,0.004112731199711561,0.9989454746246338
1776175690453,0.0,1.0,0.013823432847857475,0.004477799870073795,0.998945951461792
1776175690473,0.0,1.0,0.0138272475451231,0.011361656710505486,0.998945951461792
1776175690493,0.0,1.0,0.013831539079546928,0.0037945692893117666,0.998945951461792
1776175690513,0.0,1.0,0.013831539079546928,0.004118533339351416,0.998945951461792
1776175690534,0.0,1.0,0.013834400102496147,0.00426750723272562,0.998945951461792
1776175690553,0.0,1.0,0.013836784288287163,0.0072537558153271675,0.9989454746246338
1776175690573,0.0,1.0,0.013842983171343803,0.004226094577461481,0.998945951461792
1776175690593,0.0,1.0,0.01384393684566021,0.0043619247153401375,0.998945951461792
1776175690613,0.0,1.0,0.013847274705767632,0.006251229904592037,0.998945951461792
1776175690633,0.0,1.0,0.013848228380084038,0.00386643479578197,0.998945951461792
1776175690653,0.0,1.0,0.013850612565875053,0.00387012236751616,0.998945951461792
1776175690673,0.0,1.0,0.013854427263140678,0.005389009136706591,0.998945951461792
1776175690693,0.0,1.0,0.013857288286089897,0.003703505266457796,0.9989454746246338
1776175690713,0.0,1.0,0.013858241960406303,0.0037749793846160173,0.998945951461792
1776175690733,0.0,1.0,0.013863487169146538,0.004007254261523485,0.998945951461792
1776175690753,0.0,1.0,0.013864440843462944,0.004573736805468798,0.998945951461792
1776175690773,0.0,1.0,0.013868732377886772,0.004476991482079029,0.998945951461792
1776175690793,0.0,1.0,0.013870162889361382,0.003947075922042131,0.998945951461792
1776175690813,0.0,1.0,0.013873500749468803,0.005913936533033848,0.9989454746246338
1776175690833,0.0,1.0,0.01387445442378521,0.0051134261302649975,0.998945951461792
1776175690853,0.0,1.0,0.013876838609576225,0.003803735598921776,0.998945951461792
1776175690873,0.0,1.0,0.013883037492632866,0.004247424658387899,0.998945951461792
1776175690893,0.0,1.0,0.013884944841265678,0.005320963449776173,0.998945951461792
1776175690913,0.0,1.0,0.013886852189898491,0.006124029401689768,0.998945951461792
1776175690934,0.0,1.0,0.013889236375689507,0.006268310360610485,0.998945951461792
1776175690953,0.0,1.0,0.013890666887164116,0.00740564102306962,0.998945951461792
1776175690973,0.0,1.0,0.01389591209590435,0.004752141889184713,0.998945951461792
1776175690993,0.0,1.0,0.013899249956011772,0.007774462457746267,0.998945951461792
1776175691013,0.0,1.0,0.013899726793169975,0.006316953804343939,0.998945951461792
1776175691034,0.0,1.0,0.013900680467486382,0.004564898554235697,0.9989454746246338
1776175691053,0.0,1.0,0.013905925676226616,0.003920457325875759,0.998945951461792
1776175691073,0.0,1.0,0.01391117088496685,0.007197172846645117,0.998945951461792
1776175691093,0.0,1.0,0.013913555070757866,0.004251377657055855,0.998945951461792
1776175691113,0.0,1.0,0.013916416093707085,0.00487562594935298,0.998945951461792
1776175691134,0.0,1.0,0.013916892930865288,0.003626953810453415,0.998945951461792
1776175691153,0.0,1.0,0.013919277116656303,0.004290170501917601,0.998945951461792
1776175691173,0.0,1.0,0.013924999162554741,0.00437891623005271,0.9989454746246338
1776175691193,0.0,1.0,0.013927383348345757,0.005185517482459545,0.9989454746246338
1776175691213,0.0,1.0,0.013929767534136772,0.005584999453276396,0.998945951461792
1776175691234,0.0,1.0,0.013932151719927788,0.004284753929823637,0.9989454746246338
1776175691253,0.0,1.0,0.013936443254351616,0.007444869261234999,0.998945951461792
1776175691273,0.0,1.0,0.013937396928668022,0.004901168867945671,0.998945951461792
1776175691293,0.0,1.0,0.013940734788775444,0.0072975982911884785,0.998945951461792
1776175691313,0.0,1.0,0.013942165300250053,0.006339757703244686,0.998945951461792
1776175691334,0.0,1.0,0.013945026323199272,0.004171023145318031,0.998945951461792
1776175691353,0.0,1.0,0.01395074836909771,0.004226066637784243,0.998945951461792
1776175691373,0.0,1.0,0.013954563066363335,0.0054216948337852955,0.998945951461792
1776175691393,0.0,1.0,0.013955039903521538,0.007060075178742409,0.998945951461792
1776175691413,0.0,1.0,0.013957900926470757,0.004292626865208149,0.998945951461792
1776175691434,0.0,1.0,0.013958854600787163,0.0039023684803396463,0.9989454746246338
1776175691453,0.0,1.0,0.013962192460894585,0.005192807875573635,0.998945951461792
1776175691473,0.0,1.0,0.013967437669634819,0.004113956820219755,0.998945951461792
1776175691493,0.0,1.0,0.013971252366900444,0.004853575024753809,0.998945951461792
1776175691513,0.0,1.0,0.013971729204058647,0.004874583799391985,0.998945951461792
1776175691534,0.0,1.0,0.013974113389849663,0.00439486326649785,0.998945951461792
1776175691553,0.0,1.0,0.013978404924273491,0.005102633032947779,0.998945951461792
1776175691573,0.0,1.0,0.01398126594722271,0.007833071053028107,0.9989454746246338
1776175691593,0.0,1.0,0.01398126594722271,0.006629966665059328,0.998945951461792
1776175691613,0.0,1.0,0.013986511155962944,0.004652323666960001,0.998945951461792
1776175691633,0.0,1.0,0.01398889534175396,0.004145140293985605,0.998945951461792
1776175691653,0.0,1.0,0.013990325853228569,0.00636048149317503,0.998945951461792
1776175691673,0.0,1.0,0.0139950942248106,0.0038084513507783413,0.9989454746246338
1776175691693,0.0,1.0,0.013998908922076225,0.004249052610248327,0.998945951461792
1776175691713,0.0,1.0,0.013999385759234428,0.006842898204922676,0.998945951461792
1776175691734,0.0,1.0,0.014000816270709038,0.006253391038626432,0.9989454746246338
1776175691753,0.0,1.0,0.01400415413081646,0.005465880036354065,0.998945951461792
1776175691773,0.0,1.0,0.014007015153765678,0.006229900289326906,0.998945951461792
1776175691793,0.0,1.0,0.014010829851031303,0.004232681822031736,0.998945951461792
1776175691813,0.0,1.0,0.01401178352534771,0.005171266384422779,0.998945951461792
1776175691833,0.0,1.0,0.014017028734087944,0.004293408244848251,0.998945951461792
1776175691853,0.0,1.0,0.014023227617144585,0.004218061920255423,0.998945951461792
1776175691873,0.0,1.0,0.0140256118029356,0.0034830342046916485,0.998945951461792
1776175691893,0.0,1.0,0.014026088640093803,0.003894678084179759,0.998945951461792
1776175691913,0.0,1.0,0.014028949663043022,0.0046748509630560875,0.998945951461792
1776175691933,0.0,1.0,0.014029426500201225,0.004137472715228796,0.998945951461792
1776175691953,0.0,1.0,0.014033718034625053,0.005881477613002062,0.9989454746246338
1776175691973,0.0,1.0,0.014039916917681694,0.0042413766495883465,0.998945951461792
1776175691993,0.0,1.0,0.01404230110347271,0.004086229018867016,0.998945951461792
1776175692013,0.0,1.0,0.014043254777789116,0.0036392181646078825,0.998945951461792
1776175692034,0.0,1.0,0.014047546312212944,0.003977116197347641,0.998945951461792
1776175692053,0.0,1.0,0.014050407335162163,0.006207238417118788,0.998945951461792
1776175692073,0.0,1.0,0.014052314683794975,0.0036369257140904665,0.9989454746246338
1776175692093,0.0,1.0,0.014054222032427788,0.0061269160360097885,0.9989454746246338
1776175692113,0.0,1.0,0.014056606218218803,0.005859570112079382,0.998945951461792
1776175692133,0.0,1.0,0.014060420915484428,0.004184286575764418,0.998945951461792
1776175692153,0.0,1.0,0.014067573472857475,0.006510654930025339,0.998945951461792
1776175692173,0.0,1.0,0.014068050310015678,0.007152442820370197,0.998945951461792
1776175692193,0.0,1.0,0.014070911332964897,0.004564747679978609,0.998945951461792
1776175692213,0.0,1.0,0.014073772355914116,0.003876558504998684,0.998945951461792
1776175692235,0.0,1.0,0.014073772355914116,0.004803766030818224,0.9989454746246338
1776175692253,0.0,1.0,0.014079494401812553,0.004209525417536497,0.9989454746246338
1776175692273,0.0,1.0,0.014082355424761772,0.005400472786277533,0.998945951461792
1776175692293,0.0,1.0,0.014086170122027397,0.004163057543337345,0.998945951461792
1776175692313,0.0,1.0,0.014087123796343803,0.0037936975713819265,0.998945951461792
1776175692333,0.0,1.0,0.014090461656451225,0.003762817243114114,0.9989454746246338
1776175692353,0.0,1.0,0.014095230028033257,0.005752756260335445,0.9989454746246338
1776175692373,0.0,1.0,0.014099521562457085,0.003806730965152383,0.998945951461792
1776175692393,0.0,1.0,0.014099998399615288,0.0040126764215528965,0.998945951461792
1776175692413,0.0,1.0,0.0141019057482481,0.0038706588093191385,0.998945951461792
1776175692433,0.0,1.0,0.014105720445513725,0.0037766089662909508,0.998945951461792
1776175692453,0.0,1.0,0.014111919328570366,0.006732066161930561,0.998945951461792
1776175692473,0.0,1.0,0.014112396165728569,0.00431447010487318,0.9989454746246338
1776175692493,0.0,1.0,0.014114780351519585,0.007527026813477278,0.998945951461792
1776175692513,0.0,1.0,0.014117641374468803,0.004973468370735645,0.998945951461792
1776175692533,0.0,1.0,0.014119548723101616,0.00388199370354414,0.998945951461792
1776175692553,0.0,1.0,0.01412479393184185,0.0037640591617673635,0.998945951461792
1776175692573,0.0,1.0,0.014127178117632866,0.005205197259783745,0.998945951461792
1776175692593,0.0,1.0,0.014127654954791069,0.003952912986278534,0.998945951461792
1776175692613,0.0,1.0,0.014130039140582085,0.008486510254442692,0.998945951461792
1776175692633,0.0,1.0,0.014134330675005913,0.008408489637076855,0.998945951461792
1776175692653,0.0,1.0,0.014137191697955132,0.004600571934133768,0.998945951461792
1776175692673,0.0,1.0,0.01414005272090435,0.011753721162676811,0.998945951461792
1776175692693,0.0,1.0,0.014140529558062553,0.00680139847099781,0.998945951461792
1776175692713,0.0,1.0,0.014145297929644585,0.0038601327687501907,0.998945951461792
1776175692733,0.0,1.0,0.014145774766802788,0.006093005184084177,0.998945951461792
1776175692753,0.0,1.0,0.014149589464068413,0.004172725137323141,0.9989454746246338
1776175692773,0.0,1.0,0.014151973649859428,0.005362153518944979,0.998945951461792
1776175692793,0.0,1.0,0.014156265184283257,0.00532089127227664,0.998945951461792
1776175692813,0.0,1.0,0.014157218858599663,0.0037117660976946354,0.998945951461792
1776175692834,0.0,1.0,0.014160079881548882,0.0036627324298024178,0.998945951461792
1776175692853,0.0,1.0,0.014164848253130913,0.0036506452597677708,0.998945951461792
1776175692873,0.0,1.0,0.014168662950396538,0.004361981060355902,0.9989454746246338
1776175692893,0.0,1.0,0.014169616624712944,0.0075079393573105335,0.998945951461792
1776175692913,0.0,1.0,0.014171523973345757,0.00836988165974617,0.998945951461792
1776175692933,0.0,1.0,0.014174861833453178,0.004932517651468515,0.998945951461792
1776175692953,0.0,1.0,0.014174861833453178,0.0057624648325145245,0.998945951461792
1776175692973,0.0,1.0,0.014180583879351616,0.010537808761000633,0.9989454746246338
1776175692993,0.0,1.0,0.014182491227984428,0.004878722596913576,0.998945951461792
1776175693013,0.0,1.0,0.014186305925250053,0.005823172628879547,0.998945951461792
1776175693034,0.0,1.0,0.014186305925250053,0.007974177598953247,0.998945951461792
1776175693053,0.0,1.0,0.014192504808306694,0.004165404010564089,0.998945951461792
1776175693075,0.0,1.0,0.014192504808306694,0.003826806088909507,0.998945951461792
1776175693093,0.0,1.0,0.014198226854205132,0.0041518486104905605,0.998945951461792
1776175693113,0.0,1.0,0.014199180528521538,0.00423730444163084,0.9989454746246338
1776175693134,0.0,1.0,0.01420108787715435,0.004138846416026354,0.998945951461792
1776175693153,0.0,1.0,0.014206809923052788,0.006882551591843367,0.998945951461792
1776175693173,0.0,1.0,0.014208240434527397,0.003956260159611702,0.998945951461792
1776175693193,0.0,1.0,0.014209670946002007,0.006928941234946251,0.998945951461792
1776175693213,0.0,1.0,0.014210624620318413,0.004640888888388872,0.998945951461792
1776175693233,0.0,1.0,0.014214916154742241,0.004287747200578451,0.9989454746246338
1776175693253,0.0,1.0,0.014221591874957085,0.0040163011290133,0.998945951461792
1776175693273,0.0,1.0,0.014224929735064507,0.009353644214570522,0.998945951461792
1776175693293,0.0,1.0,0.014227313920855522,0.004181087017059326,0.998945951461792
1776175693313,0.0,1.0,0.014228267595171928,0.003428952069953084,0.998945951461792
1776175693334,0.0,1.0,0.014230651780962944,0.005010609049350023,0.998945951461792
1776175693353,0.0,1.0,0.014233989641070366,0.0042370338924229145,0.998945951461792
1776175693373,0.0,1.0,0.014236373826861382,0.0037824553437530994,0.998945951461792
1776175693393,0.0,1.0,0.014237804338335991,0.003893013810738921,0.9989454746246338
1776175693413,0.0,1.0,0.014243049547076225,0.005470973439514637,0.998945951461792
1776175693433,0.0,1.0,0.014243049547076225,0.005466889590024948,0.998945951461792
1776175693453,0.0,1.0,0.014245433732867241,0.00419749366119504,0.998945951461792
1776175693473,0.0,1.0,0.014251155778765678,0.007359441369771957,0.9989454746246338
1776175693493,0.0,1.0,0.0142544936388731,0.006398307159543037,0.998945951461792
1776175693513,0.0,1.0,0.014257354661822319,0.006041549611836672,0.998945951461792
1776175693533,0.0,1.0,0.014257831498980522,0.004174488130956888,0.998945951461792
1776175693553,0.0,1.0,0.014261169359087944,0.004730765707790852,0.998945951461792
1776175693573,0.0,1.0,0.014264030382037163,0.007955798879265785,0.998945951461792
1776175693593,0.0,1.0,0.014267368242144585,0.00386218773201108,0.998945951461792
1776175693613,0.0,1.0,0.014268798753619194,0.004810419399291277,0.998945951461792
1776175693633,0.0,1.0,0.01427118293941021,0.004578141961246729,0.998945951461792
1776175693653,0.0,1.0,0.014276428148150444,0.005515131633728743,0.998945951461792
1776175693673,0.0,1.0,0.014280242845416069,0.004443488083779812,0.998945951461792
1776175693694,0.0,1.0,0.014282627031207085,0.006081769242882729,0.998945951461792
1776175693713,0.0,1.0,0.014284057542681694,0.006037046201527119,0.998945951461792
1776175693734,0.0,1.0,0.014288349077105522,0.005036311689764261,0.998945951461792
1776175693753,0.0,1.0,0.014289779588580132,0.0041779144667088985,0.998945951461792
1776175693773,0.0,1.0,0.014295024797320366,0.006700253579765558,0.9989454746246338
1776175693793,0.0,1.0,0.014296455308794975,0.003852959256619215,0.998945951461792
1776175693813,0.0,1.0,0.014301223680377007,0.0036442740820348263,0.998945951461792
1776175693834,0.0,1.0,0.014302654191851616,0.004627556074410677,0.998945951461792
1776175693853,0.0,1.0,0.014305038377642632,0.003453945741057396,0.998945951461792
1776175693874,0.0,1.0,0.014310283586382866,0.006935452111065388,0.998945951461792
1776175693893,0.0,1.0,0.014311714097857475,0.004345961380749941,0.998945951461792
1776175693913,0.0,1.0,0.014316005632281303,0.004914471413940191,0.998945951461792
1776175693933,0.0,1.0,0.014316005632281303,0.00502077117562294,0.998945951461792
1776175693953,0.0,1.0,0.014320297166705132,0.005664633121341467,0.998945951461792
1776175693973,0.0,1.0,0.014322204515337944,0.004205751698464155,0.998945951461792
1776175693993,0.0,1.0,0.014326496049761772,0.00808996707201004,0.998945951461792
1776175694014,0.0,1.0,0.014327449724078178,0.004141691606491804,0.998945951461792
1776175694034,0.0,1.0,0.0143307875841856,0.00418311869725585,0.998945951461792
1776175694053,0.0,1.0,0.014333648607134819,0.005971715785562992,0.998945951461792
1776175694073,0.0,1.0,0.014337463304400444,0.006195281632244587,0.998945951461792
1776175694093,0.0,1.0,0.01433984749019146,0.006498472299426794,0.998945951461792
1776175694113,0.0,1.0,0.014341754838824272,0.00576280290260911,0.998945951461792
1776175694133,0.0,1.0,0.014345092698931694,0.006366857327520847,0.998945951461792
1776175694153,0.0,1.0,0.014349861070513725,0.003710460616275668,0.998945951461792
1776175694173,0.0,1.0,0.014352245256304741,0.007360266521573067,0.998945951461792
1776175694193,0.0,1.0,0.014352245256304741,0.005440809298306704,0.998945951461792
1776175694213,0.0,1.0,0.014356059953570366,0.004173713736236095,0.998945951461792
1776175694234,0.0,1.0,0.014357967302203178,0.005973603576421738,0.998945951461792
1776175694253,0.0,1.0,0.014363212510943413,0.006769499741494656,0.998945951461792
1776175694273,0.0,1.0,0.014363212510943413,0.0042724874801933765,0.998945951461792
1776175694293,0.0,1.0,0.014366073533892632,0.00564228231087327,0.9989454746246338
1776175694313,0.0,1.0,0.01437036506831646,0.0067651402205228806,0.998945951461792
1776175694333,0.0,1.0,0.014370841905474663,0.005650178994983435,0.998945951461792
1776175694353,0.0,1.0,0.014374656602740288,0.004900825675576925,0.998945951461792
1776175694373,0.0,1.0,0.014375133439898491,0.005098449531942606,0.998945951461792
1776175694393,0.0,1.0,0.014379424974322319,0.006771952845156193,0.9989454746246338
1776175694413,0.0,1.0,0.014380855485796928,0.004190986510366201,0.9989454746246338
1776175694433,0.0,1.0,0.014382285997271538,0.004759375471621752,0.998945951461792
1776175694453,0.0,1.0,0.014389438554644585,0.0037579918280243874,0.998945951461792
1776175694473,0.0,1.0,0.0143918227404356,0.004304694943130016,0.998945951461792
1776175694493,0.0,1.0,0.014396114274859428,0.004694424569606781,0.998945951461792
1776175694513,0.0,1.0,0.014396591112017632,0.004166893195360899,0.998945951461792
1776175694534,0.0,1.0,0.014397544786334038,0.004679299425333738,0.998945951461792
1776175694553,0.0,1.0,0.014399928972125053,0.00406413059681654,0.998945951461792
1776175694573,0.0,1.0,0.014405174180865288,0.005037711933255196,0.998945951461792
1776175694593,0.0,1.0,0.0144070815294981,0.004132881760597229,0.998945951461792
1776175694613,0.0,1.0,0.014410419389605522,0.0036029925104230642,0.998945951461792
1776175694636,0.0,1.0,0.014413757249712944,0.0036017061211168766,0.998945951461792
1776175694653,0.0,1.0,0.014418048784136772,0.003909881226718426,0.998945951461792
1776175694673,0.0,1.0,0.014420909807085991,0.0038422122597694397,0.998945951461792
1776175694693,0.0,1.0,0.014422817155718803,0.005327074788510799,0.9989454746246338
1776175694713,0.0,1.0,0.014425201341509819,0.004470610059797764,0.998945951461792
1776175694733,0.0,1.0,0.014428539201617241,0.008046841248869896,0.998945951461792
1776175694753,0.0,1.0,0.014429492875933647,0.003978104796260595,0.998945951461792
1776175694773,0.0,1.0,0.014434261247515678,0.0036231856793165207,0.998945951461792
1776175694793,0.0,1.0,0.014435691758990288,0.007428592070937157,0.998945951461792
1776175694813,0.0,1.0,0.0144375991076231,0.004442483652383089,0.9989454746246338
1776175694833,0.0,1.0,0.014439983293414116,0.004108066204935312,0.9989454746246338
1776175694853,0.0,1.0,0.014442367479205132,0.005770158488303423,0.998945951461792
1776175694875,0.0,1.0,0.01444665901362896,0.00453525222837925,0.998945951461792
1776175694893,0.0,1.0,0.014447612687945366,0.004095626063644886,0.998945951461792
1776175694913,0.0,1.0,0.014453334733843803,0.009315730072557926,0.998945951461792
1776175694934,0.0,1.0,0.014453334733843803,0.006524951662868261,0.998945951461792
1776175694953,0.0,1.0,0.014457626268267632,0.0038477755151689053,0.998945951461792
1776175694973,0.0,1.0,0.014460964128375053,0.004270886071026325,0.998945951461792
1776175694993,0.0,1.0,0.014464301988482475,0.009947158396244049,0.998945951461792
1776175695013,0.0,1.0,0.014466686174273491,0.003828230081126094,0.998945951461792
1776175695034,0.0,1.0,0.0144681166857481,0.007226047106087208,0.998945951461792
1776175695053,0.0,1.0,0.014473361894488335,0.007357848808169365,0.998945951461792
1776175695073,0.0,1.0,0.014476699754595757,0.0037473668344318867,0.9989454746246338
1776175695093,0.0,1.0,0.014480037614703178,0.004494870081543922,0.998945951461792
1776175695113,0.0,1.0,0.014480037614703178,0.003775054356083274,0.998945951461792
1776175695134,0.0,1.0,0.014484329149127007,0.003892008913680911,0.998945951461792
1776175695153,0.0,1.0,0.014485759660601616,0.004097073804587126,0.998945951461792
1776175695173,0.0,1.0,0.01449243538081646,0.004088242072612047,0.998945951461792
1776175695193,0.0,1.0,0.014492912217974663,0.003946436103433371,0.998945951461792
1776175695213,0.0,1.0,0.014496726915240288,0.006702775601297617,0.9989454746246338
1776175695233,0.0,1.0,0.014498157426714897,0.005582426209002733,0.998945951461792
1776175695253,0.0,1.0,0.014502448961138725,0.006634070072323084,0.998945951461792
1776175695273,0.0,1.0,0.014505309984087944,0.006933687254786491,0.998945951461792
1776175695293,0.0,1.0,0.014505786821246147,0.005667214281857014,0.998945951461792
1776175695313,0.0,1.0,0.014510078355669975,0.004882752895355225,0.9989454746246338
1776175695333,0.0,1.0,0.014511985704302788,0.0060010808520019054,0.9989454746246338
1776175695353,0.0,1.0,0.014516754075884819,0.004662414081394672,0.998945951461792
1776175695373,0.0,1.0,0.014517707750201225,0.0037026284262537956,0.998945951461792
1776175695393,0.0,1.0,0.014521045610308647,0.004359382204711437,0.998945951461792
1776175695413,0.0,1.0,0.014523906633257866,0.007117071188986301,0.998945951461792
1776175695434,0.0,1.0,0.014524860307574272,0.00391882611438632,0.9989454746246338
1776175695453,0.0,1.0,0.014530105516314507,0.00464857229962945,0.9989454746246338
1776175695473,0.0,1.0,0.014532489702105522,0.004573076497763395,0.998945951461792
1776175695493,0.0,1.0,0.014536304399371147,0.005656875669956207,0.998945951461792
1776175695513,0.0,1.0,0.014538688585162163,0.006617845501750708,0.998945951461792
1776175695533,0.0,1.0,0.014539165422320366,0.003716976149007678,0.998945951461792
1776175695553,0.0,1.0,0.014541072770953178,0.003837104421108961,0.998945951461792
1776175695573,0.0,1.0,0.014546317979693413,0.008243431337177753,0.9989454746246338
1776175695593,0.0,1.0,0.014548225328326225,0.008925572037696838,0.998945951461792
1776175695613,0.0,1.0,0.014550609514117241,0.004388782195746899,0.998945951461792
1776175695634,0.0,1.0,0.014553947374224663,0.009837513789534569,0.998945951461792
1776175695653,0.0,1.0,0.014554424211382866,0.00423020776361227,0.998945951461792
1776175695673,0.0,1.0,0.014560623094439507,0.003783435095101595,0.998945951461792
1776175695693,0.0,1.0,0.014561576768755913,0.006357276812195778,0.9989454746246338
1776175695713,0.0,1.0,0.014563960954546928,0.003656298853456974,0.998945951461792
1776175695734,0.0,1.0,0.014568252488970757,0.0037472399417310953,0.998945951461792
1776175695753,0.0,1.0,0.014572544023394585,0.004399545956403017,0.998945951461792
1776175695773,0.0,1.0,0.014575405046343803,0.006641273386776447,0.998945951461792
1776175695793,0.0,1.0,0.014576835557818413,0.0036577244754880667,0.998945951461792
1776175695813,0.0,1.0,0.014581127092242241,0.003956114407628775,0.998945951461792
1776175695833,0.0,1.0,0.01458255760371685,0.003932322841137648,0.9989454746246338
1776175695853,0.0,1.0,0.014587325975298882,0.004043754655867815,0.9989454746246338
1776175695873,0.0,1.0,0.014589233323931694,0.004512436222285032,0.998945951461792
1776175695893,0.0,1.0,0.014593048021197319,0.005800227634608746,0.998945951461792
1776175695913,0.0,1.0,0.014594478532671928,0.010235819965600967,0.998945951461792
1776175695934,0.0,1.0,0.014594478532671928,0.005457720253616571,0.998945951461792
1776175695953,0.0,1.0,0.014600200578570366,0.00382834835909307,0.998945951461792
1776175695973,0.0,1.0,0.0146054457873106,0.004670224618166685,0.998945951461792
1776175695993,0.0,1.0,0.014607353135943413,0.003785268170759082,0.998945951461792
1776175696013,0.0,1.0,0.014608306810259819,0.007096199318766594,0.998945951461792
1776175696033,0.0,1.0,0.014612598344683647,0.004617080558091402,0.998945951461792
1776175696053,0.0,1.0,0.014614028856158257,0.003995159640908241,0.998945951461792
1776175696073,0.0,1.0,0.014618320390582085,0.004265741445124149,0.998945951461792
1776175696093,0.0,1.0,0.0146207045763731,0.003597575705498457,0.9989454746246338
1776175696113,0.0,1.0,0.014624519273638725,0.005274725612252951,0.998945951461792
1776175696133,0.0,1.0,0.014625472947955132,0.004932308569550514,0.9989454746246338
1776175696153,0.0,1.0,0.014625949785113335,0.003987838979810476,0.998945951461792
1776175696173,0.0,1.0,0.014631194993853569,0.0038650701753795147,0.998945951461792
1776175696193,0.0,1.0,0.014633102342486382,0.004016552586108446,0.998945951461792
1776175696214,0.0,1.0,0.014638347551226616,0.0067686340771615505,0.998945951461792
1776175696233,0.0,1.0,0.014639301225543022,0.0039372555911540985,0.9989454746246338
1776175696253,0.0,1.0,0.014646453782916069,0.00396316684782505,0.9989454746246338
1776175696273,0.0,1.0,0.014646930620074272,0.005756180267781019,0.998945951461792
1776175696293,0.0,1.0,0.014651698991656303,0.004531322978436947,0.998945951461792
1776175696313,0.0,1.0,0.014653129503130913,0.0037407847121357918,0.998945951461792
1776175696334,0.0,1.0,0.014653129503130913,0.0037337439134716988,0.998945951461792
1776175696353,0.0,1.0,0.014657897874712944,0.005215799901634455,0.998945951461792
1776175696373,0.0,1.0,0.014661712571978569,0.0050622690469026566,0.998945951461792
1776175696393,0.0,1.0,0.014664573594927788,0.00443714065477252,0.998945951461792
1776175696413,0.0,1.0,0.014666957780718803,0.0037526478990912437,0.998945951461792
1776175696434,0.0,1.0,0.014668388292193413,0.003986341413110495,0.998945951461792
1776175696453,0.0,1.0,0.014671249315142632,0.008732940070331097,0.998945951461792
1776175696473,0.0,1.0,0.014676017686724663,0.010985268279910088,0.998945951461792
1776175696493,0.0,1.0,0.014677448198199272,0.004200912546366453,0.998945951461792
1776175696513,0.0,1.0,0.014678878709673882,0.004306964110583067,0.9989454746246338
1776175696533,0.0,1.0,0.014680786058306694,0.0036775213666260242,0.9989454746246338
1776175696553,0.0,1.0,0.014685554429888725,0.0046331025660037994,0.998945951461792
1776175696573,0.0,1.0,0.014686031267046928,0.0061547704972326756,0.998945951461792
1776175696593,0.0,1.0,0.014687938615679741,0.0035225320607423782,0.998945951461792
1776175696613,0.0,1.0,0.014692230150103569,0.006020720116794109,0.998945951461792
1776175696633,0.0,1.0,0.014695091173052788,0.004748539067804813,0.998945951461792
1776175696653,0.0,1.0,0.014699382707476616,0.0036044337321072817,0.998945951461792
1776175696673,0.0,1.0,0.014699382707476616,0.004846665076911449,0.9989454746246338
1776175696693,0.0,1.0,0.014703197404742241,0.0038652881048619747,0.998945951461792
1776175696713,0.0,1.0,0.014705104753375053,0.0056691477075219154,0.998945951461792
1776175696733,0.0,1.0,0.014708442613482475,0.004284676630049944,0.998945951461792
1776175696753,0.0,1.0,0.014715595170855522,0.00373830646276474,0.998945951461792
1776175696773,0.0,1.0,0.014716548845171928,0.005760776344686747,0.998945951461792
1776175696793,0.0,1.0,0.01472131721675396,0.004635666962713003,0.998945951461792
1776175696813,0.0,1.0,0.014724655076861382,0.004375321324914694,0.998945951461792
1776175696833,0.0,1.0,0.014726562425494194,0.006479657720774412,0.998945951461792
1776175696853,0.0,1.0,0.01472894661128521,0.0059473952278494835,0.998945951461792
1776175696873,0.0,1.0,0.014733238145709038,0.005674653220921755,0.9989454746246338
1776175696893,0.0,1.0,0.014733714982867241,0.004205076023936272,0.9989454746246338
1776175696913,0.0,1.0,0.01473514549434185,0.00402420200407505,0.9989454746246338
1776175696934,0.0,1.0,0.014739913865923882,0.0037762753199785948,0.998945951461792
1776175696953,0.0,1.0,0.014740390703082085,0.005789030343294144,0.998945951461792
1776175696973,0.0,1.0,0.014746589586138725,0.0062241461127996445,0.998945951461792
1776175696993,0.0,1.0,0.014748496934771538,0.0036135371774435043,0.9989454746246338
1776175697013,0.0,1.0,0.014753265306353569,0.004603157285600901,0.998945951461792
1776175697033,0.0,1.0,0.014754695817828178,0.004538034554570913,0.998945951461792
1776175697053,0.0,1.0,0.014759941026568413,0.004871642217040062,0.998945951461792
1776175697073,0.0,1.0,0.014759941026568413,0.008879450149834156,0.998945951461792
1776175697093,0.0,1.0,0.014762325212359428,0.00453051645308733,0.998945951461792
1776175697113,0.0,1.0,0.01476566307246685,0.004196886904537678,0.998945951461792
1776175697133,0.0,1.0,0.01476709358394146,0.003947664517909288,0.998945951461792
1776175697153,0.0,1.0,0.014772338792681694,0.006645998451858759,0.9989454746246338
1776175697173,0.0,1.0,0.014775199815630913,0.0037545100785791874,0.9989454746246338
1776175697193,0.0,1.0,0.014776153489947319,0.003436368191614747,0.9989454746246338
1776175697213,0.0,1.0,0.014778060838580132,0.0038530295714735985,0.998945951461792
1776175697233,0.0,1.0,0.014782829210162163,0.004247481934726238,0.998945951461792
1776175697253,0.0,1.0,0.014787120744585991,0.005537078250199556,0.998945951461792
1776175697273,0.0,1.0,0.014790458604693413,0.004943596199154854,0.998945951461792
1776175697293,0.0,1.0,0.014790935441851616,0.0041536856442689896,0.998945951461792
1776175697313,0.0,1.0,0.014792842790484428,0.003476862795650959,0.998945951461792
1776175697333,0.0,1.0,0.014793796464800835,0.00515624089166522,0.998945951461792
1776175697353,0.0,1.0,0.014796657487750053,0.0038715468253940344,0.998945951461792
1776175697374,0.0,1.0,0.014801902696490288,0.004420690704137087,0.998945951461792
1776175697393,0.0,1.0,0.014804286882281303,0.003926423378288746,0.998945951461792
1776175697413,0.0,1.0,0.014807624742388725,0.004997791722416878,0.998945951461792
1776175697433,0.0,1.0,0.014809055253863335,0.0038390334229916334,0.9989454746246338
1776175697453,0.0,1.0,0.01481286995112896,0.008133831433951855,0.9989454746246338
1776175697473,0.0,1.0,0.014815254136919975,0.00431267824023962,0.998945951461792
1776175697493,0.0,1.0,0.014818591997027397,0.005181773100048304,0.998945951461792
1776175697513,0.0,1.0,0.0148190688341856,0.007652930449694395,0.998945951461792
1776175697533,0.0,1.0,0.014821929857134819,0.0038428092375397682,0.998945951461792
1776175697553,0.0,1.0,0.01482812874019146,0.005472244694828987,0.998945951461792
1776175697573,0.0,1.0,0.014831466600298882,0.0036987392231822014,0.998945951461792
1776175697593,0.0,1.0,0.014832420274615288,0.004629638511687517,0.998945951461792
1776175697613,0.0,1.0,0.01483575813472271,0.0036973366513848305,0.998945951461792
1776175697633,0.0,1.0,0.014838142320513725,0.004214838612824678,0.998945951461792
1776175697653,0.0,1.0,0.014840049669146538,0.006517392583191395,0.998945951461792
1776175697673,0.0,1.0,0.014842433854937553,0.0038873194716870785,0.9989454746246338
1776175697693,0.0,1.0,0.014846248552203178,0.004414749797433615,0.998945951461792
1776175697713,0.0,1.0,0.0148495864123106,0.005041135940700769,0.9989454746246338
1776175697733,0.0,1.0,0.014850540086627007,0.003900748211890459,0.998945951461792
1776175697753,0.0,1.0,0.014854831621050835,0.004455910064280033,0.998945951461792
1776175697773,0.0,1.0,0.01485864631831646,0.004267337266355753,0.998945951461792
1776175697793,0.0,0.057653024792671204,0.014860076829791069,0.005303984973579645,0.998945951461792
1776175697813,0.0,0.057653024792671204,0.014860076829791069,0.00421874038875103,0.998945951461792
1776175697833,0.0,0.057653024792671204,0.014901084825396538,0.0044757891446352005,0.998945951461792
1776175697853,0.0,0.057653024792671204,0.014902038499712944,0.005291011184453964,0.998945951461792
1776175697873,0.0,0.05584537237882614,0.014905376359820366,0.004434463568031788,0.998945951461792
1776175697893,0.0,0.05065058171749115,0.014906806871294975,0.004015251062810421,0.998945951461792
1776175697913,0.0,0.04581960290670395,0.014911575242877007,0.004285611677914858,0.998945951461792
1776175697933,0.0,0.03094778023660183,0.01491825096309185,0.005980224348604679,0.998945951461792
1776175697953,0.0,0.016791880130767822,0.014920158311724663,0.004122836980968714,0.998945951461792
1776175697973,0.0,0.005779007915407419,0.014921111986041069,0.003751284210011363,0.998945951461792
1776175697993,0.0,0.000814309052657336,0.014922542497515678,0.0041652400977909565,0.998945951461792
1776175698013,0.0,5.388307727116626e-06,0.0149258803576231,0.003881423268467188,0.998945951461792
1776175698033,0.0,0.0,0.014930648729205132,0.00666837627068162,0.9989454746246338
1776175698053,0.0,0.0,0.01493494026362896,0.004129844717681408,0.998945951461792
1776175698074,0.0,0.0,0.014936370775103569,0.004208256024867296,0.9989454746246338
1776175698093,0.0,0.0,0.014938278123736382,0.004293471109122038,0.998945951461792
1776175698113,0.0,0.0,0.0149411391466856,0.007513354066759348,0.998945951461792
1776175698133,0.0,0.0,0.014945907518267632,0.005194640718400478,0.998945951461792
1776175698153,0.0,0.0,0.014948291704058647,0.005360316950827837,0.998945951461792
1776175698173,0.0,0.0,0.014950675889849663,0.0039621377363801,0.9989454746246338
1776175698194,0.0,0.0,0.014952106401324272,0.0041802190244197845,0.998945951461792
1776175698213,0.0,0.0,0.014954490587115288,0.0039212959818542,0.998945951461792
1776175698233,0.0,0.0,0.014958305284380913,0.0033761535305529833,0.998945951461792
1776175698253,0.0,0.0,0.014961166307330132,0.004139099735766649,0.998945951461792
1776175698274,0.0,0.0,0.014963073655962944,0.004120397847145796,0.998945951461792
1776175698293,0.0,0.0,0.014966888353228569,0.004375993274152279,0.998945951461792
1776175698313,0.0,0.0,0.014968318864703178,0.0047745718620717525,0.998945951461792
1776175698334,0.0,0.0,0.014973564073443413,0.003976201638579369,0.998945951461792
1776175698353,0.0,0.0,0.014977378770709038,0.006662942003458738,0.998945951461792
1776175698373,0.0,0.0,0.014978332445025444,0.0038435207679867744,0.998945951461792
1776175698393,0.0,0.0,0.014981193467974663,0.003969348967075348,0.998945951461792
1776175698413,0.0,0.0,0.014983100816607475,0.006039618514478207,0.998945951461792
1776175698433,0.0,0.0,0.01498834602534771,0.004710972309112549,0.9989454746246338
1776175698453,0.0,0.0,0.014990253373980522,0.004043308086693287,0.9989454746246338
1776175698473,0.0,0.0,0.014992637559771538,0.004109345376491547,0.998945951461792
1776175698493,0.0,0.0,0.014993591234087944,0.007397678215056658,0.998945951461792
1776175698513,0.0,0.0,0.014996929094195366,0.0038253269158303738,0.998945951461792
1776175698533,0.03570002317428589,0.0,0.01500360481441021,0.00454049464315176,0.998945951461792
1776175698553,0.05950000882148743,0.0,0.015006942674517632,0.005350487306714058,0.998945951461792
1776175698573,0.07540002465248108,0.0,0.015008850023150444,0.0038259837310761213,0.998945951461792
1776175698593,0.09920001029968262,0.0,0.015010757371783257,0.0034474756103008986,0.998945951461792
1776175698613,0.1269499957561493,0.0,0.015014572069048882,0.0040170275606215,0.9989454746246338
1776175698633,0.15870001912117004,0.0,0.015019817277789116,0.0067763119004666805,0.998945951461792
1776175698653,0.2102999985218048,0.0,0.015023631975054741,0.005060158204287291,0.998945951461792
1776175698675,0.2658500075340271,0.0,0.015027446672320366,0.004219571594148874,0.998945951461792
1776175698693,0.31744998693466187,0.0,0.015035552904009819,0.006211183965206146,0.998945951461792
1776175698713,0.38089999556541443,0.0,0.015045089647173882,0.006955106742680073,0.9989454746246338
1776175698733,0.4404500126838684,0.0,0.015060348436236382,0.004268749617040157,0.998945951461792
1776175698753,0.46424999833106995,0.0,0.015065593644976616,0.004657693672925234,0.998945951461792
1776175698773,0.4681999981403351,0.0,0.015072746202349663,0.011542405933141708,0.9989454746246338
1776175698793,0.46424999833106995,0.0,0.01507989875972271,0.005245270673185587,0.9989454746246338
1776175698813,0.4562999904155731,0.0,0.015085620805621147,0.004248061683028936,0.9989454746246338
1776175698833,0.4562999904155731,0.0,0.015097064897418022,0.003461353247985244,0.9989454746246338
1776175698853,0.46024999022483826,0.0,0.015100402757525444,0.004009994678199291,0.9989454746246338
1776175698874,0.4681999981403351,0.0,0.015105171129107475,0.0038066415581852198,0.9989454746246338
1776175698894,0.4761500060558319,0.0,0.01511041633784771,0.005916870664805174,0.998945951461792
1776175698913,0.48010000586509705,0.0,0.015116138383746147,0.004128826316446066,0.9989454746246338
1776175698933,0.48805001378059387,0.0,0.015129012987017632,0.0072255609557032585,0.998945951461792
1776175698953,0.4959999918937683,0.0,0.015138549730181694,0.003984204027801752,0.998945951461792
1776175698974,0.5,0.0,0.015142364427447319,0.004209200385957956,0.9989454746246338
1776175698993,0.5038999915122986,0.0,0.015149993821978569,0.006340011954307556,0.998945951461792
1776175699014,0.5116999745368958,0.0,0.015155715867877007,0.005837524775415659,0.998945951461792
1776175699033,0.5234500169754028,0.0,0.01517145149409771,0.004446607548743486,0.9989454746246338
1776175699053,0.5234500169754028,0.0,0.015176696702837944,0.005553413648158312,0.998945951461792
1776175699074,0.5273500084877014,0.0,0.015187663957476616,0.00440959120169282,0.9989454746246338
1776175699093,0.5273500084877014,0.0,0.01519433967769146,0.004973775707185268,0.998945951461792
1776175699113,0.5273500084877014,0.0,0.015204353258013725,0.005362414289265871,0.9989454746246338
1776175699133,0.5273500084877014,0.0,0.015223684720695019,0.0040299189276993275,0.998945951461792
1776175699153,0.5273500084877014,0.0,0.0152360824868083,0.005210357718169689,0.9989454746246338
1776175699175,0.5273500084877014,0.0,0.015244188718497753,0.005253827665001154,0.998945951461792
1776175699193,0.5273500084877014,0.0,0.015256586484611034,0.0051719932816922665,0.998945951461792
1776175699213,0.5508000254631042,0.0,0.015263739041984081,0.006293416954576969,0.9989454746246338
1776175699233,0.5898500084877014,0.0,0.015284243039786816,0.006644745822995901,0.9989454746246338
1776175699253,0.6366999745368958,0.0,0.015291872434318066,0.0046213665045797825,0.9989454746246338
1776175699273,0.6952999830245972,0.0,0.015299978666007519,0.003521793521940708,0.998945951461792
1776175699293,0.7422000169754028,0.0,0.015305700711905956,0.005861672107130289,0.998945951461792
1776175699313,0.7968499660491943,0.0,0.015309515409171581,0.00373981986194849,0.9989454746246338
1776175699334,0.8398499488830566,0.0,0.015319528989493847,0.005612356122583151,0.9989454746246338
1776175699353,0.8827999830245972,0.0,0.015322390012443066,0.004686763044446707,0.9989454746246338
1776175699374,0.9257999658584595,0.0,0.015324297361075878,0.003399463603273034,0.998945951461792
1776175699394,0.96875,0.0,0.015327158384025097,0.004756364040076733,0.9989454746246338
1776175699413,1.0,0.0,0.015329542569816113,0.003419533371925354,0.9989454746246338
1776175699433,1.0,0.0,0.01533526461571455,0.005040865857154131,0.998945951461792
1776175699453,1.0,0.0,0.01533669512718916,0.007114667445421219,0.998945951461792
1776175699475,1.0,0.0,0.015339079312980175,0.004739346913993359,0.998945951461792
1776175699493,1.0,0.0,0.01534432452172041,0.00430711917579174,0.998945951461792
1776175699513,1.0,0.0,0.015345278196036816,0.006420562509447336,0.9989454746246338
1776175699533,1.0,0.0,0.01535195391625166,0.004898576065897942,0.9989454746246338
1776175699553,1.0,0.0,0.015355291776359081,0.005440345965325832,0.998945951461792
1776175699574,1.0,0.0,0.015357199124991894,0.004316655918955803,0.998945951461792
1776175699593,1.0,0.0,0.015360060147941113,0.004714233800768852,0.9989454746246338
1776175699613,1.0,0.0,0.015363398008048534,0.04350390285253525,0.998945951461792
1776175699633,1.0,0.0,0.015610148198902607,0.4490390717983246,0.9989463686943054
1776175699653,1.0,0.0,0.01713648997247219,0.7940435409545898,0.998947262763977
1776175699674,1.0,0.0,0.02067743055522442,1.2137924432754517,0.9989480972290039
1776175699693,1.0,0.0,0.025134116411209106,1.659195899963379,0.9989498257637024
1776175699713,1.0,0.0,0.03221527487039566,2.0547759532928467,0.9989516139030457
1776175699733,1.0,0.0,0.05052746832370758,2.504462718963623,0.998958170413971
1776175699753,1.0,0.0,0.06328477710485458,2.9617276191711426,0.9989607930183411
1776175699773,1.0,0.0,0.0755537897348404,3.369935989379883,0.9989651441574097
1776175699793,1.0,0.0,0.09197381138801575,3.833688974380493,0.9989690780639648
1776175699813,1.0,0.0,0.107294961810112,4.294715404510498,0.9989747405052185
1776175699833,0.9922000169754028,0.0,0.14568966627120972,4.692533493041992,0.9989856481552124
1776175699853,0.9804499745368958,0.0,0.16925232112407684,5.144166469573975,0.9989908933639526
1776175699873,0.9648499488830566,0.0,0.19043484330177307,5.594210624694824,0.9989983439445496
1776175699893,0.9452999830245972,0.0,0.21753934025764465,5.979283809661865,0.9990066289901733
1776175699913,0.9218499660491943,0.0,0.24641473591327667,6.4278883934021,0.9990131855010986
1776175699933,0.9101499915122986,0.0,0.3042880892753601,6.873500347137451,0.999029815196991
1776175699953,0.9023499488830566,0.0,0.33267536759376526,7.249172210693359,0.9990398287773132
1776175699973,0.8827999830245972,0.0,0.3683883845806122,7.687378406524658,0.999048113822937
1776175699993,0.8710999488830566,0.0,0.39946186542510986,8.120911598205566,0.9990590810775757
1776175700013,0.8593499660491943,0.0,0.43853285908699036,8.48937702178955,0.9990682005882263
1776175700033,0.8554500341415405,0.0,0.5149057507514954,8.918854713439941,0.999090313911438
1776175700053,0.8515499830245972,0.0,0.551596999168396,9.347267150878906,0.9991031885147095
1776175700073,0.8515499830245972,0.0,0.597262442111969,9.719320297241211,0.9991164803504944
1776175700093,0.8515499830245972,0.0,0.6447586417198181,10.140238761901855,0.999127984046936
1776175700113,0.8515499830245972,0.0,0.6856611967086792,10.566128730773926,0.9991422295570374
1776175700133,0.8515499830245972,0.0,0.7801641225814819,10.926316261291504,0.9991697072982788
1776175700153,0.8398499488830566,0.0,0.8341923952102661,11.343274116516113,0.9991825819015503
1776175700173,0.8398499488830566,0.0,0.8806509375572205,11.760401725769043,0.9991984963417053
1776175700193,0.8398499488830566,0.0,0.9379766583442688,12.109272003173828,0.9992153644561768
1776175700213,0.8398499488830566,0.0,0.9971342086791992,12.5237398147583,0.9992291331291199
1776175700234,0.8398499488830566,0.0,1.1101386547088623,12.932329177856445,0.9992619156837463
1776175700253,0.8398499488830566,0.0,1.1634976863861084,13.28229808807373,0.9992801547050476
1776175700273,0.8398499488830566,0.0,1.2290072441101074,13.696029663085938,0.9992956519126892
1776175700293,0.8398499488830566,0.0,1.2849935293197632,14.100884437561035,0.9993147253990173
1776175700313,0.8359500169754028,0.0,1.35380220413208,14.458735466003418,0.9993311166763306
1776175700333,0.8359500169754028,0.0,1.4847053289413452,14.879499435424805,0.9993723630905151
1776175700353,0.8320499658584595,0.0,1.5586442947387695,15.29286003112793,0.9993896484375
1776175700373,0.8280999660491943,0.0,1.6215932369232178,15.657805442810059,0.999411404132843
1776175700393,0.8242000341415405,0.0,1.6988292932510376,16.074308395385742,0.9994295835494995
1776175700413,0.8125,0.0,1.7645864486694336,16.501319885253906,0.999451756477356
1776175700433,0.8047000169754028,0.0,1.9136837720870972,16.865360260009766,0.9994938969612122
1776175700453,0.7929500341415405,0.0,1.9975731372833252,17.29269027709961,0.9995138645172119
1776175700473,0.7890499830245972,0.0,2.0688846111297607,17.720848083496094,0.9995386600494385
1776175700493,0.7773499488830566,0.0,2.15606951713562,18.086565017700195,0.9995644688606262
1776175700513,0.7655999660491943,0.0,2.2450854778289795,18.509775161743164,0.9995865821838379
1776175700533,0.7538999915122986,0.0,2.412980794906616,18.93145179748535,0.9996354579925537
1776175700553,0.7461000084877014,0.0,2.4913718700408936,19.2961368560791,0.9996631741523743
1776175700574,0.7422000169754028,0.0,2.587101459503174,19.7257137298584,0.9996866583824158
1776175700593,0.7422000169754028,0.0,2.6682393550872803,20.157655715942383,0.999715268611908
1776175700613,0.7422000169754028,0.0,2.767326593399048,20.523941040039062,0.9997392296791077
1776175700633,0.7422000169754028,0.0,2.953658103942871,20.949037551879883,0.9997991919517517
1776175700654,0.7422000169754028,0.0,3.0579357147216797,21.37506866455078,0.9998245239257812
1776175700673,0.7343499660491943,0.0,3.1462180614471436,21.7424259185791,0.9998558759689331
1776175700693,0.7265499830245972,0.0,3.253854513168335,22.17367172241211,0.9998817443847656
1776175700713,0.7226499915122986,0.0,3.3449459075927734,22.604276657104492,0.9999139904975891
1776175700733,0.7226499915122986,0.0,3.5499019622802734,22.976457595825195,0.999973475933075
1776175700753,0.7226499915122986,0.0,3.6643152236938477,23.411720275878906,1.564582248647639e-06
1776175700774,0.7226499915122986,0.0,3.7610838413238525,23.84084701538086,3.4644319384824485e-05
1776175700793,0.7226499915122986,0.0,3.8789761066436768,24.220123291015625,6.817108078394085e-05
1776175700813,0.7226499915122986,0.0,3.998638391494751,24.651487350463867,9.633356239646673e-05
1776175700833,0.7226499915122986,0.0,4.222881317138672,25.085140228271484,0.0001593638735357672
1776175700853,0.7226499915122986,0.0,4.3269124031066895,25.454858779907227,0.00019512575818225741
1776175700874,0.7265499830245972,0.0,4.453409194946289,25.886341094970703,0.00022507633548229933
1776175700893,0.7265499830245972,0.0,4.56024694442749,26.318384170532227,0.0002612852258607745
1776175700913,0.7265499830245972,0.0,4.690160751342773,26.690210342407227,0.00029168283799663186
1776175700933,0.7265499830245972,0.0,4.933075428009033,27.12784194946289,0.00036722980439662933
1776175700953,0.7265499830245972,0.0,5.068236827850342,27.56755256652832,0.00039896846283227205
1776175700974,0.7265499830245972,0.0,5.182274341583252,28.007335662841797,0.0004378595040179789
1776175700993,0.7265499830245972,0.0,5.320912837982178,28.382768630981445,0.0004704069870058447
1776175701013,0.7265499830245972,0.0,5.437817096710205,28.8295841217041,0.0005103698931634426
1776175701033,0.7304499745368958,0.0,5.699763774871826,29.212305068969727,0.0005840792437084019
1776175701053,0.7304499745368958,0.0,5.845355033874512,29.662546157836914,0.0006187137914821506
1776175701073,0.7343499660491943,0.0,5.968053817749023,30.11171531677246,0.0006600088090635836
1776175701093,0.7343499660491943,0.0,6.117122650146484,30.492177963256836,0.0006950873648747802
1776175701113,0.7343499660491943,0.0,6.242809772491455,30.9365234375,0.0007381584728136659
1776175701133,0.7343499660491943,0.0,6.549972057342529,31.387636184692383,0.0008180842851288617
1776175701153,0.7343499660491943,0.0,6.680234432220459,31.778512954711914,0.000862043525557965
1776175701174,0.7382999658584595,0.0,6.838271141052246,32.21720886230469,0.000899786246009171
1776175701193,0.7382999658584595,0.0,6.971463680267334,32.65982437133789,0.0009446771000511944
1776175701214,0.7382999658584595,0.0,7.132918357849121,33.03343200683594,0.0009823953732848167
1776175701233,0.7422000169754028,0.0,7.406322479248047,33.472633361816406,0.001074936706572771
1776175701253,0.7422000169754028,0.0,7.600799083709717,33.9203987121582,0.0011144093004986644
1776175701273,0.75,0.0,7.741314888000488,34.303768157958984,0.0011622150195762515
1776175701293,0.7617000341415405,0.0,7.911678791046143,34.75119400024414,0.0012021261500194669
1776175701313,0.7695499658584595,0.0,8.055184364318848,35.20612335205078,0.001250370405614376
1776175701334,0.7851499915122986,0.0,8.375767707824707,35.58519744873047,0.0013420345494523644
1776175701353,0.8085999488830566,0.0,8.553274154663086,36.03947448730469,0.0013837823644280434
1776175701373,0.8320499658584595,0.0,8.702641487121582,36.51353073120117,0.0014342872891575098
1776175701393,0.8476499915122986,0.0,8.883810997009277,36.93402862548828,0.0014852237654849887
1776175701413,0.8788999915122986,0.0,9.06680965423584,37.382198333740234,0.0015279586659744382
1776175701433,0.90625,0.0,9.407651901245117,37.76128387451172,0.0016242200508713722
1776175701453,0.9375,0.0,9.564765930175781,38.213748931884766,0.0016777466516941786
1776175701473,0.9765499830245972,0.0,9.755084991455078,38.67658615112305,0.0017226398922502995
1776175701493,1.0,0.0,9.915068626403809,39.13810348510742,0.0017770297126844525
1776175701513,1.0,0.0,10.108989715576172,39.53854751586914,0.0018228978151455522
1776175701533,1.0,0.0,10.4695463180542,40.001895904541016,0.0019333015661686659
1776175701553,1.0,0.0,10.668959617614746,40.455318450927734,0.0019804355688393116
1776175701573,1.0,0.0,10.83669376373291,40.83415603637695,0.002036911202594638
1776175701593,1.0,0.0,11.039770126342773,41.28139877319336,0.002084894571453333
1776175701613,1.0,0.0,11.21031379699707,41.7281608581543,0.002142644254490733
1776175701633,1.0,0.0,11.590530395507812,42.124053955078125,0.002250327728688717
1776175701653,1.0,0.0,11.800508499145508,42.58259582519531,0.002300138818100095
1776175701673,1.0,0.0,11.977158546447754,43.03679656982422,0.0023595772217959166
1776175701693,1.0,0.0,12.19079875946045,43.42333984375,0.0024198528844863176
1776175701713,1.0,0.0,12.370378494262695,43.880279541015625,0.002470501232892275
1776175701733,1.0,0.0,12.806756019592285,44.34459686279297,0.002583936555311084
1776175701753,1.0,0.0,12.990976333618164,44.75153350830078,0.002646304899826646
1776175701773,1.0,0.0,13.213834762573242,45.199222564697266,0.0026986957527697086
1776175701793,1.0,0.0,13.401044845581055,45.645877838134766,0.002762038027867675
1776175701813,1.0,0.0,13.627503395080566,46.024044036865234,0.0028146160766482353
1776175701833,1.0,0.0,14.04751968383789,46.46574020385742,0.0029441986698657274
1776175701853,1.0,0.0,14.279411315917969,46.914371490478516,0.002998432843014598
1776175701873,1.0,0.0,14.474129676818848,47.3047981262207,0.00306467292830348
1776175701893,1.0,0.0,14.709501266479492,47.76311492919922,0.003120346926152706
1776175701913,1.0,0.0,14.907212257385254,48.22240447998047,0.003186925081536174
1776175701934,1.0,0.0,15.346891403198242,48.61672592163086,0.003311040112748742
1776175701953,1.0,0.0,15.589653968811035,49.09067916870117,0.003367754863575101
1776175701974,1.0,0.0,15.793289184570312,49.55101776123047,0.0034367989283055067
1776175701993,1.0,0.0,16.039653778076172,49.962684631347656,0.0035062539391219616
1776175702013,1.0,0.0,16.287851333618164,50.42268753051758,0.0035652273800224066
1776175702033,1.0,0.0,16.74822998046875,50.88775634765625,0.003695003455504775
1776175702053,1.0,0.0,16.959741592407227,51.28913879394531,0.0037662372924387455
1776175702073,1.0,0.0,17.2153263092041,51.75139236450195,0.0038260079454630613
1776175702093,1.0,0.0,17.42989158630371,52.225196838378906,0.0038984697312116623
1776175702113,1.0,0.0,17.6890811920166,52.59642028808594,0.003959841560572386
1776175702134,1.0,0.0,18.16937255859375,52.43679428100586,0.004106625914573669
1776175702153,1.0,0.0,18.431501388549805,52.49016571044922,0.00416795676574111
1776175702174,0.9530999660491943,0.0,18.649803161621094,52.466712951660156,0.004241553600877523
1776175702193,0.8905999660491943,0.0,18.91151237487793,52.460933685302734,0.0043028839863836765
1776175702213,0.8085999488830566,0.0,19.129453659057617,52.445552825927734,0.004376488272100687
1776175702233,0.7461000084877014,0.0,19.60893440246582,52.4293098449707,0.0045114546082913876
1776175702253,0.6757999658584595,0.0,19.870412826538086,52.417354583740234,0.004572393838316202
1776175702274,0.6172000169754028,0.0,20.088180541992188,52.411476135253906,0.004646011628210545
1776175702293,0.5859500169754028,0.0,20.349355697631836,52.40087890625,0.004706541541963816
1776175702313,0.5390499830245972,0.0,20.567001342773438,52.383216857910156,0.00478057935833931
1776175702333,0.5273500084877014,0.0,21.089540481567383,52.36922836303711,0.004914848133921623
1776175702353,0.5234500169754028,0.0,21.307252883911133,52.469818115234375,0.004988532047718763
1776175702374,0.5273500084877014,0.0,21.568681716918945,52.83671951293945,0.0050499350763857365
1776175702393,0.5273500084877014,0.0,21.78767967224121,53.221038818359375,0.00512402830645442
1776175702413,0.5195500254631042,0.0,22.052040100097656,53.57111740112305,0.0051854318007826805
1776175702434,0.5,0.0,22.541688919067383,54.000755310058594,0.005336702335625887
1776175702453,0.4562999904155731,0.0,22.81148338317871,54.43478775024414,0.005399835761636496
1776175702473,0.4126499891281128,0.0,23.03792953491211,54.80698013305664,0.005476087797433138
1776175702493,0.4364500045776367,0.0,23.311386108398438,55.25365447998047,0.005540040787309408
1776175702513,0.5,0.0,23.540761947631836,55.70634078979492,0.005617537535727024
1776175702533,0.5702999830245972,0.0,24.050128936767578,56.11134338378906,0.00576082244515419
1776175702553,0.6875,0.0,24.330913543701172,56.57258987426758,0.005826511885970831
1776175702573,0.8085999488830566,0.0,24.566518783569336,56.9171257019043,0.0059057497419416904
1776175702593,0.9101499915122986,0.0,24.85078239440918,57.158424377441406,0.0059858085587620735
1776175702613,1.0,0.0,25.136266708374023,57.51348876953125,0.006052353885024786
1776175702633,1.0,0.0,25.66290855407715,57.90624237060547,0.006200365722179413
1776175702653,1.0,0.0,25.904006958007812,58.258750915527344,0.006281771697103977
1776175702673,1.0,0.0,26.19492530822754,58.672325134277344,0.006350021809339523
1776175702693,1.0,0.0,26.438648223876953,59.08589172363281,0.006431839428842068
1776175702713,1.0,0.0,26.732738494873047,59.441375732421875,0.006500991526991129
1776175702733,1.0,0.0,27.276473999023438,59.86035919189453,0.006667762063443661
1776175702753,1.0,0.0,27.575571060180664,60.278053283691406,0.006737764459103346
1776175702773,1.0,0.0,27.82607078552246,60.62271499633789,0.006822590716183186
1776175702793,1.0,0.0,28.128402709960938,61.02756118774414,0.0068934522569179535
1776175702813,1.0,0.0,28.381526947021484,61.45418167114258,0.006978821475058794
1776175702833,1.0,0.0,28.942787170410156,61.820404052734375,0.007136776112020016
1776175702853,1.0,0.0,29.2514705657959,62.23006820678711,0.00720936106517911
1776175702875,1.0,0.0,29.510028839111328,62.631591796875,0.0072963847778737545
1776175702893,1.0,0.0,29.821884155273438,62.9783821105957,0.007384342607110739
1776175702913,1.0,0.0,30.13532829284668,63.384342193603516,0.007458260282874107
1776175702933,1.0,0.0,30.714595794677734,63.79669189453125,0.007620961870998144
1776175702953,1.0,0.0,30.979808807373047,64.14881134033203,0.007710571866482496
1776175702974,1.0,0.0,31.299665451049805,64.55625915527344,0.007785836234688759
1776175702993,1.0,0.0,31.56756591796875,64.9628677368164,0.007876411080360413
1776175703013,1.0,0.0,31.890596389770508,65.30706024169922,0.007952096872031689
1776175703033,1.0,0.0,32.487266540527344,65.70404052734375,0.008135314099490643
1776175703053,1.0,0.0,32.8153076171875,66.1058578491211,0.008212340995669365
1776175703073,1.0,0.0,33.089866638183594,66.45406341552734,0.008305110968649387
1776175703093,1.0,0.0,33.42095947265625,66.8590316772461,0.00838297139853239
1776175703113,1.0,0.0,33.698265075683594,67.28202819824219,0.008476155810058117
1776175703133,1.0,0.0,34.312644958496094,67.64269256591797,0.008649386465549469
1776175703153,1.0,0.0,34.650390625,68.04553985595703,0.00872900988906622
1776175703173,1.0,0.0,34.93312454223633,68.45713806152344,0.008824392221868038
1776175703193,1.0,0.0,35.274166107177734,68.81623840332031,0.008920188993215561
1776175703213,1.0,0.0,35.61697769165039,69.22627258300781,0.009000243619084358
1776175703233,1.0,0.0,36.25003433227539,69.57533264160156,0.009178818203508854
1776175703253,1.0,0.0,36.539669036865234,69.96728515625,0.00927641149610281
1776175703273,1.0,0.0,36.88882827758789,70.40587615966797,0.009358223527669907
1776175703293,1.0,0.0,37.181209564208984,70.83000946044922,0.00945711974054575
1776175703313,1.0,0.0,37.53378677368164,71.19193267822266,0.00953945703804493
1776175703333,1.0,0.0,38.18484878540039,71.57819366455078,0.009739476256072521
1776175703353,1.0,0.0,38.5423698425293,71.9747543334961,0.009823060594499111
1776175703373,1.0,0.0,38.84158706665039,72.33001708984375,0.009945888072252274
1776175703393,1.0,0.0,39.20222091674805,72.75896453857422,0.010052080266177654
1776175703413,1.0,0.0,39.50412368774414,73.18413543701172,0.01016993448138237
1776175703434,1.0,0.0,40.172706604003906,73.5280990600586,0.010265299119055271
1776175703453,1.0,0.0,40.53987121582031,73.92581939697266,0.010265299119055271
1776175703473,1.0,0.0,40.847084045410156,74.3210678100586,0.010265299119055271
1776175703493,1.0,0.0,41.21736145019531,74.66664123535156,0.010265299119055271
1776175703513,1.0,0.0,41.58934783935547,75.06643676757812,0.010265299119055271
1776175703533,1.0,0.0,42.27574920654297,75.40970611572266,0.01087911520153284
1776175703553,1.0,0.0,42.58967590332031,75.81056213378906,0.010969972237944603
1776175703573,1.0,0.0,42.96794891357422,76.20997619628906,0.011062109842896461
1776175703593,1.0,0.0,43.34793472290039,76.60528564453125,0.011576107703149319
1776175703613,1.0,0.0,43.665889739990234,76.9416275024414,0.011576107703149319
1776175703633,1.0,0.0,44.369449615478516,77.31690216064453,0.011576107703149319
1776175703653,1.0,0.0,44.75547790527344,77.69603729248047,0.011576107703149319
1776175703673,1.0,0.0,45.07843780517578,78.02276611328125,0.011633266694843769
1776175703693,1.0,0.0,45.4675178527832,78.39905548095703,0.011703585274517536
1776175703713,1.0,0.0,45.7929801940918,78.77919006347656,0.011839287355542183
1776175703733,1.0,0.0,46.57876968383789,79.10456848144531,0.012081175111234188
1776175703753,1.0,0.0,46.90814208984375,79.48643493652344,0.012191914021968842
1776175703774,1.0,0.0,47.30485153198242,79.8750991821289,0.012284950353205204
1776175703793,1.0,0.0,47.63678741455078,80.20184326171875,0.012396924197673798
1776175703813,1.0,0.0,48.0366096496582,80.57223510742188,0.012490489520132542
1776175703833,1.0,0.0,48.7739143371582,80.9539794921875,0.012697482481598854
1776175703853,1.0,0.0,49.11079025268555,81.28218841552734,0.012810874730348587
1776175703873,1.0,0.0,49.51659393310547,81.6703109741211,0.012924774549901485
1776175703893,1.0,0.0,49.92398452758789,82.05131530761719,0.013020132668316364
1776175703913,1.0,0.0,50.264827728271484,82.37005615234375,0.013134892098605633
1776175703935,1.0,0.0,51.018367767333984,82.7881088256836,0.013346812687814236
1776175703953,1.0,0.0,51.43155288696289,83.09502410888672,0.013443171046674252
1776175703974,1.0,0.0,51.777095794677734,83.46460723876953,0.013559794053435326
1776175703993,1.0,0.0,52.19314956665039,83.78146362304688,0.0136569794267416
1776175704013,1.0,0.0,52.541133880615234,84.15087127685547,0.013774536550045013
1776175704033,1.0,0.0,53.38069152832031,84.46403503417969,0.013990264385938644
1776175704053,1.0,0.0,53.732398986816406,84.83075714111328,0.014108686707913876
1776175704073,1.0,0.0,54.15583801269531,85.20330810546875,0.014208166860044003
1776175704093,1.0,0.0,54.509986877441406,85.5213623046875,0.014327546581625938
1776175704113,1.0,0.0,54.93635559082031,85.89122772216797,0.014427030459046364
1776175704133,1.0,0.0,55.72224426269531,86.24735260009766,0.014647732488811016
1776175704153,1.0,0.0,56.081153869628906,86.55043029785156,0.014768965542316437
1776175704173,1.0,0.0,56.51325988769531,86.90850830078125,0.014869854785501957
1776175704193,1.0,0.0,56.874488830566406,87.28019714355469,0.01499155629426241
1776175704213,1.0,0.0,57.30940628051758,87.59291076660156,0.015113827772438526
1776175704233,1.0,0.0,58.11074447631836,87.95416259765625,0.015338825061917305
1776175704253,1.0,0.0,58.54999542236328,88.3058853149414,0.015441212803125381
1776175704274,1.0,0.0,58.91714859008789,88.60448455810547,0.015565325506031513
1776175704293,1.0,0.0,59.35908508300781,88.94587707519531,0.015668613836169243
1776175704313,1.0,0.0,59.72843551635742,89.29551696777344,0.015793142840266228
1776175704333,1.0,0.0,60.61915588378906,89.59905242919922,0.016022464260458946
1776175704353,1.0,0.0,60.99211120605469,89.95076751708984,0.016147978603839874
1776175704373,1.0,0.0,61.44101333618164,90.28284454345703,0.016253070905804634
1776175704393,1.0,0.0,61.816287994384766,90.57329559326172,0.01637953706085682
1776175704413,1.0,0.0,62.267940521240234,90.93062591552734,0.01648513227701187
1776175704433,1.0,0.0,63.100120544433594,91.29612731933594,0.016719743609428406
1776175704453,1.0,0.0,63.48015594482422,91.60779571533203,0.01684715412557125
1776175704475,1.0,0.0,63.93766403198242,91.95197296142578,0.01697581633925438
1776175704493,1.0,0.0,64.39682006835938,92.2983627319336,0.017082758247852325
1776175704513,1.0,0.0,64.78045654296875,92.61332702636719,0.017212865874171257
1776175704534,1.0,0.0,65.62831115722656,92.95100402832031,0.017451362684369087
1776175704553,1.0,0.0,66.09283447265625,93.26870727539062,0.017559798434376717
1776175704573,1.0,0.0,66.4809799194336,93.56498718261719,0.017691008746623993
1776175704593,1.0,0.0,66.94806671142578,93.91851806640625,0.017799582332372665
1776175704613,1.0,0.0,67.33841705322266,94.25798797607422,0.01793121173977852
1776175704634,1.0,0.0,68.27942657470703,94.59229278564453,0.018174219876527786
1776175704653,1.0,0.0,68.67324829101562,94.87450408935547,0.01830686442553997
1776175704674,1.0,0.0,69.14704132080078,95.21001434326172,0.01841772347688675
1776175704693,1.0,0.0,69.54287719726562,95.50801086425781,0.01855137012898922
1776175704713,1.0,0.0,70.01918029785156,95.83844757080078,0.018663164228200912
1776175704733,1.0,0.0,70.8961410522461,96.15228271484375,0.018909526988863945
1776175704753,1.0,0.0,71.29624938964844,96.40988159179688,0.019044548273086548
1776175704773,1.0,0.0,71.77742767333984,96.72505950927734,0.019179988652467728
1776175704793,1.0,0.0,72.26001739501953,97.04888153076172,0.019293196499347687
1776175704813,1.0,0.0,72.6633071899414,97.32290649414062,0.019429219886660576
1776175704836,1.0,0.0,73.55400848388672,97.68775939941406,0.019679797813296318
1776175704853,1.0,0.0,74.0418472290039,97.9614028930664,0.019794460386037827
1776175704875,1.0,0.0,74.44953155517578,98.3036117553711,0.019931888207793236
1776175704893,1.0,0.0,74.93993377685547,98.59764099121094,0.020046552643179893
1776175704913,1.0,0.0,75.34981536865234,98.92532348632812,0.02018493413925171
1776175704933,1.0,0.0,76.33751678466797,99.18476867675781,0.020439494401216507
1776175704953,1.0,0.0,76.75050354003906,99.4804916381836,0.020578870549798012
1776175704973,1.0,0.0,77.247314453125,99.78255462646484,0.020694730803370476
1776175704993,1.0,0.0,77.66226196289062,100.05233001708984,0.020835116505622864
1776175705013,1.0,0.0,78.16151428222656,100.37291717529297,0.020952245220541954
1776175705033,1.0,0.0,79.08016967773438,100.6802749633789,0.021210340782999992
1776175705053,1.0,0.0,79.499267578125,100.94867706298828,0.021351665258407593
1776175705073,1.0,0.0,80.00340270996094,101.24932098388672,0.02149311453104019
1776175705093,1.0,0.0,80.50881958007812,101.54710388183594,0.02161133475601673
1776175705113,1.0,0.0,80.93096923828125,101.81214141845703,0.021754130721092224
1776175705133,1.0,0.0,81.86293029785156,102.11414337158203,0.022015733644366264
1776175705153,1.0,0.0,82.3731689453125,102.40650939941406,0.022134913131594658
1776175705173,1.0,0.0,82.7993392944336,102.67090606689453,0.022278696298599243
1776175705193,1.0,0.0,83.31195831298828,102.97683715820312,0.022398468106985092
1776175705213,1.0,0.0,83.74026489257812,103.28311157226562,0.022543298080563545
1776175705233,1.0,0.0,84.77177429199219,103.53522491455078,0.022808434441685677
1776175705253,1.0,0.0,85.20313262939453,103.83414459228516,0.022954272106289864
1776175705273,1.0,0.0,85.72184753417969,104.14117431640625,0.02307545207440853
1776175705293,1.0,0.0,86.15509033203125,104.39373016357422,0.023221004754304886
1776175705313,1.0,0.0,86.67617797851562,104.66844940185547,0.023342829197645187
1776175705333,1.0,0.0,87.63447570800781,104.95694732666016,0.023612070828676224
1776175705353,1.0,0.0,88.07138061523438,105.2107162475586,0.023758776485919952
1776175705373,1.0,0.0,88.5968017578125,105.49822235107422,0.023905906826257706
1776175705393,1.0,0.0,89.1235122680664,105.78007507324219,0.02402959205210209
1776175705413,1.0,0.0,89.56329345703125,106.01695251464844,0.024177253246307373
1776175705433,1.0,0.0,90.53387451171875,106.31245422363281,0.02444995567202568
1776175705453,1.0,0.0,91.0650405883789,106.59973907470703,0.02457468956708908
1776175705473,1.0,0.0,91.5086669921875,106.84010314941406,0.024723775684833527
1776175705493,1.0,0.0,92.0420913696289,107.1125717163086,0.0248489398509264
1776175705513,1.0,0.0,92.487548828125,107.39627075195312,0.024999037384986877
1776175705534,1.0,0.0,93.56019592285156,107.69767761230469,0.025274967774748802
1776175705553,1.0,0.0,94.0086441040039,107.95340728759766,0.025426087900996208
1776175705573,1.0,0.0,94.54798889160156,108.23509216308594,0.025552425533533096
1776175705593,1.0,0.0,94.99832916259766,108.47818756103516,0.025704029947519302
1776175705613,1.0,0.0,95.53987121582031,108.76031494140625,0.02583089843392372
1776175705633,1.0,0.0,96.53578186035156,109.03475189208984,0.02611057460308075
1776175705653,1.0,0.0,96.98971557617188,109.26458740234375,0.026263324543833733
1776175705673,1.0,0.0,97.53564453125,109.5435562133789,0.026417003944516182
1776175705693,1.0,0.0,98.08273315429688,109.82222747802734,0.026544926688075066
1776175705713,1.0,0.0,98.53947448730469,110.07569122314453,0.02669910341501236
1776175705733,0.9648499488830566,0.0,99.54745483398438,110.35309600830078,0.026982354000210762
1776175705753,0.8242000341415405,0.0,100.098876953125,110.62535858154297,0.02711133286356926
1776175705773,0.6484500169754028,0.0,100.55940246582031,110.83626556396484,0.02726670168340206
1776175705793,0.452349990606308,0.0,101.11302185058594,111.02242279052734,0.027395818382501602
1776175705813,0.27775001525878906,0.0,101.57501220703125,111.13580322265625,0.027552077546715736
1776175705833,0.1269499957561493,0.0,102.59288024902344,111.17089080810547,0.027838198468089104
1776175705853,0.0,0.0,103.14857482910156,111.16165161132812,0.027993781492114067
1776175705874,0.0,0.0,103.70408630371094,111.10646057128906,0.028123624622821808
1776175705893,0.0,0.0,104.16668701171875,111.03413391113281,0.028279349207878113
1776175705913,0.0,0.0,104.72158813476562,110.94635009765625,0.028409192338585854
1776175705933,0.0,0.0,105.73793029785156,110.85931396484375,0.028694724664092064
1776175705953,0.0,0.0,106.19955444335938,110.84410858154297,0.028850235044956207
1776175705974,0.0,0.0,106.753173828125,110.81027221679688,0.029005883261561394
1776175705993,0.0,0.0,107.30679321289062,110.78820037841797,0.02913559041917324
1776175706013,0.0,0.0,107.76805114746094,110.76624298095703,0.029290806502103806
1776175706033,0.0,0.0,108.78245544433594,110.72864532470703,0.02957569994032383
1776175706053,0.0,0.0,109.3358383178711,110.71192932128906,0.029705161228775978
1776175706074,0.05160000920295715,0.0,109.79673767089844,110.68610382080078,0.029860274866223335
1776175706093,0.1547500193119049,0.0,110.34981536865234,110.6517105102539,0.029989851638674736
1776175706113,0.3015500009059906,0.0,110.81083679199219,110.63167572021484,0.03014542907476425
1776175706133,0.4364500045776367,0.0,111.91668701171875,110.60880279541016,0.030430013313889503
1776175706153,0.5859500169754028,0.0,112.37739562988281,110.57611846923828,0.0305849090218544
1776175706174,0.7382999658584595,0.0,112.93022155761719,110.5549087524414,0.030714251101017
1776175706193,0.8788999915122986,0.0,113.3907470703125,110.70214080810547,0.030869225040078163
1776175706213,1.0,0.0,113.94345092773438,111.09223175048828,0.030999019742012024
1776175706233,1.0,0.0,114.96058654785156,111.51951599121094,0.03128497675061226
1776175706253,1.0,0.0,115.42520141601562,111.89124298095703,0.03144148364663124
1776175706273,1.0,0.0,115.98443603515625,112.29183197021484,0.031598493456840515
1776175706293,1.0,0.0,116.54562377929688,112.64437103271484,0.031729891896247864
1776175706313,1.0,0.0,117.01463317871094,112.90326690673828,0.03188740089535713
1776175706333,1.0,0.0,118.0498275756836,113.17608642578125,0.0321778804063797
1776175706353,1.0,0.0,118.61625671386719,113.44137573242188,0.03231031820178032
1776175706373,1.0,0.0,119.08904266357422,113.6779556274414,0.03246940299868584
1776175706393,1.0,0.0,119.65736389160156,113.95283508300781,0.03260243684053421
1776175706413,1.0,0.0,120.13179779052734,114.21430206298828,0.0327620767056942
1776175706433,1.0,0.0,121.27350616455078,114.43097686767578,0.03305620700120926
1776175706453,1.0,0.0,121.75044250488281,114.6846694946289,0.03321684151887894
1776175706474,1.0,0.0,122.32376861572266,114.94270324707031,0.03335046395659447
1776175706493,1.0,0.0,122.80235290527344,115.18439483642578,0.033512141555547714
1776175706513,1.0,0.0,123.37763214111328,115.45423126220703,0.033646728843450546
1776175706533,1.0,0.0,124.43534088134766,115.7125473022461,0.03394310921430588
1776175706553,1.0,0.0,124.91734313964844,115.92928314208984,0.034105319529771805
1776175706573,1.0,0.0,125.49665069580078,116.19137573242188,0.0342676118016243
1776175706593,1.0,0.0,126.0770492553711,116.45003509521484,0.03440331295132637
1776175706613,1.0,0.0,126.56149291992188,116.66576385498047,0.034565720707178116
1776175706633,1.0,0.0,127.62992858886719,116.92021942138672,0.03486517816781998
1776175706653,1.0,0.0,128.2142333984375,117.16991424560547,0.03500322252511978
1776175706673,1.0,0.0,128.701904296875,117.38479614257812,0.03516804426908493
1776175706693,1.0,0.0,129.2881622314453,117.63645935058594,0.035304952412843704
1776175706713,1.0,0.0,129.7774200439453,117.87616729736328,0.03546982258558273
1776175706733,1.0,0.0,130.85647583007812,118.09001922607422,0.035772763192653656
1776175706753,1.0,0.0,131.44664001464844,118.34593200683594,0.035938672721385956
1776175706773,1.0,0.0,132.0378875732422,118.58890533447266,0.03607667237520218
1776175706793,1.0,0.0,132.53135681152344,118.80304718017578,0.036243099719285965
1776175706813,1.0,0.0,133.12449645996094,119.038330078125,0.0363815613090992
1776175706833,1.0,0.0,134.21450805664062,119.28732299804688,0.03668791055679321
1776175706853,1.0,0.0,134.71119689941406,119.49252319335938,0.0368545725941658
1776175706873,1.0,0.0,135.30812072753906,119.72710418701172,0.03702211380004883
1776175706893,1.0,0.0,135.90614318847656,119.97276306152344,0.03716200962662697
1776175706913,1.0,0.0,136.4052734375,120.186279296875,0.037330131977796555
1776175706933,1.0,0.0,137.50595092773438,120.42987060546875,0.0376383438706398
1776175706953,1.0,0.0,138.1078643798828,120.67317962646484,0.03777933120727539
1776175706973,1.0,0.0,138.61021423339844,120.87316131591797,0.03794801980257034
1776175706993,1.0,0.0,139.21395874023438,121.10852813720703,0.03811720013618469
1776175707013,1.0,0.0,139.71783447265625,121.3566665649414,0.038258299231529236
1776175707033,1.0,0.0,140.92994689941406,121.55701446533203,0.03857000544667244
1776175707053,1.0,0.0,141.4363250732422,121.78041076660156,0.03874065726995468
1776175707073,1.0,0.0,142.0447540283203,122.03208923339844,0.03888232633471489
1776175707093,1.0,0.0,142.5526580810547,122.24276733398438,0.03905314579606056
1776175707113,1.0,0.0,143.1631622314453,122.48516845703125,0.039195772260427475
1776175707133,1.0,0.0,144.28485107421875,122.71699523925781,0.03951023519039154
1776175707153,1.0,0.0,144.7958526611328,122.92105102539062,0.03968161717057228
1776175707174,1.0,0.0,145.40994262695312,123.15523529052734,0.039854422211647034
1776175707193,1.0,0.0,146.02513122558594,123.4000244140625,0.039998188614845276
1776175707213,1.0,0.0,146.53851318359375,123.59957885742188,0.04017023742198944
1776175707233,1.0,0.0,147.67044067382812,123.84736633300781,0.04048801213502884
1776175707253,1.0,0.0,148.2893524169922,124.08474731445312,0.04063322767615318
1776175707273,1.0,0.0,148.805908203125,124.28563690185547,0.04080640897154808
1776175707293,1.0,0.0,149.42665100097656,124.51808166503906,0.04095127806067467
1776175707313,1.0,0.0,149.94479370117188,124.74207305908203,0.041126273572444916
1776175707334,1.0,0.0,151.19110107421875,124.99472045898438,0.041445959359407425
1776175707353,1.0,0.0,151.71168518066406,125.21106719970703,0.04162115603685379
1776175707373,1.0,0.0,152.33737182617188,125.45206451416016,0.04176757112145424
1776175707393,1.0,0.0,152.85948181152344,125.63939666748047,0.04194245487451553
1776175707413,1.0,0.0,153.4869384765625,125.86864471435547,0.042089447379112244
1776175707433,1.0,0.0,154.63973999023438,126.11467742919922,0.042412351816892624
1776175707453,1.0,0.0,155.16490173339844,126.32052612304688,0.042589545249938965
1776175707474,1.0,0.0,155.7960205078125,126.56477355957031,0.04276639223098755
1776175707493,1.0,0.0,156.42823791503906,126.79100036621094,0.04291408136487007
1776175707513,1.0,0.0,156.95578002929688,126.99759674072266,0.04309147223830223
1776175707533,1.0,0.0,158.11880493164062,127.2212905883789,0.043417271226644516
1776175707553,1.0,0.0,158.75457763671875,127.45732116699219,0.043566372245550156
1776175707573,1.0,0.0,159.28518676757812,127.66273498535156,0.0437445230782032
1776175707593,1.0,0.0,159.9228515625,127.9004135131836,0.04389332979917526
1776175707613,1.0,0.0,160.45504760742188,128.13294982910156,0.04407284036278725
1776175707633,1.0,0.0,161.735107421875,128.33021545410156,0.04440190643072128
1776175707653,1.0,0.0,162.26963806152344,128.5712890625,0.044581636786460876
1776175707673,1.0,0.0,162.91189575195312,128.80264282226562,0.04473114386200905
1776175707693,1.0,0.0,163.44801330566406,128.99032592773438,0.04491138085722923
1776175707713,1.0,0.0,164.0921173095703,129.2123565673828,0.04506190866231918
1776175707733,1.0,0.0,165.27552795410156,129.4600372314453,0.045394156128168106
1776175707753,1.0,0.0,165.81459045410156,129.65098571777344,0.045575086027383804
1776175707774,1.0,0.0,166.46249389648438,129.88119506835938,0.04575647786259651
1776175707793,1.0,0.0,167.111328125,130.1189422607422,0.04590895399451256
1776175707813,1.0,0.0,167.65284729003906,130.3179931640625,0.04609091207385063
1776175707834,1.0,0.0,168.8466796875,130.55120849609375,0.04642606899142265
1776175707853,1.0,0.0,169.49925231933594,130.78550720214844,0.046579133719205856
1776175707874,1.0,0.0,170.0438995361328,131.01051330566406,0.04676224663853645
1776175707893,1.0,0.0,170.69830322265625,131.2005157470703,0.046915825456380844
1776175707913,1.0,0.0,171.24429321289062,131.43399047851562,0.047099459916353226
1776175707933,1.0,0.0,172.55746459960938,131.621826171875,0.04743821546435356
1776175707954,1.0,0.0,173.1056671142578,131.8459014892578,0.047623418271541595
1776175707973,1.0,0.0,173.76449584960938,132.0765838623047,0.04777775704860687
1776175707993,1.0,0.0,174.31430053710938,132.2690887451172,0.04796304553747177
1776175708013,1.0,0.0,174.97491455078125,132.49624633789062,0.04811794310808182
1776175708033,1.0,0.0,176.18853759765625,132.72979736328125,0.04845880717039108
1776175708053,1.0,0.0,176.74122619628906,132.91844177246094,0.04864523187279701
1776175708074,1.0,0.0,177.40541076660156,133.13941955566406,0.04883171245455742
1776175708093,1.0,0.0,178.07044982910156,133.36337280273438,0.0489877313375473
1776175708113,1.0,0.0,178.62542724609375,133.55569458007812,0.049174271523952484
1776175708133,1.0,0.0,179.8485870361328,133.76852416992188,0.049518413841724396
1776175708153,1.0,0.0,180.5171356201172,133.99899291992188,0.04967420548200607
1776175708174,1.0,0.0,181.0749969482422,134.19473266601562,0.049862347543239594
1776175708193,1.0,0.0,181.74533081054688,134.42266845703125,0.050050925463438034
1776175708213,1.0,0.0,182.41671752929688,134.64334106445312,0.05020822212100029
1776175708233,1.0,0.0,183.6498565673828,134.8276824951172,0.05055435374379158
1776175708253,1.0,0.0,184.21141052246094,135.03733825683594,0.05074373260140419
1776175708273,1.0,0.0,184.8861846923828,135.26126098632812,0.0509016215801239
1776175708293,1.0,0.0,185.44921875,135.46343994140625,0.05109133571386337
1776175708314,1.0,0.0,186.12583923339844,135.68824768066406,0.05124913901090622
1776175708333,1.0,0.0,187.3688201904297,135.8843231201172,0.051598016172647476
1776175708353,1.0,0.0,187.93487548828125,136.09799194335938,0.051788732409477234
1776175708374,1.0,0.0,188.61500549316406,136.31594848632812,0.051979586482048035
1776175708393,1.0,0.0,189.29600524902344,136.53172302246094,0.05213863030076027
1776175708413,1.0,0.0,189.86428833007812,136.72137451171875,0.0523306243121624
1776175708433,1.0,0.0,191.11669921875,136.9449005126953,0.05268189683556557
1776175708453,1.0,0.0,191.80108642578125,137.16448974609375,0.052841853350400925
1776175708474,1.0,0.0,192.3721923828125,137.3783721923828,0.05303414538502693
1776175708493,1.0,0.0,193.0584259033203,137.5589141845703,0.05322655662894249
1776175708513,1.0,0.0,193.74551391601562,137.7836151123047,0.05338708311319351
1776175708533,1.0,0.0,195.00770568847656,137.9702911376953,0.05374191328883171
1776175708553,1.0,0.0,195.5824432373047,138.18873596191406,0.05393492430448532
1776175708573,1.0,0.0,196.27297973632812,138.40260314941406,0.05409606173634529
1776175708593,1.0,0.0,196.84913635253906,138.58839416503906,0.054289624094963074
1776175708613,1.0,0.0,197.5413360595703,138.80172729492188,0.05445209890604019
1776175708633,1.0,0.0,198.81271362304688,138.98179626464844,0.054808806627988815
1776175708653,1.0,0.0,199.39157104492188,139.20172119140625,0.05500389635562897
1776175708674,1.0,0.0,200.08714294433594,139.40745544433594,0.05519900098443031
1776175708693,1.0,0.0,200.78358459472656,139.61227416992188,0.05536218360066414
1776175708713,1.0,0.0,201.36465454101562,139.80105590820312,0.055557508021593094
1776175708733,1.0,0.0,202.64529418945312,140.02061462402344,0.055916327983140945
1776175708753,1.0,0.0,203.34523010253906,140.2403106689453,0.056080207228660583
1776175708774,1.0,0.0,203.9292449951172,140.4249725341797,0.056276727467775345
1776175708793,1.0,0.0,204.63082885742188,140.64141845703125,0.0564737431704998
1776175708813,1.0,0.0,205.21612548828125,140.84913635253906,0.05663783475756645
1776175708833,1.0,0.0,206.6233367919922,141.02932739257812,0.05699927359819412
1776175708853,1.0,0.0,207.2107696533203,141.23870849609375,0.05719708278775215
1776175708873,1.0,0.0,207.9164581298828,141.44970703125,0.05736187472939491
1776175708893,1.0,0.0,208.50518798828125,141.62449645996094,0.05756022408604622
1776175708913,1.0,0.0,209.2125244140625,141.82542419433594,0.05772516503930092
1776175708933,1.0,0.0,210.51158142089844,142.03770446777344,0.058089498430490494
1776175708953,1.0,0.0,211.10316467285156,142.22616577148438,0.05828933045268059
1776175708974,1.0,0.0,211.81385803222656,142.43994140625,0.058488037437200546
1776175708993,1.0,0.0,212.52557373046875,142.65863037109375,0.05865497887134552
1776175709013,1.0,0.0,213.11935424804688,142.83680725097656,0.05885424464941025
1776175709033,1.0,0.0,214.42800903320312,143.05526733398438,0.059221986681222916
1776175709053,1.0,0.0,215.14306640625,143.26385498046875,0.05938836187124252
1776175709073,1.0,0.0,215.7396240234375,143.43780517578125,0.05958965793251991
1776175709093,1.0,0.0,216.45631408691406,143.6402587890625,0.05979105457663536
1776175709113,1.0,0.0,217.17384338378906,143.85238647460938,0.05995843932032585
1776175709133,1.0,0.0,218.49168395996094,144.03060913085938,0.06032782420516014
1776175709153,1.0,0.0,219.0916290283203,144.23245239257812,0.06053025275468826
1776175709174,1.0,0.0,219.8124237060547,144.43544006347656,0.0606987290084362
1776175709193,1.0,0.0,220.41375732421875,144.62294006347656,0.06090135872364044
1776175709213,1.0,0.0,221.1361846923828,144.8321533203125,0.06106989458203316
1776175709233,1.0,0.0,222.46286010742188,145.02862548828125,0.06144251301884651
1776175709253,1.0,0.0,223.06686401367188,145.19427490234375,0.061646249145269394
1776175709274,1.0,0.0,223.79237365722656,145.397705078125,0.06184955686330795
1776175709293,1.0,0.0,224.51885986328125,145.60330200195312,0.06201921030879021
1776175709313,1.0,0.0,225.1249237060547,145.78915405273438,0.06222308427095413
1776175709333,1.0,0.0,226.4606170654297,145.994873046875,0.06259771436452866
1776175709353,1.0,0.0,227.1904296875,146.19808959960938,0.06276839226484299
1776175709374,1.0,0.0,227.7992706298828,146.39566040039062,0.06297307461500168
1776175709393,1.0,0.0,228.5305938720703,146.5703887939453,0.06317819654941559
1776175709413,1.0,0.0,229.26275634765625,146.76817321777344,0.06334953755140305
1776175709433,1.0,0.0,230.60716247558594,146.92237854003906,0.06372570246458054
1776175709453,1.0,0.0,231.21908569335938,147.12779235839844,0.063931904733181
1776175709474,1.0,0.0,231.954345703125,147.33616638183594,0.0641033798456192
1776175709493,1.0,0.0,232.56773376464844,147.50563049316406,0.06430971622467041
1776175709513,1.0,0.0,233.3045196533203,147.70948791503906,0.06448172777891159
1776175709533,1.0,0.0,234.65773010253906,147.90948486328125,0.0648607537150383
1776175709553,1.0,0.0,235.2737274169922,148.07716369628906,0.06506775319576263
1776175709573,1.0,0.0,236.01373291015625,148.27000427246094,0.06527531147003174
1776175709593,1.0,0.0,236.75453186035156,148.4613800048828,0.06544806808233261
1776175709613,1.0,0.0,237.3724822998047,148.6328582763672,0.0656556561589241
1776175709633,1.0,0.0,238.734130859375,148.83164978027344,0.06603748351335526
1776175709653,1.0,0.0,239.4781494140625,149.03297424316406,0.06621129810810089
1776175709674,1.0,0.0,240.09877014160156,149.22987365722656,0.0664195716381073
1776175709693,1.0,0.0,240.84429931640625,149.39199829101562,0.06662920117378235
1776175709713,1.0,0.0,241.5907440185547,149.5857696533203,0.06680311262607574
1776175709733,1.0,0.0,242.9612579345703,149.75460815429688,0.06718742847442627
1776175709753,1.0,0.0,243.58509826660156,149.9514617919922,0.06739696115255356
1776175709773,1.0,0.0,244.33457946777344,150.1439208984375,0.06757203489542007
1776175709793,1.0,0.0,244.95968627929688,150.30459594726562,0.06778251379728317
1776175709813,1.0,0.0,245.71063232421875,150.4937286376953,0.06795808672904968
1776175709833,1.0,0.0,247.08935546875,150.64820861816406,0.06834471970796585
1776175709853,1.0,0.0,247.7169647216797,150.8484344482422,0.06855621188879013
1776175709873,1.0,0.0,248.4708251953125,151.03944396972656,0.06876741349697113
1776175709893,1.0,0.0,249.22560119628906,151.23110961914062,0.06894407421350479
1776175709913,1.0,0.0,249.85520935058594,151.39547729492188,0.06915627419948578
1776175709933,1.0,0.0,251.2422637939453,151.58245849609375,0.06954541057348251
1776175709953,1.0,0.0,251.9999542236328,151.76820373535156,0.06972283124923706
1776175709973,1.0,0.0,252.63194274902344,151.9239959716797,0.06993531435728073
1776175709993,1.0,0.0,253.3910369873047,152.1083984375,0.07014873623847961
1776175710013,1.0,0.0,254.15098571777344,152.29183959960938,0.07032621651887894
1776175710033,1.0,0.0,255.54615783691406,152.44168090820312,0.07071764767169952
1776175710053,1.0,0.0,256.1812744140625,152.64183044433594,0.07093125581741333
1776175710073,1.0,0.0,256.9441833496094,152.8305206298828,0.07110940665006638
1776175710093,1.0,0.0,257.5805969238281,152.99363708496094,0.07132400572299957
1776175710113,1.0,0.0,258.3450012207031,153.18270874023438,0.07150310277938843
1776175710134,1.0,0.0,259.748291015625,153.35679626464844,0.0719325914978981
1776175710153,1.0,0.0,260.5147705078125,153.50389099121094,0.07211139798164368
1776175710174,1.0,0.0,261.15411376953125,153.68516540527344,0.07232671976089478
1776175710193,1.0,0.0,261.92205810546875,153.87371826171875,0.07250645756721497
1776175710213,1.0,0.0,262.5627136230469,154.03689575195312,0.07272189110517502
1776175710233,1.0,0.0,263.9742431640625,154.23516845703125,0.07311651855707169
1776175710253,1.0,0.0,264.74530029296875,154.42715454101562,0.07329688966274261
1776175710274,1.0,0.0,265.388427734375,154.5689239501953,0.07351507246494293
1776175710293,1.0,0.0,266.1607666015625,154.73594665527344,0.07373208552598953
1776175710313,1.0,0.0,266.93377685546875,154.9087677001953,0.07391293346881866
1776175710333,1.0,0.0,268.3529052734375,155.06167602539062,0.07431107014417648
1776175710353,1.0,0.0,268.9988708496094,155.25686645507812,0.07452870905399323
1776175710373,1.0,0.0,269.7748718261719,155.44451904296875,0.07471056282520294
1776175710393,1.0,0.0,270.422119140625,155.59938049316406,0.07492834329605103
1776175710413,1.0,0.0,271.1996154785156,155.78146362304688,0.07511032372713089
1776175710433,1.0,0.0,272.626953125,155.95895385742188,0.07554776221513748
1776175710453,0.9609500169754028,0.0,273.276611328125,156.11419677734375,0.07572992891073227
1776175710474,0.8515499830245972,0.0,274.056884765625,156.28944396972656,0.07594922184944153
1776175710493,0.7265499830245972,0.0,274.837890625,156.44662475585938,0.07613193988800049
1776175710513,0.6015499830245972,0.0,275.4892883300781,156.55445861816406,0.07635143399238586
1776175710533,0.46424999833106995,0.0,276.9237060546875,156.63929748535156,0.07675433903932571
1776175710553,0.31744998693466187,0.0,277.7066345214844,156.6833953857422,0.07693769782781601
1776175710573,0.17855000495910645,0.0,278.3592529296875,156.69308471679688,0.07715746015310287
1776175710593,0.06350001692771912,0.0,279.1424255371094,156.66903686523438,0.07737725973129272
1776175710613,0.0,0.0,279.9255676269531,156.6260528564453,0.07756032794713974
1776175710633,0.0,0.0,281.3608703613281,156.567138671875,0.07796341925859451
1776175710653,0.0,0.0,282.012939453125,156.5169677734375,0.07818304002285004
1776175710673,0.0,0.0,282.795166015625,156.47735595703125,0.07836634665727615
1776175710693,0.0,0.0,283.4468688964844,156.44154357910156,0.07858569175004959
1776175710713,0.0,0.0,284.22869873046875,156.3983612060547,0.07876832038164139
1776175710733,0.0,0.0,285.66168212890625,156.35580444335938,0.07917088270187378
1776175710753,0.0,0.0,286.3128662109375,156.31912231445312,0.07939039170742035
1776175710774,0.0,0.0,287.0942077636719,156.2742462158203,0.0795731469988823
1776175710793,0.09920001029968262,0.0,287.74517822265625,156.22962951660156,0.07979237288236618
1776175710813,0.18650001287460327,0.0,288.5262451171875,156.19357299804688,0.08001163601875305
1776175710833,0.34915000200271606,0.0,289.9577941894531,156.151611328125,0.08041384071111679
1776175710853,0.5,0.0,290.7384338378906,156.10923767089844,0.08059635758399963
1776175710873,0.6093499660491943,0.0,291.38885498046875,156.07249450683594,0.08081546425819397
1776175710893,0.7538999915122986,0.0,292.169189453125,156.18231201171875,0.08103420585393906
1776175710913,0.8827999830245972,0.0,292.94940185546875,156.488525390625,0.08121690154075623
1776175710934,1.0,0.0,294.38287353515625,156.736572265625,0.08161977678537369
1776175710953,1.0,0.0,295.0359191894531,156.90328979492188,0.08183994889259338
1776175710973,1.0,0.0,295.82049560546875,157.07801818847656,0.08202359080314636
1776175710993,1.0,0.0,296.4749450683594,157.22434997558594,0.08224383741617203
1776175711013,1.0,0.0,297.260986328125,157.39552307128906,0.08242793381214142
1776175711033,1.0,0.0,298.7039794921875,157.57110595703125,0.08287022262811661
1776175711053,1.0,0.0,299.4920959472656,157.7116241455078,0.08305445313453674
1776175711074,1.0,0.0,300.1493225097656,157.8813934326172,0.08327613770961761
1776175711093,1.0,0.0,300.93865966796875,158.04348754882812,0.08346084505319595
1776175711113,1.0,0.0,301.5969543457031,158.1935272216797,0.0836826041340828
1776175711133,1.0,0.0,303.04693603515625,158.3668975830078,0.08409010618925095
1776175711153,1.0,0.0,303.8388366699219,158.53378295898438,0.08427576720714569
1776175711173,1.0,0.0,304.499267578125,158.67523193359375,0.08449806272983551
1776175711193,1.0,0.0,305.2923889160156,158.84349060058594,0.08472120016813278
1776175711213,1.0,0.0,306.086181640625,159.007568359375,0.08490687608718872
1776175711233,1.0,0.0,307.5431823730469,159.15084838867188,0.08531702309846878
1776175711253,1.0,0.0,308.2061767578125,159.3187255859375,0.08554025739431381
1776175711273,1.0,0.0,309.0024719238281,159.48304748535156,0.08572684973478317
1776175711293,1.0,0.0,309.66650390625,159.62049865722656,0.08595045655965805
1776175711313,1.0,0.0,310.4640197753906,159.78927612304688,0.08613740652799606
1776175711333,1.0,0.0,311.927978515625,159.95819091796875,0.08658624440431595
1776175711353,1.0,0.0,312.7276306152344,160.11215209960938,0.08677353709936142
1776175711374,1.0,0.0,313.3945617675781,160.2784881591797,0.08699868619441986
1776175711393,1.0,0.0,314.19549560546875,160.4452362060547,0.08718595653772354
1776175711413,1.0,0.0,314.8635559082031,160.58203125,0.08741109073162079
1776175711433,1.0,0.0,316.33489990234375,160.76559448242188,0.08782452344894409
1776175711453,1.0,0.0,317.1385498046875,160.92800903320312,0.0880124568939209
1776175711474,1.0,0.0,317.8087463378906,161.07212829589844,0.08823776990175247
1776175711493,1.0,0.0,318.6136474609375,161.23382568359375,0.08846469223499298
1776175711513,1.0,0.0,319.419189453125,161.39236450195312,0.08865294605493546
1776175711533,1.0,0.0,320.8978576660156,161.53848266601562,0.08906805515289307
1776175711553,1.0,0.0,321.57080078125,161.7093048095703,0.08929408341646194
1776175711573,1.0,0.0,322.3790588378906,161.88436889648438,0.08948350697755814
1776175711593,1.0,0.0,323.0531311035156,162.02210998535156,0.0897112786769867
1776175711613,1.0,0.0,323.8626708984375,162.18125915527344,0.08989991247653961
1776175711633,1.0,0.0,325.3485107421875,162.34768676757812,0.0903172492980957
1776175711653,1.0,0.0,326.0246887207031,162.48899841308594,0.09054457396268845
1776175711674,1.0,0.0,326.8367919921875,162.6571807861328,0.09077195078134537
1776175711693,1.0,0.0,327.6496276855469,162.8265838623047,0.09096288681030273
1776175711713,1.0,0.0,328.3275146484375,162.96543884277344,0.09119304269552231
1776175711733,1.0,0.0,329.8206787109375,163.1245880126953,0.09161052852869034
1776175711753,1.0,0.0,330.6361999511719,163.29684448242188,0.09180095046758652
1776175711774,1.0,0.0,331.31640625,163.44415283203125,0.09202922135591507
1776175711793,1.0,0.0,332.13330078125,163.6088409423828,0.09225822240114212
1776175711813,1.0,0.0,332.95086669921875,163.76914978027344,0.09244970232248306
1776175711833,1.0,0.0,334.45147705078125,163.90869140625,0.09287057816982269
1776175711853,1.0,0.0,335.1343078613281,164.07090759277344,0.09310037642717361
1776175711874,1.0,0.0,335.9543151855469,164.23016357421875,0.09329172223806381
1776175711893,1.0,0.0,336.63818359375,164.36705017089844,0.09352264553308487
1776175711913,1.0,0.0,337.4594421386719,164.5367889404297,0.09371445327997208
1776175711933,1.0,0.0,338.9670104980469,164.70668029785156,0.09413713216781616
1776175711953,1.0,0.0,339.65313720703125,164.8424072265625,0.0943678766489029
1776175711974,1.0,0.0,340.4770202636719,165.00588989257812,0.09456060081720352
1776175711993,1.0,0.0,341.16412353515625,165.16844177246094,0.09479161351919174
1776175712013,1.0,0.0,341.98931884765625,165.30538940429688,0.0950234904885292
1776175712033,1.0,0.0,343.5040283203125,165.47434997558594,0.09544818848371506
1776175712053,1.0,0.0,344.33123779296875,165.634521484375,0.09564194828271866
1776175712074,1.0,0.0,345.0210876464844,165.77740478515625,0.09587370604276657
1776175712093,1.0,0.0,345.8495788574219,165.94119262695312,0.09610656648874283
1776175712113,1.0,0.0,346.6788024902344,166.1090850830078,0.0962996706366539
1776175712133,1.0,0.0,348.2006530761719,166.2396697998047,0.0967266857624054
1776175712153,1.0,0.0,348.8930969238281,166.3851776123047,0.09696004539728165
1776175712174,1.0,0.0,349.72467041015625,166.5466766357422,0.09715427458286285
1776175712193,1.0,0.0,350.4181823730469,166.69134521484375,0.09738815575838089
1776175712214,1.0,0.0,351.25115966796875,166.86587524414062,0.09758274257183075
1776175712233,1.0,0.0,352.7803039550781,167.0326690673828,0.09801121801137924
1776175712253,1.0,0.0,353.4761657714844,167.17539978027344,0.09824507683515549
1776175712274,1.0,0.0,354.311767578125,167.3295440673828,0.09844062477350235
1776175712293,1.0,0.0,355.008544921875,167.48573303222656,0.09867522120475769
1776175712313,1.0,0.0,355.84527587890625,167.61619567871094,0.0989098995923996
1776175712333,1.0,0.0,357.3810119628906,167.77842712402344,0.0993407592177391
1776175712353,1.0,0.0,358.2196960449219,167.94775390625,0.09953663498163223
1776175712373,1.0,0.0,358.919189453125,168.09463500976562,0.09977219998836517
1776175712393,1.0,0.0,359.75921630859375,168.25462341308594,0.10000793635845184
1776175712413,1.0,0.0,360.5999450683594,168.41128540039062,0.1002039983868599
1776175712433,1.0,0.0,362.14288330078125,168.5403289794922,0.10063648968935013
1776175712453,1.0,0.0,362.844970703125,168.70350646972656,0.10087273269891739
1776175712473,1.0,0.0,363.68817138671875,168.87225341796875,0.10106988251209259
1776175712493,1.0,0.0,364.39141845703125,169.01161193847656,0.10130685567855835
1776175712513,1.0,0.0,365.2359313964844,169.16746520996094,0.10150355100631714
1776175712533,1.0,0.0,366.7859802246094,169.32749938964844,0.10197767615318298
1776175712553,1.0,0.0,367.63238525390625,169.4626922607422,0.10217542946338654
1776175712573,1.0,0.0,368.3382568359375,169.62936401367188,0.10241295397281647
1776175712593,1.0,0.0,369.18597412109375,169.78585815429688,0.10261107981204987
1776175712613,1.0,0.0,369.89288330078125,169.92076110839844,0.10284925997257233
1776175712633,1.0,0.0,371.4496765136719,170.07586669921875,0.10328742861747742
1776175712653,1.0,0.0,372.2998046875,170.23312377929688,0.10348425805568695
1776175712674,1.0,0.0,373.0087585449219,170.37562561035156,0.10372410714626312
1776175712693,1.0,0.0,373.8601379394531,170.53314208984375,0.10396146029233932
1776175712713,1.0,0.0,374.7122802734375,170.6899871826172,0.10416025668382645
1776175712733,1.0,0.0,376.2762756347656,170.82850646972656,0.10459918528795242
1776175712753,1.0,0.0,376.9879455566406,170.98902893066406,0.10483880341053009
1776175712774,1.0,0.0,377.8426513671875,171.14990234375,0.10503797978162766
1776175712793,1.0,0.0,378.55535888671875,171.2839813232422,0.10527802258729935
1776175712813,1.0,0.0,379.4112243652344,171.43911743164062,0.10547841340303421
1776175712833,1.0,0.0,380.98199462890625,171.59201049804688,0.10591865330934525
1776175712853,1.0,0.0,381.69671630859375,171.72520446777344,0.1061592698097229
1776175712874,1.0,0.0,382.55499267578125,171.88363647460938,0.1064000278711319
1776175712893,1.0,0.0,383.4139709472656,172.04405212402344,0.10660064965486526
1776175712913,1.0,0.0,384.1303405761719,172.177978515625,0.10684213787317276
1776175712933,1.0,0.0,385.70806884765625,172.33767700195312,0.10728408396244049
1776175712953,1.0,0.0,386.5696105957031,172.49490356445312,0.10748592764139175
1776175712974,1.0,0.0,387.2880859375,172.6513671875,0.10772755742073059
1776175712993,1.0,0.0,388.1508483886719,172.7827911376953,0.10796993970870972
1776175713013,1.0,0.0,389.0141906738281,172.93893432617188,0.108171246945858
1776175713033,1.0,0.0,390.5987243652344,173.06362915039062,0.10861512273550034
1776175713053,1.0,0.0,391.3196716308594,173.21148681640625,0.1088583841919899
1776175713073,1.0,0.0,392.18548583984375,173.3728790283203,0.10906030982732773
1776175713093,1.0,0.0,392.9075622558594,173.51698303222656,0.10930372774600983
1776175713113,1.0,0.0,393.7747802734375,173.67190551757812,0.1095060333609581
1776175713133,1.0,0.0,395.3664855957031,173.82846069335938,0.10999295860528946
1776175713153,1.0,0.0,396.235595703125,173.95237731933594,0.11019585281610489
1776175713174,1.0,0.0,396.9602966308594,174.0994873046875,0.11043950915336609
1776175713193,1.0,0.0,397.83050537109375,174.26055908203125,0.11064275354146957
1776175713213,1.0,0.0,398.5561828613281,174.39012145996094,0.11088702082633972
1776175713233,1.0,0.0,400.1541748046875,174.53543090820312,0.11133500188589096
1776175713253,1.0,0.0,401.0267028808594,174.68626403808594,0.1115383729338646
1776175713274,1.0,0.0,401.7542419433594,174.8119659423828,0.11178307980298996
1776175713293,1.0,0.0,402.62786865234375,174.96446228027344,0.11202806234359741
1776175713313,1.0,0.0,403.502197265625,175.12503051757812,0.11223240196704865
1776175713333,1.0,0.0,405.1070251464844,175.25575256347656,0.1126820296049118
1776175713353,1.0,0.0,405.837158203125,175.4003143310547,0.11292748898267746
1776175713373,1.0,0.0,406.7138977050781,175.54776000976562,0.11313211172819138
1776175713393,1.0,0.0,407.4449462890625,175.67840576171875,0.11337786167860031
1776175713413,1.0,0.0,408.3228454589844,175.82650756835938,0.11358277499675751
1776175713433,1.0,0.0,409.9338073730469,175.96774291992188,0.11403420567512512
1776175713453,1.0,0.0,410.6667785644531,176.09207153320312,0.11428079754114151
1776175713473,1.0,0.0,411.546875,176.2423858642578,0.11452742666006088
1776175713493,1.0,0.0,412.4277038574219,176.39849853515625,0.1147330179810524
1776175713513,1.0,0.0,413.16217041015625,176.53106689453125,0.1149810403585434
1776175713534,1.0,0.0,414.77972412109375,176.68136596679688,0.11543469876050949
1776175713553,1.0,0.0,415.6629333496094,176.82611083984375,0.11563900858163834
1776175713573,1.0,0.0,416.3993835449219,176.9488983154297,0.11588677018880844
1776175713593,1.0,0.0,417.2838134765625,177.10865783691406,0.1161343976855278
1776175713613,1.0,0.0,418.16888427734375,177.26498413085938,0.11634114384651184
1776175713633,1.0,0.0,419.7932434082031,177.40145874023438,0.11679622530937195
1776175713653,1.0,0.0,420.5322265625,177.52886962890625,0.11704438924789429
1776175713673,1.0,0.0,421.4195251464844,177.66653442382812,0.11725141108036041
1776175713693,1.0,0.0,422.15936279296875,177.79885864257812,0.11750009655952454
1776175713713,1.0,0.0,423.0477600097656,177.95089721679688,0.11770787090063095
1776175713733,1.0,0.0,424.6784362792969,178.11181640625,0.11820598691701889
1776175713753,1.0,0.0,425.56890869140625,178.23927307128906,0.11841386556625366
1776175713773,1.0,0.0,426.3114013671875,178.3816375732422,0.1186634823679924
1776175713793,1.0,0.0,427.20294189453125,178.52806091308594,0.11887125670909882
1776175713813,1.0,0.0,427.9464111328125,178.65980529785156,0.11912105232477188
1776175713833,1.0,0.0,429.5836486816406,178.81039428710938,0.11957988142967224
1776175713853,1.0,0.0,430.4775390625,178.95526123046875,0.11978864669799805
1776175713874,1.0,0.0,431.222900390625,179.07412719726562,0.12003938853740692
1776175713893,1.0,0.0,432.11785888671875,179.20948791503906,0.12028916925191879
1776175713913,1.0,0.0,433.01336669921875,179.35569763183594,0.12049904465675354
1776175713933,1.0,0.0,434.6567077636719,179.47579956054688,0.12095862627029419
1776175713953,1.0,0.0,435.4043884277344,179.61683654785156,0.12121029943227768
1776175713973,1.0,0.0,436.3021240234375,179.7576904296875,0.12142011523246765
1776175713993,1.0,0.0,437.0507507324219,179.88198852539062,0.12167124450206757
1776175714013,1.0,0.0,437.9496154785156,180.0247802734375,0.1218814104795456
1776175714033,1.0,0.0,439.59912109375,180.16122436523438,0.12234345078468323
1776175714053,1.0,0.0,440.3495178222656,180.27886962890625,0.1225956603884697
1776175714073,1.0,0.0,441.25048828125,180.41294860839844,0.12284773588180542
1776175714093,1.0,0.0,442.1520080566406,180.53619384765625,0.12305828183889389
1776175714113,1.0,0.0,442.90362548828125,180.64068603515625,0.12331170588731766
1776175714133,1.0,0.0,444.5585632324219,180.77822875976562,0.12377607077360153
1776175714153,1.0,0.0,445.4622497558594,180.91995239257812,0.12398748844861984
1776175714173,1.0,0.0,446.2158203125,181.0474395751953,0.12424074858427048
1776175714193,1.0,0.0,447.1208190917969,181.19166564941406,0.12449410557746887
1776175714213,1.0,0.0,448.0265808105469,181.3316192626953,0.12470625340938568
1776175714233,1.0,0.0,449.688720703125,181.44351196289062,0.12517185509204865
1776175714253,1.0,0.0,450.4448547363281,181.5705108642578,0.12542764842510223
1776175714274,1.0,0.0,451.3526611328125,181.69540405273438,0.12563875317573547
1776175714293,1.0,0.0,452.1094970703125,181.80738830566406,0.12589405477046967
1776175714313,1.0,0.0,453.01806640625,181.9332275390625,0.12610575556755066
1776175714333,1.0,0.0,454.6850891113281,182.04031372070312,0.1265738606452942
1776175714353,1.0,0.0,455.44342041015625,182.16685485839844,0.12682941555976868
1776175714374,1.0,0.0,456.35400390625,182.3008575439453,0.12704241275787354
1776175714393,1.0,0.0,457.11328125,182.42555236816406,0.12729784846305847
1776175714413,1.0,0.0,458.0248718261719,182.5293426513672,0.12755410373210907
1776175714433,1.0,0.0,459.6976013183594,182.6611328125,0.1280234158039093
1776175714453,1.0,0.0,460.6109313964844,182.79428100585938,0.12823797762393951
1776175714473,1.0,0.0,461.3724365234375,182.90675354003906,0.12849417328834534
1776175714493,1.0,0.0,462.2866516113281,183.02520751953125,0.12875021994113922
1776175714513,1.0,0.0,463.2012634277344,183.13818359375,0.12896429002285004
1776175714533,1.0,0.0,464.8791809082031,183.23292541503906,0.1294352263212204
1776175714553,1.0,0.0,465.64239501953125,183.358154296875,0.12969143688678741
1776175714573,1.0,0.0,466.5588073730469,183.49111938476562,0.12990640103816986
1776175714593,1.0,0.0,467.3229675292969,183.6070098876953,0.13016308844089508
1776175714613,1.0,0.0,468.24053955078125,183.73968505859375,0.13037753105163574
1776175714633,1.0,0.0,469.9241943359375,183.84649658203125,0.13084954023361206
1776175714653,1.0,0.0,470.6900329589844,183.97364807128906,0.13110701739788055
1776175714673,1.0,0.0,471.60955810546875,184.0999755859375,0.13136430084705353
1776175714693,1.0,0.0,472.52960205078125,184.22171020507812,0.13157932460308075
1776175714713,1.0,0.0,473.2967224121094,184.33091735839844,0.1318366676568985
1776175714733,1.0,0.0,474.9856872558594,184.4584197998047,0.1323097199201584
1776175714753,1.0,0.0,475.9077453613281,184.587890625,0.13252489268779755
1776175714774,1.0,0.0,476.6765441894531,184.69505310058594,0.132782980799675
1776175714793,1.0,0.0,477.59967041015625,184.8258514404297,0.13304173946380615
1776175714813,1.0,0.0,478.52337646484375,184.9521484375,0.13325662910938263
1776175714835,1.0,0.0,480.2183532714844,185.08229064941406,0.13373059034347534
1776175714853,1.0,0.0,480.9894104003906,185.18670654296875,0.13398900628089905
1776175714873,1.0,0.0,481.91522216796875,185.3145751953125,0.1342049539089203
1776175714893,0.8867000341415405,0.0,482.6871337890625,185.41567993164062,0.13446421921253204
1776175714913,0.5586000084877014,0.0,483.61383056640625,185.52793884277344,0.13467969000339508
1776175714933,0.08330002427101135,0.0,485.3139953613281,185.56898498535156,0.13519829511642456
1776175714953,0.0,0.0,486.2417297363281,185.5347900390625,0.1354144960641861
1776175714973,0.0,0.0,487.01470947265625,185.4501190185547,0.1356736272573471
1776175714993,0.0,0.0,487.94207763671875,185.35182189941406,0.13588947057724
1776175715013,0.0,0.0,488.71453857421875,185.2656707763672,0.13614876568317413
1776175715033,0.0,0.0,490.4129638671875,185.17152404785156,0.13662457466125488
1776175715053,0.0,0.0,491.33856201171875,185.0771484375,0.13683871924877167
1776175715074,0.0,0.0,492.1094970703125,184.99647521972656,0.13709662854671478
1776175715093,0.0,1.0661104170139879e-05,493.03424072265625,184.9005584716797,0.1373555064201355
1776175715113,0.0,0.14793184399604797,493.95855712890625,184.79925537109375,0.1375698745250702
1776175715133,0.0,1.0,495.65216064453125,184.59005737304688,0.13804303109645844
1776175715153,0.0,1.0,496.42108154296875,183.98526000976562,0.1383010745048523
1776175715174,0.0,1.0,497.3414611816406,183.30014038085938,0.13851456344127655
1776175715193,0.0,1.0,498.1061096191406,182.7021942138672,0.1387709677219391
1776175715213,0.0,1.0,499.0207824707031,181.98777770996094,0.13898344337940216
1776175715234,0.0,1.0,500.6893005371094,181.25877380371094,0.1394924819469452
1776175715253,0.0,1.0,501.59490966796875,180.5918731689453,0.13970300555229187
1776175715273,0.0,1.0,502.34710693359375,179.75332641601562,0.1399569809436798
1776175715293,0.0,1.0,503.2466125488281,178.91030883789062,0.1401652842760086
1776175715313,0.0,1.0,503.9935607910156,178.16250610351562,0.14041559398174286
1776175715333,0.0,1.0,505.6282043457031,177.31253051757812,0.1408718377351761
1776175715353,0.0,1.0,506.5146789550781,176.48780822753906,0.14107845723628998
1776175715373,0.0,1.0,507.25067138671875,175.78945922851562,0.14132525026798248
1776175715393,0.0,1.0,508.13079833984375,174.99423217773438,0.14157314598560333
1776175715413,0.0,1.0,509.0075988769531,174.27276611328125,0.14177696406841278
1776175715433,0.0,1.0,510.60723876953125,173.61785888671875,0.14222267270088196
1776175715453,0.0,1.0,511.3310241699219,172.8495330810547,0.1424657702445984
1776175715473,0.0,1.0,512.196533203125,172.12387084960938,0.1426669806241989
1776175715493,0.0,1.0,512.9155883789062,171.43907165527344,0.14290860295295715
1776175715513,0.0,1.0,513.7756958007812,170.64862060546875,0.14310762286186218
1776175715533,0.0,1.0,515.343994140625,169.83702087402344,0.14354556798934937
1776175715553,0.0,1.0,516.052978515625,169.13832092285156,0.1437835693359375
1776175715574,0.0,1.0,516.9004516601562,168.372802734375,0.14398019015789032
1776175715593,0.0,1.0,517.6040649414062,167.5894775390625,0.14421625435352325
1776175715613,0.0,1.0,518.4452514648438,166.88558959960938,0.14445288479328156
1776175715633,0.0,1.0,519.978271484375,166.0524444580078,0.14487965404987335
1776175715653,0.0,1.0,520.8092651367188,165.2000274658203,0.1450720876455307
1776175715673,0.0,1.0,521.4990234375,164.47738647460938,0.1453033834695816
1776175715693,0.0,1.0,522.3233642578125,163.59730529785156,0.14553393423557281
1776175715713,0.0,1.0,523.0075073242188,162.7415008544922,0.1457250863313675
1776175715733,0.0,1.0,524.638671875,162.0475616455078,0.1461416333913803
1776175715753,0.0,1.0,525.3140869140625,161.23451232910156,0.1463688313961029
1776175715775,0.0,1.0,526.1214599609375,160.4048614501953,0.14655619859695435
1776175715793,0.0,1.0,526.7915649414062,159.70021057128906,0.14678111672401428
1776175715813,0.0,1.0,527.5924682617188,158.89830017089844,0.1469677984714508
1776175715833,0.0,1.0,529.052001953125,158.0549774169922,0.1473761796951294
1776175715853,0.0,1.0,529.7115478515625,157.3590850830078,0.14759592711925507
1776175715873,0.0,1.0,530.499755859375,156.57054138183594,0.1478155553340912
1776175715893,0.0,1.0,531.2846069335938,155.7350311279297,0.1479984074831009
1776175715913,0.0,1.0,531.93603515625,155.05221557617188,0.14821694791316986
1776175715933,0.0,1.0,533.3605346679688,154.2867431640625,0.148614764213562
1776175715953,0.0,1.0,534.1328735351562,153.5089874267578,0.1487939953804016
1776175715973,0.0,1.0,534.7739868164062,152.8488311767578,0.1490086317062378
1776175715993,0.0,1.0,535.5401611328125,152.13754272460938,0.14922206103801727
1776175716013,0.0,1.0,536.3030395507812,151.41275024414062,0.14939984679222107
1776175716033,0.0,1.0,537.693603515625,150.7978973388672,0.14978912472724915
1776175716053,0.0,1.0,538.3222045898438,150.0739288330078,0.1500004529953003
1776175716074,0.0,1.0,539.07373046875,149.29881286621094,0.1501745879650116
1776175716093,0.0,1.0,539.6976318359375,148.60385131835938,0.15038296580314636
1776175716113,0.0,1.0,540.443115234375,147.7422637939453,0.1505565643310547
1776175716133,0.0,1.0,541.8006591796875,146.86265563964844,0.15093547105789185
1776175716153,0.0,1.0,542.41357421875,146.09652709960938,0.15114077925682068
1776175716173,0.0,1.0,543.1455688476562,145.23312377929688,0.1513446569442749
1776175716193,0.0,1.0,543.873779296875,144.38653564453125,0.1515139490365982
1776175716213,0.0,1.0,544.4777221679688,143.67694091796875,0.15171585977077484
1776175716234,0.0,1.0,545.79736328125,142.88023376464844,0.1520843803882599
1776175716253,0.0,1.0,546.5122680664062,142.07192993164062,0.15225045382976532
1776175716274,0.0,1.0,547.1053466796875,141.37950134277344,0.15244939923286438
1776175716293,0.0,1.0,547.8140258789062,140.55267333984375,0.15264664590358734
1776175716313,0.0,1.0,548.5194091796875,139.67608642578125,0.1528112143278122
1776175716333,0.0,1.0,549.8033447265625,138.9510040283203,0.15316922962665558
1776175716353,0.0,1.0,550.3829345703125,138.08248901367188,0.15336330235004425
1776175716375,0.0,1.0,551.0750122070312,137.22186279296875,0.15352386236190796
1776175716393,0.0,1.0,551.64892578125,136.5236053466797,0.1537162810564041
1776175716413,0.0,1.0,552.334228515625,135.67239379882812,0.1538759469985962
1776175716434,0.0,1.0,553.5813598632812,134.80026245117188,0.15425598621368408
1776175716453,0.0,1.0,554.25634765625,134.05307006835938,0.15441203117370605
1776175716473,0.0,1.0,554.8159790039062,133.19973754882812,0.1545991152524948
1776175716493,0.0,1.0,555.4842529296875,132.33433532714844,0.15475453436374664
1776175716513,0.0,1.0,556.038330078125,131.56686401367188,0.15494000911712646
1776175716533,0.0,1.0,557.2481079101562,130.69859313964844,0.15527689456939697
1776175716553,0.0,1.0,557.9025268554688,129.8621826171875,0.15542913973331451
1776175716575,0.0,1.0,558.4450073242188,129.15997314453125,0.15561030805110931
1776175716593,0.0,1.0,559.0927734375,128.37794494628906,0.15579089522361755
1776175716613,0.0,1.0,559.737060546875,127.57901763916016,0.15594099462032318
1776175716633,0.0,1.0,560.9093627929688,126.92920684814453,0.15626856684684753
1776175716653,0.0,1.0,561.4385375976562,126.18341064453125,0.1564456969499588
1776175716673,0.0,1.0,562.0706176757812,125.41604614257812,0.15659275650978088
1776175716693,0.0,1.0,562.594970703125,124.77816772460938,0.15676862001419067
1776175716713,0.0,1.0,563.22119140625,123.99028015136719,0.15691490471363068
1776175716733,0.0,1.0,564.3606567382812,123.20722961425781,0.15723341703414917
1776175716753,0.0,1.0,564.8749389648438,122.50779724121094,0.1574053168296814
1776175716773,0.0,1.0,565.4888916015625,121.69982147216797,0.15757636725902557
1776175716793,0.0,1.0,566.0993041992188,120.9167709350586,0.15771786868572235
1776175716813,0.0,1.0,566.60546875,120.23909759521484,0.15788723528385162
1776175716833,0.0,1.0,567.7105712890625,119.403076171875,0.15819594264030457
1776175716853,0.0,1.0,568.3082885742188,118.58148956298828,0.1583351045846939
1776175716874,0.0,1.0,568.8036499023438,117.90021514892578,0.15850138664245605
1776175716893,0.0,1.0,569.3948974609375,117.10741424560547,0.15866588056087494
1776175716913,0.0,1.0,569.9827270507812,116.31427001953125,0.15880316495895386
1776175716933,0.0,1.0,571.0515747070312,115.61328887939453,0.15910157561302185
1776175716953,0.0,1.0,571.5335693359375,114.82797241210938,0.15926356613636017
1776175716973,0.0,1.0,572.10888671875,113.99423217773438,0.15939776599407196
1776175716993,0.0,1.0,572.585693359375,113.30203247070312,0.15955662727355957
1776175717013,0.0,0.9567133188247681,573.1547241210938,112.4794921875,0.15968941152095795
1776175717033,0.0,0.6577082872390747,574.1890869140625,111.60406494140625,0.1599782556295395
1776175717053,0.0,0.410310834646225,574.6552734375,110.95952606201172,0.16013513505458832
1776175717073,0.0,0.3457002341747284,575.2114868164062,110.54257202148438,0.16028979420661926
1776175717093,0.0,0.3457002341747284,575.7654418945312,110.21292114257812,0.16041934490203857
1776175717113,0.0,0.3457002341747284,576.2260131835938,109.93001556396484,0.16057315468788147
1776175717134,0.0,0.3457002341747284,577.236083984375,109.60428619384766,0.16085579991340637
1776175717153,0.0,0.2948283851146698,577.7850952148438,109.29014587402344,0.16098304092884064
1776175717173,0.0,0.22415263950824738,578.2415161132812,109.06224822998047,0.16113688051700592
1776175717193,0.0,0.16293016076087952,578.7880249023438,108.71514892578125,0.16128984093666077
1776175717213,0.0,0.13401572406291962,579.3334350585938,108.28556060791016,0.16141676902770996
1776175717233,0.0,0.12738874554634094,580.3285522460938,107.91493225097656,0.16169504821300507
1776175717253,0.0,0.13401572406291962,580.77880859375,107.47968292236328,0.16184577345848083
1776175717274,0.0,0.14084765315055847,581.3173217773438,107.02395629882812,0.16197045147418976
1776175717293,0.0,0.14793184399604797,581.7645263671875,106.61253356933594,0.1621207892894745
1776175717313,0.0,0.1552741378545761,582.2992553710938,106.13016510009766,0.16224578022956848
1776175717333,0.0,0.1748504638671875,583.2737426757812,105.73998260498047,0.16251784563064575
1776175717353,0.0,0.19178064167499542,583.7144775390625,105.47603607177734,0.16266629099845886
1776175717373,0.0,0.20982453227043152,584.2420654296875,105.20044708251953,0.16281312704086304
1776175717393,0.0,0.22914811968803406,584.7685546875,104.92500305175781,0.16293662786483765
1776175717413,0.0,0.22914811968803406,585.2064819335938,104.68744659423828,0.16308341920375824
1776175717434,0.0,0.2341601401567459,586.1673583984375,104.41393280029297,0.1633535623550415
1776175717453,0.0,0.26043614745140076,586.68994140625,104.13520050048828,0.1634751707315445
1776175717474,0.0,0.26043614745140076,587.12451171875,103.88729095458984,0.1636214405298233
1776175717493,0.0,0.2772776782512665,587.6449584960938,103.59922790527344,0.16376718878746033
1776175717513,0.0,0.2948283851146698,588.1641235351562,103.29679107666016,0.1638878583908081
1776175717533,0.0,0.31956228613853455,589.1124877929688,103.02925109863281,0.16415250301361084
1776175717553,0.0,0.38789868354797363,589.5420532226562,102.69404602050781,0.16429734230041504
1776175717573,0.0,0.4663964509963989,590.05615234375,102.30049896240234,0.16441777348518372
1776175717593,0.0,0.527914822101593,590.4833374023438,101.91240692138672,0.1645606905221939
1776175717613,0.0,0.5559706687927246,590.9942016601562,101.4055404663086,0.16467884182929993
1776175717633,0.0,0.5559706687927246,591.9251098632812,100.87091827392578,0.16496318578720093
1776175717653,0.0,0.5852325558662415,592.4295043945312,100.41324615478516,0.16508163511753082
1776175717673,0.0,0.6468548774719238,592.8480224609375,99.85725402832031,0.16522206366062164
1776175717693,0.0,0.7483496069908142,593.3480224609375,99.24555206298828,0.1653388887643814
1776175717713,0.0,0.8093602657318115,593.7628173828125,98.66204071044922,0.16547894477844238
1776175717733,0.0,0.8478404879570007,594.6685180664062,97.94062805175781,0.1657305359840393
1776175717753,0.0,0.8874748349189758,595.158203125,97.15760040283203,0.16584450006484985
1776175717773,0.0,0.9567133188247681,595.5637817382812,96.52719116210938,0.16598160564899445
1776175717793,0.0,1.0,596.0474243164062,95.7244644165039,0.16611744463443756
1776175717813,0.0,1.0,596.5280151367188,94.91363525390625,0.16622895002365112
1776175717833,0.0,1.0,597.400390625,94.1654052734375,0.166472926735878
1776175717853,0.0,1.0,597.7930297851562,93.2558364868164,0.16660469770431519
1776175717873,0.0,1.0,598.2608032226562,92.37959289550781,0.16671372950077057
1776175717893,0.0,1.0,598.6478271484375,91.60733795166016,0.16684381663799286
1776175717913,0.0,1.0,599.1088256835938,90.73715209960938,0.16694995760917664
1776175717933,0.0,1.0,599.9443969726562,89.84209442138672,0.16720473766326904
1776175717953,0.0,1.0,600.3948974609375,89.11492919921875,0.1673094928264618
1776175717973,0.0,1.0,600.7674560546875,88.26429748535156,0.16741423308849335
1776175717993,0.0,1.0,601.1375122070312,87.45673370361328,0.16753709316253662
1776175718013,0.0,1.0,601.5783081054688,86.76054382324219,0.16765975952148438
1776175718033,0.0,1.0,602.3773803710938,85.95561218261719,0.16788432002067566
1776175718053,0.0,1.0,602.8082275390625,85.20023345947266,0.16798415780067444
1776175718074,0.0,0.9284524321556091,603.1646728515625,84.6105728149414,0.16810311377048492
1776175718093,0.0,0.8874748349189758,603.5895385742188,83.9345474243164,0.16822291910648346
1776175718113,0.0,0.8093602657318115,604.0114135742188,83.25527954101562,0.16832199692726135
1776175718133,0.0,0.7845343947410583,604.77734375,82.61141204833984,0.1685372143983841
1776175718153,0.0,0.7247689962387085,605.1219482421875,81.8804702758789,0.16865284740924835
1776175718174,0.0,0.7132585644721985,605.5325317382812,81.17139434814453,0.16874819993972778
1776175718193,0.0,0.7132585644721985,605.872314453125,80.54087829589844,0.16886284947395325
1776175718213,0.0,0.6906412839889526,606.2771606445312,79.82564544677734,0.16895650327205658
1776175718233,0.0,0.6795321106910706,607.01123046875,79.1297607421875,0.1691819727420807
1776175718253,0.0,0.6577082872390747,607.4073486328125,78.55360412597656,0.16927410662174225
1776175718274,0.0,0.6154777407646179,607.7351684570312,77.91707611083984,0.16938534379005432
1776175718293,0.0,0.5852325558662415,608.1260986328125,77.30936431884766,0.16947664320468903
1776175718313,0.0,0.5559706687927246,608.4498291015625,76.81463623046875,0.169586181640625
1776175718333,0.0,0.4833733141422272,609.156005859375,76.28268432617188,0.16978409886360168
1776175718353,0.0,0.41798844933509827,609.5379638671875,75.81307983398438,0.16987352073192596
1776175718374,0.0,0.36630862951278687,609.8547973632812,75.44821166992188,0.16997990012168884
1776175718393,0.0,0.31956228613853455,610.2333374023438,75.06986999511719,0.17008627951145172
1776175718413,0.0,0.2659403383731842,610.6102294921875,74.744140625,0.17017440497875214
1776175718433,0.0,0.2341601401567459,611.297607421875,74.50775909423828,0.1703682690858841
1776175718453,0.0,0.20520155131816864,611.6087646484375,74.26496124267578,0.17047351598739624
1776175718473,0.0,0.17896243929862976,611.981201171875,74.04731750488281,0.17056021094322205
1776175718493,0.0,0.16683508455753326,612.2908935546875,73.87642669677734,0.17066597938537598
1776175718513,0.0,0.1552741378545761,612.6616821289062,73.69129180908203,0.17075307667255402
1776175718533,0.0,0.14793184399604797,613.33935546875,73.5179672241211,0.1709614396095276
1776175718553,0.0,0.14084765315055847,613.7078857421875,73.37360382080078,0.17104795575141907
1776175718573,0.0,0.1306924819946289,614.014404296875,73.21250915527344,0.17115049064159393
1776175718593,0.0,0.12104549258947372,614.3814697265625,73.06063079833984,0.17123742401599884
1776175718613,0.0,0.1241873949766159,614.6868286132812,72.93730163574219,0.17134137451648712
1776175718633,0.0,0.14084765315055847,615.3568725585938,72.78986358642578,0.17153124511241913
1776175718653,0.0,0.1552741378545761,615.7213745117188,72.62822723388672,0.17161743342876434
1776175718675,0.0,0.17896243929862976,616.0245361328125,72.4526596069336,0.17172080278396606
1776175718693,0.0,0.20520155131816864,616.3876342773438,72.2855453491211,0.171823650598526
1776175718713,0.0,0.22415263950824738,616.7498168945312,72.070068359375,0.17190873622894287
1776175718733,0.0,0.24967923760414124,617.4111938476562,71.86923217773438,0.17209666967391968
1776175718753,0.0,0.3131811320781708,617.7106323242188,71.60979461669922,0.17219924926757812
1776175718773,0.0,0.3593418002128601,618.0687866210938,71.30289459228516,0.17228402197360992
1776175718793,0.0,0.41798844933509827,618.3662719726562,71.00274658203125,0.17238591611385345
1776175718813,0.0,0.4920295774936676,618.7218017578125,70.59878540039062,0.17247028648853302
1776175718833,0.0,0.5753976702690125,619.3692626953125,70.13165283203125,0.1726575791835785
1776175718853,0.0,0.6154777407646179,619.661376953125,69.67574310302734,0.17275778949260712
1776175718874,0.0,0.7132585644721985,620.0098876953125,69.10724639892578,0.1728575974702835
1776175718893,0.0,0.7968763709068298,620.35595703125,68.4795913696289,0.17294089496135712
1776175718913,0.0,0.8347579836845398,620.6424560546875,67.9382095336914,0.17304055392742157
1776175718933,0.0,0.8874748349189758,621.26611328125,67.24948120117188,0.17321951687335968
1776175718953,0.0,0.9284524321556091,621.602294921875,66.57345581054688,0.1732991486787796
1776175718973,0.0,0.9567133188247681,621.8803100585938,65.97879791259766,0.1733955293893814
1776175718993,0.0,1.0,622.211181640625,65.28777313232422,0.17349040508270264
1776175719013,0.0,1.0,622.5393676757812,64.57795715332031,0.17356958985328674
1776175719033,0.0,1.0,623.1333618164062,63.91904067993164,0.17374162375926971
1776175719053,0.0,1.0,623.39990234375,63.16754150390625,0.17383325099945068
1776175719073,0.0,1.0,623.7169189453125,62.44779968261719,0.17390888929367065
1776175719093,0.0,1.0,623.9786987304688,61.789085388183594,0.17399965226650238
1776175719113,0.0,1.0,624.2900390625,61.04035949707031,0.17407436668872833
1776175719133,0.0,1.0,624.8527221679688,60.325035095214844,0.17423518002033234
1776175719153,0.0,1.0,625.1051025390625,59.70750427246094,0.17432305216789246
1776175719173,0.0,1.0,625.4050903320312,58.98147964477539,0.17440922558307648
1776175719193,0.0,1.0,625.7019653320312,58.33290481567383,0.17447993159294128
1776175719213,0.0,1.0,625.947021484375,57.78657531738281,0.1745644360780716
1776175719233,0.0,1.0,626.479736328125,57.182411193847656,0.17471833527088165
1776175719253,0.0,1.0,626.7664184570312,56.488555908203125,0.17478685081005096
1776175719274,0.0,1.0,627.003173828125,55.978336334228516,0.17486822605133057
1776175719293,0.0,1.0,627.284912109375,55.36325454711914,0.17494919896125793
1776175719313,0.0,1.0,627.5636596679688,54.69451141357422,0.17501646280288696
1776175719333,0.0,1.0,628.06787109375,54.18989562988281,0.1751636564731598
1776175719353,0.0,1.0,628.2940673828125,53.63083267211914,0.17524150013923645
1776175719374,0.0,1.0,628.5631713867188,52.95934295654297,0.1753069907426834
1776175719393,0.0,1.0,628.7853393554688,52.465171813964844,0.17538441717624664
1776175719413,0.0,1.0,629.049560546875,51.89441680908203,0.1754482537508011
1776175719434,0.0,1.0,629.527099609375,51.21318435668945,0.1755964607000351
1776175719453,0.0,1.0,629.78369140625,50.71944808959961,0.17565783858299255
1776175719473,0.0,1.0,629.99560546875,50.13349533081055,0.17573142051696777
1776175719493,0.0,0.7845343947410583,630.247314453125,49.46709060668945,0.17579111456871033
1776175719513,0.0,0.5559706687927246,630.455078125,49.04124069213867,0.17586301267147064
1776175719533,0.0,0.28304019570350647,630.9061889648438,48.57176208496094,0.17599330842494965
1776175719553,0.0,0.1552741378545761,631.1492919921875,48.20985412597656,0.17605210840702057
1776175719573,0.0,0.0952945277094841,631.3507690429688,47.99618148803711,0.17612051963806152
1776175719593,0.0,0.047383863478899,631.5914306640625,47.83121871948242,0.17619141936302185
1776175719613,0.0,0.01337516587227583,631.8313598632812,47.71900939941406,0.17624938488006592
1776175719633,0.0,0.00228431960567832,632.2701416015625,47.64832305908203,0.17637576162815094
1776175719653,0.0,1.4017473404237535e-06,632.4692993164062,47.57986831665039,0.17644436657428741
1776175719674,0.0,0.0,632.7081298828125,47.5179443359375,0.17650023102760315
1776175719693,0.0,0.0,632.906982421875,47.47220230102539,0.17656974494457245
1776175719713,0.0,0.0,633.1453857421875,47.421348571777344,0.17662809789180756
1776175719733,0.0,0.0,633.581787109375,47.377071380615234,0.1767534762620926
1776175719753,0.0,0.0,633.7798461914062,47.324886322021484,0.17682217061519623
1776175719773,0.0,0.0,634.0172119140625,47.27492141723633,0.176890566945076
1776175719793,0.0,0.0,634.2542724609375,47.226131439208984,0.1769474893808365
1776175719813,0.0,0.0,634.4515380859375,47.18190002441406,0.17701666057109833
1776175719834,0.0,0.0,634.8846435546875,47.129493713378906,0.1771402209997177
1776175719853,0.0,0.0,635.120361328125,47.07431411743164,0.1771971583366394
1776175719873,0.0,0.0,635.3165283203125,47.024234771728516,0.17726589739322662
1776175719893,0.0,0.0,635.5515747070312,46.96406173706055,0.17733415961265564
1776175719913,0.03175002336502075,0.0,635.7862548828125,46.902164459228516,0.17739106714725494
1776175719933,0.10315001010894775,0.0,636.2156372070312,46.85283279418945,0.17751577496528625
1776175719953,0.15870001912117004,0.0,636.4104614257812,46.81394958496094,0.17758439481258392
1776175719973,0.20634999871253967,0.0,636.64404296875,46.789127349853516,0.17763963341712952
1776175719993,0.25394999980926514,0.0,636.8385620117188,46.77155303955078,0.17770861089229584
1776175720013,0.29360002279281616,0.0,637.0718994140625,46.7583122253418,0.1777646392583847
1776175720033,0.33329999446868896,0.0,637.4996337890625,46.75367736816406,0.1778891533613205
1776175720053,0.3650500178337097,0.0,637.6940307617188,46.76738739013672,0.177957221865654
1776175720074,0.3928000032901764,0.0,637.9273681640625,46.80482482910156,0.1780252903699875
1776175720093,0.4205999970436096,0.0,638.160888671875,46.86162567138672,0.17808380722999573
1776175720113,0.4404500126838684,0.0,638.3556518554688,46.92089080810547,0.17815124988555908
1776175720133,0.452349990606308,0.0,638.7849731445312,47.009521484375,0.17827682197093964
1776175720153,0.4562999904155731,0.0,639.0197143554688,47.1152229309082,0.17833445966243744
1776175720173,0.44440001249313354,0.0,639.2156982421875,47.2156867980957,0.17840279638767242
1776175720193,0.4404500126838684,0.0,639.4513549804688,47.33784103393555,0.1784723848104477
1776175720213,0.42855000495910645,0.0,639.6875610351562,47.459529876708984,0.17852960526943207
1776175720233,0.4205999970436096,0.0,640.1220092773438,47.56599807739258,0.17865586280822754
1776175720253,0.4126499891281128,0.0,640.320068359375,47.689414978027344,0.1787254363298416
1776175720273,0.40470001101493835,0.0,640.5582275390625,47.81291961669922,0.1787845343351364
1776175720293,0.3968000113964081,0.0,640.757080078125,47.919639587402344,0.17885369062423706
1776175720313,0.3928000032901764,0.0,640.9962158203125,48.046058654785156,0.17891110479831696
1776175720333,0.38089999556541443,0.0,641.4359130859375,48.16868591308594,0.17904047667980194
1776175720353,0.3769499957561493,0.0,641.6363525390625,48.26778030395508,0.1791115254163742
1776175720373,0.3650500178337097,0.0,641.8773193359375,48.38199234008789,0.17918173968791962
1776175720393,0.3372499942779541,0.0,642.1187744140625,48.49879455566406,0.17924156785011292
1776175720413,0.3015500009059906,0.0,642.3203735351562,48.59183883666992,0.17931261658668518
1776175720434,0.24204999208450317,0.0,642.7650756835938,48.67430114746094,0.17944195866584778
1776175720453,0.16664999723434448,0.0,643.0081787109375,48.72464370727539,0.1795017570257187
1776175720473,0.11110001802444458,0.0,643.2109375,48.75892639160156,0.17957310378551483
1776175720493,0.03175002336502075,0.0,643.4544067382812,48.79052734375,0.1796436309814453
1776175720513,0.0,0.0,643.697998046875,48.78646469116211,0.17970508337020874
1776175720534,0.0,0.0,644.1447143554688,48.75282287597656,0.17983558773994446
1776175720553,0.0,0.0,644.3475952148438,48.71204376220703,0.1799069046974182
1776175720574,0.0,0.0,644.5908203125,48.674415588378906,0.1799660474061966
1776175720593,0.0,0.0,644.7933349609375,48.63899612426758,0.18003694713115692
1776175720615,0.0,0.0,645.0361938476562,48.59090805053711,0.1800960898399353
1776175720633,0.0,0.0,645.4808349609375,48.540157318115234,0.18023787438869476
1776175720653,0.0,0.0,645.7230834960938,48.493324279785156,0.18029627203941345
1776175720674,0.0,0.0,645.9248046875,48.437660217285156,0.1803678721189499
1776175720693,0.0,0.0,646.1666259765625,48.382057189941406,0.18042738735675812
1776175720716,0.0,0.0,646.3679809570312,48.328006744384766,0.1804998219013214
1776175720737,0.0,0.0,646.8104248046875,48.27513122558594,0.1806284338235855
1776175720753,0.0,0.0,647.0513916015625,48.230003356933594,0.18068748712539673
1776175720774,0.0,0.0,647.2520141601562,48.18155288696289,0.18075814843177795
1776175720793,0.0,0.0,647.4925537109375,48.122230529785156,0.18081723153591156
1776175720816,0.0,0.0,647.6927490234375,48.0595817565918,0.18088705837726593
1776175720838,0.0,0.0,648.1724243164062,47.99733352661133,0.1810159683227539
1776175720855,0.0,0.0,648.3719482421875,47.94325256347656,0.18108950555324554
1776175720874,0.0,0.0,648.611083984375,47.878761291503906,0.18114644289016724
1776175720893,0.0,0.0,648.8101196289062,47.822509765625,0.1812158077955246
1776175720913,0.0,0.0,649.0486450195312,47.758323669433594,0.18127591907978058
1776175720934,0.0,0.0,649.4850463867188,47.69347381591797,0.1814037263393402
1776175720954,0.0,0.0,649.6830444335938,47.63800811767578,0.18147225677967072
1776175720975,0.0,0.0,649.92041015625,47.55168914794922,0.18153195083141327
1776175720996,0.0,0.0,650.1179809570312,47.48134231567383,0.18160007894039154
1776175721017,0.03970000147819519,0.0,650.5910034179688,47.37156295776367,0.18172752857208252
1776175721038,0.11110001802444458,0.0,650.78759765625,47.34569549560547,0.18179690837860107
1776175721055,0.18650001287460327,0.0,651.0233764648438,47.31520462036133,0.18185624480247498
1776175721074,0.2738000154495239,0.0,651.2197265625,47.2593994140625,0.1819264441728592
1776175721094,0.3571000099182129,0.0,651.455078125,47.27355194091797,0.1819951832294464
1776175721114,0.40869998931884766,0.0,651.6903076171875,47.30476379394531,0.18205374479293823
1776175721134,0.452349990606308,0.0,652.1217041015625,47.357051849365234,0.18218080699443817
1776175721158,0.48010000586509705,0.0,652.3177490234375,47.46934127807617,0.18225057423114777
1776175721174,0.48805001378059387,0.0,652.55322265625,47.582576751708984,0.18231037259101868
1776175721198,0.48805001378059387,0.0,652.7498168945312,47.75137710571289,0.18237890303134918
1776175721213,0.48010000586509705,0.0,652.9861450195312,47.89679718017578,0.18243840336799622
1776175721237,0.4761500060558319,0.0,653.420654296875,47.95981216430664,0.1825808733701706
1776175721259,0.4761500060558319,0.0,653.6580810546875,48.08504867553711,0.18263950943946838
1776175721276,0.4761500060558319,0.0,653.8561401367188,48.275474548339844,0.18271136283874512
1776175721295,0.48410001397132874,0.0,654.0945434570312,48.34166717529297,0.1827712506055832
1776175721316,0.492000013589859,0.0,654.2938842773438,48.38466262817383,0.1828441172838211
1776175721335,0.49994999170303345,0.0,654.7330932617188,48.45396423339844,0.18297654390335083
1776175721357,0.5077999830245972,0.0,654.9733276367188,48.521358489990234,0.18304717540740967
1776175721374,0.5156000256538391,0.0,655.2141723632812,48.58582305908203,0.18310855329036713
1776175721394,0.53125,0.0,655.4153442382812,48.64265441894531,0.1831829696893692
1776175721414,0.5663999915122986,0.0,655.6574096679688,48.70610427856445,0.18324223160743713
1776175721434,0.5898500084877014,0.0,656.102783203125,48.77317428588867,0.18337471783161163
1776175721458,0.6132999658584595,0.0,656.305908203125,48.84467697143555,0.18344953656196594
1776175721473,0.625,0.0,656.5501708984375,48.985137939453125,0.18351013958454132
1776175721495,0.6405999660491943,0.0,656.7543334960938,49.167598724365234,0.1835828572511673
1776175721515,0.6484500169754028,0.0,657.0003051757812,49.20411682128906,0.18365725874900818
1776175721534,0.6523500084877014,0.0,657.4533081054688,49.08427810668945,0.18379080295562744
1776175721555,0.6523500084877014,0.0,657.700439453125,49.06767272949219,0.18385298550128937
1776175721575,0.6523500084877014,0.0,657.906982421875,49.15534210205078,0.18392518162727356
1776175721597,0.6484500169754028,0.0,658.156005859375,49.074398040771484,0.1839861124753952
1776175721615,0.6445499658584595,0.0,658.3638916015625,48.98905944824219,0.1840612292289734
1776175721638,0.6445499658584595,0.0,658.8203735351562,49.01667404174805,0.18419691920280457
1776175721658,0.6445499658584595,0.0,659.0693969726562,49.06982421875,0.18427209556102753
1776175721676,0.6445499658584595,0.0,659.3186645507812,49.098270416259766,0.18433181941509247
1776175721701,0.6445499658584595,0.0,659.5264892578125,49.780120849609375,0.18440574407577515
1776175721714,0.6445499658584595,0.0,659.776611328125,49.982669830322266,0.18446670472621918
1776175721736,0.6405999660491943,0.0,660.2390747070312,49.94586181640625,0.18460243940353394
1776175721753,0.6327999830245972,0.0,660.4484252929688,49.9652099609375,0.18467631936073303
1776175721775,0.625,0.0,660.6993408203125,50.001197814941406,0.18473929166793823
1776175721798,0.6211000084877014,0.0,660.9083251953125,50.04243469238281,0.18481527268886566
1776175721816,0.6132999658584595,0.0,661.1591796875,50.07170486450195,0.18487656116485596
1776175721837,0.6054499745368958,0.0,661.6196899414062,50.147979736328125,0.18502922356128693
1776175721860,0.59375,0.0,661.8714599609375,50.335689544677734,0.18509270250797272
1776175721873,0.5820499658584595,0.0,662.0817260742188,50.52375030517578,0.1851697713136673
1776175721894,0.5702999830245972,0.0,662.3350219726562,50.78055191040039,0.18523448705673218
1776175721915,0.5547000169754028,0.0,662.546875,50.99182891845703,0.18531157076358795
1776175721938,0.5468500256538391,0.0,663.0149536132812,51.07899475097656,0.18545223772525787
1776175721955,0.5468500256538391,0.0,663.2706298828125,51.07667541503906,0.18552902340888977
1776175721976,0.5468500256538391,0.0,663.5260620117188,51.04056167602539,0.18559543788433075
1776175721994,0.5547000169754028,0.0,663.7386474609375,51.004459381103516,0.1856713891029358
1776175722013,0.5586000084877014,0.0,663.993408203125,50.96158218383789,0.18573489785194397
1776175722038,0.5625,0.0,664.4595947265625,50.92802810668945,0.18587549030780792
1776175722056,0.5625,0.0,664.6712036132812,50.89846420288086,0.1859513372182846
1776175722075,0.5625,0.0,664.925048828125,50.86809158325195,0.18602634966373444
1776175722099,0.5547000169754028,0.0,665.1787109375,50.843414306640625,0.186090886592865
1776175722117,0.5508000254631042,0.0,665.3900756835938,50.82942199707031,0.1861671656370163
1776175722134,0.5468500256538391,0.0,665.6437377929688,50.830322265625,0.18623249232769012
1776175722159,0.5390499830245972,0.0,666.109130859375,50.8742790222168,0.1863715648651123
1776175722177,0.5390499830245972,0.0,666.3208618164062,50.93243408203125,0.18645061552524567
1776175722197,0.5468500256538391,0.0,666.5753173828125,50.996212005615234,0.1865135282278061
1776175722215,0.5586000084877014,0.0,666.7876586914062,51.07966613769531,0.18659010529518127
1776175722236,0.5859500169754028,0.0,667.2986450195312,51.1783332824707,0.18672941625118256
1776175722257,0.6445499658584595,0.0,667.5121459960938,51.30603790283203,0.1868070811033249
1776175722276,0.7148500084877014,0.0,667.7688598632812,51.441162109375,0.18687088787555695
1776175722296,0.7929500341415405,0.0,667.9832763671875,51.62387466430664,0.18694812059402466
1776175722315,0.8672000169754028,0.0,668.2412109375,51.80280685424805,0.18701067566871643
1776175722338,0.96875,0.0,668.7161254882812,52.08051681518555,0.1871558576822281
1776175722355,1.0,0.0,668.9329833984375,52.2784309387207,0.18723468482494354
1776175722375,1.0,0.0,669.1942138671875,52.58735275268555,0.1873122751712799
1776175722395,1.0,0.0,669.4566650390625,52.91541290283203,0.1873827576637268
1776175722415,1.0,0.0,669.6763305664062,53.246395111083984,0.18746158480644226
1776175722435,1.0,0.0,670.1629638671875,53.520198822021484,0.18760938942432404
1776175722458,1.0,0.0,670.4302368164062,53.834320068359375,0.18767856061458588
1776175722476,1.0,0.0,670.6539306640625,54.140045166015625,0.18775810301303864
1776175722496,1.0,0.0,670.9235229492188,54.39939880371094,0.18782643973827362
1776175722517,1.0,0.0,671.149169921875,54.70069122314453,0.18791012465953827
1776175722535,1.0,0.0,671.6943969726562,55.004695892333984,0.18806414306163788
1776175722555,1.0,0.0,671.9231567382812,55.25981521606445,0.18814724683761597
1776175722574,1.0,0.0,672.1987915039062,55.508113861083984,0.18822048604488373
1776175722598,1.0,0.0,672.4295043945312,55.79090881347656,0.18830440938472748
1776175722616,1.0,0.0,672.70751953125,56.075042724609375,0.18837133049964905
1776175722634,1.0,0.0,673.2205200195312,56.36355209350586,0.18853050470352173
1776175722656,1.0,0.0,673.4551391601562,56.65803909301758,0.18861596286296844
1776175722675,1.0,0.0,673.7379150390625,56.908409118652344,0.18868423998355865
1776175722693,1.0,0.0,673.9744873046875,57.151954650878906,0.18877263367176056
1776175722714,1.0,0.0,674.259521484375,57.42280960083008,0.18886034190654755
1776175722734,1.0,0.0,674.7852172851562,57.68219757080078,0.18902018666267395
1776175722759,1.0,0.0,675.073486328125,57.974082946777344,0.18909534811973572
1776175722775,1.0,0.0,675.3145141601562,58.155967712402344,0.1891808807849884
1776175722793,1.0,0.0,675.604736328125,58.372440338134766,0.18925635516643524
1776175722815,1.0,0.0,675.847412109375,58.6566162109375,0.18934428691864014
1776175722835,0.90625,0.0,676.4326171875,58.86289596557617,0.1895127296447754
1776175722855,0.6679499745368958,0.0,676.6776123046875,59.09386444091797,0.18959982693195343
1776175722874,0.3928000032901764,0.0,676.9724731445312,59.304100036621094,0.1896791011095047
1776175722895,0.09125000238418579,0.0,677.2189331054688,59.477474212646484,0.18977101147174835
1776175722921,0.0,0.0,677.7630615234375,59.593658447265625,0.18993395566940308
1776175722938,0.0,0.0,678.0606689453125,59.64925765991211,0.19001583755016327
1776175722955,0.0,0.0,678.3088989257812,59.663822174072266,0.19010703265666962
1776175722973,0.0,0.0,678.6068725585938,59.64855194091797,0.1902000606060028
1776175722993,0.0,0.0,678.9049682617188,59.60934829711914,0.19027580320835114
1776175723015,0.0,0.0,679.1533203125,59.52634048461914,0.1903713047504425
1776175723035,0.0,0.0,679.6995239257812,59.445167541503906,0.19054771959781647
1776175723057,0.0,0.0,679.9971313476562,59.316810607910156,0.19062833487987518
1776175723077,0.0,0.0,680.244873046875,59.209014892578125,0.19072557985782623
1776175723101,0.0,0.0,680.5416870117188,59.07142639160156,0.1908157467842102
1776175723117,0.0,0.0,680.8379516601562,58.92433166503906,0.19089429080486298
1776175723134,0.0,0.0,681.0843505859375,58.8137321472168,0.1909821331501007
1776175723155,0.0,0.0,681.624755859375,58.65229034423828,0.19115588068962097
1776175723175,0.0,0.0,681.91845703125,58.4790153503418,0.1912350058555603
1776175723194,0.0,0.0,682.1626586914062,58.326622009277344,0.19132879376411438
1776175723215,0.0,0.0,682.4550170898438,58.148197174072266,0.1914093792438507
1776175723234,0.0,0.0,682.9891357421875,57.968528747558594,0.19159553945064545
1776175723253,0.0,0.0,683.2310791015625,57.812156677246094,0.1916702538728714
1776175723274,0.0,0.0,683.5206909179688,57.629573822021484,0.1917508840560913
1776175723294,0.0,0.0,683.761474609375,57.44727325439453,0.19184435904026031
1776175723314,0.0,0.0,684.0496826171875,57.28654861450195,0.19194117188453674
1776175723336,0.0,0.0,684.3370971679688,57.09464645385742,0.19201862812042236
1776175723355,0.0,0.0,684.8618774414062,56.907493591308594,0.1921846568584442
1776175723373,0.0,0.0,685.0994262695312,56.763118743896484,0.19228249788284302
1776175723393,0.0,0.0,685.3837280273438,56.62961196899414,0.1923745572566986
1776175723414,0.05160000920295715,0.0,685.6672973632812,56.55215072631836,0.19245293736457825
1776175723433,0.11110001802444458,0.0,685.9031982421875,56.52101516723633,0.19255204498767853
1776175723453,0.16664999723434448,0.0,686.4215698242188,56.53095245361328,0.19272339344024658
1776175723477,0.25394999980926514,0.0,686.704345703125,56.550926208496094,0.19280460476875305
1776175723493,0.32534998655319214,0.0,686.9400634765625,56.56693649291992,0.1928991675376892
1776175723514,0.40869998931884766,0.0,687.2230224609375,56.5952033996582,0.1929778903722763
1776175723534,0.48805001378059387,0.0,687.7421264648438,56.65101623535156,0.1931503564119339
1776175723554,0.5156000256538391,0.0,687.978271484375,56.71849060058594,0.19324946403503418
1776175723573,0.5468500256538391,0.0,688.261962890625,56.81102752685547,0.19334648549556732
1776175723593,0.5625,0.0,688.5460815429688,56.9007682800293,0.19342845678329468
1776175723615,0.5702999830245972,0.0,688.7831420898438,57.03123474121094,0.19352664053440094
1776175723638,0.5741999745368958,0.0,689.068115234375,57.182708740234375,0.19360357522964478
1776175723654,0.5663999915122986,0.0,689.5921630859375,57.32262420654297,0.19378817081451416
1776175723674,0.5351499915122986,0.0,689.8311157226562,57.48555374145508,0.19388151168823242
1776175723693,0.5156000256538391,0.0,690.1185302734375,57.64268112182617,0.19398200511932373
1776175723715,0.5038999915122986,0.0,690.4066162109375,57.797367095947266,0.19406439363956451
1776175723735,0.4959999918937683,0.0,690.9365234375,57.930789947509766,0.1942427158355713
1776175723755,0.48010000586509705,0.0,691.1781005859375,58.0843505859375,0.19434216618537903
1776175723773,0.4721499979496002,0.0,691.4685668945312,58.20875930786133,0.19442187249660492
1776175723793,0.4761500060558319,0.0,691.7111206054688,58.347618103027344,0.1945181041955948
1776175723821,0.5,0.0,692.294677734375,58.52878952026367,0.19469982385635376
1776175723837,0.5234500169754028,0.0,692.5385131835938,58.63410186767578,0.19478018581867218
1776175723856,0.5898500084877014,0.0,692.7828369140625,58.790489196777344,0.19487519562244415
1776175723874,0.6366999745368958,0.0,693.07666015625,58.9166145324707,0.19497312605381012
1776175723893,0.71875,0.0,693.3712768554688,59.119998931884766,0.1950577199459076
1776175723915,0.8047000169754028,0.0,693.617431640625,59.39665603637695,0.195156067609787
1776175723934,0.8593499660491943,0.0,693.9136962890625,59.63383483886719,0.19525593519210815
1776175723954,0.90625,0.0,694.4598388671875,59.900508880615234,0.19542960822582245
1776175723973,0.9530999660491943,0.0,694.7595825195312,60.24565124511719,0.19551540911197662
1776175723994,0.9843499660491943,0.0,695.010498046875,60.62281799316406,0.19561415910720825
1776175724015,1.0,0.0,695.3131103515625,61.005741119384766,0.19570018351078033
1776175724033,1.0,0.0,695.5665283203125,61.33518600463867,0.19579565525054932
1776175724053,1.0,0.0,696.1281127929688,61.717708587646484,0.1959775686264038
1776175724073,0.9843499660491943,0.0,696.436767578125,62.053287506103516,0.1960781216621399
1776175724093,0.96875,0.0,696.7470703125,62.44676208496094,0.1961572766304016
1776175724115,0.9452999830245972,0.0,697.0068359375,62.83036804199219,0.19625766575336456
1776175724135,0.8984500169754028,0.0,697.582275390625,63.208065032958984,0.19644762575626373
1776175724153,0.8476499915122986,0.0,697.8982543945312,63.52184295654297,0.19653581082820892
1776175724175,0.7929500341415405,0.0,698.1626586914062,63.86147689819336,0.1966358870267868
1776175724193,0.7382999658584595,0.0,698.481201171875,64.11624145507812,0.1967393159866333
1776175724214,0.6679499745368958,0.0,698.8009643554688,64.36907958984375,0.1968204528093338
1776175724234,0.6132999658584595,0.0,699.0682373046875,64.58439636230469,0.19690756499767303
1776175724253,0.5663999915122986,0.0,699.6585083007812,64.74812316894531,0.1971091777086258
1776175724277,0.5077999830245972,0.0,699.981689453125,64.94059753417969,0.19719576835632324
1776175724297,0.4721499979496002,0.0,700.2515869140625,65.0844955444336,0.19730214774608612
1776175724317,0.46024999022483826,0.0,700.5761108398438,65.19583129882812,0.19738708436489105
1776175724335,0.4562999904155731,0.0,700.8469848632812,65.3013687133789,0.19749091565608978
1776175724354,0.4761500060558319,0.0,701.498779296875,65.4201889038086,0.19768103957176208
1776175724374,0.5077999830245972,0.0,701.77099609375,65.5477294921875,0.19778293371200562
1776175724397,0.5625,0.0,702.0982055664062,65.6881103515625,0.19786997139453888
1776175724415,0.6093499660491943,0.0,702.3712768554688,65.82201385498047,0.1979730725288391
1776175724437,0.6718499660491943,0.0,702.9736938476562,65.9966049194336,0.19815939664840698
1776175724455,0.7109500169754028,0.0,703.3033447265625,66.16497039794922,0.1982453465461731
1776175724479,0.7461000084877014,0.0,703.5787353515625,66.4237289428711,0.19834928214550018
1776175724495,0.7617000341415405,0.0,703.9100952148438,66.63790130615234,0.19845405220985413
1776175724514,0.7655999660491943,0.0,704.2426147460938,66.85697174072266,0.19853976368904114
1776175724535,0.7695499658584595,0.0,704.855224609375,67.11841583251953,0.1987348347902298
1776175724553,0.7773499488830566,0.0,705.1349487304688,67.34334564208984,0.19883836805820465
1776175724578,0.7851499915122986,0.0,705.4717407226562,67.65202331542969,0.19892513751983643
1776175724597,0.7968499660491943,0.0,705.7532958984375,67.93622589111328,0.19903042912483215
1776175724613,0.8007999658584595,0.0,706.09228515625,68.13810729980469,0.1991145759820938
1776175724639,0.8047000169754028,0.0,706.7169189453125,68.4537582397461,0.1993100643157959
1776175724656,0.8047000169754028,0.0,707.0021362304688,68.69459533691406,0.1994124799966812
1776175724675,0.7929500341415405,0.0,707.345458984375,68.97970581054688,0.19952189922332764
1776175724695,0.7851499915122986,0.0,707.6900634765625,69.26392364501953,0.1996111124753952
1776175724718,0.7773499488830566,0.0,707.9780883789062,69.54456329345703,0.19971567392349243
1776175724740,0.7655999660491943,0.0,708.6148071289062,69.81507110595703,0.19991184771060944
1776175724759,0.7617000341415405,0.0,708.9637451171875,70.07192993164062,0.1999991536140442
1776175724775,0.7617000341415405,0.0,709.2554321289062,70.25167846679688,0.20010870695114136
1776175724795,0.7617000341415405,0.0,709.6064453125,70.50409698486328,0.2002144753932953
1776175724819,0.7617000341415405,0.0,709.95849609375,70.76271057128906,0.20030219852924347
1776175724838,0.7617000341415405,0.0,710.6068725585938,71.02386474609375,0.20050112903118134
1776175724855,0.7617000341415405,0.0,710.9027709960938,71.24262237548828,0.20060741901397705
1776175724876,0.7617000341415405,0.0,711.2589111328125,71.4931869506836,0.2006976157426834
1776175724894,0.7617000341415405,0.0,711.5564575195312,71.71675872802734,0.20080526173114777
1776175724914,0.7617000341415405,0.0,711.9144897460938,71.97806549072266,0.20091521739959717
1776175724935,0.7577999830245972,0.0,712.273681640625,72.23470306396484,0.201003760099411
1776175724954,0.7577999830245972,0.0,712.9348754882812,72.44325256347656,0.20120742917060852
1776175724974,0.7577999830245972,0.0,713.236572265625,72.65029907226562,0.20131561160087585
1776175724995,0.7577999830245972,0.0,713.5994873046875,72.8936767578125,0.20140637457370758
1776175725015,0.7577999830245972,0.0,713.9027099609375,73.14141845703125,0.20151662826538086
1776175725034,0.7655999660491943,0.0,714.267578125,73.35491943359375,0.2016262412071228
1776175725055,0.7695499658584595,0.0,714.939208984375,73.63643646240234,0.2018260508775711
1776175725073,0.7695499658584595,0.0,715.3070068359375,73.85121154785156,0.20191822946071625
1776175725093,0.7695499658584595,0.0,715.6143188476562,74.06745147705078,0.20202752947807312
1776175725114,0.7695499658584595,0.0,715.984130859375,74.3215103149414,0.20212170481681824
1776175725134,0.7695499658584595,0.0,716.2931518554688,74.5660400390625,0.20223429799079895
1776175725155,0.7695499658584595,0.0,716.9756469726562,74.81322479248047,0.20243561267852783
1776175725175,0.7695499658584595,0.0,717.3494262695312,75.02266693115234,0.20254646241664886
1776175725194,0.7577999830245972,0.0,717.7242431640625,75.2726821899414,0.20263677835464478
1776175725214,0.7538999915122986,0.0,718.0374755859375,75.52166748046875,0.20275020599365234
1776175725239,0.7538999915122986,0.0,718.7290649414062,75.78997802734375,0.2029544860124588
1776175725255,0.75,0.0,719.1077270507812,75.94850158691406,0.2030487358570099
1776175725275,0.75,0.0,719.4240112304688,76.17257690429688,0.2031610757112503
1776175725295,0.75,0.0,719.804443359375,76.36454772949219,0.2032536417245865
1776175725317,0.7538999915122986,0.0,720.1221923828125,76.62196350097656,0.20336318016052246
1776175725339,0.7538999915122986,0.0,720.8875122070312,76.84645080566406,0.20357123017311096
1776175725354,0.7538999915122986,0.0,721.20751953125,77.00682067871094,0.20368431508541107
1776175725374,0.7617000341415405,0.0,721.5924072265625,77.22209167480469,0.20377764105796814
1776175725393,0.7773499488830566,0.0,721.9138793945312,77.4080581665039,0.2038896679878235
1776175725413,0.7929500341415405,0.0,722.3004760742188,77.63236236572266,0.2039860635995865
1776175725433,0.8085999488830566,0.0,722.6233520507812,77.86637878417969,0.20410020649433136
1776175725453,0.8163999915122986,0.0,723.4010009765625,78.07179260253906,0.20430868864059448
1776175725483,0.8202999830245972,0.0,723.7262573242188,78.41478729248047,0.2044021636247635
1776175725500,0.8202999830245972,0.0,724.05224609375,78.6163330078125,0.20451679825782776
1776175725518,0.8202999830245972,0.0,724.4443969726562,78.820068359375,0.2046293318271637
1776175725537,0.8202999830245972,0.0,725.166015625,79.02919006347656,0.20484110713005066
1776175725557,0.8280999660491943,0.0,725.5611572265625,79.27406311035156,0.2049359679222107
1776175725574,0.8359500169754028,0.0,725.8912353515625,79.48197937011719,0.20504863560199738
1776175725597,0.8476499915122986,0.0,726.288330078125,79.7292251586914,0.2051650583744049
1776175725620,0.875,0.0,727.0191040039062,80.01934051513672,0.20537589490413666
1776175725639,0.8945499658584595,0.0,727.4192504882812,80.2430191040039,0.20547200739383698
1776175725658,0.9101499915122986,0.0,727.7535400390625,80.47450256347656,0.2055869996547699
1776175725678,0.9218499660491943,0.0,728.1557006835938,80.76466369628906,0.2056833803653717
1776175725697,0.9257999658584595,0.0,728.4917602539062,81.06153869628906,0.2058008909225464
1776175725717,0.9257999658584595,0.0,728.896240234375,81.3117904663086,0.20589812099933624
1776175725737,0.9218499660491943,0.0,729.6409912109375,81.59207153320312,0.20613126456737518
1776175725754,0.9179500341415405,0.0,730.0489501953125,81.79235076904297,0.20622634887695312
1776175725780,0.8984500169754028,0.0,730.3898315429688,82.17829895019531,0.206342875957489
1776175725797,0.875,0.0,730.8001098632812,82.43877410888672,0.2064431756734848
1776175725817,0.8515499830245972,0.0,731.14306640625,82.72549438476562,0.20655851066112518
1776175725837,0.8242000341415405,0.0,731.900634765625,82.95234680175781,0.20677202939987183
1776175725857,0.8047000169754028,0.0,732.3155517578125,83.21397399902344,0.20686998963356018
1776175725877,0.7968499660491943,0.0,732.662109375,83.47075653076172,0.20698869228363037
1776175725899,0.8007999658584595,0.0,733.0790405273438,83.71365356445312,0.20710615813732147
1776175725918,0.8047000169754028,0.0,733.4970092773438,83.914794921875,0.20720228552818298
1776175725940,0.8202999830245972,0.0,734.265869140625,84.14298248291016,0.20741823315620422
1776175725957,0.84375,0.0,734.616455078125,84.34960174560547,0.20753537118434906
1776175725978,0.8632999658584595,0.0,735.0380249023438,84.56533813476562,0.2076328843832016
1776175725997,0.8867000341415405,0.0,735.39013671875,84.83399200439453,0.2077484130859375
1776175726017,0.8945499658584595,0.0,735.813720703125,85.1180648803711,0.20786774158477783
1776175726035,0.8984500169754028,0.0,736.238525390625,85.36603546142578,0.20796598494052887
1776175726055,0.8984500169754028,0.0,737.0205078125,85.65408325195312,0.20818258821964264
1776175726073,0.8905999660491943,0.0,737.3773193359375,85.89984893798828,0.20830056071281433
1776175726095,0.8905999660491943,0.0,737.806640625,86.18608856201172,0.20839719474315643
1776175726115,0.8984500169754028,0.0,738.165283203125,86.4652099609375,0.20851871371269226
1776175726137,0.9101499915122986,0.0,738.5968017578125,86.70747375488281,0.20861835777759552
1776175726154,0.9179500341415405,0.0,739.3909301757812,86.99250793457031,0.20885713398456573
1776175726174,0.9297000169754028,0.0,739.8258056640625,87.2710952758789,0.20895658433437347
1776175726195,0.9375,0.0,740.1890869140625,87.54871368408203,0.2090752124786377
1776175726213,0.9413999915122986,0.0,740.6260986328125,87.75182342529297,0.20917688310146332
1776175726233,0.9491999745368958,0.0,740.9912109375,88.0489501953125,0.20929796993732452
1776175726255,0.9530999660491943,0.0,741.79736328125,88.35125732421875,0.20951862633228302
1776175726274,0.9609500169754028,0.0,742.2388305664062,88.63980865478516,0.20962151885032654
1776175726295,0.9765499830245972,0.0,742.6077270507812,88.87549591064453,0.20974215865135193
1776175726313,0.9882999658584595,0.0,743.0513916015625,89.14696502685547,0.20986250042915344
1776175726338,1.0,0.0,743.8674926757812,89.4717025756836,0.21008624136447906
1776175726355,1.0,0.0,744.3142700195312,89.72376251220703,0.2101900726556778
1776175726375,1.0,0.0,744.6875,90.00532531738281,0.21031193435192108
1776175726396,1.0,0.0,745.1364135742188,90.22588348388672,0.21041472256183624
1776175726417,1.0,0.0,745.5113525390625,90.48553466796875,0.21053823828697205
1776175726436,1.0,0.0,745.9623413085938,90.74897003173828,0.21066296100616455
1776175726455,1.0,0.0,746.7921752929688,90.96722412109375,0.21089157462120056
1776175726476,1.0,0.0,747.2464599609375,91.22554016113281,0.2109963446855545
1776175726497,1.0,0.0,747.6259155273438,91.4980239868164,0.21112048625946045
1776175726517,1.0,0.0,748.0823974609375,91.74827575683594,0.21122512221336365
1776175726533,1.0,0.0,748.4636840820312,91.9294204711914,0.21135127544403076
1776175726560,1.0,0.0,749.30517578125,92.27592468261719,0.211582213640213
1776175726577,1.0,0.0,749.7658081054688,92.49308013916016,0.21168683469295502
1776175726595,1.0,0.0,750.1505126953125,92.71014404296875,0.21181397140026093
1776175726614,1.0,0.0,750.6131591796875,92.93492126464844,0.21194210648536682
1776175726638,1.0,0.0,751.4640502929688,93.24176788330078,0.21217533946037292
1776175726659,1.0,0.0,751.9297485351562,93.5077896118164,0.21228192746639252
1776175726675,1.0,0.0,752.3187255859375,93.6887435913086,0.21240971982479095
1776175726695,1.0,0.0,752.7864379882812,93.93390655517578,0.21251662075519562
1776175726714,1.0,0.0,753.177001953125,94.18701934814453,0.21264658868312836
1776175726733,1.0,0.0,753.6466674804688,94.40522003173828,0.21275311708450317
1776175726758,0.9765499830245972,0.0,754.5106811523438,94.70445251464844,0.21299225091934204
1776175726778,0.9140499830245972,0.0,754.9047241210938,94.97447967529297,0.21312150359153748
1776175726795,0.8320499658584595,0.0,755.3786010742188,95.20455932617188,0.2132527381181717
1776175726815,0.7265499830245972,0.0,755.8536376953125,95.42353057861328,0.21336135268211365
1776175726836,0.6288999915122986,0.0,756.2503662109375,95.63446044921875,0.21349234879016876
1776175726857,0.5390499830245972,0.0,757.12548828125,95.79039764404297,0.2137325406074524
1776175726877,0.46024999022483826,0.0,757.6038208007812,95.90646362304688,0.21386370062828064
1776175726897,0.38089999556541443,0.0,758.0826416015625,95.9835433959961,0.21397365629673004
1776175726920,0.33329999446868896,0.0,758.8814086914062,96.02420043945312,0.21421539783477783
1776175726937,0.31744998693466187,0.0,759.3609008789062,96.03500366210938,0.21434661746025085
1776175726958,0.31744998693466187,0.0,759.8404541015625,96.03072357177734,0.21445822715759277
1776175726976,0.34915000200271606,0.0,760.2401123046875,96.0190200805664,0.2145882099866867
1776175726993,0.37299999594688416,0.0,760.7197265625,96.01544952392578,0.21469783782958984
1776175727015,0.42855000495910645,0.0,761.119384765625,96.027587890625,0.21483013033866882
1776175727036,0.46024999022483826,0.0,762.078857421875,96.05851745605469,0.21507421135902405
1776175727060,0.452349990606308,0.0,762.4788208007812,96.11817169189453,0.21520523726940155
1776175727079,0.44440001249313354,0.0,762.9590454101562,96.15560150146484,0.21531477570533752
1776175727099,0.4126499891281128,0.0,763.359375,96.20263671875,0.21544846892356873
1776175727116,0.38089999556541443,0.0,763.8399658203125,96.23330688476562,0.21555809676647186
1776175727135,0.3571000099182129,0.0,764.2405395507812,96.26559448242188,0.2156897485256195
1776175727154,0.3372499942779541,0.0,765.1222534179688,96.27874755859375,0.21593260765075684
1776175727174,0.3095000088214874,0.0,765.6032104492188,96.27788543701172,0.21604327857494354
1776175727196,0.27775001525878906,0.0,766.0040283203125,96.25724792480469,0.21617475152015686
1776175727215,0.25394999980926514,0.0,766.48486328125,96.22392272949219,0.21630802750587463
1776175727237,0.22220000624656677,0.0,766.9656372070312,96.16983795166016,0.2164839208126068
1776175727255,0.19840002059936523,0.0,767.6064453125,96.12369537353516,0.21659505367279053
1776175727277,0.18250000476837158,0.0,768.4869384765625,96.06674194335938,0.21683652698993683
1776175727298,0.17855000495910645,0.0,768.8869018554688,96.01473236083984,0.21696962416172028
1776175727318,0.18650001287460327,0.0,769.3666381835938,95.9437026977539,0.21710041165351868
1776175727338,0.20235002040863037,0.0,769.8460693359375,95.89622497558594,0.21721038222312927
1776175727359,0.24994999170303345,0.0,770.245361328125,95.81088256835938,0.21734175086021423
1776175727376,0.26980000734329224,0.0,770.7242431640625,95.76736450195312,0.21745257079601288
1776175727394,0.31345000863075256,0.0,771.1231079101562,95.71728515625,0.21764901280403137
1776175727415,0.3372499942779541,0.0,771.840576171875,95.66207122802734,0.21778111159801483
1776175727435,0.3650500178337097,0.0,772.3185424804688,95.62068176269531,0.21789135038852692
1776175727454,0.3769499957561493,0.0,772.7167358398438,95.59626007080078,0.21802161633968353
1776175727473,0.38089999556541443,0.0,773.5924682617188,95.58102416992188,0.21826234459877014
1776175727494,0.38089999556541443,0.0,774.070068359375,95.57854461669922,0.21839405596256256
1776175727513,0.36900001764297485,0.0,774.4680786132812,95.57494354248047,0.21850349009037018
1776175727540,0.34915000200271606,0.0,775.4234008789062,95.55977630615234,0.21874432265758514
1776175727555,0.3372499942779541,0.0,775.4234008789062,95.54698944091797,0.21874432265758514
1776175727574,0.32934999465942383,0.0,776.2989501953125,95.52371215820312,0.2189856767654419
1776175727595,0.32534998655319214,0.0,776.6968383789062,95.48751068115234,0.2191169559955597
1776175727615,0.32534998655319214,0.0,777.1741333007812,95.44654846191406,0.2192254364490509
1776175727635,0.32934999465942383,0.0,777.57177734375,95.40308380126953,0.21935531497001648
1776175727657,0.32934999465942383,0.0,778.5255126953125,95.3429946899414,0.21959678828716278
1776175727679,0.33329999446868896,0.0,778.922607421875,95.29280853271484,0.21972794830799103
1776175727697,0.3412500023841858,0.0,779.39892578125,95.24739074707031,0.2198370397090912
1776175727714,0.3571000099182129,0.0,779.7957153320312,95.2061996459961,0.219967782497406
1776175727733,0.38089999556541443,0.0,780.2716674804688,95.1589126586914,0.22007642686367035
1776175727753,0.42855000495910645,0.0,780.6681518554688,95.11762237548828,0.22020752727985382
1776175727774,0.48010000586509705,0.0,781.6193237304688,95.08600616455078,0.22044765949249268
1776175727795,0.5195500254631042,0.0,782.0155029296875,95.07537078857422,0.2205769121646881
1776175727816,0.5663999915122986,0.0,782.4908447265625,95.08193969726562,0.22068703174591064
1776175727840,0.6015499830245972,0.0,782.8870239257812,95.09523010253906,0.22081704437732697
1776175727855,0.6172000169754028,0.0,783.7587890625,95.12195587158203,0.22103531658649445
1776175727875,0.6211000084877014,0.0,784.1551513671875,95.16838836669922,0.2211650162935257
1776175727895,0.6172000169754028,0.0,784.6309814453125,95.21109008789062,0.22129599750041962
1776175727916,0.6054499745368958,0.0,785.1070556640625,95.25816345214844,0.22142671048641205
1776175727933,0.5859500169754028,0.0,785.5833129882812,95.29786682128906,0.22153447568416595
1776175727954,0.5625,0.0,785.9803466796875,95.34214782714844,0.22166623175144196
1776175727975,0.5351499915122986,0.0,786.8541870117188,95.37737274169922,0.22190479934215546
1776175727995,0.5273500084877014,0.0,787.3310546875,95.40481567382812,0.22201500833034515
1776175728015,0.5273500084877014,0.0,787.7284545898438,95.4224624633789,0.2221461534500122
1776175728034,0.5273500084877014,0.0,788.2053833007812,95.44163513183594,0.22225576639175415
1776175728056,0.5273500084877014,0.0,788.6028442382812,95.4570541381836,0.2223854660987854
1776175728076,0.5077999830245972,0.0,789.5568237304688,95.46407318115234,0.22262610495090485
1776175728100,0.4681999981403351,0.0,789.9542846679688,95.4676284790039,0.2227584570646286
1776175728117,0.4325000047683716,0.0,790.4312744140625,95.45993041992188,0.22286748886108398
1776175728136,0.3650500178337097,0.0,790.8287353515625,95.43043518066406,0.2229972630739212
1776175728155,0.3095000088214874,0.0,791.3056640625,95.38987731933594,0.22310809791088104
1776175728176,0.24994999170303345,0.0,792.1798095703125,95.32132720947266,0.2233700156211853
1776175728197,0.1904500126838684,0.0,792.6563720703125,95.23018646240234,0.22347833216190338
1776175728216,0.1547500193119049,0.0,793.05322265625,95.1368179321289,0.22358857095241547
1776175728235,0.14285001158714294,0.0,793.4498291015625,95.01848602294922,0.22371906042099
1776175728255,0.14285001158714294,0.0,794.321044921875,94.91639709472656,0.22395779192447662
1776175728279,0.1547500193119049,0.0,794.7954711914062,94.78388977050781,0.22408735752105713
1776175728301,0.18250000476837158,0.0,795.269287109375,94.64473724365234,0.22419758141040802
1776175728315,0.1904500126838684,0.0,795.6636962890625,94.57537078857422,0.2243267148733139
1776175728337,0.22220000624656677,0.0,796.136474609375,94.43569946289062,0.22443421185016632
1776175728359,0.24994999170303345,0.0,797.001953125,94.3108901977539,0.224695086479187
1776175728377,0.26980000734329224,0.0,797.4733276367188,94.20736694335938,0.22480221092700958
1776175728397,0.30550000071525574,0.0,797.8657836914062,94.09962463378906,0.22493146359920502
1776175728420,0.34915000200271606,0.0,798.3363037109375,93.9951171875,0.22503960132598877
1776175728436,0.36900001764297485,0.0,798.7280883789062,93.92957305908203,0.22516845166683197
1776175728454,0.38089999556541443,0.0,799.1978759765625,93.85435485839844,0.22527563571929932
1776175728473,0.37299999594688416,0.0,800.058349609375,93.8050765991211,0.2255128175020218
1776175728496,0.361050009727478,0.0,800.44921875,93.74806213378906,0.22564059495925903
1776175728514,0.3372499942779541,0.0,800.9181518554688,93.71334838867188,0.22576904296875
1776175728533,0.29360002279281616,0.0,801.3869018554688,93.65364074707031,0.22587764263153076
1776175728554,0.2459999918937683,0.0,801.7774047851562,93.57560729980469,0.22598285973072052
1776175728585,0.18250000476837158,0.0,802.6358032226562,93.46804809570312,0.22623960673809052
1776175728594,0.15080001950263977,0.0,803.1034545898438,93.39679718017578,0.22634650766849518
1776175728615,0.1269499957561493,0.0,803.4928588867188,93.28560638427734,0.2264743596315384
1776175728637,0.11505001783370972,0.0,803.9596557617188,93.14469909667969,0.22660136222839355
1776175728657,0.12299999594688416,0.0,804.81396484375,93.04106140136719,0.22683601081371307
1776175728673,0.13490000367164612,0.0,805.2791137695312,92.93975067138672,0.22694237530231476
1776175728694,0.15080001950263977,0.0,805.6663208007812,92.83880615234375,0.22706907987594604
1776175728713,0.18250000476837158,0.0,806.1304321289062,92.71652221679688,0.22717508673667908
1776175728736,0.2459999918937683,0.0,806.5167846679688,92.58006286621094,0.22730261087417603
1776175728758,0.30550000071525574,0.0,807.365478515625,92.46731567382812,0.22753383219242096
1776175728778,0.37299999594688416,0.0,807.8276977539062,92.36325073242188,0.22763989865779877
1776175728802,0.4205999970436096,0.0,808.2125244140625,92.29935455322266,0.227765753865242
1776175728816,0.452349990606308,0.0,808.6740112304688,92.26174926757812,0.2278938591480255
1776175728837,0.46024999022483826,0.0,809.13525390625,92.23648071289062,0.2279997169971466
1776175728858,0.46424999833106995,0.0,809.9805908203125,92.22027587890625,0.22823099792003632
1776175728877,0.46424999833106995,0.0,810.3648071289062,92.21529388427734,0.22835634648799896
1776175728896,0.46424999833106995,0.0,810.8258666992188,92.21890258789062,0.22846131026744843
1776175728917,0.452349990606308,0.0,811.2101440429688,92.22604370117188,0.22858794033527374
1776175728933,0.44440001249313354,0.0,811.6712646484375,92.22572326660156,0.22869323194026947
1776175728955,0.42855000495910645,0.0,812.0555419921875,92.22315979003906,0.22882013022899628
1776175728975,0.4205999970436096,0.0,812.9776611328125,92.21951293945312,0.22905227541923523
1776175728994,0.41659998893737793,0.0,813.36181640625,92.21054077148438,0.22917868196964264
1776175729014,0.41659998893737793,0.0,813.82275390625,92.19739532470703,0.2292821705341339
1776175729035,0.41659998893737793,0.0,814.206787109375,92.18899536132812,0.22940897941589355
1776175729063,0.3928000032901764,0.0,815.051513671875,92.177978515625,0.22963981330394745
1776175729077,0.3571000099182129,0.0,815.51220703125,92.16131591796875,0.2297455072402954
1776175729096,0.33329999446868896,0.0,815.8960571289062,92.14411163330078,0.2298719733953476
1776175729115,0.29760000109672546,0.0,816.3565063476562,92.10509490966797,0.2299768477678299
1776175729135,0.26190000772476196,0.0,816.7401123046875,92.03646087646484,0.23010534048080444
1776175729155,0.2301500141620636,0.0,817.6600952148438,91.95838928222656,0.2303372025489807
1776175729175,0.1904500126838684,0.0,818.0430297851562,91.85293579101562,0.23046326637268066
1776175729196,0.1746000051498413,0.0,818.5021362304688,91.74360656738281,0.23056910932064056
1776175729216,0.17059999704360962,0.0,818.8844604492188,91.648193359375,0.23069313168525696
1776175729234,0.17059999704360962,0.0,819.3428344726562,91.55123138427734,0.23081956803798676
1776175729255,0.1904500126838684,0.0,819.7244873046875,91.43050384521484,0.23092569410800934
1776175729275,0.21424999833106995,0.0,820.6392211914062,91.33711242675781,0.2311554253101349
1776175729293,0.24204999208450317,0.0,821.0198364257812,91.24248504638672,0.23128287494182587
1776175729314,0.289650022983551,0.0,821.4761352539062,91.14141845703125,0.23138752579689026
1776175729339,0.3650500178337097,0.0,822.3114624023438,91.02796173095703,0.2316194474697113
1776175729356,0.4126499891281128,0.0,822.6907348632812,90.98236846923828,0.2317429929971695
1776175729380,0.48410001397132874,0.0,823.1455078125,90.93702697753906,0.23186782002449036
1776175729400,0.5195500254631042,0.0,823.60009765625,90.9350814819336,0.23197239637374878
1776175729417,0.5586000084877014,0.0,823.9788208007812,90.94938659667969,0.23209664225578308
1776175729438,0.59375,0.0,824.433349609375,90.97923278808594,0.23220142722129822
1776175729458,0.6288999915122986,0.0,825.2669677734375,91.02446746826172,0.23243053257465363
1776175729477,0.65625,0.0,825.6460571289062,91.09516143798828,0.23255588114261627
1776175729497,0.6757999658584595,0.0,826.1012573242188,91.1630630493164,0.23265814781188965
1776175729514,0.6797000169754028,0.0,826.4808349609375,91.23218536376953,0.23278433084487915
1776175729541,0.6797000169754028,0.0,826.9366455078125,91.32575988769531,0.23288947343826294
1776175729554,0.6718499660491943,0.0,827.3167724609375,91.40866088867188,0.23301459848880768
1776175729573,0.6679499745368958,0.0,828.230224609375,91.48666381835938,0.2332456111907959
1776175729595,0.6601499915122986,0.0,828.611328125,91.58329772949219,0.23337148129940033
1776175729613,0.6484500169754028,0.0,829.0689086914062,91.65286254882812,0.2334732562303543
1776175729634,0.6132999658584595,0.0,829.4505004882812,91.73641967773438,0.23360133171081543
1776175729655,0.5702999830245972,0.0,829.9087524414062,91.81220245361328,0.23370562493801117
1776175729679,0.5077999830245972,0.0,830.7496948242188,91.86705017089844,0.23395992815494537
1776175729698,0.4681999981403351,0.0,831.208740234375,91.89653778076172,0.2340840846300125
1776175729714,0.42454999685287476,0.0,831.6680297851562,91.91449737548828,0.2341889590024948
1776175729734,0.38089999556541443,0.0,832.05078125,91.90478515625,0.23431424796581268
1776175729759,0.34915000200271606,0.0,832.892822265625,91.87840270996094,0.23454420268535614
1776175729779,0.3372499942779541,0.0,833.3519897460938,91.85216522216797,0.23464898765087128
1776175729798,0.33329999446868896,0.0,833.7345581054688,91.81084442138672,0.23477590084075928
1776175729814,0.3452000021934509,0.0,834.1934204101562,91.76227569580078,0.23488116264343262
1776175729838,0.3769499957561493,0.0,834.5755615234375,91.69155883789062,0.23500807583332062
1776175729859,0.4205999970436096,0.0,835.4155883789062,91.64376831054688,0.23523524403572083
1776175729874,0.4562999904155731,0.0,835.8734741210938,91.61044311523438,0.23536041378974915
1776175729895,0.5,0.0,836.3311767578125,91.57755279541016,0.23546704649925232
1776175729914,0.5234500169754028,0.0,836.7124633789062,91.56736755371094,0.23559290170669556
1776175729934,0.5508000254631042,0.0,837.1700439453125,91.57847595214844,0.23569437861442566
1776175729954,0.5702999830245972,0.0,837.5513916015625,91.59599304199219,0.2358236312866211
1776175729974,0.5780999660491943,0.0,838.3905639648438,91.61470794677734,0.2360510528087616
1776175729996,0.5780999660491943,0.0,838.8484497070312,91.64994049072266,0.2361777126789093
1776175730017,0.5780999660491943,0.0,839.3065185546875,91.69185638427734,0.23628105223178864
1776175730033,0.5780999660491943,0.0,839.6884155273438,91.71965026855469,0.23640692234039307
1776175730057,0.5663999915122986,0.0,840.1468505859375,91.75812530517578,0.23650921881198883
1776175730074,0.5429499745368958,0.0,840.98779296875,91.80162811279297,0.23674021661281586
1776175730094,0.5116999745368958,0.0,841.3703002929688,91.8466567993164,0.23686613142490387
1776175730114,0.48010000586509705,0.0,841.8294067382812,91.87703704833984,0.2369917333126068
1776175730134,0.4364500045776367,0.0,842.2886962890625,91.89065551757812,0.23709289729595184
1776175730155,0.38885000348091125,0.0,842.6714477539062,91.88568115234375,0.2371995747089386
1776175730174,0.34915000200271606,0.0,843.513427734375,91.86837005615234,0.23745065927505493
1776175730201,0.289650022983551,0.0,843.9725341796875,91.8208236694336,0.23755457997322083
1776175730218,0.2459999918937683,0.0,844.35498046875,91.75928497314453,0.23768126964569092
1776175730234,0.20634999871253967,0.0,844.813720703125,91.67809295654297,0.23778490722179413
1776175730257,0.16269999742507935,0.0,845.1957397460938,91.5682373046875,0.2379094362258911
1776175730278,0.13885000348091125,0.0,846.0350341796875,91.4531478881836,0.23813655972480774
1776175730298,0.11110001802444458,0.0,846.4921264648438,91.32926940917969,0.2382626086473465
1776175730315,0.09525001049041748,0.0,846.9486694335938,91.21394348144531,0.23836593329906464
1776175730334,0.08330002427101135,0.0,847.3287353515625,91.09680938720703,0.23849034309387207
1776175730358,0.07140001654624939,0.0,848.16357421875,90.9450912475586,0.2387171983718872
1776175730379,0.07140001654624939,0.0,848.6181640625,90.80047607421875,0.23882272839546204
1776175730393,0.07140001654624939,0.0,848.99658203125,90.69425201416016,0.2389446645975113
1776175730417,0.07140001654624939,0.0,849.4500732421875,90.52213287353516,0.23904666304588318
1776175730435,0.07140001654624939,0.0,849.8275146484375,90.39263153076172,0.23917165398597717
1776175730453,0.07140001654624939,0.0,850.2798461914062,90.2672119140625,0.23929539322853088
1776175730474,0.07140001654624939,0.0,851.1075439453125,90.12171936035156,0.23952046036720276
1776175730498,0.07140001654624939,0.0,851.55810546875,89.95037841796875,0.23962052166461945
1776175730516,0.07540002465248108,0.0,851.93310546875,89.81754302978516,0.23974157869815826
1776175730535,0.07540002465248108,0.0,852.3824462890625,89.69905090332031,0.23984244465827942
1776175730557,0.07540002465248108,0.0,852.7564697265625,89.55811309814453,0.23996883630752563
1776175730575,0.07540002465248108,0.0,853.5777587890625,89.4340591430664,0.24018821120262146
1776175730593,0.07540002465248108,0.0,854.0248413085938,89.29298400878906,0.24031215906143188
1776175730615,0.07540002465248108,0.0,854.4713134765625,89.144775390625,0.24041199684143066
1776175730636,0.08330002427101135,0.0,854.8428955078125,89.00025177001953,0.24053390324115753
1776175730654,0.08330002427101135,0.0,855.2882080078125,88.88371276855469,0.24063415825366974
1776175730673,0.08330002427101135,0.0,855.6588134765625,88.76692199707031,0.2407553642988205
1776175730694,0.08730000257492065,0.0,856.4728393554688,88.63054656982422,0.2409747838973999
1776175730714,0.09125000238418579,0.0,856.916015625,88.49271392822266,0.24107594788074493
1776175730735,0.09125000238418579,0.0,857.284912109375,88.37535858154297,0.2411954700946808
1776175730755,0.09920001029968262,0.0,857.72705078125,88.23713684082031,0.2413170486688614
1776175730773,0.10715001821517944,0.0,858.1685791015625,88.10297393798828,0.24141761660575867
1776175730798,0.12299999594688416,0.0,858.9765625,87.95272827148438,0.241641566157341
1776175730817,0.13490000367164612,0.0,859.3432006835938,87.84154510498047,0.24175865948200226
1776175730835,0.1547500193119049,0.0,859.7826538085938,87.73123168945312,0.24185796082019806
1776175730855,0.17855000495910645,0.0,860.1484375,87.60552215576172,0.24197565019130707
1776175730875,0.21825000643730164,0.0,860.951904296875,87.48999786376953,0.24219612777233124
1776175730897,0.2658500075340271,0.0,861.3894653320312,87.37881469726562,0.2423161119222641
1776175730918,0.31345000863075256,0.0,861.8264770507812,87.26905822753906,0.2424151748418808
1776175730936,0.34915000200271606,0.0,862.1903076171875,87.18287658691406,0.24251475930213928
1776175730961,0.38089999556541443,0.0,862.5537719726562,87.11741638183594,0.2426343560218811
1776175730978,0.4205999970436096,0.0,863.4249267578125,87.0618896484375,0.24285130202770233
1776175730994,0.42454999685287476,0.0,863.78759765625,87.03775024414062,0.24296963214874268
1776175731016,0.4205999970436096,0.0,864.22265625,87.02207946777344,0.24308964610099792
1776175731039,0.3968000113964081,0.0,864.6576538085938,87.01620483398438,0.24318790435791016
1776175731053,0.37299999594688416,0.0,865.0202026367188,87.0096664428711,0.24330738186836243
1776175731079,0.32934999465942383,0.0,865.8178100585938,86.99251556396484,0.24352586269378662
1776175731097,0.29360002279281616,0.0,866.2528076171875,86.96812438964844,0.2436210662126541
1776175731118,0.2658500075340271,0.0,866.615234375,86.91858673095703,0.24374255537986755
1776175731137,0.25394999980926514,0.0,867.0499267578125,86.8675765991211,0.2438405156135559
1776175731161,0.25394999980926514,0.0,867.4119262695312,86.78865814208984,0.2439599335193634
1776175731176,0.2738000154495239,0.0,868.2797241210938,86.7094497680664,0.24417628347873688
1776175731195,0.30550000071525574,0.0,868.6408081054688,86.63915252685547,0.24429382383823395
1776175731213,0.3571000099182129,0.0,869.0737915039062,86.5697021484375,0.24439242482185364
1776175731236,0.4205999970436096,0.0,869.434326171875,86.50189208984375,0.2445116639137268
1776175731255,0.48410001397132874,0.0,869.86669921875,86.47708892822266,0.24460779130458832
1776175731275,0.5351499915122986,0.0,870.6588745117188,86.47644805908203,0.24484388530254364
1776175731297,0.5820499658584595,0.0,871.0910034179688,86.49945831298828,0.24494341015815735
1776175731314,0.6054499745368958,0.0,871.451171875,86.53337097167969,0.24506117403507233
1776175731333,0.6132999658584595,0.0,871.883544921875,86.57865142822266,0.24515995383262634
1776175731355,0.6054499745368958,0.0,872.2440185546875,86.65044403076172,0.24527856707572937
1776175731375,0.6054499745368958,0.0,873.0379028320312,86.71913146972656,0.24549636244773865
1776175731400,0.5976499915122986,0.0,873.471435546875,86.78152465820312,0.24559134244918823
1776175731418,0.5976499915122986,0.0,873.8330078125,86.83855438232422,0.24571247398853302
1776175731434,0.6054499745368958,0.0,874.2671508789062,86.9139633178711,0.24581125378608704
1776175731453,0.6132999658584595,0.0,874.629150390625,86.98448944091797,0.24592992663383484
1776175731476,0.6288999915122986,0.0,875.4990234375,87.08300018310547,0.24614828824996948
1776175731495,0.6445499658584595,0.0,875.8618774414062,87.16082000732422,0.246268630027771
1776175731517,0.65625,0.0,876.297607421875,87.25006103515625,0.24636617302894592
1776175731533,0.6679499745368958,0.0,876.6609497070312,87.3358154296875,0.24648693203926086
1776175731553,0.6797000169754028,0.0,877.0972290039062,87.43933868408203,0.2465844750404358
1776175731575,0.6913999915122986,0.0,877.8978881835938,87.53543090820312,0.2468065619468689
1776175731594,0.6952999830245972,0.0,878.2623291015625,87.64737701416016,0.24692437052726746
1776175731622,0.7030999660491943,0.0,878.7000122070312,87.7575454711914,0.24704384803771973
1776175731637,0.7109500169754028,0.0,879.1381225585938,87.85350799560547,0.2471451312303543
1776175731655,0.7148500084877014,0.0,879.5034790039062,87.92790985107422,0.24726790189743042
1776175731675,0.71875,0.0,880.3084716796875,88.02899169921875,0.24748767912387848
1776175731697,0.7226499915122986,0.0,880.748291015625,88.13616943359375,0.2475859522819519
1776175731719,0.7226499915122986,0.0,881.1151733398438,88.26297760009766,0.24770738184452057
1776175731737,0.7226499915122986,0.0,881.555908203125,88.36983489990234,0.24781069159507751
1776175731758,0.7226499915122986,0.0,882.3652954101562,88.49645233154297,0.248052179813385
1776175731775,0.7226499915122986,0.0,882.8075561523438,88.60338592529297,0.24815325438976288
1776175731796,0.7226499915122986,0.0,883.176513671875,88.71514892578125,0.2482745349407196
1776175731814,0.7226499915122986,0.0,883.6196899414062,88.83621215820312,0.24837477505207062
1776175731835,0.7226499915122986,0.0,883.9894409179688,88.97068786621094,0.24849678575992584
1776175731859,0.7226499915122986,0.0,884.4336547851562,89.11256408691406,0.2485998570919037
1776175731874,0.7226499915122986,0.0,885.249267578125,89.21981811523438,0.24884463846683502
1776175731895,0.7226499915122986,0.0,885.6948852539062,89.33392333984375,0.24894413352012634
1776175731916,0.7226499915122986,0.0,886.066650390625,89.48050689697266,0.24906839430332184
1776175731934,0.7226499915122986,0.0,886.5132446289062,89.58415222167969,0.24917040765285492
1776175731958,0.7226499915122986,0.0,887.3333740234375,89.70823669433594,0.24939723312854767
1776175731977,0.7265499830245972,0.0,887.706787109375,89.83668518066406,0.24952085316181183
1776175731994,0.7343499660491943,0.0,888.1553955078125,89.93748474121094,0.24964196979999542
1776175732014,0.7382999658584595,0.0,888.6045532226562,90.04209899902344,0.24974705278873444
1776175732034,0.7422000169754028,0.0,888.979248046875,90.17084503173828,0.24985083937644958
1776175732054,0.75,0.0,889.3544311523438,90.30596160888672,0.24997305870056152
1776175732078,0.7538999915122986,0.0,890.2565307617188,90.43550872802734,0.2502022385597229
1776175732098,0.7538999915122986,0.0,890.633056640625,90.56756591796875,0.25032714009284973
1776175732115,0.7538999915122986,0.0,891.08544921875,90.68390655517578,0.2504299283027649
1776175732139,0.7538999915122986,0.0,891.462890625,90.81554412841797,0.2505556344985962
1776175732154,0.7538999915122986,0.0,891.9163818359375,90.93043518066406,0.2506600022315979
1776175732175,0.7577999830245972,0.0,892.749267578125,91.06120300292969,0.250911682844162
1776175732195,0.7617000341415405,0.0,893.204345703125,91.18843078613281,0.25101765990257263
1776175732213,0.7655999660491943,0.0,893.5839233398438,91.30594635009766,0.2511448264122009
1776175732233,0.7695499658584595,0.0,894.0399169921875,91.42317199707031,0.25124990940093994
1776175732254,0.7695499658584595,0.0,894.4203491210938,91.54894256591797,0.25137585401535034
1776175732277,0.7695499658584595,0.0,895.258544921875,91.6915283203125,0.2516082227230072
1776175732293,0.7695499658584595,0.0,895.7164306640625,91.78418731689453,0.2517339587211609
1776175732314,0.7695499658584595,0.0,896.1748657226562,91.91524505615234,0.25184133648872375
1776175732333,0.7655999660491943,0.0,896.5573120117188,92.04114532470703,0.251968115568161
1776175732354,0.7577999830245972,0.0,897.0167846679688,92.14593505859375,0.2520749568939209
1776175732375,0.7148500084877014,0.0,897.8605346679688,92.28284454345703,0.25230973958969116
1776175732394,0.6836000084877014,0.0,898.2446899414062,92.384521484375,0.25243842601776123
1776175732415,0.6484500169754028,0.0,898.7062377929688,92.502197265625,0.25254592299461365
1776175732433,0.6211000084877014,0.0,899.0912475585938,92.59637451171875,0.2526741921901703
1776175732455,0.59375,0.0,899.5537719726562,92.69114685058594,0.2527812719345093
1776175732473,0.5741999745368958,0.0,899.9395751953125,92.76850128173828,0.2529107332229614
1776175732493,0.53125,0.0,900.8665771484375,92.84941864013672,0.2531479597091675
1776175732516,0.48805001378059387,0.0,901.2532958984375,92.92195129394531,0.25327712297439575
1776175732534,0.4562999904155731,0.0,901.7175903320312,92.9612045288086,0.25338560342788696
1776175732554,0.42454999685287476,0.0,902.104736328125,92.99427032470703,0.25351518392562866
1776175732573,0.38885000348091125,0.0,902.5694580078125,93.02222442626953,0.25362369418144226
1776175732594,0.361050009727478,0.0,903.4219970703125,93.04622650146484,0.25388336181640625
1776175732616,0.32534998655319214,0.0,903.88720703125,93.05702209472656,0.25399133563041687
1776175732634,0.2857000231742859,0.0,904.27490234375,93.04855346679688,0.25412192940711975
1776175732653,0.24204999208450317,0.0,904.7401123046875,93.0245361328125,0.25423020124435425
1776175732673,0.1746000051498413,0.0,905.127685546875,92.9787826538086,0.25435957312583923
1776175732695,0.1269499957561493,0.0,905.9797973632812,92.92162322998047,0.2545979619026184
1776175732719,0.07935002446174622,0.0,906.4442138671875,92.84229278564453,0.25470641255378723
1776175732736,0.04365000128746033,0.0,906.8309936523438,92.77272033691406,0.2548358738422394
1776175732755,0.0,0.0,907.2947387695312,92.69129180908203,0.25494295358657837
1776175732776,0.0,0.0,908.1439208984375,92.5774154663086,0.2551814913749695
1776175732793,0.0,0.0,908.5293579101562,92.4701156616211,0.2553112506866455
1776175732815,0.0,0.0,908.9913940429688,92.33228302001953,0.2554430663585663
1776175732837,0.0,0.0,909.4529418945312,92.18156433105469,0.2555488348007202
1776175732855,0.0,0.0,909.837158203125,92.07176971435547,0.2556781768798828
1776175732875,0.0,0.0,910.68115234375,91.96436309814453,0.25591543316841125
1776175732895,0.0,0.0,911.140869140625,91.84089660644531,0.25604313611984253
1776175732915,0.0,0.0,911.60009765625,91.74003601074219,0.2561497390270233
1776175732934,0.0,0.0,911.982421875,91.63581848144531,0.2562786340713501
1776175732958,0.0,0.0,912.4408569335938,91.53850555419922,0.2563881278038025
1776175732975,0.0,0.0,913.2803955078125,91.43849182128906,0.256622850894928
1776175732993,0.0,0.0,913.66162109375,91.37371826171875,0.2567484974861145
1776175733014,0.04365000128746033,0.0,914.1187133789062,91.2883071899414,0.2568555474281311
1776175733035,0.1269499957561493,0.0,914.4993286132812,91.22393035888672,0.2569849491119385
1776175733053,0.26190000772476196,0.0,914.9557495117188,91.19693756103516,0.25709161162376404
1776175733074,0.40470001101493835,0.0,915.7918701171875,91.19912719726562,0.25732725858688354
1776175733100,0.6054499745368958,0.0,916.171875,91.290771484375,0.257455050945282
1776175733114,0.6991999745368958,0.0,916.6280517578125,91.38760375976562,0.257582426071167
1776175733135,0.8280999660491943,0.0,917.084716796875,91.57687377929688,0.25769326090812683
1776175733153,0.9297000169754028,0.0,917.4658203125,91.7970962524414,0.25781863927841187
1776175733178,1.0,0.0,918.3067626953125,92.15929412841797,0.25805532932281494
1776175733196,1.0,0.0,918.767333984375,92.44606018066406,0.2581869065761566
1776175733213,1.0,0.0,919.2293701171875,92.73493957519531,0.25829410552978516
1776175733235,1.0,0.0,919.6155395507812,93.10115814208984,0.2584281861782074
1776175733254,1.0,0.0,920.080322265625,93.48222351074219,0.2585337162017822
1776175733279,1.0,0.0,920.9367065429688,93.88756561279297,0.2587783932685852
1776175733300,1.0,0.0,921.3276977539062,94.18404388427734,0.25890883803367615
1776175733319,1.0,0.0,921.7982177734375,94.54257202148438,0.25902271270751953
1776175733336,1.0,0.0,922.1914672851562,94.85545349121094,0.2591552734375
1776175733356,1.0,0.0,922.6647338867188,95.16321563720703,0.25926879048347473
1776175733377,1.0,0.0,923.5362548828125,95.56880950927734,0.2595376968383789
1776175733395,1.0,0.0,924.0137329101562,95.82392120361328,0.2596520781517029
1776175733415,1.0,0.0,924.4127197265625,96.17475128173828,0.2597846984863281
1776175733433,1.0,0.0,924.892822265625,96.4698486328125,0.259901225566864
1776175733453,1.0,0.0,925.2939453125,96.82499694824219,0.26003485918045044
1776175733473,1.0,0.0,925.776611328125,97.18142700195312,0.2601531445980072
1776175733493,1.0,0.0,926.6652221679688,97.47451782226562,0.26042822003364563
1776175733513,1.0,0.0,927.15185546875,97.811767578125,0.2605448067188263
1776175733533,1.0,0.0,927.5584716796875,98.15709686279297,0.26068252325057983
1776175733553,1.0,0.0,928.0477294921875,98.4436264038086,0.26080167293548584
1776175733573,1.0,0.0,928.45654296875,98.77366638183594,0.260940819978714
1776175733596,1.0,0.0,929.3594970703125,99.11419677734375,0.26120084524154663
1776175733615,1.0,0.0,929.8540649414062,99.45289611816406,0.2613146901130676
1776175733634,1.0,0.0,930.267333984375,99.73776245117188,0.26145803928375244
1776175733653,1.0,0.0,930.7645874023438,100.0770492553711,0.2616010010242462
1776175733674,1.0,0.0,931.6800537109375,100.40646362304688,0.2618406414985657
1776175733695,1.0,0.0,932.0977783203125,100.71941375732422,0.26198625564575195
1776175733714,1.0,0.0,932.600341796875,101.00068664550781,0.2621310353279114
1776175733735,1.0,0.0,933.1043701171875,101.33848571777344,0.2622508406639099
1776175733753,1.0,0.0,933.5255126953125,101.62108612060547,0.2623964548110962
1776175733775,1.0,0.0,934.4556884765625,101.95402526855469,0.26266756653785706
1776175733798,1.0,0.0,934.965087890625,102.33728790283203,0.2628095746040344
1776175733814,1.0,0.0,935.4759521484375,102.57108306884766,0.26293453574180603
1776175733837,1.0,0.0,935.9027709960938,102.89794921875,0.2630845010280609
1776175733858,1.0,0.0,936.33056640625,103.22205352783203,0.26320698857307434
1776175733875,1.0,0.0,937.3610229492188,103.50382995605469,0.2634837031364441
1776175733895,1.0,0.0,937.7920532226562,103.81204986572266,0.26363125443458557
1776175733915,1.0,0.0,938.3104858398438,104.1151351928711,0.26375511288642883
1776175733938,1.0,0.0,938.7435302734375,104.49243927001953,0.2639065980911255
1776175733958,1.0,0.0,939.7867431640625,104.77339172363281,0.26418280601501465
1776175733975,1.0,0.0,940.2230834960938,105.05182647705078,0.2643350660800934
1776175733995,1.0,0.0,940.7479858398438,105.32463073730469,0.26446104049682617
1776175734018,1.0,0.0,941.1864624023438,105.69022369384766,0.264612078666687
1776175734039,1.0,0.0,941.7138061523438,105.99981689453125,0.26473939418792725
1776175734053,1.0,0.0,942.154296875,106.2190933227539,0.26489177346229553
1776175734075,1.0,0.0,943.1265258789062,106.53218078613281,0.2651747167110443
1776175734096,1.0,0.0,943.6587524414062,106.84539031982422,0.2653278708457947
1776175734122,1.0,0.0,944.1922607421875,107.15626525878906,0.2654551565647125
1776175734136,1.0,0.0,944.6378784179688,107.42880249023438,0.2656116485595703
1776175734154,1.0,0.0,945.08447265625,107.6922607421875,0.26574018597602844
1776175734175,1.0,0.0,946.1600952148438,108.05315399169922,0.2660273313522339
1776175734197,1.0,0.0,946.60986328125,108.32744598388672,0.26618096232414246
1776175734215,1.0,0.0,947.1508178710938,108.6383056640625,0.2663111090660095
1776175734239,1.0,0.0,947.6026000976562,108.9776382446289,0.2664661407470703
1776175734259,1.0,0.0,948.6906127929688,109.27719116210938,0.26675206422805786
1776175734275,1.0,0.0,949.1454467773438,109.49325561523438,0.26691052317619324
1776175734295,1.0,0.0,949.6923828125,109.80551147460938,0.2670406401157379
1776175734317,1.0,0.0,950.1492309570312,110.11396789550781,0.2671973407268524
1776175734335,1.0,0.0,950.6986694335938,110.36070251464844,0.2673310339450836
1776175734355,1.0,0.0,951.1575317382812,110.65998840332031,0.26748552918434143
1776175734375,1.0,0.0,952.1701049804688,110.93414306640625,0.2677724361419678
1776175734398,1.0,0.0,952.7242431640625,111.27580261230469,0.267904669046402
1776175734414,1.0,0.0,953.18701171875,111.47455596923828,0.26806193590164185
1776175734434,1.0,0.0,953.7435302734375,111.75492095947266,0.26821717619895935
1776175734456,1.0,0.0,954.30126953125,112.04552459716797,0.26835155487060547
1776175734478,1.0,0.0,955.3270263671875,112.35313415527344,0.26864197850227356
1776175734498,1.0,0.0,955.7947387695312,112.65937805175781,0.2687992751598358
1776175734515,1.0,0.0,956.3572387695312,112.90906524658203,0.26893380284309387
1776175734533,1.0,0.0,956.8269653320312,113.1526870727539,0.2690896987915039
1776175734554,1.0,0.0,957.3917846679688,113.44039916992188,0.26924893260002136
1776175734573,1.0,0.0,957.957763671875,113.68775177001953,0.2693822979927063
1776175734596,1.0,0.0,958.9984130859375,114.00479125976562,0.26967161893844604
1776175734614,1.0,0.0,959.4727172851562,114.2441177368164,0.26983562111854553
1776175734634,1.0,0.0,960.04296875,114.5179214477539,0.26996910572052
1776175734654,1.0,0.0,960.5191040039062,114.74858093261719,0.2701302170753479
1776175734674,1.0,0.0,961.5693969726562,115.0326919555664,0.270425945520401
1776175734697,1.0,0.0,962.1439819335938,115.35108947753906,0.27056291699409485
1776175734714,1.0,0.0,962.623779296875,115.54554748535156,0.2707234025001526
1776175734734,1.0,0.0,963.2006225585938,115.8233642578125,0.27085915207862854
1776175734756,1.0,0.0,963.6822509765625,116.09342193603516,0.271022230386734
1776175734774,1.0,0.0,964.2612915039062,116.31829833984375,0.2711828947067261
1776175734794,1.0,0.0,965.3258666992188,116.58203887939453,0.27148327231407166
1776175734815,1.0,0.0,965.908203125,116.8492660522461,0.27162083983421326
1776175734835,1.0,0.0,966.3944091796875,117.12169647216797,0.271785706281662
1776175734854,1.0,0.0,966.9789428710938,117.35746765136719,0.27192121744155884
1776175734875,1.0,0.0,968.0536499023438,117.62303161621094,0.2722519040107727
1776175734896,1.0,0.0,968.6414794921875,117.8825454711914,0.27238914370536804
1776175734914,1.0,0.0,969.1321411132812,118.1037826538086,0.2725561857223511
1776175734935,1.0,0.0,969.7219848632812,118.36270141601562,0.272695928812027
1776175734954,1.0,0.0,970.2142944335938,118.58554077148438,0.27286088466644287
1776175734975,1.0,0.0,971.3001098632812,118.84272003173828,0.27316728234291077
1776175734996,1.0,0.0,971.8939208984375,119.09440612792969,0.27333512902259827
1776175735015,1.0,0.0,972.4888305664062,119.31085968017578,0.27347612380981445
1776175735035,1.0,0.0,972.9854125976562,119.56813049316406,0.2736431956291199
1776175735054,1.0,0.0,973.5823364257812,119.78424835205078,0.2737804353237152
1776175735074,1.0,0.0,974.0806274414062,119.96321868896484,0.2739500403404236
1776175735095,1.0,0.0,975.1792602539062,119.97393035888672,0.27426019310951233
1776175735114,1.0,0.0,975.779052734375,119.95127868652344,0.2743999660015106
1776175735139,1.0,0.0,976.2786865234375,120.07366943359375,0.274569571018219
1776175735162,1.0,0.0,976.8783569335938,120.30824279785156,0.27473753690719604
1776175735174,1.0,0.0,977.4786987304688,120.47020721435547,0.2748786211013794
1776175735194,1.0,0.0,978.5817260742188,120.5078353881836,0.27519068121910095
1776175735213,1.0,0.0,979.083740234375,120.46795654296875,0.2753583788871765
1776175735234,1.0,0.0,979.68603515625,120.529296875,0.27549877762794495
1776175735258,1.0,0.0,980.79052734375,120.77794647216797,0.27583733201026917
1776175735278,1.0,0.0,981.2933959960938,120.89142608642578,0.2759779095649719
1776175735297,1.0,0.0,981.8975830078125,120.89117431640625,0.2761492431163788
1776175735313,1.0,0.0,982.5020141601562,120.85626983642578,0.27629080414772034
1776175735333,0.8320499658584595,0.0,983.0055541992188,120.96356201171875,0.27646103501319885
1776175735353,0.5273500084877014,0.0,983.60986328125,121.11589050292969,0.2766018211841583
1776175735374,0.11904999613761902,0.0,984.114013671875,121.26078033447266,0.2767714560031891
1776175735396,0.0,0.0,985.2249755859375,121.30094909667969,0.2770821154117584
1776175735414,0.0,0.0,985.8316040039062,121.25945281982422,0.2772248387336731
1776175735433,0.0,0.0,986.3370361328125,121.1851577758789,0.2773962616920471
1776175735458,0.0,0.0,987.5491333007812,121.09542846679688,0.27770692110061646
1776175735477,0.0,0.0,988.0537109375,121.02405548095703,0.2778768241405487
1776175735497,0.0,0.0,988.6588745117188,120.95436096191406,0.2780184745788574
1776175735513,0.0,0.0,989.1629028320312,120.87105560302734,0.2781871557235718
1776175735536,0.0,0.0,989.767333984375,120.79434204101562,0.2783300578594208
1776175735553,0.0,0.0,990.270751953125,120.72203063964844,0.2784979045391083
1776175735575,0.0,0.005779007915407419,991.3775024414062,120.64025115966797,0.2788083851337433
1776175735594,0.0,0.09017623215913773,991.980712890625,120.5615463256836,0.27897822856903076
1776175735613,0.0,0.2192992866039276,992.5835571289062,120.39167022705078,0.2791168689727783
1776175735633,0.0,0.325955867767334,993.0855102539062,120.1236572265625,0.2792886197566986
1776175735653,0.0,0.31956228613853455,993.6868896484375,119.82966613769531,0.27942711114883423
1776175735674,0.0,0.23925209045410156,994.18701171875,119.48502349853516,0.2795969247817993
1776175735694,0.0,0.17896243929862976,995.283447265625,119.20329284667969,0.27990323305130005
1776175735713,0.0,0.1515703648328781,995.8795776367188,118.99319458007812,0.28007009625434875
1776175735734,0.0,0.1374005228281021,996.4746704101562,118.77633666992188,0.2802126407623291
1776175735754,0.0,0.1374005228281021,996.969970703125,118.56534576416016,0.28037798404693604
1776175735773,0.0,0.14793184399604797,997.5635375976562,118.38423156738281,0.2805171012878418
1776175735795,0.0,0.1748504638671875,998.6495971679688,118.16732025146484,0.2808229625225067
1776175735818,0.0,0.24442484974861145,999.1422729492188,117.8972396850586,0.28098657727241516
1776175735835,0.0,0.325955867767334,999.732666015625,117.64397430419922,0.28112271428108215
1776175735853,0.0,0.410310834646225,1000.223876953125,117.32737731933594,0.2812916338443756
1776175735875,0.0,0.4663964509963989,1000.8121948242188,116.89199829101562,0.28142642974853516
1776175735894,0.0,0.4833733141422272,1001.8863525390625,116.47173309326172,0.28175538778305054
1776175735914,0.0,0.410310834646225,1002.4692993164062,115.98219299316406,0.28189000487327576
1776175735938,0.0,0.36630862951278687,1002.9533081054688,115.5528335571289,0.2820531725883484
1776175735958,0.0,0.3390239179134369,1003.5323486328125,115.09066772460938,0.28218790888786316
1776175735978,0.0,0.3390239179134369,1004.5892944335938,114.75299072265625,0.2824869155883789
1776175735996,0.0,0.3390239179134369,1005.06787109375,114.3609619140625,0.28264716267585754
1776175736015,0.0,0.3593418002128601,1005.6406860351562,114.03185272216797,0.2827802896499634
1776175736038,0.0,0.3806319832801819,1006.1168212890625,113.6288070678711,0.28294050693511963
1776175736054,0.0,0.41798844933509827,1006.6867065429688,113.25399780273438,0.2831006646156311
1776175736075,0.0,0.4833733141422272,1007.726806640625,112.80087280273438,0.2833912670612335
1776175736094,0.0,0.527914822101593,1008.2913818359375,112.3785400390625,0.2835235893726349
1776175736115,0.0,0.5852325558662415,1008.76025390625,111.84530639648438,0.28368136286735535
1776175736134,0.0,0.5852325558662415,1009.3208618164062,111.26060485839844,0.28383830189704895
1776175736153,0.0,0.5852325558662415,1009.8790893554688,110.7375259399414,0.2839694619178772
1776175736175,0.0,0.5852325558662415,1010.8955688476562,110.13868713378906,0.2842544615268707
1776175736194,0.0,0.6154777407646179,1011.3546752929688,109.53252410888672,0.28440842032432556
1776175736213,0.0,0.6468548774719238,1011.9032592773438,109.01582336425781,0.28453773260116577
1776175736233,0.0,0.6795321106910706,1012.3584594726562,108.38484191894531,0.2846894860267639
1776175736253,0.0,0.7132585644721985,1012.9022827148438,107.81829833984375,0.28481754660606384
1776175736273,0.0,0.7845343947410583,1013.3533935546875,107.13907623291016,0.28496769070625305
1776175736294,0.0,0.8347579836845398,1014.3388671875,106.43788146972656,0.28524550795555115
1776175736316,0.0,0.8478404879570007,1014.8722534179688,105.73580932617188,0.2853938639163971
1776175736333,0.0,0.8741154074668884,1015.3143920898438,105.0928955078125,0.2855184078216553
1776175736353,0.0,0.8741154074668884,1015.8422241210938,104.29048156738281,0.2856641411781311
1776175736374,0.0,0.8741154074668884,1016.3668212890625,103.60493469238281,0.28579044342041016
1776175736394,0.0,0.8478404879570007,1017.319580078125,102.82412719726562,0.2860560119152069
1776175736414,0.0,0.8347579836845398,1017.7489013671875,102.05805206298828,0.2862018644809723
1776175736436,0.0,0.8347579836845398,1018.2611083984375,101.38758850097656,0.28632044792175293
1776175736454,0.0,0.8093602657318115,1018.6854858398438,100.59391784667969,0.28646236658096313
1776175736475,0.0,0.7602721452713013,1019.1917114257812,99.81842803955078,0.2866074740886688
1776175736494,0.0,0.7132585644721985,1020.1109619140625,99.1775894165039,0.28686419129371643
1776175736517,0.0,0.6154777407646179,1020.6077880859375,98.37045288085938,0.28698280453681946
1776175736536,0.0,0.5187981128692627,1021.0194091796875,97.80121612548828,0.28712305426597595
1776175736558,0.0,0.3806319832801819,1021.5106811523438,97.12589263916016,0.28723660111427307
1776175736577,0.0,0.31956228613853455,1022.4044189453125,96.7021255493164,0.2874896824359894
1776175736594,0.0,0.26043614745140076,1022.8081665039062,96.33818054199219,0.2876279354095459
1776175736613,0.0,0.21452350914478302,1023.2910766601562,96.01385498046875,0.28776293992996216
1776175736635,0.0,0.1873987913131714,1023.7723999023438,95.61646270751953,0.28787869215011597
1776175736659,0.0,0.17896243929862976,1024.17236328125,95.34764099121094,0.2879902124404907
1776175736675,0.0,0.19178064167499542,1025.049072265625,95.0623550415039,0.288261741399765
1776175736695,0.0,0.2006537765264511,1025.5255126953125,94.76958465576172,0.2883785665035248
1776175736714,0.0,0.20520155131816864,1025.921630859375,94.51191711425781,0.2885129153728485
1776175736735,0.0,0.19178064167499542,1026.395751953125,94.20936584472656,0.28864890336990356
1776175736754,0.0,0.1873987913131714,1026.86865234375,93.96087646484375,0.2887592911720276
1776175736773,0.0,0.17896243929862976,1027.2615966796875,93.68160247802734,0.28887176513671875
1776175736797,0.0,0.17896243929862976,1028.123046875,93.36105346679688,0.28914323449134827
1776175736813,0.0,0.17896243929862976,1028.591064453125,93.16415405273438,0.28925472497940063
1776175736833,0.0,0.17896243929862976,1028.9801025390625,92.89115905761719,0.28938642144203186
1776175736858,0.0,0.17896243929862976,1029.8331298828125,92.57782745361328,0.2896358370780945
1776175736877,0.0,0.17896243929862976,1030.296630859375,92.34310913085938,0.28974246978759766
1776175736898,0.0,0.17896243929862976,1030.681884765625,92.09626770019531,0.28987693786621094
1776175736917,0.0,0.17896243929862976,1031.14306640625,91.770751953125,0.2900087237358093
1776175736936,0.0,0.1748504638671875,1031.602783203125,91.53239440917969,0.2901194095611572
1776175736955,0.0,0.1748504638671875,1031.9849853515625,91.29562377929688,0.29025501012802124
1776175736976,0.0,0.1748504638671875,1032.8228759765625,91.02155303955078,0.29049742221832275
1776175736994,0.0,0.1748504638671875,1033.2781982421875,90.78146362304688,0.2906036674976349
1776175737017,0.0,0.1748504638671875,1033.65673828125,90.45866394042969,0.2907370626926422
1776175737035,0.0,0.1748504638671875,1034.1099853515625,90.21452331542969,0.29086941480636597
1776175737054,0.0,0.1748504638671875,1034.56201171875,89.96855926513672,0.290979266166687
1776175737078,0.0,0.1748504638671875,1035.3126220703125,89.6485595703125,0.29121890664100647
1776175737096,0.0,0.17896243929862976,1035.761474609375,89.4164047241211,0.2913297712802887
1776175737114,0.0,0.17896243929862976,1036.134521484375,89.17780303955078,0.2914576530456543
1776175737136,0.0,0.17896243929862976,1036.5810546875,88.90091705322266,0.2915887236595154
1776175737154,0.0,0.1748504638671875,1037.0263671875,88.62494659423828,0.29169854521751404
1776175737174,0.0,0.16293016076087952,1037.3966064453125,88.39261627197266,0.2918294072151184
1776175737193,0.0,0.1443578451871872,1038.2081298828125,88.13384246826172,0.2920685410499573
1776175737214,0.0,0.12738874554634094,1038.649169921875,87.92610168457031,0.292196124792099
1776175737237,0.0,0.1033676341176033,1039.089111328125,87.69306945800781,0.29230546951293945
1776175737255,0.0,0.07823561131954193,1039.4549560546875,87.47529602050781,0.29243674874305725
1776175737277,0.0,0.059503260999917984,1039.89306640625,87.28365325927734,0.2925441861152649
1776175737295,0.0,0.03852551430463791,1040.6942138671875,87.13323211669922,0.2927817404270172
1776175737313,0.0,0.026536842808127403,1041.0576171875,86.9754638671875,0.29291069507598877
1776175737336,0.0,0.022617517039179802,1041.4930419921875,86.84681701660156,0.29301825165748596
1776175737354,0.0,0.02551683969795704,1041.85546875,86.6973876953125,0.2931480407714844
1776175737376,0.0,0.03716587647795677,1042.6513671875,86.5317611694336,0.29338338971138
1776175737396,0.0,0.047383863478899,1043.0845947265625,86.40438842773438,0.29351264238357544
1776175737414,0.0,0.06739471852779388,1043.5172119140625,86.26856994628906,0.29361987113952637
1776175737434,0.0,0.07823561131954193,1043.877197265625,86.09605407714844,0.293750137090683
1776175737454,0.0,0.0876941904425621,1044.3084716796875,85.94084167480469,0.29385635256767273
1776175737475,0.0,0.1033676341176033,1045.0972900390625,85.75540924072266,0.2940894365310669
1776175737495,0.0,0.11196944862604141,1045.4549560546875,85.5619125366211,0.29422277212142944
1776175737516,0.0,0.12104549258947372,1045.88330078125,85.35921478271484,0.2943269610404968
1776175737538,0.0,0.1241873949766159,1046.2396240234375,85.18290710449219,0.29445573687553406
1776175737554,0.0,0.12738874554634094,1046.666259765625,84.97635650634766,0.29458269476890564
1776175737580,0.0,0.1306924819946289,1047.446044921875,84.70899963378906,0.29481175541877747
1776175737596,0.0,0.13401572406291962,1047.8701171875,84.58673858642578,0.2949165999889374
1776175737614,0.0,0.14084765315055847,1048.2227783203125,84.37821197509766,0.2950429320335388
1776175737634,0.0,0.14793184399604797,1048.6451416015625,84.1926498413086,0.2951490581035614
1776175737653,0.0,0.1515703648328781,1048.9964599609375,83.97319030761719,0.2952764928340912
1776175737680,0.0,0.16683508455753326,1049.7669677734375,83.67977905273438,0.2955029010772705
1776175737699,0.0,0.1748504638671875,1050.1859130859375,83.47039794921875,0.295629620552063
1776175737716,0.0,0.1873987913131714,1050.603759765625,83.26042938232422,0.2957301735877991
1776175737735,0.0,0.2006537765264511,1050.9510498046875,83.0401382446289,0.29585516452789307
1776175737758,0.0,0.20520155131816864,1051.3668212890625,82.76734924316406,0.29595860838890076
1776175737780,0.0,0.20520155131816864,1052.126220703125,82.45062255859375,0.2962067425251007
1776175737797,0.0,0.21452350914478302,1052.538818359375,82.21605682373047,0.2963032126426697
1776175737813,0.0,0.22415263950824738,1052.8817138671875,82.01091766357422,0.2964266538619995
1776175737834,0.0,0.24442484974861145,1053.2921142578125,81.70923614501953,0.29652518033981323
1776175737855,0.0,0.2772776782512665,1053.6331787109375,81.38446807861328,0.29664522409439087
1776175737875,0.0,0.31956228613853455,1054.041259765625,81.03135681152344,0.29674676060676575
1776175737893,0.0,0.3390239179134369,1054.78564453125,80.70613098144531,0.29696449637413025
1776175737915,0.0,0.3457002341747284,1055.1221923828125,80.31591796875,0.2970828115940094
1776175737933,0.0,0.3593418002128601,1055.524658203125,79.96721649169922,0.29717814922332764
1776175737959,0.0,0.3806319832801819,1055.858642578125,79.41151428222656,0.29729777574539185
1776175737977,0.0,0.3806319832801819,1056.6553955078125,79.02630615234375,0.29750868678092957
1776175737996,0.0,0.38789868354797363,1056.985107421875,78.63623046875,0.2976249158382416
1776175738014,0.0,0.38789868354797363,1057.3790283203125,78.2542724609375,0.2977209687232971
1776175738036,0.0,0.38789868354797363,1057.705810546875,77.74554443359375,0.29783275723457336
1776175738056,0.0,0.38789868354797363,1058.09619140625,77.35210418701172,0.29792797565460205
1776175738078,0.0,0.38789868354797363,1058.8067626953125,76.8266830444336,0.29815253615379333
1776175738093,0.0,0.38789868354797363,1059.1915283203125,76.50141143798828,0.29824307560920715
1776175738117,0.0,0.38789868354797363,1059.5107421875,76.05084228515625,0.29835373163223267
1776175738134,0.0,0.36630862951278687,1059.8919677734375,75.67794036865234,0.29844528436660767
1776175738157,0.0,0.3390239179134369,1060.208251953125,75.1851577758789,0.29855623841285706
1776175738176,0.0,0.30085572600364685,1060.8995361328125,74.8177261352539,0.2987511157989502
1776175738196,0.0,0.24442484974861145,1061.27392578125,74.40113067626953,0.2988396883010864
1776175738215,0.0,0.20520155131816864,1061.5845947265625,74.07169342041016,0.29894763231277466
1776175738235,0.0,0.1443578451871872,1061.955810546875,73.73184204101562,0.2990337312221527
1776175738255,0.0,0.08526267111301422,1062.2640380859375,73.43040466308594,0.2991408407688141
1776175738274,0.0,0.03585813567042351,1062.632568359375,73.21281433105469,0.2992278039455414
1776175738293,0.0,0.005779007915407419,1063.3050537109375,73.02662658691406,0.29943612217903137
1776175738314,0.0,0.0,1063.6705322265625,72.8282699584961,0.29952219128608704
1776175738334,0.0,0.0,1063.9744873046875,72.63778686523438,0.299625426530838
1776175738355,0.0,0.0,1064.3385009765625,72.47471618652344,0.2997118830680847
1776175738376,0.0,0.0,1065.00390625,72.2616958618164,0.29989922046661377
1776175738394,0.0,0.0,1065.3055419921875,72.09986114501953,0.3000020682811737
1776175738415,0.0,0.0,1065.666748046875,71.91544342041016,0.3000865578651428
1776175738433,0.0,0.0,1065.9671630859375,71.75481414794922,0.30018824338912964
1776175738453,0.0,0.0,1066.326904296875,71.56484985351562,0.30028975009918213
1776175738479,0.0,0.0,1066.9842529296875,71.37310791015625,0.30047371983528137
1776175738497,0.0,0.0,1067.341552734375,71.18146514892578,0.30055779218673706
1776175738517,0.0,0.0,1067.638671875,70.9891586303711,0.3006572425365448
1776175738533,0.0,0.0,1067.994384765625,70.85364532470703,0.3007562756538391
1776175738553,0.0,0.0,1068.3492431640625,70.66470336914062,0.3008408844470978
1776175738573,0.03175002336502075,0.0,1068.644287109375,70.47885131835938,0.3009386658668518
1776175738593,0.08730000257492065,0.0,1069.291015625,70.32105255126953,0.30112001299858093
1776175738614,0.1269499957561493,0.0,1069.642578125,70.15277862548828,0.3012186288833618
1776175738633,0.16664999723434448,0.0,1069.993408203125,69.99396514892578,0.3012999892234802
1776175738653,0.19840002059936523,0.0,1070.28515625,69.86145782470703,0.30139678716659546
1776175738675,0.21825000643730164,0.0,1070.6346435546875,69.68912506103516,0.30147892236709595
1776175738693,0.22220000624656677,0.0,1071.273681640625,69.58549499511719,0.30165669322013855
1776175738714,0.22220000624656677,0.0,1071.5634765625,69.45516204833984,0.30175355076789856
1776175738737,0.21424999833106995,0.0,1071.9107666015625,69.28616333007812,0.3018339276313782
1776175738759,0.21424999833106995,0.0,1072.19970703125,69.13370513916016,0.3019302785396576
1776175738779,0.21424999833106995,0.0,1072.8914794921875,69.00970458984375,0.30210620164871216
1776175738797,0.22220000624656677,0.0,1073.1790771484375,68.86917877197266,0.3022017180919647
1776175738815,0.2301500141620636,0.0,1073.5235595703125,68.74634552001953,0.30228233337402344
1776175738834,0.23410001397132874,0.0,1073.8101806640625,68.60501861572266,0.30237677693367004
1776175738856,0.23805001378059387,0.0,1074.1536865234375,68.46866607666016,0.3024720549583435
1776175738873,0.23805001378059387,0.0,1074.49658203125,68.36597442626953,0.30255112051963806
1776175738896,0.23805001378059387,0.0,1075.1239013671875,68.24470520019531,0.30272555351257324
1776175738915,0.23805001378059387,0.0,1075.408447265625,68.13665008544922,0.3028193712234497
1776175738934,0.23805001378059387,0.0,1075.7493896484375,68.01521301269531,0.30289748311042786
1776175738953,0.23805001378059387,0.0,1076.0330810546875,67.91121673583984,0.3029925525188446
1776175738975,0.23410001397132874,0.0,1076.373046875,67.78910064697266,0.30306902527809143
1776175738994,0.2301500141620636,0.0,1076.9947509765625,67.66717529296875,0.3032580614089966
1776175739013,0.2261500060558319,0.0,1077.3331298828125,67.56352996826172,0.30333536863327026
1776175739035,0.21825000643730164,0.0,1077.61474609375,67.44474792480469,0.30341264605522156
1776175739055,0.20634999871253967,0.0,1077.89599609375,67.33219909667969,0.3035055696964264
1776175739074,0.18650001287460327,0.0,1078.2330322265625,67.23101806640625,0.30359798669815063
1776175739095,0.16269999742507935,0.0,1078.8497314453125,67.11136627197266,0.30376654863357544
1776175739115,0.13885000348091125,0.0,1079.1854248046875,66.99298095703125,0.3038449287414551
1776175739135,0.11110001802444458,0.0,1079.4647216796875,66.87303161621094,0.30393674969673157
1776175739154,0.09525001049041748,0.0,1079.7994384765625,66.7684326171875,0.30402934551239014
1776175739179,0.06350001692771912,0.0,1080.4117431640625,66.60494232177734,0.30419549345970154
1776175739194,0.05555000901222229,0.0,1080.7449951171875,66.5288314819336,0.30427294969558716
1776175739214,0.03175002336502075,0.0,1081.022216796875,66.37939453125,0.30436331033706665
1776175739233,0.0,0.0,1081.354248046875,66.21408081054688,0.30444082617759705
1776175739253,0.0,0.0,1081.6304931640625,66.0605239868164,0.3045318126678467
1776175739280,0.0,0.0,1082.2364501953125,65.85399627685547,0.30469727516174316
1776175739294,0.0,0.0,1082.5657958984375,65.6987533569336,0.3047886788845062
1776175739320,0.0,0.0,1082.8944091796875,65.51984405517578,0.30486124753952026
1776175739334,0.0,0.0,1083.1676025390625,65.36426544189453,0.30495238304138184
1776175739354,0.0,0.0,1083.4947509765625,65.17619323730469,0.305027037858963
1776175739373,0.0,0.0,1083.766845703125,65.01651000976562,0.3051168918609619
1776175739399,0.0,0.0,1084.363525390625,64.77491760253906,0.3052777349948883
1776175739418,0.0,0.0,1084.6878662109375,64.61463928222656,0.3053514361381531
1776175739434,0.0,0.0,1084.95751953125,64.48413848876953,0.3054398000240326
1776175739453,0.0,0.0,1085.2803955078125,64.30513000488281,0.30551305413246155
1776175739474,0.0,0.0,1085.548828125,64.11648559570312,0.3056018352508545
1776175739494,0.0,0.0,1086.19091796875,63.95332336425781,0.3057619333267212
1776175739516,0.0,0.0,1086.45751953125,63.73503112792969,0.3058484196662903
1776175739533,0.0,0.0,1086.7767333984375,63.576202392578125,0.3059220016002655
1776175739553,0.0,0.0,1087.0421142578125,63.41872024536133,0.3060084581375122
1776175739576,0.0,0.0,1087.35986328125,63.207130432128906,0.30607911944389343
1776175739594,0.0,0.0,1087.940185546875,63.04844665527344,0.3062523603439331
1776175739616,0.0,0.0,1088.255615234375,62.859962463378906,0.30632489919662476
1776175739635,0.0,0.0,1088.517822265625,62.69770812988281,0.3063957691192627
1776175739658,0.0,0.0,1088.779541015625,62.482322692871094,0.3064798414707184
1776175739675,0.0,0.0,1089.0928955078125,62.3505744934082,0.30656737089157104
1776175739693,0.0,0.0,1089.6651611328125,62.16227722167969,0.30672118067741394
1776175739713,0.0,0.0,1089.9761962890625,61.9687385559082,0.3067917823791504
1776175739734,0.0,0.0,1090.2347412109375,61.80979537963867,0.30687370896339417
1776175739754,0.0,0.0,1090.5443115234375,61.62699508666992,0.3069455921649933
1776175739774,0.0,0.0,1090.8016357421875,61.433555603027344,0.3070293366909027
1776175739793,0.0,0.0,1091.416748046875,61.2662467956543,0.30718138813972473
1776175739815,0.0,0.0,1091.6719970703125,61.07514572143555,0.30726513266563416
1776175739838,0.0,0.0,1091.9776611328125,60.86000442504883,0.30733510851860046
1776175739857,0.0,0.0,1092.231689453125,60.67628860473633,0.3074164390563965
1776175739874,0.0,0.0,1092.535888671875,60.545074462890625,0.3074859082698822
1776175739893,0.0,0.0,1093.091552734375,60.360416412353516,0.3076496124267578
1776175739916,0.0,0.0,1093.3934326171875,60.16770935058594,0.30771908164024353
1776175739935,0.0,0.0,1093.644287109375,59.96995544433594,0.30779680609703064
1776175739955,0.0,0.0,1093.944580078125,59.80353927612305,0.30786827206611633
1776175739977,0.07540002465248108,0.0,1094.492919921875,59.58556365966797,0.30801624059677124
1776175739993,0.1269499957561493,0.0,1094.7412109375,59.46207809448242,0.30809739232063293
1776175740014,0.2301500141620636,0.0,1095.03857421875,59.298072814941406,0.30816465616226196
1776175740035,0.31345000863075256,0.0,1095.285888671875,59.14120101928711,0.3082456588745117
1776175740054,0.3769499957561493,0.0,1095.58203125,59.01655578613281,0.3083111047744751
1776175740078,0.4562999904155731,0.0,1096.12353515625,58.885467529296875,0.30847206711769104
1776175740095,0.4959999918937683,0.0,1096.418212890625,58.81475067138672,0.30853793025016785
1776175740113,0.5077999830245972,0.0,1096.66357421875,58.77116012573242,0.308618426322937
1776175740133,0.5273500084877014,0.0,1096.957763671875,58.75557327270508,0.30868569016456604
1776175740154,0.5351499915122986,0.0,1097.202880859375,58.756404876708984,0.3087654411792755
1776175740176,0.5351499915122986,0.0,1097.4969482421875,58.78865051269531,0.3088327944278717
1776175740194,0.5351499915122986,0.0,1098.0362548828125,58.82489776611328,0.3089926838874817
1776175740214,0.53125,0.0,1098.3306884765625,58.87788009643555,0.30905961990356445
1776175740237,0.5273500084877014,0.0,1098.576171875,58.92813491821289,0.3091391324996948
1776175740256,0.5273500084877014,0.0,1098.870849609375,58.96809768676758,0.30920636653900146
1776175740279,0.5390499830245972,0.0,1099.4114990234375,59.030982971191406,0.30935344099998474
1776175740293,0.5390499830245972,0.0,1099.657470703125,59.0767936706543,0.30943411588668823
1776175740314,0.5429499745368958,0.0,1099.9527587890625,59.147491455078125,0.3095143437385559
1776175740333,0.5429499745368958,0.0,1100.1990966796875,59.20557403564453,0.3095811903476715
1776175740355,0.5429499745368958,0.0,1100.494873046875,59.272342681884766,0.3096618354320526
1776175740379,0.5468500256538391,0.0,1100.7908935546875,59.33778762817383,0.3097303509712219
1776175740400,0.5547000169754028,0.0,1101.334228515625,59.40989303588867,0.30987825989723206
1776175740418,0.5663999915122986,0.0,1101.58154296875,59.45761489868164,0.30995962023735046
1776175740435,0.5741999745368958,0.0,1101.8785400390625,59.50769805908203,0.31002700328826904
1776175740457,0.5859500169754028,0.0,1102.126220703125,59.579856872558594,0.3101089298725128
1776175740474,0.5898500084877014,0.0,1102.4237060546875,59.6325569152832,0.3101767301559448
1776175740494,0.5898500084877014,0.0,1102.969970703125,59.70939254760742,0.3103405833244324
1776175740517,0.5898500084877014,0.0,1103.2684326171875,59.79402160644531,0.3104090392589569
1776175740534,0.5898500084877014,0.0,1103.5174560546875,59.84850311279297,0.31049108505249023
1776175740557,0.5859500169754028,0.0,1103.8165283203125,59.9383430480957,0.31056028604507446
1776175740575,0.5820499658584595,0.0,1104.0660400390625,60.01009750366211,0.31064191460609436
1776175740595,0.5820499658584595,0.0,1104.615966796875,60.09489059448242,0.310793936252594
1776175740615,0.5741999745368958,0.0,1104.9163818359375,60.17182159423828,0.3108768165111542
1776175740634,0.5741999745368958,0.0,1105.1669921875,60.24685287475586,0.31094610691070557
1776175740657,0.5741999745368958,0.0,1105.4681396484375,60.3560905456543,0.31102901697158813
1776175740675,0.5741999745368958,0.0,1105.7696533203125,60.44204330444336,0.311099112033844
1776175740694,0.5898500084877014,0.0,1106.323486328125,60.54212951660156,0.31125199794769287
1776175740714,0.59375,0.0,1106.57568359375,60.62500762939453,0.311335951089859
1776175740734,0.5976499915122986,0.0,1106.8785400390625,60.7275505065918,0.31141945719718933
1776175740754,0.6015499830245972,0.0,1107.181884765625,60.824031829833984,0.3114898204803467
1776175740773,0.6015499830245972,0.0,1107.4349365234375,60.939334869384766,0.3115745484828949
1776175740794,0.59375,0.0,1107.9927978515625,61.057891845703125,0.3117297887802124
1776175740814,0.59375,0.0,1108.2977294921875,61.15666961669922,0.31180065870285034
1776175740835,0.5859500169754028,0.0,1108.5521240234375,61.283809661865234,0.3118859529495239
1776175740857,0.5820499658584595,0.0,1108.85791015625,61.386985778808594,0.31195682287216187
1776175740878,0.5741999745368958,0.0,1109.419677734375,61.48398971557617,0.3121282458305359
1776175740897,0.5663999915122986,0.0,1109.7266845703125,61.565101623535156,0.31219956278800964
1776175740915,0.5468500256538391,0.0,1109.98291015625,61.63612747192383,0.31228578090667725
1776175740935,0.5234500169754028,0.0,1110.290771484375,61.70512771606445,0.31235751509666443
1776175740957,0.5077999830245972,0.0,1110.547607421875,61.77012634277344,0.31244373321533203
1776175740974,0.492000013589859,0.0,1110.8560791015625,61.829612731933594,0.3125157952308655
1776175740995,0.4562999904155731,0.0,1111.422607421875,61.89547348022461,0.31267425417900085
1776175741019,0.42855000495910645,0.0,1111.6806640625,61.96098709106445,0.3127608299255371
1776175741035,0.40470001101493835,0.0,1111.9906005859375,62.013858795166016,0.3128477931022644
1776175741055,0.38885000348091125,0.0,1112.3009033203125,62.074283599853516,0.3129207193851471
1776175741077,0.38089999556541443,0.0,1112.5596923828125,62.1228141784668,0.31299281120300293
1776175741094,0.38885000348091125,0.0,1113.1297607421875,62.17671203613281,0.31316787004470825
1776175741118,0.40470001101493835,0.0,1113.4410400390625,62.249088287353516,0.31324079632759094
1776175741135,0.4364500045776367,0.0,1113.70068359375,62.29935836791992,0.31332606077194214
1776175741153,0.4721499979496002,0.0,1114.0123291015625,62.367618560791016,0.3134019374847412
1776175741174,0.5038999915122986,0.0,1114.272216796875,62.44805908203125,0.31348946690559387
1776175741197,0.5390499830245972,0.0,1114.8447265625,62.58035659790039,0.3136512339115143
1776175741218,0.5820499658584595,0.0,1115.1575927734375,62.7105827331543,0.3137395977973938
1776175741237,0.6015499830245972,0.0,1115.470947265625,62.830596923828125,0.31381309032440186
1776175741256,0.6132999658584595,0.0,1115.7325439453125,62.992897033691406,0.3139020502567291
1776175741275,0.6172000169754028,0.0,1116.0469970703125,63.132198333740234,0.31397825479507446
1776175741297,0.6211000084877014,0.0,1116.6253662109375,63.32583236694336,0.31414303183555603
1776175741315,0.6211000084877014,0.0,1116.88916015625,63.47079849243164,0.3142324388027191
1776175741333,0.6211000084877014,0.0,1117.2064208984375,63.64711380004883,0.3143223226070404
1776175741354,0.625,0.0,1117.5245361328125,63.81861114501953,0.31439799070358276
1776175741375,0.6523500084877014,0.0,1117.790283203125,64.06585693359375,0.31447407603263855
1776175741395,0.6836000084877014,0.0,1118.376953125,64.20889282226562,0.3146420121192932
1776175741416,0.71875,0.0,1118.64453125,64.44549560546875,0.3147335648536682
1776175741436,0.7538999915122986,0.0,1118.96630859375,64.65650177001953,0.3148267865180969
1776175741455,0.78125,0.0,1119.2891845703125,64.86780548095703,0.31490471959114075
1776175741473,0.8085999488830566,0.0,1119.558837890625,65.11962127685547,0.31499627232551575
1776175741495,0.8398499488830566,0.0,1120.20947265625,65.4344482421875,0.31516772508621216
1776175741514,0.8554500341415405,0.0,1120.48193359375,65.70341491699219,0.3152611255645752
1776175741534,0.875,0.0,1120.8101806640625,65.91810607910156,0.31534117460250854
1776175741558,0.9023499488830566,0.0,1121.08447265625,66.32598876953125,0.3154357969760895
1776175741574,0.9218499660491943,0.0,1121.4149169921875,66.56897735595703,0.31551477313041687
1776175741594,0.9530999660491943,0.0,1121.6915283203125,66.9462661743164,0.31561028957366943
1776175741614,0.9922000169754028,0.0,1122.3035888671875,67.24746704101562,0.3157874345779419
1776175741634,1.0,0.0,1122.6396484375,67.6746597290039,0.31588461995124817
1776175741655,1.0,0.0,1122.977294921875,67.9934310913086,0.3159659802913666
1776175741675,1.0,0.0,1123.260009765625,68.41511535644531,0.316047340631485
1776175741693,1.0,0.0,1123.5435791015625,68.69328308105469,0.3161460757255554
1776175741714,1.0,0.0,1124.22900390625,69.03289031982422,0.31632885336875916
1776175741736,1.0,0.0,1124.5164794921875,69.47644805908203,0.3164271414279938
1776175741754,1.0,0.0,1124.8631591796875,69.8110580444336,0.31651002168655396
1776175741774,1.0,0.0,1125.1531982421875,70.19965362548828,0.316611647605896
1776175741795,1.0,0.0,1125.79541015625,70.56797790527344,0.3167966902256012
1776175741816,1.0,0.0,1126.14794921875,70.89324951171875,0.31688156723976135
1776175741835,1.0,0.0,1126.4429931640625,71.28828430175781,0.3169832229614258
1776175741855,1.0,0.0,1126.798583984375,71.66559600830078,0.31708571314811707
1776175741879,1.0,0.0,1127.1558837890625,71.99939727783203,0.3171720504760742
1776175741895,1.0,0.0,1127.8150634765625,72.3933334350586,0.31736281514167786
1776175741913,1.0,0.0,1128.1165771484375,72.73445892333984,0.3174666464328766
1776175741933,1.0,0.0,1128.4798583984375,73.13912963867188,0.3175700604915619
1776175741955,1.0,0.0,1128.8448486328125,73.49464416503906,0.31765854358673096
1776175741974,1.0,0.0,1129.1502685546875,73.80329132080078,0.3177475929260254
1776175741993,1.0,0.0,1129.4566650390625,74.18065643310547,0.31785205006599426
1776175742013,1.0,0.0,1130.1962890625,74.50444793701172,0.31804630160331726
1776175742038,1.0,0.0,1130.50634765625,74.93053436279297,0.31815314292907715
1776175742060,1.0,0.0,1130.8798828125,75.24446868896484,0.3182426989078522
1776175742077,1.0,0.0,1131.1922607421875,75.60453796386719,0.31834742426872253
1776175742095,1.0,0.0,1131.8831787109375,75.90592956542969,0.3185454308986664
1776175742116,1.0,0.0,1132.26220703125,76.24922180175781,0.31865498423576355
1776175742134,1.0,0.0,1132.5791015625,76.60084533691406,0.31874555349349976
1776175742156,1.0,0.0,1132.9608154296875,76.95086669921875,0.31885266304016113
1776175742181,1.0,0.0,1133.6644287109375,77.3246078491211,0.3190538287162781
1776175742196,1.0,0.0,1134.0501708984375,77.58618927001953,0.31914424896240234
1776175742219,1.0,0.0,1134.372802734375,77.99024200439453,0.3192547559738159
1776175742239,1.0,0.0,1134.7613525390625,78.32411193847656,0.3193652033805847
1776175742254,1.0,0.0,1135.1513671875,78.51866149902344,0.3194572627544403
1776175742278,1.0,0.0,1135.4775390625,78.91413116455078,0.31956946849823
1776175742295,1.0,0.0,1136.1986083984375,79.20883178710938,0.31977272033691406
1776175742317,1.0,0.0,1136.5941162109375,79.58995819091797,0.31986576318740845
1776175742337,1.0,0.0,1136.9249267578125,79.87859344482422,0.3199783265590668
1776175742356,1.0,0.0,1137.3231201171875,80.15764617919922,0.3200701177120209
1776175742377,1.0,0.0,1137.6561279296875,80.48043823242188,0.3201826512813568
1776175742395,1.0,0.0,1138.4593505859375,80.80912780761719,0.3203904330730438
1776175742417,1.0,0.0,1138.7958984375,81.24226379394531,0.32050272822380066
1776175742442,1.0,0.0,1139.201171875,81.62586975097656,0.32059845328330994
1776175742457,1.0,0.0,1139.5400390625,81.85855102539062,0.3207123279571533
1776175742479,1.0,0.0,1140.2889404296875,82.24543762207031,0.32092154026031494
1776175742497,1.0,0.0,1140.6993408203125,82.53692626953125,0.32101693749427795
1776175742517,1.0,0.0,1141.04248046875,82.82929229736328,0.3211320638656616
1776175742537,1.0,0.0,1141.45556640625,83.17440032958984,0.3212476372718811
1776175742555,1.0,0.0,1141.8701171875,83.46713256835938,0.32134413719177246
1776175742574,1.0,0.0,1142.2166748046875,83.75806427001953,0.32146012783050537
1776175742594,1.0,0.0,1142.6339111328125,84.10350799560547,0.32155710458755493
1776175742615,1.0,0.0,1143.40283203125,84.45265197753906,0.3217718005180359
1776175742635,1.0,0.0,1143.7540283203125,84.80502319335938,0.3218894898891449
1776175742658,1.0,0.0,1144.1767578125,85.14911651611328,0.32198745012283325
1776175742674,1.0,0.0,1144.5302734375,85.43571472167969,0.32210445404052734
1776175742693,1.0,0.0,1144.955810546875,85.72125244140625,0.32222479581832886
1776175742715,1.0,0.0,1145.73974609375,86.05923461914062,0.3224446475505829
1776175742735,1.0,0.0,1146.16943359375,86.40217590332031,0.3225444257259369
1776175742754,1.0,0.0,1146.528564453125,86.69567108154297,0.32266518473625183
1776175742774,1.0,0.0,1146.9609375,87.02330017089844,0.3227672874927521
1776175742797,1.0,0.0,1147.75732421875,87.40402221679688,0.3229912519454956
1776175742819,1.0,0.0,1148.120849609375,87.7371826171875,0.32311469316482544
1776175742833,1.0,0.0,1148.5584716796875,87.968017578125,0.32323771715164185
1776175742855,1.0,0.0,1148.9974365234375,88.28137969970703,0.3233407139778137
1776175742877,1.0,0.0,1149.3642578125,88.59754180908203,0.32346415519714355
1776175742895,1.0,0.0,1150.174560546875,88.87245178222656,0.3236931264400482
1776175742920,1.0,0.0,1150.618408203125,89.23370361328125,0.32379865646362305
1776175742933,1.0,0.0,1150.9892578125,89.4531021118164,0.3239242732524872
1776175742955,1.0,0.0,1151.4354248046875,89.7584457397461,0.32405179738998413
1776175742977,1.0,0.0,1151.80810546875,90.05126953125,0.32415708899497986
1776175742996,1.0,0.0,1152.7060546875,90.32877349853516,0.3243921101093292
1776175743014,1.0,0.0,1153.0816650390625,90.55738830566406,0.32451871037483215
1776175743035,1.0,0.0,1153.4580078125,90.83248138427734,0.3246264159679413
1776175743054,1.0,0.0,1153.9107666015625,91.06926727294922,0.32475465536117554
1776175743076,1.0,0.0,1154.36474609375,91.36194610595703,0.32486358284950256
1776175743097,1.0,0.0,1155.2000732421875,91.62773132324219,0.3251028060913086
1776175743114,1.0,0.0,1155.5810546875,91.8135986328125,0.3252323567867279
1776175743136,1.0,0.0,1156.039306640625,92.08987426757812,0.32536494731903076
1776175743156,1.0,0.0,1156.4986572265625,92.2886734008789,0.32547417283058167
1776175743182,1.0,0.0,1157.3433837890625,92.56825256347656,0.3257142901420593
1776175743197,0.9804499745368958,0.0,1157.728515625,92.77801513671875,0.3258505165576935
1776175743215,0.9179500341415405,0.0,1158.191650390625,92.96989440917969,0.3259594142436981
1776175743239,0.8320499658584595,0.0,1158.578369140625,93.19062042236328,0.3260948061943054
1776175743259,0.7070499658584595,0.0,1159.0433349609375,93.43323516845703,0.3262270987033844
1776175743273,0.6211000084877014,0.0,1159.5091552734375,93.5394287109375,0.32634055614471436
1776175743294,0.5038999915122986,0.0,1160.3653564453125,93.68387603759766,0.3265874683856964
1776175743315,0.37299999594688416,0.0,1160.755126953125,93.76712799072266,0.32672378420829773
1776175743347,0.21825000643730164,0.0,1161.2232666015625,93.78398895263672,0.3268347680568695
1776175743362,0.11904999613761902,0.0,1161.6134033203125,93.7519302368164,0.32697024941444397
1776175743385,0.0,0.0,1162.4715576171875,93.66537475585938,0.3272187411785126
1776175743393,0.0,0.0,1162.4715576171875,93.59730529785156,0.3272187411785126
1776175743418,0.0,0.0,1163.32861328125,93.40798950195312,0.3274664878845215
1776175743440,0.0,0.0,1163.7952880859375,93.26431274414062,0.3276013731956482
1776175743455,0.0,0.0,1164.26123046875,93.11749267578125,0.3277140259742737
1776175743480,0.0,0.0,1165.1136474609375,92.92134094238281,0.32796207070350647
1776175743500,0.0,0.0,1165.5003662109375,92.74903106689453,0.3280943036079407
1776175743514,0.0,0.0,1165.9637451171875,92.64837646484375,0.3282078504562378
1776175743533,0.0,0.0,1166.3494873046875,92.4706039428711,0.3283425271511078
1776175743557,0.0,0.0,1166.8116455078125,92.27009582519531,0.328453928232193
1776175743573,0.0,0.0,1167.1962890625,92.14727020263672,0.3285875916481018
1776175743594,0.0,0.0,1167.6572265625,91.9734878540039,0.3287223279476166
1776175743617,0.0,0.0,1168.5003662109375,91.7655258178711,0.3289627134799957
1776175743636,0.0,0.0,1168.959228515625,91.60831451416016,0.3290744125843048
1776175743654,0.0,0.000664277991745621,1169.341064453125,91.45091247558594,0.3292080760002136
1776175743676,0.0,0.014670299366116524,1169.798583984375,91.25946807861328,0.3293410539627075
1776175743698,0.0,0.07823561131954193,1170.6353759765625,91.02011108398438,0.3295844793319702
1776175743715,0.0,0.10905830562114716,1171.0906982421875,90.8018798828125,0.3296944499015808
1776175743737,0.0,0.10905830562114716,1171.4693603515625,90.517333984375,0.32982492446899414
1776175743757,0.0,0.0952945277094841,1171.9227294921875,90.26663208007812,0.3299369812011719
1776175743777,0.0,0.08051890879869461,1172.299560546875,89.97611236572266,0.33006563782691956
1776175743797,0.0,0.07823561131954193,1173.1256103515625,89.69825744628906,0.33030271530151367
1776175743816,0.0,0.07600020617246628,1173.5745849609375,89.46085357666016,0.33043232560157776
1776175743838,0.0,0.07600020617246628,1174.0223388671875,89.14640045166016,0.330538809299469
1776175743859,0.0,0.07823561131954193,1174.39453125,88.9008560180664,0.33066874742507935
1776175743875,0.0,0.07823561131954193,1174.840087890625,88.65362548828125,0.3307768702507019
1776175743895,0.0,0.08051890879869461,1175.6536865234375,88.3741683959961,0.33101174235343933
1776175743915,0.0,0.08526267111301422,1176.0220947265625,88.14030456542969,0.331141859292984
1776175743934,0.0,0.0952945277094841,1176.4632568359375,87.89730834960938,0.33126741647720337
1776175743954,0.0,0.1062031164765358,1176.8299560546875,87.60017395019531,0.3313747048377991
1776175743977,0.0,0.10905830562114716,1177.2689208984375,87.24209594726562,0.33149993419647217
1776175743994,0.0,0.10905830562114716,1177.70654296875,87.0195541381836,0.3316076397895813
1776175744016,0.0,0.1033676341176033,1178.5054931640625,86.66925811767578,0.331839919090271
1776175744035,0.0,0.0979321226477623,1178.8671875,86.40949249267578,0.3319660723209381
1776175744053,0.0,0.09017623215913773,1179.300048828125,86.14988708496094,0.33207085728645325
1776175744073,0.0,0.08285078406333923,1179.6597900390625,85.84086608886719,0.33219626545906067
1776175744094,0.0,0.07823561131954193,1180.09033203125,85.52613067626953,0.3322999179363251
1776175744115,0.0,0.07600020617246628,1180.876220703125,85.2186050415039,0.3325517177581787
1776175744133,0.0,0.07161616533994675,1181.302978515625,84.95954895019531,0.33265528082847595
1776175744153,0.0,0.05065058171749115,1181.65771484375,84.66480255126953,0.33278021216392517
1776175744179,0.0,0.03332889452576637,1182.082275390625,84.35963439941406,0.33288291096687317
1776175744194,0.0,0.019967637956142426,1182.4351806640625,84.09335327148438,0.3330061137676239
1776175744214,0.0,0.011025317013263702,1183.2086181640625,83.80992126464844,0.33323195576667786
1776175744236,0.0,0.005779007915407419,1183.62890625,83.54622650146484,0.3333335816860199
1776175744253,0.0,0.0042554885149002075,1183.9783935546875,83.33031463623047,0.33345475792884827
1776175744277,0.0,0.003737070132046938,1184.3968505859375,83.07515716552734,0.3335741460323334
1776175744296,0.0,0.0034974997397512197,1185.16162109375,82.9046630859375,0.3337978422641754
1776175744314,0.0,0.003269399981945753,1185.5775146484375,82.72562408447266,0.3338994085788727
1776175744333,0.0,0.003269399981945753,1185.9234619140625,82.4874038696289,0.3340195417404175
1776175744354,0.0,0.0028436467982828617,1186.3375244140625,82.26229095458984,0.3341192901134491
1776175744376,0.0,0.00228431960567832,1186.6815185546875,82.06438446044922,0.33424025774002075
1776175744396,0.0,0.001185735920444131,1187.5035400390625,81.896240234375,0.33445996046066284
1776175744417,0.0,0.00010428302630316466,1187.8446044921875,81.70555877685547,0.33457767963409424
1776175744434,0.0,0.0,1188.252685546875,81.54539489746094,0.33467838168144226
1776175744453,0.0,0.0,1188.592041015625,81.36194610595703,0.33479592204093933
1776175744475,0.0,0.0,1188.99853515625,81.2110595703125,0.33489489555358887
1776175744493,0.0,0.0,1189.3369140625,81.03919219970703,0.3350119888782501
1776175744518,0.0,0.0,1190.080322265625,80.83170318603516,0.3352276682853699
1776175744533,0.0,0.0,1190.485107421875,80.7096176147461,0.33534398674964905
1776175744553,0.0,0.0,1190.8892822265625,80.54547119140625,0.33544179797172546
1776175744574,0.0,0.0,1191.2255859375,80.38744354248047,0.33555567264556885
1776175744597,0.0,0.0,1191.96337890625,80.21031951904297,0.3357681334018707
1776175744618,0.0,0.0,1192.3646240234375,80.0466079711914,0.3358624577522278
1776175744634,0.0,0.0,1192.6982421875,79.90071105957031,0.3359754681587219
1776175744653,0.0,0.0,1193.09765625,79.66107940673828,0.3360709249973297
1776175744673,0.0,0.0,1193.429443359375,79.46296691894531,0.33618420362472534
1776175744696,0.0,0.0,1194.1572265625,79.29727172851562,0.3363916575908661
1776175744717,0.0,0.0,1194.553466796875,79.09028625488281,0.33650389313697815
1776175744735,0.0,0.0,1194.948974609375,78.92403411865234,0.33659791946411133
1776175744753,0.0,0.0,1195.2779541015625,78.76737213134766,0.33670932054519653
1776175744773,0.0,0.0,1195.672119140625,78.61676788330078,0.3368028998374939
1776175744797,0.0,0.0,1196.3935546875,78.40412139892578,0.3370074927806854
1776175744817,0.0,0.0,1196.7208251953125,78.22212219238281,0.3371182084083557
1776175744834,0.0,0.0,1197.113037109375,78.09198760986328,0.33722805976867676
1776175744853,0.0,0.0,1197.5045166015625,77.91979217529297,0.3373201787471771
1776175744873,0.0,0.0,1197.8302001953125,77.75395202636719,0.3374291658401489
1776175744893,0.0,0.0,1198.2203369140625,77.61567687988281,0.3375208377838135
1776175744913,0.0,0.0,1198.9337158203125,77.447509765625,0.33772149682044983
1776175744933,0.0,0.0,1199.257080078125,77.2970962524414,0.3378307819366455
1776175744953,0.0,0.0,1199.644287109375,77.15376281738281,0.3379206657409668
1776175744973,0.0,0.0,1199.96630859375,77.0182113647461,0.3380299508571625
1776175744994,0.0,0.0,1200.35205078125,76.88819122314453,0.33811983466148376
1776175745019,0.0,0.0,1201.056884765625,76.7283935546875,0.3383356034755707
1776175745033,0.0,0.0,1201.440185546875,76.62940979003906,0.3384251296520233
1776175745053,0.0,0.0,1201.759033203125,76.49290466308594,0.33853280544281006
1776175745074,0.0,0.0,1202.140869140625,76.37242126464844,0.33862197399139404
1776175745093,0.0,0.0,1202.45849609375,76.2266616821289,0.33872851729393005
1776175745114,0.04365000128746033,0.0,1203.1558837890625,76.08018493652344,0.33892425894737244
1776175745138,0.09920001029968262,0.0,1203.5355224609375,75.91676330566406,0.3390304446220398
1776175745155,0.13885000348091125,0.0,1203.9146728515625,75.78047943115234,0.3391193747520447
1776175745175,0.17059999704360962,0.0,1204.2303466796875,75.61581420898438,0.33922481536865234
1776175745196,0.21424999833106995,0.0,1204.92333984375,75.43061065673828,0.3394183814525604
1776175745215,0.2459999918937683,0.0,1205.30029296875,75.26681518554688,0.3395058810710907
1776175745234,0.2658500075340271,0.0,1205.6138916015625,75.13269805908203,0.33961039781570435
1776175745255,0.289650022983551,0.0,1205.989501953125,74.97222900390625,0.3396974802017212
1776175745277,0.31744998693466187,0.0,1206.302001953125,74.81610870361328,0.3398020267486572
1776175745295,0.35315001010894775,0.0,1206.6763916015625,74.70130920410156,0.3399071991443634
1776175745315,0.3968000113964081,0.0,1207.361572265625,74.59622192382812,0.3400978744029999
1776175745335,0.44440001249313354,0.0,1207.7347412109375,74.52355194091797,0.3401854336261749
1776175745355,0.48410001397132874,0.0,1208.0455322265625,74.4670639038086,0.34028899669647217
1776175745376,0.5038999915122986,0.0,1208.4183349609375,74.45866394042969,0.34037652611732483
1776175745394,0.5156000256538391,0.0,1208.7288818359375,74.48677062988281,0.3404797613620758
1776175745415,0.53125,0.0,1209.4124755859375,74.5357666015625,0.34067049622535706
1776175745433,0.5351499915122986,0.0,1209.78564453125,74.57750701904297,0.34075742959976196
1776175745456,0.5351499915122986,0.0,1210.0968017578125,74.6368179321289,0.34086111187934875
1776175745477,0.5351499915122986,0.0,1210.4703369140625,74.70855712890625,0.34096559882164
1776175745494,0.53125,0.0,1210.843994140625,74.7809066772461,0.34105226397514343
1776175745513,0.5273500084877014,0.0,1211.52978515625,74.85675811767578,0.34124237298965454
1776175745533,0.5273500084877014,0.0,1211.841796875,74.94673919677734,0.3413473963737488
1776175745555,0.5351499915122986,0.0,1212.2164306640625,75.02979278564453,0.3414345383644104
1776175745575,0.5429499745368958,0.0,1212.52880859375,75.1149673461914,0.3415391743183136
1776175745594,0.5508000254631042,0.0,1212.9039306640625,75.184326171875,0.34162628650665283
1776175745619,0.5547000169754028,0.0,1213.59228515625,75.263916015625,0.34183603525161743
1776175745634,0.5586000084877014,0.0,1213.968017578125,75.31177520751953,0.3419232964515686
1776175745654,0.5586000084877014,0.0,1214.2813720703125,75.38200378417969,0.34202802181243896
1776175745676,0.5468500256538391,0.0,1214.6575927734375,75.46118927001953,0.3421162962913513
1776175745694,0.5351499915122986,0.0,1214.9713134765625,75.53123474121094,0.3422214686870575
1776175745714,0.5273500084877014,0.0,1215.6624755859375,75.61097717285156,0.3424140512943268
1776175745735,0.5156000256538391,0.0,1216.0399169921875,75.68667602539062,0.34251901507377625
1776175745753,0.5038999915122986,0.0,1216.417724609375,75.78436279296875,0.3426070511341095
1776175745774,0.49994999170303345,0.0,1216.73291015625,75.8742904663086,0.34271204471588135
1776175745793,0.49994999170303345,0.0,1217.1114501953125,75.92955780029297,0.342800498008728
1776175745814,0.5,0.0,1217.806396484375,76.00399017333984,0.3429945409297943
1776175745835,0.5038999915122986,0.0,1218.1226806640625,76.09410858154297,0.34310024976730347
1776175745853,0.5077999830245972,0.0,1218.5028076171875,76.17407989501953,0.3432072103023529
1776175745879,0.5116999745368958,0.0,1219.200927734375,76.2809066772461,0.34340226650238037
1776175745896,0.5116999745368958,0.0,1219.200927734375,76.34744262695312,0.34340226650238037
1776175745914,0.5116999745368958,0.0,1219.9005126953125,76.46788787841797,0.3435974419116974
1776175745934,0.5156000256538391,0.0,1220.2828369140625,76.57035064697266,0.3436861038208008
1776175745954,0.5273500084877014,0.0,1220.6019287109375,76.67876434326172,0.34379294514656067
1776175745976,0.5820499658584595,0.0,1220.9852294921875,76.77582550048828,0.3438827395439148
1776175745995,0.6405999660491943,0.0,1221.68896484375,76.91053009033203,0.3440791070461273
1776175746017,0.7265499830245972,0.0,1222.0093994140625,77.07646179199219,0.34418612718582153
1776175746035,0.8007999658584595,0.0,1222.39453125,77.2427978515625,0.3442758619785309
1776175746055,0.8827999830245972,0.0,1222.716064453125,77.46637725830078,0.3443829417228699
1776175746081,0.9922000169754028,0.0,1223.4901123046875,77.76876831054688,0.34458187222480774
1776175746095,1.0,0.0,1223.8138427734375,77.98393249511719,0.3446899354457855
1776175746117,1.0,0.0,1224.2034912109375,78.29779052734375,0.34478113055229187
1776175746133,1.0,0.0,1224.5291748046875,78.57210540771484,0.344890832901001
1776175746153,1.0,0.0,1224.92138671875,78.85672760009766,0.3449832797050476
1776175746175,1.0,0.0,1225.249267578125,79.24088287353516,0.3450935184955597
1776175746193,1.0,0.0,1225.64404296875,79.52841186523438,0.3452042043209076
1776175746214,1.0,0.0,1226.37158203125,79.81678771972656,0.3454073369503021
1776175746233,1.0,0.0,1226.7705078125,80.15901184082031,0.34550145268440247
1776175746258,1.0,0.0,1227.1041259765625,80.55784606933594,0.34561359882354736
1776175746276,1.0,0.0,1227.5057373046875,80.85952758789062,0.34570732712745667
1776175746296,1.0,0.0,1228.245849609375,81.20394897460938,0.3459342122077942
1776175746316,1.0,0.0,1228.651611328125,81.53715515136719,0.3460288643836975
1776175746335,1.0,0.0,1228.9908447265625,81.81453704833984,0.34614336490631104
1776175746353,1.0,0.0,1229.3990478515625,82.09315490722656,0.34623846411705017
1776175746375,1.0,0.0,1229.740234375,82.4303207397461,0.34635332226753235
1776175746393,1.0,0.0,1230.1510009765625,82.72441864013672,0.3464489281177521
1776175746415,1.0,0.0,1230.90771484375,83.10025024414062,0.3466610312461853
1776175746435,1.0,0.0,1231.2532958984375,83.37505340576172,0.34677761793136597
1776175746457,1.0,0.0,1231.669189453125,83.74819946289062,0.34687525033950806
1776175746478,1.0,0.0,1232.016845703125,83.98033142089844,0.34699276089668274
1776175746502,1.0,0.0,1232.78515625,84.31953430175781,0.34720945358276367
1776175746517,1.0,0.0,1233.2061767578125,84.64849090576172,0.3473280966281891
1776175746534,1.0,0.0,1233.628662109375,84.93912506103516,0.3474266827106476
1776175746559,1.0,0.0,1233.9818115234375,85.30438995361328,0.3475457429885864
1776175746576,1.0,0.0,1234.4068603515625,85.57127380371094,0.3476458489894867
1776175746593,1.0,0.0,1234.7620849609375,85.82168579101562,0.3477654755115509
1776175746613,1.0,0.0,1235.618408203125,86.13341522216797,0.34798577427864075
1776175746634,1.0,0.0,1235.976806640625,86.48380279541016,0.3481076657772064
1776175746655,1.0,0.0,1236.4083251953125,86.77542114257812,0.3482075333595276
1776175746675,1.0,0.0,1236.76904296875,87.0964584350586,0.3483295142650604
1776175746694,1.0,0.0,1237.2032470703125,87.36990356445312,0.3484322726726532
1776175746715,1.0,0.0,1238.0029296875,87.74044799804688,0.34865567088127136
1776175746735,1.0,0.0,1238.367919921875,88.0218505859375,0.34877994656562805
1776175746753,1.0,0.0,1238.8072509765625,88.30123138427734,0.3488834500312805
1776175746777,1.0,0.0,1239.1744384765625,88.66356658935547,0.3490074574947357
1776175746798,1.0,0.0,1240.0596923828125,88.97869110107422,0.3492359519004822
1776175746817,1.0,0.0,1240.43017578125,89.3102035522461,0.34936070442199707
1776175746839,1.0,0.0,1240.8759765625,89.55895233154297,0.3494652807712555
1776175746855,1.0,0.0,1241.2486572265625,89.89726257324219,0.34959161281585693
1776175746875,1.0,0.0,1241.6971435546875,90.2144546508789,0.34969618916511536
1776175746894,1.0,0.0,1242.0718994140625,90.48162078857422,0.3498234152793884
1776175746915,1.0,0.0,1242.899658203125,90.80313110351562,0.3500577509403229
1776175746934,1.0,0.0,1243.3531494140625,91.13475799560547,0.3501637578010559
1776175746953,1.0,0.0,1243.7320556640625,91.41470336914062,0.35029125213623047
1776175746973,1.0,0.0,1244.1881103515625,91.74175262451172,0.3504204750061035
1776175746993,1.0,0.0,1244.6455078125,92.02554321289062,0.3505275547504425
1776175747016,1.0,0.0,1245.4876708984375,92.39466094970703,0.35076525807380676
1776175747033,1.0,0.0,1245.8719482421875,92.61549377441406,0.35089582204818726
1776175747053,1.0,0.0,1246.3343505859375,92.93102264404297,0.3510262370109558
1776175747074,1.0,0.0,1246.7982177734375,93.24855041503906,0.3511345386505127
1776175747093,1.0,0.0,1247.185791015625,93.57049560546875,0.3512437045574188
1776175747113,1.0,0.0,1248.0419921875,93.86170959472656,0.3515079915523529
1776175747134,1.0,0.0,1248.5111083984375,94.2099838256836,0.3516196012496948
1776175747153,1.0,0.0,1248.903076171875,94.53514862060547,0.3517515957355499
1776175747175,1.0,0.0,1249.374755859375,94.84934997558594,0.3518628180027008
1776175747193,1.0,0.0,1249.768798828125,95.1244888305664,0.35199660062789917
1776175747214,1.0,0.0,1250.7183837890625,95.44500732421875,0.35224196314811707
1776175747234,1.0,0.0,1251.1156005859375,95.75162506103516,0.35237762331962585
1776175747253,1.0,0.0,1251.593505859375,96.01608276367188,0.3524899482727051
1776175747273,1.0,0.0,1251.99267578125,96.33012390136719,0.3526255190372467
1776175747293,1.0,0.0,1252.4730224609375,96.59803009033203,0.3527371287345886
1776175747314,1.0,0.0,1253.3570556640625,96.91027069091797,0.35298871994018555
1776175747335,1.0,0.0,1253.760498046875,97.22736358642578,0.3531242907047272
1776175747353,1.0,0.0,1254.245849609375,97.49883270263672,0.35323914885520935
1776175747374,1.0,0.0,1254.6513671875,97.81597900390625,0.3533764183521271
1776175747393,1.0,0.0,1255.1392822265625,98.13465118408203,0.35351330041885376
1776175747414,1.0,0.0,1256.0372314453125,98.39637756347656,0.35376667976379395
1776175747434,1.0,0.0,1256.5289306640625,98.69611358642578,0.353882372379303
1776175747453,1.0,0.0,1256.9395751953125,98.99984741210938,0.35402199625968933
1776175747473,1.0,0.0,1257.43359375,99.25508880615234,0.35413798689842224
1776175747493,1.0,0.0,1257.8463134765625,99.5599136352539,0.3542783558368683
1776175747513,1.0,0.0,1258.8404541015625,99.86691284179688,0.35453566908836365
1776175747535,1.0,0.0,1259.2562255859375,100.17371368408203,0.35467642545700073
1776175747553,1.0,0.0,1259.75634765625,100.43108367919922,0.3547934591770172
1776175747574,1.0,0.0,1260.174072265625,100.72157287597656,0.3549346327781677
1776175747593,1.0,0.0,1260.676513671875,100.96725463867188,0.3550528287887573
1776175747613,1.0,0.0,1261.600830078125,101.255859375,0.3553140461444855
1776175747633,1.0,0.0,1262.0223388671875,101.54393768310547,0.3554552495479584
1776175747653,1.0,0.0,1262.529296875,101.79615783691406,0.3555997908115387
1776175747673,1.0,0.0,1263.03759765625,102.09518432617188,0.3557182252407074
1776175747693,1.0,0.0,1263.462158203125,102.3871078491211,0.35583895444869995
1776175747714,1.0,0.0,1264.399169921875,102.65193176269531,0.35612794756889343
1776175747734,1.0,0.0,1264.9119873046875,102.9392318725586,0.3562483489513397
1776175747753,1.0,0.0,1265.34033203125,103.181884765625,0.3563932180404663
1776175747773,1.0,0.0,1265.8553466796875,103.41886901855469,0.3565137982368469
1776175747793,1.0,0.0,1266.2852783203125,103.72368621826172,0.35666072368621826
1776175747813,1.0,0.0,1267.321044921875,104.00599670410156,0.3569270968437195
1776175747834,1.0,0.0,1267.7540283203125,104.2527084350586,0.3570745289325714
1776175747853,1.0,0.0,1268.2747802734375,104.54521942138672,0.35719579458236694
1776175747873,1.0,0.0,1268.709716796875,104.83151245117188,0.35734501481056213
1776175747893,1.0,0.0,1269.2327880859375,105.07044982910156,0.35746797919273376
1776175747913,1.0,0.0,1270.19482421875,105.35131072998047,0.3577395975589752
1776175747935,1.0,0.0,1270.6334228515625,105.62614440917969,0.3578866124153137
1776175747953,1.0,0.0,1271.1607666015625,105.85803985595703,0.3580119013786316
1776175747973,1.0,0.0,1271.60107421875,106.13048553466797,0.35816165804862976
1776175747993,1.0,0.0,1272.130615234375,106.40222930908203,0.358309805393219
1776175748013,1.0,0.0,1273.1046142578125,106.64258575439453,0.35858699679374695
1776175748033,1.0,0.0,1273.6375732421875,106.94432830810547,0.35871148109436035
1776175748053,1.0,0.0,1274.0826416015625,107.22160339355469,0.35886150598526
1776175748073,1.0,0.0,1274.617919921875,107.4409408569336,0.3589886426925659
1776175748093,1.0,0.0,1275.0648193359375,107.7016830444336,0.35913917422294617
1776175748113,1.0,0.0,1276.140380859375,107.9757308959961,0.3594176471233368
1776175748133,1.0,0.0,1276.5899658203125,108.21031951904297,0.35957056283950806
1776175748153,1.0,0.0,1277.1304931640625,108.48712921142578,0.3596969544887543
1776175748173,1.0,0.0,1277.581787109375,108.76863098144531,0.35984957218170166
1776175748193,1.0,0.0,1278.12451171875,109.00039672851562,0.35997772216796875
1776175748213,1.0,0.0,1279.1224365234375,109.25804901123047,0.3602581024169922
1776175748233,1.0,0.0,1279.5772705078125,109.51922607421875,0.36041340231895447
1776175748253,1.0,0.0,1280.1241455078125,109.74769592285156,0.3605678081512451
1776175748273,1.0,0.0,1280.6722412109375,110.0169448852539,0.36069560050964355
1776175748295,1.0,0.0,1281.6800537109375,110.29055786132812,0.360980749130249
1776175748313,1.0,0.0,1282.139404296875,110.52082061767578,0.3611370325088501
1776175748333,1.0,0.0,1282.691650390625,110.77851867675781,0.36126649379730225
1776175748353,1.0,0.0,1283.1527099609375,111.04219818115234,0.36142221093177795
1776175748373,1.0,0.0,1283.70703125,111.26212310791016,0.36155247688293457
1776175748393,1.0,0.0,1284.1697998046875,111.52440643310547,0.3617083430290222
1776175748413,1.0,0.0,1285.28369140625,111.7897720336914,0.36199718713760376
1776175748433,1.0,0.0,1285.7491455078125,112.00980377197266,0.3621542751789093
1776175748453,1.0,0.0,1286.3087158203125,112.27401733398438,0.36228588223457336
1776175748474,1.0,0.0,1286.77587890625,112.53082275390625,0.3624441921710968
1776175748493,1.0,0.0,1287.3375244140625,112.75106048583984,0.362575888633728
1776175748513,1.0,0.0,1288.3699951171875,113.01531219482422,0.36286577582359314
1776175748533,1.0,0.0,1288.840576171875,113.2742919921875,0.3630247414112091
1776175748554,1.0,0.0,1289.40625,113.48654174804688,0.3631851077079773
1776175748573,1.0,0.0,1289.9730224609375,113.73417663574219,0.3633176386356354
1776175748593,1.0,0.0,1290.446044921875,113.99411010742188,0.3634759485721588
1776175748613,1.0,0.0,1291.4893798828125,114.22114562988281,0.36376920342445374
1776175748633,1.0,0.0,1292.06005859375,114.46761322021484,0.3639026880264282
1776175748653,1.0,0.0,1292.536376953125,114.71165466308594,0.36406317353248596
1776175748673,1.0,0.0,1293.10888671875,114.92327117919922,0.3641975224018097
1776175748693,0.9843499660491943,0.0,1293.5867919921875,115.17032623291016,0.3643602132797241
1776175748713,0.9179500341415405,0.0,1294.7366943359375,115.42144012451172,0.3646557629108429
1776175748733,0.8359500169754028,0.0,1295.217041015625,115.63337707519531,0.36481690406799316
1776175748753,0.7382999658584595,0.0,1295.7945556640625,115.84732818603516,0.3649522662162781
1776175748773,0.6366999745368958,0.0,1296.2764892578125,115.89717864990234,0.36511439085006714
1776175748793,0.5586000084877014,0.0,1296.8555908203125,115.86302185058594,0.36524978280067444
1776175748813,0.4761500060558319,0.0,1297.917236328125,115.83023071289062,0.3655478060245514
1776175748834,0.40869998931884766,0.0,1298.3995361328125,115.79336547851562,0.3657096326351166
1776175748853,0.3650500178337097,0.0,1298.9781494140625,115.76237487792969,0.36584392189979553
1776175748873,0.32934999465942383,0.0,1299.460205078125,115.72620391845703,0.36600661277770996
1776175748893,0.3095000088214874,0.0,1300.03857421875,115.69023132324219,0.36616945266723633
1776175748913,0.3095000088214874,0.0,1301.0986328125,115.6590576171875,0.3664655089378357
1776175748933,0.3452000021934509,0.0,1301.676513671875,115.6218032836914,0.3666008710861206
1776175748953,0.40470001101493835,0.0,1302.157958984375,115.5840072631836,0.36676186323165894
1776175748974,0.4721499979496002,0.0,1302.735595703125,115.55282592773438,0.36689767241477966
1776175748993,0.53125,0.0,1303.216796875,115.5169677734375,0.36705881357192993
1776175749013,0.6093499660491943,0.0,1304.3714599609375,115.60308837890625,0.3673551082611084
1776175749034,0.6952999830245972,0.0,1304.8525390625,115.9922103881836,0.3675176501274109
1776175749053,0.7538999915122986,0.0,1305.4312744140625,116.33057403564453,0.3676533102989197
1776175749073,0.8163999915122986,0.0,1305.9150390625,116.66419982910156,0.367816299200058
1776175749093,0.8672000169754028,0.0,1306.4971923828125,116.9078369140625,0.3679520785808563
1776175749113,0.9257999658584595,0.0,1307.5682373046875,117.12509155273438,0.36825230717658997
1776175749133,0.9765499830245972,0.0,1308.0562744140625,117.35879516601562,0.368416428565979
1776175749153,1.0,0.0,1308.6427001953125,117.56425476074219,0.368580162525177
1776175749173,1.0,0.0,1309.230224609375,117.81019592285156,0.36871829628944397
1776175749193,1.0,0.0,1309.7205810546875,118.0575942993164,0.3688829839229584
1776175749213,1.0,0.0,1310.8018798828125,118.26638793945312,0.3691863715648651
1776175749234,1.0,0.0,1311.3931884765625,118.50823974609375,0.3693242371082306
1776175749253,1.0,0.0,1311.88671875,118.75465393066406,0.3694899380207062
1776175749273,1.0,0.0,1312.47998046875,118.96626281738281,0.36962878704071045
1776175749293,1.0,0.0,1312.97509765625,119.21131134033203,0.36979547142982483
1776175749313,1.0,0.0,1314.1663818359375,119.46293640136719,0.37010177969932556
1776175749334,1.0,0.0,1314.6639404296875,119.70003509521484,0.37026917934417725
1776175749353,1.0,0.0,1315.261962890625,119.90257263183594,0.3704087436199188
1776175749373,1.0,0.0,1315.760986328125,120.14483642578125,0.3705766797065735
1776175749393,1.0,0.0,1316.3607177734375,120.34971618652344,0.3707171380519867
1776175749413,1.0,0.0,1317.4627685546875,120.58638763427734,0.3710259199142456
1776175749433,1.0,0.0,1317.96484375,120.81600189208984,0.37119537591934204
1776175749453,1.0,0.0,1318.5682373046875,121.01904296875,0.371364563703537
1776175749473,1.0,0.0,1319.172607421875,121.26678466796875,0.3715057671070099
1776175749493,1.0,0.0,1319.677001953125,121.51179504394531,0.3716758191585541
1776175749513,1.0,0.0,1320.7894287109375,121.71961212158203,0.37198808789253235
1776175749533,1.0,0.0,1321.3975830078125,121.96105194091797,0.3721303641796112
1776175749553,1.0,0.0,1321.9051513671875,122.20178985595703,0.3723011612892151
1776175749573,1.0,0.0,1322.5152587890625,122.3971939086914,0.37244391441345215
1776175749593,1.0,0.0,1323.0245361328125,122.63606262207031,0.37261563539505005
1776175749613,1.0,0.0,1324.2496337890625,122.89952850341797,0.37293070554733276
1776175749633,1.0,0.0,1324.7613525390625,123.10888671875,0.3731030821800232
1776175749653,1.0,0.0,1325.3763427734375,123.33992004394531,0.3732469379901886
1776175749673,1.0,0.0,1325.8896484375,123.55950927734375,0.3734198212623596
1776175749693,1.0,0.0,1326.5064697265625,123.7598876953125,0.373564213514328
1776175749713,1.0,0.0,1327.639892578125,124.02078247070312,0.3738822042942047
1776175749733,1.0,0.0,1328.15625,124.27027130126953,0.37405624985694885
1776175749753,1.0,0.0,1328.77685546875,124.46485137939453,0.37422996759414673
1776175749773,1.0,0.0,1329.3984375,124.69776153564453,0.3743755519390106
1776175749793,1.0,0.0,1329.917236328125,124.94080352783203,0.3745501637458801
1776175749813,1.0,0.0,1331.06103515625,125.1512451171875,0.3748716413974762
1776175749833,1.0,0.0,1331.6864013671875,125.39215087890625,0.37501829862594604
1776175749853,1.0,0.0,1332.208251953125,125.6305160522461,0.3751942217350006
1776175749873,1.0,0.0,1332.83544921875,125.83642578125,0.37534022331237793
1776175749893,1.0,0.0,1333.35888671875,126.06729125976562,0.3755170702934265
1776175749913,1.0,0.0,1334.617919921875,126.30319213867188,0.3758414387702942
1776175749933,1.0,0.0,1335.1436767578125,126.51509094238281,0.3760181665420532
1776175749954,1.0,0.0,1335.775634765625,126.74842834472656,0.3761662244796753
1776175749973,1.0,0.0,1336.302978515625,126.98705291748047,0.37634387612342834
1776175749993,1.0,0.0,1336.936767578125,127.1969985961914,0.37649208307266235
1776175750013,1.0,0.0,1338.1014404296875,127.43144989013672,0.37681901454925537
1776175750033,1.0,0.0,1338.6319580078125,127.67294311523438,0.3769978880882263
1776175750053,1.0,0.0,1339.2696533203125,127.88397216796875,0.3771771788597107
1776175750073,1.0,0.0,1339.908447265625,128.1213836669922,0.37732699513435364
1776175750093,1.0,0.0,1340.4415283203125,128.3660430908203,0.3775065541267395
1776175750113,1.0,0.0,1341.6168212890625,128.57498168945312,0.3778366148471832
1776175750133,1.0,0.0,1342.2593994140625,128.81158447265625,0.37798619270324707
1776175750153,1.0,0.0,1342.795654296875,129.050048828125,0.37816694378852844
1776175750173,1.0,0.0,1343.4400634765625,129.2484893798828,0.37831801176071167
1776175750193,1.0,0.0,1343.977783203125,129.4724884033203,0.378499299287796
1776175750213,1.0,0.0,1345.271240234375,129.70352172851562,0.3788321316242218
1776175750234,1.0,0.0,1345.8114013671875,129.9668731689453,0.3790137469768524
1776175750253,1.0,0.0,1346.4605712890625,130.17539978027344,0.3791660666465759
1776175750273,1.0,0.0,1347.0023193359375,130.40330505371094,0.3793482184410095
1776175750293,1.0,0.0,1347.6533203125,130.5961456298828,0.3795015513896942
1776175750313,1.0,0.0,1348.8492431640625,130.82269287109375,0.37983646988868713
1776175750333,1.0,0.0,1349.3939208984375,131.0527801513672,0.38002002239227295
1776175750353,1.0,0.0,1350.0484619140625,131.2473602294922,0.3802039623260498
1776175750373,1.0,0.0,1350.7039794921875,131.4831085205078,0.3803575932979584
1776175750393,1.0,0.0,1351.2509765625,131.7284393310547,0.38054201006889343
1776175750413,1.0,0.0,1352.4571533203125,131.93064880371094,0.38088077306747437
1776175750434,1.0,0.0,1353.1165771484375,132.16754150390625,0.3810350298881531
1776175750453,1.0,0.0,1353.6668701171875,132.40829467773438,0.38122037053108215
1776175750473,1.0,0.0,1354.3282470703125,132.60964965820312,0.3813745379447937
1776175750493,1.0,0.0,1354.880126953125,132.84523010253906,0.38156092166900635
1776175750513,1.0,0.0,1356.2073974609375,133.07659912109375,0.38190215826034546
1776175750534,1.0,0.0,1356.761474609375,133.26771545410156,0.382088840007782
1776175750553,1.0,0.0,1357.42724609375,133.4775390625,0.38224464654922485
1776175750573,1.0,0.0,1357.9827880859375,133.69752502441406,0.38243192434310913
1776175750593,1.0,0.0,1358.6502685546875,133.90707397460938,0.3825882375240326
1776175750613,1.0,0.0,1359.876708984375,134.1533966064453,0.3829328119754791
1776175750633,1.0,0.0,1360.4354248046875,134.38980102539062,0.3831213116645813
1776175750653,1.0,0.0,1361.1068115234375,134.57952880859375,0.3833089768886566
1776175750673,1.0,0.0,1361.7791748046875,134.80465698242188,0.3834657371044159
1776175750693,1.0,0.0,1362.3402099609375,135.0382080078125,0.3836536109447479
1776175750713,1.0,0.0,1363.5767822265625,135.23719787597656,0.38400158286094666
1776175750734,1.0,0.0,1364.252685546875,135.46572875976562,0.3841605484485626
1776175750753,1.0,0.0,1364.816650390625,135.68202209472656,0.38435086607933044
1776175750773,1.0,0.0,1365.4942626953125,135.86761474609375,0.38450875878334045
1776175750793,1.0,0.0,1366.0595703125,136.0911102294922,0.38469961285591125
1776175750813,1.0,0.0,1367.419189453125,136.3161163330078,0.38504940271377563
1776175750833,1.0,0.0,1367.9869384765625,136.51666259765625,0.3852405250072479
1776175750853,1.0,0.0,1368.669189453125,136.7461395263672,0.3853999376296997
1776175750873,1.0,0.0,1369.238525390625,136.97682189941406,0.385591596364975
1776175750893,1.0,0.0,1369.922607421875,137.16773986816406,0.38575154542922974
1776175750913,1.0,0.0,1371.1793212890625,137.38998413085938,0.3861042857170105
1776175750934,1.0,0.0,1371.7515869140625,137.6141815185547,0.3862966299057007
1776175750953,1.0,0.0,1372.439208984375,137.80673217773438,0.3864891827106476
1776175750973,1.0,0.0,1373.127685546875,138.0236053466797,0.38665035367012024
1776175750993,1.0,0.0,1373.7021484375,138.24192810058594,0.38684383034706116
1776175751013,1.0,0.0,1374.9681396484375,138.42689514160156,0.3871990442276001
1776175751033,1.0,0.0,1375.659912109375,138.64454650878906,0.38736075162887573
1776175751053,1.0,0.0,1376.2371826171875,138.85662841796875,0.38755515217781067
1776175751073,1.0,0.0,1376.9307861328125,139.04559326171875,0.3877169191837311
1776175751093,1.0,0.0,1377.509521484375,139.27435302734375,0.3879117965698242
1776175751113,1.0,0.0,1378.901123046875,139.49838256835938,0.38826969265937805
1776175751133,1.0,0.0,1379.482177734375,139.67201232910156,0.38846534490585327
1776175751153,1.0,0.0,1380.18017578125,139.8954315185547,0.38862961530685425
1776175751173,1.0,0.0,1380.7625732421875,140.1209259033203,0.38882479071617126
1776175751193,1.0,0.0,1381.4622802734375,140.29818725585938,0.38898980617523193
1776175751213,1.0,0.0,1382.747314453125,140.50286865234375,0.38934820890426636
1776175751234,1.0,0.0,1383.3323974609375,140.71873474121094,0.3895453214645386
1776175751253,1.0,0.0,1384.035400390625,140.91163635253906,0.38974282145500183
1776175751273,1.0,0.0,1384.7393798828125,141.125244140625,0.38990727066993713
1776175751293,1.0,0.0,1385.3267822265625,141.33766174316406,0.39010509848594666
1776175751313,1.0,0.0,1386.6212158203125,141.52615356445312,0.3904682993888855
1776175751334,1.0,0.0,1387.32861328125,141.74362182617188,0.3906339704990387
1776175751353,1.0,0.0,1387.9188232421875,141.95318603515625,0.3908323645591736
1776175751373,1.0,0.0,1388.6279296875,142.1324462890625,0.39099809527397156
1776175751393,1.0,0.0,1389.2196044921875,142.3482666015625,0.3911970257759094
1776175751413,1.0,0.0,1390.6422119140625,142.55812072753906,0.3915634751319885
1776175751433,1.0,0.0,1391.236083984375,142.74563598632812,0.39176321029663086
1776175751453,1.0,0.0,1391.9495849609375,142.96434020996094,0.3919300436973572
1776175751473,1.0,0.0,1392.544921875,143.16876220703125,0.39213046431541443
1776175751493,1.0,0.0,1393.2601318359375,143.33958435058594,0.3922977149486542
1776175751513,1.0,0.0,1394.573486328125,143.54632568359375,0.3926659822463989
1776175751533,1.0,0.0,1395.1715087890625,143.76556396484375,0.39286789298057556
1776175751553,1.0,0.0,1395.889892578125,143.94952392578125,0.3930685222148895
1776175751573,1.0,0.0,1396.6092529296875,144.1492156982422,0.3932374119758606
1776175751593,1.0,0.0,1397.2093505859375,144.3470458984375,0.3934395909309387
1776175751613,1.0,0.0,1398.531494140625,144.52976989746094,0.3938096761703491
1776175751633,1.0,0.0,1399.25390625,144.74415588378906,0.39397960901260376
1776175751653,1.0,0.0,1399.8565673828125,144.9424285888672,0.39418232440948486
1776175751673,1.0,0.0,1400.58056640625,145.10488891601562,0.39435166120529175
1776175751693,1.0,0.0,1401.1844482421875,145.30079650878906,0.3945547044277191
1776175751713,1.0,0.0,1402.63623046875,145.50604248046875,0.3949282169342041
1776175751733,1.0,0.0,1403.2421875,145.68853759765625,0.39513251185417175
1776175751753,1.0,0.0,1403.97021484375,145.89596557617188,0.39530277252197266
1776175751773,1.0,0.0,1404.57763671875,146.1053466796875,0.3955077826976776
1776175751793,1.0,0.0,1405.3072509765625,146.28182983398438,0.3956790864467621
1776175751813,1.0,0.0,1406.6473388671875,146.47511291503906,0.39605435729026794
1776175751833,1.0,0.0,1407.25732421875,146.68312072753906,0.39626041054725647
1776175751853,1.0,0.0,1407.990234375,146.86024475097656,0.3964679539203644
1776175751873,1.0,0.0,1408.7239990234375,147.0601348876953,0.39663830399513245
1776175751893,1.0,0.0,1409.336181640625,147.26284790039062,0.39684557914733887
1776175751913,1.0,0.0,1410.68505859375,147.43133544921875,0.3972225487232208
1776175751933,1.0,0.0,1411.4219970703125,147.63377380371094,0.39739567041397095
1776175751953,1.0,0.0,1412.036865234375,147.84178161621094,0.3976030945777893
1776175751973,1.0,0.0,1412.7755126953125,148.0236358642578,0.39777639508247375
1776175751993,1.0,0.0,1413.3917236328125,148.22589111328125,0.39798328280448914
1776175752013,1.0,0.0,1414.873046875,148.40579223632812,0.3983646333217621
1776175752033,1.0,0.0,1415.4910888671875,148.5703125,0.39857321977615356
1776175752053,1.0,0.0,1416.2335205078125,148.76168823242188,0.39874696731567383
1776175752073,1.0,0.0,1416.8529052734375,148.9573211669922,0.3989558219909668
1776175752093,1.0,0.0,1417.596923828125,149.13436889648438,0.3991306722164154
1776175752113,1.0,0.0,1418.9632568359375,149.33999633789062,0.399514764547348
1776175752134,1.0,0.0,1419.5853271484375,149.53236389160156,0.39972493052482605
1776175752153,1.0,0.0,1420.33251953125,149.69313049316406,0.3999345898628235
1776175752173,1.0,0.0,1420.955810546875,149.89337158203125,0.40011066198349
1776175752193,1.0,0.0,1421.7044677734375,150.08206176757812,0.400320440530777
1776175752213,1.0,0.0,1423.0792236328125,150.24154663085938,0.40070784091949463
1776175752234,1.0,0.0,1423.8302001953125,150.43251037597656,0.40088340640068054
1776175752253,1.0,0.0,1424.4566650390625,150.6246337890625,0.4010947346687317
1776175752273,1.0,0.0,1425.209228515625,150.7888946533203,0.40127140283584595
1776175752293,1.0,0.0,1425.8370361328125,150.98745727539062,0.4014829397201538
1776175752313,1.0,0.0,1427.34619140625,151.18743896484375,0.40187278389930725
1776175752333,1.0,0.0,1427.9759521484375,151.34548950195312,0.4020858108997345
1776175752353,1.0,0.0,1428.7322998046875,151.521240234375,0.402262419462204
1776175752373,1.0,0.0,1429.3631591796875,151.69764709472656,0.4024752378463745
1776175752393,1.0,0.0,1430.1207275390625,151.84844970703125,0.40265190601348877
1776175752413,1.0,0.0,1431.51171875,152.02735900878906,0.40304335951805115
1776175752433,1.0,0.0,1432.1448974609375,152.21949768066406,0.4032573103904724
1776175752453,1.0,0.0,1432.905517578125,152.39341735839844,0.4034710228443146
1776175752473,1.0,0.0,1433.6669921875,152.58692932128906,0.4036494195461273
1776175752493,1.0,0.0,1434.30224609375,152.77731323242188,0.40386414527893066
1776175752513,1.0,0.0,1435.7017822265625,152.94070434570312,0.40425750613212585
1776175752533,1.0,0.0,1436.4661865234375,153.12318420410156,0.4044373333454132
1776175752553,1.0,0.0,1437.103759765625,153.30191040039062,0.4046514630317688
1776175752573,1.0,0.0,1437.86962890625,153.45806884765625,0.4048314690589905
1776175752593,1.0,0.0,1438.5084228515625,153.64944458007812,0.4050472378730774
1776175752613,1.0,0.0,1440.0438232421875,153.8323211669922,0.40544188022613525
1776175752634,1.0,0.0,1440.6844482421875,153.98377990722656,0.4056588113307953
1776175752653,1.0,0.0,1441.4539794921875,154.15655517578125,0.40583857893943787
1776175752673,1.0,0.0,1442.0958251953125,154.3415985107422,0.4060544967651367
1776175752693,1.0,0.0,1442.8668212890625,154.50819396972656,0.4062351584434509
1776175752713,1.0,0.0,1444.2825927734375,154.7010040283203,0.40663304924964905
1776175752733,1.0,0.0,1444.9271240234375,154.8760528564453,0.4068495035171509
1776175752753,1.0,0.0,1445.7012939453125,155.03079223632812,0.4070664942264557
1776175752773,1.0,0.0,1446.4761962890625,155.2130584716797,0.4072481691837311
1776175752793,1.0,0.0,1447.12255859375,155.39515686035156,0.4074650704860687
1776175752813,1.0,0.0,1448.5465087890625,155.54666137695312,0.4078654646873474
1776175752833,1.0,0.0,1449.32421875,155.7294464111328,0.408046156167984
1776175752853,1.0,0.0,1449.972900390625,155.91082763671875,0.40826651453971863
1776175752873,1.0,0.0,1450.7518310546875,156.0592498779297,0.4084489941596985
1776175752893,0.9452999830245972,0.0,1451.4014892578125,156.21707153320312,0.4086664617061615
1776175752913,0.71875,0.0,1452.9622802734375,156.36624145507812,0.40906786918640137
1776175752934,0.4364500045776367,0.0,1453.61328125,156.47354125976562,0.4092875123023987
1776175752953,0.0,0.0,1454.3951416015625,156.54148864746094,0.40947064757347107
1776175752973,0.0,0.0,1455.0469970703125,156.5255889892578,0.409689724445343
1776175752993,0.0,0.0,1455.8294677734375,156.47508239746094,0.40987318754196167
1776175753013,0.0,0.0,1457.2635498046875,156.40048217773438,0.41027572751045227
1776175753033,0.0,0.0,1457.9150390625,156.32913208007812,0.41049474477767944
1776175753053,0.0,0.0,1458.6964111328125,156.26766967773438,0.410714715719223
1776175753073,0.0,0.0,1459.4774169921875,156.19256591796875,0.4108966588973999
1776175753093,0.0,0.0,1460.1279296875,156.1084747314453,0.41111546754837036
1776175753113,0.0,0.0,1461.5582275390625,156.03030395507812,0.4115162491798401
1776175753133,0.0,0.014670299366116524,1462.338134765625,155.93377685546875,0.4116997718811035
1776175753153,0.0,0.22914811968803406,1462.9879150390625,155.8047332763672,0.41191819310188293
1776175753173,0.0,0.7132585644721985,1463.767333984375,155.53550720214844,0.4120998680591583
1776175753193,0.0,1.0,1464.4163818359375,154.8668212890625,0.4123196303844452
1776175753213,0.0,1.0,1465.9678955078125,154.06744384765625,0.41271838545799255
1776175753233,0.0,1.0,1466.610107421875,153.3770751953125,0.41293269395828247
1776175753253,0.0,0.7132585644721985,1467.3773193359375,152.55264282226562,0.41311097145080566
1776175753274,0.0,0.527914822101593,1468.0137939453125,151.78660583496094,0.4133254885673523
1776175753293,0.0,0.4833733141422272,1468.774169921875,151.25001525878906,0.41350263357162476
1776175753313,0.0,0.6468548774719238,1470.1602783203125,150.70726013183594,0.41389161348342896
1776175753334,0.0,0.9146422147750854,1470.7877197265625,150.06198120117188,0.414102703332901
1776175753353,0.0,1.0,1471.53857421875,149.38858032226562,0.4143131673336029
1776175753373,0.0,1.0,1472.2864990234375,148.56143188476562,0.41448745131492615
1776175753393,0.0,1.0,1472.9072265625,147.7138671875,0.4146968126296997
1776175753413,0.0,1.0,1474.2640380859375,146.9998016357422,0.4150756895542145
1776175753433,0.0,1.0,1474.9991455078125,146.2095184326172,0.4152465760707855
1776175753453,0.0,1.0,1475.6092529296875,145.41078186035156,0.41545191407203674
1776175753473,0.0,1.0,1476.33837890625,144.74871826171875,0.41562172770500183
1776175753493,0.0,1.0,1476.943603515625,143.97369384765625,0.4158259332180023
1776175753513,0.0,1.0,1478.386962890625,143.15200805664062,0.4161955416202545
1776175753534,0.0,1.0,1478.9844970703125,142.33493041992188,0.4163954257965088
1776175753553,0.0,1.0,1479.6983642578125,141.6301727294922,0.4165612757205963
1776175753573,0.0,1.0,1480.2906494140625,140.7684783935547,0.4167596399784088
1776175753594,0.0,1.0,1480.9981689453125,140.00888061523438,0.4169248640537262
1776175753613,0.0,1.0,1482.28564453125,139.10702514648438,0.4172839820384979
1776175753635,0.0,1.0,1482.866455078125,138.2122039794922,0.41747862100601196
1776175753653,0.0,1.0,1483.5599365234375,137.4151611328125,0.4176720380783081
1776175753673,0.0,1.0,1484.2493896484375,136.4690399169922,0.41783323884010315
1776175753693,0.0,1.0,1484.82080078125,135.5040740966797,0.41802501678466797
1776175753713,0.0,1.0,1486.06787109375,134.72003173828125,0.41837307810783386
1776175753733,0.0,1.0,1486.7423095703125,133.73033142089844,0.41853067278862
1776175753753,0.0,1.0,1487.30126953125,132.82164001464844,0.41871801018714905
1776175753773,0.0,1.0,1487.96826171875,132.03770446777344,0.4188743531703949
1776175753793,0.0,1.0,1488.5211181640625,131.12112426757812,0.41905903816223145
1776175753813,0.0,1.0,1489.8367919921875,130.21412658691406,0.4193952679634094
1776175753834,0.0,1.0,1490.38037109375,129.49932861328125,0.41957762837409973
1776175753853,0.0,1.0,1491.029296875,128.6682586669922,0.41972815990448
1776175753873,0.0,1.0,1491.5673828125,127.80535125732422,0.4199082553386688
1776175753893,0.0,1.0,1492.2098388671875,127.10105895996094,0.4200576841831207
1776175753913,0.0,1.0,1493.37841796875,126.29168701171875,0.4203852713108063
1776175753933,0.0,1.0,1493.90576171875,125.43697357177734,0.4205613434314728
1776175753953,0.0,1.0,1494.5352783203125,124.66070556640625,0.4207364022731781
1776175753973,0.0,1.0,1495.1611328125,123.80026245117188,0.42088237404823303
1776175753993,0.0,1.0,1495.6796875,122.9535140991211,0.4210565686225891
1776175754013,0.0,1.0,1496.8115234375,122.2035903930664,0.42137396335601807
1776175754033,0.0,0.9567133188247681,1497.423583984375,121.29727172851562,0.42151615023612976
1776175754053,0.0,0.8741154074668884,1497.9306640625,120.39503479003906,0.42168548703193665
1776175754073,0.0,0.7968763709068298,1498.535400390625,119.69532775878906,0.42182543873786926
1776175754093,0.0,0.7247689962387085,1499.036376953125,118.89619445800781,0.4219934344291687
1776175754113,0.0,0.6468548774719238,1500.2288818359375,118.09298706054688,0.42229899764060974
1776175754134,0.0,0.5753976702690125,1500.7218017578125,117.47338104248047,0.4224647879600525
1776175754153,0.0,0.41798844933509827,1501.310302734375,116.91053771972656,0.42260199785232544
1776175754173,0.0,0.3593418002128601,1501.7987060546875,116.49053192138672,0.4227656424045563
1776175754193,0.0,0.3390239179134369,1502.3829345703125,116.1827392578125,0.4229021668434143
1776175754213,0.0,0.325955867767334,1503.4500732421875,115.83279418945312,0.42320042848587036
1776175754233,0.0,0.325955867767334,1503.93359375,115.49552917480469,0.4233633279800415
1776175754253,0.0,0.31956228613853455,1504.5126953125,115.20478820800781,0.4235256612300873
1776175754273,0.0,0.2948283851146698,1505.0904541015625,114.87154388427734,0.4236602783203125
1776175754293,0.0,0.24967923760414124,1505.5709228515625,114.56501007080078,0.42382094264030457
1776175754314,0.0,0.22914811968803406,1506.624755859375,114.33798217773438,0.424115389585495
1776175754333,0.0,0.22914811968803406,1507.197998046875,114.09627532958984,0.4242502450942993
1776175754353,0.0,0.23925209045410156,1507.6749267578125,113.8563003540039,0.4244104027748108
1776175754373,0.0,0.23925209045410156,1508.246337890625,113.6478500366211,0.4245425760746002
1776175754393,0.0,0.23925209045410156,1508.7216796875,113.11479187011719,0.42470213770866394
1776175754413,0.0,0.23925209045410156,1509.857421875,112.5142822265625,0.4249924123287201
1776175754433,0.0,0.2341601401567459,1510.3272705078125,112.04299926757812,0.42514851689338684
1776175754453,0.0,0.24442484974861145,1510.888427734375,111.52833557128906,0.4252803325653076
1776175754473,0.0,0.2659403383731842,1511.35400390625,111.04132080078125,0.4254371225833893
1776175754493,0.0,0.30085572600364685,1511.9105224609375,110.63056182861328,0.42556580901145935
1776175754513,0.0,0.3457002341747284,1512.925048828125,110.15030670166016,0.4258505702018738
1776175754535,0.0,0.38789868354797363,1513.3837890625,109.63983917236328,0.42600488662719727
1776175754553,0.0,0.4833733141422272,1513.932373046875,109.20329284667969,0.42613402009010315
1776175754573,0.0,0.6154777407646179,1514.3878173828125,108.6444320678711,0.4262860119342804
1776175754593,0.0,0.6906412839889526,1514.9324951171875,107.9630355834961,0.4264392554759979
1776175754614,0.0,0.7483496069908142,1515.92431640625,107.34099578857422,0.42671504616737366
1776175754633,0.0,0.8093602657318115,1516.4610595703125,106.56918334960938,0.42684024572372437
1776175754653,0.0,0.8741154074668884,1516.90576171875,105.76329803466797,0.42698946595191956
1776175754674,0.0,0.8874748349189758,1517.436279296875,105.05658721923828,0.42711251974105835
1776175754693,0.0,0.9284524321556091,1517.875732421875,104.21110534667969,0.42726007103919983
1776175754714,0.0,0.9567133188247681,1518.9202880859375,103.36241912841797,0.4275285601615906
1776175754734,0.0,1.0,1519.351318359375,102.61248016357422,0.4276723563671112
1776175754753,0.0,1.0,1519.865234375,101.74584197998047,0.4277918338775635
1776175754774,0.0,1.0,1520.2906494140625,100.852783203125,0.4279341995716095
1776175754793,0.0,1.0,1520.7978515625,100.14530181884766,0.42805203795433044
1776175754814,0.0,1.0,1521.718505859375,99.33049011230469,0.4283090829849243
1776175754833,0.0,1.0,1522.1331787109375,98.48249053955078,0.4284479320049286
1776175754853,0.0,1.0,1522.627685546875,97.76985168457031,0.4285861849784851
1776175754873,0.0,1.0,1523.1187744140625,96.93291473388672,0.4287009835243225
1776175754894,0.0,1.0,1523.525390625,96.12728881835938,0.4288318157196045
1776175754916,0.0,1.0,1524.4114990234375,95.27006530761719,0.42908409237861633
1776175754935,0.0,1.0,1524.8897705078125,94.38240051269531,0.4291941523551941
1776175754953,0.0,1.0,1525.2855224609375,93.66824340820312,0.42932626605033875
1776175754973,0.0,1.0,1525.757080078125,92.94477844238281,0.4294360876083374
1776175754993,0.0,1.0,1526.147216796875,92.08999633789062,0.4295673668384552
1776175755013,0.0,1.0,1527.072998046875,91.2070083618164,0.429802805185318
1776175755033,0.0,1.0,1527.454345703125,90.48100280761719,0.4299304485321045
1776175755053,0.0,1.0,1527.908203125,89.71163940429688,0.4300363063812256
1776175755073,0.0,1.0,1528.28369140625,88.85790252685547,0.43016207218170166
1776175755093,0.0,1.0,1528.7310791015625,88.12924194335938,0.43026530742645264
1776175755113,0.0,1.0,1529.5416259765625,87.33889770507812,0.4304926097393036
1776175755134,0.0,1.0,1529.906005859375,86.5727767944336,0.4306154251098633
1776175755153,0.0,1.0,1530.34033203125,85.89604949951172,0.4307357966899872
1776175755173,0.0,1.0,1530.7713623046875,85.0594711303711,0.4308367371559143
1776175755193,0.0,1.0,1531.1279296875,84.21305847167969,0.43095630407333374
1776175755213,0.0,1.0,1531.90380859375,83.49760437011719,0.4311732351779938
1776175755233,0.0,1.0,1532.322021484375,82.66897583007812,0.4312703311443329
1776175755253,0.0,1.0,1532.6678466796875,81.86505126953125,0.43138593435287476
1776175755273,0.0,1.0,1533.079833984375,81.13584899902344,0.4314815402030945
1776175755293,0.0,1.0,1533.4205322265625,80.31838989257812,0.4315955936908722
1776175755313,0.0,1.0,1534.2281494140625,79.45210266113281,0.43180128931999207
1776175755334,0.0,1.0,1534.560302734375,78.74999237060547,0.4319123923778534
1776175755353,0.0,1.0,1534.9559326171875,77.96056365966797,0.43200403451919556
1776175755373,0.0,1.0,1535.2828369140625,77.18611145019531,0.4321129024028778
1776175755393,0.0,0.9284524321556091,1535.672119140625,76.52021789550781,0.4322036802768707
1776175755413,0.0,0.7845343947410583,1536.377197265625,75.75383758544922,0.4323994815349579
1776175755434,0.0,0.6362686157226562,1536.6939697265625,75.00653076171875,0.4325055181980133
1776175755454,0.0,0.3806319832801819,1537.0711669921875,74.32987976074219,0.43259239196777344
1776175755473,0.0,0.26043614745140076,1537.3829345703125,73.94100189208984,0.4326971173286438
1776175755493,0.0,0.17080825567245483,1537.7545166015625,73.60792541503906,0.43280088901519775
1776175755513,0.0,0.1241873949766159,1538.431396484375,73.38347625732422,0.43298932909965515
1776175755534,0.0,0.07823561131954193,1538.799072265625,73.17903137207031,0.43307483196258545
1776175755553,0.0,0.04581960290670395,1539.1048583984375,73.01656341552734,0.4331773817539215
1776175755573,0.0,0.01606426201760769,1539.47119140625,72.90247344970703,0.4332631826400757
1776175755593,0.0,0.001958739012479782,1539.7760009765625,72.7886962890625,0.4333650767803192
1776175755613,0.0,3.150863994960673e-05,1540.50634765625,72.6893539428711,0.4335515797138214
1776175755634,0.0,0.0,1540.81005859375,72.58635711669922,0.4336531162261963
1776175755653,0.0,0.0,1541.1741943359375,72.49829864501953,0.43373730778694153
1776175755673,0.0,0.0,1541.4771728515625,72.39386749267578,0.433838427066803
1776175755693,0.0,0.0,1541.84033203125,72.30223083496094,0.43392258882522583
1776175755714,0.0,0.0,1542.504638671875,72.1864242553711,0.43410786986351013
1776175755734,0.0,0.0,1542.805908203125,72.07159423828125,0.43420836329460144
1776175755754,0.0,0.0,1543.1668701171875,71.95325469970703,0.4343092441558838
1776175755777,0.0,0.0,1543.527099609375,71.83096313476562,0.43439292907714844
1776175755794,0.0,0.0,1543.826904296875,71.72528076171875,0.43449273705482483
1776175755814,0.0,0.0,1544.4847412109375,71.61357116699219,0.4346764385700226
1776175755834,0.0,0.0,1544.8426513671875,71.4735336303711,0.4347595274448395
1776175755854,0.0,0.0,1545.140380859375,71.32845306396484,0.43485990166664124
1776175755874,0.0,0.0,1545.4970703125,71.18112182617188,0.43494200706481934
1776175755893,0.05160000920295715,0.0,1545.7938232421875,71.05596923828125,0.43504151701927185
1776175755914,0.10315001010894775,0.0,1546.504150390625,70.9185791015625,0.43522316217422485
1776175755933,0.14680001139640808,0.0,1546.7994384765625,70.81004333496094,0.4353221654891968
1776175755953,0.16664999723434448,0.0,1547.1531982421875,70.68270874023438,0.43540456891059875
1776175755973,0.1547500193119049,0.0,1547.4476318359375,70.56138610839844,0.4355030059814453
1776175755993,0.1269499957561493,0.0,1547.8004150390625,70.45990753173828,0.4355849623680115
1776175756014,0.09125000238418579,0.0,1548.44580078125,70.34327697753906,0.4357651472091675
1776175756033,0.05160000920295715,0.0,1548.7386474609375,70.22289276123047,0.43586263060569763
1776175756053,0.027750015258789062,0.0,1549.089599609375,70.10797119140625,0.43596014380455017
1776175756073,0.0,0.0,1549.4400634765625,69.95648956298828,0.4360411763191223
1776175756093,0.0,0.0,1549.731689453125,69.79304504394531,0.4361388087272644
1776175756113,0.0,0.0,1550.37158203125,69.645751953125,0.4363164007663727
1776175756134,0.0,0.0,1550.7196044921875,69.46732330322266,0.43639639019966125
1776175756153,0.0,0.0,1551.009033203125,69.28845977783203,0.43649396300315857
1776175756173,0.0,0.0,1551.3555908203125,69.13237762451172,0.4365740716457367
1776175756193,0.0,0.0,1551.643798828125,68.95040893554688,0.43667057156562805
1776175756213,0.0,0.0,1552.33349609375,68.76419830322266,0.4368460476398468
1776175756234,0.0,0.0,1552.6199951171875,68.59976959228516,0.4369417130947113
1776175756253,0.0,0.0,1552.963134765625,68.40444946289062,0.43702152371406555
1776175756273,0.0,0.0,1553.2484130859375,68.20550537109375,0.43711647391319275
1776175756293,0.0,0.0,1553.5899658203125,68.03495788574219,0.43719616532325745
1776175756313,0.0,0.0,1554.2139892578125,67.83931732177734,0.437369167804718
1776175756334,0.0,0.0,1554.4967041015625,67.64651489257812,0.43746432662010193
1776175756353,0.0,0.0,1554.835205078125,67.47589874267578,0.43755850195884705
1776175756373,0.0,0.0,1555.1728515625,67.27204132080078,0.4376366436481476
1776175756393,0.0,0.0,1555.45361328125,67.06919860839844,0.43772995471954346
1776175756413,0.0,0.0,1556.069091796875,66.896728515625,0.43790075182914734
1776175756433,0.0,0.0,1556.403564453125,66.69721984863281,0.43797871470451355
1776175756453,0.0,0.0,1556.681640625,66.49793243408203,0.4380709230899811
1776175756473,0.047600001096725464,0.0,1557.0145263671875,66.32611846923828,0.43814846873283386
1776175756493,0.11110001802444458,0.0,1557.291259765625,66.14020538330078,0.4382406771183014
1776175756513,0.1746000051498413,0.0,1557.953125,65.9654541015625,0.4384096562862396
1776175756533,0.25394999980926514,0.0,1558.22802734375,65.82460021972656,0.43850162625312805
1776175756553,0.3452000021934509,0.0,1558.55712890625,65.66990661621094,0.43857818841934204
1776175756573,0.4205999970436096,0.0,1558.8309326171875,65.53117370605469,0.43867015838623047
1776175756593,0.492000013589859,0.0,1559.158935546875,65.44000244140625,0.43874651193618774
1776175756613,0.5351499915122986,0.0,1559.7589111328125,65.37959289550781,0.43891412019729614
1776175756634,0.5820499658584595,0.0,1560.03125,65.35377502441406,0.4390057623386383
1776175756653,0.6093499660491943,0.0,1560.3580322265625,65.35586547851562,0.43909162282943726
1776175756673,0.6445499658584595,0.0,1560.6846923828125,65.40348052978516,0.439172625541687
1776175756693,0.6718499660491943,0.0,1560.95703125,65.49191284179688,0.43926379084587097
1776175756713,0.6991999745368958,0.0,1561.556884765625,65.59004211425781,0.4394313097000122
1776175756734,0.7382999658584595,0.0,1561.8846435546875,65.72757720947266,0.43950727581977844
1776175756753,0.7695499658584595,0.0,1562.158203125,65.88938903808594,0.4395999312400818
1776175756773,0.8047000169754028,0.0,1562.4869384765625,66.04412078857422,0.43967652320861816
1776175756793,0.8476499915122986,0.0,1562.761474609375,66.2735366821289,0.43976902961730957
1776175756813,0.8867000341415405,0.0,1563.4224853515625,66.53182220458984,0.4399389922618866
1776175756834,0.9179500341415405,0.0,1563.698974609375,66.77664947509766,0.44003191590309143
1776175756853,0.9375,0.0,1564.0316162109375,66.9209213256836,0.4401097893714905
1776175756873,0.9609500169754028,0.0,1564.309326171875,67.10347747802734,0.4402030408382416
1776175756893,0.9804499745368958,0.0,1564.6431884765625,67.30345153808594,0.4402817487716675
1776175756914,1.0,0.0,1565.2574462890625,67.58380889892578,0.44045644998550415
1776175756933,1.0,0.0,1565.5379638671875,67.8480453491211,0.4405515193939209
1776175756953,1.0,0.0,1565.8756103515625,68.04180908203125,0.4406473934650421
1776175756973,1.0,0.0,1566.2142333984375,68.28057861328125,0.4407271444797516
1776175756993,1.0,0.0,1566.4971923828125,68.53369140625,0.44082263112068176
1776175757013,1.0,0.0,1567.1220703125,68.68846893310547,0.44099923968315125
1776175757034,0.9882999658584595,0.0,1567.4642333984375,68.88246154785156,0.44107991456985474
1776175757053,0.9570499658584595,0.0,1567.75,69.0908432006836,0.4411766529083252
1776175757073,0.9140499830245972,0.0,1568.0938720703125,69.28829956054688,0.441258043050766
1776175757093,0.84375,0.0,1568.3812255859375,69.53609466552734,0.44135546684265137
1776175757113,0.7734500169754028,0.0,1569.0740966796875,69.78154754638672,0.44153517484664917
1776175757133,0.6991999745368958,0.0,1569.3642578125,69.95983123779297,0.4416334331035614
1776175757153,0.6054499745368958,0.0,1569.71337890625,70.12387084960938,0.44171586632728577
1776175757174,0.53125,0.0,1570.0050048828125,70.23050689697266,0.4418143630027771
1776175757193,0.4959999918937683,0.0,1570.35546875,70.2817153930664,0.4418970048427582
1776175757214,0.44440001249313354,0.0,1570.999267578125,70.32205963134766,0.442078173160553
1776175757234,0.4126499891281128,0.0,1571.292236328125,70.3502197265625,0.44217783212661743
1776175757253,0.3968000113964081,0.0,1571.6439208984375,70.37387084960938,0.44227704405784607
1776175757273,0.3928000032901764,0.0,1571.9957275390625,70.4021224975586,0.4423596262931824
1776175757293,0.3928000032901764,0.0,1572.2889404296875,70.43238067626953,0.4424588084220886
1776175757313,0.3968000113964081,0.0,1572.9344482421875,70.45071411132812,0.4426410496234894
1776175757333,0.3968000113964081,0.0,1573.28662109375,70.44351959228516,0.4427243769168854
1776175757353,0.3968000113964081,0.0,1573.580078125,70.41327667236328,0.4428233802318573
1776175757373,0.38885000348091125,0.0,1573.9320068359375,70.37569427490234,0.44290629029273987
1776175757394,0.37299999594688416,0.0,1574.22509765625,70.32401275634766,0.44300544261932373
1776175757413,0.3412500023841858,0.0,1574.9278564453125,70.26775360107422,0.4431871175765991
1776175757434,0.29360002279281616,0.0,1575.2203369140625,70.19466400146484,0.44328615069389343
1776175757453,0.24994999170303345,0.0,1575.5709228515625,70.11522674560547,0.4433683454990387
1776175757473,0.19840002059936523,0.0,1575.86279296875,70.00798797607422,0.44346681237220764
1776175757493,0.15080001950263977,0.0,1576.212646484375,69.90741729736328,0.44354936480522156
1776175757513,0.10315001010894775,0.0,1576.8526611328125,69.78462219238281,0.44373035430908203
1776175757534,0.06350001692771912,0.0,1577.14306640625,69.6474380493164,0.44382867217063904
1776175757553,0.03970000147819519,0.0,1577.490966796875,69.51472473144531,0.44392696022987366
1776175757573,0.027750015258789062,0.0,1577.83837890625,69.34554290771484,0.44400861859321594
1776175757593,0.047600001096725464,0.0,1578.1273193359375,69.15637969970703,0.4441065192222595
1776175757613,0.08730000257492065,0.0,1578.7611083984375,68.9822769165039,0.4442853331565857
1776175757633,0.15080001950263977,0.0,1579.1055908203125,68.7717514038086,0.44436609745025635
1776175757653,0.23805001378059387,0.0,1579.3919677734375,68.56541442871094,0.4444630444049835
1776175757673,0.31744998693466187,0.0,1579.73486328125,68.39813232421875,0.44454342126846313
1776175757693,0.4007500112056732,0.0,1580.02001953125,68.22502899169922,0.4446399509906769
1776175757713,0.4721499979496002,0.0,1580.702392578125,68.0746078491211,0.44481590390205383
1776175757733,0.5077999830245972,0.0,1580.9859619140625,67.9690933227539,0.4449118673801422
1776175757753,0.5547000169754028,0.0,1581.3258056640625,67.86958312988281,0.444991797208786
1776175757773,0.5976499915122986,0.0,1581.6087646484375,67.8102035522461,0.4450869560241699
1776175757793,0.6172000169754028,0.0,1581.947998046875,67.78023529052734,0.44516682624816895
1776175757813,0.6405999660491943,0.0,1582.5697021484375,67.77041625976562,0.44534140825271606
1776175757834,0.6523500084877014,0.0,1582.8521728515625,67.7746810913086,0.44543734192848206
1776175757853,0.65625,0.0,1583.1912841796875,67.79448699951172,0.44553229212760925
1776175757873,0.6484500169754028,0.0,1583.530517578125,67.84456634521484,0.4456118643283844
1776175757893,0.6327999830245972,0.0,1583.8133544921875,67.91313171386719,0.4457075893878937
1776175757913,0.6132999658584595,0.0,1584.4361572265625,67.9839096069336,0.44588205218315125
1776175757934,0.5898500084877014,0.0,1584.7762451171875,68.07295989990234,0.44596192240715027
1776175757953,0.5663999915122986,0.0,1585.059814453125,68.14559936523438,0.4460574686527252
1776175757973,0.5351499915122986,0.0,1585.400390625,68.20486450195312,0.4461371600627899
1776175757993,0.5038999915122986,0.0,1585.684326171875,68.28485107421875,0.44623270630836487
1776175758013,0.46424999833106995,0.0,1586.366455078125,68.35013580322266,0.4464080035686493
1776175758034,0.40869998931884766,0.0,1586.65087890625,68.39238739013672,0.4465034008026123
1776175758053,0.3650500178337097,0.0,1586.9921875,68.39958190917969,0.4465833008289337
1776175758074,0.32534998655319214,0.0,1587.276611328125,68.38291931152344,0.44667914509773254
1776175758093,0.3015500009059906,0.0,1587.6177978515625,68.35810852050781,0.44675901532173157
1776175758114,0.30550000071525574,0.0,1588.2430419921875,68.30833435058594,0.44693446159362793
1776175758133,0.32934999465942383,0.0,1588.5269775390625,68.24293518066406,0.44703003764152527
1776175758153,0.36900001764297485,0.0,1588.8675537109375,68.17815399169922,0.44712647795677185
1776175758173,0.46024999022483826,0.0,1589.207763671875,68.10057067871094,0.44720521569252014
1776175758193,0.53125,0.0,1589.4910888671875,68.03384399414062,0.4473007321357727
1776175758214,0.6132999658584595,0.0,1590.11376953125,67.9792709350586,0.4474751353263855
1776175758234,0.6640499830245972,0.0,1590.4532470703125,67.94673156738281,0.44755443930625916
1776175758253,0.7030999660491943,0.0,1590.7362060546875,67.93265533447266,0.4476493299007416
1776175758274,0.7109500169754028,0.0,1591.0758056640625,67.9437484741211,0.44774478673934937
1776175758293,0.7070499658584595,0.0,1591.41552734375,67.98328399658203,0.4478238821029663
1776175758313,0.6757999658584595,0.0,1592.0391845703125,68.04650115966797,0.4479984641075134
1776175758334,0.6132999658584595,0.0,1592.3231201171875,68.12168884277344,0.4480929970741272
1776175758353,0.5547000169754028,0.0,1592.6640625,68.18997955322266,0.44817233085632324
1776175758373,0.49994999170303345,0.0,1592.948486328125,68.27019500732422,0.4482673108577728
1776175758393,0.42454999685287476,0.0,1593.2901611328125,68.34176635742188,0.44834625720977783
1776175758414,0.3452000021934509,0.0,1593.917236328125,68.41673278808594,0.44852107763290405
1776175758434,0.2857000231742859,0.0,1594.2025146484375,68.46392822265625,0.44861745834350586
1776175758453,0.25394999980926514,0.0,1594.544921875,68.47930908203125,0.44871261715888977
1776175758473,0.2658500075340271,0.0,1594.88720703125,68.46583557128906,0.4487924575805664
1776175758493,0.32934999465942383,0.0,1595.1722412109375,68.42501068115234,0.4488888382911682
1776175758514,0.40470001101493835,0.0,1595.7984619140625,68.3764877319336,0.44906336069107056
1776175758533,0.5077999830245972,0.0,1596.139404296875,68.3216552734375,0.4491434097290039
1776175758553,0.6054499745368958,0.0,1596.4232177734375,68.28044128417969,0.44923844933509827
1776175758573,0.6952999830245972,0.0,1596.763427734375,68.26087951660156,0.44931766390800476
1776175758593,0.7851499915122986,0.0,1597.0467529296875,68.26167297363281,0.4494132995605469
1776175758613,0.84375,0.0,1597.726806640625,68.3040542602539,0.4495875835418701
1776175758634,0.8710999488830566,0.0,1598.0103759765625,68.3729248046875,0.4496833384037018
1776175758653,0.8788999915122986,0.0,1598.3511962890625,68.47468566894531,0.4497627019882202
1776175758675,0.8672000169754028,0.0,1598.6356201171875,68.58113098144531,0.4498579204082489
1776175758693,0.8515499830245972,0.0,1598.9774169921875,68.69209289550781,0.44993749260902405
1776175758713,0.8280999660491943,0.0,1599.60595703125,68.8423080444336,0.45011311769485474
1776175758734,0.8163999915122986,0.0,1599.892578125,69.00320434570312,0.4502097964286804
1776175758753,0.8007999658584595,0.0,1600.2371826171875,69.14179229736328,0.4503057301044464
1776175758775,0.7851499915122986,0.0,1600.58251953125,69.337890625,0.4503863751888275
1776175758793,0.7617000341415405,0.0,1600.8709716796875,69.49540710449219,0.45048314332962036
1776175758813,0.7265499830245972,0.0,1601.5074462890625,69.65450286865234,0.4506606161594391
1776175758834,0.6757999658584595,0.0,1601.8558349609375,69.8245849609375,0.45074263215065
1776175758853,0.6288999915122986,0.0,1602.1466064453125,69.96723937988281,0.4508395791053772
1776175758874,0.5859500169754028,0.0,1602.49609375,70.08196258544922,0.45092079043388367
1776175758893,0.5468500256538391,0.0,1602.7877197265625,70.17191314697266,0.45101895928382874
1776175758913,0.5234500169754028,0.0,1603.489013671875,70.25028991699219,0.4511990249156952
1776175758936,0.5195500254631042,0.0,1603.7816162109375,70.29242706298828,0.45129767060279846
1776175758953,0.5429499745368958,0.0,1604.133056640625,70.31140899658203,0.4513793885707855
1776175758973,0.59375,0.0,1604.426025390625,70.3192367553711,0.4514778256416321
1776175758993,0.6484500169754028,0.0,1604.7777099609375,70.31886291503906,0.4515598714351654
1776175759013,0.71875,0.0,1605.4228515625,70.31464385986328,0.4517561197280884
1776175759034,0.7655999660491943,0.0,1605.7747802734375,70.30998992919922,0.4518377482891083
1776175759053,0.7890499830245972,0.0,1606.0682373046875,70.31317901611328,0.45191970467567444
1776175759073,0.78125,0.0,1606.3616943359375,70.33317565917969,0.45201778411865234
1776175759093,0.7382999658584595,0.0,1606.714111328125,70.37262725830078,0.45211586356163025
1776175759113,0.6718499660491943,0.0,1607.36083984375,70.41000366210938,0.45229727029800415
1776175759134,0.5741999745368958,0.0,1607.7139892578125,70.44181060791016,0.4523790776729584
1776175759153,0.492000013589859,0.0,1608.0084228515625,70.44735717773438,0.45247745513916016
1776175759173,0.4007500112056732,0.0,1608.3619384765625,70.43031311035156,0.45257624983787537
1776175759193,0.30550000071525574,0.0,1608.71533203125,70.38665771484375,0.4526582956314087
1776175759214,0.22220000624656677,0.0,1609.36279296875,70.31428527832031,0.4528387486934662
1776175759234,0.14285001158714294,0.0,1609.65673828125,70.21571350097656,0.4529374837875366
1776175759253,0.10715001821517944,0.0,1610.009033203125,70.11079406738281,0.45301952958106995
1776175759273,0.09125000238418579,0.0,1610.3021240234375,69.97052764892578,0.45311740040779114
1776175759293,0.09125000238418579,0.0,1610.653076171875,69.8516845703125,0.4531993865966797
1776175759314,0.10315001010894775,0.0,1611.2945556640625,69.71788787841797,0.45339494943618774
1776175759333,0.1269499957561493,0.0,1611.643310546875,69.58128356933594,0.4534769654273987
1776175759353,0.1547500193119049,0.0,1611.933349609375,69.46235656738281,0.4535743296146393
1776175759373,0.20235002040863037,0.0,1612.2806396484375,69.33186340332031,0.4536557197570801
1776175759393,0.25394999980926514,0.0,1612.5694580078125,69.20858764648438,0.4537529945373535
1776175759413,0.289650022983551,0.0,1613.2032470703125,69.10063934326172,0.45393145084381104
1776175759434,0.3372499942779541,0.0,1613.548095703125,68.95999908447266,0.45401138067245483
1776175759453,0.37299999594688416,0.0,1613.8349609375,68.826171875,0.4541094899177551
1776175759474,0.42454999685287476,0.0,1614.1785888671875,68.69896697998047,0.45420679450035095
1776175759493,0.4681999981403351,0.0,1614.4644775390625,68.58731842041016,0.4542868733406067
1776175759515,0.5077999830245972,0.0,1615.149169921875,68.45912170410156,0.45446380972862244
1776175759533,0.5351499915122986,0.0,1615.4339599609375,68.36013793945312,0.4545600414276123
1776175759554,0.5780999660491943,0.0,1615.7755126953125,68.25882720947266,0.45464035868644714
1776175759574,0.6015499830245972,0.0,1616.0601806640625,68.15814208984375,0.454736590385437
1776175759593,0.6132999658584595,0.0,1616.401611328125,68.07899475097656,0.45481690764427185
1776175759613,0.6172000169754028,0.0,1617.027587890625,67.99409484863281,0.45500898361206055
1776175759634,0.6172000169754028,0.0,1617.3690185546875,67.92020416259766,0.4550887644290924
1776175759654,0.6132999658584595,0.0,1617.653564453125,67.86445617675781,0.45518559217453003
1776175759675,0.5976499915122986,0.0,1617.9949951171875,67.80213928222656,0.4552653729915619
1776175759693,0.5741999745368958,0.0,1618.279541015625,67.76036834716797,0.4553614854812622
1776175759715,0.53125,0.0,1618.9051513671875,67.72004699707031,0.4555375576019287
1776175759733,0.5077999830245972,0.0,1619.24609375,67.6817626953125,0.4556179940700531
1776175759753,0.48010000586509705,0.0,1619.530029296875,67.62440490722656,0.4557132422924042
1776175759775,0.44440001249313354,0.0,1619.870361328125,67.55547332763672,0.4558091461658478
1776175759793,0.4126499891281128,0.0,1620.210205078125,67.49329376220703,0.45588964223861694
1776175759816,0.38089999556541443,0.0,1620.83203125,67.40909576416016,0.4560641646385193
1776175759837,0.3650500178337097,0.0,1621.114013671875,67.30777740478516,0.45615899562835693
1776175759853,0.361050009727478,0.0,1621.451904296875,67.23285675048828,0.4562380611896515
1776175759873,0.3571000099182129,0.0,1621.7330322265625,67.1432876586914,0.45633435249328613
1776175759893,0.361050009727478,0.0,1622.06982421875,67.0350112915039,0.45641422271728516
1776175759915,0.36900001764297485,0.0,1622.685546875,66.91554260253906,0.45658913254737854
1776175759935,0.3769499957561493,0.0,1622.96484375,66.8064193725586,0.4566837549209595
1776175759955,0.38089999556541443,0.0,1623.299560546875,66.71781158447266,0.456778347492218
1776175759974,0.3968000113964081,0.0,1623.6339111328125,66.58748626708984,0.45685866475105286
1776175759993,0.4205999970436096,0.0,1623.912353515625,66.50467681884766,0.456952840089798
1776175760014,0.44440001249313354,0.0,1624.523681640625,66.38418579101562,0.4571263790130615
1776175760033,0.46424999833106995,0.0,1624.85693359375,66.34414672851562,0.45720574259757996
1776175760054,0.4721499979496002,0.0,1625.134521484375,66.27335357666016,0.4573006331920624
1776175760075,0.4761500060558319,0.0,1625.4677734375,66.21990203857422,0.4573942720890045
1776175760095,0.4681999981403351,0.0,1625.80078125,66.19779205322266,0.4574744701385498
1776175760116,0.46024999022483826,0.0,1626.4112548828125,66.15392303466797,0.4576471149921417
1776175760135,0.44440001249313354,0.0,1626.6884765625,66.1397476196289,0.4577273428440094
1776175760153,0.42454999685287476,0.0,1626.9656982421875,66.12614440917969,0.4578222632408142
1776175760175,0.4007500112056732,0.0,1627.2979736328125,66.10507202148438,0.45791634917259216
1776175760193,0.38089999556541443,0.0,1627.6300048828125,66.09019470214844,0.4579944610595703
1776175760213,0.36900001764297485,0.0,1628.2376708984375,66.07604217529297,0.458169162273407
1776175760233,0.3571000099182129,0.0,1628.513427734375,66.04203796386719,0.4582640826702118
1776175760254,0.34915000200271606,0.0,1628.843994140625,66.00965118408203,0.45835912227630615
1776175760273,0.34915000200271606,0.0,1629.174072265625,65.98778533935547,0.4584380090236664
1776175760294,0.3571000099182129,0.0,1629.44873046875,65.9678726196289,0.4585329294204712
1776175760318,0.36900001764297485,0.0,1630.0521240234375,65.93638610839844,0.4587062895298004
1776175760333,0.38089999556541443,0.0,1630.380859375,65.91264343261719,0.4587852954864502
1776175760354,0.4007500112056732,0.0,1630.6546630859375,65.88648986816406,0.4588643014431
1776175760379,0.42454999685287476,0.0,1630.9283447265625,65.87429809570312,0.4589746296405792
1776175760394,0.44440001249313354,0.0,1631.3114013671875,65.86406707763672,0.45905447006225586
1776175760413,0.46424999833106995,0.0,1631.91357421875,65.89898681640625,0.45922842621803284
1776175760434,0.4761500060558319,0.0,1632.1876220703125,65.89701843261719,0.4593227803707123
1776175760453,0.492000013589859,0.0,1632.5164794921875,65.96327209472656,0.45940181612968445
1776175760473,0.5,0.0,1632.790771484375,66.010498046875,0.4594978094100952
1776175760495,0.5077999830245972,0.0,1633.1204833984375,66.07804870605469,0.45957642793655396
1776175760517,0.5116999745368958,0.0,1633.725830078125,66.17992401123047,0.4597665071487427
1776175760535,0.5195500254631042,0.0,1634.001708984375,66.26142120361328,0.45984724164009094
1776175760554,0.5273500084877014,0.0,1634.3330078125,66.37548065185547,0.4599250853061676
1776175760575,0.5468500256538391,0.0,1634.609619140625,66.4263916015625,0.4600183367729187
1776175760594,0.5702999830245972,0.0,1634.9420166015625,66.45944213867188,0.4601168632507324
1776175760617,0.5859500169754028,0.0,1635.5523681640625,66.50088500976562,0.4602922797203064
1776175760634,0.59375,0.0,1635.8858642578125,66.56322479248047,0.46037158370018005
1776175760653,0.5976499915122986,0.0,1636.1640625,66.80094146728516,0.46046996116638184
1776175760674,0.5898500084877014,0.0,1636.498779296875,67.13155364990234,0.4605473577976227
1776175760693,0.5859500169754028,0.0,1636.77880859375,67.36103820800781,0.46064692735671997
1776175760715,0.5859500169754028,0.0,1637.4547119140625,67.52670288085938,0.4608255624771118
1776175760735,0.5859500169754028,0.0,1637.7373046875,67.65312194824219,0.4609219431877136
1776175760754,0.5898500084877014,0.0,1638.076904296875,67.80704498291016,0.46100276708602905
1776175760773,0.59375,0.0,1638.3603515625,67.97021484375,0.46110230684280396
1776175760794,0.59375,0.0,1638.700927734375,68.11528778076172,0.46118560433387756
1776175760817,0.59375,0.0,1639.326904296875,68.305419921875,0.46138277649879456
1776175760833,0.59375,0.0,1639.669189453125,68.44401550292969,0.46146294474601746
1776175760853,0.59375,0.0,1639.9547119140625,68.58269500732422,0.46156084537506104
1776175760873,0.5976499915122986,0.0,1640.2406005859375,68.74140167236328,0.4616452157497406
1776175760894,0.625,0.0,1640.5841064453125,68.88345336914062,0.4617455303668976
1776175760917,0.6718499660491943,0.0,1641.2152099609375,69.07098388671875,0.4619264006614685
1776175760934,0.7030999660491943,0.0,1641.560302734375,69.18836212158203,0.4620112180709839
1776175760955,0.7382999658584595,0.0,1641.848388671875,69.37383270263672,0.4621109962463379
1776175760975,0.7655999660491943,0.0,1642.194580078125,69.58026123046875,0.4622127413749695
1776175760994,0.7734500169754028,0.0,1642.54150390625,69.7720718383789,0.46229711174964905
1776175761022,0.7851499915122986,0.0,1643.1212158203125,70.02739715576172,0.4624810516834259
1776175761035,0.7773499488830566,0.0,1643.47021484375,70.48938751220703,0.4625835716724396
1776175761056,0.7695499658584595,0.0,1643.82080078125,70.53318786621094,0.46266937255859375
1776175761075,0.7577999830245972,0.0,1644.11376953125,70.72319793701172,0.4627712368965149
1776175761095,0.7265499830245972,0.0,1644.4652099609375,70.83275604248047,0.462857723236084
1776175761115,0.6875,0.0,1645.1112060546875,70.94514465332031,0.46304476261138916
1776175761136,0.6484500169754028,0.0,1645.4052734375,71.0178451538086,0.46314865350723267
1776175761158,0.5976499915122986,0.0,1645.7587890625,71.18896484375,0.46325168013572693
1776175761174,0.5741999745368958,0.0,1646.11279296875,71.24526977539062,0.463334858417511
1776175761193,0.5429499745368958,0.0,1646.408447265625,71.42691802978516,0.4634374678134918
1776175761215,0.5195500254631042,0.0,1647.0606689453125,71.55670166015625,0.4636286497116089
1776175761233,0.5,0.0,1647.4176025390625,71.72280883789062,0.46371471881866455
1776175761257,0.4721499979496002,0.0,1647.715576171875,71.910888671875,0.4638186991214752
1776175761274,0.452349990606308,0.0,1648.0740966796875,72.03112030029297,0.46392256021499634
1776175761295,0.4325000047683716,0.0,1648.3734130859375,72.1092529296875,0.46400877833366394
1776175761316,0.41659998893737793,0.0,1649.0333251953125,72.17872619628906,0.4642006754875183
1776175761334,0.40869998931884766,0.0,1649.393798828125,72.22821044921875,0.4643038213253021
1776175761353,0.3968000113964081,0.0,1649.754638671875,72.26828002929688,0.46439048647880554
1776175761377,0.38885000348091125,0.0,1650.0555419921875,72.31832885742188,0.4644957482814789
1776175761395,0.38885000348091125,0.0,1650.416748046875,72.3719253540039,0.46458354592323303
1776175761415,0.3968000113964081,0.0,1651.079833984375,72.43282318115234,0.46477508544921875
1776175761435,0.4205999970436096,0.0,1651.381591796875,72.48037719726562,0.46487823128700256
1776175761454,0.46024999022483826,0.0,1651.7440185546875,72.53822326660156,0.4649830758571625
1776175761475,0.5038999915122986,0.0,1652.106689453125,72.63943481445312,0.4650701582431793
1776175761493,0.5429499745368958,0.0,1652.4091796875,72.73606872558594,0.46517494320869446
1776175761514,0.5859500169754028,0.0,1653.0755615234375,72.83592224121094,0.46536770462989807
1776175761535,0.6211000084877014,0.0,1653.4398193359375,73.00614166259766,0.46545496582984924
1776175761557,0.65625,0.0,1653.7437744140625,73.1861801147461,0.4655609130859375
1776175761573,0.6679499745368958,0.0,1654.109130859375,73.32372283935547,0.4656674861907959
1776175761594,0.6991999745368958,0.0,1654.475341796875,73.52171325683594,0.4657535254955292
1776175761615,0.7343499660491943,0.0,1655.14892578125,73.75418090820312,0.46595001220703125
1776175761637,0.7929500341415405,0.0,1655.4561767578125,73.98831176757812,0.4660557508468628
1776175761654,0.84375,0.0,1655.8258056640625,74.19989013671875,0.4661438763141632
1776175761675,0.90625,0.0,1656.1346435546875,74.4883804321289,0.46625062823295593
1776175761693,0.9609500169754028,0.0,1656.5062255859375,74.77644348144531,0.466342031955719
1776175761716,1.0,0.0,1657.1910400390625,75.17362976074219,0.46655571460723877
1776175761733,1.0,0.0,1657.566650390625,75.47728729248047,0.46664634346961975
1776175761754,1.0,0.0,1657.880859375,75.82991790771484,0.466756671667099
1776175761775,1.0,0.0,1658.196044921875,76.14063262939453,0.46684730052948
1776175761793,1.0,0.0,1658.57568359375,76.50044250488281,0.46695613861083984
1776175761815,1.0,0.0,1659.2755126953125,76.85028076171875,0.4671565294265747
1776175761833,1.0,0.0,1659.6593017578125,77.14530181884766,0.4672488570213318
1776175761853,1.0,0.0,1659.980224609375,77.48812866210938,0.4673602283000946
1776175761874,1.0,0.0,1660.36669921875,77.77178955078125,0.4674535095691681
1776175761893,1.0,0.0,1660.6898193359375,78.0985336303711,0.467561811208725
1776175761916,1.0,0.0,1661.4691162109375,78.48824310302734,0.46776866912841797
1776175761937,1.0,0.0,1661.7955322265625,78.84135437011719,0.4678816497325897
1776175761953,1.0,0.0,1662.1884765625,79.08058166503906,0.46797654032707214
1776175761973,1.0,0.0,1662.51708984375,79.4072036743164,0.4680882692337036
1776175761993,1.0,0.0,1662.91259765625,79.6902084350586,0.46818503737449646
1776175762014,1.0,0.0,1663.641357421875,80.02460479736328,0.4684135317802429
1776175762033,1.0,0.0,1664.0408935546875,80.35446166992188,0.46851029992103577
1776175762054,1.0,0.0,1664.3748779296875,80.6728744506836,0.4686254858970642
1776175762073,1.0,0.0,1664.7769775390625,80.94131469726562,0.4687216877937317
1776175762093,1.0,0.0,1665.113037109375,81.25371551513672,0.4688362181186676
1776175762113,1.0,0.0,1665.855712890625,81.52684783935547,0.4690505862236023
1776175762135,1.0,0.0,1666.2626953125,81.89599609375,0.4691465497016907
1776175762154,1.0,0.0,1666.6029052734375,82.1732406616211,0.4692640006542206
1776175762173,1.0,0.0,1667.012451171875,82.43978118896484,0.4693814516067505
1776175762193,1.0,0.0,1667.4234619140625,82.7283706665039,0.46947982907295227
1776175762218,1.0,0.0,1668.1802978515625,83.06170654296875,0.4696964919567108
1776175762233,1.0,0.0,1668.52587890625,83.34260559082031,0.46981483697891235
1776175762254,1.0,0.0,1668.94189453125,83.65396881103516,0.46991464495658875
1776175762274,1.0,0.0,1669.2896728515625,83.958740234375,0.4700338542461395
1776175762293,1.0,0.0,1669.7081298828125,84.22891235351562,0.4701327681541443
1776175762315,1.0,0.0,1670.478759765625,84.59278106689453,0.47037383913993835
1776175762334,1.0,0.0,1670.901123046875,84.8505859375,0.47047460079193115
1776175762353,1.0,0.0,1671.2540283203125,85.10639953613281,0.47059667110443115
1776175762373,1.0,0.0,1671.6787109375,85.41639709472656,0.47069743275642395
1776175762393,1.0,0.0,1672.0335693359375,85.72935485839844,0.4708177149295807
1776175762414,1.0,0.0,1672.8173828125,86.03726959228516,0.47104185819625854
1776175762433,1.0,0.0,1673.2467041015625,86.29695892333984,0.4711427390575409
1776175762453,1.0,0.0,1673.60546875,86.60198211669922,0.47126686573028564
1776175762473,1.0,0.0,1674.037109375,86.86105346679688,0.4713883101940155
1776175762493,1.0,0.0,1674.469970703125,87.14221954345703,0.47149229049682617
1776175762513,1.0,0.0,1675.266845703125,87.41365814208984,0.4717203378677368
1776175762533,1.0,0.0,1675.63037109375,87.66270446777344,0.4718448221683502
1776175762553,1.0,0.0,1676.06787109375,87.96590423583984,0.47194904088974
1776175762574,1.0,0.0,1676.4334716796875,88.2643051147461,0.4720746576786041
1776175762594,1.0,0.0,1676.8734130859375,88.56920623779297,0.47218018770217896
1776175762613,1.0,0.0,1677.68359375,88.83181762695312,0.4724104106426239
1776175762634,1.0,0.0,1678.0533447265625,89.13426208496094,0.47253742814064026
1776175762653,1.0,0.0,1678.4981689453125,89.38470458984375,0.4726644456386566
1776175762673,1.0,0.0,1678.9443359375,89.67192840576172,0.4727700352668762
1776175762693,1.0,0.0,1679.317138671875,89.94892120361328,0.47289755940437317
1776175762714,1.0,0.0,1680.1402587890625,90.19329071044922,0.47313135862350464
1776175762733,1.0,0.0,1680.5909423828125,90.49267578125,0.4732399880886078
1776175762753,1.0,0.0,1680.967529296875,90.79801177978516,0.4733680486679077
1776175762773,1.0,0.0,1681.4205322265625,91.05673217773438,0.47349515557289124
1776175762793,1.0,0.0,1681.874755859375,91.3526611328125,0.473604291677475
1776175762814,1.0,0.0,1682.7108154296875,91.63788604736328,0.47384101152420044
1776175762834,1.0,0.0,1683.0921630859375,91.90962219238281,0.4739719033241272
1776175762854,1.0,0.0,1683.55078125,92.13703918457031,0.4740808606147766
1776175762873,1.0,0.0,1683.933837890625,92.41769409179688,0.47421109676361084
1776175762893,1.0,0.0,1684.39453125,92.66559600830078,0.47432005405426025
1776175762913,1.0,0.0,1685.242431640625,92.95135498046875,0.47456347942352295
1776175762934,1.0,0.0,1685.629150390625,93.23641967773438,0.47469472885131836
1776175762953,1.0,0.0,1686.0943603515625,93.48212432861328,0.4748264253139496
1776175762973,1.0,0.0,1686.560791015625,93.76334381103516,0.47493791580200195
1776175762993,1.0,0.0,1686.950439453125,94.03487396240234,0.475070595741272
1776175763013,1.0,0.0,1687.810546875,94.27536010742188,0.47531574964523315
1776175763033,1.0,0.0,1688.2813720703125,94.56121826171875,0.4754268527030945
1776175763053,1.0,0.0,1688.6746826171875,94.83287048339844,0.47556060552597046
1776175763074,1.0,0.0,1689.147705078125,95.0642318725586,0.4756935238838196
1776175763093,1.0,0.0,1689.621826171875,95.34554290771484,0.4758041799068451
1776175763113,1.0,0.0,1690.494140625,95.62149047851562,0.47605401277542114
1776175763135,1.0,0.0,1690.89208984375,95.89451599121094,0.4761897027492523
1776175763153,1.0,0.0,1691.3707275390625,96.12437438964844,0.4763035178184509
1776175763174,1.0,0.0,1691.7705078125,96.39407348632812,0.47643905878067017
1776175763193,1.0,0.0,1692.2513427734375,96.64392852783203,0.47655370831489563
1776175763213,1.0,0.0,1693.1361083984375,96.94548034667969,0.4768257439136505
1776175763234,1.0,0.0,1693.6204833984375,97.21709442138672,0.4769403338432312
1776175763253,1.0,0.0,1694.0250244140625,97.4393310546875,0.47707831859588623
1776175763273,1.0,0.0,1694.5115966796875,97.70205688476562,0.4771929085254669
1776175763293,1.0,0.0,1694.9178466796875,97.96426391601562,0.4773309826850891
1776175763313,1.0,0.0,1695.8145751953125,98.20011138916016,0.4775835871696472
1776175763334,1.0,0.0,1696.3052978515625,98.4924087524414,0.47772279381752014
1776175763353,1.0,0.0,1696.7152099609375,98.7729263305664,0.47783854603767395
1776175763373,1.0,0.0,1697.208251953125,98.99819946289062,0.47797760367393494
1776175763393,1.0,0.0,1697.702392578125,99.25817108154297,0.4780944287776947
1776175763413,1.0,0.0,1698.6112060546875,99.52361297607422,0.4783492684364319
1776175763435,1.0,0.0,1699.0255126953125,99.7601547241211,0.478498250246048
1776175763453,1.0,0.0,1699.523681640625,100.03804016113281,0.47860634326934814
1776175763473,1.0,0.0,1699.9398193359375,100.3023681640625,0.4787481427192688
1776175763493,1.0,0.0,1700.440185546875,100.52854919433594,0.47888997197151184
1776175763513,1.0,0.0,1701.3603515625,100.78857421875,0.47914913296699524
1776175763534,1.0,0.0,1701.8638916015625,101.05799865722656,0.479267418384552
1776175763553,1.0,0.0,1702.2843017578125,101.28495788574219,0.4794104993343353
1776175763574,1.0,0.0,1702.7899169921875,101.55062103271484,0.47952985763549805
1776175763593,1.0,0.0,1703.212158203125,101.81779479980469,0.47967207431793213
1776175763613,1.0,0.0,1704.14404296875,102.0488510131836,0.4799339771270752
1776175763634,1.0,0.0,1704.654052734375,102.32164001464844,0.48005416989326477
1776175763653,1.0,0.0,1705.080078125,102.60755157470703,0.48019614815711975
1776175763673,1.0,0.0,1705.5924072265625,102.85446166992188,0.48034191131591797
1776175763693,1.0,0.0,1706.10595703125,103.13275909423828,0.48046237230300903
1776175763716,1.0,0.0,1707.0504150390625,103.39376068115234,0.480728417634964
1776175763733,1.0,0.0,1707.4808349609375,103.61045837402344,0.4808734059333801
1776175763753,1.0,0.0,1707.998291015625,103.86492919921875,0.48099425435066223
1776175763773,1.0,0.0,1708.430419921875,104.12222290039062,0.4811400771141052
1776175763794,1.0,0.0,1708.949951171875,104.3510513305664,0.4812867343425751
1776175763817,1.0,0.0,1709.905517578125,104.65275573730469,0.48155340552330017
1776175763834,1.0,0.0,1710.428466796875,104.89108276367188,0.4816759526729584
1776175763853,1.0,0.0,1710.8651123046875,105.13709259033203,0.48182204365730286
1776175763873,1.0,0.0,1711.3902587890625,105.41252136230469,0.48194634914398193
1776175763893,1.0,0.0,1711.828857421875,105.68449401855469,0.48209330439567566
1776175763914,1.0,0.0,1712.796630859375,105.91590118408203,0.4823649823665619
1776175763934,1.0,0.0,1713.3260498046875,106.17999267578125,0.4824903607368469
1776175763953,1.0,0.0,1713.76806640625,106.45130920410156,0.4826376438140869
1776175763973,1.0,0.0,1714.299560546875,106.67813873291016,0.4827878475189209
1776175763993,1.0,0.0,1714.8321533203125,106.92658996582031,0.48291176557540894
1776175764013,1.0,0.0,1715.811279296875,107.18006134033203,0.48318538069725037
1776175764034,1.0,0.0,1716.257568359375,107.44327545166016,0.48333612084388733
1776175764054,1.0,0.0,1716.7940673828125,107.6725082397461,0.48346275091171265
1776175764073,1.0,0.0,1717.2420654296875,107.92994689941406,0.48361197113990784
1776175764093,1.0,0.0,1717.78076171875,108.15435028076172,0.48373904824256897
1776175764113,1.0,0.0,1718.771240234375,108.4267578125,0.4840400815010071
1776175764133,1.0,0.0,1719.3131103515625,108.69864654541016,0.4841674268245697
1776175764153,1.0,0.0,1719.7655029296875,108.92501831054688,0.48432064056396484
1776175764173,1.0,0.0,1720.309326171875,109.17281341552734,0.4844476878643036
1776175764193,1.0,0.0,1720.7633056640625,109.4084701538086,0.4845995008945465
1776175764216,1.0,0.0,1721.7645263671875,109.65910339355469,0.4848814308643341
1776175764234,1.0,0.0,1722.312255859375,109.8727035522461,0.4850345253944397
1776175764254,1.0,0.0,1722.861083984375,110.12519836425781,0.48516225814819336
1776175764273,1.0,0.0,1723.3192138671875,110.35509490966797,0.4853154718875885
1776175764293,1.0,0.0,1723.8701171875,110.62533569335938,0.48544514179229736
1776175764314,1.0,0.0,1724.88330078125,110.88862609863281,0.4857299029827118
1776175764335,1.0,0.0,1725.34521484375,111.14755249023438,0.48588499426841736
1776175764355,1.0,0.0,1725.9005126953125,111.37049865722656,0.4860159158706665
1776175764375,1.0,0.0,1726.3641357421875,111.6285629272461,0.48616859316825867
1776175764393,1.0,0.0,1726.92138671875,111.84757232666016,0.4863004684448242
1776175764413,1.0,0.0,1727.94580078125,112.09468078613281,0.48661431670188904
1776175764434,0.9765499830245972,0.0,1728.506103515625,112.33554077148438,0.48674577474594116
1776175764453,0.9023499488830566,0.0,1728.9737548828125,112.55011749267578,0.48690274357795715
1776175764473,0.7695499658584595,0.0,1729.535888671875,112.7879409790039,0.48703455924987793
1776175764493,0.625,0.0,1730.005126953125,112.98640441894531,0.4871923327445984
1776175764513,0.5,0.0,1731.0396728515625,113.11602020263672,0.4874826669692993
1776175764533,0.3571000099182129,0.0,1731.60498046875,113.1771240234375,0.4876411557197571
1776175764553,0.21424999833106995,0.0,1732.170654296875,113.12207794189453,0.4877735674381256
1776175764573,0.11505001783370972,0.0,1732.641845703125,113.08516693115234,0.4879336655139923
1776175764593,0.05555000901222229,0.0,1733.2069091796875,113.03663635253906,0.4880651831626892
1776175764613,0.04365000128746033,0.0,1734.2421875,112.98967742919922,0.48835664987564087
1776175764634,0.07935002446174622,0.0,1734.7125244140625,112.94119262695312,0.488515168428421
1776175764656,0.13885000348091125,0.0,1735.276611328125,112.89009094238281,0.4886476397514343
1776175764675,0.20634999871253967,0.0,1735.74658203125,112.84573364257812,0.48880600929260254
1776175764693,0.29760000109672546,0.0,1736.3104248046875,112.80292510986328,0.4889650344848633
1776175764714,0.41659998893737793,0.0,1737.34375,112.75182342529297,0.48925700783729553
1776175764733,0.5116999745368958,0.0,1737.9071044921875,112.69770050048828,0.48938897252082825
1776175764753,0.5976499915122986,0.0,1738.37646484375,112.65435791015625,0.48954710364341736
1776175764775,0.6952999830245972,0.0,1738.9395751953125,112.59442138671875,0.48968029022216797
1776175764793,0.7617000341415405,0.0,1739.40869140625,112.92233276367188,0.489838570356369
1776175764814,0.8359500169754028,0.0,1740.44189453125,113.31519317626953,0.49013176560401917
1776175764833,0.8867000341415405,0.0,1741.0079345703125,113.67173767089844,0.49029049277305603
1776175764854,0.9335999488830566,0.0,1741.575927734375,114.08850860595703,0.49042391777038574
1776175764873,0.9726499915122986,0.0,1742.05078125,114.44104766845703,0.4905855655670166
1776175764894,1.0,0.0,1742.622314453125,114.78224182128906,0.4907194972038269
1776175764915,1.0,0.0,1743.674560546875,115.03504943847656,0.4910171329975128
1776175764936,1.0,0.0,1744.1541748046875,115.27616119384766,0.4911772906780243
1776175764953,1.0,0.0,1744.7305908203125,115.47925567626953,0.4913136065006256
1776175764973,1.0,0.0,1745.211669921875,115.6999740600586,0.4914761483669281
1776175764993,1.0,0.0,1745.789794921875,115.90519714355469,0.4916403293609619
1776175765013,1.0,0.0,1746.85205078125,116.14420318603516,0.4919396936893463
1776175765036,1.0,0.0,1747.432861328125,116.41559600830078,0.4920767545700073
1776175765053,1.0,0.0,1747.9176025390625,116.5796890258789,0.4922391474246979
1776175765074,1.0,0.0,1748.5001220703125,116.81074523925781,0.49237751960754395
1776175765093,1.0,0.0,1748.9862060546875,117.03421783447266,0.49254003167152405
1776175765113,1.0,0.0,1750.057861328125,117.2275619506836,0.4928435981273651
1776175765134,1.0,0.0,1750.6436767578125,117.4593505859375,0.4930076599121094
1776175765153,1.0,0.0,1751.23046875,117.69419860839844,0.4931420385837555
1776175765174,1.0,0.0,1751.7200927734375,117.88790893554688,0.49331092834472656
1776175765193,1.0,0.0,1752.30859375,118.10701751708984,0.4934484362602234
1776175765213,1.0,0.0,1753.3897705078125,118.32522583007812,0.4937521517276764
1776175765234,1.0,0.0,1753.8822021484375,118.5630874633789,0.4939183294773102
1776175765253,1.0,0.0,1754.47412109375,118.76368713378906,0.4940573573112488
1776175765274,1.0,0.0,1754.9681396484375,118.98715209960938,0.4942249357700348
1776175765294,1.0,0.0,1755.5618896484375,119.17529296875,0.49439164996147156
1776175765313,1.0,0.0,1756.6529541015625,119.39674377441406,0.4946958124637604
1776175765334,1.0,0.0,1757.24951171875,119.62264251708984,0.4948371350765228
1776175765353,1.0,0.0,1757.7474365234375,119.82654571533203,0.49500373005867004
1776175765373,1.0,0.0,1758.345947265625,120.06836700439453,0.4951459467411041
1776175765393,1.0,0.0,1758.845458984375,120.29590606689453,0.49531349539756775
1776175765413,1.0,0.0,1760.0472412109375,120.48407745361328,0.495621919631958
1776175765434,1.0,0.0,1760.549072265625,120.69683074951172,0.49579283595085144
1776175765453,1.0,0.0,1761.152099609375,120.91426086425781,0.4959337115287781
1776175765473,1.0,0.0,1761.6553955078125,121.11360931396484,0.4961012601852417
1776175765493,1.0,0.0,1762.2603759765625,121.33781433105469,0.49624350666999817
1776175765513,1.0,0.0,1763.3720703125,121.57771301269531,0.49655503034591675
1776175765535,1.0,0.0,1763.8785400390625,121.79901885986328,0.4967252314090729
1776175765553,1.0,0.0,1764.4871826171875,121.98130798339844,0.496868371963501
1776175765573,1.0,0.0,1764.9951171875,122.2042236328125,0.49704042077064514
1776175765594,1.0,0.0,1765.60546875,122.43147277832031,0.49721020460128784
1776175765613,1.0,0.0,1766.7266845703125,122.6249008178711,0.4975236654281616
1776175765634,1.0,0.0,1767.3394775390625,122.83988952636719,0.49766725301742554
1776175765653,1.0,0.0,1767.850830078125,123.0168685913086,0.4978380799293518
1776175765674,1.0,0.0,1768.4652099609375,123.22575378417969,0.4979828894138336
1776175765693,1.0,0.0,1768.9779052734375,123.44654083251953,0.49815481901168823
1776175765716,1.0,0.0,1770.2110595703125,123.68092346191406,0.49847084283828735
1776175765735,1.0,0.0,1770.72607421875,123.8782730102539,0.49864351749420166
1776175765753,1.0,0.0,1771.3450927734375,124.09648895263672,0.498789519071579
1776175765773,1.0,0.0,1771.8616943359375,124.28592681884766,0.4989619553089142
1776175765794,1.0,0.0,1772.482421875,124.51144409179688,0.49910593032836914
1776175765814,1.0,0.0,1773.622802734375,124.72679138183594,0.4994255304336548
1776175765835,1.0,0.0,1774.14208984375,124.9081039428711,0.49960023164749146
1776175765855,1.0,0.0,1774.76611328125,125.15645599365234,0.4997447431087494
1776175765873,1.0,0.0,1775.286865234375,125.3316879272461,0.49991849064826965
1776175765893,1.0,0.0,1775.91259765625,125.5192642211914,0.5000927448272705
1776175765913,1.0,0.0,1777.0623779296875,125.75717163085938,0.5004157423973083
1776175765935,1.0,0.0,1777.6910400390625,125.97868347167969,0.5005617737770081
1776175765953,1.0,0.0,1778.2156982421875,126.16881561279297,0.5007370710372925
1776175765975,1.0,0.0,1778.8460693359375,126.38642883300781,0.5008834004402161
1776175765993,1.0,0.0,1779.3721923828125,126.59038543701172,0.5010606646537781
1776175766013,1.0,0.0,1780.53173828125,126.76293182373047,0.5013833045959473
1776175766035,1.0,0.0,1781.1654052734375,126.99541473388672,0.5015609860420227
1776175766053,1.0,0.0,1781.800048828125,127.1688461303711,0.5017088055610657
1776175766073,1.0,0.0,1782.3297119140625,127.35657501220703,0.5018853545188904
1776175766093,1.0,0.0,1782.9661865234375,127.59593963623047,0.5020331144332886
1776175766116,1.0,0.0,1784.135498046875,127.80897521972656,0.5023593902587891
1776175766135,1.0,0.0,1784.66796875,127.99077606201172,0.5025374293327332
1776175766153,1.0,0.0,1785.3074951171875,128.1488037109375,0.502685546875
1776175766176,1.0,0.0,1785.8409423828125,128.3792724609375,0.5028645396232605
1776175766193,1.0,0.0,1786.4818115234375,128.5297088623047,0.5030426979064941
1776175766214,1.0,0.0,1787.6591796875,128.7383270263672,0.5033726096153259
1776175766233,1.0,0.0,1788.3026123046875,128.9451141357422,0.5035219788551331
1776175766253,1.0,0.0,1788.8394775390625,129.11802673339844,0.503702700138092
1776175766275,1.0,0.0,1789.4844970703125,129.3451385498047,0.5038502812385559
1776175766297,1.0,0.0,1790.6693115234375,129.54261779785156,0.5042123198509216
1776175766316,0.9843499660491943,0.0,1791.3167724609375,129.71925354003906,0.504362940788269
1776175766335,0.8085999488830566,0.0,1791.85693359375,129.89183044433594,0.504513680934906
1776175766354,0.5077999830245972,0.0,1792.397705078125,130.05999755859375,0.5046950578689575
1776175766373,0.09125000238418579,0.0,1793.0474853515625,130.13735961914062,0.504876971244812
1776175766393,0.0,0.0,1793.6978759765625,130.11737060546875,0.5050279498100281
1776175766414,0.0,0.0,1794.890380859375,130.0344696044922,0.505361020565033
1776175766435,0.0,0.0,1795.4320068359375,129.954833984375,0.5055438280105591
1776175766453,0.0,0.0,1796.08154296875,129.86134338378906,0.505724310874939
1776175766474,0.0,0.0,1796.6224365234375,129.76553344726562,0.5058771371841431
1776175766493,0.0,0.0,1797.2711181640625,129.68116760253906,0.5060582160949707
1776175766513,0.0,0.0,1798.459228515625,129.58123779296875,0.5063897371292114
1776175766534,0.0,0.0,1799.1068115234375,129.4818572998047,0.5065404176712036
1776175766553,0.0,0.02452591434121132,1799.6461181640625,129.39736938476562,0.5067209601402283
1776175766573,0.0,0.2948283851146698,1800.29296875,129.24827575683594,0.5068727135658264
1776175766593,0.0,0.7845343947410583,1800.8316650390625,128.88699340820312,0.5070530772209167
1776175766614,0.0,0.8347579836845398,1802.1214599609375,128.3720245361328,0.5073832869529724
1776175766633,0.0,0.6577082872390747,1802.6561279296875,127.71955108642578,0.5075619220733643
1776175766653,0.0,0.4027373194694519,1803.294921875,127.10138702392578,0.5077109336853027
1776175766673,0.0,0.325955867767334,1803.8250732421875,126.65526580810547,0.5078904032707214
1776175766693,0.0,0.2948283851146698,1804.4588623046875,126.2061538696289,0.5080366730690002
1776175766713,0.0,0.2772776782512665,1805.6151123046875,125.82952880859375,0.5083606243133545
1776175766735,0.0,0.3131811320781708,1806.1387939453125,125.49501037597656,0.5085365772247314
1776175766753,0.0,0.3593418002128601,1806.7659912109375,125.18519592285156,0.508712649345398
1776175766773,0.0,0.4580742418766022,1807.2877197265625,124.74818420410156,0.5088574290275574
1776175766793,0.0,0.5852325558662415,1807.91259765625,124.30599975585938,0.5090323686599731
1776175766813,0.0,0.6468548774719238,1809.053466796875,123.69502258300781,0.5093499422073364
1776175766834,0.0,0.6577082872390747,1809.67236328125,123.0028305053711,0.5094937682151794
1776175766853,0.0,0.6362686157226562,1810.1859130859375,122.41227722167969,0.50966477394104
1776175766873,0.0,0.5852325558662415,1810.79931640625,121.74202728271484,0.5098077654838562
1776175766893,0.0,0.5464999675750732,1811.3082275390625,121.09825134277344,0.5099782943725586
1776175766913,0.0,0.527914822101593,1812.5218505859375,120.55890655517578,0.5102877020835876
1776175766934,0.0,0.5187981128692627,1813.0244140625,119.97215270996094,0.5104559659957886
1776175766953,0.0,0.5464999675750732,1813.6251220703125,119.38534545898438,0.5105953216552734
1776175766973,0.0,0.5753976702690125,1814.1239013671875,118.8980484008789,0.5107623934745789
1776175766994,0.0,0.5753976702690125,1814.7203369140625,118.28800964355469,0.5109012722969055
1776175767014,0.0,0.5753976702690125,1815.807373046875,117.65762329101562,0.5112035274505615
1776175767033,0.0,0.5753976702690125,1816.2984619140625,117.11727905273438,0.5113681554794312
1776175767053,0.0,0.5753976702690125,1816.88525390625,116.51116180419922,0.5115306973457336
1776175767073,0.0,0.5464999675750732,1817.4693603515625,115.91055297851562,0.5116657614707947
1776175767093,0.0,0.527914822101593,1817.9541015625,115.39222717285156,0.5118280053138733
1776175767113,0.0,0.5187981128692627,1819.0142822265625,114.79721069335938,0.5121234655380249
1776175767134,0.0,0.5187981128692627,1819.5889892578125,114.21552276611328,0.5122572779655457
1776175767153,0.0,0.5187981128692627,1820.06591796875,113.71835327148438,0.5124161243438721
1776175767173,0.0,0.5187981128692627,1820.635986328125,113.15170288085938,0.5125492215156555
1776175767193,0.0,0.5187981128692627,1821.109130859375,112.58311462402344,0.5127071142196655
1776175767213,0.0,0.5187981128692627,1822.2379150390625,112.09356689453125,0.5129963159561157
1776175767233,0.0,0.5097978115081787,1822.705322265625,111.52962493896484,0.5131524801254272
1776175767253,0.0,0.4920295774936676,1823.2640380859375,110.95941925048828,0.5132824778556824
1776175767273,0.0,0.4833733141422272,1823.727783203125,110.47787475585938,0.5134379267692566
1776175767293,0.0,0.4833733141422272,1824.281982421875,109.92131042480469,0.5135666728019714
1776175767313,0.0,0.4833733141422272,1825.2916259765625,109.39789581298828,0.5138487815856934
1776175767334,0.0,0.4833733141422272,1825.748046875,108.95429229736328,0.5140019655227661
1776175767353,0.0,0.4833733141422272,1826.293701171875,108.41606140136719,0.5141542553901672
1776175767373,0.0,0.4663964509963989,1826.837158203125,107.87661743164062,0.5142806768417358
1776175767393,0.0,0.4663964509963989,1827.2882080078125,107.42676544189453,0.5144317746162415
1776175767413,0.0,0.4663964509963989,1828.2750244140625,106.91427612304688,0.514682412147522
1776175767433,0.0,0.4663964509963989,1828.7210693359375,106.40290069580078,0.5148317217826843
1776175767453,0.0,0.4663964509963989,1829.2542724609375,105.97346496582031,0.5149805545806885
1776175767474,0.0,0.4663964509963989,1829.785400390625,105.4628677368164,0.5151045322418213
1776175767494,0.0,0.4663964509963989,1830.2264404296875,104.93868255615234,0.5152520537376404
1776175767513,0.0,0.4663964509963989,1831.278564453125,104.4973373413086,0.5155209898948669
1776175767533,0.0,0.4663964509963989,1831.7142333984375,103.99263000488281,0.5156669020652771
1776175767553,0.0,0.4663964509963989,1832.2349853515625,103.4933853149414,0.5157879590988159
1776175767573,0.0,0.4417574405670166,1832.667236328125,103.04691314697266,0.5159329771995544
1776175767593,0.0,0.4337609112262726,1833.1839599609375,102.54035186767578,0.5160532593727112
1776175767613,0.0,0.41798844933509827,1834.125732421875,102.04438781738281,0.5163156986236572
1776175767634,0.0,0.4027373194694519,1834.551513671875,101.39608764648438,0.5164577960968018
1776175767653,0.0,0.3593418002128601,1835.06005859375,100.84065246582031,0.5165999531745911
1776175767673,0.0,0.26043614745140076,1835.565673828125,100.23538208007812,0.5167170763015747
1776175767693,0.0,0.16683508455753326,1835.9849853515625,99.79705810546875,0.5168339014053345
1776175767713,0.0,0.07600020617246628,1836.9014892578125,99.400390625,0.517112672328949
1776175767733,0.0,0.017553076148033142,1837.3988037109375,99.06389617919922,0.5172282457351685
1776175767753,0.0,0.001185735920444131,1837.8121337890625,98.80257415771484,0.5173661708831787
1776175767773,0.0,0.0,1838.306884765625,98.5256118774414,0.5174805521965027
1776175767793,0.0,0.0,1838.71826171875,98.25885009765625,0.5176191329956055
1776175767813,0.0,0.0,1839.7025146484375,98.04165649414062,0.5178700685501099
1776175767834,0.0,0.0,1840.1114501953125,97.79412841796875,0.5180065035820007
1776175767853,0.0,0.0,1840.601318359375,97.55252075195312,0.5181201696395874
1776175767873,0.0,0.0,1841.0087890625,97.3514175415039,0.518255889415741
1776175767893,0.0,0.0,1841.4969482421875,97.12830352783203,0.5183691382408142
1776175767914,0.0,0.0,1842.389404296875,96.91845703125,0.5186165571212769
1776175767934,0.0,0.0,1842.7940673828125,96.71148681640625,0.5187510251998901
1776175767953,0.0,0.0,1843.27880859375,96.53712463378906,0.5188862085342407
1776175767973,0.0,0.0,1843.7626953125,96.33726501464844,0.5189976692199707
1776175767993,0.0,0.0,1844.1651611328125,96.16409301757812,0.5191321969032288
1776175768013,0.0,0.0,1844.6473388671875,95.96428680419922,0.5192655324935913
1776175768033,0.0,0.0,1845.5289306640625,95.76018524169922,0.5195115208625793
1776175768053,0.0,0.0,1846.0084228515625,95.58425903320312,0.5196223855018616
1776175768073,0.0,0.0,1846.4073486328125,95.38095092773438,0.5197544097900391
1776175768093,0.0,0.0,1846.8851318359375,95.18252563476562,0.5198655724525452
1776175768113,0.0,0.0,1847.2825927734375,95.01309204101562,0.5199970602989197
1776175768134,0.0,0.0,1848.1549072265625,94.81565856933594,0.5202402472496033
1776175768153,0.0,0.0,1848.62939453125,94.62215423583984,0.5203714370727539
1776175768173,0.0,0.0,1849.10302734375,94.4589614868164,0.5204806923866272
1776175768193,0.0,0.0,1849.4970703125,94.27468872070312,0.5206116437911987
1776175768213,0.11505001783370972,0.0,1849.9691162109375,94.09381103515625,0.5207208395004272
1776175768233,0.21825000643730164,0.0,1850.832275390625,93.95282745361328,0.5209608674049377
1776175768253,0.31345000863075256,0.0,1851.2237548828125,93.80175018310547,0.5210901498794556
1776175768273,0.3571000099182129,0.0,1851.69287109375,93.66454315185547,0.5211991667747498
1776175768293,0.37299999594688416,0.0,1852.0833740234375,93.55978393554688,0.5213289856910706
1776175768313,0.38089999556541443,0.0,1852.551513671875,93.45980072021484,0.5214584469795227
1776175768334,0.38089999556541443,0.0,1853.4088134765625,93.38417053222656,0.5216960310935974
1776175768353,0.3769499957561493,0.0,1853.8760986328125,93.33531951904297,0.5218035578727722
1776175768373,0.3650500178337097,0.0,1854.265380859375,93.28668975830078,0.5219324827194214
1776175768393,0.3412500023841858,0.0,1854.7322998046875,93.2463150024414,0.5220618844032288
1776175768413,0.31744998693466187,0.0,1855.121337890625,93.20973205566406,0.5221700072288513
1776175768433,0.2817000150680542,0.0,1856.054443359375,93.15386962890625,0.522405743598938
1776175768453,0.24994999170303345,0.0,1856.4429931640625,93.08062744140625,0.5225354433059692
1776175768474,0.22220000624656677,0.0,1856.908935546875,93.01117706298828,0.5226413011550903
1776175768493,0.19840002059936523,0.0,1857.2969970703125,92.935302734375,0.5227711200714111
1776175768513,0.18650001287460327,0.0,1857.7623291015625,92.85448455810547,0.52287757396698
1776175768534,0.17855000495910645,0.0,1858.6142578125,92.77304077148438,0.5231357216835022
1776175768553,0.17855000495910645,0.0,1859.078369140625,92.7066650390625,0.5232423543930054
1776175768573,0.17855000495910645,0.0,1859.46484375,92.6290054321289,0.5233691930770874
1776175768593,0.17855000495910645,0.0,1859.9281005859375,92.5518569946289,0.5234767198562622
1776175768613,0.17855000495910645,0.0,1860.3138427734375,92.4758529663086,0.5236057043075562
1776175768634,0.17855000495910645,0.0,1861.161376953125,92.4079360961914,0.5238386988639832
1776175768653,0.17855000495910645,0.0,1861.623291015625,92.34410095214844,0.5239458680152893
1776175768673,0.17855000495910645,0.0,1862.008056640625,92.26447296142578,0.5240731239318848
1776175768693,0.17059999704360962,0.0,1862.4693603515625,92.18048858642578,0.5241797566413879
1776175768713,0.16269999742507935,0.0,1862.853515625,92.10539245605469,0.5243070125579834
1776175768734,0.15080001950263977,0.0,1863.774658203125,92.01551818847656,0.5245407223701477
1776175768753,0.15080001950263977,0.0,1864.1580810546875,91.92570495605469,0.5246682167053223
1776175768773,0.15080001950263977,0.0,1864.617919921875,91.84559631347656,0.5247724652290344
1776175768793,0.14680001139640808,0.0,1865.0008544921875,91.74730682373047,0.5248996019363403
1776175768813,0.14680001139640808,0.0,1865.4600830078125,91.64601135253906,0.5250058174133301
1776175768833,0.14680001139640808,0.0,1866.301025390625,91.55790710449219,0.5252583622932434
1776175768853,0.14680001139640808,0.0,1866.7591552734375,91.45372772216797,0.5253634452819824
1776175768873,0.14680001139640808,0.0,1867.1407470703125,91.3469009399414,0.5254689455032349
1776175768893,0.15080001950263977,0.0,1867.52197265625,91.25955200195312,0.5255948305130005
1776175768914,0.15080001950263977,0.0,1867.9791259765625,91.1569595336914,0.5257194638252258
1776175768934,0.15080001950263977,0.0,1868.8160400390625,91.05175018310547,0.5259501338005066
1776175768953,0.1547500193119049,0.0,1869.2718505859375,90.9571533203125,0.5260552763938904
1776175768973,0.1547500193119049,0.0,1869.6512451171875,90.84632110595703,0.5261817574501038
1776175768993,0.1547500193119049,0.0,1870.1060791015625,90.73856353759766,0.5263063907623291
1776175769013,0.1547500193119049,0.0,1870.5604248046875,90.65060424804688,0.5264110565185547
1776175769034,0.16664999723434448,0.0,1871.316650390625,90.54914855957031,0.5266395211219788
1776175769053,0.1746000051498413,0.0,1871.769775390625,90.44601440429688,0.5267634391784668
1776175769073,0.19840002059936523,0.0,1872.222412109375,90.35843658447266,0.5268673300743103
1776175769093,0.2301500141620636,0.0,1872.5992431640625,90.25511169433594,0.5269933342933655
1776175769113,0.25394999980926514,0.0,1873.051025390625,90.14900970458984,0.5270966291427612
1776175769134,0.29360002279281616,0.0,1873.8779296875,90.04369354248047,0.5273457169532776
1776175769153,0.33329999446868896,0.0,1874.328369140625,89.96018981933594,0.5274488925933838
1776175769174,0.3769499957561493,0.0,1874.703369140625,89.8781967163086,0.5275735855102539
1776175769193,0.42454999685287476,0.0,1875.153076171875,89.82969665527344,0.5276768803596497
1776175769213,0.48010000586509705,0.0,1875.527587890625,89.80413055419922,0.5278003215789795
1776175769233,0.5077999830245972,0.0,1876.35107421875,89.79763793945312,0.5280267596244812
1776175769253,0.53125,0.0,1876.80029296875,89.79643249511719,0.5281301140785217
1776175769275,0.5586000084877014,0.0,1877.1746826171875,89.8173599243164,0.5282536745071411
1776175769293,0.5663999915122986,0.0,1877.6240234375,89.85140991210938,0.5283576250076294
1776175769313,0.5663999915122986,0.0,1877.99853515625,89.89091491699219,0.528481125831604
1776175769334,0.5547000169754028,0.0,1878.89794921875,89.93646240234375,0.5287086367607117
1776175769353,0.5429499745368958,0.0,1879.2728271484375,89.98558807373047,0.5288317799568176
1776175769373,0.53125,0.0,1879.722900390625,90.02217102050781,0.5289358496665955
1776175769393,0.5195500254631042,0.0,1880.0980224609375,90.0522689819336,0.5290597677230835
1776175769413,0.5038999915122986,0.0,1880.5482177734375,90.07518768310547,0.5291635394096375
1776175769434,0.48805001378059387,0.0,1881.373779296875,90.10428619384766,0.5294118523597717
1776175769453,0.4681999981403351,0.0,1881.82421875,90.10148620605469,0.5295157432556152
1776175769473,0.4562999904155731,0.0,1882.1995849609375,90.09770965576172,0.5296408534049988
1776175769493,0.44440001249313354,0.0,1882.6500244140625,90.10002136230469,0.5297448635101318
1776175769513,0.4325000047683716,0.0,1883.025390625,90.09761047363281,0.5298696160316467
1776175769534,0.42454999685287476,0.0,1883.8514404296875,90.09461212158203,0.5300996899604797
1776175769553,0.4126499891281128,0.0,1884.302001953125,90.0882568359375,0.5302037596702576
1776175769573,0.40470001101493835,0.0,1884.6773681640625,90.06803894042969,0.5303285717964172
1776175769593,0.3928000032901764,0.0,1885.127685546875,90.0425033569336,0.5304531455039978
1776175769614,0.38089999556541443,0.0,1885.577880859375,90.0177001953125,0.5305571556091309
1776175769633,0.38089999556541443,0.0,1886.3280029296875,89.98554992675781,0.5307855606079102
1776175769653,0.38089999556541443,0.0,1886.7779541015625,89.95211791992188,0.5309099555015564
1776175769673,0.38089999556541443,0.0,1887.227783203125,89.92084503173828,0.5310136079788208
1776175769693,0.3968000113964081,0.0,1887.6025390625,89.8812255859375,0.5311380624771118
1776175769713,0.4126499891281128,0.0,1888.0521240234375,89.8481674194336,0.5312417149543762
1776175769734,0.44440001249313354,0.0,1888.8760986328125,89.82749938964844,0.5314905047416687
1776175769753,0.492000013589859,0.0,1889.325439453125,89.80762481689453,0.5315937995910645
1776175769773,0.5116999745368958,0.0,1889.6998291015625,89.79813385009766,0.5317180156707764
1776175769793,0.5508000254631042,0.0,1890.149169921875,89.80651092529297,0.5318214297294617
1776175769813,0.5859500169754028,0.0,1890.5235595703125,89.8343734741211,0.531946063041687
1776175769834,0.6054499745368958,0.0,1891.3475341796875,89.8805160522461,0.532174289226532
1776175769853,0.6172000169754028,0.0,1891.7972412109375,89.93623352050781,0.5322787165641785
1776175769873,0.6211000084877014,0.0,1892.172119140625,90.01127624511719,0.5324032306671143
1776175769893,0.6211000084877014,0.0,1892.622314453125,90.08897399902344,0.53252774477005
1776175769913,0.6211000084877014,0.0,1893.07275390625,90.15542602539062,0.5326323509216309
1776175769935,0.6132999658584595,0.0,1893.8990478515625,90.2444839477539,0.5328616499900818
1776175769953,0.6054499745368958,0.0,1894.2750244140625,90.31939697265625,0.5329871773719788
1776175769973,0.5976499915122986,0.0,1894.726318359375,90.40348052978516,0.5330918431282043
1776175769993,0.5898500084877014,0.0,1895.102783203125,90.50179290771484,0.5332174301147461
1776175770013,0.5780999660491943,0.0,1895.5548095703125,90.59491729736328,0.5333224534988403
1776175770033,0.5625,0.0,1896.384521484375,90.66399383544922,0.5335742831230164
1776175770053,0.5429499745368958,0.0,1896.837646484375,90.74240112304688,0.5336799025535583
1776175770073,0.53125,0.0,1897.2154541015625,90.82561492919922,0.5338060855865479
1776175770093,0.53125,0.0,1897.6693115234375,90.89662170410156,0.5339117646217346
1776175770113,0.5273500084877014,0.0,1898.0478515625,90.97459411621094,0.5340384244918823
1776175770134,0.5351499915122986,0.0,1898.8814697265625,91.05169677734375,0.5342711806297302
1776175770153,0.5547000169754028,0.0,1899.336669921875,91.12393951416016,0.53437739610672
1776175770173,0.5859500169754028,0.0,1899.71630859375,91.21241760253906,0.5345050096511841
1776175770193,0.6093499660491943,0.0,1900.1722412109375,91.30945587158203,0.5346322059631348
1776175770213,0.6445499658584595,0.0,1900.62841796875,91.40717315673828,0.5347384810447693
1776175770234,0.7109500169754028,0.0,1901.4659423828125,91.53994750976562,0.534972608089447
1776175770253,0.78125,0.0,1901.8472900390625,91.6935043334961,0.5351012349128723
1776175770273,0.84375,0.0,1902.305419921875,91.845703125,0.5352080464363098
1776175770293,0.9218499660491943,0.0,1902.687744140625,92.05135345458984,0.5353371500968933
1776175770313,0.9882999658584595,0.0,1903.1473388671875,92.30107879638672,0.5354443788528442
1776175770333,1.0,0.0,1903.992431640625,92.5405044555664,0.5357040762901306
1776175770353,1.0,0.0,1904.4549560546875,92.83033752441406,0.5358123183250427
1776175770373,1.0,0.0,1904.8414306640625,93.12675476074219,0.5359428524971008
1776175770393,1.0,0.0,1905.306396484375,93.37493133544922,0.5360524654388428
1776175770413,1.0,0.0,1905.69482421875,93.66594696044922,0.5361843705177307
1776175770433,1.0,0.0,1906.552490234375,93.96846771240234,0.5364259481430054
1776175770453,1.0,0.0,1907.0220947265625,94.2406997680664,0.5365360975265503
1776175770473,1.0,0.0,1907.4144287109375,94.55349731445312,0.5366694331169128
1776175770493,1.0,0.0,1907.886474609375,94.8570785522461,0.5368036031723022
1776175770513,1.0,0.0,1908.35986328125,95.11206817626953,0.5369150638580322
1776175770534,1.0,0.0,1909.2308349609375,95.41847229003906,0.5371618270874023
1776175770553,1.0,0.0,1909.6280517578125,95.73003387451172,0.5372970104217529
1776175770573,1.0,0.0,1910.1058349609375,95.98641967773438,0.5374099612236023
1776175770593,1.0,0.0,1910.5048828125,96.27616882324219,0.5375458002090454
1776175770613,1.0,0.0,1910.98486328125,96.56566619873047,0.5376587510108948
1776175770634,1.0,0.0,1911.867919921875,96.84962463378906,0.5379331111907959
1776175770653,1.0,0.0,1912.351318359375,97.10006713867188,0.5380474328994751
1776175770673,1.0,0.0,1912.7550048828125,97.39994812011719,0.5381859540939331
1776175770693,1.0,0.0,1913.24072265625,97.65262603759766,0.5383005142211914
1776175770713,1.0,0.0,1913.646484375,97.93647766113281,0.5384396314620972
1776175770734,1.0,0.0,1914.542236328125,98.21355438232422,0.5386938452720642
1776175770753,1.0,0.0,1915.0325927734375,98.45255279541016,0.5388101935386658
1776175770773,1.0,0.0,1915.442138671875,98.75250244140625,0.5389503240585327
1776175770793,1.0,0.0,1915.934814453125,99.05007934570312,0.5390667915344238
1776175770813,1.0,0.0,1916.346435546875,99.29157257080078,0.5392072200775146
1776175770834,1.0,0.0,1917.337890625,99.57479858398438,0.5394651293754578
1776175770853,1.0,0.0,1917.75244140625,99.86380767822266,0.5396062731742859
1776175770873,1.0,0.0,1918.2509765625,100.11317443847656,0.5397226810455322
1776175770893,1.0,0.0,1918.6673583984375,100.39872741699219,0.5398654937744141
1776175770913,1.0,0.0,1919.1680908203125,100.69338989257812,0.5399839878082275
1776175770933,1.0,0.0,1920.089111328125,100.93655395507812,0.5402704477310181
1776175770953,1.0,0.0,1920.5931396484375,101.19390869140625,0.5403898358345032
1776175770973,1.0,0.0,1921.013916015625,101.4605484008789,0.540533185005188
1776175770993,1.0,0.0,1921.5198974609375,101.6917724609375,0.5406522154808044
1776175771013,1.0,0.0,1921.9425048828125,101.97022247314453,0.5407969355583191
1776175771033,1.0,0.0,1922.9603271484375,102.25801086425781,0.5410619974136353
1776175771053,1.0,0.0,1923.3858642578125,102.49998474121094,0.5411822199821472
1776175771073,1.0,0.0,1923.812255859375,102.78250885009766,0.541327953338623
1776175771093,1.0,0.0,1924.3250732421875,103.05288696289062,0.5414736270904541
1776175771113,1.0,0.0,1924.839111328125,103.2821273803711,0.541594922542572
1776175771134,1.0,0.0,1925.7843017578125,103.55857849121094,0.5418636798858643
1776175771153,1.0,0.0,1926.2152099609375,103.82255554199219,0.5420105457305908
1776175771173,1.0,0.0,1926.7333984375,104.04708099365234,0.5421323776245117
1776175771193,1.0,0.0,1927.166015625,104.32127380371094,0.5422812104225159
1776175771214,1.0,0.0,1927.686279296875,104.59455108642578,0.5424038171768188
1776175771233,1.0,0.0,1928.6431884765625,104.82555389404297,0.5427000522613525
1776175771253,1.0,0.0,1929.1668701171875,105.10167694091797,0.5428237915039062
1776175771273,1.0,0.0,1929.604248046875,105.36679077148438,0.5429728031158447
1776175771293,1.0,0.0,1930.130126953125,105.58596801757812,0.5430967807769775
1776175771313,1.0,0.0,1930.5692138671875,105.85684967041016,0.5432471036911011
1776175771334,1.0,0.0,1931.5380859375,106.13624572753906,0.5435219407081604
1776175771353,1.0,0.0,1932.0682373046875,106.3662109375,0.5436466336250305
1776175771373,1.0,0.0,1932.510986328125,106.63268280029297,0.5437970757484436
1776175771393,1.0,0.0,1933.0433349609375,106.89320373535156,0.5439493060112
1776175771413,1.0,0.0,1933.5767822265625,107.12071228027344,0.5440747141838074
1776175771434,1.0,0.0,1934.5576171875,107.38841247558594,0.5443527698516846
1776175771453,1.0,0.0,1935.0047607421875,107.6543960571289,0.5445048213005066
1776175771473,1.0,0.0,1935.542236328125,107.88016510009766,0.5446322560310364
1776175771493,1.0,0.0,1935.9910888671875,108.15496826171875,0.5447847247123718
1776175771513,1.0,0.0,1936.5306396484375,108.41970825195312,0.5449110269546509
1776175771533,1.0,0.0,1937.5228271484375,108.64261627197266,0.5452187657356262
1776175771553,1.0,0.0,1938.0655517578125,108.90906524658203,0.5453461408615112
1776175771573,1.0,0.0,1938.5186767578125,109.1632308959961,0.545500636100769
1776175771593,1.0,0.0,1939.0634765625,109.37799835205078,0.5456295013427734
1776175771613,1.0,0.0,1939.518310546875,109.63761138916016,0.5457836985588074
1776175771634,1.0,0.0,1940.5218505859375,109.91011810302734,0.5460683703422546
1776175771653,1.0,0.0,1941.0709228515625,110.14529418945312,0.5461978912353516
1776175771673,1.0,0.0,1941.5294189453125,110.42231750488281,0.546353280544281
1776175771693,1.0,0.0,1942.0806884765625,110.6918716430664,0.5465092658996582
1776175771713,1.0,0.0,1942.6331787109375,110.91912841796875,0.5466390252113342
1776175771734,1.0,0.0,1943.6490478515625,111.18199157714844,0.5469263792037964
1776175771753,1.0,0.0,1944.112060546875,111.44060516357422,0.547082245349884
1776175771773,1.0,0.0,1944.6685791015625,111.67086791992188,0.5472123622894287
1776175771793,1.0,0.0,1945.1331787109375,111.93799591064453,0.5473706722259521
1776175771813,1.0,0.0,1945.6917724609375,112.2049560546875,0.5475013256072998
1776175771834,1.0,0.0,1946.71875,112.42487335205078,0.5478174686431885
1776175771853,1.0,0.0,1947.280517578125,112.67906188964844,0.5479496121406555
1776175771873,1.0,0.0,1947.74951171875,112.94172668457031,0.5481078624725342
1776175771893,1.0,0.0,1948.3133544921875,113.17338562011719,0.5482406616210938
1776175771914,1.0,0.0,1948.7840576171875,113.44564819335938,0.5483995079994202
1776175771934,1.0,0.0,1949.822509765625,113.71207427978516,0.5486897826194763
1776175771953,1.0,0.0,1950.390625,113.93671417236328,0.5488237142562866
1776175771973,1.0,0.0,1950.8648681640625,114.20040893554688,0.548983633518219
1776175771993,1.0,0.0,1951.43505859375,114.47013092041016,0.5491445064544678
1776175772013,1.0,0.0,1952.00634765625,114.69805908203125,0.5492786169052124
1776175772033,1.0,0.0,1953.056640625,114.96627807617188,0.5495743751525879
1776175772053,1.0,0.0,1953.5352783203125,115.23635864257812,0.549735963344574
1776175772073,1.0,0.0,1954.11083984375,115.44419860839844,0.549897313117981
1776175772093,1.0,0.0,1954.6875,115.69984436035156,0.5500322580337524
1776175772113,1.0,0.0,1955.1688232421875,115.97317504882812,0.5501949191093445
1776175772134,1.0,0.0,1956.2305908203125,116.00088500976562,0.5504929423332214
1776175772153,1.0,0.0,1956.8106689453125,115.97120666503906,0.550628125667572
1776175772173,1.0,0.0,1957.2938232421875,115.94596862792969,0.5507904291152954
1776175772193,1.0,0.0,1957.8734130859375,115.92398071289062,0.5509262084960938
1776175772213,1.0,0.0,1958.356201171875,115.89804077148438,0.5510885715484619
1776175772234,1.0,0.0,1959.5145263671875,115.87232971191406,0.5513864755630493
1776175772253,1.0,0.0,1959.9969482421875,115.84638977050781,0.5515481233596802
1776175772273,1.0,0.0,1960.5758056640625,115.8178939819336,0.5516837239265442
1776175772293,1.0,0.0,1961.05810546875,115.78795623779297,0.5518462061882019
1776175772313,1.0,0.0,1961.6368408203125,115.7623291015625,0.5519809722900391
1776175772334,1.0,0.0,1962.69775390625,115.73290252685547,0.5522786974906921
1776175772353,1.0,0.0,1963.179931640625,115.70344543457031,0.552440881729126
1776175772373,1.0,0.0,1963.7584228515625,115.8120346069336,0.5526027083396912
1776175772393,1.0,0.0,1964.3369140625,116.24287414550781,0.5527379512786865
1776175772413,1.0,0.0,1964.820068359375,116.69993591308594,0.5529009103775024
1776175772434,1.0,0.0,1965.88818359375,117.1058120727539,0.5532010197639465
1776175772453,1.0,0.0,1966.473876953125,117.55062866210938,0.5533376932144165
1776175772473,1.0,0.0,1966.9635009765625,117.92062377929688,0.553502082824707
1776175772493,1.0,0.0,1967.5528564453125,118.15809631347656,0.5536401271820068
1776175772513,1.0,0.0,1968.0450439453125,118.40692138671875,0.5538055300712585
1776175772534,1.0,0.0,1969.2293701171875,118.65531921386719,0.5541098713874817
1776175772553,1.0,0.0,1969.723876953125,118.86795043945312,0.5542774796485901
1776175772573,1.0,0.0,1970.3182373046875,119.10453796386719,0.5544106364250183
1776175772593,1.0,0.0,1970.814208984375,119.3311996459961,0.5545833706855774
1776175772613,1.0,0.0,1971.41015625,119.5297622680664,0.5547212362289429
1776175772633,1.0,0.0,1972.505126953125,119.75479125976562,0.5550282001495361
1776175772653,1.0,0.0,1973.00390625,119.98595428466797,0.555195689201355
1776175772673,1.0,0.0,1973.6033935546875,120.21000671386719,0.5553644299507141
1776175772693,1.0,0.0,1974.2039794921875,120.4616928100586,0.5555049180984497
1776175772713,0.9375,0.0,1974.705322265625,120.69860076904297,0.5556731224060059
1776175772734,0.7382999658584595,0.0,1975.8104248046875,120.91626739501953,0.5559831261634827
1776175772753,0.46024999022483826,0.0,1976.41455078125,121.05370330810547,0.556124210357666
1776175772773,0.04365000128746033,0.0,1976.91845703125,121.13618469238281,0.556293249130249
1776175772793,0.0,0.0,1977.523681640625,121.11421203613281,0.5564348101615906
1776175772813,0.0,0.0,1978.0281982421875,121.03617095947266,0.55660480260849
1776175772833,0.0,0.0,1979.238037109375,120.955078125,0.5569156408309937
1776175772853,0.0,0.0,1979.74169921875,120.88263702392578,0.557084858417511
1776175772873,0.0,0.0,1980.345703125,120.79823303222656,0.5572268962860107
1776175772893,0.0,0.0,1980.8486328125,120.7125244140625,0.5573957562446594
1776175772913,0.0,0.0,1981.4517822265625,120.63799285888672,0.5575374364852905
1776175772934,0.0,0.0,1982.5567626953125,120.55117797851562,0.5578469038009644
1776175772953,0.0,0.0,1983.05859375,120.46516418457031,0.5580146312713623
1776175772973,0.0,0.0,1983.660400390625,120.3857192993164,0.5581832528114319
1776175772993,0.0,0.0014128185575827956,1984.2618408203125,120.29605865478516,0.5583240389823914
1776175773014,0.0,0.012158614583313465,1984.7628173828125,120.20023345947266,0.5584924221038818
1776175773033,0.0,0.03716587647795677,1985.8642578125,120.109130859375,0.5588013529777527
1776175773053,0.0,0.07381204515695572,1986.464599609375,119.97755432128906,0.5589412450790405
1776175773073,0.0,0.08051890879869461,1986.9644775390625,119.81813049316406,0.559109628200531
1776175773093,0.0,0.07823561131954193,1987.5638427734375,119.67806243896484,0.559249222278595
1776175773113,0.0,0.07381204515695572,1988.0628662109375,119.51802062988281,0.5594169497489929
1776175773133,0.0,0.07161616533994675,1989.258544921875,119.35990142822266,0.5597241520881653
1776175773153,0.0,0.07161616533994675,1989.7559814453125,119.22798156738281,0.5598914623260498
1776175773173,0.0,0.07381204515695572,1990.352294921875,119.07998657226562,0.5600308179855347
1776175773193,0.0,0.08051890879869461,1990.8487548828125,118.936279296875,0.5601980686187744
1776175773213,0.0,0.08526267111301422,1991.44384765625,118.80608367919922,0.5603369474411011
1776175773233,0.0,0.0876941904425621,1992.5333251953125,118.65335845947266,0.5606428384780884
1776175773253,0.0,0.09017623215913773,1993.0277099609375,118.49943542480469,0.560807466506958
1776175773273,0.0,0.0952945277094841,1993.6204833984375,118.37464904785156,0.5609742999076843
1776175773293,0.0,0.1033676341176033,1994.2125244140625,118.2123794555664,0.5611121654510498
1776175773313,0.0,0.10905830562114716,1994.705322265625,118.0497817993164,0.5612783432006836
1776175773333,0.0,0.11196944862604141,1995.7877197265625,117.90477752685547,0.5615812540054321
1776175773353,0.0,0.11196944862604141,1996.377197265625,117.73135375976562,0.5617191791534424
1776175773373,0.0,0.11196944862604141,1996.867919921875,117.56520080566406,0.5618834495544434
1776175773393,0.0,0.11196944862604141,1997.4560546875,117.41938781738281,0.5620222091674805
1776175773415,0.0,0.11796233803033829,1997.945556640625,117.24980163574219,0.5621863007545471
1776175773434,0.0,0.12738874554634094,1999.0206298828125,117.076171875,0.5624868273735046
1776175773453,0.0,0.1374005228281021,1999.6060791015625,116.927978515625,0.5626519918441772
1776175773473,0.0,0.14084765315055847,2000.1907958984375,116.74354553222656,0.5627884268760681
1776175773493,0.0,0.14793184399604797,2000.6773681640625,116.54910278320312,0.562952995300293
1776175773514,0.0,0.1515703648328781,2001.2606201171875,116.38816833496094,0.563088595867157
1776175773533,0.0,0.16293016076087952,2002.32763671875,116.19388580322266,0.5633882284164429
1776175773553,0.0,0.17080825567245483,2002.8116455078125,115.99242401123047,0.56355220079422
1776175773574,0.0,0.1748504638671875,2003.3917236328125,115.80020904541016,0.563714325428009
1776175773593,0.0,0.1831449568271637,2003.9708251953125,115.58415985107422,0.5638505220413208
1776175773613,0.0,0.1873987913131714,2004.4527587890625,115.35579681396484,0.5640134811401367
1776175773633,0.0,0.19178064167499542,2005.5106201171875,115.16075897216797,0.5643104910850525
1776175773653,0.0,0.19618041813373566,2006.0863037109375,114.92252349853516,0.5644453167915344
1776175773673,0.0,0.20520155131816864,2006.5653076171875,114.6764907836914,0.5646061897277832
1776175773693,0.0,0.20520155131816864,2007.1392822265625,114.46109008789062,0.5647416710853577
1776175773713,0.0,0.20520155131816864,2007.6168212890625,114.20714569091797,0.5649027228355408
1776175773734,0.0,0.20520155131816864,2008.759765625,113.9542465209961,0.5651979446411133
1776175773753,0.0,0.20520155131816864,2009.2347412109375,113.73538208007812,0.5653587579727173
1776175773773,0.0,0.20520155131816864,2009.8038330078125,113.47881317138672,0.5654920935630798
1776175773793,0.0,0.20520155131816864,2010.2772216796875,113.22254180908203,0.5656532049179077
1776175773813,0.0,0.20982453227043152,2010.8443603515625,113.00503540039062,0.5657862424850464
1776175773833,0.0,0.20982453227043152,2011.8812255859375,112.74798583984375,0.5661062598228455
1776175773853,0.0,0.20982453227043152,2012.4451904296875,112.48274230957031,0.566239058971405
1776175773873,0.0,0.20982453227043152,2012.914306640625,112.25775146484375,0.5663973093032837
1776175773893,0.0,0.20982453227043152,2013.47607421875,112.00439453125,0.5665309429168701
1776175773913,0.0,0.20982453227043152,2013.943359375,111.74907684326172,0.5666885375976562
1776175773934,0.0,0.20520155131816864,2014.9688720703125,111.51817321777344,0.5669775009155273
1776175773953,0.0,0.2006537765264511,2015.526611328125,111.24656677246094,0.5671097636222839
1776175773973,0.0,0.2006537765264511,2015.990478515625,111.00201416015625,0.5672668814659119
1776175773993,0.0,0.19618041813373566,2016.5460205078125,110.78450775146484,0.5674241185188293
1776175774013,0.0,0.1873987913131714,2017.1005859375,110.5416030883789,0.5675549507141113
1776175774033,0.0,0.17080825567245483,2018.1146240234375,110.29779815673828,0.5678421854972839
1776175774053,0.0,0.1443578451871872,2018.574462890625,110.10829162597656,0.5679969191551208
1776175774073,0.0,0.08285078406333923,2019.1253662109375,109.90535736083984,0.5681294798851013
1776175774093,0.0,0.022617517039179802,2019.583740234375,109.74984741210938,0.5682831406593323
1776175774113,0.0,0.0005969975609332323,2020.133056640625,109.6524887084961,0.5684143304824829
1776175774134,0.0,0.0,2021.138671875,109.56842041015625,0.5687255263328552
1776175774153,0.0,0.0,2021.6866455078125,109.48314666748047,0.5688555240631104
1776175774173,0.0,0.0,2022.14306640625,109.41180419921875,0.5690109729766846
1776175774193,0.0,0.0,2022.6904296875,109.32111358642578,0.5691412687301636
1776175774214,0.0,0.0,2023.146240234375,109.23422241210938,0.5692970752716064
1776175774233,0.0,0.0,2024.1483154296875,109.16352081298828,0.5695827007293701
1776175774253,0.0,0.0,2024.6943359375,108.80374908447266,0.5697104930877686
1776175774273,0.0,0.0,2025.1484375,108.39554595947266,0.5698659420013428
1776175774293,0.0,0.0,2025.691650390625,108.0767593383789,0.5700207352638245
1776175774313,0.0,0.0,2026.23291015625,107.7439193725586,0.5701498985290527
1776175774334,0.0,0.0,2027.22119140625,107.44688415527344,0.5704319477081299
1776175774354,0.0,0.0,2027.6688232421875,107.1682357788086,0.5705848932266235
1776175774374,0.0,0.0,2028.2049560546875,106.91404724121094,0.5707129836082458
1776175774393,0.0,0.0,2028.6507568359375,106.62193298339844,0.5708653926849365
1776175774413,0.0,0.0,2029.1846923828125,106.38040161132812,0.5709924101829529
1776175774434,0.0,0.0,2030.1602783203125,106.10747528076172,0.5712956786155701
1776175774453,0.0,0.0,2030.69091796875,105.85440063476562,0.5714225769042969
1776175774473,0.0,0.0,2031.13232421875,105.65040588378906,0.5715741515159607
1776175774493,0.0,0.0,2031.6611328125,105.40483856201172,0.5717015862464905
1776175774513,0.0,0.0,2032.10107421875,105.15963745117188,0.5718525648117065
1776175774533,0.0,0.0,2033.066650390625,104.95586395263672,0.572128176689148
1776175774553,0.0,0.0,2033.5919189453125,104.72882080078125,0.5722529292106628
1776175774573,0.0,0.0,2034.0289306640625,104.50440216064453,0.5724027156829834
1776175774593,0.0,0.0,2034.552490234375,104.30619812011719,0.5725516676902771
1776175774613,0.0,0.0,2035.0751953125,104.05948638916016,0.5726770162582397
1776175774634,0.0,0.0,2036.0306396484375,103.82315826416016,0.572950005531311
1776175774654,0.0,0.0,2036.4637451171875,103.63367462158203,0.5730978846549988
1776175774674,0.0,0.0,2036.9825439453125,103.4123764038086,0.5732218623161316
1776175774693,0.0,0.0,2037.4141845703125,103.16716003417969,0.5733695030212402
1776175774715,0.0,0.0,2037.9312744140625,102.92489624023438,0.5734944343566895
1776175774734,0.0,0.0,2038.8763427734375,102.7515869140625,0.5737888813018799
1776175774753,0.0,0.0,2039.3902587890625,102.53987884521484,0.5739122629165649
1776175774774,0.0,0.0,2039.81787109375,102.3426513671875,0.5740598440170288
1776175774793,0.0,0.0,2040.3302001953125,102.1070785522461,0.5741826891899109
1776175774813,0.0,0.0,2040.7564697265625,101.87836456298828,0.5743296146392822
1776175774834,0.0,0.0,2041.6915283203125,101.68525695800781,0.5745959281921387
1776175774853,0.0,0.0,2042.2001953125,101.45948028564453,0.5747164487838745
1776175774874,0.0,0.0,2042.623291015625,101.23243713378906,0.5748628377914429
1776175774893,0.0,0.0,2043.1302490234375,101.04315185546875,0.575005829334259
1776175774913,0.0,0.0,2043.63623046875,100.83753967285156,0.5751277804374695
1776175774935,0.0,0.0,2044.5615234375,100.62895202636719,0.5753925442695618
1776175774953,0.0,0.0,2044.9810791015625,100.44603729248047,0.5755357146263123
1776175774976,0.04365000128746033,0.0,2045.4837646484375,100.21257781982422,0.5756543278694153
1776175774993,0.08730000257492065,0.0,2045.902099609375,100.04759979248047,0.575797975063324
1776175775015,0.13885000348091125,0.0,2046.4031982421875,99.856689453125,0.5759178400039673
1776175775034,0.1904500126838684,0.0,2047.3197021484375,99.69425201416016,0.5762012600898743
1776175775053,0.25394999980926514,0.0,2047.8184814453125,99.50598907470703,0.5763220191001892
1776175775075,0.30550000071525574,0.0,2048.233642578125,99.32388305664062,0.5764629244804382
1776175775093,0.32534998655319214,0.0,2048.73095703125,99.16104888916016,0.5765817761421204
1776175775114,0.3372499942779541,0.0,2049.144775390625,98.96541595458984,0.5767219066619873
1776175775134,0.32934999465942383,0.0,2050.052978515625,98.78319549560547,0.576980471611023
1776175775155,0.31744998693466187,0.0,2050.54736328125,98.61603546142578,0.5770978331565857
1776175775175,0.3015500009059906,0.0,2050.958740234375,98.47472381591797,0.5772388577461243
1776175775197,0.2738000154495239,0.0,2051.45166015625,98.30457305908203,0.5773786306381226
1776175775217,0.25394999980926514,0.0,2052.353515625,98.13375091552734,0.5776358842849731
1776175775235,0.23805001378059387,0.0,2052.844482421875,97.99116516113281,0.5777521133422852
1776175775254,0.2261500060558319,0.0,2053.253173828125,97.82959747314453,0.5778684020042419
1776175775275,0.22220000624656677,0.0,2053.661376953125,97.66386413574219,0.5780087113380432
1776175775293,0.22220000624656677,0.0,2054.150634765625,97.5224838256836,0.5781462788581848
1776175775313,0.2301500141620636,0.0,2054.63916015625,97.38734436035156,0.5782628059387207
1776175775334,0.24204999208450317,0.0,2055.532958984375,97.23970031738281,0.5785397291183472
1776175775353,0.25394999980926514,0.0,2056.01953125,97.09312438964844,0.5786553621292114
1776175775375,0.26190000772476196,0.0,2056.424560546875,96.94831848144531,0.5787925124168396
1776175775394,0.2658500075340271,0.0,2056.909912109375,96.83302307128906,0.5789071917533875
1776175775417,0.26980000734329224,0.0,2057.79833984375,96.66712188720703,0.5791575312614441
1776175775434,0.26980000734329224,0.0,2058.201416015625,96.54401397705078,0.5792970061302185
1776175775453,0.26980000734329224,0.0,2058.6845703125,96.4239730834961,0.5794335603713989
1776175775473,0.26980000734329224,0.0,2059.1669921875,96.27738189697266,0.5795491337776184
1776175775493,0.26980000734329224,0.0,2059.568603515625,96.15411376953125,0.5796860456466675
1776175775514,0.26980000734329224,0.0,2060.0498046875,96.01589965820312,0.5798004269599915
1776175775535,0.26980000734329224,0.0,2060.9306640625,95.8695297241211,0.5800509452819824
1776175775553,0.27775001525878906,0.0,2061.330322265625,95.73560333251953,0.5801646113395691
1776175775573,0.2857000231742859,0.0,2061.7294921875,95.5731201171875,0.5803004503250122
1776175775593,0.3015500009059906,0.0,2062.2080078125,95.40917205810547,0.5804370641708374
1776175775613,0.31744998693466187,0.0,2062.685791015625,95.2718276977539,0.5805514454841614
1776175775635,0.31744998693466187,0.0,2063.5595703125,95.1151123046875,0.5808200240135193
1776175775653,0.32534998655319214,0.0,2064.035400390625,94.96356964111328,0.5809347629547119
1776175775674,0.32534998655319214,0.0,2064.431396484375,94.83509063720703,0.5810693502426147
1776175775693,0.32534998655319214,0.0,2064.906005859375,94.6924057006836,0.5811819434165955
1776175775713,0.32534998655319214,0.0,2065.301025390625,94.55465698242188,0.5813162326812744
1776175775733,0.32534998655319214,0.0,2066.16845703125,94.45184326171875,0.5815638303756714
1776175775753,0.32534998655319214,0.0,2066.64111328125,94.34120178222656,0.5816769003868103
1776175775773,0.32534998655319214,0.0,2067.03466796875,94.24658203125,0.5818129777908325
1776175775793,0.32534998655319214,0.0,2067.506591796875,94.17218780517578,0.58192378282547
1776175775813,0.32534998655319214,0.0,2067.899658203125,94.07811737060547,0.5820584893226624
1776175775834,0.32534998655319214,0.0,2068.84228515625,94.00445556640625,0.582302987575531
1776175775853,0.32534998655319214,0.0,2069.23486328125,93.95626831054688,0.5824369788169861
1776175775873,0.32534998655319214,0.0,2069.705810546875,93.88895416259766,0.5825503468513489
1776175775893,0.32534998655319214,0.0,2070.097900390625,93.81046295166016,0.5826839804649353
1776175775913,0.32534998655319214,0.0,2070.568115234375,93.74481964111328,0.5828167200088501
1776175775933,0.32534998655319214,0.0,2071.428955078125,93.67076873779297,0.5830408334732056
1776175775953,0.32534998655319214,0.0,2071.819580078125,93.59159851074219,0.5831737518310547
1776175775973,0.32534998655319214,0.0,2072.2880859375,93.51106262207031,0.5833060145378113
1776175775993,0.33329999446868896,0.0,2072.756103515625,93.41104888916016,0.5834179520606995
1776175776013,0.3452000021934509,0.0,2073.145751953125,93.33285522460938,0.5835514664649963
1776175776035,0.3650500178337097,0.0,2074.002197265625,93.28021240234375,0.5837953090667725
1776175776053,0.38089999556541443,0.0,2074.468994140625,93.22588348388672,0.583906352519989
1776175776073,0.4205999970436096,0.0,2074.857421875,93.16293334960938,0.5840414762496948
1776175776093,0.4562999904155731,0.0,2075.322998046875,93.11466217041016,0.584173858165741
1776175776117,0.49994999170303345,0.0,2076.17529296875,93.05791473388672,0.5844172239303589
1776175776135,0.5077999830245972,0.0,2076.6396484375,93.02005004882812,0.5845267176628113
1776175776153,0.5273500084877014,0.0,2077.026611328125,93.00336456298828,0.584660530090332
1776175776173,0.5508000254631042,0.0,2077.49072265625,93.00131225585938,0.5847704410552979
1776175776194,0.5586000084877014,0.0,2077.87744140625,93.00210571289062,0.5849041938781738
1776175776214,0.5625,0.0,2078.341552734375,92.99689483642578,0.5850144624710083
1776175776233,0.5625,0.0,2079.1923828125,92.99852752685547,0.5852599143981934
1776175776253,0.5508000254631042,0.0,2079.579345703125,93.0169448852539,0.5853903889656067
1776175776273,0.5468500256538391,0.0,2080.0439453125,93.04145050048828,0.5855241417884827
1776175776293,0.5351499915122986,0.0,2080.5087890625,93.0757827758789,0.5856342315673828
1776175776313,0.53125,0.0,2080.896484375,93.11636352539062,0.585766613483429
1776175776334,0.5234500169754028,0.0,2081.750244140625,93.18787384033203,0.586011528968811
1776175776353,0.5195500254631042,0.0,2082.216552734375,93.26580810546875,0.5861212015151978
1776175776373,0.5156000256538391,0.0,2082.60546875,93.3138656616211,0.5862565040588379
1776175776393,0.5156000256538391,0.0,2083.072509765625,93.37325286865234,0.5863884091377258
1776175776413,0.5156000256538391,0.0,2083.4619140625,93.49563598632812,0.5864982008934021
1776175776433,0.5195500254631042,0.0,2084.39794921875,93.62972259521484,0.5867423415184021
1776175776454,0.5195500254631042,0.0,2084.78857421875,93.76770782470703,0.586877167224884
1776175776473,0.5195500254631042,0.0,2085.257568359375,93.8816146850586,0.5869882106781006
1776175776493,0.5195500254631042,0.0,2085.64892578125,93.99642944335938,0.5871231555938721
1776175776513,0.5195500254631042,0.0,2086.118896484375,94.07353973388672,0.5872359275817871
1776175776533,0.5195500254631042,0.0,2086.981201171875,94.15709686279297,0.5875025987625122
1776175776553,0.5195500254631042,0.0,2087.37353515625,94.24790954589844,0.5876123905181885
1776175776573,0.5156000256538391,0.0,2087.844970703125,94.32042694091797,0.5877482891082764
1776175776593,0.5156000256538391,0.0,2088.316650390625,94.40559387207031,0.5878599286079407
1776175776613,0.5156000256538391,0.0,2088.7099609375,94.51288604736328,0.587994396686554
1776175776635,0.5116999745368958,0.0,2089.576416015625,94.6204833984375,0.5882422924041748
1776175776653,0.5116999745368958,0.0,2090.049560546875,94.7148208618164,0.5883762240409851
1776175776673,0.5077999830245972,0.0,2090.523193359375,94.82789611816406,0.5884894728660583
1776175776693,0.5077999830245972,0.0,2090.91796875,94.92385864257812,0.5886208415031433
1776175776713,0.5077999830245972,0.0,2091.39208984375,95.03422546386719,0.5887373089790344
1776175776733,0.5156000256538391,0.0,2092.261962890625,95.14420318603516,0.5889824032783508
1776175776753,0.5156000256538391,0.0,2092.65771484375,95.24472045898438,0.5891181230545044
1776175776774,0.5195500254631042,0.0,2093.133056640625,95.34651947021484,0.5892320275306702
1776175776793,0.5195500254631042,0.0,2093.529296875,95.42414855957031,0.5893680453300476
1776175776814,0.5195500254631042,0.0,2094.00537109375,95.49974060058594,0.5894789695739746
1776175776833,0.5234500169754028,0.0,2094.879638671875,95.63130950927734,0.5897494554519653
1776175776853,0.5234500169754028,0.0,2095.357421875,95.77450561523438,0.5898631811141968
1776175776873,0.5234500169754028,0.0,2095.75634765625,95.86571502685547,0.5899988412857056
1776175776893,0.5234500169754028,0.0,2096.2353515625,95.94855499267578,0.5901132822036743
1776175776913,0.5234500169754028,0.0,2096.634765625,96.0237045288086,0.5902493000030518
1776175776934,0.5234500169754028,0.0,2097.5146484375,96.12351989746094,0.5904972553253174
1776175776953,0.5234500169754028,0.0,2097.9951171875,96.24600982666016,0.5906105041503906
1776175776973,0.5234500169754028,0.0,2098.39599609375,96.34305572509766,0.5907461047172546
1776175776993,0.5273500084877014,0.0,2098.877197265625,96.4228286743164,0.5908832550048828
1776175777013,0.53125,0.0,2099.35888671875,96.51123046875,0.5909964442253113
1776175777033,0.5351499915122986,0.0,2100.242919921875,96.5936050415039,0.5912470817565918
1776175777053,0.5468500256538391,0.0,2100.645263671875,96.65216827392578,0.5913832187652588
1776175777074,0.5625,0.0,2101.12841796875,96.72000122070312,0.5914976000785828
1776175777093,0.5702999830245972,0.0,2101.531494140625,96.79009246826172,0.5916337370872498
1776175777113,0.5780999660491943,0.0,2102.015625,96.88987731933594,0.5917704105377197
1776175777134,0.5780999660491943,0.0,2102.904541015625,97.01285552978516,0.5920212268829346
1776175777153,0.5820499658584595,0.0,2103.390380859375,97.103515625,0.5921342968940735
1776175777173,0.5859500169754028,0.0,2103.795654296875,97.16790008544922,0.5922715663909912
1776175777193,0.5898500084877014,0.0,2104.2822265625,97.26533508300781,0.5923857092857361
1776175777213,0.5976499915122986,0.0,2104.687744140625,97.3742446899414,0.5925230383872986
1776175777233,0.6054499745368958,0.0,2105.5810546875,97.46717834472656,0.5927742719650269
1776175777253,0.6172000169754028,0.0,2106.06884765625,97.57489776611328,0.5928888916969299
1776175777273,0.6288999915122986,0.0,2106.4755859375,97.68971252441406,0.5930262804031372
1776175777293,0.6484500169754028,0.0,2106.964111328125,97.80030822753906,0.5931626558303833
1776175777313,0.6640499830245972,0.0,2107.453125,97.9377212524414,0.5932769179344177
1776175777334,0.6875,0.0,2108.35107421875,98.08753967285156,0.5935307145118713
1776175777353,0.6991999745368958,0.0,2108.759765625,98.2184066772461,0.5936684608459473
1776175777373,0.7148500084877014,0.0,2109.2509765625,98.3657455444336,0.5937844514846802
1776175777393,0.7226499915122986,0.0,2109.66064453125,98.53025817871094,0.5939223170280457
1776175777413,0.7304499745368958,0.0,2110.15283203125,98.68565368652344,0.5940623879432678
1776175777434,0.7382999658584595,0.0,2111.05712890625,98.86231231689453,0.5943167209625244
1776175777453,0.7422000169754028,0.0,2111.551513671875,99.0390625,0.5944315791130066
1776175777473,0.7461000084877014,0.0,2111.964111328125,99.19611358642578,0.5945708155632019
1776175777493,0.7577999830245972,0.0,2112.459716796875,99.37611389160156,0.5946874618530273
1776175777514,0.7773499488830566,0.0,2112.873291015625,99.55096435546875,0.5948264598846436
1776175777534,0.8242000341415405,0.0,2113.78515625,99.73184204101562,0.5950829386711121
1776175777553,0.8672000169754028,0.0,2114.28369140625,99.89642333984375,0.5952003002166748
1776175777573,0.9179500341415405,0.0,2114.69970703125,100.1092758178711,0.5953403115272522
1776175777593,0.96875,0.0,2115.19970703125,100.31991577148438,0.5954572558403015
1776175777613,1.0,0.0,2115.6171875,100.58355712890625,0.5955984592437744
1776175777633,1.0,0.0,2116.6220703125,100.83973693847656,0.5958569049835205
1776175777653,1.0,0.0,2117.0419921875,101.06169891357422,0.5959989428520203
1776175777673,1.0,0.0,2117.546875,101.3415756225586,0.5961176753044128
1776175777693,1.0,0.0,2117.968505859375,101.61212158203125,0.5962604880332947
1776175777713,1.0,0.0,2118.4755859375,101.83036804199219,0.5963784456253052
1776175777734,1.0,0.0,2119.408447265625,102.09534454345703,0.5966647863388062
1776175777753,1.0,0.0,2119.9189453125,102.37244415283203,0.5967839956283569
1776175777773,1.0,0.0,2120.34521484375,102.60111999511719,0.596928596496582
1776175777793,1.0,0.0,2120.85791015625,102.85841369628906,0.5970486402511597
1776175777813,1.0,0.0,2121.285888671875,103.11495971679688,0.5971928834915161
1776175777835,1.0,0.0,2122.230224609375,103.37686920166016,0.5974569320678711
1776175777853,1.0,0.0,2122.7470703125,103.61468505859375,0.5975779891014099
1776175777873,1.0,0.0,2123.1787109375,103.88473510742188,0.5977239608764648
1776175777893,1.0,0.0,2123.69775390625,104.1012954711914,0.5978696942329407
1776175777913,1.0,0.0,2124.218017578125,104.35761260986328,0.5979924201965332
1776175777934,1.0,0.0,2125.174560546875,104.62115478515625,0.5982610583305359
1776175777953,1.0,0.0,2125.610595703125,104.84198760986328,0.598408579826355
1776175777973,1.0,0.0,2126.134765625,105.09527587890625,0.5985309481620789
1776175777993,1.0,0.0,2126.572265625,105.35896301269531,0.5986782312393188
1776175778014,1.0,0.0,2127.098388671875,105.61103057861328,0.5988006591796875
1776175778034,1.0,0.0,2128.065673828125,105.82099151611328,0.5990982055664062
1776175778053,1.0,0.0,2128.5947265625,106.06744384765625,0.5992222428321838
1776175778073,1.0,0.0,2129.036376953125,106.29203796386719,0.5993704199790955
1776175778093,1.0,0.0,2129.567138671875,106.56230926513672,0.5994949340820312
1776175778113,1.0,0.0,2130.010498046875,106.82289123535156,0.5996446013450623
1776175778134,1.0,0.0,2130.98828125,107.03380584716797,0.5999196171760559
1776175778153,1.0,0.0,2131.523193359375,107.2873764038086,0.6000705361366272
1776175778174,1.0,0.0,2132.05908203125,107.54893493652344,0.6001958847045898
1776175778193,1.0,0.0,2132.506591796875,107.76781463623047,0.6003469228744507
1776175778213,1.0,0.0,2133.044677734375,108.02897644042969,0.6004727482795715
1776175778233,1.0,0.0,2134.033935546875,108.31217956542969,0.6007509231567383
1776175778253,1.0,0.0,2134.48486328125,108.55985260009766,0.6009034514427185
1776175778275,1.0,0.0,2135.027099609375,108.87299346923828,0.601030170917511
1776175778293,1.0,0.0,2135.47998046875,109.10742950439453,0.6011830568313599
1776175778315,1.0,0.0,2136.0244140625,109.3714828491211,0.6013361811637878
1776175778333,1.0,0.0,2137.025146484375,109.57893371582031,0.6016184687614441
1776175778353,1.0,0.0,2137.572509765625,109.82798767089844,0.6017469167709351
1776175778373,1.0,0.0,2138.029541015625,110.06207275390625,0.6019009351730347
1776175778393,1.0,0.0,2138.5791015625,110.33847045898438,0.6020297408103943
1776175778413,1.0,0.0,2139.0380859375,110.61378479003906,0.6021831035614014
1776175778434,1.0,0.0,2140.050537109375,110.88794708251953,0.6024699211120605
1776175778453,1.0,0.0,2140.6044921875,111.11371612548828,0.6026244759559631
1776175778474,1.0,0.0,2141.15966796875,111.3834228515625,0.6027571558952332
1776175778493,1.0,0.0,2141.623291015625,111.62388610839844,0.6029120683670044
1776175778513,1.0,0.0,2142.1806640625,111.89683532714844,0.6030428409576416
1776175778533,1.0,0.0,2143.205322265625,112.16534423828125,0.6033308506011963
1776175778553,1.0,0.0,2143.672119140625,112.39350891113281,0.603489100933075
1776175778573,1.0,0.0,2144.2333984375,112.65213012695312,0.6036195755004883
1776175778593,1.0,0.0,2144.701904296875,112.90559387207031,0.6037786602973938
1776175778613,1.0,0.0,2145.264892578125,113.12238311767578,0.6039361953735352
1776175778633,1.0,0.0,2146.300048828125,113.39291381835938,0.6042289733886719
1776175778653,1.0,0.0,2146.8662109375,113.6641845703125,0.6043611764907837
1776175778673,1.0,0.0,2147.339111328125,113.88749694824219,0.6045210957527161
1776175778693,1.0,0.0,2147.90771484375,114.1694564819336,0.6046549677848816
1776175778715,1.0,0.0,2148.38232421875,114.44418334960938,0.6048157215118408
1776175778735,1.0,0.0,2149.525146484375,114.7223129272461,0.6051107048988342
1776175778753,1.0,0.0,2150.002685546875,114.95877075195312,0.6052713394165039
1776175778773,1.0,0.0,2150.576904296875,115.24270629882812,0.6054068207740784
1776175778793,1.0,0.0,2151.056396484375,115.47482299804688,0.6055688858032227
1776175778813,1.0,0.0,2151.6328125,115.7442626953125,0.6057030558586121
1776175778835,1.0,0.0,2152.692626953125,116.01411437988281,0.6060017347335815
1776175778854,1.0,0.0,2153.17578125,116.24496459960938,0.6061644554138184
1776175778873,1.0,0.0,2153.756591796875,116.52625274658203,0.6063287258148193
1776175778893,1.0,0.0,2154.241455078125,116.80176544189453,0.606465220451355
1776175778913,1.0,0.0,2154.824462890625,117.026611328125,0.6066290140151978
1776175778933,1.0,0.0,2155.89599609375,117.30015563964844,0.606930673122406
1776175778953,1.0,0.0,2156.482177734375,117.58975982666016,0.6070677042007446
1776175778973,1.0,0.0,2156.971435546875,117.80509948730469,0.6072331666946411
1776175778993,1.0,0.0,2157.5595703125,118.0694580078125,0.6073709726333618
1776175779013,1.0,0.0,2158.050537109375,118.33870697021484,0.607539713382721
1776175779033,1.0,0.0,2159.23193359375,118.57288360595703,0.6078444719314575
1776175779053,0.9101499915122986,0.0,2159.7255859375,118.84931182861328,0.6080110669136047
1776175779073,0.78125,0.0,2160.319091796875,119.11686706542969,0.6081507205963135
1776175779093,0.6405999660491943,0.0,2160.814697265625,119.33451080322266,0.6083182096481323
1776175779113,0.48010000586509705,0.0,2161.410400390625,119.5241470336914,0.6084576845169067
1776175779136,0.3095000088214874,0.0,2162.505126953125,119.66128540039062,0.608765184879303
1776175779153,0.20235002040863037,0.0,2163.00341796875,119.66290283203125,0.6089341640472412
1776175779173,0.08330002427101135,0.0,2163.6015625,119.66011810302734,0.6091017127037048
1776175779194,0.0,0.0,2164.199462890625,119.66334533691406,0.609242856502533
1776175779213,0.0,0.0,2164.69775390625,119.66618347167969,0.6094123125076294
1776175779234,0.0,0.0,2165.7939453125,119.66645812988281,0.6097199320793152
1776175779253,0.0,0.0,2166.391845703125,119.6712417602539,0.6098596453666687
1776175779274,0.0,0.0,2166.89013671875,119.67239379882812,0.6100297570228577
1776175779293,0.047600001096725464,0.0,2167.488037109375,119.67622375488281,0.6101697087287903
1776175779313,0.09920001029968262,0.0,2167.986328125,119.6825942993164,0.6103379726409912
1776175779334,0.17059999704360962,0.0,2169.18212890625,119.68873596191406,0.6106472611427307
1776175779353,0.2459999918937683,0.0,2169.680419921875,119.695068359375,0.6108165383338928
1776175779375,0.33329999446868896,0.0,2170.278564453125,119.70085906982422,0.6109581589698792
1776175779393,0.4205999970436096,0.0,2170.777099609375,119.83090209960938,0.6111254692077637
1776175779414,0.5077999830245972,0.0,2171.37548828125,120.26811218261719,0.6112667918205261
1776175779433,0.5859500169754028,0.0,2172.476318359375,120.70459747314453,0.6115766167640686
1776175779453,0.6484500169754028,0.0,2172.97900390625,120.973876953125,0.6117438077926636
1776175779473,0.7304499745368958,0.0,2173.583740234375,121.16958618164062,0.6119153499603271
1776175779493,0.7968499660491943,0.0,2174.189453125,121.3603744506836,0.6120568513870239
1776175779513,0.8554500341415405,0.0,2174.69482421875,121.54370880126953,0.6122284531593323
1776175779534,0.9335999488830566,0.0,2175.80859375,121.78273010253906,0.6125431060791016
1776175779553,1.0,0.0,2176.41748046875,122.0483627319336,0.6126850247383118
1776175779573,1.0,0.0,2176.92578125,122.28538513183594,0.6128576993942261
1776175779593,1.0,0.0,2177.536865234375,122.57230377197266,0.6130009889602661
1776175779613,1.0,0.0,2178.046875,122.85564422607422,0.6131731271743774
1776175779634,1.0,0.0,2179.172119140625,123.14559936523438,0.6134903430938721
1776175779653,1.0,0.0,2179.78759765625,123.39775085449219,0.6136632561683655
1776175779673,1.0,0.0,2180.404296875,123.687744140625,0.6138074994087219
1776175779693,1.0,0.0,2180.919189453125,123.92930603027344,0.6139810681343079
1776175779713,1.0,0.0,2181.5380859375,124.19542694091797,0.6141250133514404
1776175779733,1.0,0.0,2182.675537109375,124.46637725830078,0.6144454479217529
1776175779753,1.0,0.0,2183.19384765625,124.7088851928711,0.6146235466003418
1776175779774,1.0,0.0,2183.817138671875,125.00312805175781,0.6147969961166382
1776175779793,1.0,0.0,2184.441650390625,125.3089599609375,0.614942193031311
1776175779813,1.0,0.0,2184.962890625,125.54705810546875,0.6151196360588074
1776175779834,1.0,0.0,2186.11279296875,125.8131332397461,0.6154416799545288
1776175779853,1.0,0.0,2186.74169921875,126.0836181640625,0.6155892610549927
1776175779873,1.0,0.0,2187.2666015625,126.3360824584961,0.6157665848731995
1776175779893,1.0,0.0,2187.897705078125,126.64151763916016,0.6159141063690186
1776175779913,1.0,0.0,2188.424560546875,126.91561126708984,0.6160914301872253
1776175779934,1.0,0.0,2189.6923828125,127.13859558105469,0.6164183616638184
1776175779953,1.0,0.0,2190.221923828125,127.40906524658203,0.6165958642959595
1776175779973,1.0,0.0,2190.8583984375,127.68717956542969,0.6167446970939636
1776175779993,1.0,0.0,2191.3896484375,127.93812561035156,0.6169248223304749
1776175780013,1.0,0.0,2192.028564453125,128.21322631835938,0.6170729994773865
1776175780033,1.0,0.0,2193.203125,128.49717712402344,0.6174025535583496
1776175780053,1.0,0.0,2193.73828125,128.7299041748047,0.6175834536552429
1776175780073,1.0,0.0,2194.381591796875,129.0035858154297,0.6177634596824646
1776175780093,1.0,0.0,2195.026123046875,129.27200317382812,0.6179159879684448
1776175780113,1.0,0.0,2195.56396484375,129.5126495361328,0.6180981397628784
1776175780133,1.0,0.0,2196.750244140625,129.79336547851562,0.6184305548667908
1776175780153,1.0,0.0,2197.39892578125,130.06243896484375,0.6185817122459412
1776175780173,1.0,0.0,2197.9404296875,130.27276611328125,0.6187635660171509
1776175780193,1.0,0.0,2198.59130859375,130.5319061279297,0.6189163327217102
1776175780213,1.0,0.0,2199.134521484375,130.8262481689453,0.619098961353302
1776175780234,1.0,0.0,2200.332275390625,131.07284545898438,0.6194350719451904
1776175780253,1.0,0.0,2200.9873046875,131.33624267578125,0.6196194887161255
1776175780273,1.0,0.0,2201.6435546875,131.5906219482422,0.6197730302810669
1776175780293,1.0,0.0,2202.191162109375,131.81753540039062,0.6199578642845154
1776175780314,1.0,0.0,2202.849365234375,132.09352111816406,0.6201112270355225
1776175780335,1.0,0.0,2204.05908203125,132.35018920898438,0.6204500198364258
1776175780353,1.0,0.0,2204.610107421875,132.57852172851562,0.6206365823745728
1776175780373,1.0,0.0,2205.2724609375,132.85116577148438,0.6208210587501526
1776175780393,1.0,0.0,2205.936279296875,133.123291015625,0.6209768056869507
1776175780413,1.0,0.0,2206.490234375,133.36033630371094,0.6211633682250977
1776175780434,1.0,0.0,2207.7119140625,133.624267578125,0.6215066313743591
1776175780453,1.0,0.0,2208.3798828125,133.8802490234375,0.6216627955436707
1776175780473,1.0,0.0,2208.9375,134.10748291015625,0.6218503713607788
1776175780493,1.0,0.0,2209.607666015625,134.36952209472656,0.6220073103904724
1776175780513,1.0,0.0,2210.1669921875,134.64083862304688,0.6221960186958313
1776175780534,1.0,0.0,2211.400146484375,134.8685302734375,0.6225417852401733
1776175780553,1.0,0.0,2212.074462890625,135.13021850585938,0.62273108959198
1776175780573,1.0,0.0,2212.749755859375,135.3798828125,0.6228887438774109
1776175780593,1.0,0.0,2213.313232421875,135.58958435058594,0.6230786442756653
1776175780613,1.0,0.0,2213.990478515625,135.8502655029297,0.6232374310493469
1776175780633,1.0,0.0,2215.23486328125,136.0724334716797,0.6235866546630859
1776175780653,1.0,0.0,2215.8017578125,136.33445739746094,0.6237775683403015
1776175780673,1.0,0.0,2216.48291015625,136.5924530029297,0.6239690780639648
1776175780693,1.0,0.0,2217.165283203125,136.8459014892578,0.6241281032562256
1776175780714,1.0,0.0,2217.734619140625,137.08834838867188,0.624319851398468
1776175780733,1.0,0.0,2218.98974609375,137.30967712402344,0.6246724724769592
1776175780753,1.0,0.0,2219.676025390625,137.5690155029297,0.6248331069946289
1776175780773,1.0,0.0,2220.248779296875,137.77593994140625,0.6250264048576355
1776175780793,1.0,0.0,2220.93701171875,138.03945922851562,0.6251872181892395
1776175780813,1.0,0.0,2221.511474609375,138.30137634277344,0.62538081407547
1776175780833,1.0,0.0,2222.893310546875,138.5174560546875,0.6257361173629761
1776175780853,1.0,0.0,2223.470458984375,138.77743530273438,0.6259304881095886
1776175780873,1.0,0.0,2224.1640625,139.02432250976562,0.6260935068130493
1776175780893,1.0,0.0,2224.742919921875,139.23866271972656,0.6262876987457275
1776175780913,1.0,0.0,2225.4384765625,139.5133514404297,0.6264501214027405
1776175780933,1.0,0.0,2226.716796875,139.7269287109375,0.6268090009689331
1776175780953,1.0,0.0,2227.298828125,139.978515625,0.627004861831665
1776175780973,1.0,0.0,2227.998291015625,140.21832275390625,0.6272004246711731
1776175780993,1.0,0.0,2228.69873046875,140.44589233398438,0.6273645758628845
1776175781013,1.0,0.0,2229.283203125,140.6403045654297,0.6275619864463806
1776175781033,1.0,0.0,2230.5712890625,140.89974975585938,0.6279245615005493
1776175781053,1.0,0.0,2231.275634765625,141.1523895263672,0.6280894875526428
1776175781073,1.0,0.0,2231.863525390625,141.37637329101562,0.6282869577407837
1776175781093,1.0,0.0,2232.570068359375,141.63870239257812,0.6284517645835876
1776175781113,1.0,0.0,2233.15966796875,141.88900756835938,0.628650426864624
1776175781133,1.0,0.0,2234.577880859375,142.0896453857422,0.6290159225463867
1776175781153,1.0,0.0,2235.169921875,142.32473754882812,0.62921541929245
1776175781173,1.0,0.0,2235.88134765625,142.58885192871094,0.6293818950653076
1776175781193,1.0,0.0,2236.47509765625,142.7930145263672,0.6295819282531738
1776175781214,1.0,0.0,2237.1884765625,143.03172302246094,0.6297485828399658
1776175781233,1.0,0.0,2238.498779296875,143.26097106933594,0.6301164627075195
1776175781253,1.0,0.0,2239.095458984375,143.46754455566406,0.6303181648254395
1776175781273,1.0,0.0,2239.8125,143.71205139160156,0.6305187344551086
1776175781293,1.0,0.0,2240.530517578125,143.95962524414062,0.6306862235069275
1776175781313,1.0,0.0,2241.129638671875,144.16134643554688,0.6308878064155579
1776175781333,1.0,0.0,2242.450439453125,144.39739990234375,0.6312589049339294
1776175781353,1.0,0.0,2243.172119140625,144.63320922851562,0.6314284205436707
1776175781373,1.0,0.0,2243.774169921875,144.83010864257812,0.6316311955451965
1776175781393,1.0,0.0,2244.49755859375,145.0410614013672,0.6318000555038452
1776175781413,1.0,0.0,2245.10107421875,145.26840209960938,0.632003903388977
1776175781433,1.0,0.0,2246.552734375,145.4793243408203,0.6323767900466919
1776175781453,1.0,0.0,2247.158935546875,145.72315979003906,0.6325808763504028
1776175781473,1.0,0.0,2247.88720703125,145.96774291992188,0.6327521204948425
1776175781493,1.0,0.0,2248.4951171875,146.17559814453125,0.6329568028450012
1776175781513,1.0,0.0,2249.225341796875,146.4020233154297,0.63312828540802
1776175781534,1.0,0.0,2250.566650390625,146.61749267578125,0.6335040330886841
1776175781553,1.0,0.0,2251.17724609375,146.82098388671875,0.6337100267410278
1776175781575,1.0,0.0,2251.910888671875,147.04502868652344,0.6339153051376343
1776175781593,1.0,0.0,2252.6455078125,147.27178955078125,0.634087085723877
1776175781613,1.0,0.0,2253.258544921875,147.4696807861328,0.634293794631958
1776175781634,1.0,0.0,2254.609375,147.70132446289062,0.6346737742424011
1776175781653,1.0,0.0,2255.34765625,147.9196319580078,0.6348459124565125
1776175781673,1.0,0.0,2255.963623046875,148.1090545654297,0.6350546479225159
1776175781693,1.0,0.0,2256.70361328125,148.33914184570312,0.6352264285087585
1776175781713,1.0,0.0,2257.321044921875,148.5723419189453,0.6354348659515381
1776175781734,1.0,0.0,2258.68212890625,148.7610626220703,0.6358162760734558
1776175781753,1.0,0.0,2259.42578125,148.99681091308594,0.6360259652137756
1776175781773,1.0,0.0,2260.170654296875,149.21255493164062,0.6361996531486511
1776175781793,1.0,0.0,2260.7919921875,149.40675354003906,0.6364091634750366
1776175781813,1.0,0.0,2261.538330078125,149.6425018310547,0.6365837454795837
1776175781834,1.0,0.0,2262.9091796875,149.84886169433594,0.636968195438385
1776175781853,1.0,0.0,2263.533203125,150.02525329589844,0.6371785402297974
1776175781873,1.0,0.0,2264.282958984375,150.2507781982422,0.6373885273933411
1776175781893,1.0,0.0,2265.033447265625,150.4688262939453,0.6375638842582703
1776175781913,1.0,0.0,2265.65966796875,150.65005493164062,0.637775719165802
1776175781933,1.0,0.0,2267.039794921875,150.86074829101562,0.6381633281707764
1776175781953,1.0,0.0,2267.7939453125,151.09690856933594,0.6383395791053772
1776175781973,1.0,0.0,2268.423095703125,151.28561401367188,0.6385514736175537
1776175781993,1.0,0.0,2269.178955078125,151.5027313232422,0.6387283802032471
1776175782013,1.0,0.0,2269.8095703125,151.71963500976562,0.6389400362968445
1776175782033,1.0,0.0,2271.326171875,151.90518188476562,0.6393306255340576
1776175782053,1.0,0.0,2271.959228515625,152.12301635742188,0.6395443677902222
1776175782073,1.0,0.0,2272.7197265625,152.3314971923828,0.639721691608429
1776175782093,1.0,0.0,2273.354248046875,152.5185546875,0.6399356126785278
1776175782113,1.0,0.0,2274.116455078125,152.7378692626953,0.6401134729385376
1776175782134,1.0,0.0,2275.515869140625,152.95074462890625,0.6405061483383179
1776175782153,1.0,0.0,2276.153076171875,153.12611389160156,0.6407209038734436
1776175782173,1.0,0.0,2276.91845703125,153.32620239257812,0.6409354209899902
1776175782193,1.0,0.0,2277.6845703125,153.52615356445312,0.6411145329475403
1776175782213,1.0,0.0,2278.32373046875,153.70982360839844,0.6413296461105347
1776175782233,1.0,0.0,2279.73193359375,153.9342498779297,0.6417250037193298
1776175782253,1.0,0.0,2280.50146484375,154.1397705078125,0.641904890537262
1776175782273,1.0,0.0,2281.143310546875,154.3098602294922,0.6421212553977966
1776175782293,1.0,0.0,2281.914306640625,154.51748657226562,0.6423013210296631
1776175782313,1.0,0.0,2282.557373046875,154.7172088623047,0.6425178050994873
1776175782333,1.0,0.0,2284.103515625,154.89393615722656,0.642915666103363
1776175782353,1.0,0.0,2284.748779296875,155.09373474121094,0.6431328058242798
1776175782375,1.0,0.0,2285.52392578125,155.30209350585938,0.643313467502594
1776175782393,1.0,0.0,2286.170654296875,155.49151611328125,0.643531858921051
1776175782413,1.0,0.0,2286.947509765625,155.70265197753906,0.6437138319015503
1776175782433,1.0,0.0,2288.374267578125,155.89987182617188,0.6441136002540588
1776175782454,1.0,0.0,2289.023681640625,156.06942749023438,0.6443318724632263
1776175782474,1.0,0.0,2289.8037109375,156.2706298828125,0.644551694393158
1776175782493,1.0,0.0,2290.584716796875,156.4770050048828,0.6447345614433289
1776175782513,1.0,0.0,2291.236083984375,156.64898681640625,0.6449519991874695
1776175782533,1.0,0.0,2292.67138671875,156.85501098632812,0.6453540921211243
1776175782553,1.0,0.0,2293.45556640625,157.05455017089844,0.6455437541007996
1776175782573,1.0,0.0,2294.109619140625,157.2161865234375,0.6457581520080566
1776175782593,1.0,0.0,2294.89501953125,157.4089813232422,0.6459441184997559
1776175782613,1.0,0.0,2295.55029296875,157.59820556640625,0.6461634635925293
1776175782633,1.0,0.0,2297.125244140625,157.7722930908203,0.6465708017349243
1776175782653,1.0,0.0,2297.782470703125,157.97625732421875,0.646790087223053
1776175782673,1.0,0.0,2298.572021484375,158.1804962158203,0.6469757556915283
1776175782693,1.0,0.0,2299.230712890625,158.35337829589844,0.6471977829933167
1776175782713,1.0,0.0,2300.02197265625,158.55899047851562,0.6473829746246338
1776175782734,1.0,0.0,2301.474853515625,158.75543212890625,0.6478267908096313
1776175782753,1.0,0.0,2302.13623046875,158.91842651367188,0.648012638092041
1776175782773,1.0,0.0,2302.930419921875,159.09765625,0.6482358574867249
1776175782793,1.0,0.0,2303.725341796875,159.26890563964844,0.6484226584434509
1776175782813,1.0,0.0,2304.388427734375,159.4270782470703,0.6486451625823975
1776175782833,1.0,0.0,2305.84912109375,159.63482666015625,0.6490545868873596
1776175782853,1.0,0.0,2306.647216796875,159.85972595214844,0.6492422819137573
1776175782873,1.0,0.0,2307.31298828125,160.03805541992188,0.6494659781455994
1776175782893,1.0,0.0,2308.11279296875,160.22222900390625,0.6496526598930359
1776175782913,1.0,0.0,2308.780029296875,160.3880615234375,0.6498779058456421
1776175782933,1.0,0.0,2310.38330078125,160.55258178710938,0.6502904891967773
1776175782953,1.0,0.0,2311.05224609375,160.7576446533203,0.6505148410797119
1776175782973,1.0,0.0,2311.85595703125,160.95457458496094,0.6507028937339783
1776175782993,1.0,0.0,2312.5263671875,161.11451721191406,0.6509305834770203
1776175783013,1.0,0.0,2313.33154296875,161.31036376953125,0.6511179208755493
1776175783034,1.0,0.0,2314.81005859375,161.50894165039062,0.6515325903892517
1776175783053,1.0,0.0,2315.48291015625,161.66827392578125,0.65175861120224
1776175783073,1.0,0.0,2316.291015625,161.8356475830078,0.6519858837127686
1776175783093,1.0,0.0,2317.099853515625,162.01486206054688,0.6521747708320618
1776175783113,1.0,0.0,2317.7744140625,162.1779327392578,0.6524029970169067
1776175783134,1.0,0.0,2319.26025390625,162.37062072753906,0.6528186202049255
1776175783153,1.0,0.0,2320.07177734375,162.55491638183594,0.6530078053474426
1776175783173,1.0,0.0,2320.748779296875,162.70851135253906,0.6532367467880249
1776175783193,1.0,0.0,2321.561767578125,162.9061279296875,0.6534264087677002
1776175783213,1.0,0.0,2322.239990234375,163.07884216308594,0.6536550521850586
1776175783233,1.0,0.0,2323.86962890625,163.2287139892578,0.6540752053260803
1776175783253,1.0,0.0,2324.549560546875,163.40304565429688,0.6543031930923462
1776175783273,1.0,0.0,2325.3662109375,163.59420776367188,0.654493510723114
1776175783293,1.0,0.0,2326.04736328125,163.75961303710938,0.6547233462333679
1776175783313,1.0,0.0,2326.865478515625,163.93887329101562,0.6549155116081238
1776175783333,1.0,0.0,2328.367431640625,164.12844848632812,0.6553755402565002
1776175783353,1.0,0.0,2329.18798828125,164.28536987304688,0.6555683016777039
1776175783373,1.0,0.0,2329.872314453125,164.47311401367188,0.6557967662811279
1776175783393,1.0,0.0,2330.6943359375,164.65745544433594,0.6559882164001465
1776175783413,1.0,0.0,2331.3798828125,164.81561279296875,0.6562207937240601
1776175783434,1.0,0.0,2332.890380859375,165.00315856933594,0.6566435694694519
1776175783453,1.0,0.0,2333.71533203125,165.1810302734375,0.6568369269371033
1776175783473,1.0,0.0,2334.403564453125,165.33091735839844,0.6570698022842407
1776175783494,1.0,0.0,2335.22998046875,165.51034545898438,0.6572619676589966
1776175783513,1.0,0.0,2335.91943359375,165.6851043701172,0.6574937701225281
1776175783533,1.0,0.0,2337.576171875,165.84613037109375,0.6579190492630005
1776175783553,1.0,0.0,2338.267333984375,166.02207946777344,0.6581535935401917
1776175783573,1.0,0.0,2339.097412109375,166.1880645751953,0.65834641456604
1776175783593,1.0,0.0,2339.789794921875,166.3368682861328,0.6585797667503357
1776175783613,1.0,0.0,2340.62109375,166.51202392578125,0.6587734818458557
1776175783633,1.0,0.0,2342.147216796875,166.681640625,0.6592010259628296
1776175783653,1.0,0.0,2342.841552734375,166.82589721679688,0.6594358086585999
1776175783673,1.0,0.0,2343.675537109375,166.99520874023438,0.6596696972846985
1776175783693,1.0,0.0,2344.51025390625,167.1678924560547,0.6598645448684692
1776175783713,1.0,0.0,2345.20654296875,167.31143188476562,0.6600993871688843
1776175783733,1.0,0.0,2346.739990234375,167.47889709472656,0.6605300307273865
1776175783753,1.0,0.0,2347.57763671875,167.6560821533203,0.6607238054275513
1776175783774,1.0,0.0,2348.276123046875,167.80026245117188,0.6609593629837036
1776175783793,1.0,0.0,2349.114990234375,167.96243286132812,0.6611570119857788
1776175783813,1.0,0.0,2349.814453125,168.11651611328125,0.661391019821167
1776175783834,1.0,0.0,2351.494873046875,168.27955627441406,0.661822497844696
1776175783853,1.0,0.0,2352.19580078125,168.42236328125,0.6620591282844543
1776175783873,1.0,0.0,2353.03759765625,168.5673370361328,0.6622551679611206
1776175783893,1.0,0.0,2353.739501953125,168.68849182128906,0.6624911427497864
1776175783913,1.0,0.0,2354.58251953125,168.8607177734375,0.6626873016357422
1776175783933,1.0,0.0,2356.130126953125,169.05323791503906,0.6631617546081543
1776175783953,1.0,0.0,2356.975341796875,169.20541381835938,0.6633588075637817
1776175783973,1.0,0.0,2357.680419921875,169.36212158203125,0.6635974049568176
1776175783993,1.0,0.0,2358.527099609375,169.525390625,0.6637946963310242
1776175784013,1.0,0.0,2359.233154296875,169.6667022705078,0.6640318632125854
1776175784033,1.0,0.0,2360.787841796875,169.8362579345703,0.6644676327705383
1776175784053,1.0,0.0,2361.636962890625,169.9852752685547,0.6646663546562195
1776175784073,1.0,0.0,2362.344970703125,170.12879943847656,0.6649049520492554
1776175784093,1.0,0.0,2363.195068359375,170.28768920898438,0.6651430726051331
1776175784113,1.0,0.0,2363.904052734375,170.44677734375,0.6653414368629456
1776175784134,1.0,0.0,2365.607421875,170.61880493164062,0.6657784581184387
1776175784153,1.0,0.0,2366.318115234375,170.7433319091797,0.6660181879997253
1776175784173,1.0,0.0,2367.171630859375,170.934326171875,0.6662192344665527
1776175784193,1.0,0.0,2367.883544921875,171.0778045654297,0.6664584875106812
1776175784213,1.0,0.0,2368.738525390625,171.23545837402344,0.6666588187217712
1776175784234,1.0,0.0,2370.307861328125,171.3842315673828,0.6670987010002136
1776175784253,1.0,0.0,2371.02197265625,171.5211944580078,0.667338490486145
1776175784273,1.0,0.0,2371.87939453125,171.680419921875,0.667578399181366
1776175784293,1.0,0.0,2372.737548828125,171.84588623046875,0.6677788496017456
1776175784313,1.0,0.0,2373.453369140625,171.98355102539062,0.668020486831665
1776175784333,1.0,0.0,2375.02978515625,172.1451416015625,0.6684637069702148
1776175784353,1.0,0.0,2375.890380859375,172.2960662841797,0.6686634421348572
1776175784373,1.0,0.0,2376.60791015625,172.4134063720703,0.6689049601554871
1776175784393,1.0,0.0,2377.4697265625,172.56846618652344,0.6691056489944458
1776175784414,1.0,0.0,2378.188232421875,172.72433471679688,0.6693493127822876
1776175784433,1.0,0.0,2379.91455078125,172.84811401367188,0.6697903871536255
1776175784453,1.0,0.0,2380.634521484375,173.00625610351562,0.6700341105461121
1776175784473,1.0,0.0,2381.499267578125,173.16830444335938,0.6702349185943604
1776175784494,1.0,0.0,2382.220458984375,173.3196258544922,0.6704816818237305
1776175784513,1.0,0.0,2383.08642578125,173.45187377929688,0.6706826090812683
1776175784534,1.0,0.0,2384.67578125,173.59841918945312,0.6711661219596863
1776175784553,1.0,0.0,2385.543701171875,173.72640991210938,0.6713716387748718
1776175784573,1.0,0.0,2386.267578125,173.8842315673828,0.6716146469116211
1776175784593,1.0,0.0,2387.13671875,174.02978515625,0.671816349029541
1776175784613,1.0,0.0,2387.861572265625,174.16696166992188,0.6720591187477112
1776175784634,1.0,0.0,2389.457763671875,174.32379150390625,0.6725062727928162
1776175784653,1.0,0.0,2390.329345703125,174.4613494873047,0.6727123856544495
1776175784673,0.9335999488830566,0.0,2391.05615234375,174.58218383789062,0.6729573011398315
1776175784693,0.7968499660491943,0.0,2391.9287109375,174.7225341796875,0.6732009649276733
1776175784713,0.6366999745368958,0.0,2392.802001953125,174.84010314941406,0.6734050512313843
1776175784734,0.492000013589859,0.0,2394.404541015625,174.9054412841797,0.6738578081130981
1776175784753,0.27775001525878906,0.0,2395.13330078125,174.9381103515625,0.6741015315055847
1776175784773,0.05950000882148743,0.0,2396.008056640625,174.8921356201172,0.6743058562278748
1776175784793,0.0,0.0,2396.73681640625,174.84902954101562,0.6745535731315613
1776175784813,0.0,0.0,2397.61083984375,174.79307556152344,0.6747564673423767
1776175784834,0.0,0.0,2399.212890625,174.742431640625,0.6752071380615234
1776175784853,0.0,0.0,2399.94091796875,174.69375610351562,0.6754535436630249
1776175784873,0.0,0.0,2400.814453125,174.64060974121094,0.6756985783576965
1776175784893,0.0,0.0,2401.687744140625,174.58334350585938,0.6759037971496582
1776175784913,0.0,0.0,2402.415283203125,174.540771484375,0.6761487722396851
1776175784934,0.027750015258789062,0.0,2404.01513671875,174.4926300048828,0.6765986084938049
1776175784953,0.1269499957561493,0.0,2404.887451171875,174.43923950195312,0.6768028140068054
1776175784975,0.2301500141620636,0.0,2405.614013671875,174.3789520263672,0.6770496964454651
1776175784993,0.29760000109672546,0.0,2406.48583984375,174.32432556152344,0.6772933602333069
1776175785013,0.3452000021934509,0.0,2407.357421875,174.4727783203125,0.6774968504905701
1776175785033,0.36900001764297485,0.0,2408.9560546875,174.60302734375,0.6779494881629944
1776175785053,0.4007500112056732,0.0,2409.683837890625,174.63877868652344,0.678195059299469
1776175785073,0.4364500045776367,0.0,2410.557373046875,174.63418579101562,0.6783987879753113
1776175785093,0.4761500060558319,0.0,2411.285400390625,174.63568115234375,0.6786432862281799
1776175785113,0.53125,0.0,2412.158935546875,174.63951110839844,0.6788488626480103
1776175785136,0.6093499660491943,0.0,2413.760009765625,174.6461639404297,0.6793380975723267
1776175785153,0.6797000169754028,0.0,2414.63330078125,174.6633758544922,0.6795443892478943
1776175785173,0.7577999830245972,0.0,2415.361083984375,174.6968994140625,0.6797882914543152
1776175785193,0.8242000341415405,0.0,2416.23486328125,174.76480102539062,0.6799936890602112
1776175785214,0.8905999660491943,0.0,2416.963134765625,174.83738708496094,0.6802393198013306
1776175785236,0.9726499915122986,0.0,2418.566162109375,174.9461669921875,0.6806896328926086
1776175785253,1.0,0.0,2419.441162109375,175.01893615722656,0.6808943152427673
1776175785274,1.0,0.0,2420.17041015625,175.09420776367188,0.6811386942863464
1776175785293,1.0,0.0,2421.0458984375,175.22894287109375,0.6813856363296509
1776175785313,1.0,0.0,2421.921875,175.34930419921875,0.6815908551216125
1776175785335,1.0,0.0,2423.529296875,175.4580841064453,0.6820419430732727
1776175785353,1.0,0.0,2424.260498046875,175.5542449951172,0.6822865605354309
1776175785373,1.0,0.0,2425.13818359375,175.6692352294922,0.682492196559906
1776175785393,1.0,0.0,2425.8701171875,175.76454162597656,0.6827383041381836
1776175785413,1.0,0.0,2426.748779296875,175.84695434570312,0.6829456090927124
1776175785433,1.0,0.0,2428.36083984375,175.95608520507812,0.6834401488304138
1776175785453,1.0,0.0,2429.24072265625,176.05780029296875,0.6836463809013367
1776175785474,1.0,0.0,2429.974365234375,176.16302490234375,0.6838927865028381
1776175785493,1.0,0.0,2430.855224609375,176.25326538085938,0.6840986609458923
1776175785513,1.0,0.0,2431.58935546875,176.33267211914062,0.6843445897102356
1776175785534,1.0,0.0,2433.205322265625,176.42747497558594,0.6848021149635315
1776175785553,1.0,0.0,2434.08740234375,176.52984619140625,0.6850060820579529
1776175785573,1.0,0.0,2434.82275390625,176.6203155517578,0.685254693031311
1776175785593,1.0,0.0,2435.70556640625,176.7187042236328,0.6855020523071289
1776175785614,1.0,0.0,2436.588623046875,176.81610107421875,0.6857098340988159
1776175785634,1.0,0.0,2438.208740234375,176.90921020507812,0.6861640214920044
1776175785653,1.0,0.0,2438.945556640625,177.00741577148438,0.686412513256073
1776175785673,1.0,0.0,2439.830078125,177.11016845703125,0.6866214275360107
1776175785693,1.0,0.0,2440.567626953125,177.2036895751953,0.686867356300354
1776175785713,1.0,0.0,2441.453125,177.3193817138672,0.6870770454406738
1776175785734,1.0,0.0,2443.077880859375,177.42335510253906,0.6875731945037842
1776175785753,1.0,0.0,2443.96484375,177.5321044921875,0.687781035900116
1776175785773,1.0,0.0,2444.704345703125,177.65554809570312,0.6880314350128174
1776175785793,1.0,0.0,2445.59228515625,177.75518798828125,0.6882379055023193
1776175785813,1.0,0.0,2446.33251953125,177.8534393310547,0.6884881854057312
1776175785834,1.0,0.0,2447.962158203125,177.96693420410156,0.6889457702636719
1776175785853,1.0,0.0,2448.851806640625,178.08456420898438,0.6891547441482544
1776175785873,1.0,0.0,2449.593505859375,178.1704559326172,0.6894040107727051
1776175785893,1.0,0.0,2450.48388671875,178.27178955078125,0.6896557807922363
1776175785913,1.0,0.0,2451.374755859375,178.3832550048828,0.6898638010025024
1776175785934,1.0,0.0,2453.00927734375,178.47854614257812,0.6903231739997864
1776175785953,1.0,0.0,2453.7529296875,178.5889892578125,0.6905735731124878
1776175785973,1.0,0.0,2454.645751953125,178.69227600097656,0.6907831430435181
1776175785993,1.0,0.0,2455.389892578125,178.77719116210938,0.6910330653190613
1776175786013,1.0,0.0,2456.283447265625,178.8871307373047,0.6912418007850647
1776175786035,1.0,0.0,2457.922607421875,178.99252319335938,0.6917027831077576
1776175786053,1.0,0.0,2458.668212890625,179.07591247558594,0.6919529438018799
1776175786073,1.0,0.0,2459.5634765625,179.18092346191406,0.6922078132629395
1776175786093,1.0,0.0,2460.458984375,179.2794952392578,0.6924168467521667
1776175786113,1.0,0.0,2461.20556640625,179.34957885742188,0.6926681995391846
1776175786134,1.0,0.0,2462.84912109375,179.4478759765625,0.6931307911872864
1776175786153,1.0,0.0,2463.746337890625,179.55120849609375,0.6933408975601196
1776175786173,1.0,0.0,2464.494384765625,179.63644409179688,0.693591296672821
1776175786193,1.0,0.0,2465.392333984375,179.72044372558594,0.6938461661338806
1776175786214,1.0,0.0,2466.290771484375,179.8044891357422,0.6940544843673706
1776175786235,1.0,0.0,2467.93896484375,179.9043426513672,0.694518506526947
1776175786255,1.0,0.0,2468.688720703125,179.99842834472656,0.6947723627090454
1776175786275,1.0,0.0,2469.588623046875,180.0691680908203,0.694983959197998
1776175786294,1.0,0.0,2470.3388671875,180.1603546142578,0.6952362060546875
1776175786319,1.0,0.0,2471.990234375,180.25160217285156,0.6957007050514221
1776175786335,1.0,0.0,2472.891357421875,180.3101043701172,0.6959532499313354
1776175786353,1.0,0.0,2473.79296875,180.3794403076172,0.6961644291877747
1776175786373,1.0,0.0,2474.54443359375,180.46719360351562,0.6964182257652283
1776175786393,1.0,0.0,2475.44677734375,180.56019592285156,0.6966284513473511
1776175786414,1.0,0.0,2476.198974609375,180.634765625,0.6968836188316345
1776175786435,1.0,0.0,2477.85498046875,180.73281860351562,0.6973499059677124
1776175786453,1.0,0.0,2478.758544921875,180.80038452148438,0.6975618600845337
1776175786474,1.0,0.0,2479.511962890625,180.87188720703125,0.6978152990341187
1776175786493,1.0,0.0,2480.416259765625,180.9598388671875,0.6980705261230469
1776175786513,1.0,0.0,2481.32080078125,181.03921508789062,0.6982825994491577
1776175786533,1.0,0.0,2482.980224609375,181.09933471679688,0.698748767375946
1776175786553,1.0,0.0,2483.73486328125,181.17019653320312,0.6990043520927429
1776175786574,1.0,0.0,2484.640625,181.2578887939453,0.6992163062095642
1776175786593,1.0,0.0,2485.39599609375,181.3249053955078,0.6994714736938477
1776175786613,1.0,0.0,2486.302734375,181.4113006591797,0.6996838450431824
1776175786634,1.0,0.0,2487.9658203125,181.48146057128906,0.7001935839653015
1776175786653,1.0,0.0,2488.873291015625,181.53880310058594,0.7004074454307556
1776175786673,1.0,0.0,2489.629638671875,181.60995483398438,0.700663685798645
1776175786693,1.0,0.0,2490.53759765625,181.6754608154297,0.7008762359619141
1776175786713,1.0,0.0,2491.29443359375,181.73158264160156,0.7011315822601318
1776175786734,1.0,0.0,2492.960205078125,181.7984161376953,0.7016013264656067
1776175786753,1.0,0.0,2493.869384765625,181.88168334960938,0.7018110752105713
1776175786773,1.0,0.0,2494.62744140625,181.95713806152344,0.7020711898803711
1776175786793,1.0,0.0,2495.537353515625,182.0286102294922,0.7023258805274963
1776175786813,1.0,0.0,2496.44775390625,182.09373474121094,0.7025395631790161
1776175786835,1.0,0.0,2498.1171875,182.1561279296875,0.7030090689659119
1776175786855,1.0,0.0,2498.876220703125,182.21524047851562,0.7032644152641296
1776175786873,1.0,0.0,2499.787353515625,182.26939392089844,0.7034798264503479
1776175786893,1.0,0.0,2500.546875,182.31336975097656,0.7037347555160522
1776175786913,1.0,0.0,2501.45849609375,182.36325073242188,0.7039493918418884
1776175786933,1.0,0.0,2503.130615234375,182.4296112060547,0.7044622302055359
1776175786953,1.0,0.0,2504.043212890625,182.4965057373047,0.7046769261360168
1776175786973,1.0,0.0,2504.803955078125,182.5580291748047,0.7049344778060913
1776175786994,1.0,0.0,2505.71728515625,182.61129760742188,0.705147922039032
1776175787014,1.0,0.0,2506.478515625,182.70452880859375,0.7054059505462646
1776175787033,1.0,0.0,2508.154052734375,182.7545623779297,0.7058777213096619
1776175787053,1.0,0.0,2509.068115234375,182.7846221923828,0.706091046333313
1776175787073,1.0,0.0,2509.829833984375,182.81716918945312,0.7063490152359009
1776175787093,1.0,0.0,2510.743896484375,182.88722229003906,0.7066075205802917
1776175787113,1.0,0.0,2511.657958984375,182.9751434326172,0.7068212628364563
1776175787135,1.0,0.0,2513.3349609375,183.027587890625,0.7072920799255371
1776175787153,1.0,0.0,2514.097412109375,183.06707763671875,0.7075491547584534
1776175787173,1.0,0.0,2515.012451171875,183.11309814453125,0.7077651023864746
1776175787193,1.0,0.0,2515.775146484375,183.16888427734375,0.7080225944519043
1776175787213,1.0,0.0,2516.690673828125,183.22584533691406,0.7082787752151489
1776175787234,1.0,0.0,2518.369873046875,183.27490234375,0.7087530493736267
1776175787255,1.0,0.0,2519.2861328125,183.31385803222656,0.708966851234436
1776175787273,1.0,0.0,2520.0498046875,183.35354614257812,0.7092227339744568
1776175787293,1.0,0.0,2520.966552734375,183.41513061523438,0.7094399333000183
1776175787313,1.0,0.0,2521.730712890625,183.46820068359375,0.7096970677375793
1776175787333,1.0,0.0,2523.41259765625,183.65562438964844,0.710169792175293
1776175787353,1.0,0.0,2524.330810546875,183.7647705078125,0.71038419008255
1776175787374,1.0,0.0,2525.096435546875,183.79722595214844,0.7106427550315857
1776175787393,1.0,0.0,2526.015380859375,183.82119750976562,0.7108994722366333
1776175787413,1.0,0.0,2526.934326171875,183.85409545898438,0.7111160159111023
1776175787434,1.0,0.0,2528.619140625,183.8846435546875,0.7115897536277771
1776175787453,1.0,0.0,2529.38525390625,183.92144775390625,0.7118470072746277
1776175787473,1.0,0.0,2530.3046875,183.96031188964844,0.7120614647865295
1776175787493,1.0,0.0,2531.071044921875,183.99981689453125,0.7123204469680786
1776175787513,1.0,0.0,2531.990966796875,184.0296630859375,0.7125357389450073
1776175787535,1.0,0.0,2533.677734375,184.0528106689453,0.7130524516105652
1776175787553,1.0,0.0,2534.597900390625,184.08950805664062,0.7132673263549805
1776175787573,1.0,0.0,2535.364990234375,184.12881469726562,0.7135259509086609
1776175787593,1.0,0.0,2536.28564453125,184.1702880859375,0.713741660118103
1776175787613,1.0,0.0,2537.05322265625,184.201171875,0.7140015363693237
1776175787633,1.0,0.0,2537.974365234375,184.2508544921875,0.714216411113739
1776175787654,1.0,0.0,2539.663818359375,184.289794921875,0.7146908044815063
1776175787673,1.0,0.0,2540.431884765625,184.32240295410156,0.7149494290351868
1776175787693,1.0,0.0,2541.353759765625,184.36831665039062,0.7152072191238403
1776175787713,1.0,0.0,2542.27587890625,184.40553283691406,0.7154237627983093
1776175787733,1.0,0.0,2543.966796875,184.4412841796875,0.7158976793289185
1776175787753,1.0,0.0,2544.735595703125,184.49732971191406,0.7161561846733093
1776175787775,1.0,0.0,2545.658203125,184.53445434570312,0.7163723707199097
1776175787794,1.0,0.0,2546.42724609375,184.56930541992188,0.7166318297386169
1776175787813,1.0,0.0,2547.35009765625,184.6009521484375,0.7168479561805725
1776175787833,1.0,0.0,2549.0419921875,184.64523315429688,0.7173652648925781
1776175787853,1.0,0.0,2549.965087890625,184.66632080078125,0.717582106590271
1776175787873,1.0,0.0,2550.734375,184.69480895996094,0.7178404927253723
1776175787893,1.0,0.0,2551.65771484375,184.7364959716797,0.718058168888092
1776175787913,1.0,0.0,2552.42724609375,184.75924682617188,0.7183164954185486
1776175787936,1.0,0.0,2554.12060546875,184.78750610351562,0.7187924981117249
1776175787953,1.0,0.0,2555.044189453125,184.80894470214844,0.7190525531768799
1776175787973,1.0,0.0,2555.968017578125,184.8389129638672,0.7192685008049011
1776175787993,1.0,0.0,2556.738037109375,184.8674774169922,0.719528079032898
1776175788013,1.0,0.0,2557.662109375,184.87767028808594,0.7197456359863281
1776175788034,1.0,0.0,2559.356201171875,184.89691162109375,0.7202197909355164
1776175788053,1.0,0.0,2560.12646484375,184.9520721435547,0.7204805612564087
1776175788074,1.0,0.0,2561.051025390625,184.9945831298828,0.7206960320472717
1776175788093,1.0,0.0,2561.82177734375,185.0256805419922,0.7209564447402954
1776175788113,1.0,0.0,2562.7470703125,185.05856323242188,0.7212154865264893
1776175788133,1.0,0.0,2564.443359375,185.0935821533203,0.7216919660568237
1776175788153,1.0,0.0,2565.368896484375,185.11453247070312,0.7219094038009644
1776175788173,1.0,0.0,2566.14013671875,185.15057373046875,0.7221679091453552
1776175788193,1.0,0.0,2567.065673828125,185.1852569580078,0.7223861813545227
1776175788213,1.0,0.0,2567.837158203125,185.21047973632812,0.7226446866989136
1776175788233,1.0,0.0,2568.762939453125,185.24771118164062,0.7228628993034363
1776175788253,1.0,0.0,2570.460693359375,185.2804718017578,0.7233831286430359
1776175788273,1.0,0.0,2571.386962890625,185.3134765625,0.7235983610153198
1776175788293,1.0,0.0,2572.158935546875,185.36419677734375,0.723860502243042
1776175788313,1.0,0.0,2573.08544921875,185.4091796875,0.724076509475708
1776175788334,1.0,0.0,2574.784912109375,185.4404754638672,0.7245550751686096
1776175788353,1.0,0.0,2575.557373046875,185.48167419433594,0.7248137593269348
1776175788373,1.0,0.0,2576.484375,185.5229949951172,0.7250296473503113
1776175788393,1.0,0.0,2577.257080078125,185.55789184570312,0.7252908945083618
1776175788413,1.0,0.0,2578.1845703125,185.59703063964844,0.7255093455314636
1776175788435,1.0,0.0,2579.8857421875,185.65098571777344,0.7260304093360901
1776175788454,1.0,0.0,2580.813720703125,185.68150329589844,0.7262470722198486
1776175788473,1.0,0.0,2581.58740234375,185.70787048339844,0.7265064120292664
1776175788493,1.0,0.0,2582.515869140625,185.76553344726562,0.7267259955406189
1776175788513,1.0,0.0,2583.289794921875,185.8100128173828,0.7269890904426575
1776175788534,1.0,0.0,2584.992919921875,185.8623504638672,0.7274650931358337
1776175788553,1.0,0.0,2585.92236328125,185.9097137451172,0.7277267575263977
1776175788576,1.0,0.0,2586.85205078125,185.96768188476562,0.7279427647590637
1776175788593,1.0,0.0,2587.626953125,186.01979064941406,0.7282068729400635
1776175788614,1.0,0.0,2588.55712890625,186.06822204589844,0.7284190654754639
1776175788634,1.0,0.0,2590.262939453125,186.11756896972656,0.7289013266563416
1776175788653,1.0,0.0,2591.038330078125,186.17001342773438,0.7291615605354309
1776175788673,1.0,0.0,2591.96923828125,186.226806640625,0.729381263256073
1776175788693,1.0,0.0,2592.7451171875,186.2758331298828,0.7296419143676758
1776175788713,1.0,0.0,2593.676513671875,186.3461151123047,0.7298598289489746
1776175788734,1.0,0.0,2595.384765625,186.4258575439453,0.730383038520813
1776175788753,1.0,0.0,2596.31689453125,186.47415161132812,0.7306000590324402
1776175788773,1.0,0.0,2597.09375,186.539794921875,0.7308638691902161
1776175788793,1.0,0.0,2598.0263671875,186.62022399902344,0.7310807704925537
1776175788813,1.0,0.0,2598.8037109375,186.696044921875,0.7313414812088013
1776175788836,1.0,0.0,2600.51513671875,186.79595947265625,0.7318248748779297
1776175788854,1.0,0.0,2601.44921875,186.86317443847656,0.7320433855056763
1776175788873,1.0,0.0,2602.227783203125,186.924072265625,0.7323048710823059
1776175788893,1.0,0.0,2603.162353515625,187.02166748046875,0.7325682640075684
1776175788913,1.0,0.0,2604.09716796875,187.11671447753906,0.7327857613563538
1776175788934,1.0,0.0,2605.8125,187.20361328125,0.7332665324211121
1776175788953,1.0,0.0,2606.592529296875,187.2959442138672,0.7335306406021118
1776175788973,1.0,0.0,2607.529052734375,187.39974975585938,0.7337479591369629
1776175788993,1.0,0.0,2608.309814453125,187.48414611816406,0.7340120077133179
1776175789013,1.0,0.0,2609.2470703125,187.58245849609375,0.7342764139175415
1776175789034,1.0,0.0,2610.966064453125,187.68263244628906,0.734757125377655
1776175789053,1.0,0.0,2611.904296875,187.77610778808594,0.7349809408187866
1776175789073,1.0,0.0,2612.6865234375,187.88873291015625,0.7352429628372192
1776175789093,1.0,0.0,2613.625732421875,187.9991912841797,0.735462486743927
1776175789113,1.0,0.0,2614.408935546875,188.09262084960938,0.735730767250061
1776175789134,1.0,0.0,2616.1328125,188.20236206054688,0.7362133264541626
1776175789153,1.0,0.0,2617.07373046875,188.31344604492188,0.736481785774231
1776175789173,1.0,0.0,2618.01513671875,188.402587890625,0.736697256565094
1776175789193,1.0,0.0,2618.800048828125,188.51361083984375,0.7369681596755981
1776175789214,1.0,0.0,2619.742431640625,188.6249237060547,0.7371852397918701
1776175789233,1.0,0.0,2621.47119140625,188.71640014648438,0.7376706004142761
1776175789253,1.0,0.0,2622.257568359375,188.81594848632812,0.7379379272460938
1776175789274,1.0,0.0,2623.201416015625,188.9244842529297,0.738160252571106
1776175789293,1.0,0.0,2623.98828125,189.00877380371094,0.7384312152862549
1776175789313,1.0,0.0,2624.93310546875,189.1092529296875,0.7386890649795532
1776175789333,1.0,0.0,2626.66650390625,189.218994140625,0.7391833066940308
1776175789353,1.0,0.0,2627.612548828125,189.3104248046875,0.739401638507843
1776175789373,1.0,0.0,2628.4013671875,189.41323852539062,0.739670991897583
1776175789393,1.0,0.0,2629.34814453125,189.5099334716797,0.7398959994316101
1776175789414,1.0,0.0,2630.137451171875,189.58709716796875,0.7401618957519531
1776175789434,1.0,0.0,2631.874755859375,189.67811584472656,0.7406511306762695
1776175789453,1.0,0.0,2632.822998046875,189.76956176757812,0.7409204840660095
1776175789473,1.0,0.0,2633.771728515625,189.86331176757812,0.7411434054374695
1776175789493,1.0,0.0,2634.562744140625,189.98388671875,0.7414106130599976
1776175789513,1.0,0.0,2635.512451171875,190.08474731445312,0.741633951663971
1776175789533,1.0,0.0,2637.254638671875,190.1573028564453,0.7421262264251709
1776175789553,1.0,0.0,2638.046875,190.25515747070312,0.7423973083496094
1776175789573,1.0,0.0,2638.998046875,190.35362243652344,0.7426207065582275
1776175789593,1.0,0.0,2639.791015625,190.43936157226562,0.7428900003433228
1776175789613,1.0,0.0,2640.742919921875,190.54022216796875,0.7431125044822693
1776175789634,1.0,0.0,2642.489501953125,190.6447296142578,0.7436484098434448
1776175789653,1.0,0.0,2643.442626953125,190.7203369140625,0.7438749670982361
1776175789673,1.0,0.0,2644.2373046875,190.81715393066406,0.7441452145576477
1776175789693,1.0,0.0,2645.191162109375,190.89723205566406,0.7443708181381226
1776175789713,1.0,0.0,2645.986328125,191.0005645751953,0.7446355223655701
1776175789733,1.0,0.0,2647.73681640625,191.0914764404297,0.7451298832893372
1776175789753,1.0,0.0,2648.6923828125,191.19313049316406,0.7454031705856323
1776175789773,1.0,0.0,2649.648193359375,191.2716522216797,0.7456231713294983
1776175789793,1.0,0.0,2650.445068359375,191.3677215576172,0.7458940744400024
1776175789813,1.0,0.0,2651.401611328125,191.45855712890625,0.7461190223693848
1776175789834,1.0,0.0,2653.15625,191.55545043945312,0.7466133236885071
1776175789853,1.0,0.0,2653.954345703125,191.63047790527344,0.746881365776062
1776175789873,1.0,0.0,2654.912353515625,191.7288818359375,0.7471078038215637
1776175789893,1.0,0.0,2655.7109375,191.8212432861328,0.7473745942115784
1776175789913,1.0,0.0,2656.669677734375,191.91783142089844,0.7476388216018677
1776175789933,1.0,0.0,2658.4287109375,192.01649475097656,0.748141348361969
1776175789953,1.0,0.0,2659.388916015625,192.09805297851562,0.7483680248260498
1776175789973,1.0,0.0,2660.189208984375,192.199462890625,0.7486340999603271
1776175789993,1.0,0.0,2661.150146484375,192.2976837158203,0.7488606572151184
1776175790013,1.0,0.0,2661.951171875,192.37948608398438,0.7491317391395569
1776175790034,1.0,0.0,2663.714599609375,192.47683715820312,0.7496238946914673
1776175790053,1.0,0.0,2664.677001953125,192.56988525390625,0.7498952746391296
1776175790073,1.0,0.0,2665.479248046875,192.63912963867188,0.7501187920570374
1776175790093,1.0,0.0,2666.4423828125,192.73912048339844,0.7503882050514221
1776175790113,1.0,0.0,2667.40576171875,192.84498596191406,0.7506135106086731
1776175790135,1.0,0.0,2669.17333984375,192.9231414794922,0.7511096596717834
1776175790153,1.0,0.0,2669.977294921875,193.01895141601562,0.7513769865036011
1776175790173,1.0,0.0,2670.9423828125,193.1155548095703,0.751602292060852
1776175790193,1.0,0.0,2671.746826171875,193.1824493408203,0.7518752813339233
1776175790213,1.0,0.0,2672.71240234375,193.26632690429688,0.7521466612815857
1776175790234,1.0,0.0,2674.483642578125,193.367431640625,0.7526413798332214
1776175790253,1.0,0.0,2675.450439453125,193.44837951660156,0.7528666853904724
1776175790273,1.0,0.0,2676.256591796875,193.55369567871094,0.7531371712684631
1776175790293,1.0,0.0,2677.224365234375,193.64830017089844,0.753361165523529
1776175790313,1.0,0.0,2678.03125,193.72108459472656,0.7536336183547974
1776175790333,1.0,0.0,2679.80712890625,193.8141632080078,0.7541316747665405
1776175790353,1.0,0.0,2680.7763671875,193.9030303955078,0.7544021606445312
1776175790373,1.0,0.0,2681.745849609375,193.9805908203125,0.7546290755271912
1776175790393,1.0,0.0,2682.55419921875,194.074462890625,0.7549009919166565
1776175790413,1.0,0.0,2683.5244140625,194.156005859375,0.7551265954971313
1776175790434,1.0,0.0,2685.303955078125,194.2348175048828,0.7556256651878357
1776175790453,1.0,0.0,2686.113037109375,194.30938720703125,0.7558976411819458
1776175790473,1.0,0.0,2687.08447265625,194.40267944335938,0.7561229467391968
1776175790493,1.0,0.0,2687.89404296875,194.4755859375,0.7563970685005188
1776175790513,1.0,0.0,2688.8662109375,194.56259155273438,0.7566677331924438
1776175790534,1.0,0.0,2690.649169921875,194.6399688720703,0.7571679353713989
1776175790553,1.0,0.0,2691.622314453125,194.71620178222656,0.7573946118354797
1776175790573,1.0,0.0,2692.43359375,194.81341552734375,0.7576690912246704
1776175790593,1.0,0.0,2693.40771484375,194.9139862060547,0.7578957080841064
1776175790613,1.0,0.0,2694.2197265625,194.9923095703125,0.7581688165664673
1776175790634,1.0,0.0,2696.007080078125,195.07437133789062,0.7586677074432373
1776175790653,1.0,0.0,2696.982421875,195.15521240234375,0.7589409351348877
1776175790673,1.0,0.0,2697.958251953125,195.22177124023438,0.7591692805290222
1776175790693,1.0,0.0,2698.771484375,195.30487060546875,0.7594423890113831
1776175790713,1.0,0.0,2699.747802734375,195.3909454345703,0.7596701979637146
1776175790734,1.0,0.0,2701.538818359375,195.4717559814453,0.7601726651191711
1776175790753,1.0,0.0,2702.353271484375,195.5586700439453,0.7604461312294006
1776175790773,1.0,0.0,2703.330810546875,195.64671325683594,0.7607202529907227
1776175790793,1.0,0.0,2704.308837890625,195.71664428710938,0.7609466910362244
1776175790813,1.0,0.0,2705.1240234375,195.7901611328125,0.7611765265464783
1776175790833,1.0,0.0,2706.918212890625,195.87127685546875,0.761725902557373
1776175790853,1.0,0.0,2707.8974609375,195.93707275390625,0.7619536519050598
1776175790873,1.0,0.0,2708.7138671875,196.01785278320312,0.7622268795967102
1776175790893,1.0,0.0,2709.69384765625,196.08868408203125,0.7624560594558716
1776175790914,1.0,0.0,2710.5107421875,196.177490234375,0.7627323269844055
1776175790933,1.0,0.0,2712.308837890625,196.24465942382812,0.7632357478141785
1776175790953,1.0,0.0,2713.290283203125,196.31761169433594,0.7635098695755005
1776175790973,1.0,0.0,2714.27197265625,196.3883819580078,0.7637394666671753
1776175790993,1.0,0.0,2715.09033203125,196.47120666503906,0.7640138864517212
1776175791013,1.0,0.0,2716.072509765625,196.53887939453125,0.7642433047294617
1776175791034,1.0,0.0,2717.874267578125,196.60140991210938,0.7647495865821838
1776175791053,1.0,0.0,2718.693359375,196.66693115234375,0.7650238275527954
1776175791073,1.0,0.0,2719.676513671875,196.7429962158203,0.7652518153190613
1776175791093,1.0,0.0,2720.49609375,196.8072052001953,0.7655295729637146
1776175791113,1.0,0.0,2721.47998046875,196.884033203125,0.7658042311668396
1776175791135,1.0,0.0,2723.284423828125,196.9599609375,0.7663107514381409
1776175791153,1.0,0.0,2724.269287109375,197.0257110595703,0.7665402889251709
1776175791174,1.0,0.0,2725.090087890625,197.09632873535156,0.7668143510818481
1776175791193,1.0,0.0,2726.075439453125,197.17005920410156,0.7670450210571289
1776175791213,1.0,0.0,2726.896728515625,197.2293243408203,0.7673208713531494
1776175791233,1.0,0.0,2728.70458984375,197.29421997070312,0.7678296566009521
1776175791253,1.0,0.0,2729.69091796875,197.35897827148438,0.7681093215942383
1776175791273,1.0,0.0,2730.51318359375,197.42503356933594,0.7683389186859131
1776175791293,1.0,0.0,2731.500244140625,197.5041046142578,0.7686147093772888
1776175791313,1.0,0.0,2732.487548828125,197.57652282714844,0.7688414454460144
1776175791333,1.0,0.0,2734.298583984375,197.63575744628906,0.7693547606468201
1776175791353,1.0,0.0,2735.122314453125,197.716552734375,0.7696288824081421
1776175791373,1.0,0.0,2736.11083984375,197.7880096435547,0.7698598504066467
1776175791393,1.0,0.0,2736.93505859375,197.85086059570312,0.7701388597488403
1776175791414,1.0,0.0,2737.92431640625,197.9252166748047,0.7703696489334106
1776175791434,1.0,0.0,2739.73828125,197.9818572998047,0.77092444896698
1776175791453,1.0,0.0,2740.563232421875,198.0347442626953,0.7711569666862488
1776175791473,1.0,0.0,2741.553466796875,198.1166229248047,0.7714369893074036
1776175791493,1.0,0.0,2742.543701171875,198.1874237060547,0.7716646194458008
1776175791513,1.0,0.0,2743.369140625,198.25352478027344,0.7719438076019287
1776175791534,1.0,0.0,2745.186279296875,198.31680297851562,0.7724514603614807
1776175791553,1.0,0.0,2746.177734375,198.38609313964844,0.7727341651916504
1776175791573,1.0,0.0,2747.169677734375,198.44859313964844,0.7729654312133789
1776175791593,1.0,0.0,2747.99658203125,198.51287841796875,0.773240327835083
1776175791613,1.0,0.0,2748.989013671875,198.5836639404297,0.7734740376472473
1776175791635,1.0,0.0,2750.809326171875,198.6477813720703,0.7739846110343933
1776175791654,1.0,0.0,2751.636962890625,198.71047973632812,0.7742593884468079
1776175791673,1.0,0.0,2752.630615234375,198.7938995361328,0.7744958996772766
1776175791693,1.0,0.0,2753.458740234375,198.85755920410156,0.7747724056243896
1776175791713,1.0,0.0,2754.452880859375,198.92234802246094,0.7750070095062256
1776175791733,1.0,0.0,2756.27587890625,198.97564697265625,0.7755637764930725
1776175791753,1.0,0.0,2757.270751953125,199.022705078125,0.7757969498634338
1776175791773,1.0,0.0,2758.10009765625,199.1040496826172,0.7760737538337708
1776175791793,1.0,0.0,2759.095703125,199.1936798095703,0.7763115167617798
1776175791813,1.0,0.0,2759.925537109375,199.2400665283203,0.7765916585922241
1776175791833,1.0,0.0,2761.751953125,199.29820251464844,0.777102530002594
1776175791853,1.0,0.0,2762.74853515625,199.3746795654297,0.7773837447166443
1776175791875,1.0,0.0,2763.745361328125,199.43572998046875,0.7776142954826355
1776175791893,1.0,0.0,2764.576416015625,199.50555419921875,0.7778977751731873
1776175791913,1.0,0.0,2765.573974609375,199.57852172851562,0.7781288623809814
1776175791934,1.0,0.0,2767.4033203125,199.62428283691406,0.7786452174186707
1776175791953,1.0,0.0,2768.235107421875,199.68995666503906,0.7789207696914673
1776175791973,1.0,0.0,2769.2333984375,199.759765625,0.7791581153869629
1776175791993,1.0,0.0,2770.065673828125,199.8306884765625,0.7794402241706848
1776175792013,1.0,0.0,2771.064697265625,199.87696838378906,0.7796750664710999
1776175792034,1.0,0.0,2772.89697265625,199.94541931152344,0.7801884412765503
1776175792053,1.0,0.0,2773.72998046875,199.99786376953125,0.7804692387580872
1776175792073,1.0,0.0,2774.72998046875,200.0723876953125,0.7807514667510986
1776175792093,1.0,0.0,2775.730224609375,200.14004516601562,0.7809861302375793
1776175792113,1.0,0.0,2776.56396484375,200.19590759277344,0.7812662720680237
1776175792133,1.0,0.0,2778.39892578125,200.25625610351562,0.7817858457565308
1776175792153,1.0,0.0,2779.400146484375,200.3169403076172,0.7820677161216736
1776175792174,1.0,0.0,2780.401611328125,200.3685302734375,0.7822993397712708
1776175792193,1.0,0.0,2781.236328125,200.427490234375,0.7825835347175598
1776175792213,1.0,0.0,2782.23828125,200.50086975097656,0.7828162908554077
1776175792233,1.0,0.0,2784.076171875,200.56182861328125,0.7833337783813477
1776175792253,1.0,0.0,2784.911865234375,200.63356018066406,0.7836160063743591
1776175792273,1.0,0.0,2785.9150390625,200.68287658691406,0.7838507294654846
1776175792293,1.0,0.0,2786.751220703125,200.72946166992188,0.7841333150863647
1776175792313,1.0,0.0,2787.754638671875,200.80084228515625,0.7844144701957703
1776175792333,1.0,0.0,2789.594970703125,200.85693359375,0.7849337458610535
1776175792353,1.0,0.0,2790.599365234375,200.92042541503906,0.7851683497428894
1776175792373,1.0,0.0,2791.4365234375,200.98202514648438,0.7854517698287964
1776175792393,1.0,0.0,2792.441162109375,201.0477294921875,0.7856864333152771
1776175792413,1.0,0.0,2793.27880859375,201.10430908203125,0.7859675288200378
1776175792434,1.0,0.0,2795.122314453125,201.16207885742188,0.7864881157875061
1776175792453,1.0,0.0,2796.128173828125,201.2238311767578,0.7867218852043152
1776175792473,1.0,0.0,2796.966552734375,201.2798614501953,0.7870028018951416
1776175792493,1.0,0.0,2797.972900390625,201.34666442871094,0.7872846126556396
1776175792513,1.0,0.0,2798.9794921875,201.40377807617188,0.7875227928161621
1776175792534,1.0,0.0,2800.82568359375,201.45350646972656,0.7880417108535767
1776175792553,1.0,0.0,2801.665283203125,201.51467895507812,0.7883242964744568
1776175792573,1.0,0.0,2802.6728515625,201.57386779785156,0.7885587811470032
1776175792593,1.0,0.0,2803.5126953125,201.6229248046875,0.7888421416282654
1776175792613,1.0,0.0,2804.520751953125,201.68304443359375,0.7891261577606201
1776175792633,1.0,0.0,2806.36962890625,201.74713134765625,0.7896434664726257
1776175792653,1.0,0.0,2807.37841796875,201.7922821044922,0.7898831963539124
1776175792673,1.0,0.0,2808.21923828125,201.84336853027344,0.7901639938354492
1776175792693,1.0,0.0,2809.228271484375,201.8937530517578,0.7904008626937866
1776175792713,1.0,0.0,2810.0693359375,201.94403076171875,0.7906808853149414
1776175792734,1.0,0.0,2811.920166015625,201.9837188720703,0.7912024855613708
1776175792753,1.0,0.0,2812.929931640625,202.04421997070312,0.7914854288101196
1776175792774,1.0,0.0,2813.940185546875,202.11001586914062,0.7917223572731018
1776175792793,0.8242000341415405,0.0,2814.7822265625,202.16943359375,0.7920068502426147
1776175792813,0.4761500060558319,0.0,2815.79296875,202.1992950439453,0.7922406196594238
1776175792833,0.05555000901222229,0.0,2817.646728515625,202.18203735351562,0.7927609086036682
1776175792853,0.0,0.0,2818.4892578125,202.0735321044922,0.7930452823638916
1776175792873,0.0,0.0,2819.5,201.93212890625,0.7932793498039246
1776175792893,0.0,0.0,2820.341796875,201.80975341796875,0.7935633659362793
1776175792913,0.0,0.0,2821.35107421875,201.66220092773438,0.7937992215156555
1776175792933,0.0,0.0,2822.191650390625,201.5183868408203,0.7940815091133118
1776175792953,0.0,0.0,2824.20703125,201.3975372314453,0.794598400592804
1776175792973,0.0,0.02551683969795704,2825.046142578125,201.25221252441406,0.7948809266090393
1776175792993,0.0,0.4580742418766022,2826.05224609375,201.0443878173828,0.7951158285140991
1776175793013,0.0,1.0,2826.890380859375,200.58514404296875,0.7953980565071106
1776175793033,0.0,1.0,2828.73046875,199.74659729003906,0.79591304063797
1776175793053,0.0,1.0,2829.7294921875,198.8272247314453,0.7961931824684143
1776175793073,0.0,1.0,2830.724365234375,198.02476501464844,0.7964234352111816
1776175793093,0.0,1.0,2831.55029296875,197.11712646484375,0.7967023849487305
1776175793113,0.0,1.0,2832.53759765625,196.14991760253906,0.7969315052032471
1776175793133,0.0,1.0,2834.336669921875,195.3207550048828,0.7974363565444946
1776175793153,0.0,1.0,2835.14990234375,194.3253631591797,0.7977097630500793
1776175793173,0.0,1.0,2836.1220703125,193.28289794921875,0.7979329824447632
1776175793193,0.0,1.0,2836.928955078125,192.36471557617188,0.7982044816017151
1776175793213,0.0,1.0,2837.89306640625,191.26368713378906,0.7984741926193237
1776175793234,0.0,1.0,2839.64892578125,190.21322631835938,0.7989662289619446
1776175793253,0.0,1.0,2840.6005859375,189.31346130371094,0.7991880774497986
1776175793273,0.0,1.0,2841.390380859375,188.23716735839844,0.7994522452354431
1776175793293,0.0,1.0,2842.334228515625,187.17691040039062,0.7996727228164673
1776175793313,0.0,1.0,2843.117431640625,186.3067626953125,0.7999347448348999
1776175793334,0.0,1.0,2844.829833984375,185.27073669433594,0.8004134297370911
1776175793353,0.0,1.0,2845.758056640625,184.2498016357422,0.8006719946861267
1776175793373,0.0,1.0,2846.681640625,183.4523162841797,0.8008872270584106
1776175793393,0.0,1.0,2847.4482421875,182.50457763671875,0.801144540309906
1776175793413,0.0,1.0,2848.364501953125,181.55670166015625,0.8013569712638855
1776175793433,0.0,1.0,2850.03369140625,180.77462768554688,0.8018235564231873
1776175793453,0.0,1.0,2850.7880859375,179.8671417236328,0.8020762205123901
1776175793473,0.0,1.0,2851.689453125,178.9430694580078,0.8022871017456055
1776175793493,0.0,1.0,2852.4375,178.13507080078125,0.8025370240211487
1776175793513,0.0,1.0,2853.33154296875,177.23248291015625,0.8027856349945068
1776175793534,0.0,1.0,2854.959716796875,176.302734375,0.803240954875946
1776175793553,0.0,1.0,2855.842041015625,175.4993133544922,0.8034465909004211
1776175793573,0.0,1.0,2856.57421875,174.5457000732422,0.8036929368972778
1776175793593,0.0,1.0,2857.448974609375,173.55189514160156,0.8038967847824097
1776175793613,0.0,1.0,2858.1748046875,172.6909942626953,0.8041394948959351
1776175793634,0.0,1.0,2859.760986328125,171.66116333007812,0.804583728313446
1776175793654,0.0,1.0,2860.6201171875,170.5855712890625,0.8048239946365356
1776175793673,0.0,1.0,2861.474853515625,169.6724395751953,0.8050223588943481
1776175793693,0.0,1.0,2862.18359375,168.644775390625,0.8052592277526855
1776175793713,0.0,1.0,2863.030029296875,167.5818328857422,0.8054567575454712
1776175793734,0.0,1.0,2864.570068359375,166.68157958984375,0.8058862686157227
1776175793753,0.0,1.0,2865.265380859375,165.6692352294922,0.8061197996139526
1776175793773,0.0,1.0,2866.095703125,164.60104370117188,0.8063135147094727
1776175793794,0.0,1.0,2866.784423828125,163.71055603027344,0.8065449595451355
1776175793813,0.0,1.0,2867.6064453125,162.670654296875,0.806773841381073
1776175793833,0.0,1.0,2869.1025390625,161.580810546875,0.8071897029876709
1776175793853,0.0,1.0,2869.912109375,160.7167205810547,0.8073787093162537
1776175793873,0.0,1.0,2870.58349609375,159.67295837402344,0.8076037168502808
1776175793893,0.0,1.0,2871.385009765625,158.6218719482422,0.8077895641326904
1776175793913,0.0,1.0,2872.049560546875,157.7480010986328,0.8080129027366638
1776175793933,0.0,1.0,2873.500244140625,156.74827575683594,0.8084184527397156
1776175793953,0.0,1.0,2874.28515625,155.7727813720703,0.8086370229721069
1776175793973,0.0,1.0,2875.06591796875,154.89874267578125,0.8088183999061584
1776175793993,0.0,1.0,2875.713134765625,153.91531372070312,0.809035062789917
1776175794014,0.0,1.0,2876.486083984375,152.9160919189453,0.8092149496078491
1776175794033,0.0,1.0,2877.126953125,152.0408935546875,0.8094309568405151
1776175794053,0.0,1.0,2878.526123046875,151.01927185058594,0.8098211288452148
1776175794073,0.0,1.0,2879.283203125,150.0323028564453,0.8099963665008545
1776175794093,0.0,1.0,2879.91064453125,149.18809509277344,0.8102066516876221
1776175794113,0.0,1.0,2880.65966796875,148.19158935546875,0.8103808760643005
1776175794133,0.0,1.0,2882.02197265625,147.22364807128906,0.8107958436012268
1776175794154,0.0,1.0,2882.759033203125,146.29627990722656,0.8109675645828247
1776175794173,0.0,1.0,2883.3701171875,145.4957733154297,0.8111729621887207
1776175794193,0.0,1.0,2884.099853515625,144.54522705078125,0.8113396167755127
1776175794213,0.0,1.0,2884.705078125,143.73773193359375,0.811546266078949
1776175794233,0.0,1.0,2886.0263671875,142.8148193359375,0.811913788318634
1776175794253,0.0,1.0,2886.741455078125,141.87948608398438,0.8121136426925659
1776175794273,0.0,1.0,2887.45263671875,141.0569610595703,0.8122782707214355
1776175794293,0.0,1.0,2888.042236328125,140.0939178466797,0.8124774098396301
1776175794313,0.0,1.0,2888.745849609375,139.1104278564453,0.8126406669616699
1776175794334,0.0,1.0,2890.025146484375,138.0924530029297,0.8129979968070984
1776175794354,0.0,1.0,2890.601806640625,137.2452392578125,0.8131912350654602
1776175794373,0.0,1.0,2891.2900390625,136.22866821289062,0.8133517503738403
1776175794393,0.0,1.0,2891.860107421875,135.33819580078125,0.8135427832603455
1776175794413,0.0,1.0,2892.540283203125,134.29920959472656,0.8137000203132629
1776175794433,0.0,1.0,2893.103759765625,133.42999267578125,0.813888669013977
1776175794453,0.0,1.0,2894.332275390625,132.42759704589844,0.8142310380935669
1776175794473,0.0,1.0,2894.99609375,131.44046020507812,0.8144170045852661
1776175794493,0.0,1.0,2895.656005859375,130.4442138671875,0.8145704865455627
1776175794513,0.0,1.0,2896.20263671875,129.60035705566406,0.8147538900375366
1776175794533,0.0,1.0,2897.502197265625,128.6450653076172,0.8150852918624878
1776175794553,0.0,1.0,2898.038818359375,127.70919799804688,0.8152655363082886
1776175794573,0.0,1.0,2898.67919921875,126.90304565429688,0.8154143691062927
1776175794593,0.0,1.0,2899.209716796875,125.99361419677734,0.8155919909477234
1776175794613,0.0,1.0,2899.8427734375,125.1021499633789,0.8157395124435425
1776175794634,0.0,1.0,2900.9931640625,124.31918334960938,0.8160613775253296
1776175794653,0.0,1.0,2901.51171875,123.40888214111328,0.816234290599823
1776175794673,0.0,1.0,2902.130615234375,122.53846740722656,0.8163781762123108
1776175794693,0.0,1.0,2902.643310546875,121.75624084472656,0.8165510296821594
1776175794713,0.0,1.0,2903.255126953125,120.8016357421875,0.8166930079460144
1776175794734,0.0,1.0,2904.3662109375,119.8547134399414,0.8170304894447327
1776175794753,0.0,1.0,2904.966552734375,119.02885437011719,0.8171693682670593
1776175794773,0.0,1.0,2905.463623046875,118.08995056152344,0.8173369765281677
1776175794793,0.0,1.0,2906.056396484375,117.09956359863281,0.8174745440483093
1776175794813,0.0,1.0,2906.547119140625,116.27806854248047,0.8176395893096924
1776175794835,0.0,1.0,2907.61669921875,115.25523376464844,0.8179378509521484
1776175794853,0.0,1.0,2908.194091796875,114.26885223388672,0.8180975914001465
1776175794873,0.0,1.0,2908.76708984375,113.45986938476562,0.8182307481765747
1776175794893,0.0,1.0,2909.241455078125,112.50765991210938,0.818389356136322
1776175794913,0.0,1.0,2909.80712890625,111.54916381835938,0.8185208439826965
1776175794934,0.0,1.0,2910.83349609375,110.57754516601562,0.8188082575798035
1776175794953,0.0,1.0,2911.29541015625,109.78575134277344,0.818962812423706
1776175794973,0.0,1.0,2911.84619140625,108.8900375366211,0.8190908432006836
1776175794993,0.0,1.0,2912.30224609375,108.10298919677734,0.8192431330680847
1776175795013,0.0,0.8347579836845398,2912.845947265625,107.19058227539062,0.819394588470459
1776175795034,0.0,0.6154777407646179,2913.832275390625,106.31497955322266,0.8196696639060974
1776175795053,0.0,0.410310834646225,2914.36474609375,105.68717193603516,0.8197932839393616
1776175795073,0.0,0.3131811320781708,2914.805908203125,105.21031188964844,0.819940984249115
1776175795093,0.0,0.24442484974861145,2915.333251953125,104.84072875976562,0.8200642466545105
1776175795113,0.0,0.21452350914478302,2915.771484375,104.58049774169922,0.8202109932899475
1776175795134,0.0,0.20982453227043152,2916.732421875,104.30570220947266,0.8204798698425293
1776175795153,0.0,0.22415263950824738,2917.255126953125,104.0265884399414,0.8206262588500977
1776175795173,0.0,0.24442484974861145,2917.77685546875,103.77523803710938,0.820747435092926
1776175795193,0.0,0.24967923760414124,2918.210693359375,103.46310424804688,0.8208931684494019
1776175795213,0.0,0.24442484974861145,2918.72998046875,102.954345703125,0.8210134506225586
1776175795234,0.0,0.23925209045410156,2919.677490234375,102.4495620727539,0.8212780356407166
1776175795253,0.0,0.24967923760414124,2920.10498046875,101.85051727294922,0.8214216232299805
1776175795277,0.0,0.28304019570350647,2920.615478515625,101.19949340820312,0.8215643763542175
1776175795293,0.0,0.325955867767334,2921.123291015625,100.61776733398438,0.821682333946228
1776175795313,0.0,0.4027373194694519,2921.5439453125,99.9407958984375,0.8218002915382385
1776175795334,0.0,0.5753976702690125,2922.462158203125,99.30194854736328,0.8220800161361694
1776175795353,0.0,0.6906412839889526,2922.958740234375,98.71585845947266,0.8221957683563232
1776175795373,0.0,0.7968763709068298,2923.37060546875,97.94910430908203,0.822333037853241
1776175795393,0.0,0.8347579836845398,2923.86181640625,97.10552215576172,0.8224479556083679
1776175795413,0.0,0.8741154074668884,2924.2685546875,96.345947265625,0.8225839734077454
1776175795433,0.0,0.9284524321556091,2924.753173828125,95.43497467041016,0.822719395160675
1776175795453,0.0,1.0,2925.6318359375,94.50003051757812,0.8229644894599915
1776175795473,0.0,1.0,2926.10546875,93.70963287353516,0.8230746388435364
1776175795493,0.0,1.0,2926.4970703125,92.80867004394531,0.8232057690620422
1776175795513,0.0,1.0,2926.963623046875,91.89418029785156,0.82331383228302
1776175795535,0.0,1.0,2927.80908203125,91.03427124023438,0.8235495090484619
1776175795553,0.0,1.0,2928.189208984375,90.29644775390625,0.8236771821975708
1776175795574,0.0,1.0,2928.64208984375,89.51456451416016,0.8237823247909546
1776175795593,0.0,1.0,2929.016845703125,88.85416412353516,0.8239084482192993
1776175795613,0.0,1.0,2929.463623046875,88.08881378173828,0.8240329027175903
1776175795633,0.0,1.0,2930.27392578125,87.26553344726562,0.8242579698562622
1776175795653,0.0,1.0,2930.711181640625,86.56403350830078,0.8243582844734192
1776175795673,0.0,1.0,2931.07275390625,85.78094482421875,0.8244792222976685
1776175795693,0.0,1.0,2931.503662109375,85.0073471069336,0.8245795369148254
1776175795713,0.0,1.0,2931.860107421875,84.30384826660156,0.8246991038322449
1776175795734,0.0,1.0,2932.63623046875,83.45545959472656,0.8249151110649109
1776175795753,0.0,1.0,2933.054443359375,82.6217269897461,0.8250322341918945
1776175795774,0.0,1.0,2933.468994140625,81.87686157226562,0.8251281380653381
1776175795793,0.0,1.0,2933.811767578125,81.07415771484375,0.825242280960083
1776175795813,0.0,1.0,2934.2197265625,80.28983306884766,0.8253369331359863
1776175795835,0.0,1.0,2934.55712890625,79.63465881347656,0.8254503011703491
1776175795853,0.0,1.0,2935.291259765625,78.83426666259766,0.8256547451019287
1776175795873,0.0,0.7968763709068298,2935.686767578125,78.0458755493164,0.8257452249526978
1776175795893,0.0,0.5187981128692627,2936.013671875,77.38443756103516,0.8258541822433472
1776175795913,0.0,0.22914811968803406,2936.403076171875,76.79719543457031,0.825962245464325
1776175795935,0.0,0.1241873949766159,2937.109375,76.38768005371094,0.8261592388153076
1776175795953,0.0,0.07381204515695572,2937.4921875,76.10660552978516,0.826248049736023
1776175795973,0.0,0.039903633296489716,2937.81005859375,75.7980728149414,0.8263537883758545
1776175795993,0.0,0.020820438861846924,2938.1904296875,75.52508544921875,0.826441764831543
1776175796013,0.0,0.011578230187296867,2938.5068359375,75.32918548583984,0.8265488147735596
1776175796033,0.0,0.005779007915407419,2939.262939453125,75.12307739257812,0.8267410397529602
1776175796053,0.0,0.0034974997397512197,2939.576904296875,74.9368896484375,0.8268460035324097
1776175796073,0.0,0.00228431960567832,2939.890380859375,74.77833557128906,0.8269331455230713
1776175796093,0.0,0.001668585347943008,2940.265625,74.60269165039062,0.8270377516746521
1776175796113,0.0,0.0024600743781775236,2940.64013671875,74.42704010009766,0.8271244764328003
1776175796134,0.0,0.004531817976385355,2941.32421875,74.24945068359375,0.8273152709007263
1776175796153,0.0,0.007669195998460054,2941.63427734375,74.0927963256836,0.8274188041687012
1776175796173,0.0,0.01275242492556572,2942.005615234375,73.9374771118164,0.8275052905082703
1776175796193,0.0,0.022617517039179802,2942.314208984375,73.76202392578125,0.8276084661483765
1776175796213,0.0,0.03212214261293411,2942.68359375,73.57536315917969,0.8277106881141663
1776175796234,0.0,0.03852551430463791,2943.358642578125,73.37686920166016,0.8278999924659729
1776175796253,0.0,0.039903633296489716,2943.725341796875,73.20030212402344,0.8279855251312256
1776175796273,0.0,0.03852551430463791,2944.030029296875,72.97799682617188,0.8280873894691467
1776175796293,0.0,0.02452591434121132,2944.394775390625,72.74671936035156,0.8281725645065308
1776175796313,0.0,0.003737070132046938,2944.69775390625,72.55461883544922,0.8282740116119385
1776175796333,0.0,0.0,2945.3623046875,72.3432388305664,0.8284602761268616
1776175796353,0.0,0.0,2945.7236328125,72.13737487792969,0.8285608887672424
1776175796373,0.0,0.0,2946.084228515625,71.96424102783203,0.8286452293395996
1776175796393,0.0,0.0,2946.384033203125,71.78076934814453,0.8287462592124939
1776175796413,0.0,0.0,2946.742919921875,71.57970428466797,0.8288293480873108
1776175796437,0.0,0.0,2947.3994140625,71.37584686279297,0.8290130496025085
1776175796454,0.0,0.0,2947.697021484375,71.2133560180664,0.829113245010376
1776175796475,0.0,0.0,2948.053466796875,71.01793670654297,0.8291959166526794
1776175796495,0.0,0.0,2948.35009765625,70.82716369628906,0.82929527759552
1776175796515,0.0,0.0,2948.705078125,70.64214324951172,0.8293941617012024
1776175796534,0.0,0.0,2949.353759765625,70.47957611083984,0.82957524061203
1776175796553,0.10315001010894775,0.0,2949.706298828125,70.31288146972656,0.8296574354171753
1776175796573,0.19840002059936523,0.0,2949.99951171875,70.1453628540039,0.8297558426856995
1776175796593,0.26190000772476196,0.0,2950.3505859375,69.99213409423828,0.8298379182815552
1776175796613,0.2738000154495239,0.0,2950.642578125,69.87967681884766,0.8299357891082764
1776175796634,0.2738000154495239,0.0,2951.28369140625,69.74315643310547,0.8301149010658264
1776175796653,0.26190000772476196,0.0,2951.632568359375,69.60773468017578,0.8302130699157715
1776175796673,0.24994999170303345,0.0,2951.980712890625,69.50096130371094,0.8302937150001526
1776175796693,0.24204999208450317,0.0,2952.2705078125,69.37870025634766,0.830390989780426
1776175796713,0.24204999208450317,0.0,2952.61767578125,69.25164794921875,0.8304720520973206
1776175796733,0.23805001378059387,0.0,2953.252685546875,69.13615417480469,0.8306501507759094
1776175796753,0.25394999980926514,0.0,2953.54052734375,68.997802734375,0.8307467699050903
1776175796773,0.2817000150680542,0.0,2953.885498046875,68.87129211425781,0.8308271765708923
1776175796793,0.31744998693466187,0.0,2954.17236328125,68.76292419433594,0.8309237957000732
1776175796813,0.34915000200271606,0.0,2954.51611328125,68.6512451171875,0.831019937992096
1776175796833,0.3769499957561493,0.0,2954.859375,68.54905700683594,0.8311002254486084
1776175796853,0.4007500112056732,0.0,2955.487548828125,68.48609924316406,0.8312761187553406
1776175796874,0.4205999970436096,0.0,2955.772705078125,68.4423599243164,0.8313725590705872
1776175796893,0.4325000047683716,0.0,2956.114501953125,68.40089416503906,0.8314520716667175
1776175796915,0.4325000047683716,0.0,2956.399169921875,68.37158203125,0.8315484523773193
1776175796934,0.4205999970436096,0.0,2957.025146484375,68.34553527832031,0.831724226474762
1776175796953,0.4126499891281128,0.0,2957.366455078125,68.3161392211914,0.8318202495574951
1776175796973,0.40470001101493835,0.0,2957.707763671875,68.29385375976562,0.8318997621536255
1776175796993,0.3928000032901764,0.0,2957.9921875,68.26505279541016,0.8319955468177795
1776175797013,0.38089999556541443,0.0,2958.33349609375,68.2252426147461,0.8320759534835815
1776175797033,0.3769499957561493,0.0,2958.617919921875,68.1843490600586,0.8321713209152222
1776175797053,0.3769499957561493,0.0,2959.243408203125,68.14319610595703,0.8323470950126648
1776175797073,0.37299999594688416,0.0,2959.58447265625,68.10195922851562,0.8324424624443054
1776175797093,0.37299999594688416,0.0,2959.92529296875,68.07083892822266,0.8325220346450806
1776175797113,0.37299999594688416,0.0,2960.209228515625,68.02670288085938,0.8326170444488525
1776175797133,0.37299999594688416,0.0,2960.5498046875,67.97076416015625,0.8326994776725769
1776175797153,0.37299999594688416,0.0,2961.173583984375,67.92103576660156,0.8328719139099121
1776175797173,0.37299999594688416,0.0,2961.456787109375,67.84272003173828,0.8329674005508423
1776175797193,0.37299999594688416,0.0,2961.79638671875,67.78562927246094,0.8330468535423279
1776175797213,0.37299999594688416,0.0,2962.0791015625,67.73883056640625,0.8331420421600342
1776175797234,0.37299999594688416,0.0,2962.757080078125,67.69805145263672,0.8333166241645813
1776175797253,0.37299999594688416,0.0,2963.039306640625,67.66925048828125,0.8334115743637085
1776175797273,0.37299999594688416,0.0,2963.3779296875,67.61579132080078,0.8334903717041016
1776175797293,0.37299999594688416,0.0,2963.659912109375,67.53772735595703,0.8335852026939392
1776175797313,0.37299999594688416,0.0,2963.997802734375,67.53773498535156,0.8336645364761353
1776175797335,0.37299999594688416,0.0,2964.616943359375,67.46959686279297,0.8338374495506287
1776175797353,0.37299999594688416,0.0,2964.89794921875,67.46053314208984,0.8339318037033081
1776175797373,0.37299999594688416,0.0,2965.235107421875,67.40286254882812,0.8340264558792114
1776175797393,0.37299999594688416,0.0,2965.57177734375,67.42200469970703,0.8341052532196045
1776175797413,0.37299999594688416,0.0,2965.8525390625,67.36381530761719,0.8341994285583496
1776175797436,0.38089999556541443,0.0,2966.469482421875,67.33053588867188,0.8343719840049744
1776175797453,0.38089999556541443,0.0,2966.8056640625,67.31392669677734,0.834466278553009
1776175797473,0.38885000348091125,0.0,2967.141845703125,67.2619857788086,0.8345447778701782
1776175797493,0.3928000032901764,0.0,2967.421630859375,67.21646881103516,0.8346382975578308
1776175797513,0.4007500112056732,0.0,2967.75732421875,67.19628143310547,0.8347167372703552
1776175797535,0.40470001101493835,0.0,2968.372314453125,67.17618560791016,0.8348889350891113
1776175797553,0.41659998893737793,0.0,2968.65185546875,67.15947723388672,0.8349827527999878
1776175797573,0.42855000495910645,0.0,2968.9873046875,67.13782501220703,0.8350598216056824
1776175797593,0.4404500126838684,0.0,2969.266845703125,67.12153625488281,0.8351532220840454
1776175797613,0.44440001249313354,0.0,2969.602294921875,67.13391876220703,0.8352315425872803
1776175797634,0.44440001249313354,0.0,2969.8818359375,67.1318359375,0.8353248238563538
1776175797653,0.4562999904155731,0.0,2970.497314453125,67.11541748046875,0.8354958295822144
1776175797674,0.46424999833106995,0.0,2970.8330078125,67.13501739501953,0.8355896472930908
1776175797693,0.4721499979496002,0.0,2971.168701171875,67.17117309570312,0.8356685042381287
1776175797713,0.492000013589859,0.0,2971.44873046875,67.2195816040039,0.8357614278793335
1776175797737,0.5038999915122986,0.0,2972.065185546875,67.28053283691406,0.8359315991401672
1776175797753,0.5195500254631042,0.0,2972.401611328125,67.33384704589844,0.8360254168510437
1776175797773,0.5468500256538391,0.0,2972.73828125,67.40768432617188,0.8361034393310547
1776175797793,0.5741999745368958,0.0,2973.01904296875,67.49640655517578,0.8361974954605103
1776175797814,0.5976499915122986,0.0,2973.356201171875,67.60614776611328,0.8362758755683899
1776175797833,0.6093499660491943,0.0,2973.637451171875,67.71644592285156,0.836369514465332
1776175797853,0.625,0.0,2974.25732421875,67.84711456298828,0.8365420699119568
1776175797873,0.6405999660491943,0.0,2974.59619140625,67.96923065185547,0.8366198539733887
1776175797893,0.6601499915122986,0.0,2974.879150390625,68.12043762207031,0.8367151021957397
1776175797913,0.6836000084877014,0.0,2975.21923828125,68.29082489013672,0.8368087410926819
1776175797933,0.7030999660491943,0.0,2975.56005859375,68.45233917236328,0.8368902802467346
1776175797953,0.7265499830245972,0.0,2976.18701171875,68.65230560302734,0.8370642066001892
1776175797975,0.7461000084877014,0.0,2976.472900390625,68.87073516845703,0.8371590375900269
1776175797993,0.7617000341415405,0.0,2976.81689453125,69.06942749023438,0.8372383117675781
1776175798013,0.7773499488830566,0.0,2977.1044921875,69.31964874267578,0.8373348116874695
1776175798034,0.7890499830245972,0.0,2977.45068359375,69.57525634765625,0.8374156355857849
1776175798054,0.8007999658584595,0.0,2978.088134765625,69.79764556884766,0.8376097083091736
1776175798073,0.8007999658584595,0.0,2978.4375,70.0723648071289,0.8376917243003845
1776175798093,0.8047000169754028,0.0,2978.7294921875,70.35151672363281,0.8377877473831177
1776175798113,0.8047000169754028,0.0,2979.0810546875,70.58293151855469,0.8378711938858032
1776175798134,0.7968499660491943,0.0,2979.375,70.84647369384766,0.8379685282707214
1776175798153,0.7929500341415405,0.0,2980.024169921875,71.11044311523438,0.8381484150886536
1776175798173,0.7890499830245972,0.0,2980.3798828125,71.32862091064453,0.8382335305213928
1776175798194,0.7890499830245972,0.0,2980.677001953125,71.57421875,0.838331937789917
1776175798213,0.7851499915122986,0.0,2981.03466796875,71.83416748046875,0.838433563709259
1776175798235,0.7617000341415405,0.0,2981.693115234375,72.07615661621094,0.8386198878288269
1776175798253,0.7343499660491943,0.0,2982.0537109375,72.2686767578125,0.8387030363082886
1776175798273,0.6952999830245972,0.0,2982.35498046875,72.46260070800781,0.8388075828552246
1776175798293,0.6484500169754028,0.0,2982.71728515625,72.6212158203125,0.8388909101486206
1776175798313,0.5976499915122986,0.0,2983.019775390625,72.79876708984375,0.8389934301376343
1776175798334,0.5390499830245972,0.0,2983.38330078125,72.96502685546875,0.8390976190567017
1776175798354,0.48410001397132874,0.0,2984.0517578125,73.09664154052734,0.8392877578735352
1776175798373,0.4205999970436096,0.0,2984.4169921875,73.16822814941406,0.8393742442131042
1776175798393,0.3650500178337097,0.0,2984.7216796875,73.22054290771484,0.8394795656204224
1776175798413,0.32534998655319214,0.0,2985.087158203125,73.24812316894531,0.8395657539367676
1776175798435,0.29360002279281616,0.0,2985.75732421875,73.26465606689453,0.8397580981254578
1776175798454,0.26980000734329224,0.0,2986.061767578125,73.24195861816406,0.8398637175559998
1776175798474,0.23805001378059387,0.0,2986.427001953125,73.20581817626953,0.8399509191513062
1776175798493,0.21825000643730164,0.0,2986.731201171875,73.13379669189453,0.8400558233261108
1776175798515,0.20634999871253967,0.0,2987.095947265625,73.06139373779297,0.8401430249214172
1776175798535,0.20235002040863037,0.0,2987.399658203125,72.98824310302734,0.840248703956604
1776175798553,0.20235002040863037,0.0,2988.1279296875,72.92724609375,0.8404399156570435
1776175798574,0.19840002059936523,0.0,2988.431396484375,72.81620788574219,0.8405446410179138
1776175798593,0.18650001287460327,0.0,2988.795166015625,72.7597885131836,0.8406335115432739
1776175798613,0.16664999723434448,0.0,2989.09814453125,72.64236450195312,0.840736985206604
1776175798635,0.15080001950263977,0.0,2989.46142578125,72.41119384765625,0.84084552526474
1776175798653,0.14680001139640808,0.0,2990.1259765625,72.28551483154297,0.8410352468490601
1776175798673,0.13885000348091125,0.0,2990.488037109375,72.19248962402344,0.8411223292350769
1776175798693,0.13885000348091125,0.0,2990.789794921875,72.05957794189453,0.8412262201309204
1776175798713,0.13490000367164612,0.0,2991.1513671875,71.9529037475586,0.8413106799125671
1776175798734,0.1269499957561493,0.0,2991.4521484375,71.85556030273438,0.8414150476455688
1776175798753,0.1269499957561493,0.0,2992.11279296875,71.79561614990234,0.8416082859039307
1776175798774,0.1269499957561493,0.0,2992.471923828125,71.70716857910156,0.8417099118232727
1776175798793,0.1269499957561493,0.0,2992.77099609375,71.57831573486328,0.8417978286743164
1776175798813,0.13490000367164612,0.0,2993.128662109375,71.42117309570312,0.8419021964073181
1776175798835,0.13885000348091125,0.0,2993.78125,71.27767944335938,0.8420919179916382
1776175798853,0.13885000348091125,0.0,2994.13623046875,71.0894546508789,0.8421779274940491
1776175798874,0.13885000348091125,0.0,2994.431396484375,70.9018325805664,0.8422792553901672
1776175798893,0.14285001158714294,0.0,2994.785400390625,70.75809478759766,0.8423673510551453
1776175798913,0.15080001950263977,0.0,2995.080078125,70.63761138916016,0.8424695134162903
1776175798933,0.15870001912117004,0.0,2995.43359375,70.63567352294922,0.8425556421279907
1776175798954,0.16664999723434448,0.0,2996.081298828125,70.57613372802734,0.8427599668502808
1776175798975,0.18650001287460327,0.0,2996.43408203125,70.46202087402344,0.8428450226783752
1776175798993,0.20634999871253967,0.0,2996.727294921875,70.35877990722656,0.8429494500160217
1776175799014,0.2301500141620636,0.0,2997.078125,70.2523422241211,0.8430343270301819
1776175799034,0.26980000734329224,0.0,2997.3701171875,70.10846710205078,0.8431346416473389
1776175799054,0.31345000863075256,0.0,2998.01025390625,69.98265075683594,0.8433239459991455
1776175799073,0.34915000200271606,0.0,2998.358642578125,69.89604187011719,0.8434080481529236
1776175799093,0.3968000113964081,0.0,2998.648681640625,69.80746459960938,0.8435080647468567
1776175799117,0.4562999904155731,0.0,2998.996337890625,69.72954559326172,0.8436089754104614
1776175799136,0.4959999918937683,0.0,2999.633544921875,69.68140411376953,0.8437938094139099
1776175799154,0.5195500254631042,0.0,2999.981201171875,69.64381408691406,0.8438789248466492
1776175799173,0.5625,0.0,3000.27099609375,69.61200714111328,0.8439792394638062
1776175799195,0.5898500084877014,0.0,3000.61865234375,69.59593200683594,0.8440637588500977
1776175799217,0.6015499830245972,0.0,3000.908447265625,69.68714904785156,0.8441653251647949
1776175799234,0.6093499660491943,0.0,3001.256591796875,69.7905502319336,0.8442652225494385
1776175799254,0.6093499660491943,0.0,3001.896728515625,69.8741226196289,0.8444494605064392
1776175799275,0.6054499745368958,0.0,3002.24658203125,69.9424819946289,0.8445329666137695
1776175799295,0.5976499915122986,0.0,3002.538330078125,69.975830078125,0.8446345925331116
1776175799314,0.5898500084877014,0.0,3002.888671875,70.010009765625,0.8447163701057434
1776175799335,0.5898500084877014,0.0,3003.1806640625,70.0516586303711,0.844818115234375
1776175799355,0.5898500084877014,0.0,3003.823486328125,70.0854263305664,0.8450028896331787
1776175799374,0.5859500169754028,0.0,3004.174560546875,70.13165283203125,0.8451026678085327
1776175799393,0.59375,0.0,3004.52587890625,70.17964935302734,0.8451869487762451
1776175799414,0.59375,0.0,3004.818603515625,70.25141143798828,0.8452884554862976
1776175799436,0.59375,0.0,3005.46337890625,70.33422088623047,0.845473051071167
1776175799455,0.59375,0.0,3005.815673828125,70.41240692138672,0.845557451248169
1776175799475,0.59375,0.0,3006.109375,70.49006652832031,0.8456587791442871
1776175799493,0.59375,0.0,3006.462158203125,70.57268524169922,0.8457432389259338
1776175799517,0.59375,0.0,3006.75634765625,70.69052124023438,0.8458466529846191
1776175799535,0.6054499745368958,0.0,3007.463623046875,70.78419494628906,0.8460341095924377
1776175799556,0.6523500084877014,0.0,3007.758544921875,70.89152526855469,0.8461358547210693
1776175799573,0.71875,0.0,3008.113037109375,70.9997329711914,0.8462218642234802
1776175799593,0.7968499660491943,0.0,3008.40869140625,71.16059112548828,0.8463224172592163
1776175799613,0.8788999915122986,0.0,3008.763916015625,71.33711242675781,0.8464103937149048
1776175799635,0.9804499745368958,0.0,3009.417236328125,71.62252807617188,0.8465983867645264
1776175799653,1.0,0.0,3009.71533203125,71.85093688964844,0.8467017412185669
1776175799675,1.0,0.0,3010.07421875,72.13638305664062,0.8467884063720703
1776175799693,1.0,0.0,3010.374267578125,72.39820098876953,0.846893846988678
1776175799717,1.0,0.0,3010.7353515625,72.75243377685547,0.8469972014427185
1776175799735,1.0,0.0,3011.401123046875,73.01769256591797,0.8471900224685669
1776175799753,1.0,0.0,3011.76611328125,73.30622863769531,0.8472762107849121
1776175799774,1.0,0.0,3012.071533203125,73.65001678466797,0.8473814129829407
1776175799794,1.0,0.0,3012.439208984375,73.94754791259766,0.8474878668785095
1776175799816,1.0,0.0,3012.80859375,74.27877044677734,0.8475765585899353
1776175799835,1.0,0.0,3013.489013671875,74.60678100585938,0.8477731347084045
1776175799853,1.0,0.0,3013.7998046875,74.90631103515625,0.8478812575340271
1776175799875,1.0,0.0,3014.174072265625,75.29966735839844,0.8479706645011902
1776175799893,1.0,0.0,3014.487060546875,75.57469177246094,0.8480775952339172
1776175799914,1.0,0.0,3014.86376953125,75.84005737304688,0.8481706380844116
1776175799935,1.0,0.0,3015.55810546875,76.16481018066406,0.8483701944351196
1776175799953,1.0,0.0,3015.875,76.47441864013672,0.8484774827957153
1776175799973,1.0,0.0,3016.256591796875,76.74480438232422,0.848590075969696
1776175799993,1.0,0.0,3016.639404296875,77.05855560302734,0.8486817479133606
1776175800015,1.0,0.0,3016.959716796875,77.37834167480469,0.8487932682037354
1776175800036,1.0,0.0,3017.66748046875,77.69642639160156,0.8489992022514343
1776175800053,1.0,0.0,3018.0556640625,77.9683837890625,0.8490912318229675
1776175800073,1.0,0.0,3018.380126953125,78.27837371826172,0.8492047190666199
1776175800093,1.0,0.0,3018.770751953125,78.55931091308594,0.8492971658706665
1776175800114,1.0,0.0,3019.097412109375,78.89743041992188,0.8494114279747009
1776175800135,1.0,0.0,3019.885498046875,79.24464416503906,0.8496189117431641
1776175800153,1.0,0.0,3020.215576171875,79.53024291992188,0.8497312068939209
1776175800174,1.0,0.0,3020.613037109375,79.84007263183594,0.8498291969299316
1776175800194,1.0,0.0,3020.945068359375,80.14263916015625,0.8499435186386108
1776175800213,1.0,0.0,3021.344970703125,80.4123764038086,0.8500385880470276
1776175800235,1.0,0.0,3022.08154296875,80.74017333984375,0.8502498865127563
1776175800254,1.0,0.0,3022.417724609375,81.06982421875,0.850365936756134
1776175800274,1.0,0.0,3022.822509765625,81.34528350830078,0.8504608273506165
1776175800293,1.0,0.0,3023.160888671875,81.67195892333984,0.850577712059021
1776175800313,1.0,0.0,3023.568359375,82.00081634521484,0.850695013999939
1776175800334,1.0,0.0,3023.977294921875,82.33047485351562,0.8507950305938721
1776175800353,1.0,0.0,3024.73046875,82.6111068725586,0.8510099053382874
1776175800373,1.0,0.0,3025.07421875,82.93136596679688,0.8511302471160889
1776175800393,1.0,0.0,3025.488037109375,83.20225524902344,0.8512277007102966
1776175800413,1.0,0.0,3025.833984375,83.517333984375,0.8513476252555847
1776175800434,1.0,0.0,3026.250244140625,83.82654571533203,0.8514662981033325
1776175800454,1.0,0.0,3027.01708984375,84.13713836669922,0.8516859412193298
1776175800473,1.0,0.0,3027.43701171875,84.40831756591797,0.851786196231842
1776175800493,1.0,0.0,3027.7880859375,84.72823333740234,0.8519090414047241
1776175800513,1.0,0.0,3028.21044921875,84.99958801269531,0.8520070910453796
1776175800535,1.0,0.0,3028.988525390625,85.3578109741211,0.8522323369979858
1776175800555,1.0,0.0,3029.34375,85.63224029541016,0.8523489236831665
1776175800574,1.0,0.0,3029.771240234375,85.89849090576172,0.85247403383255
1776175800593,1.0,0.0,3030.199951171875,86.20481872558594,0.8525736927986145
1776175800613,1.0,0.0,3030.558349609375,86.50875091552734,0.8526971340179443
1776175800635,1.0,0.0,3031.349853515625,86.80863189697266,0.8529213666915894
1776175800653,1.0,0.0,3031.783447265625,87.06397247314453,0.8530239462852478
1776175800673,1.0,0.0,3032.145751953125,87.37755584716797,0.8531480431556702
1776175800693,1.0,0.0,3032.581787109375,87.65602111816406,0.8532534241676331
1776175800713,1.0,0.0,3032.9462890625,87.97683715820312,0.8533771634101868
1776175800734,1.0,0.0,3033.385009765625,88.2755126953125,0.853502094745636
1776175800753,1.0,0.0,3034.192626953125,88.52626037597656,0.8537315130233765
1776175800774,1.0,0.0,3034.635009765625,88.826904296875,0.8538359999656677
1776175800793,1.0,0.0,3035.004638671875,89.13833618164062,0.853962779045105
1776175800814,1.0,0.0,3035.44921875,89.40042877197266,0.8540664315223694
1776175800834,1.0,0.0,3035.82080078125,89.70478820800781,0.8541932702064514
1776175800853,1.0,0.0,3036.6416015625,89.99478912353516,0.8544262647628784
1776175800873,1.0,0.0,3037.091064453125,90.25077056884766,0.8545330762863159
1776175800893,1.0,0.0,3037.466552734375,90.55500030517578,0.8546619415283203
1776175800913,1.0,0.0,3037.91845703125,90.8678970336914,0.8547887802124023
1776175800933,1.0,0.0,3038.37158203125,91.12753295898438,0.8548982739448547
1776175800953,1.0,0.0,3039.20556640625,91.41455841064453,0.855134904384613
1776175800973,1.0,0.0,3039.5859375,91.69960021972656,0.8552613258361816
1776175800993,1.0,0.0,3040.043701171875,91.9415283203125,0.8553722500801086
1776175801013,1.0,0.0,3040.426025390625,92.24214935302734,0.8555017113685608
1776175801037,1.0,0.0,3041.34716796875,92.57526397705078,0.8557385802268982
1776175801053,1.0,0.0,3041.732421875,92.77471160888672,0.8558717370033264
1776175801073,1.0,0.0,3042.19580078125,93.06934356689453,0.8559803366661072
1776175801093,1.0,0.0,3042.5830078125,93.35700225830078,0.8561133146286011
1776175801113,1.0,0.0,3043.048828125,93.6041259765625,0.856221616268158
1776175801133,1.0,0.0,3043.437744140625,93.90599822998047,0.8563534021377563
1776175801153,1.0,0.0,3044.29638671875,94.19944763183594,0.8565962314605713
1776175801173,1.0,0.0,3044.7666015625,94.44049835205078,0.8567296862602234
1776175801193,1.0,0.0,3045.238037109375,94.70579528808594,0.8568414449691772
1776175801213,1.0,0.0,3045.631591796875,94.96385955810547,0.8569758534431458
1776175801234,1.0,0.0,3046.105224609375,95.23635864257812,0.8570886254310608
1776175801253,1.0,0.0,3046.9765625,95.48915100097656,0.8573325872421265
1776175801273,1.0,0.0,3047.3740234375,95.78536224365234,0.8574691414833069
1776175801293,1.0,0.0,3047.852294921875,96.03521728515625,0.8575806617736816
1776175801313,1.0,0.0,3048.251708984375,96.31733703613281,0.8577162027359009
1776175801334,1.0,0.0,3048.732177734375,96.59025573730469,0.8578521013259888
1776175801353,1.0,0.0,3049.6162109375,96.82157897949219,0.8581017851829529
1776175801373,1.0,0.0,3050.10009765625,97.09654235839844,0.858217179775238
1776175801394,1.0,0.0,3050.504150390625,97.36637115478516,0.8583519458770752
1776175801413,1.0,0.0,3050.989990234375,97.60115814208984,0.8584669232368469
1776175801434,1.0,0.0,3051.395751953125,97.86573791503906,0.8586027026176453
1776175801453,1.0,0.0,3052.291259765625,98.12423706054688,0.8588544726371765
1776175801473,1.0,0.0,3052.781494140625,98.35157012939453,0.8589693903923035
1776175801493,1.0,0.0,3053.190673828125,98.62570190429688,0.8591102361679077
1776175801513,1.0,0.0,3053.682861328125,98.89344787597656,0.8592489957809448
1776175801538,1.0,0.0,3054.58837890625,99.15874481201172,0.8595058917999268
1776175801553,1.0,0.0,3055.083984375,99.38481140136719,0.8596212863922119
1776175801573,1.0,0.0,3055.497802734375,99.65382385253906,0.8597603440284729
1776175801593,1.0,0.0,3055.995361328125,99.8779525756836,0.8599027395248413
1776175801613,1.0,0.0,3056.494140625,100.12633514404297,0.8600205183029175
1776175801633,1.0,0.0,3056.91064453125,100.38131713867188,0.8601595759391785
1776175801653,1.0,0.0,3057.829345703125,100.59382629394531,0.8604191541671753
1776175801674,1.0,0.0,3058.33203125,100.84748840332031,0.8605355620384216
1776175801693,1.0,0.0,3058.751953125,101.10018157958984,0.8606765270233154
1776175801713,1.0,0.0,3059.256591796875,101.32440948486328,0.8607946038246155
1776175801733,1.0,0.0,3059.677978515625,101.58873748779297,0.8609374165534973
1776175801753,1.0,0.0,3060.60791015625,101.85749816894531,0.8612005114555359
1776175801773,1.0,0.0,3061.11669921875,102.0788803100586,0.8613425493240356
1776175801793,1.0,0.0,3061.626708984375,102.31634521484375,0.861462414264679
1776175801814,1.0,0.0,3062.052490234375,102.553466796875,0.8616074919700623
1776175801835,1.0,0.0,3062.991455078125,102.79845428466797,0.8618723154067993
1776175801853,1.0,0.0,3063.505126953125,103.02568817138672,0.8619924783706665
1776175801873,1.0,0.0,3063.93408203125,103.29400634765625,0.8621352314949036
1776175801893,1.0,0.0,3064.449951171875,103.50418853759766,0.8622586727142334
1776175801913,1.0,0.0,3064.880615234375,103.75281524658203,0.8624030947685242
1776175801935,1.0,0.0,3065.3984375,103.99239349365234,0.8625496029853821
1776175801953,1.0,0.0,3066.350341796875,104.19609832763672,0.8628191351890564
1776175801973,1.0,0.0,3066.87109375,104.44422912597656,0.8629387021064758
1776175801993,1.0,0.0,3067.305908203125,104.69556427001953,0.8630865216255188
1776175802013,1.0,0.0,3067.82861328125,104.91472625732422,0.8632090091705322
1776175802034,1.0,0.0,3068.264892578125,105.1650390625,0.8633581399917603
1776175802053,1.0,0.0,3069.2275390625,105.40876007080078,0.8636293411254883
1776175802074,1.0,0.0,3069.754150390625,105.64940643310547,0.8637785315513611
1776175802093,1.0,0.0,3070.28173828125,105.85858154296875,0.8639009594917297
1776175802113,1.0,0.0,3070.72216796875,106.09259796142578,0.8640494346618652
1776175802134,1.0,0.0,3071.251708984375,106.29182434082031,0.8641740679740906
1776175802153,1.0,0.0,3072.224853515625,106.54794311523438,0.864448070526123
1776175802173,1.0,0.0,3072.66845703125,106.79618072509766,0.8645976781845093
1776175802193,1.0,0.0,3073.201904296875,107.00341033935547,0.8647227883338928
1776175802213,1.0,0.0,3073.647216796875,107.2414779663086,0.8648727536201477
1776175802234,1.0,0.0,3074.182373046875,107.48458862304688,0.8649979829788208
1776175802253,1.0,0.0,3075.166259765625,107.69928741455078,0.8653004169464111
1776175802273,1.0,0.0,3075.704345703125,107.93608093261719,0.8654265999794006
1776175802293,1.0,0.0,3076.153564453125,108.1845703125,0.8655791282653809
1776175802313,1.0,0.0,3076.693603515625,108.40540313720703,0.8657037615776062
1776175802334,1.0,0.0,3077.14453125,108.63680267333984,0.8658561706542969
1776175802353,1.0,0.0,3078.138916015625,108.8655776977539,0.866136372089386
1776175802373,1.0,0.0,3078.682861328125,109.07344818115234,0.8662887811660767
1776175802393,1.0,0.0,3079.227783203125,109.31342315673828,0.8664186000823975
1776175802413,1.0,0.0,3079.6826171875,109.54454803466797,0.8665708303451538
1776175802433,1.0,0.0,3080.229248046875,109.74095916748047,0.8667003512382507
1776175802453,1.0,0.0,3081.234130859375,109.98329162597656,0.866981565952301
1776175802473,1.0,0.0,3081.692138671875,110.22486114501953,0.8671373724937439
1776175802493,1.0,0.0,3082.24267578125,110.43457794189453,0.8672665953636169
1776175802513,1.0,0.0,3082.7021484375,110.6742172241211,0.8674213886260986
1776175802535,1.0,0.0,3083.254638671875,110.91618347167969,0.8675770163536072
1776175802553,1.0,0.0,3084.27001953125,111.11711883544922,0.8678627014160156
1776175802573,1.0,0.0,3084.825439453125,111.35423278808594,0.8679917454719543
1776175802593,1.0,0.0,3085.2890625,111.5900650024414,0.8681484460830688
1776175802613,0.9648499488830566,0.0,3085.84619140625,111.78833770751953,0.8682794570922852
1776175802633,0.8867000341415405,0.0,3086.311279296875,112.01468658447266,0.8684360384941101
1776175802653,0.7968499660491943,0.0,3087.430419921875,112.23523712158203,0.8687242269515991
1776175802673,0.7109500169754028,0.0,3087.897705078125,112.40623474121094,0.8688564896583557
1776175802693,0.5976499915122986,0.0,3088.36572265625,112.55522918701172,0.8690128922462463
1776175802713,0.5,0.0,3088.927978515625,112.67159271240234,0.8691717386245728
1776175802734,0.4126499891281128,0.0,3089.49072265625,112.70001983642578,0.8693062663078308
1776175802753,0.2817000150680542,0.0,3090.5234375,112.6286849975586,0.8695948123931885
1776175802773,0.16664999723434448,0.0,3090.992431640625,112.56132507324219,0.8697529435157776
1776175802793,0.09920001029968262,0.0,3091.554931640625,112.50466918945312,0.869910717010498
1776175802813,0.047600001096725464,0.0,3092.0234375,112.44446563720703,0.8700419068336487
1776175802834,0.03175002336502075,0.0,3092.58544921875,112.38169860839844,0.87019944190979
1776175802853,0.03970000147819519,0.0,3093.614990234375,112.32526397705078,0.870487630367279
1776175802873,0.09920001029968262,0.0,3094.17626953125,112.26241302490234,0.8706209659576416
1776175802893,0.18650001287460327,0.0,3094.643798828125,112.19993591308594,0.8707795143127441
1776175802914,0.31345000863075256,0.0,3095.20458984375,112.13661193847656,0.8709102869033813
1776175802935,0.42855000495910645,0.0,3096.23193359375,112.07425689697266,0.8711984157562256
1776175802953,0.5116999745368958,0.0,3096.69873046875,112.01921844482422,0.8713567852973938
1776175802973,0.6054499745368958,0.0,3097.258544921875,111.96817779541016,0.8715149164199829
1776175802993,0.7030999660491943,0.0,3097.818115234375,112.24009704589844,0.8716452121734619
1776175803013,0.7773499488830566,0.0,3098.284912109375,112.57938385009766,0.87180095911026
1776175803034,0.8398499488830566,0.0,3098.84619140625,112.97156524658203,0.8719330430030823
1776175803053,0.8867000341415405,0.0,3099.880126953125,113.32814025878906,0.8722240328788757
1776175803074,0.9297000169754028,0.0,3100.352294921875,113.69937133789062,0.8723840117454529
1776175803093,0.96875,0.0,3100.920654296875,113.93810272216797,0.8725444078445435
1776175803113,1.0,0.0,3101.490478515625,114.17384338378906,0.8726783990859985
1776175803134,1.0,0.0,3101.966064453125,114.41116333007812,0.8728376626968384
1776175803153,1.0,0.0,3103.0146484375,114.60787963867188,0.8731330037117004
1776175803173,1.0,0.0,3103.587890625,114.83724975585938,0.873266339302063
1776175803193,1.0,0.0,3104.06640625,115.05438232421875,0.8734290599822998
1776175803213,1.0,0.0,3104.641357421875,115.26017761230469,0.8735624551773071
1776175803234,1.0,0.0,3105.12109375,115.51063537597656,0.8737243413925171
1776175803253,1.0,0.0,3106.178955078125,115.71370697021484,0.8740234971046448
1776175803273,1.0,0.0,3106.75732421875,115.90109252929688,0.8741579055786133
1776175803293,1.0,0.0,3107.239990234375,116.13906860351562,0.8743203282356262
1776175803314,1.0,0.0,3107.820068359375,116.36099243164062,0.8744831681251526
1776175803334,1.0,0.0,3108.401123046875,116.59261322021484,0.8746198415756226
1776175803353,1.0,0.0,3109.46875,116.78863525390625,0.8749203681945801
1776175803374,1.0,0.0,3109.955078125,116.9931411743164,0.875085711479187
1776175803393,1.0,0.0,3110.53955078125,117.18112182617188,0.8752499222755432
1776175803413,1.0,0.0,3111.124755859375,117.40306854248047,0.875386118888855
1776175803435,1.0,0.0,3112.2001953125,117.61731719970703,0.8756875991821289
1776175803453,1.0,0.0,3112.68994140625,117.80500793457031,0.8758542537689209
1776175803473,1.0,0.0,3113.278564453125,118.02445983886719,0.8759893178939819
1776175803493,1.0,0.0,3113.769775390625,118.2380599975586,0.8761553168296814
1776175803513,1.0,0.0,3114.360107421875,118.41165924072266,0.8762921094894409
1776175803534,1.0,0.0,3114.852783203125,118.61964416503906,0.8764611482620239
1776175803553,1.0,0.0,3116.03759765625,118.8260498046875,0.876765787601471
1776175803573,1.0,0.0,3116.532470703125,119.01628875732422,0.8769314289093018
1776175803593,1.0,0.0,3117.126953125,119.23657989501953,0.8770725727081299
1776175803613,1.0,0.0,3117.623291015625,119.44577026367188,0.877234697341919
1776175803634,1.0,0.0,3118.219482421875,119.61001586914062,0.8773764967918396
1776175803653,1.0,0.0,3119.314697265625,119.81993865966797,0.877682626247406
1776175803673,1.0,0.0,3119.813720703125,120.03524780273438,0.8778525590896606
1776175803693,1.0,0.0,3120.4130859375,120.21076202392578,0.8780179023742676
1776175803713,1.0,0.0,3121.013427734375,120.42263793945312,0.8781604766845703
1776175803734,1.0,0.0,3121.514404296875,120.62151336669922,0.8783292174339294
1776175803753,1.0,0.0,3122.618896484375,120.79854583740234,0.8786393404006958
1776175803773,1.0,0.0,3123.222412109375,121.01062774658203,0.8787784576416016
1776175803793,1.0,0.0,3123.72607421875,121.21128845214844,0.8789495229721069
1776175803813,1.0,0.0,3124.331298828125,121.386962890625,0.8790919184684753
1776175803833,1.0,0.0,3124.836669921875,121.6048355102539,0.8792622089385986
1776175803854,1.0,0.0,3125.9501953125,121.83328247070312,0.8795779943466187
1776175803873,1.0,0.0,3126.55908203125,122.00535583496094,0.8797465562820435
1776175803893,1.0,0.0,3127.168701171875,122.19750213623047,0.8798874020576477
1776175803913,1.0,0.0,3127.677490234375,122.397705078125,0.8800612092018127
1776175803934,1.0,0.0,3128.28857421875,122.58433532714844,0.8802024126052856
1776175803953,1.0,0.0,3129.411376953125,122.79589080810547,0.8805181384086609
1776175803973,1.0,0.0,3129.922607421875,122.99323272705078,0.88069087266922
1776175803993,1.0,0.0,3130.537109375,123.1806869506836,0.8808618187904358
1776175804013,1.0,0.0,3131.0498046875,123.37003326416016,0.8810057044029236
1776175804033,1.0,0.0,3131.665771484375,123.57494354248047,0.8811818361282349
1776175804053,1.0,0.0,3132.797607421875,123.76641845703125,0.8814987540245056
1776175804073,1.0,0.0,3133.416015625,123.96609497070312,0.881642758846283
1776175804093,1.0,0.0,3133.93212890625,124.16798400878906,0.8818157911300659
1776175804113,1.0,0.0,3134.55224609375,124.34415435791016,0.8819611668586731
1776175804134,1.0,0.0,3135.069580078125,124.54546356201172,0.8821383118629456
1776175804153,1.0,0.0,3136.31396484375,124.76274108886719,0.8824583292007446
1776175804173,1.0,0.0,3136.83349609375,124.9464111328125,0.8826318979263306
1776175804193,1.0,0.0,3137.457763671875,125.14733123779297,0.8827792406082153
1776175804213,1.0,0.0,3137.978515625,125.34386444091797,0.8829532265663147
1776175804234,1.0,0.0,3138.604248046875,125.51497650146484,0.8830999732017517
1776175804253,1.0,0.0,3139.75390625,125.72110748291016,0.883420467376709
1776175804273,1.0,0.0,3140.27734375,125.93321228027344,0.8835989832878113
1776175804293,1.0,0.0,3140.906494140625,126.11882781982422,0.8837766647338867
1776175804313,1.0,0.0,3141.431396484375,126.3344497680664,0.8839232325553894
1776175804334,1.0,0.0,3142.062255859375,126.54647064208984,0.8840985894203186
1776175804353,1.0,0.0,3143.220947265625,126.71408081054688,0.8844239711761475
1776175804373,1.0,0.0,3143.854248046875,126.91868591308594,0.8845715522766113
1776175804393,1.0,0.0,3144.382568359375,127.12285614013672,0.8847504258155823
1776175804413,1.0,0.0,3145.017578125,127.30078125,0.8848991990089417
1776175804434,1.0,0.0,3145.54736328125,127.51435089111328,0.885077178478241
1776175804453,1.0,0.0,3146.8212890625,127.72918701171875,0.8854052424430847
1776175804473,1.0,0.0,3147.353271484375,127.90160369873047,0.8855857253074646
1776175804493,1.0,0.0,3147.992431640625,128.09706115722656,0.8857350945472717
1776175804513,1.0,0.0,3148.525634765625,128.30450439453125,0.885917067527771
1776175804534,1.0,0.0,3149.166259765625,128.50828552246094,0.8860642910003662
1776175804553,1.0,0.0,3150.34326171875,128.6894073486328,0.886396050453186
1776175804573,1.0,0.0,3150.879150390625,128.89820861816406,0.8865768909454346
1776175804593,1.0,0.0,3151.52294921875,129.07496643066406,0.8867573142051697
1776175804613,1.0,0.0,3152.167724609375,129.2716827392578,0.8869091868400574
1776175804633,1.0,0.0,3152.70556640625,129.4644775390625,0.8870878219604492
1776175804653,1.0,0.0,3153.890869140625,129.63092041015625,0.8874217867851257
1776175804673,1.0,0.0,3154.53857421875,129.8256072998047,0.8875724077224731
1776175804693,1.0,0.0,3155.0791015625,130.0302276611328,0.8877558708190918
1776175804713,1.0,0.0,3155.728515625,130.2166290283203,0.8879058957099915
1776175804734,1.0,0.0,3156.2705078125,130.4236602783203,0.8880883455276489
1776175804753,1.0,0.0,3157.57373046875,130.63259887695312,0.8884230256080627
1776175804773,1.0,0.0,3158.117919921875,130.80157470703125,0.8886064887046814
1776175804793,1.0,0.0,3158.771728515625,131.0105438232422,0.8887607455253601
1776175804813,1.0,0.0,3159.317138671875,131.2117462158203,0.8889436721801758
1776175804833,1.0,0.0,3159.972412109375,131.37261962890625,0.8890981078147888
1776175804853,1.0,0.0,3161.17578125,131.57516479492188,0.8894354701042175
1776175804873,1.0,0.0,3161.7236328125,131.77801513671875,0.8896201848983765
1776175804893,1.0,0.0,3162.382080078125,131.9470977783203,0.889803946018219
1776175804913,1.0,0.0,3163.041259765625,132.1350555419922,0.8899577260017395
1776175804933,1.0,0.0,3163.591064453125,132.32452392578125,0.8901432752609253
1776175804953,1.0,0.0,3164.802978515625,132.4898223876953,0.8904833793640137
1776175804973,1.0,0.0,3165.465087890625,132.6882781982422,0.8906382322311401
1776175804993,1.0,0.0,3166.017578125,132.89024353027344,0.8908241987228394
1776175805013,1.0,0.0,3166.681396484375,133.05833435058594,0.890979528427124
1776175805034,1.0,0.0,3167.235107421875,133.25486755371094,0.8911665081977844
1776175805053,1.0,0.0,3168.566650390625,133.44888305664062,0.8915096521377563
1776175805073,1.0,0.0,3169.122314453125,133.61351013183594,0.8916966915130615
1776175805093,1.0,0.0,3169.789794921875,133.79908752441406,0.891852855682373
1776175805113,1.0,0.0,3170.3466796875,133.98875427246094,0.8920411467552185
1776175805133,0.9922000169754028,0.0,3171.015625,134.1463623046875,0.8921965956687927
1776175805153,0.7422000169754028,0.0,3172.244384765625,134.32110595703125,0.8925415873527527
1776175805173,0.38885000348091125,0.0,3172.803955078125,134.4697265625,0.8927301168441772
1776175805193,0.0,0.0,3173.47607421875,134.522705078125,0.892918586730957
1776175805213,0.0,0.0,3174.148681640625,134.46572875976562,0.8930756449699402
1776175805234,0.0,0.0,3174.708984375,134.37216186523438,0.893264651298523
1776175805253,0.0,0.0,3175.940673828125,134.28985595703125,0.8936098217964172
1776175805273,0.0,0.0,3176.61181640625,134.1868133544922,0.8937670588493347
1776175805293,0.0,0.0,3177.170654296875,134.09027099609375,0.8939562439918518
1776175805313,0.0,0.0,3177.8408203125,134.00425720214844,0.8941121101379395
1776175805333,0.0,0.0,3178.39892578125,133.90557861328125,0.8943004608154297
1776175805353,0.0,0.006864895112812519,3179.7373046875,133.8058319091797,0.8946434855461121
1776175805373,0.0,0.1515703648328781,3180.29443359375,133.7015380859375,0.8948308825492859
1776175805393,0.0,0.527914822101593,3180.962646484375,133.4623260498047,0.894987940788269
1776175805413,0.0,1.0,3181.51904296875,132.9126739501953,0.8951743245124817
1776175805434,0.0,1.0,3182.185302734375,132.20947265625,0.8953301310539246
1776175805453,0.0,1.0,3183.39892578125,131.38246154785156,0.8956697583198547
1776175805473,0.0,0.9146422147750854,3183.946533203125,130.5621795654297,0.8958536386489868
1776175805493,0.0,0.6906412839889526,3184.60009765625,129.88534545898438,0.8960365653038025
1776175805513,0.0,0.5187981128692627,3185.250244140625,129.10926818847656,0.8961880803108215
1776175805534,0.0,0.4663964509963989,3185.789306640625,128.48947143554688,0.8963705897331238
1776175805553,0.0,0.5559706687927246,3186.967529296875,128.03762817382812,0.8966984748840332
1776175805573,0.0,0.7247689962387085,3187.607177734375,127.42891693115234,0.8968480229377747
1776175805593,0.0,0.9284524321556091,3188.138427734375,126.68086242675781,0.8970262408256531
1776175805613,0.0,1.0,3188.7734375,125.92605590820312,0.8971746563911438
1776175805633,0.0,1.0,3189.30029296875,124.99609375,0.8973523378372192
1776175805653,0.0,1.0,3190.553955078125,124.03564453125,0.8976722955703735
1776175805673,0.0,1.0,3191.071533203125,123.22789764404297,0.8978457450866699
1776175805693,0.0,0.8741154074668884,3191.68896484375,122.26115417480469,0.8979902267456055
1776175805713,0.0,0.8093602657318115,3192.200439453125,121.36656951904297,0.8981607556343079
1776175805734,0.0,0.8093602657318115,3192.810546875,120.63129425048828,0.898302435874939
1776175805753,0.0,0.8093602657318115,3193.919677734375,119.77456665039062,0.8986133337020874
1776175805773,0.0,0.8093602657318115,3194.419921875,118.93463134765625,0.8987799882888794
1776175805793,0.0,0.8347579836845398,3195.016845703125,118.24087524414062,0.8989471793174744
1776175805813,0.0,0.8347579836845398,3195.6103515625,117.44175720214844,0.8990848660469055
1776175805833,0.0,0.8347579836845398,3196.102294921875,116.58137512207031,0.8992488384246826
1776175805853,0.0,0.8347579836845398,3197.17578125,115.85491943359375,0.899547278881073
1776175805874,0.0,0.7968763709068298,3197.756103515625,115.04216766357422,0.8996824026107788
1776175805893,0.0,0.7845343947410583,3198.237060546875,114.21414947509766,0.8998456597328186
1776175805913,0.0,0.7483496069908142,3198.81103515625,113.49523162841797,0.8999788165092468
1776175805934,0.0,0.7483496069908142,3199.28662109375,112.66244506835938,0.9001373648643494
1776175805953,0.0,0.7483496069908142,3200.41748046875,111.89060974121094,0.9004275798797607
1776175805973,0.0,0.7483496069908142,3200.884521484375,111.22175598144531,0.9005833864212036
1776175805993,0.0,0.7483496069908142,3201.44189453125,110.418701171875,0.9007138013839722
1776175806013,0.0,0.7483496069908142,3201.90380859375,109.63233184814453,0.9008673429489136
1776175806033,0.0,0.7483496069908142,3202.454833984375,108.99555206298828,0.9009951949119568
1776175806053,0.0,0.7483496069908142,3203.45654296875,108.2341537475586,0.9012770652770996
1776175806073,0.0,0.7483496069908142,3203.908203125,107.46202087402344,0.9014280438423157
1776175806093,0.0,0.7247689962387085,3204.447265625,106.80215454101562,0.9015792012214661
1776175806113,0.0,0.7247689962387085,3204.983154296875,106.06303405761719,0.901703417301178
1776175806134,0.0,0.7247689962387085,3205.42724609375,105.33673095703125,0.9018526673316956
1776175806153,0.0,0.7247689962387085,3206.396728515625,104.70982360839844,0.9021217226982117
1776175806173,0.0,0.7247689962387085,3206.921142578125,103.97941589355469,0.902247428894043
1776175806193,0.0,0.7247689962387085,3207.355712890625,103.25800323486328,0.9023908376693726
1776175806213,0.0,0.6906412839889526,3207.874267578125,102.63386535644531,0.9025132656097412
1776175806233,0.0,0.6795321106910706,3208.303955078125,101.92741394042969,0.9026566743850708
1776175806253,0.0,0.6577082872390747,3209.326904296875,101.24457550048828,0.9029207825660706
1776175806273,0.0,0.6468548774719238,3209.74951171875,100.67726135253906,0.9030613899230957
1776175806293,0.0,0.6362686157226562,3210.254150390625,100.02432250976562,0.903180718421936
1776175806313,0.0,0.6154777407646179,3210.672607421875,99.3682632446289,0.903319776058197
1776175806333,0.0,0.605271577835083,3211.172119140625,98.82825469970703,0.9034380912780762
1776175806353,0.0,0.5753976702690125,3212.080810546875,98.23114776611328,0.9036926627159119
1776175806373,0.0,0.5559706687927246,3212.490966796875,97.65032196044922,0.9038336873054504
1776175806393,0.0,0.527914822101593,3212.98095703125,97.1529312133789,0.9039695858955383
1776175806413,0.0,0.4920295774936676,3213.468505859375,96.5271224975586,0.904085099697113
1776175806433,0.0,0.4580742418766022,3213.873046875,95.7856674194336,0.9042221307754517
1776175806453,0.0,0.4337609112262726,3214.75537109375,95.1891098022461,0.9044679403305054
1776175806473,0.0,0.4027373194694519,3215.232177734375,94.52474975585938,0.9045791625976562
1776175806493,0.0,0.38789868354797363,3215.627197265625,93.87940979003906,0.9047126770019531
1776175806514,0.0,0.38789868354797363,3216.0986328125,93.37763977050781,0.9048241972923279
1776175806535,0.0,0.3806319832801819,3216.955810546875,92.72537994384766,0.9050847887992859
1776175806553,0.0,0.3806319832801819,3217.419921875,92.28016662597656,0.9051971435546875
1776175806573,0.0,0.36630862951278687,3217.804931640625,91.87603759765625,0.9053282737731934
1776175806593,0.0,0.325955867767334,3218.26513671875,91.44525909423828,0.9054326415061951
1776175806613,0.0,0.3131811320781708,3218.647216796875,91.05188751220703,0.9055649042129517
1776175806635,0.0,0.2948283851146698,3219.104248046875,90.67351531982422,0.905672013759613
1776175806657,0.0,0.2659403383731842,3219.937744140625,90.32891082763672,0.905906617641449
1776175806673,0.0,0.26043614745140076,3220.31494140625,90.03486633300781,0.9060344696044922
1776175806693,0.0,0.24967923760414124,3220.766357421875,89.752685546875,0.9061405658721924
1776175806716,0.0,0.22914811968803406,3221.141357421875,89.39302062988281,0.9062654376029968
1776175806734,0.0,0.21452350914478302,3221.590087890625,89.13098907470703,0.9063923954963684
1776175806753,0.0,0.2006537765264511,3222.4091796875,88.89450073242188,0.906623363494873
1776175806773,0.0,0.19618041813373566,3222.854248046875,88.6241455078125,0.9067269563674927
1776175806793,0.0,0.20520155131816864,3223.22412109375,88.34310913085938,0.9068517088890076
1776175806813,0.0,0.20520155131816864,3223.6669921875,88.10791778564453,0.9069564342498779
1776175806835,0.0,0.2006537765264511,3224.475830078125,87.78030395507812,0.9071838855743408
1776175806853,0.0,0.1873987913131714,3224.842041015625,87.54499816894531,0.907306432723999
1776175806873,0.0,0.16683508455753326,3225.280517578125,87.32391357421875,0.9074090123176575
1776175806893,0.0,0.14084765315055847,3225.644775390625,87.06756591796875,0.9075319170951843
1776175806913,0.0,0.1033676341176033,3226.0810546875,86.84532928466797,0.9076539874076843
1776175806936,0.0,0.05065058171749115,3226.8779296875,86.6441879272461,0.9078792333602905
1776175806953,0.0,0.006864895112812519,3227.3115234375,86.51383209228516,0.9079810976982117
1776175806973,0.0,0.0,3227.672119140625,86.391845703125,0.9081034064292908
1776175806993,0.0,0.0,3228.1044921875,86.29557037353516,0.908224880695343
1776175807013,0.0,0.0,3228.536376953125,86.18061065673828,0.9083267450332642
1776175807034,0.0,0.0,3228.89599609375,86.05691528320312,0.9084464907646179
1776175807053,0.0,0.0,3229.68603515625,85.95291137695312,0.9086687564849854
1776175807073,0.0,0.0,3230.1162109375,85.83941650390625,0.9087693691253662
1776175807093,0.0,0.0,3230.474365234375,85.71699523925781,0.9088906049728394
1776175807113,0.0,0.0,3230.903564453125,85.62012481689453,0.9089903831481934
1776175807134,0.0,0.0,3231.2607421875,85.49394989013672,0.9091114401817322
1776175807153,0.0,0.0,3232.04541015625,85.36103057861328,0.9093326926231384
1776175807173,0.0,0.0,3232.47265625,85.25474548339844,0.9094311594963074
1776175807193,0.0,0.0,3232.828369140625,85.13272857666016,0.9095519781112671
1776175807213,0.0,0.0,3233.25439453125,85.00198364257812,0.9096719026565552
1776175807234,0.0,0.0,3233.679931640625,84.87486267089844,0.9097711443901062
1776175807253,0.0,0.0,3234.458740234375,84.75582885742188,0.909989058971405
1776175807273,0.0,0.0,3234.81201171875,84.62690734863281,0.9101071357727051
1776175807293,0.0,0.0,3235.2353515625,84.50753784179688,0.9102269411087036
1776175807313,0.0,0.0,3235.658203125,84.37528228759766,0.9103268980979919
1776175807334,0.0,0.0,3236.010009765625,84.23329162597656,0.9104440808296204
1776175807353,0.0,0.0,3236.78271484375,84.11347198486328,0.9106619358062744
1776175807373,0.0,0.0,3237.203369140625,83.9661865234375,0.910760223865509
1776175807393,0.0,0.0,3237.553466796875,83.82476043701172,0.9108776450157166
1776175807413,0.0,0.0,3237.972900390625,83.699462890625,0.9109758138656616
1776175807434,0.0,0.0,3238.322021484375,83.54586029052734,0.9110931158065796
1776175807453,0.0,0.0,3239.158203125,83.3973159790039,0.9113081097602844
1776175807473,0.0,0.0,3239.505859375,83.26520538330078,0.9114054441452026
1776175807493,0.0,0.0,3239.85302734375,83.1102523803711,0.911522626876831
1776175807513,0.0,0.0,3240.26904296875,82.95841217041016,0.9116392731666565
1776175807534,0.0,0.0,3240.6845703125,82.81636047363281,0.911737322807312
1776175807553,0.0,0.0,3241.444580078125,82.65377044677734,0.9119704961776733
1776175807573,0.0,0.0,3241.858154296875,82.49488830566406,0.9120661616325378
1776175807593,0.0,0.0,3242.202392578125,82.36402893066406,0.9121822118759155
1776175807614,0.0,0.0,3242.61474609375,82.20613098144531,0.9122787714004517
1776175807634,0.0,0.0,3242.957763671875,82.04316711425781,0.9123939275741577
1776175807653,0.0,0.0,3243.7109375,81.904541015625,0.9126050472259521
1776175807673,0.0,0.0,3244.12060546875,81.74536895751953,0.9127002954483032
1776175807693,0.0,0.0,3244.46142578125,81.59081268310547,0.9128157496452332
1776175807713,0.0,0.0,3244.869873046875,81.45420837402344,0.9129297733306885
1776175807733,0.04365000128746033,0.0,3245.277587890625,81.29956817626953,0.9130250215530396
1776175807753,0.12299999594688416,0.0,3246.023193359375,81.14984130859375,0.9132347702980042
1776175807774,0.1904500126838684,0.0,3246.361328125,81.04309844970703,0.913348376750946
1776175807793,0.2738000154495239,0.0,3246.7666015625,80.92778015136719,0.9134435057640076
1776175807813,0.32934999465942383,0.0,3247.10400390625,80.81661987304688,0.913557767868042
1776175807834,0.36900001764297485,0.0,3247.50830078125,80.73367309570312,0.9136516451835632
1776175807853,0.40869998931884766,0.0,3248.24853515625,80.66033172607422,0.9138594269752502
1776175807873,0.42454999685287476,0.0,3248.584716796875,80.60444641113281,0.9139723777770996
1776175807893,0.42855000495910645,0.0,3248.98779296875,80.5785140991211,0.9140858054161072
1776175807913,0.42855000495910645,0.0,3249.390869140625,80.56729888916016,0.9141809940338135
1776175807934,0.42855000495910645,0.0,3249.726806640625,80.57493591308594,0.9142934679985046
1776175807953,0.4205999970436096,0.0,3250.4658203125,80.58712005615234,0.914502739906311
1776175807973,0.4205999970436096,0.0,3250.868896484375,80.61029052734375,0.9145974516868591
1776175807993,0.42855000495910645,0.0,3251.204833984375,80.63322448730469,0.914710283279419
1776175808013,0.4404500126838684,0.0,3251.60791015625,80.65351867675781,0.9148229360580444
1776175808034,0.452349990606308,0.0,3252.01123046875,80.6820297241211,0.9149174094200134
1776175808053,0.46424999833106995,0.0,3252.75048828125,80.71283721923828,0.9151257872581482
1776175808073,0.4761500060558319,0.0,3253.086669921875,80.7493667602539,0.9152382612228394
1776175808093,0.4959999918937683,0.0,3253.490234375,80.8038558959961,0.9153335690498352
1776175808113,0.5038999915122986,0.0,3253.82666015625,80.85743713378906,0.9154477715492249
1776175808134,0.5116999745368958,0.0,3254.23046875,80.90547180175781,0.9155423045158386
1776175808153,0.5195500254631042,0.0,3254.971435546875,80.94501495361328,0.9157713651657104
1776175808173,0.5273500084877014,0.0,3255.3759765625,80.99967193603516,0.9158654808998108
1776175808193,0.5351499915122986,0.0,3255.71337890625,81.05690002441406,0.9159812927246094
1776175808213,0.5468500256538391,0.0,3256.118408203125,81.11643981933594,0.9160749912261963
1776175808233,0.5625,0.0,3256.456298828125,81.18684387207031,0.9161890149116516
1776175808253,0.5780999660491943,0.0,3257.199951171875,81.25196075439453,0.9164006114006042
1776175808275,0.59375,0.0,3257.606201171875,81.33860778808594,0.916495144367218
1776175808293,0.6093499660491943,0.0,3257.945068359375,81.43321228027344,0.9166091680526733
1776175808313,0.6211000084877014,0.0,3258.35205078125,81.5162124633789,0.9167053699493408
1776175808334,0.6327999830245972,0.0,3258.69140625,81.62953186035156,0.9168235659599304
1776175808353,0.6405999660491943,0.0,3259.50732421875,81.73468780517578,0.9170319437980652
1776175808374,0.6484500169754028,0.0,3259.847900390625,81.81727600097656,0.9171487092971802
1776175808393,0.6523500084877014,0.0,3260.2568359375,81.9161605834961,0.9172449111938477
1776175808413,0.6523500084877014,0.0,3260.597900390625,82.0355453491211,0.9173588752746582
1776175808434,0.6523500084877014,0.0,3261.0078125,82.14959716796875,0.9174559712409973
1776175808453,0.6523500084877014,0.0,3261.7607421875,82.27298736572266,0.9176915884017944
1776175808474,0.6523500084877014,0.0,3262.172119140625,82.40485382080078,0.9177879691123962
1776175808493,0.6445499658584595,0.0,3262.515380859375,82.52056884765625,0.9179032444953918
1776175808513,0.6445499658584595,0.0,3262.927734375,82.64852142333984,0.9180000424385071
1776175808534,0.6366999745368958,0.0,3263.271728515625,82.77050018310547,0.9181172251701355
1776175808553,0.6327999830245972,0.0,3264.029541015625,82.86155700683594,0.9183338284492493
1776175808574,0.6288999915122986,0.0,3264.443359375,82.97645568847656,0.9184316396713257
1776175808593,0.6172000169754028,0.0,3264.78857421875,83.0907974243164,0.9185486435890198
1776175808613,0.6015499830245972,0.0,3265.203369140625,83.18009185791016,0.9186475872993469
1776175808633,0.5508000254631042,0.0,3265.54931640625,83.2884521484375,0.9187662601470947
1776175808653,0.5077999830245972,0.0,3266.380859375,83.368896484375,0.9189838767051697
1776175808673,0.4681999981403351,0.0,3266.727783203125,83.41654968261719,0.9191017746925354
1776175808693,0.41659998893737793,0.0,3267.14453125,83.449462890625,0.9192011952400208
1776175808713,0.36900001764297485,0.0,3267.491943359375,83.4725570678711,0.9193195104598999
1776175808735,0.32934999465942383,0.0,3267.9091796875,83.47763061523438,0.9194170832633972
1776175808753,0.29760000109672546,0.0,3268.674072265625,83.46017456054688,0.9196556210517883
1776175808774,0.27775001525878906,0.0,3269.09130859375,83.41901397705078,0.9197515249252319
1776175808793,0.2738000154495239,0.0,3269.43896484375,83.37017059326172,0.9198710322380066
1776175808813,0.2738000154495239,0.0,3269.85595703125,83.29793548583984,0.9199694991111755
1776175808834,0.2817000150680542,0.0,3270.203369140625,83.22818756103516,0.9200882315635681
1776175808854,0.29360002279281616,0.0,3270.966796875,83.16331481933594,0.9203047752380371
1776175808873,0.31345000863075256,0.0,3271.3828125,83.09284973144531,0.9204027056694031
1776175808893,0.33329999446868896,0.0,3271.729248046875,83.0408706665039,0.9205216765403748
1776175808913,0.3571000099182129,0.0,3272.14453125,83.0140380859375,0.9206392168998718
1776175808935,0.3968000113964081,0.0,3272.559814453125,82.98847961425781,0.920737624168396
1776175808953,0.42454999685287476,0.0,3273.32080078125,82.98079681396484,0.9209539890289307
1776175808973,0.4562999904155731,0.0,3273.66650390625,82.98503875732422,0.9210712909698486
1776175808993,0.4761500060558319,0.0,3274.081298828125,83.01168823242188,0.9211694002151489
1776175809014,0.4959999918937683,0.0,3274.427001953125,83.03946685791016,0.9212879538536072
1776175809034,0.5,0.0,3274.842041015625,83.06251525878906,0.9213889837265015
1776175809053,0.5077999830245972,0.0,3275.603515625,83.11378479003906,0.9216035008430481
1776175809073,0.5195500254631042,0.0,3275.949951171875,83.17460632324219,0.9217197895050049
1776175809094,0.53125,0.0,3276.365966796875,83.23604583740234,0.9218385815620422
1776175809113,0.5468500256538391,0.0,3276.7822265625,83.2867431640625,0.9219383597373962
1776175809134,0.5663999915122986,0.0,3277.129150390625,83.36320495605469,0.922057032585144
1776175809153,0.5780999660491943,0.0,3277.893310546875,83.4353256225586,0.9222719669342041
1776175809173,0.5898500084877014,0.0,3278.310546875,83.52229309082031,0.9223734140396118
1776175809193,0.5976499915122986,0.0,3278.658447265625,83.61339569091797,0.9224877953529358
1776175809214,0.5976499915122986,0.0,3279.076171875,83.70299530029297,0.9226100444793701
1776175809234,0.6015499830245972,0.0,3279.494140625,83.7767105102539,0.9227083325386047
1776175809253,0.6015499830245972,0.0,3280.261474609375,83.86061096191406,0.9229273796081543
1776175809273,0.59375,0.0,3280.610595703125,83.94092559814453,0.9230445027351379
1776175809293,0.5859500169754028,0.0,3281.030029296875,84.03406524658203,0.9231438040733337
1776175809313,0.5702999830245972,0.0,3281.3798828125,84.12200927734375,0.9232622385025024
1776175809336,0.5273500084877014,0.0,3282.150634765625,84.20181274414062,0.9234814047813416
1776175809353,0.5,0.0,3282.571533203125,84.24996948242188,0.9235803484916687
1776175809374,0.452349990606308,0.0,3282.922607421875,84.3076400756836,0.9236999154090881
1776175809393,0.40869998931884766,0.0,3283.343994140625,84.34661102294922,0.9238179326057434
1776175809413,0.36900001764297485,0.0,3283.765625,84.36266326904297,0.9239186644554138
1776175809435,0.3372499942779541,0.0,3284.5390625,84.35517120361328,0.924136757850647
1776175809453,0.3095000088214874,0.0,3284.890625,84.34541320800781,0.9242545366287231
1776175809473,0.27775001525878906,0.0,3285.312255859375,84.31966400146484,0.9243541359901428
1776175809493,0.2658500075340271,0.0,3285.66357421875,84.28154754638672,0.9244720339775085
1776175809513,0.25394999980926514,0.0,3286.0849609375,84.23624420166016,0.9245913624763489
1776175809534,0.25394999980926514,0.0,3286.506103515625,84.16934204101562,0.9246900677680969
1776175809553,0.25394999980926514,0.0,3287.277099609375,84.10321807861328,0.9249069094657898
1776175809573,0.25394999980926514,0.0,3287.627197265625,84.03836822509766,0.9250248074531555
1776175809593,0.24994999170303345,0.0,3288.046875,83.96049499511719,0.9251231551170349
1776175809613,0.2459999918937683,0.0,3288.396484375,83.87653350830078,0.9252405762672424
1776175809636,0.24204999208450317,0.0,3288.815673828125,83.78607177734375,0.9253387451171875
1776175809653,0.23805001378059387,0.0,3289.58349609375,83.71337127685547,0.9255742430686951
1776175809674,0.23805001378059387,0.0,3290.001953125,83.6272201538086,0.9256702661514282
1776175809693,0.23805001378059387,0.0,3290.350341796875,83.5538558959961,0.9257874488830566
1776175809713,0.2459999918937683,0.0,3290.76806640625,83.47499084472656,0.9258861541748047
1776175809734,0.2459999918937683,0.0,3291.115966796875,83.38967895507812,0.9260025024414062
1776175809753,0.2459999918937683,0.0,3291.880615234375,83.31602478027344,0.9262153506278992
1776175809773,0.2459999918937683,0.0,3292.297119140625,83.22650146484375,0.9263133406639099
1776175809793,0.2459999918937683,0.0,3292.64404296875,83.14286041259766,0.9264282584190369
1776175809813,0.23805001378059387,0.0,3293.06005859375,83.06903839111328,0.9265444278717041
1776175809833,0.23410001397132874,0.0,3293.475830078125,82.98309326171875,0.9266417622566223
1776175809853,0.2261500060558319,0.0,3294.237060546875,82.89690399169922,0.9268534779548645
1776175809874,0.22220000624656677,0.0,3294.582763671875,82.82125854492188,0.9269694089889526
1776175809893,0.21424999833106995,0.0,3294.9970703125,82.72616577148438,0.9270665645599365
1776175809913,0.20634999871253967,0.0,3295.342041015625,82.62944793701172,0.9271801710128784
1776175809933,0.19840002059936523,0.0,3295.755615234375,82.54895782470703,0.9272780418395996
1776175809953,0.1904500126838684,0.0,3296.512939453125,82.45223236083984,0.9275075793266296
1776175809973,0.18650001287460327,0.0,3296.925537109375,82.35508728027344,0.9276025295257568
1776175809993,0.17855000495910645,0.0,3297.26904296875,82.27494812011719,0.9277158379554749
1776175810013,0.1746000051498413,0.0,3297.6806640625,82.18380737304688,0.927813708782196
1776175810035,0.16664999723434448,0.0,3298.0234375,82.09392547607422,0.9279268383979797
1776175810053,0.15080001950263977,0.0,3298.7763671875,82.01277923583984,0.9281364679336548
1776175810073,0.14680001139640808,0.0,3299.186279296875,81.91276550292969,0.9282314777374268
1776175810093,0.13885000348091125,0.0,3299.527587890625,81.8165283203125,0.9283450841903687
1776175810113,0.1269499957561493,0.0,3299.936767578125,81.7303237915039,0.9284581542015076
1776175810133,0.12299999594688416,0.0,3300.345458984375,81.63265228271484,0.9285514950752258
1776175810153,0.12299999594688416,0.0,3301.09326171875,81.53087615966797,0.9287601709365845
1776175810173,0.11904999613761902,0.0,3301.432861328125,81.43929290771484,0.9288750290870667
1776175810193,0.11904999613761902,0.0,3301.83984375,81.32913970947266,0.9289667010307312
1776175810213,0.11904999613761902,0.0,3302.1787109375,81.21562194824219,0.9290798902511597
1776175810234,0.11904999613761902,0.0,3302.5849609375,81.10709381103516,0.9291733503341675
1776175810253,0.1269499957561493,0.0,3303.32861328125,80.97929382324219,0.9293990135192871
1776175810273,0.13490000367164612,0.0,3303.733642578125,80.85880279541016,0.9294908046722412
1776175810293,0.1547500193119049,0.0,3304.07080078125,80.75696563720703,0.9296049475669861
1776175810314,0.1904500126838684,0.0,3304.474853515625,80.62956237792969,0.929697573184967
1776175810333,0.24994999170303345,0.0,3304.811279296875,80.51527404785156,0.9298112988471985
1776175810353,0.289650022983551,0.0,3305.55029296875,80.42350769042969,0.9300159811973572
1776175810373,0.34915000200271606,0.0,3305.95263671875,80.31292724609375,0.9301052093505859
1776175810393,0.3928000032901764,0.0,3306.28759765625,80.23238372802734,0.9302189350128174
1776175810413,0.4364500045776367,0.0,3306.689208984375,80.19801330566406,0.930331826210022
1776175810434,0.4761500060558319,0.0,3307.090576171875,80.18096160888672,0.9304218888282776
1776175810453,0.5038999915122986,0.0,3307.825927734375,80.18675231933594,0.9306243658065796
1776175810474,0.5234500169754028,0.0,3308.16015625,80.20216369628906,0.9307385087013245
1776175810493,0.5429499745368958,0.0,3308.561279296875,80.23531341552734,0.930830180644989
1776175810513,0.5663999915122986,0.0,3308.895751953125,80.27107238769531,0.9309430718421936
1776175810533,0.5741999745368958,0.0,3309.297119140625,80.30904388427734,0.9310343265533447
1776175810553,0.5780999660491943,0.0,3310.03369140625,80.36711883544922,0.9312562346458435
1776175810573,0.5820499658584595,0.0,3310.435791015625,80.43693542480469,0.9313498139381409
1776175810593,0.5859500169754028,0.0,3310.77099609375,80.50753021240234,0.931459903717041
1776175810613,0.5859500169754028,0.0,3311.173583984375,80.5802001953125,0.9315561056137085
1776175810634,0.5898500084877014,0.0,3311.50927734375,80.65206146240234,0.9316666126251221
1776175810653,0.5898500084877014,0.0,3312.24853515625,80.71604919433594,0.9318727254867554
1776175810673,0.5898500084877014,0.0,3312.652099609375,80.78162384033203,0.9319672584533691
1776175810693,0.5976499915122986,0.0,3312.988525390625,80.84197998046875,0.9320777654647827
1776175810713,0.6054499745368958,0.0,3313.392578125,80.89920043945312,0.9321884512901306
1776175810735,0.6172000169754028,0.0,3313.7294921875,80.97616577148438,0.9322854280471802
1776175810753,0.625,0.0,3314.471435546875,81.06119537353516,0.9324904084205627
1776175810773,0.6405999660491943,0.0,3314.876708984375,81.14361572265625,0.9326013326644897
1776175810793,0.6523500084877014,0.0,3315.282470703125,81.2542495727539,0.9326968789100647
1776175810813,0.65625,0.0,3315.620849609375,81.3736801147461,0.9328106045722961
1776175810834,0.6640499830245972,0.0,3316.02734375,81.49555206298828,0.9329037070274353
1776175810853,0.6679499745368958,0.0,3316.773681640625,81.60120391845703,0.9331315755844116
1776175810873,0.6718499660491943,0.0,3317.181396484375,81.72662353515625,0.9332258105278015
1776175810893,0.6718499660491943,0.0,3317.521484375,81.83882904052734,0.9333386421203613
1776175810913,0.6718499660491943,0.0,3317.93017578125,81.96159362792969,0.9334353804588318
1776175810934,0.6718499660491943,0.0,3318.271240234375,82.07914733886719,0.9335485696792603
1776175810953,0.6718499660491943,0.0,3319.0224609375,82.19156646728516,0.9337583184242249
1776175810974,0.6718499660491943,0.0,3319.43310546875,82.31230926513672,0.9338528513908386
1776175810993,0.6757999658584595,0.0,3319.775634765625,82.4423599243164,0.9339691996574402
1776175811013,0.6797000169754028,0.0,3320.187255859375,82.55562591552734,0.9340835213661194
1776175811034,0.6836000084877014,0.0,3320.599609375,82.68521118164062,0.934178352355957
1776175811053,0.6836000084877014,0.0,3321.357177734375,82.82905578613281,0.9343898296356201
1776175811073,0.6836000084877014,0.0,3321.7021484375,82.95063781738281,0.9345061779022217
1776175811093,0.6836000084877014,0.0,3322.11669921875,83.1007308959961,0.9346029162406921
1776175811113,0.6875,0.0,3322.462646484375,83.25308990478516,0.9347180724143982
1776175811135,0.6875,0.0,3322.878173828125,83.402099609375,0.9348146915435791
1776175811153,0.6875,0.0,3323.641845703125,83.52898406982422,0.9350287914276123
1776175811173,0.6875,0.0,3323.989501953125,83.67979431152344,0.9351450204849243
1776175811193,0.6913999915122986,0.0,3324.4072265625,83.8110122680664,0.9352625012397766
1776175811213,0.7030999660491943,0.0,3324.82568359375,83.9493637084961,0.9353601932525635
1776175811233,0.7304499745368958,0.0,3325.1748046875,84.08975219726562,0.9354772567749023
1776175811254,0.7538999915122986,0.0,3325.9443359375,84.2221450805664,0.9356936812400818
1776175811273,0.7890499830245972,0.0,3326.364990234375,84.40115356445312,0.935792088508606
1776175811293,0.8242000341415405,0.0,3326.716064453125,84.5861587524414,0.9359103441238403
1776175811313,0.8515499830245972,0.0,3327.13818359375,84.7508773803711,0.9360088109970093
1776175811334,0.8867000341415405,0.0,3327.490478515625,84.9635009765625,0.9361270070075989
1776175811353,0.9179500341415405,0.0,3328.338623046875,85.19583129882812,0.9363448023796082
1776175811373,0.9530999660491943,0.0,3328.693115234375,85.3980484008789,0.9364660382270813
1776175811393,0.9843499660491943,0.0,3329.11962890625,85.6648941040039,0.9365654587745667
1776175811413,1.0,0.0,3329.475830078125,85.92059326171875,0.9366864562034607
1776175811434,1.0,0.0,3329.904296875,86.18006896972656,0.9367862939834595
1776175811454,1.0,0.0,3330.69287109375,86.40624237060547,0.9370285272598267
1776175811473,1.0,0.0,3331.12451171875,86.66948699951172,0.9371300935745239
1776175811493,1.0,0.0,3331.485107421875,86.90282440185547,0.9372522234916687
1776175811514,1.0,0.0,3331.919189453125,87.18634033203125,0.9373555779457092
1776175811534,1.0,0.0,3332.28173828125,87.45157623291016,0.9374766945838928
1776175811553,1.0,0.0,3333.082275390625,87.67255401611328,0.9377021193504333
1776175811574,1.0,0.0,3333.520263671875,87.9310073852539,0.9378087520599365
1776175811593,1.0,0.0,3333.88623046875,88.21870422363281,0.9379319548606873
1776175811613,1.0,0.0,3334.326416015625,88.44473266601562,0.9380552172660828
1776175811634,1.0,0.0,3334.767822265625,88.677490234375,0.938160240650177
1776175811654,1.0,0.0,3335.579833984375,88.91822052001953,0.9383909702301025
1776175811673,1.0,0.0,3335.949951171875,89.13442993164062,0.9385160803794861
1776175811693,1.0,0.0,3336.39501953125,89.38459014892578,0.9386215209960938
1776175811713,1.0,0.0,3336.766845703125,89.62199401855469,0.9387474060058594
1776175811734,1.0,0.0,3337.2138671875,89.8249282836914,0.9388538002967834
1776175811753,1.0,0.0,3338.036376953125,90.07022857666016,0.9391087889671326
1776175811773,1.0,0.0,3338.486572265625,90.32190704345703,0.939215362071991
1776175811794,1.0,0.0,3338.8623046875,90.52681732177734,0.9393427968025208
1776175811813,1.0,0.0,3339.314453125,90.7522964477539,0.9394490718841553
1776175811833,1.0,0.0,3339.69189453125,90.9913558959961,0.9395772814750671
1776175811853,1.0,0.0,3340.52490234375,91.19904327392578,0.9398148655891418
1776175811873,1.0,0.0,3340.980712890625,91.44498443603516,0.9399224519729614
1776175811893,0.9530999660491943,0.0,3341.361328125,91.69373321533203,0.940051794052124
1776175811913,0.8672000169754028,0.0,3341.819091796875,91.90093994140625,0.9401849508285522
1776175811933,0.7655999660491943,0.0,3342.27783203125,92.13701629638672,0.9402926564216614
1776175811953,0.65625,0.0,3343.12158203125,92.35374450683594,0.9405315518379211
1776175811975,0.5429499745368958,0.0,3343.50634765625,92.56187438964844,0.9406633973121643
1776175811993,0.48410001397132874,0.0,3343.968994140625,92.69631958007812,0.9407752752304077
1776175812013,0.41659998893737793,0.0,3344.355224609375,92.82418060302734,0.9409053921699524
1776175812034,0.38089999556541443,0.0,3344.8193359375,92.88951873779297,0.9410181641578674
1776175812053,0.36900001764297485,0.0,3345.671142578125,92.95587921142578,0.9412821531295776
1776175812074,0.38089999556541443,0.0,3346.13623046875,93.00408935546875,0.9413915276527405
1776175812093,0.4364500045776367,0.0,3346.52392578125,93.05204010009766,0.9415232539176941
1776175812113,0.5116999745368958,0.0,3346.9892578125,93.11742401123047,0.9416366219520569
1776175812133,0.6054499745368958,0.0,3347.377197265625,93.21843719482422,0.9417691230773926
1776175812154,0.7070499658584595,0.0,3348.231201171875,93.33617401123047,0.9420146942138672
1776175812173,0.8280999660491943,0.0,3348.69775390625,93.51972961425781,0.9421232342720032
1776175812193,0.9297000169754028,0.0,3349.087158203125,93.75688934326172,0.9422616958618164
1776175812214,1.0,0.0,3349.55517578125,94.0372085571289,0.9423903822898865
1776175812233,1.0,0.0,3350.0244140625,94.28165435791016,0.9425051808357239
1776175812253,1.0,0.0,3350.8876953125,94.58985137939453,0.9427549839019775
1776175812273,1.0,0.0,3351.281494140625,94.86907958984375,0.9428900480270386
1776175812293,1.0,0.0,3351.755615234375,95.18424987792969,0.9430038928985596
1776175812313,1.0,0.0,3352.15185546875,95.48614501953125,0.9431412220001221
1776175812334,1.0,0.0,3352.62841796875,95.79640197753906,0.9432521462440491
1776175812353,1.0,0.0,3353.505615234375,96.06785583496094,0.9435288906097412
1776175812373,1.0,0.0,3353.986083984375,96.40072631835938,0.9436445236206055
1776175812393,1.0,0.0,3354.3876953125,96.67872619628906,0.9437832236289978
1776175812413,1.0,0.0,3354.870849609375,96.98641204833984,0.9439008235931396
1776175812436,0.9882999658584595,0.0,3355.759765625,97.3411865234375,0.9441559910774231
1776175812453,0.96875,0.0,3356.165283203125,97.56455993652344,0.9442973732948303
1776175812474,0.9297000169754028,0.0,3356.653076171875,97.87349700927734,0.9444142580032349
1776175812493,0.8945499658584595,0.0,3357.060546875,98.17912292480469,0.944557785987854
1776175812514,0.8672000169754028,0.0,3357.55078125,98.4239730834961,0.9446994066238403
1776175812534,0.8593499660491943,0.0,3358.042236328125,98.71063995361328,0.9448193907737732
1776175812553,0.8632999658584595,0.0,3358.946044921875,98.97683715820312,0.9450775384902954
1776175812574,0.8788999915122986,0.0,3359.3583984375,99.2299575805664,0.9452207088470459
1776175812593,0.8905999660491943,0.0,3359.85400390625,99.4515380859375,0.945343017578125
1776175812613,0.8827999830245972,0.0,3360.267822265625,99.7190933227539,0.9454842805862427
1776175812635,0.8593499660491943,0.0,3360.765380859375,99.98737335205078,0.9456026554107666
1776175812653,0.8398499488830566,0.0,3361.680419921875,100.20191192626953,0.9458917379379272
1776175812673,0.8047000169754028,0.0,3362.18115234375,100.43504333496094,0.9460108876228333
1776175812693,0.7617000341415405,0.0,3362.59912109375,100.61399841308594,0.9461546540260315
1776175812713,0.7030999660491943,0.0,3363.1015625,100.8154067993164,0.9462742805480957
1776175812733,0.6484500169754028,0.0,3363.52099609375,100.99478149414062,0.9464192390441895
1776175812754,0.59375,0.0,3364.4453125,101.1184310913086,0.9466840624809265
1776175812773,0.5195500254631042,0.0,3364.950439453125,101.23419189453125,0.9468042254447937
1776175812793,0.4721499979496002,0.0,3365.371826171875,101.33091735839844,0.9469483494758606
1776175812813,0.4325000047683716,0.0,3365.8779296875,101.40383911132812,0.9470933079719543
1776175812834,0.4007500112056732,0.0,3366.38427734375,101.45880889892578,0.9472138285636902
1776175812853,0.38885000348091125,0.0,3367.31298828125,101.4995346069336,0.9474771022796631
1776175812873,0.38089999556541443,0.0,3367.7353515625,101.52879333496094,0.9476211071014404
1776175812893,0.38885000348091125,0.0,3368.242431640625,101.5475082397461,0.9477428197860718
1776175812913,0.3928000032901764,0.0,3368.6650390625,101.56938171386719,0.9478856921195984
1776175812934,0.3968000113964081,0.0,3369.172119140625,101.59491729736328,0.9480054378509521
1776175812953,0.3968000113964081,0.0,3370.102294921875,101.62132263183594,0.9482934474945068
1776175812973,0.38885000348091125,0.0,3370.60986328125,101.65126037597656,0.9484125971794128
1776175812993,0.38885000348091125,0.0,3371.032958984375,101.67237854003906,0.9485553503036499
1776175813014,0.38885000348091125,0.0,3371.540771484375,101.68458557128906,0.9486738443374634
1776175813033,0.38885000348091125,0.0,3371.9638671875,101.7073974609375,0.9488208293914795
1776175813053,0.3928000032901764,0.0,3372.89501953125,101.7270736694336,0.9490789175033569
1776175813073,0.3968000113964081,0.0,3373.403076171875,101.74666595458984,0.949198305606842
1776175813093,0.4007500112056732,0.0,3373.82666015625,101.76519012451172,0.9493415951728821
1776175813113,0.40869998931884766,0.0,3374.3349609375,101.7790298461914,0.9494602084159851
1776175813136,0.4681999981403351,0.0,3375.267333984375,101.79773712158203,0.9497449994087219
1776175813154,0.53125,0.0,3375.776123046875,101.82709503173828,0.9498637914657593
1776175813173,0.6093499660491943,0.0,3376.2001953125,101.86754608154297,0.9500064849853516
1776175813193,0.6952999830245972,0.0,3376.70947265625,101.94566345214844,0.9501252770423889
1776175813213,0.7538999915122986,0.0,3377.13427734375,102.05162048339844,0.9502677321434021
1776175813235,0.8047000169754028,0.0,3377.644287109375,102.1875991821289,0.9503870010375977
1776175813253,0.8320499658584595,0.0,3378.58056640625,102.34203338623047,0.9506738185882568
1776175813273,0.8515499830245972,0.0,3379.09228515625,102.49681091308594,0.9507935047149658
1776175813293,0.8554500341415405,0.0,3379.519287109375,102.65489959716797,0.9509366750717163
1776175813313,0.8554500341415405,0.0,3380.032470703125,102.82661437988281,0.9510562419891357
1776175813334,0.84375,0.0,3380.460693359375,103.00823211669922,0.9511997699737549
1776175813353,0.8280999660491943,0.0,3381.40478515625,103.18213653564453,0.9514642357826233
1776175813373,0.8163999915122986,0.0,3381.9208984375,103.39749145507812,0.9515847563743591
1776175813393,0.7968499660491943,0.0,3382.3515625,103.60012817382812,0.9517297148704529
1776175813413,0.78125,0.0,3382.868896484375,103.74419403076172,0.9518503546714783
1776175813434,0.7538999915122986,0.0,3383.30078125,103.90864562988281,0.9519951343536377
1776175813453,0.7304499745368958,0.0,3384.33837890625,104.0505599975586,0.9522616863250732
1776175813473,0.7070499658584595,0.0,3384.771240234375,104.13573455810547,0.9524072408676147
1776175813493,0.6679499745368958,0.0,3385.291015625,104.22923278808594,0.952528715133667
1776175813513,0.6366999745368958,0.0,3385.72509765625,104.40971374511719,0.9526748061180115
1776175813534,0.6132999658584595,0.0,3386.246337890625,104.59353637695312,0.9527963995933533
1776175813554,0.59375,0.0,3387.204345703125,104.68907928466797,0.9530891180038452
1776175813573,0.5859500169754028,0.0,3387.7275390625,104.75936889648438,0.9532122015953064
1776175813593,0.5859500169754028,0.0,3388.1640625,104.88098907470703,0.9533586502075195
1776175813613,0.6054499745368958,0.0,3388.688232421875,105.00755310058594,0.9534804821014404
1776175813633,0.6601499915122986,0.0,3389.125244140625,105.09185028076172,0.9536271095275879
1776175813653,0.7226499915122986,0.0,3390.087890625,105.1570053100586,0.9538972973823547
1776175813673,0.8007999658584595,0.0,3390.613525390625,105.3233871459961,0.95404452085495
1776175813693,0.8632999658584595,0.0,3391.139892578125,105.53162384033203,0.9541674256324768
1776175813714,0.9491999745368958,0.0,3391.57861328125,105.6789321899414,0.9542903304100037
1776175813733,1.0,0.0,3392.018310546875,105.82896423339844,0.9544382691383362
1776175813753,1.0,0.0,3393.075439453125,106.10323333740234,0.9547104239463806
1776175813773,1.0,0.0,3393.517333984375,106.3139877319336,0.954858660697937
1776175813793,1.0,0.0,3394.04833984375,106.52816772460938,0.9549830555915833
1776175813813,1.0,0.0,3394.49169921875,106.76478576660156,0.9551323056221008
1776175813834,1.0,0.0,3395.024658203125,106.9732437133789,0.9552567601203918
1776175813853,1.0,0.0,3396.0048828125,107.24384307861328,0.9555566906929016
1776175813873,1.0,0.0,3396.541259765625,107.54434204101562,0.9556818604469299
1776175813893,1.0,0.0,3396.9892578125,107.8101577758789,0.9558327198028564
1776175813913,1.0,0.0,3397.528076171875,108.13394165039062,0.9559585452079773
1776175813934,1.0,0.0,3397.97802734375,108.46258544921875,0.9561094641685486
1776175813954,1.0,0.0,3398.97119140625,108.75323486328125,0.9563871622085571
1776175813973,1.0,0.0,3399.514892578125,108.99923706054688,0.9565146565437317
1776175813993,1.0,0.0,3399.96875,109.27433013916016,0.9566664695739746
1776175814013,1.0,0.0,3400.514404296875,109.51016998291016,0.9568203091621399
1776175814034,1.0,0.0,3401.06103515625,109.80170440673828,0.9569478631019592
1776175814053,1.0,0.0,3402.06640625,110.08755493164062,0.9572298526763916
1776175814074,1.0,0.0,3402.524658203125,110.30754852294922,0.9573845267295837
1776175814093,1.0,0.0,3403.07568359375,110.57489013671875,0.9575123190879822
1776175814113,1.0,0.0,3403.53564453125,110.83997344970703,0.9576669931411743
1776175814134,1.0,0.0,3404.088623046875,111.11446380615234,0.9577965140342712
1776175814153,1.0,0.0,3405.10546875,111.34729766845703,0.9581071734428406
1776175814173,1.0,0.0,3405.661865234375,111.60681915283203,0.9582379460334778
1776175814193,1.0,0.0,3406.126220703125,111.8108139038086,0.9583944082260132
1776175814213,1.0,0.0,3406.6845703125,112.066162109375,0.9585246443748474
1776175814235,1.0,0.0,3407.15087890625,112.3203125,0.9586817026138306
1776175814253,1.0,0.0,3408.179443359375,112.5329818725586,0.9589701294898987
1776175814273,1.0,0.0,3408.741943359375,112.78595733642578,0.9591017961502075
1776175814293,1.0,0.0,3409.211669921875,113.02269744873047,0.9592597484588623
1776175814313,1.0,0.0,3409.7763671875,113.2331314086914,0.9594184756278992
1776175814334,1.0,0.0,3410.342041015625,113.52334594726562,0.959550678730011
1776175814353,1.0,0.0,3411.38232421875,113.81419372558594,0.959842324256897
1776175814373,1.0,0.0,3411.8564453125,114.02671813964844,0.9600018858909607
1776175814393,1.0,0.0,3412.42626953125,114.26729583740234,0.9601355791091919
1776175814413,1.0,0.0,3412.901611328125,114.44764709472656,0.960296630859375
1776175814434,0.9413999915122986,0.0,3413.47265625,114.62628173828125,0.9604292511940002
1776175814453,0.84375,0.0,3414.521728515625,114.79901123046875,0.9607513546943665
1776175814473,0.7304499745368958,0.0,3415.09521484375,115.06111907958984,0.9608857035636902
1776175814493,0.6366999745368958,0.0,3415.57421875,115.20504760742188,0.9610476493835449
1776175814514,0.5116999745368958,0.0,3416.149658203125,115.10235595703125,0.9611824154853821
1776175814533,0.40869998931884766,0.0,3416.62939453125,115.06881713867188,0.9613438844680786
1776175814553,0.31744998693466187,0.0,3417.68359375,115.05774688720703,0.9616443514823914
1776175814573,0.23410001397132874,0.0,3418.258056640625,115.00701141357422,0.9617733955383301
1776175814593,0.1746000051498413,0.0,3418.73681640625,114.94541931152344,0.9619353413581848
1776175814613,0.1547500193119049,0.0,3419.31103515625,114.9069595336914,0.9620968699455261
1776175814634,0.16664999723434448,0.0,3419.88525390625,114.84651184082031,0.9622318744659424
1776175814654,0.23410001397132874,0.0,3420.841796875,114.7938003540039,0.9625270962715149
1776175814674,0.31744998693466187,0.0,3421.41552734375,114.77738952636719,0.9626885056495667
1776175814693,0.42454999685287476,0.0,3421.9892578125,114.70462036132812,0.9628226161003113
1776175814713,0.5077999830245972,0.0,3422.467041015625,114.6629638671875,0.9629837870597839
1776175814735,0.5898500084877014,0.0,3423.0400390625,114.62638854980469,0.963118314743042
1776175814753,0.6484500169754028,0.0,3424.090576171875,114.86663818359375,0.9634397029876709
1776175814773,0.7148500084877014,0.0,3424.66455078125,115.30397033691406,0.9635745882987976
1776175814793,0.7773499488830566,0.0,3425.14453125,115.67376708984375,0.9637364149093628
1776175814813,0.8554500341415405,0.0,3425.72216796875,115.98748016357422,0.9638718366622925
1776175814834,0.9218499660491943,0.0,3426.204833984375,116.19560241699219,0.964034378528595
1776175814853,0.9843499660491943,0.0,3427.26953125,116.37999725341797,0.9643335938453674
1776175814874,1.0,0.0,3427.8515625,116.6507797241211,0.9644693732261658
1776175814893,1.0,0.0,3428.337646484375,116.90666961669922,0.9646335244178772
1776175814913,1.0,0.0,3428.921630859375,117.11711120605469,0.9647979140281677
1776175814934,1.0,0.0,3429.506591796875,117.3187484741211,0.9649347066879272
1776175814953,1.0,0.0,3430.581787109375,117.54827117919922,0.9652369618415833
1776175814973,1.0,0.0,3431.071533203125,117.78099822998047,0.9654019474983215
1776175814993,1.0,0.0,3431.660400390625,118.0563735961914,0.9655399322509766
1776175815013,1.0,0.0,3432.152099609375,118.31614685058594,0.965705156326294
1776175815034,1.0,0.0,3432.742919921875,118.57568359375,0.965871274471283
1776175815054,1.0,0.0,3433.828857421875,118.77137756347656,0.9661768674850464
1776175815074,1.0,0.0,3434.422607421875,119.00949096679688,0.9663152694702148
1776175815093,1.0,0.0,3434.918212890625,119.22408294677734,0.9664824604988098
1776175815113,1.0,0.0,3435.513671875,119.4708480834961,0.9666219353675842
1776175815134,1.0,0.0,3436.0107421875,119.71578979492188,0.9667896628379822
1776175815153,1.0,0.0,3437.107177734375,119.93804168701172,0.9670976400375366
1776175815174,1.0,0.0,3437.706787109375,120.19815826416016,0.9672378897666931
1776175815193,1.0,0.0,3438.207275390625,120.45000457763672,0.9674069881439209
1776175815213,1.0,0.0,3438.808837890625,120.6589126586914,0.9675756692886353
1776175815234,1.0,0.0,3439.411376953125,120.89971923828125,0.9677168130874634
1776175815253,1.0,0.0,3440.5185546875,121.14356231689453,0.9680279493331909
1776175815273,1.0,0.0,3441.02294921875,121.3389892578125,0.9681980609893799
1776175815293,1.0,0.0,3441.629150390625,121.58068084716797,0.9683394432067871
1776175815313,1.0,0.0,3442.135009765625,121.8363265991211,0.968510091304779
1776175815334,1.0,0.0,3442.7431640625,122.04936981201172,0.9686809778213501
1776175815353,1.0,0.0,3443.861083984375,122.29551696777344,0.9689949154853821
1776175815373,1.0,0.0,3444.472412109375,122.54779052734375,0.9691376090049744
1776175815393,1.0,0.0,3444.982666015625,122.76041412353516,0.9693096280097961
1776175815413,1.0,0.0,3445.595947265625,122.99565124511719,0.9694529175758362
1776175815433,1.0,0.0,3446.107666015625,123.23817443847656,0.9696252346038818
1776175815453,1.0,0.0,3447.23583984375,123.43566131591797,0.9699410796165466
1776175815473,1.0,0.0,3447.8525390625,123.67254638671875,0.9700846672058105
1776175815493,1.0,0.0,3448.367431640625,123.9234848022461,0.970258891582489
1776175815514,1.0,0.0,3448.986328125,124.1320571899414,0.970431923866272
1776175815533,1.0,0.0,3449.606201171875,124.3821792602539,0.9705774188041687
1776175815553,1.0,0.0,3450.745361328125,124.5921401977539,0.9708974957466125
1776175815573,1.0,0.0,3451.264404296875,124.83956909179688,0.9710723757743835
1776175815593,1.0,0.0,3451.88818359375,125.07862854003906,0.9712183475494385
1776175815613,1.0,0.0,3452.40869140625,125.30284881591797,0.9713931679725647
1776175815633,1.0,0.0,3453.0341796875,125.50757598876953,0.9715391993522644
1776175815653,1.0,0.0,3454.18359375,125.74546813964844,0.9718912839889526
1776175815673,1.0,0.0,3454.81201171875,126.0071792602539,0.9720380306243896
1776175815693,1.0,0.0,3455.336669921875,126.2177734375,0.9722149968147278
1776175815713,1.0,0.0,3455.967041015625,126.45372009277344,0.9723618030548096
1776175815734,1.0,0.0,3456.4931640625,126.68891143798828,0.9725393652915955
1776175815753,1.0,0.0,3457.6533203125,126.8779296875,0.9728648662567139
1776175815773,1.0,0.0,3458.28759765625,127.14720153808594,0.9730132222175598
1776175815793,1.0,0.0,3458.81689453125,127.3876953125,0.9731910824775696
1776175815813,1.0,0.0,3459.453125,127.58160400390625,0.9733695983886719
1776175815835,1.0,0.0,3460.09033203125,127.82289123535156,0.9735186100006104
1776175815853,1.0,0.0,3461.26123046875,128.0586395263672,0.9738469123840332
1776175815873,1.0,0.0,3461.794677734375,128.2620391845703,0.9740265607833862
1776175815893,1.0,0.0,3462.435546875,128.50511169433594,0.9741764068603516
1776175815913,1.0,0.0,3462.970458984375,128.740966796875,0.9743558168411255
1776175815933,1.0,0.0,3463.61328125,128.93504333496094,0.9745365977287292
1776175815953,1.0,0.0,3464.79443359375,129.164794921875,0.974867582321167
1776175815974,1.0,0.0,3465.43994140625,129.40521240234375,0.9750186204910278
1776175815993,1.0,0.0,3465.978759765625,129.6085205078125,0.9752002358436584
1776175816013,1.0,0.0,3466.626220703125,129.84510803222656,0.9753513932228088
1776175816033,1.0,0.0,3467.16650390625,130.0714569091797,0.9755331873893738
1776175816053,1.0,0.0,3468.357666015625,130.26950073242188,0.9758673310279846
1776175816073,1.0,0.0,3469.0087890625,130.4964141845703,0.9760192632675171
1776175816093,1.0,0.0,3469.55224609375,130.7291717529297,0.9762018322944641
1776175816113,1.0,0.0,3470.205078125,130.93234252929688,0.9763855338096619
1776175816134,1.0,0.0,3470.85888671875,131.16549682617188,0.9765385389328003
1776175816153,1.0,0.0,3472.060302734375,131.39376831054688,0.9768753051757812
1776175816173,1.0,0.0,3472.607421875,131.59017944335938,0.9770589470863342
1776175816193,1.0,0.0,3473.264892578125,131.8076934814453,0.9772124886512756
1776175816213,1.0,0.0,3473.8134765625,132.03636169433594,0.9773972630500793
1776175816233,1.0,0.0,3474.47265625,132.2450714111328,0.9775821566581726
1776175816253,1.0,0.0,3475.68359375,132.47377014160156,0.9779215455055237
1776175816273,1.0,0.0,3476.345703125,132.70681762695312,0.9780765175819397
1776175816293,1.0,0.0,3476.898193359375,132.89950561523438,0.9782623648643494
1776175816313,1.0,0.0,3477.56201171875,133.13595581054688,0.9784170985221863
1776175816333,1.0,0.0,3478.115966796875,133.33135986328125,0.9786036014556885
1776175816353,1.0,0.0,3479.3369140625,133.54678344726562,0.9789465665817261
1776175816373,1.0,0.0,3480.00439453125,133.76531982421875,0.9791020750999451
1776175816393,1.0,0.0,3480.561279296875,134.0083770751953,0.9792894721031189
1776175816413,1.0,0.0,3481.23046875,134.20700073242188,0.979477047920227
1776175816433,1.0,0.0,3481.90087890625,134.4491729736328,0.979633629322052
1776175816453,1.0,0.0,3483.1328125,134.6797637939453,0.9799792170524597
1776175816473,1.0,0.0,3483.69384765625,134.87599182128906,0.9801673889160156
1776175816493,1.0,0.0,3484.367919921875,135.0935821533203,0.9803246259689331
1776175816514,1.0,0.0,3484.93017578125,135.3062744140625,0.9805133938789368
1776175816534,1.0,0.0,3485.60595703125,135.53192138671875,0.9806707501411438
1776175816553,1.0,0.0,3486.84716796875,135.737060546875,0.9810497760772705
1776175816573,1.0,0.0,3487.525634765625,135.9652557373047,0.9812088012695312
1776175816593,1.0,0.0,3488.091796875,136.1445770263672,0.9813995361328125
1776175816613,1.0,0.0,3488.77197265625,136.36570739746094,0.9815584421157837
1776175816633,1.0,0.0,3489.339599609375,136.5868682861328,0.9817494750022888
1776175816653,1.0,0.0,3490.59033203125,136.7783966064453,0.9820997714996338
1776175816673,1.0,0.0,3491.27392578125,136.9923553466797,0.9822593927383423
1776175816693,1.0,0.0,3491.84423828125,137.22462463378906,0.9824506640434265
1776175816713,1.0,0.0,3492.529541015625,137.4139404296875,0.9826427102088928
1776175816735,1.0,0.0,3493.101318359375,137.66017150878906,0.9828027486801147
1776175816753,1.0,0.0,3494.476318359375,137.8501739501953,0.9831556081771851
1776175816773,1.0,0.0,3495.05029296875,138.03543090820312,0.9833486676216125
1776175816793,1.0,0.0,3495.739990234375,138.25253295898438,0.9835098385810852
1776175816813,1.0,0.0,3496.3154296875,138.4673614501953,0.9837026596069336
1776175816834,1.0,0.0,3497.0068359375,138.69174194335938,0.9838963150978088
1776175816853,1.0,0.0,3498.27685546875,138.8848114013672,0.9842520356178284
1776175816873,1.0,0.0,3498.970947265625,139.096923828125,0.9844138026237488
1776175816893,1.0,0.0,3499.550048828125,139.27171325683594,0.9846080541610718
1776175816913,1.0,0.0,3500.245849609375,139.4930419921875,0.9847707748413086
1776175816934,1.0,0.0,3500.826416015625,139.69874572753906,0.984965443611145
1776175816953,1.0,0.0,3502.10595703125,139.89219665527344,0.9853232502937317
1776175816973,1.0,0.0,3502.80517578125,140.11183166503906,0.9854868054389954
1776175816993,1.0,0.0,3503.388671875,140.3274383544922,0.9856833815574646
1776175817013,1.0,0.0,3504.089599609375,140.5084228515625,0.9858797192573547
1776175817035,1.0,0.0,3504.79150390625,140.72030639648438,0.9860434532165527
1776175817053,1.0,0.0,3506.08056640625,140.9345245361328,0.986404538154602
1776175817073,1.0,0.0,3506.66748046875,141.11068725585938,0.9866026043891907
1776175817093,1.0,0.0,3507.37255859375,141.33831787109375,0.9867672324180603
1776175817113,1.0,0.0,3507.9609375,141.5417022705078,0.9869654774665833
1776175817134,1.0,0.0,3508.66796875,141.71583557128906,0.9871634840965271
1776175817153,1.0,0.0,3509.96630859375,141.9276580810547,0.9875275492668152
1776175817173,1.0,0.0,3510.67578125,142.14991760253906,0.9876931309700012
1776175817193,1.0,0.0,3511.267578125,142.335693359375,0.9878917336463928
1776175817213,1.0,0.0,3511.978759765625,142.54324340820312,0.9880584478378296
1776175817233,1.0,0.0,3512.572021484375,142.7437286376953,0.9882577061653137
1776175817253,1.0,0.0,3513.87939453125,142.91700744628906,0.9886241555213928
1776175817273,1.0,0.0,3514.59375,143.1359100341797,0.9887914061546326
1776175817293,1.0,0.0,3515.189697265625,143.34420776367188,0.9889923930168152
1776175817313,1.0,0.0,3515.90576171875,143.52072143554688,0.9891928434371948
1776175817333,1.0,0.0,3516.62255859375,143.72462463378906,0.9893607497215271
1776175817353,1.0,0.0,3517.939208984375,143.92764282226562,0.9897318482398987
1776175817374,1.0,0.0,3518.53857421875,144.10040283203125,0.9899341464042664
1776175817393,1.0,0.0,3519.2587890625,144.3179168701172,0.9901027679443359
1776175817413,1.0,0.0,3519.859619140625,144.5286407470703,0.9903058409690857
1776175817433,1.0,0.0,3520.58154296875,144.70346069335938,0.9904745817184448
1776175817453,1.0,0.0,3521.9072265625,144.90792846679688,0.9908809661865234
1776175817473,1.0,0.0,3522.631591796875,145.1058807373047,0.9910507798194885
1776175817493,1.0,0.0,3523.23583984375,145.27862548828125,0.9912543296813965
1776175817513,1.0,0.0,3523.961669921875,145.49073791503906,0.991424024105072
1776175817533,1.0,0.0,3524.5673828125,145.69793701171875,0.9916279315948486
1776175817553,1.0,0.0,3525.90185546875,145.86083984375,0.9920034408569336
1776175817574,1.0,0.0,3526.630859375,146.0535125732422,0.9921736717224121
1776175817594,1.0,0.0,3527.239013671875,146.2523651123047,0.9923785924911499
1776175817613,1.0,0.0,3527.9697265625,146.43272399902344,0.992549479007721
1776175817633,1.0,0.0,3528.5791015625,146.63658142089844,0.9927549362182617
1776175817653,1.0,0.0,3530.044677734375,146.83676147460938,0.9931319355964661
1776175817673,1.0,0.0,3530.656494140625,147.0078887939453,0.9933379888534546
1776175817693,1.0,0.0,3531.391357421875,147.21340942382812,0.9935095310211182
1776175817713,1.0,0.0,3532.00439453125,147.40455627441406,0.9937160611152649
1776175817734,1.0,0.0,3532.74072265625,147.5761260986328,0.9939226508140564
1776175817753,1.0,0.0,3534.0927734375,147.76766967773438,0.9943020939826965
1776175817773,1.0,0.0,3534.831298828125,147.95468139648438,0.9944746494293213
1776175817793,1.0,0.0,3535.447509765625,148.11932373046875,0.9946817755699158
1776175817813,1.0,0.0,3536.187744140625,148.3192596435547,0.9948553442955017
1776175817833,1.0,0.0,3536.80517578125,148.50662231445312,0.9950629472732544
1776175817853,1.0,0.0,3538.16552734375,148.677978515625,0.9954443573951721
1776175817874,1.0,0.0,3538.90869140625,148.8673095703125,0.9956178665161133
1776175817893,1.0,0.0,3539.528564453125,149.05831909179688,0.9958267211914062
1776175817913,1.0,0.0,3540.273193359375,149.21270751953125,0.9960353970527649
1776175817934,1.0,0.0,3541.0185546875,149.4024658203125,0.9962096214294434
1776175817953,1.0,0.0,3542.387451171875,149.59532165527344,0.996593713760376
1776175817973,1.0,0.0,3543.010498046875,149.75494384765625,0.9968038201332092
1776175817993,1.0,0.0,3543.7587890625,149.9497833251953,0.9969785809516907
1776175818013,1.0,0.0,3544.383056640625,150.12966918945312,0.9971895813941956
1776175818035,1.0,0.0,3545.1328125,150.2910614013672,0.9973642826080322
1776175818053,1.0,0.0,3546.509521484375,150.47808837890625,0.9977856874465942
1776175818073,1.0,0.0,3547.26171875,150.66726684570312,0.9979625344276428
1776175818093,1.0,0.0,3547.888916015625,150.81753540039062,0.9981727600097656
1776175818114,1.0,0.0,3548.642333984375,150.98646545410156,0.998350203037262
1776175818134,1.0,0.0,3549.270751953125,151.18605041503906,0.9985613822937012
1776175818153,1.0,0.0,3550.655517578125,151.3488311767578,0.9989503026008606
1776175818173,1.0,0.0,3551.412109375,151.53909301757812,0.9991271495819092
1776175818193,1.0,0.0,3552.043212890625,151.7282257080078,0.9993404150009155
1776175818213,1.0,0.0,3552.801513671875,151.88491821289062,0.9995529651641846
1776175818234,1.0,0.0,3553.560546875,152.07313537597656,0.9997369050979614
1776175818253,1.0,0.0,3554.9541015625,152.2682647705078,0.00013522460358217359
1776175818273,1.0,0.0,3555.58837890625,152.41542053222656,0.0003484548069536686
1776175818293,1.0,0.0,3556.35009765625,152.58697509765625,0.0005267990636639297
1776175818313,1.0,0.0,3556.9853515625,152.75648498535156,0.0007403786294162273
