timestamp_ms,gas,brake,distanceTraveled,speedKmh,normalizedCarPosition
1776175927873,1.0,0.0,7119.12109375,159.65293884277344,0.0009920442244037986
1776175927893,1.0,0.0,7119.9189453125,159.78807067871094,0.0011780040804296732
1776175927913,1.0,0.0,7120.583984375,159.95359802246094,0.0014027756405994296
1776175927933,1.0,0.0,7122.1826171875,160.1290740966797,0.0018139806343242526
1776175927953,1.0,0.0,7122.849609375,160.27879333496094,0.002037760568782687
1776175927973,1.0,0.0,7123.65087890625,160.44876098632812,0.0022258716635406017
1776175927993,1.0,0.0,7124.31884765625,160.6284637451172,0.002449990715831518
1776175928013,1.0,0.0,7125.12109375,160.77407836914062,0.002637933474034071
1776175928034,1.0,0.0,7126.59423828125,160.92669677734375,0.003050596918910742
1776175928056,1.0,0.0,7127.2646484375,161.09158325195312,0.003276518080383539
1776175928073,1.0,0.0,7128.06982421875,161.2447509765625,0.0035025551915168762
1776175928093,1.0,0.0,7128.87548828125,161.42405700683594,0.0036905002780258656
1776175928114,1.0,0.0,7129.54736328125,161.59332275390625,0.003916892223060131
1776175928133,1.0,0.0,7131.02783203125,161.7319793701172,0.004331913776695728
1776175928153,1.0,0.0,7131.83642578125,161.89886474609375,0.004521270282566547
1776175928174,1.0,0.0,7132.5107421875,162.07229614257812,0.0047106314450502396
1776175928193,1.0,0.0,7133.185546875,162.216552734375,0.004937771707773209
1776175928213,1.0,0.0,7133.99609375,162.38262939453125,0.005164964124560356
1776175928233,1.0,0.0,7135.4833984375,162.54266357421875,0.0055826762691140175
1776175928256,1.0,0.0,7136.2958984375,162.69895935058594,0.005810500122606754
1776175928274,1.0,0.0,7137.10888671875,162.85110473632812,0.006000588648021221
1776175928294,1.0,0.0,7137.787109375,163.02676391601562,0.0061904978938400745
1776175928314,1.0,0.0,7138.4658203125,163.1643829345703,0.006419093813747168
1776175928335,1.0,0.0,7139.96044921875,163.34120178222656,0.006838650442659855
1776175928354,1.0,0.0,7140.77685546875,163.49432373046875,0.007067902944982052
1776175928374,1.0,0.0,7141.59375,163.63818359375,0.0072967978194355965
1776175928395,1.0,0.0,7142.41162109375,163.82601928710938,0.0074879927560687065
1776175928413,1.0,0.0,7143.09375,163.96348571777344,0.007717594970017672
1776175928434,1.0,0.0,7144.595703125,164.0912322998047,0.00813903659582138
1776175928454,1.0,0.0,7145.416015625,164.24252319335938,0.00833078846335411
1776175928473,1.0,0.0,7146.10009765625,164.40411376953125,0.008561057038605213
1776175928493,1.0,0.0,7146.92138671875,164.53761291503906,0.008753477595746517
1776175928513,1.0,0.0,7147.6064453125,164.7109832763672,0.008983638137578964
1776175928533,1.0,0.0,7149.2529296875,164.87583923339844,0.00940681155771017
1776175928553,1.0,0.0,7149.93994140625,165.0293731689453,0.009638426825404167
1776175928573,1.0,0.0,7150.7646484375,165.1933135986328,0.009830961003899574
1776175928593,1.0,0.0,7151.45263671875,165.3562774658203,0.010128289461135864
1776175928613,1.0,0.0,7152.27880859375,165.48760986328125,0.010260718874633312
1776175928633,1.0,0.0,7153.794921875,165.64584350585938,0.010265299119055271
1776175928653,1.0,0.0,7154.48486328125,165.8069610595703,0.0109136663377285
1776175928674,1.0,0.0,7155.3134765625,165.94898986816406,0.011576107703149319
1776175928693,1.0,0.0,7156.142578125,166.1046142578125,0.011576107703149319
1776175928713,1.0,0.0,7156.833984375,166.2648468017578,0.011576107703149319
1776175928733,1.0,0.0,7158.35693359375,166.39743041992188,0.011998841539025307
1776175928753,1.0,0.0,7159.18896484375,166.56735229492188,0.012193148955702782
1776175928773,1.0,0.0,7159.8828125,166.72592163085938,0.01242657657712698
1776175928793,1.0,0.0,7160.7158203125,166.86288452148438,0.012621612288057804
1776175928813,1.0,0.0,7161.41064453125,167.0303955078125,0.012855423614382744
1776175928833,1.0,0.0,7163.080078125,167.20034790039062,0.01328395213931799
1776175928853,1.0,0.0,7163.7763671875,167.32647705078125,0.013518438674509525
1776175928873,1.0,0.0,7164.61279296875,167.47299194335938,0.013714083470404148
1776175928893,1.0,0.0,7165.31005859375,167.63113403320312,0.013948029838502407
1776175928913,1.0,0.0,7166.1474609375,167.7677764892578,0.014143917709589005
1776175928933,1.0,0.0,7167.6845703125,167.93287658691406,0.01457507535815239
1776175928953,1.0,0.0,7168.38427734375,168.08917236328125,0.014810068532824516
1776175928973,1.0,0.0,7169.22412109375,168.2275390625,0.015045621432363987
1776175928993,1.0,0.0,7170.06494140625,168.38027954101562,0.015241922810673714
1776175929013,1.0,0.0,7170.76611328125,168.52976989746094,0.015477863140404224
1776175929033,1.0,0.0,7172.31005859375,168.6599884033203,0.015911126509308815
1776175929053,1.0,0.0,7173.15283203125,168.80360412597656,0.016107529401779175
1776175929073,1.0,0.0,7173.85546875,168.93527221679688,0.016344059258699417
1776175929093,1.0,0.0,7174.69970703125,169.07162475585938,0.016541479155421257
1776175929113,1.0,0.0,7175.4033203125,169.24525451660156,0.016778644174337387
1776175929133,1.0,0.0,7177.09521484375,169.412841796875,0.01721412129700184
1776175929153,1.0,0.0,7177.80126953125,169.55892944335938,0.017451779916882515
1776175929173,1.0,0.0,7178.64892578125,169.72227478027344,0.017649928107857704
1776175929193,1.0,0.0,7179.35595703125,169.8754425048828,0.01788761466741562
1776175929213,1.0,0.0,7180.205078125,170.00604248046875,0.01808607205748558
1776175929233,1.0,0.0,7181.76318359375,170.15518188476562,0.018523212522268295
1776175929253,1.0,0.0,7182.47216796875,170.31735229492188,0.01876235008239746
1776175929273,1.0,0.0,7183.3232421875,170.4425811767578,0.01900080218911171
1776175929293,1.0,0.0,7184.1748046875,170.57870483398438,0.019200177863240242
1776175929313,1.0,0.0,7184.884765625,170.7254180908203,0.01943974941968918
1776175929333,1.0,0.0,7186.4482421875,170.86441040039062,0.019878773018717766
1776175929353,1.0,0.0,7187.30224609375,171.0288543701172,0.020078592002391815
1776175929373,1.0,0.0,7188.0146484375,171.1925811767578,0.020318757742643356
1776175929393,1.0,0.0,7188.8701171875,171.32176208496094,0.020518014207482338
1776175929413,1.0,0.0,7189.58349609375,171.46559143066406,0.02075900323688984
1776175929433,1.0,0.0,7191.296875,171.60992431640625,0.021199340000748634
1776175929453,1.0,0.0,7192.01171875,171.74623107910156,0.021440573036670685
1776175929473,1.0,0.0,7192.8701171875,171.89434814453125,0.02164142020046711
1776175929493,1.0,0.0,7193.5859375,172.0418243408203,0.021882135421037674
1776175929513,1.0,0.0,7194.4453125,172.17530822753906,0.022083593532443047
1776175929533,1.0,0.0,7196.02294921875,172.3311004638672,0.022525884211063385
1776175929553,1.0,0.0,7196.74072265625,172.48248291015625,0.022767189890146255
1776175929573,1.0,0.0,7197.60302734375,172.6195526123047,0.02300954796373844
1776175929593,1.0,0.0,7198.4658203125,172.76400756835938,0.02321120724081993
1776175929613,1.0,0.0,7199.185546875,172.90911865234375,0.023453151807188988
1776175929633,1.0,0.0,7200.76953125,173.0367431640625,0.023897377774119377
1776175929653,1.0,0.0,7201.63427734375,173.17672729492188,0.024099580943584442
1776175929673,1.0,0.0,7202.35546875,173.30836486816406,0.024342412129044533
1776175929693,1.0,0.0,7203.2216796875,173.43804931640625,0.024544360116124153
1776175929713,1.0,0.0,7203.94384765625,173.5856475830078,0.02478785254061222
1776175929733,1.0,0.0,7205.6787109375,173.73406982421875,0.025233900174498558
1776175929753,1.0,0.0,7206.40234375,173.86788940429688,0.025477906689047813
1776175929773,1.0,0.0,7207.271484375,174.0236358642578,0.0256809052079916
1776175929793,1.0,0.0,7207.99609375,174.16700744628906,0.025924839079380035
1776175929813,1.0,0.0,7208.8662109375,174.2722930908203,0.026128161698579788
1776175929833,1.0,0.0,7210.462890625,174.4217529296875,0.026576263830065727
1776175929853,1.0,0.0,7211.189453125,174.57717895507812,0.02682117186486721
1776175929873,0.9922000169754028,0.0,7212.06201171875,174.70278930664062,0.027066169306635857
1776175929893,0.9375,0.0,7212.93505859375,174.84127807617188,0.02727014571428299
1776175929913,0.8359500169754028,0.0,7213.6630859375,174.98028564453125,0.027515465393662453
1776175929933,0.7343499660491943,0.0,7215.26611328125,175.0885772705078,0.02796531468629837
1776175929953,0.6288999915122986,0.0,7216.1416015625,175.16580200195312,0.02816978096961975
1776175929973,0.5038999915122986,0.0,7216.87109375,175.1168212890625,0.02841567061841488
1776175929993,0.4007500112056732,0.0,7217.74658203125,175.07595825195312,0.02862042561173439
1776175930013,0.29760000109672546,0.0,7218.47607421875,175.0221710205078,0.02886579930782318
1776175930033,0.2102999985218048,0.0,7220.2255859375,174.96676635742188,0.02931591309607029
1776175930053,0.17855000495910645,0.0,7220.95458984375,174.9190216064453,0.02956141158938408
1776175930073,0.2301500141620636,0.0,7221.82861328125,174.87255859375,0.02976536937057972
1776175930093,0.31744998693466187,0.0,7222.55712890625,174.81593322753906,0.030010651797056198
1776175930113,0.40869998931884766,0.0,7223.4306640625,174.77183532714844,0.03021523915231228
1776175930133,0.5116999745368958,0.0,7225.0322265625,174.71755981445312,0.03066432848572731
1776175930153,0.6211000084877014,0.0,7225.759765625,174.65736389160156,0.030909596011042595
1776175930173,0.7148500084877014,0.0,7226.6328125,174.60879516601562,0.031154552474617958
1776175930193,0.8007999658584595,0.0,7227.505859375,174.5594482421875,0.031358446925878525
1776175930213,0.8788999915122986,0.0,7228.23291015625,174.8061065673828,0.03160328045487404
1776175930233,0.9297000169754028,0.0,7229.83349609375,175.12489318847656,0.0320524163544178
1776175930253,0.9765499830245972,0.0,7230.708984375,175.41432189941406,0.03225716948509216
1776175930273,1.0,0.0,7231.439453125,175.62039184570312,0.03250299021601677
1776175930293,1.0,0.0,7232.3173828125,175.76048278808594,0.03270842507481575
1776175930313,1.0,0.0,7233.04931640625,175.9033966064453,0.03295493870973587
1776175930333,1.0,0.0,7234.80859375,176.0441131591797,0.033406831324100494
1776175930353,1.0,0.0,7235.5419921875,176.16836547851562,0.03365328535437584
1776175930373,1.0,0.0,7236.4228515625,176.32827758789062,0.03385959938168526
1776175930393,1.0,0.0,7237.15771484375,176.48074340820312,0.03410663083195686
1776175930413,1.0,0.0,7238.0400390625,176.6090545654297,0.03431226313114166
1776175930433,1.0,0.0,7239.6591796875,176.7480010986328,0.034764520823955536
1776175930453,1.0,0.0,7240.3955078125,176.8988800048828,0.0350143127143383
1776175930473,1.0,0.0,7241.27978515625,177.02810668945312,0.03526301681995392
1776175930493,1.0,0.0,7242.16455078125,177.1715850830078,0.03546899929642677
1776175930513,1.0,0.0,7242.90234375,177.30772399902344,0.03571760281920433
1776175930533,1.0,0.0,7244.52734375,177.42784118652344,0.03617348149418831
1776175930553,1.0,0.0,7245.41455078125,177.57107543945312,0.03638032451272011
1776175930573,1.0,0.0,7246.154296875,177.7223358154297,0.03662936016917229
1776175930593,1.0,0.0,7247.04248046875,177.8515167236328,0.03683682531118393
1776175930613,1.0,0.0,7247.783203125,177.99168395996094,0.03708607703447342
1776175930633,1.0,0.0,7249.56201171875,178.12545776367188,0.037543296813964844
1776175930653,1.0,0.0,7250.30419921875,178.2443084716797,0.03779297694563866
1776175930673,1.0,0.0,7251.1953125,178.38624572753906,0.03800094127655029
1776175930693,1.0,0.0,7251.9384765625,178.53463745117188,0.03825126588344574
1776175930713,1.0,0.0,7252.83056640625,178.6600341796875,0.038459412753582
1776175930733,1.0,0.0,7254.46728515625,178.79339599609375,0.03895985707640648
1776175930753,1.0,0.0,7255.361328125,178.9342041015625,0.03916923701763153
1776175930773,1.0,0.0,7256.1064453125,179.0581817626953,0.03941935673356056
1776175930793,1.0,0.0,7257.00146484375,179.20327758789062,0.03962850198149681
1776175930813,1.0,0.0,7257.74755859375,179.3421173095703,0.03987976908683777
1776175930833,1.0,0.0,7259.390625,179.46075439453125,0.04034077003598213
1776175930853,1.0,0.0,7260.28759765625,179.59716796875,0.04054998606443405
1776175930873,1.0,0.0,7261.03564453125,179.72906494140625,0.0408022440969944
1776175930893,1.0,0.0,7261.93408203125,179.85986328125,0.041012074798345566
1776175930913,1.0,0.0,7262.68310546875,180.01065063476562,0.0412633903324604
1776175930933,1.0,0.0,7264.482421875,180.14987182617188,0.04172627627849579
1776175930953,1.0,0.0,7265.23291015625,180.27337646484375,0.041978783905506134
1776175930973,1.0,0.0,7266.1337890625,180.41749572753906,0.04218925163149834
1776175930993,1.0,0.0,7266.88525390625,180.55621337890625,0.04244202375411987
1776175931013,1.0,0.0,7267.78759765625,180.68020629882812,0.04265306890010834
1776175931033,1.0,0.0,7269.443359375,180.8146514892578,0.043159276247024536
1776175931053,1.0,0.0,7270.34716796875,180.9595947265625,0.04337077960371971
1776175931073,1.0,0.0,7271.10107421875,181.07643127441406,0.043623797595500946
1776175931093,1.0,0.0,7272.005859375,181.21856689453125,0.043835483491420746
1776175931113,1.0,0.0,7272.7607421875,181.35159301757812,0.044089630246162415
1776175931133,1.0,0.0,7274.42236328125,181.4705352783203,0.0445551797747612
1776175931153,1.0,0.0,7275.32958984375,181.61676025390625,0.04476768150925636
1776175931173,1.0,0.0,7276.0859375,181.7532958984375,0.0450223833322525
1776175931193,1.0,0.0,7276.994140625,181.8792724609375,0.045276764780282974
1776175931213,1.0,0.0,7277.9033203125,182.00730895996094,0.045489247888326645
1776175931233,1.0,0.0,7279.5712890625,182.1581573486328,0.045956969261169434
1776175931253,1.0,0.0,7280.330078125,182.2715606689453,0.04621228948235512
1776175931273,1.0,0.0,7281.2412109375,182.415771484375,0.0464252270758152
1776175931293,1.0,0.0,7282.0009765625,182.55577087402344,0.0466812364757061
1776175931313,1.0,0.0,7282.9130859375,182.6704559326172,0.04689430817961693
1776175931333,1.0,0.0,7284.58740234375,182.8088836669922,0.04740653559565544
1776175931353,1.0,0.0,7285.34912109375,182.94110107421875,0.04762046039104462
1776175931373,1.0,0.0,7286.263671875,183.0611114501953,0.04787670820951462
1776175931393,1.0,0.0,7287.1787109375,183.20237731933594,0.0480908565223217
1776175931413,1.0,0.0,7287.94189453125,183.32992553710938,0.048347797244787216
1776175931433,1.0,0.0,7289.62158203125,183.44590759277344,0.04881899431347847
1776175931453,1.0,0.0,7290.53857421875,183.58233642578125,0.0490335188806057
1776175931473,1.0,0.0,7291.30322265625,183.7294158935547,0.04929054155945778
1776175931493,1.0,0.0,7292.22119140625,183.84033203125,0.04954811930656433
1776175931513,1.0,0.0,7293.14013671875,183.9736328125,0.049762967973947525
1776175931533,1.0,0.0,7294.826171875,184.11190795898438,0.050236281007528305
1776175931553,1.0,0.0,7295.59326171875,184.2380828857422,0.05049392580986023
1776175931573,1.0,0.0,7296.51416015625,184.36488342285156,0.05070926249027252
1776175931593,1.0,0.0,7297.2822265625,184.495849609375,0.05096755921840668
1776175931613,1.0,0.0,7298.2041015625,184.62045288085938,0.05118320882320404
1776175931633,1.0,0.0,7299.8955078125,184.75701904296875,0.051700808107852936
1776175931653,1.0,0.0,7300.8193359375,184.89170837402344,0.05191681534051895
1776175931673,1.0,0.0,7301.58935546875,185.0057373046875,0.05217595025897026
1776175931693,1.0,0.0,7302.51416015625,185.13186645507812,0.052391860634088516
1776175931713,1.0,0.0,7303.28515625,185.26766967773438,0.05265126749873161
1776175931733,1.0,0.0,7304.98291015625,185.3937530517578,0.05312776938080788
1776175931753,1.0,0.0,7305.90966796875,185.5333251953125,0.05334450304508209
1776175931773,1.0,0.0,7306.6826171875,185.66697692871094,0.05360429361462593
1776175931793,1.0,0.0,7307.6103515625,185.77691650390625,0.05386419594287872
1776175931813,1.0,0.0,7308.5390625,185.91067504882812,0.0540819950401783
1776175931833,1.0,0.0,7310.24267578125,186.0399932861328,0.054559625685214996
1776175931853,1.0,0.0,7311.017578125,186.1551971435547,0.054819900542497635
1776175931873,1.0,0.0,7311.9482421875,186.3014373779297,0.05503762140870094
1776175931893,1.0,0.0,7312.72412109375,186.4392852783203,0.055298928171396255
1776175931913,1.0,0.0,7313.65576171875,186.5433807373047,0.05551690608263016
1776175931933,1.0,0.0,7315.365234375,186.68145751953125,0.05603955686092377
1776175931953,1.0,0.0,7316.29833984375,186.8167266845703,0.0562574528157711
1776175931973,1.0,0.0,7317.07666015625,186.93104553222656,0.05651957169175148
1776175931993,1.0,0.0,7318.0107421875,187.0607147216797,0.056737735867500305
1776175932013,1.0,0.0,7318.78955078125,187.18527221679688,0.056999702006578445
1776175932033,1.0,0.0,7320.50439453125,187.29725646972656,0.05748075991868973
1776175932053,1.0,0.0,7321.4404296875,187.42648315429688,0.05774363502860069
1776175932073,1.0,0.0,7322.22119140625,187.56201171875,0.057962723076343536
1776175932093,1.0,0.0,7323.15869140625,187.6874237060547,0.058225296437740326
1776175932113,1.0,0.0,7324.0966796875,187.8247833251953,0.05844501405954361
1776175932133,1.0,0.0,7325.81787109375,187.95721435546875,0.058927446603775024
1776175932153,1.0,0.0,7326.60107421875,188.08045959472656,0.05919141322374344
1776175932173,1.0,0.0,7327.54150390625,188.2147674560547,0.05941077694296837
1776175932193,1.0,0.0,7328.3251953125,188.33438110351562,0.05967457592487335
1776175932213,1.0,0.0,7329.2666015625,188.44287109375,0.05989459156990051
1776175932233,1.0,0.0,7330.99365234375,188.5760040283203,0.06042277812957764
1776175932253,1.0,0.0,7331.9365234375,188.71534729003906,0.06064342334866524
1776175932273,1.0,0.0,7332.72265625,188.825927734375,0.060907840728759766
1776175932293,1.0,0.0,7333.66650390625,188.95407104492188,0.06112825125455856
1776175932313,1.0,0.0,7334.45361328125,189.08419799804688,0.06139323115348816
1776175932333,1.0,0.0,7336.18603515625,189.18756103515625,0.06187940388917923
1776175932353,1.0,0.0,7337.1318359375,189.31494140625,0.06210015341639519
1776175932373,1.0,0.0,7337.92041015625,189.45278930664062,0.062365952879190445
1776175932393,1.0,0.0,7338.8671875,189.5607147216797,0.0626315027475357
1776175932413,1.0,0.0,7339.814453125,189.6855010986328,0.06285294890403748
1776175932433,1.0,0.0,7341.552734375,189.81121826171875,0.0633404329419136
1776175932453,1.0,0.0,7342.34326171875,189.91812133789062,0.06360635161399841
1776175932473,1.0,0.0,7343.29248046875,190.03712463378906,0.06382858753204346
1776175932493,1.0,0.0,7344.083984375,190.1645050048828,0.06409513205289841
1776175932513,1.0,0.0,7345.0341796875,190.2838592529297,0.06431709975004196
1776175932533,1.0,0.0,7346.77783203125,190.42013549804688,0.06485075503587723
1776175932553,1.0,0.0,7347.72998046875,190.5343475341797,0.06507297605276108
1776175932574,1.0,0.0,7348.5234375,190.65638732910156,0.06534014642238617
1776175932593,1.0,0.0,7349.47607421875,190.7660675048828,0.06556295603513718
1776175932613,1.0,0.0,7350.2705078125,190.89349365234375,0.06583061069250107
1776175932633,1.0,0.0,7352.01953125,191.0024871826172,0.06632108241319656
1776175932653,1.0,0.0,7352.974609375,191.14308166503906,0.06654421240091324
1776175932673,1.0,0.0,7353.77099609375,191.26515197753906,0.06681227684020996
1776175932693,1.0,0.0,7354.72705078125,191.37521362304688,0.0670805498957634
1776175932713,1.0,0.0,7355.68359375,191.5034637451172,0.06730397045612335
1776175932733,1.0,0.0,7357.4384765625,191.62130737304688,0.06779605150222778
1776175932753,1.0,0.0,7358.23681640625,191.72476196289062,0.0680650919675827
1776175932773,1.0,0.0,7359.1953125,191.84817504882812,0.06828878819942474
1776175932793,1.0,0.0,7359.994140625,191.9854278564453,0.06855752319097519
1776175932813,1.0,0.0,7360.95361328125,192.1029510498047,0.06878228485584259
1776175932834,1.0,0.0,7362.7138671875,192.22271728515625,0.06932082027196884
1776175932853,1.0,0.0,7363.6748046875,192.33909606933594,0.06954541057348251
1776175932874,1.0,0.0,7364.47607421875,192.44422912597656,0.06981483101844788
1776175932893,1.0,0.0,7365.43798828125,192.5726318359375,0.07003961503505707
1776175932913,1.0,0.0,7366.23974609375,192.69186401367188,0.07030956447124481
1776175932933,1.0,0.0,7368.00537109375,192.80535888671875,0.07080487906932831
1776175932953,1.0,0.0,7368.96923828125,192.9334716796875,0.07102998346090317
1776175932974,1.0,0.0,7369.77294921875,193.06582641601562,0.07130074501037598
1776175932993,1.0,0.0,7370.73779296875,193.1700439453125,0.0715259313583374
1776175933013,1.0,0.0,7371.54248046875,193.28219604492188,0.07179684191942215
1776175933033,1.0,0.0,7373.474609375,193.4071807861328,0.07229375839233398
1776175933053,1.0,0.0,7374.2802734375,193.52088928222656,0.07256490737199783
1776175933074,1.0,0.0,7375.24755859375,193.65713500976562,0.07278918474912643
1776175933093,1.0,0.0,7376.05419921875,193.773193359375,0.07306187599897385
1776175933113,1.0,0.0,7377.0224609375,193.87530517578125,0.07328702509403229
1776175933134,1.0,0.0,7378.798828125,193.9986114501953,0.0738319531083107
1776175933153,1.0,0.0,7379.7685546875,194.1200714111328,0.07405894249677658
1776175933174,1.0,0.0,7380.5771484375,194.22549438476562,0.07433081418275833
1776175933193,1.0,0.0,7381.5478515625,194.34262084960938,0.07455792278051376
1776175933213,1.0,0.0,7382.357421875,194.47467041015625,0.07483035326004028
1776175933233,1.0,0.0,7384.13916015625,194.581298828125,0.07533026486635208
1776175933253,1.0,0.0,7385.11181640625,194.7002410888672,0.07555723935365677
1776175933273,1.0,0.0,7385.9228515625,194.8241729736328,0.07583050429821014
1776175933293,1.0,0.0,7386.896484375,194.9308319091797,0.07610347121953964
1776175933313,1.0,0.0,7387.87060546875,195.05812072753906,0.07633163034915924
1776175933333,1.0,0.0,7389.658203125,195.1749267578125,0.0768323689699173
1776175933353,1.0,0.0,7390.47119140625,195.2657928466797,0.07710623741149902
1776175933375,1.0,0.0,7391.447265625,195.37820434570312,0.0773347020149231
1776175933393,1.0,0.0,7392.2607421875,195.51255798339844,0.07760826498270035
1776175933413,1.0,0.0,7393.23779296875,195.62039184570312,0.07783688604831696
1776175933433,1.0,0.0,7395.0302734375,195.7436981201172,0.0783853828907013
1776175933453,1.0,0.0,7396.0087890625,195.8597412109375,0.0786142647266388
1776175933474,1.0,0.0,7396.82470703125,195.9667510986328,0.07888883352279663
1776175933493,1.0,0.0,7397.80419921875,196.0741424560547,0.07911745458841324
1776175933513,1.0,0.0,7398.62060546875,196.1946563720703,0.0793924629688263
1776175933534,1.0,0.0,7400.41845703125,196.31724548339844,0.07989723235368729
1776175933553,1.0,0.0,7401.39990234375,196.42529296875,0.08012645691633224
1776175933573,1.0,0.0,7402.21826171875,196.55014038085938,0.08040180802345276
1776175933593,1.0,0.0,7403.20068359375,196.6557159423828,0.08067766577005386
1776175933613,1.0,0.0,7404.18359375,196.7678680419922,0.0809071958065033
1776175933638,1.0,0.0,7405.98681640625,196.901611328125,0.08141292631626129
1776175933653,1.0,0.0,7406.80712890625,196.9973602294922,0.08168956637382507
1776175933673,1.0,0.0,7407.7919921875,197.1138458251953,0.08191971480846405
1776175933693,1.0,0.0,7408.61279296875,197.2215118408203,0.08219604939222336
1776175933713,1.0,0.0,7409.5986328125,197.3292999267578,0.08242668956518173
1776175933734,1.0,0.0,7411.4072265625,197.44996643066406,0.08297959715127945
1776175933753,1.0,0.0,7412.39453125,197.57000732421875,0.08321082592010498
1776175933773,1.0,0.0,7413.2177734375,197.66915893554688,0.08348830044269562
1776175933793,1.0,0.0,7414.2060546875,197.78436279296875,0.08371923118829727
1776175933813,1.0,0.0,7415.02978515625,197.9049072265625,0.08399645239114761
1776175933833,1.0,0.0,7416.84326171875,198.00689697265625,0.08450555056333542
1776175933853,1.0,0.0,7417.8330078125,198.1195068359375,0.08473701775074005
1776175933874,1.0,0.0,7418.658203125,198.22784423828125,0.0850147157907486
1776175933893,1.0,0.0,7419.64892578125,198.3339385986328,0.08529286831617355
1776175933913,1.0,0.0,7420.64013671875,198.45098876953125,0.08552484214305878
1776175933933,1.0,0.0,7422.45849609375,198.5683135986328,0.08603497594594955
1776175933953,1.0,0.0,7423.28564453125,198.65115356445312,0.08631353080272675
1776175933973,1.0,0.0,7424.27880859375,198.76637268066406,0.08654585480690002
1776175933993,1.0,0.0,7425.1064453125,198.89141845703125,0.08682473003864288
1776175934013,1.0,0.0,7426.1005859375,198.9932861328125,0.0870569497346878
1776175934034,1.0,0.0,7427.92431640625,199.10714721679688,0.08761533349752426
1776175934053,1.0,0.0,7428.919921875,199.223876953125,0.08784781396389008
1776175934073,1.0,0.0,7429.75,199.33642578125,0.08812718838453293
1776175934093,1.0,0.0,7430.74658203125,199.4512481689453,0.08836039155721664
1776175934113,1.0,0.0,7431.5771484375,199.5569610595703,0.08864006400108337
1776175934134,1.0,0.0,7433.40576171875,199.652099609375,0.08915311843156815
1776175934153,1.0,0.0,7434.40380859375,199.77340698242188,0.08938651531934738
1776175934173,1.0,0.0,7435.23583984375,199.89418029785156,0.08966659754514694
1776175934193,1.0,0.0,7436.23486328125,199.99050903320312,0.08994707465171814
1776175934213,1.0,0.0,7437.234375,200.10476684570312,0.09018013626337051
1776175934233,1.0,0.0,7439.068359375,200.21371459960938,0.09069450944662094
1776175934253,1.0,0.0,7439.90234375,200.3141632080078,0.0909760370850563
1776175934274,1.0,0.0,7440.90380859375,200.42848205566406,0.09121154248714447
1776175934293,1.0,0.0,7441.73876953125,200.53468322753906,0.09149286895990372
1776175934313,1.0,0.0,7442.7412109375,200.63809204101562,0.09172511100769043
1776175934333,1.0,0.0,7444.580078125,200.75572204589844,0.09228751063346863
1776175934353,1.0,0.0,7445.583984375,200.86610412597656,0.0925222709774971
1776175934373,1.0,0.0,7446.4208984375,200.96115112304688,0.09280385076999664
1776175934393,1.0,0.0,7447.42529296875,201.0702667236328,0.09303847700357437
1776175934413,1.0,0.0,7448.2626953125,201.1755828857422,0.09332042932510376
1776175934433,1.0,0.0,7450.1064453125,201.27137756347656,0.0938376784324646
1776175934453,1.0,0.0,7451.11279296875,201.38938903808594,0.09407263249158859
1776175934473,1.0,0.0,7451.95166015625,201.5032196044922,0.09435489028692245
1776175934493,1.0,0.0,7452.958984375,201.58883666992188,0.09463746100664139
1776175934513,1.0,0.0,7453.96630859375,201.69664001464844,0.09487319737672806
1776175934534,1.0,0.0,7455.814453125,201.806396484375,0.09539148211479187
1776175934553,1.0,0.0,7456.6552734375,201.91018676757812,0.095675028860569
1776175934574,1.0,0.0,7457.66455078125,202.02377319335938,0.09591058641672134
1776175934593,1.0,0.0,7458.505859375,202.1337127685547,0.0961935967206955
1776175934613,1.0,0.0,7459.51611328125,202.2187042236328,0.09642969071865082
1776175934634,1.0,0.0,7461.369140625,202.31201171875,0.09699715673923492
1776175934653,1.0,0.0,7462.38037109375,202.4210205078125,0.0972333699464798
1776175934673,1.0,0.0,7463.2236328125,202.52748107910156,0.09751696139574051
1776175934693,1.0,0.0,7464.236328125,202.64959716796875,0.09775333851575851
1776175934713,1.0,0.0,7465.08056640625,202.7655029296875,0.0980374813079834
1776175934733,1.0,0.0,7466.9384765625,202.85415649414062,0.09855855256319046
1776175934753,1.0,0.0,7467.95263671875,202.94998168945312,0.09879610687494278
1776175934775,1.0,0.0,7468.7978515625,203.05332946777344,0.0990801751613617
1776175934793,1.0,0.0,7469.8125,203.1594696044922,0.09931721538305283
1776175934813,1.0,0.0,7470.65869140625,203.27508544921875,0.09960263222455978
1776175934833,1.0,0.0,7472.6904296875,203.38134765625,0.10012488812208176
1776175934853,1.0,0.0,7473.53759765625,203.47015380859375,0.10040995478630066
1776175934873,1.0,0.0,7474.5546875,203.5802459716797,0.10064733773469925
1776175934893,1.0,0.0,7475.40283203125,203.6956329345703,0.10093283653259277
1776175934913,1.0,0.0,7476.4208984375,203.78912353515625,0.10117066651582718
1776175934934,1.0,0.0,7478.28857421875,203.8991241455078,0.10174249112606049
1776175934953,1.0,0.0,7479.30810546875,204.0061492919922,0.10198057442903519
1776175934973,1.0,0.0,7480.15771484375,204.10031127929688,0.10226652771234512
1776175934993,1.0,0.0,7481.177734375,204.2062225341797,0.10250478237867355
1776175935013,1.0,0.0,7482.0283203125,204.31077575683594,0.10279107093811035
1776175935033,1.0,0.0,7483.900390625,204.4029541015625,0.10331790149211884
1776175935053,1.0,0.0,7484.92236328125,204.51446533203125,0.10355633497238159
1776175935074,1.0,0.0,7485.7744140625,204.62188720703125,0.10384237766265869
1776175935093,1.0,0.0,7486.796875,204.71319580078125,0.10412836074829102
1776175935113,1.0,0.0,7487.81982421875,204.82223510742188,0.10436822474002838
1776175935133,1.0,0.0,7489.69677734375,204.94264221191406,0.10489403456449509
1776175935153,1.0,0.0,7490.55078125,205.03758239746094,0.105181485414505
1776175935174,1.0,0.0,7491.57568359375,205.14212036132812,0.10542072355747223
1776175935193,1.0,0.0,7492.43017578125,205.2406463623047,0.10570873320102692
1776175935214,1.0,0.0,7493.4560546875,205.3270721435547,0.10594851523637772
1776175935233,1.0,0.0,7495.33740234375,205.44351196289062,0.1065242812037468
1776175935253,1.0,0.0,7496.3642578125,205.55250549316406,0.10676422715187073
1776175935274,1.0,0.0,7497.220703125,205.64231872558594,0.10705260187387466
1776175935293,1.0,0.0,7498.24853515625,205.75155639648438,0.10729267448186874
1776175935313,1.0,0.0,7499.10546875,205.85438537597656,0.10758146643638611
1776175935333,1.0,0.0,7500.99169921875,205.9447479248047,0.10811055451631546
1776175935353,1.0,0.0,7502.021484375,206.0510711669922,0.10835161805152893
1776175935373,1.0,0.0,7502.8798828125,206.14773559570312,0.10863985121250153
1776175935393,1.0,0.0,7503.91015625,206.2356414794922,0.10892895609140396
1776175935413,1.0,0.0,7504.94091796875,206.35580444335938,0.10917040705680847
1776175935433,1.0,0.0,7506.83203125,206.46580505371094,0.10970062017440796
1776175935453,1.0,0.0,7507.6923828125,206.55712890625,0.10999041795730591
1776175935474,1.0,0.0,7508.72509765625,206.65126037597656,0.11023174226284027
1776175935493,1.0,0.0,7509.5859375,206.75588989257812,0.11052142828702927
1776175935513,1.0,0.0,7510.619140625,206.8491973876953,0.1108107939362526
1776175935533,1.0,0.0,7512.5146484375,206.9490509033203,0.11134298145771027
1776175935553,1.0,0.0,7513.54931640625,207.04849243164062,0.11158446222543716
1776175935573,1.0,0.0,7514.41162109375,207.13194274902344,0.11187512427568436
1776175935593,1.0,0.0,7515.447265625,207.24266052246094,0.11211706697940826
1776175935613,1.0,0.0,7516.310546875,207.34979248046875,0.1124076098203659
1776175935633,1.0,0.0,7518.21044921875,207.4370574951172,0.11294038593769073
1776175935653,1.0,0.0,7519.24755859375,207.53684997558594,0.11318275332450867
1776175935674,1.0,0.0,7520.1123046875,207.62921142578125,0.11347375065088272
1776175935693,1.0,0.0,7521.14990234375,207.7128448486328,0.11376490443944931
1776175935713,1.0,0.0,7522.18798828125,207.8203887939453,0.11400777101516724
1776175935734,1.0,0.0,7524.0927734375,207.92396545410156,0.1145414337515831
1776175935753,1.0,0.0,7524.958984375,208.0111083984375,0.11483346670866013
1776175935773,1.0,0.0,7525.9990234375,208.1204833984375,0.11507805436849594
1776175935793,1.0,0.0,7526.86572265625,208.21243286132812,0.11537022143602371
1776175935813,1.0,0.0,7527.90625,208.294921875,0.11561112850904465
1776175935833,1.0,0.0,7529.8154296875,208.40318298339844,0.11619507521390915
1776175935853,1.0,0.0,7530.857421875,208.51467895507812,0.11643867194652557
1776175935874,1.0,0.0,7531.72607421875,208.61581420898438,0.11673089861869812
1776175935893,1.0,0.0,7532.7685546875,208.69053649902344,0.11697445809841156
1776175935913,1.0,0.0,7533.6376953125,208.78236389160156,0.11726736277341843
1776175935933,1.0,0.0,7535.55078125,208.8772430419922,0.11780379712581635
1776175935953,1.0,0.0,7536.59521484375,208.98651123046875,0.11804810911417007
1776175935973,1.0,0.0,7537.4658203125,209.0927734375,0.11834107339382172
1776175935993,1.0,0.0,7538.5107421875,209.1802978515625,0.11863436549901962
1776175936013,1.0,0.0,7539.55615234375,209.2816619873047,0.11887851357460022
1776175936033,1.0,0.0,7541.47412109375,209.37969970703125,0.11941636353731155
1776175936053,1.0,0.0,7542.3466796875,209.4736785888672,0.1197100281715393
1776175936074,1.0,0.0,7543.39404296875,209.57574462890625,0.11995481699705124
1776175936093,1.0,0.0,7544.26708984375,209.67343139648438,0.1202484741806984
1776175936113,1.0,0.0,7545.31494140625,209.7541046142578,0.12049310654401779
1776175936133,1.0,0.0,7547.2373046875,209.85093688964844,0.12108130007982254
1776175936153,1.0,0.0,7548.2861328125,209.94541931152344,0.12132707238197327
1776175936173,1.0,0.0,7549.16064453125,210.0357666015625,0.12162118405103683
1776175936193,1.0,0.0,7550.21044921875,210.1516876220703,0.12186671048402786
1776175936213,1.0,0.0,7551.0859375,210.2552032470703,0.12216148525476456
1776175936234,1.0,0.0,7553.0126953125,210.32887268066406,0.12270151823759079
1776175936253,1.0,0.0,7554.06396484375,210.4206085205078,0.12294715642929077
1776175936273,1.0,0.0,7554.9404296875,210.50282287597656,0.12324211001396179
1776175936293,1.0,0.0,7555.9921875,210.58045959472656,0.12353707104921341
1776175936313,1.0,0.0,7557.04443359375,210.6938934326172,0.12378313392400742
1776175936333,1.0,0.0,7558.9755859375,210.80972290039062,0.12432530522346497
1776175936353,1.0,0.0,7559.85400390625,210.907470703125,0.12462065368890762
1776175936373,1.0,0.0,7560.90869140625,211.01876831054688,0.12486693263053894
1776175936393,1.0,0.0,7561.7880859375,211.1228790283203,0.1251627802848816
1776175936413,1.0,0.0,7562.84375,211.20089721679688,0.1254107654094696
1776175936433,1.0,0.0,7564.77978515625,211.28428649902344,0.12600192427635193
1776175936453,1.0,0.0,7565.8359375,211.38143920898438,0.12624840438365936
1776175936474,1.0,0.0,7566.71630859375,211.4756622314453,0.12654489278793335
1776175936493,1.0,0.0,7567.7734375,211.572998046875,0.1267917901277542
1776175936513,1.0,0.0,7568.65478515625,211.66775512695312,0.12708857655525208
1776175936533,1.0,0.0,7570.5947265625,211.7512664794922,0.12763239443302155
1776175936553,1.0,0.0,7571.6533203125,211.84910583496094,0.12788008153438568
1776175936574,1.0,0.0,7572.5361328125,211.949951171875,0.1281774640083313
1776175936593,1.0,0.0,7573.595703125,212.02951049804688,0.12847405672073364
1776175936613,1.0,0.0,7574.65576171875,212.12582397460938,0.12872159481048584
1776175936633,1.0,0.0,7576.60009765625,212.20120239257812,0.12926648557186127
1776175936653,1.0,0.0,7577.48388671875,212.26722717285156,0.1295643299818039
1776175936674,1.0,0.0,7578.544921875,212.3519744873047,0.129812091588974
1776175936693,1.0,0.0,7579.42919921875,212.4425506591797,0.13011011481285095
1776175936713,1.0,0.0,7580.49072265625,212.53175354003906,0.13035845756530762
1776175936733,0.9804499745368958,0.0,7582.4384765625,212.6380615234375,0.130953848361969
1776175936753,0.6991999745368958,0.0,7583.50146484375,212.7369384765625,0.13120236992835999
1776175936774,0.3650500178337097,0.0,7584.3876953125,212.78431701660156,0.13150063157081604
1776175936793,0.0,0.0,7585.451171875,212.76661682128906,0.13174974918365479
1776175936813,0.0,0.0,7586.33740234375,212.69464111328125,0.13204744458198547
1776175936833,0.0,0.0,7588.287109375,212.61512756347656,0.1325945109128952
1776175936853,0.0,0.0,7589.35009765625,212.51475524902344,0.13284285366535187
1776175936874,0.0,0.0,7590.2353515625,212.4109344482422,0.13314059376716614
1776175936893,0.0,0.0,7591.29736328125,212.31491088867188,0.133438840508461
1776175936913,0.0,0.011578230187296867,7592.35888671875,212.20069885253906,0.1336868554353714
1776175936934,0.0,0.5852325558662415,7594.30419921875,212.0513153076172,0.13423220813274384
1776175936953,0.0,1.0,7595.18798828125,211.64010620117188,0.13452990353107452
1776175936974,0.0,1.0,7596.24658203125,210.95298767089844,0.13477671146392822
1776175936993,0.0,1.0,7597.12646484375,210.16136169433594,0.13507197797298431
1776175937013,0.0,1.0,7598.17919921875,209.4477081298828,0.13531780242919922
1776175937034,0.0,1.0,7600.099609375,208.5363311767578,0.13590559363365173
1776175937053,0.0,1.0,7601.1416015625,207.58998107910156,0.1361495852470398
1776175937073,0.0,1.0,7602.00732421875,206.78060913085938,0.13644050061702728
1776175937093,0.0,1.0,7603.0419921875,205.84262084960938,0.13668309152126312
1776175937113,0.0,1.0,7603.9013671875,204.94764709472656,0.13697019219398499
1776175937133,0.0,1.0,7605.7822265625,204.21173095703125,0.13749727606773376
1776175937153,0.0,1.0,7606.802734375,203.3730926513672,0.13773570954799652
1776175937174,0.0,1.0,7607.65087890625,202.50363159179688,0.13802078366279602
1776175937193,0.0,1.0,7608.6650390625,201.81024169921875,0.1383049041032791
1776175937213,0.0,1.0,7609.67578125,200.95037841796875,0.13854098320007324
1776175937233,0.0,1.0,7611.5205078125,200.09112548828125,0.13905850052833557
1776175937253,0.0,1.0,7612.35546875,199.3311767578125,0.13933786749839783
1776175937273,0.0,1.0,7613.35400390625,198.46754455566406,0.13957077264785767
1776175937293,0.0,1.0,7614.18310546875,197.496826171875,0.13984867930412292
1776175937313,0.0,1.0,7615.1748046875,196.6500701904297,0.1400805413722992
1776175937333,0.0,1.0,7616.982421875,195.6429443359375,0.14063121378421783
1776175937353,0.0,1.0,7617.96240234375,194.6231689453125,0.1408594399690628
1776175937374,0.0,1.0,7618.775390625,193.8740692138672,0.14113259315490723
1776175937393,0.0,1.0,7619.7470703125,192.97610473632812,0.14135943353176117
1776175937413,0.0,1.0,7620.55419921875,192.1097869873047,0.14162997901439667
1776175937433,0.0,1.0,7622.3193359375,191.42689514160156,0.14212337136268616
1776175937453,0.0,1.0,7623.27734375,190.643310546875,0.1423904448747635
1776175937473,0.0,1.0,7624.23193359375,189.84744262695312,0.14261294901371002
1776175937493,0.0,1.0,7625.02490234375,189.1893310546875,0.14287883043289185
1776175937513,0.0,1.0,7625.97314453125,188.45343017578125,0.1430996209383011
1776175937533,0.0,1.0,7627.703125,187.7152099609375,0.1435844749212265
1776175937553,0.0,1.0,7628.48583984375,187.07789611816406,0.1438470035791397
1776175937573,0.0,1.0,7629.42236328125,186.32937622070312,0.1440652310848236
1776175937593,0.0,1.0,7630.2001953125,185.53260803222656,0.14432689547538757
1776175937613,0.0,1.0,7631.130859375,184.84486389160156,0.14458876848220825
1776175937633,0.0,1.0,7632.828125,183.99212646484375,0.14506180584430695
1776175937653,0.0,1.0,7633.7490234375,183.08177185058594,0.14527615904808044
1776175937673,0.0,1.0,7634.51318359375,182.32151794433594,0.14553223550319672
1776175937693,0.0,1.0,7635.4267578125,181.44943237304688,0.14574578404426575
1776175937713,0.0,1.0,7636.18505859375,180.5331268310547,0.14600011706352234
1776175937734,0.0,1.0,7637.84423828125,179.7381134033203,0.1464633196592331
1776175937753,0.0,1.0,7638.74365234375,178.83958435058594,0.14667323231697083
1776175937773,0.0,1.0,7639.490234375,177.9110107421875,0.14692378044128418
1776175937793,0.0,1.0,7640.3828125,177.0959014892578,0.14717435836791992
1776175937813,0.0,1.0,7641.27099609375,176.1765594482422,0.14738129079341888
1776175937834,0.0,1.0,7642.88916015625,175.25839233398438,0.14783190190792084
1776175937853,0.0,1.0,7643.62060546875,174.5089111328125,0.1480780988931656
1776175937873,0.0,1.0,7644.49462890625,173.59202575683594,0.14828191697597504
1776175937893,0.0,1.0,7645.22021484375,172.75222778320312,0.14852522313594818
1776175937913,0.0,1.0,7646.08740234375,172.09539794921875,0.14876717329025269
1776175937933,0.0,1.0,7647.66796875,171.34674072265625,0.1492082178592682
1776175937953,0.0,1.0,7648.525390625,170.61550903320312,0.14940907061100006
1776175937973,0.0,1.0,7649.23779296875,169.9710235595703,0.1496482938528061
1776175937993,0.0,1.0,7650.08984375,169.24935913085938,0.14984595775604248
1776175938013,0.0,1.0,7650.79736328125,168.5236053466797,0.15008454024791718
1776175938033,0.0,1.0,7652.34619140625,167.8192138671875,0.1505165696144104
1776175938053,0.0,1.0,7653.18603515625,166.97100830078125,0.15075097978115082
1776175938073,0.0,1.0,7654.0224609375,166.09930419921875,0.1509469449520111
1776175938093,0.0,1.0,7654.716796875,165.33982849121094,0.15117880702018738
1776175938113,0.0,1.0,7655.54638671875,164.4344482421875,0.15137159824371338
1776175938134,0.0,1.0,7657.05712890625,163.5568084716797,0.15179453790187836
1776175938153,0.0,1.0,7657.7392578125,162.79537963867188,0.1520228385925293
1776175938173,0.0,1.0,7658.55419921875,161.86546325683594,0.15221209824085236
1776175938193,0.0,1.0,7659.23046875,160.90530395507812,0.15243969857692719
1776175938213,0.0,1.0,7660.0380859375,160.0782470703125,0.15266549587249756
1776175938233,0.0,1.0,7661.5087890625,159.0747833251953,0.15307681262493134
1776175938253,0.0,1.0,7662.30517578125,158.06710815429688,0.15326166152954102
1776175938273,0.0,1.0,7662.96533203125,157.26052856445312,0.1534833163022995
1776175938293,0.0,1.0,7663.75390625,156.36802673339844,0.15366704761981964
1776175938313,0.0,1.0,7664.408203125,155.4463348388672,0.1538882851600647
1776175938334,0.0,1.0,7665.837890625,154.51785278320312,0.15428753197193146
1776175938353,0.0,1.0,7666.6123046875,153.72731018066406,0.15450283885002136
1776175938373,0.0,1.0,7667.3828125,152.82308959960938,0.15468254685401917
1776175938393,0.0,1.0,7668.02197265625,152.03182983398438,0.1548968106508255
1776175938413,0.0,1.0,7668.78564453125,151.0912628173828,0.15507487952709198
1776175938434,0.0,1.0,7670.1748046875,150.22216796875,0.15546365082263947
1776175938453,0.0,1.0,7670.8017578125,149.5082244873047,0.15567316114902496
1776175938474,0.0,1.0,7671.55078125,148.65142822265625,0.15584787726402283
1776175938493,0.0,1.0,7672.17236328125,147.8400421142578,0.15605685114860535
1776175938513,0.0,1.0,7672.91455078125,147.18170166015625,0.15626481175422668
1776175938533,0.0,1.0,7674.2666015625,146.41650390625,0.156642884016037
1776175938553,0.0,1.0,7674.99951171875,145.60012817382812,0.15681476891040802
1776175938573,0.0,1.0,7675.607421875,144.91012573242188,0.15701915323734283
1776175938593,0.0,1.0,7676.333984375,144.11033630371094,0.15718874335289001
1776175938613,0.0,1.0,7676.9365234375,143.28147888183594,0.15739212930202484
1776175938634,0.0,1.0,7678.25390625,142.55023193359375,0.15775935351848602
1776175938653,0.0,1.0,7678.96728515625,141.65048217773438,0.15795879065990448
1776175938675,0.0,1.0,7679.6767578125,140.75411987304688,0.15812405943870544
1776175938693,0.0,1.0,7680.26513671875,140.0019989013672,0.15832291543483734
1776175938713,0.0,1.0,7680.9677734375,139.0819549560547,0.15848590433597565
1776175938733,0.0,1.0,7682.24560546875,138.19537353515625,0.15884335339069366
1776175938753,0.0,1.0,7682.822265625,137.47389221191406,0.15903927385807037
1776175938773,0.0,1.0,7683.5107421875,136.5825653076172,0.15919917821884155
1776175938794,0.0,1.0,7684.08203125,135.67013549804688,0.15939074754714966
1776175938813,0.0,1.0,7684.763671875,134.9048614501953,0.1595810204744339
1776175938833,0.0,1.0,7686.00341796875,133.98521423339844,0.1599288433790207
1776175938853,0.0,1.0,7686.67431640625,133.03567504882812,0.160084068775177
1776175938874,0.0,1.0,7687.23046875,132.12281799316406,0.1602712869644165
1776175938893,0.0,1.0,7687.89404296875,131.3150177001953,0.16042591631412506
1776175938913,0.0,1.0,7688.4443359375,130.432373046875,0.16061127185821533
1776175938934,0.0,1.0,7689.64453125,129.56578063964844,0.16094574332237244
1776175938953,0.0,1.0,7690.2939453125,128.8440704345703,0.16112737357616425
1776175938973,0.0,1.0,7690.939453125,127.99397277832031,0.16127826273441315
1776175938993,0.0,1.0,7691.474609375,127.21807861328125,0.16145746409893036
1776175939013,0.0,1.0,7692.11376953125,126.29459381103516,0.16160649061203003
1776175939034,0.0,0.9567133188247681,7693.275390625,125.42453002929688,0.1619299203157425
1776175939053,0.0,0.8093602657318115,7693.79931640625,124.68049621582031,0.1621047407388687
1776175939073,0.0,0.7247689962387085,7694.42431640625,123.88330078125,0.1622508466243744
1776175939093,0.0,0.6795321106910706,7694.9423828125,123.20977020263672,0.1624247431755066
1776175939113,0.0,0.6577082872390747,7695.56103515625,122.64493560791016,0.16259793937206268
1776175939133,0.0,0.6906412839889526,7696.68798828125,122.01179504394531,0.16291293501853943
1776175939153,0.0,0.7132585644721985,7697.298828125,121.36363983154297,0.16305473446846008
1776175939173,0.0,0.7132585644721985,7697.80615234375,120.81236267089844,0.16322576999664307
1776175939193,0.0,0.7132585644721985,7698.412109375,120.11750793457031,0.163368821144104
1776175939213,0.0,0.7247689962387085,7698.9150390625,119.45167541503906,0.16353659331798553
1776175939233,0.0,0.7483496069908142,7700.11328125,118.82291412353516,0.1638428270816803
1776175939253,0.0,0.8093602657318115,7700.60888671875,118.02654266357422,0.1640084981918335
1776175939273,0.0,0.9567133188247681,7701.2001953125,117.20516967773438,0.16414618492126465
1776175939293,0.0,1.0,7701.6904296875,116.47769165039062,0.1643112450838089
1776175939313,0.0,1.0,7702.275390625,115.63629150390625,0.1644471287727356
1776175939333,0.0,1.0,7703.337890625,114.81554412841797,0.16474437713623047
1776175939353,0.0,1.0,7703.81689453125,114.10554504394531,0.16490435600280762
1776175939374,0.0,1.0,7704.38818359375,113.30813598632812,0.1650642454624176
1776175939393,0.0,1.0,7704.9560546875,112.4805908203125,0.1651972085237503
1776175939413,0.0,1.0,7705.4267578125,111.77536010742188,0.1653558611869812
1776175939433,0.0,1.0,7706.45361328125,110.9944076538086,0.16564276814460754
1776175939453,0.0,1.0,7707.00927734375,110.10104370117188,0.16577133536338806
1776175939473,0.0,1.0,7707.46923828125,109.3856430053711,0.16592609882354736
1776175939493,0.0,1.0,7708.01806640625,108.50078582763672,0.1660543531179428
1776175939513,0.0,1.0,7708.47265625,107.55255126953125,0.16620688140392303
1776175939534,0.0,1.0,7709.552734375,106.71852111816406,0.16648374497890472
1776175939553,0.0,1.0,7709.998046875,105.71285247802734,0.16663360595703125
1776175939573,0.0,1.0,7710.52880859375,104.7042007446289,0.16675791144371033
1776175939593,0.0,1.0,7710.9677734375,103.84333038330078,0.16690494120121002
1776175939613,0.0,1.0,7711.49072265625,102.85093688964844,0.16702747344970703
1776175939633,0.0,1.0,7712.4384765625,101.92019653320312,0.16729167103767395
1776175939653,0.0,1.0,7712.86474609375,101.09795379638672,0.1674354374408722
1776175939673,0.0,1.0,7713.3720703125,100.20994567871094,0.16757574677467346
1776175939693,0.0,1.0,7713.87548828125,99.3539810180664,0.16769379377365112
1776175939713,0.0,1.0,7714.2919921875,98.66834259033203,0.16783452033996582
1776175939734,0.0,1.0,7715.19970703125,97.84379577636719,0.1680893898010254
1776175939753,0.0,1.0,7715.68994140625,97.07298278808594,0.16820336878299713
1776175939774,0.0,1.0,7716.095703125,96.29251861572266,0.16834133863449097
1776175939793,0.0,1.0,7716.57958984375,95.64430236816406,0.1684540957212448
1776175939813,0.0,1.0,7716.98046875,94.86994934082031,0.16858947277069092
1776175939834,0.0,1.0,7717.93310546875,94.04695129394531,0.16883598268032074
1776175939853,0.0,1.0,7718.32568359375,93.36309814453125,0.16896826028823853
1776175939873,0.0,1.0,7718.7939453125,92.54161071777344,0.1690782904624939
1776175939893,0.0,1.0,7719.18115234375,91.82362365722656,0.16920894384384155
1776175939913,0.0,1.0,7719.642578125,90.998046875,0.16931727528572083
1776175939933,0.0,1.0,7720.4794921875,90.10488891601562,0.16957516968250275
1776175939953,0.0,1.0,7720.9306640625,89.34563446044922,0.16968069970607758
1776175939973,0.0,1.0,7721.3037109375,88.51789855957031,0.1698082536458969
1776175939993,0.0,1.0,7721.748046875,87.63727569580078,0.16991166770458221
1776175940013,0.0,1.0,7722.11572265625,86.83052062988281,0.1700359284877777
1776175940033,0.0,1.0,7722.9150390625,85.93878173828125,0.17026084661483765
1776175940053,0.0,1.0,7723.345703125,85.08206939697266,0.1703619658946991
1776175940073,0.0,1.0,7723.70166015625,84.3370590209961,0.17048265039920807
1776175940093,0.0,1.0,7724.12548828125,83.42069244384766,0.1706029325723648
1776175940113,0.0,1.0,7724.54541015625,82.59934997558594,0.17070123553276062
1776175940133,0.0,1.0,7725.30615234375,81.85543823242188,0.17091502249240875
1776175940153,0.0,1.0,7725.64794921875,80.99481201171875,0.17103148996829987
1776175940174,0.0,1.0,7726.0546875,80.22015380859375,0.1711268573999405
1776175940193,0.0,1.0,7726.39111328125,79.56181335449219,0.1712416559457779
1776175940213,0.0,1.0,7726.79150390625,78.7098617553711,0.1713351309299469
1776175940233,0.0,1.0,7727.5166015625,77.93714141845703,0.17156122624874115
1776175940253,0.0,1.0,7727.9072265625,77.2906494140625,0.17165407538414001
1776175940273,0.0,1.0,7728.23046875,76.5790023803711,0.1717635542154312
1776175940293,0.0,1.0,7728.615234375,75.86610412597656,0.17185497283935547
1776175940314,0.0,1.0,7728.93359375,75.22821044921875,0.17196376621723175
1776175940334,0.0,1.0,7729.6259765625,74.47649383544922,0.1721625030040741
1776175940353,0.0,1.0,7729.9990234375,73.75407409667969,0.17225103080272675
1776175940374,0.0,1.0,7730.3076171875,73.12351989746094,0.17235669493675232
1776175940393,0.0,1.0,7730.6748046875,72.44365692138672,0.17246192693710327
1776175940413,0.0,1.0,7731.0390625,71.74536895751953,0.1725500375032425
1776175940433,0.0,1.0,7731.69921875,71.1099624633789,0.17273923754692078
1776175940453,0.0,1.0,7731.99609375,70.39922332763672,0.172842338681221
1776175940473,0.0,1.0,7732.34912109375,69.6685562133789,0.1729297637939453
1776175940493,0.0,1.0,7732.64111328125,69.02494812011719,0.17303049564361572
1776175940514,0.0,1.0,7732.98876953125,68.33610534667969,0.17311473190784454
1776175940533,0.0,1.0,7733.61767578125,67.66883850097656,0.17331171035766602
1776175940553,0.0,1.0,7733.95654296875,67.0252456665039,0.17339469492435455
1776175940574,0.0,1.0,7734.23681640625,66.32520294189453,0.17349082231521606
1776175940593,0.0,1.0,7734.5703125,65.66349792480469,0.17357248067855835
1776175940613,0.0,1.0,7734.845703125,64.98883056640625,0.1736682504415512
1776175940633,0.0,1.0,7735.44482421875,64.29513549804688,0.17384320497512817
1776175940653,0.0,1.0,7735.76708984375,63.64287185668945,0.173921138048172
1776175940673,0.0,0.7247689962387085,7736.03369140625,63.00625228881836,0.17401273548603058
1776175940693,0.0,0.4580742418766022,7736.3505859375,62.43616485595703,0.1741047501564026
1776175940713,0.0,0.24442484974861145,7736.6650390625,62.02088928222656,0.17418073117733002
1776175940733,0.0,0.17080825567245483,7737.23583984375,61.801692962646484,0.17434647679328918
1776175940753,0.0,0.1241873949766159,7737.49365234375,61.62676239013672,0.17443683743476868
1776175940774,0.0,0.0979321226477623,7737.802734375,61.492645263671875,0.1745121330022812
1776175940793,0.0,0.08526267111301422,7738.06005859375,61.395851135253906,0.17460250854492188
1776175940813,0.0,0.08285078406333923,7738.3681640625,61.29445266723633,0.17467696964740753
1776175940833,0.0,0.08285078406333923,7738.93212890625,61.14066696166992,0.17485660314559937
1776175940853,0.0,0.08285078406333923,7739.2392578125,60.73751449584961,0.174929678440094
1776175940873,0.0,0.08285078406333923,7739.49365234375,60.28333282470703,0.1750197857618332
1776175940893,0.0,0.08285078406333923,7739.796875,59.84199905395508,0.17509369552135468
1776175940913,0.0,0.08285078406333923,7740.0478515625,59.47977828979492,0.1751817762851715
1776175940934,0.0,0.08526267111301422,7740.5947265625,59.07365798950195,0.17534364759922028
1776175940953,0.0,0.0979321226477623,7740.89013671875,58.684024810791016,0.17541572451591492
1776175940974,0.0,0.1062031164765358,7741.134765625,58.350303649902344,0.17550015449523926
1776175940993,0.0,0.11493722349405289,7741.4267578125,57.95798873901367,0.17558595538139343
1776175941013,0.0,0.12104549258947372,7741.71728515625,57.62355041503906,0.17565490305423737
1776175941034,0.0,0.12104549258947372,7742.2451171875,57.21684646606445,0.17580793797969818
1776175941053,0.0,0.11493722349405289,7742.48291015625,56.952552795410156,0.17589201033115387
1776175941073,0.0,0.11493722349405289,7742.76708984375,56.679466247558594,0.17596139013767242
1776175941093,0.0,0.11493722349405289,7743.00341796875,56.44437026977539,0.17604419589042664
1776175941113,0.0,0.11493722349405289,7743.28564453125,56.156333923339844,0.1761125922203064
1776175941134,0.0,0.12104549258947372,7743.80126953125,55.840023040771484,0.176277756690979
1776175941153,0.0,0.1241873949766159,7744.08056640625,55.56549835205078,0.17634448409080505
1776175941173,0.0,0.12738874554634094,7744.3125,55.24375915527344,0.1764257401227951
1776175941193,0.0,0.1306924819946289,7744.58935546875,54.902347564697266,0.17649278044700623
1776175941213,0.0,0.1306924819946289,7744.8193359375,54.61101531982422,0.17657099664211273
1776175941233,0.0,0.13401572406291962,7745.3212890625,54.28290557861328,0.17671789228916168
1776175941253,0.0,0.1241873949766159,7745.59326171875,53.97989273071289,0.17678286135196686
1776175941273,0.0,0.11493722349405289,7745.81884765625,53.73637390136719,0.17686188220977783
1776175941293,0.0,0.07381204515695572,7746.08837890625,53.46923065185547,0.17694075405597687
1776175941313,0.0,0.005444121081382036,7746.3564453125,53.250823974609375,0.1770048588514328
1776175941333,0.0,0.0,7746.845703125,53.105140686035156,0.1771465539932251
1776175941353,0.0,0.0,7747.0673828125,52.94358825683594,0.17722414433956146
1776175941375,0.0,0.0,7747.33251953125,52.79508972167969,0.17728854715824127
1776175941393,0.0,0.0,7747.55322265625,52.67634963989258,0.17736470699310303
1776175941413,0.0,0.0,7747.8173828125,52.5469970703125,0.177428737282753
1776175941433,0.0,0.0,7748.30029296875,52.42081069946289,0.1775810420513153
1776175941453,0.0,0.0,7748.56298828125,52.315818786621094,0.1776454895734787
1776175941473,0.0,0.0,7748.78125,52.195465087890625,0.17772148549556732
1776175941493,0.10315001010894775,0.0,7749.04248046875,52.081703186035156,0.17778374254703522
1776175941513,0.21825000643730164,0.0,7749.259765625,52.00825119018555,0.17785927653312683
1776175941534,0.29760000109672546,0.0,7749.73681640625,51.95500183105469,0.17799872159957886
1776175941553,0.31744998693466187,0.0,7749.99658203125,51.92641830444336,0.17806139588356018
1776175941573,0.31345000863075256,0.0,7750.212890625,51.931758880615234,0.17813725769519806
1776175941593,0.27775001525878906,0.0,7750.47216796875,51.962501525878906,0.1782117784023285
1776175941613,0.24204999208450317,0.0,7750.73193359375,52.00461196899414,0.17827558517456055
1776175941633,0.2102999985218048,0.0,7751.2080078125,52.03638458251953,0.1784147471189499
1776175941653,0.18250000476837158,0.0,7751.4248046875,52.06526184082031,0.17848926782608032
1776175941673,0.16269999742507935,0.0,7751.68505859375,52.08796691894531,0.17855149507522583
1776175941693,0.15080001950263977,0.0,7751.90185546875,52.10288619995117,0.1786273568868637
1776175941713,0.14680001139640808,0.0,7752.162109375,52.11553955078125,0.17869022488594055
1776175941734,0.14285001158714294,0.0,7752.63916015625,52.124183654785156,0.17883986234664917
1776175941753,0.13885000348091125,0.0,7752.8994140625,52.13048553466797,0.178902730345726
1776175941773,0.12299999594688416,0.0,7753.11669921875,52.13425064086914,0.17897774279117584
1776175941793,0.09125000238418579,0.0,7753.376953125,52.135223388671875,0.17904047667980194
1776175941813,0.06350001692771912,0.0,7753.59423828125,52.1285514831543,0.17911526560783386
1776175941833,0.03175002336502075,0.0,7754.072265625,52.10174560546875,0.17925278842449188
1776175941853,0.0,0.0,7754.33251953125,52.04174041748047,0.17931511998176575
1776175941873,0.0,0.0,7754.54931640625,51.964019775390625,0.17938949167728424
1776175941893,0.0,0.0,7754.80908203125,51.85959243774414,0.17946463823318481
1776175941913,0.0,0.0,7755.068359375,51.75031280517578,0.1795269101858139
1776175941933,0.0,0.0,7755.54248046875,51.656002044677734,0.17966260015964508
1776175941953,0.0,0.0,7755.75732421875,51.545021057128906,0.17973600327968597
1776175941974,0.0,0.0,7756.0146484375,51.43263626098633,0.1797974556684494
1776175941993,0.0,0.0,7756.22900390625,51.33180236816406,0.17986997961997986
1776175942013,0.0,0.0,7756.48583984375,51.21311569213867,0.1799316555261612
1776175942036,0.0,0.0,7756.955078125,51.0755500793457,0.1800772100687027
1776175942053,0.0,0.0,7757.21044921875,50.9884033203125,0.18013720214366913
1776175942074,0.0,0.0,7757.4228515625,50.864139556884766,0.18020977079868317
1776175942093,0.0,0.0,7757.67724609375,50.74340057373047,0.1802704632282257
1776175942113,0.0,0.0,7757.888671875,50.638465881347656,0.1803412288427353
1776175942135,0.0,0.0,7758.35302734375,50.5161247253418,0.1804731786251068
1776175942153,0.0,0.0,7758.60546875,50.39392852783203,0.18053270876407623
1776175942173,0.0,0.0,7758.8154296875,50.29022216796875,0.18060512840747833
1776175942193,0.0,0.0,7759.06689453125,50.1693000793457,0.18067631125450134
1776175942214,0.0,0.0,7759.31787109375,50.04740905761719,0.18073582649230957
1776175942235,0.0,0.0,7759.7763671875,49.92245101928711,0.18086639046669006
1776175942253,0.0,0.0,7759.98388671875,49.81996536254883,0.18093745410442352
1776175942273,0.0,0.0,7760.232421875,49.69987106323242,0.18099530041217804
1776175942293,0.0,0.0,7760.439453125,49.59626388549805,0.1810663640499115
1776175942313,0.0,0.0,7760.68701171875,49.48050308227539,0.18112416565418243
1776175942336,0.0,0.0,7761.1396484375,49.36675262451172,0.18125322461128235
1776175942353,0.0,0.0,7761.3447265625,49.268314361572266,0.1813225895166397
1776175942373,0.0,0.0,7761.59033203125,49.154319763183594,0.18139195442199707
1776175942393,0.0,0.0,7761.83544921875,49.03718185424805,0.18144913017749786
1776175942413,0.0,0.0,7762.0390625,48.930877685546875,0.18151891231536865
1776175942433,0.0,0.0,7762.48583984375,48.80440139770508,0.18164563179016113
1776175942453,0.0,0.0,7762.728515625,48.673927307128906,0.1817028820514679
1776175942473,0.0,0.0,7762.9306640625,48.56257247924805,0.18177182972431183
1776175942494,0.0,0.0,7763.17236328125,48.44216537475586,0.1818290799856186
1776175942513,0.0,0.0,7763.37353515625,48.33159255981445,0.18189677596092224
1776175942533,0.0,0.0,7763.8544921875,48.23991775512695,0.18202301859855652
1776175942553,0.0,0.0,7764.05419921875,48.132911682128906,0.1820911169052124
1776175942573,0.0,0.0,7764.29345703125,48.02919387817383,0.18214717507362366
1776175942593,0.0,0.0,7764.49267578125,47.93894958496094,0.18221569061279297
1776175942614,0.0,0.0,7764.73095703125,47.830318450927734,0.18227216601371765
1776175942633,0.0,0.0,7765.16650390625,47.71516799926758,0.18239669501781464
1776175942653,0.0,0.0,7765.36376953125,47.60426712036133,0.182463601231575
1776175942673,0.0,0.0,7765.60009765625,47.44310760498047,0.18253132700920105
1776175942693,0.0,0.0,7765.8359375,47.27967071533203,0.18258748948574066
1776175942713,0.0,0.0,7766.0322265625,47.13505935668945,0.18265479803085327
1776175942734,0.0,0.0,7766.46240234375,46.96052551269531,0.18277785181999207
1776175942753,0.0,0.0,7766.6962890625,46.79959487915039,0.18283192813396454
1776175942773,0.0,0.0,7766.89111328125,46.6961784362793,0.18289919197559357
1776175942793,0.0,0.0,7767.12451171875,46.56932067871094,0.1829652041196823
1776175942813,0.0,0.0,7767.35791015625,46.39008331298828,0.18301942944526672
1776175942834,0.0,0.0,7767.7841796875,46.27825927734375,0.1831400841474533
1776175942853,0.03970000147819519,0.0,7767.9775390625,46.133888244628906,0.183205246925354
1776175942874,0.09525001049041748,0.0,7768.208984375,45.99618148803711,0.1832614541053772
1776175942893,0.13885000348091125,0.0,7768.4013671875,45.91899108886719,0.18332666158676147
1776175942915,0.18650001287460327,0.0,7768.6318359375,45.85136413574219,0.18338140845298767
1776175942934,0.23805001378059387,0.0,7769.052734375,45.80315399169922,0.1835126429796219
1776175942953,0.2658500075340271,0.0,7769.28173828125,45.77324295043945,0.18356655538082123
1776175942973,0.2857000231742859,0.0,7769.47265625,45.73513412475586,0.18363218009471893
1776175942993,0.29760000109672546,0.0,7769.701171875,45.65033721923828,0.18368564546108246
1776175943014,0.3015500009059906,0.0,7769.8916015625,45.6041145324707,0.18375074863433838
1776175943035,0.3015500009059906,0.0,7770.3095703125,45.58238220214844,0.1838700920343399
1776175943054,0.3015500009059906,0.0,7770.53759765625,45.51158142089844,0.18392392992973328
1776175943073,0.3015500009059906,0.0,7770.7275390625,45.487667083740234,0.18398945033550262
1776175943093,0.3095000088214874,0.0,7770.95556640625,45.50141143798828,0.18405413627624512
1776175943113,0.31744998693466187,0.0,7771.18359375,45.465579986572266,0.18410755693912506
1776175943133,0.32534998655319214,0.0,7771.6025390625,45.43425750732422,0.1842278242111206
1776175943153,0.3372499942779541,0.0,7771.79296875,45.443599700927734,0.18429213762283325
1776175943174,0.35315001010894775,0.0,7772.02197265625,45.46723556518555,0.18434643745422363
1776175943193,0.3650500178337097,0.0,7772.212890625,45.49042892456055,0.18441158533096313
1776175943213,0.36900001764297485,0.0,7772.44189453125,45.678279876708984,0.1844654530286789
1776175943233,0.36900001764297485,0.0,7772.86376953125,45.90543746948242,0.18459530174732208
1776175943253,0.36900001764297485,0.0,7773.09521484375,46.039642333984375,0.1846507042646408
1776175943274,0.36900001764297485,0.0,7773.28857421875,46.156005859375,0.1847153604030609
1776175943293,0.36900001764297485,0.0,7773.52099609375,46.287017822265625,0.18477077782154083
1776175943315,0.36900001764297485,0.0,7773.71484375,46.45528793334961,0.18483710289001465
1776175943335,0.36900001764297485,0.0,7774.14306640625,46.605079650878906,0.18495915830135345
1776175943353,0.36900001764297485,0.0,7774.37744140625,46.76724624633789,0.18501439690589905
1776175943373,0.36900001764297485,0.0,7774.5732421875,46.89623260498047,0.18508033454418182
1776175943393,0.36900001764297485,0.0,7774.80859375,47.04808807373047,0.18514834344387054
1776175943413,0.37299999594688416,0.0,7775.0439453125,47.194557189941406,0.18520605564117432
1776175943435,0.3769499957561493,0.0,7775.47705078125,47.34787368774414,0.18533094227313995
1776175943454,0.38089999556541443,0.0,7775.67431640625,47.484615325927734,0.18539786338806152
1776175943473,0.3928000032901764,0.0,7775.91162109375,47.63876724243164,0.1854555606842041
1776175943493,0.40470001101493835,0.0,7776.10986328125,47.77667999267578,0.18552446365356445
1776175943514,0.4205999970436096,0.0,7776.3486328125,47.941864013671875,0.18558132648468018
1776175943535,0.44440001249313354,0.0,7776.78759765625,48.13942337036133,0.1857178807258606
1776175943553,0.4761500060558319,0.0,7777.0283203125,48.31983947753906,0.1857772320508957
1776175943574,0.5077999830245972,0.0,7777.22998046875,48.551334381103516,0.1858457326889038
1776175943593,0.5780999660491943,0.0,7777.47265625,48.80565643310547,0.18590566515922546
1776175943614,0.6288999915122986,0.0,7777.67578125,49.03948974609375,0.18597564101219177
1776175943634,0.7070499658584595,0.0,7778.125,49.35384750366211,0.1861068159341812
1776175943653,0.8007999658584595,0.0,7778.3720703125,49.71372604370117,0.1861671656370163
1776175943674,0.8867000341415405,0.0,7778.5791015625,50.0629997253418,0.18623994290828705
1776175943693,0.9648499488830566,0.0,7778.8291015625,50.51626968383789,0.18631486594676971
1776175943713,1.0,0.0,7779.0810546875,51.01828384399414,0.1863773614168167
1776175943734,1.0,0.0,7779.54833984375,51.53607940673828,0.1865151971578598
1776175943753,1.0,0.0,7779.76318359375,51.985843658447266,0.18659506738185883
1776175943773,1.0,0.0,7780.02294921875,52.52037811279297,0.18665973842144012
1776175943793,1.0,0.0,7780.2412109375,52.99441146850586,0.18673738837242126
1776175943813,1.0,0.0,7780.50537109375,53.553428649902344,0.18680329620838165
1776175943834,1.0,0.0,7780.99560546875,54.110050201416016,0.1869644969701767
1776175943853,1.0,0.0,7781.22119140625,54.56802749633789,0.18703165650367737
1776175943873,1.0,0.0,7781.49365234375,55.0779914855957,0.1871170699596405
1776175943893,1.0,0.0,7781.7685546875,55.585323333740234,0.1871863156557083
1776175943913,1.0,0.0,7781.9990234375,56.03190231323242,0.1872718185186386
1776175943935,1.0,0.0,7782.51171875,56.562034606933594,0.18742822110652924
1776175943953,1.0,0.0,7782.79443359375,57.097259521484375,0.18751534819602966
1776175943973,1.0,0.0,7783.0791015625,57.52885055541992,0.18758949637413025
1776175943993,1.0,0.0,7783.31787109375,57.999961853027344,0.18767856061458588
1776175944013,1.0,0.0,7783.60595703125,58.48088836669922,0.18774981796741486
1776175944034,1.0,0.0,7784.1396484375,58.89643478393555,0.18791715800762177
1776175944054,1.0,0.0,7784.384765625,59.37617874145508,0.1880110800266266
1776175944073,1.0,0.0,7784.6806640625,59.84054946899414,0.18808801472187042
1776175944093,1.0,0.0,7784.9287109375,60.223731994628906,0.18817934393882751
1776175944113,1.0,0.0,7785.228515625,60.65790557861328,0.18827642500400543
1776175944134,1.0,0.0,7785.783203125,61.09680938720703,0.18844714760780334
1776175944153,1.0,0.0,7786.08837890625,61.48262023925781,0.1885284185409546
1776175944173,1.0,0.0,7786.34423828125,61.94830322265625,0.18862183392047882
1776175944193,1.0,0.0,7786.6533203125,62.41352844238281,0.1887018382549286
1776175944213,1.0,0.0,7786.912109375,62.79680633544922,0.18879888951778412
1776175944236,1.0,0.0,7787.486328125,63.28852844238281,0.1889786720275879
1776175944253,1.0,0.0,7787.80224609375,63.66548156738281,0.18907582759857178
1776175944273,1.0,0.0,7788.1201171875,64.04935455322266,0.18916010856628418
1776175944293,1.0,0.0,7788.38623046875,64.49549865722656,0.18925923109054565
1776175944313,1.0,0.0,7788.70751953125,64.93197631835938,0.18934345245361328
1776175944334,1.0,0.0,7789.30078125,65.29600524902344,0.18953286111354828
1776175944353,1.0,0.0,7789.572265625,65.70759582519531,0.18963564932346344
1776175944374,1.0,0.0,7789.89990234375,66.04522705078125,0.18972380459308624
1776175944393,1.0,0.0,7790.173828125,66.16110229492188,0.18982574343681335
1776175944413,1.0,0.0,7790.50390625,66.15682983398438,0.18993061780929565
1776175944434,0.9297000169754028,0.0,7791.10888671875,66.28997802734375,0.1901177316904068
1776175944454,0.8242000341415405,0.0,7791.439453125,66.5040512084961,0.19020582735538483
1776175944474,0.6797000169754028,0.0,7791.7158203125,66.50064849853516,0.19031202793121338
1776175944493,0.53125,0.0,7792.04833984375,66.47457885742188,0.19040299952030182
1776175944514,0.4325000047683716,0.0,7792.3251953125,66.4374771118164,0.19051073491573334
1776175944535,0.36900001764297485,0.0,7792.93359375,66.4117431640625,0.19070687890052795
1776175944553,0.3372499942779541,0.0,7793.26513671875,66.37855529785156,0.19081367552280426
1776175944573,0.31744998693466187,0.0,7793.5966796875,66.35227966308594,0.1908959597349167
1776175944593,0.3015500009059906,0.0,7793.873046875,66.31768035888672,0.1910051554441452
1776175944613,0.29360002279281616,0.0,7794.20458984375,66.2818374633789,0.1910914033651352
1776175944634,0.31744998693466187,0.0,7794.8125,66.24675750732422,0.19128356873989105
1776175944653,0.36900001764297485,0.0,7795.08837890625,66.21358489990234,0.19138869643211365
1776175944675,0.4681999981403351,0.0,7795.41943359375,66.1784896850586,0.1914798766374588
1776175944693,0.5195500254631042,0.0,7795.6953125,66.15106964111328,0.19158540666103363
1776175944713,0.5820499658584595,0.0,7796.0263671875,66.31304168701172,0.1916702538728714
1776175944734,0.625,0.0,7796.6337890625,66.73944854736328,0.1918855607509613
1776175944753,0.65625,0.0,7796.9677734375,67.13319396972656,0.19197331368923187
1776175944774,0.6836000084877014,0.0,7797.24755859375,67.61597442626953,0.19208413362503052
1776175944793,0.7304499745368958,0.0,7797.58544921875,68.12284851074219,0.19217436015605927
1776175944813,0.7695499658584595,0.0,7797.86865234375,68.55028533935547,0.19228249788284302
1776175944834,0.8047000169754028,0.0,7798.21044921875,69.01483917236328,0.1923932135105133
1776175944853,0.8359500169754028,0.0,7798.89990234375,69.42655944824219,0.19259890913963318
1776175944873,0.8593499660491943,0.0,7799.189453125,69.75164031982422,0.1927100569009781
1776175944893,0.8984500169754028,0.0,7799.53857421875,70.09456634521484,0.19280460476875305
1776175944913,0.9452999830245972,0.0,7799.83056640625,70.42649841308594,0.19291582703590393
1776175944936,1.0,0.0,7800.47607421875,70.78348541259766,0.19312526285648346
1776175944954,1.0,0.0,7800.830078125,71.11005401611328,0.19323691725730896
1776175944974,1.0,0.0,7801.185546875,71.50350189208984,0.19333435595035553
1776175944993,1.0,0.0,7801.48291015625,71.84669494628906,0.19345103204250336
1776175945013,1.0,0.0,7801.84130859375,72.24276733398438,0.19354555010795593
1776175945033,1.0,0.0,7802.14111328125,72.621337890625,0.1936611831188202
1776175945053,1.0,0.0,7802.8046875,72.92857360839844,0.1938794106245041
1776175945075,1.0,0.0,7803.16845703125,73.28662872314453,0.19397735595703125
1776175945093,1.0,0.0,7803.47265625,73.6499252319336,0.1940939724445343
1776175945113,1.0,0.0,7803.83935546875,73.96790313720703,0.1942097544670105
1776175945134,1.0,0.0,7804.20751953125,74.32862091064453,0.19430693984031677
1776175945153,1.0,0.0,7804.88671875,74.69265747070312,0.19452472031116486
1776175945173,1.0,0.0,7805.197265625,75.0055923461914,0.19464242458343506
1776175945193,1.0,0.0,7805.57177734375,75.3599853515625,0.19474318623542786
1776175945213,1.0,0.0,7805.884765625,75.71661376953125,0.19486311078071594
1776175945235,1.0,0.0,7806.26171875,76.0534439086914,0.19495895504951477
1776175945253,1.0,0.0,7806.95703125,76.34593963623047,0.19520126283168793
1776175945273,1.0,0.0,7807.33837890625,76.7037582397461,0.1953030377626419
1776175945293,1.0,0.0,7807.65771484375,77.01660919189453,0.19542457163333893
1776175945313,1.0,0.0,7808.0419921875,77.37493133544922,0.19552676379680634
1776175945333,1.0,0.0,7808.36376953125,77.7163314819336,0.19564667344093323
1776175945353,1.0,0.0,7809.07470703125,78.01346588134766,0.1958734393119812
1776175945373,1.0,0.0,7809.46484375,78.36275482177734,0.19597385823726654
1776175945393,1.0,0.0,7809.791015625,78.72193145751953,0.19609478116035461
1776175945413,1.0,0.0,7810.18359375,79.02446746826172,0.19619643688201904
1776175945434,1.0,0.0,7810.51220703125,79.35523986816406,0.19631974399089813
1776175945453,1.0,0.0,7811.3046875,79.68817901611328,0.19655179977416992
1776175945473,1.0,0.0,7811.63623046875,79.9901351928711,0.19667582213878632
1776175945493,1.0,0.0,7812.03564453125,80.33547973632812,0.19678010046482086
1776175945513,1.0,0.0,7812.36962890625,80.65991973876953,0.1969013810157776
1776175945534,1.0,0.0,7812.771484375,80.94194030761719,0.19702507555484772
1776175945553,1.0,0.0,7813.51220703125,81.28221130371094,0.19725802540779114
1776175945574,1.0,0.0,7813.91845703125,81.61626434326172,0.19736458361148834
1776175945593,1.0,0.0,7814.2578125,81.90057373046875,0.19749091565608978
1776175945613,1.0,0.0,7814.66650390625,82.2431640625,0.19759806990623474
1776175945633,1.0,0.0,7815.00830078125,82.59559631347656,0.1977248191833496
1776175945653,1.0,0.0,7815.76416015625,82.89212036132812,0.19795912504196167
1776175945673,1.0,0.0,7816.17822265625,83.2242660522461,0.1980655938386917
1776175945693,1.0,0.0,7816.5244140625,83.55221557617188,0.1981940120458603
1776175945714,1.0,0.0,7816.94140625,83.88562774658203,0.1983223706483841
1776175945735,1.0,0.0,7817.70947265625,84.2157211303711,0.1985621303319931
1776175945753,1.0,0.0,7818.13037109375,84.49291229248047,0.19866903126239777
1776175945773,1.0,0.0,7818.482421875,84.77257537841797,0.19879980385303497
1776175945793,1.0,0.0,7818.90576171875,85.11396026611328,0.19891004264354706
1776175945814,1.0,0.0,7819.259765625,85.4539794921875,0.19903892278671265
1776175945836,1.0,0.0,7819.68603515625,85.78311920166016,0.19914686679840088
1776175945853,1.0,0.0,7820.47119140625,86.05950164794922,0.19941121339797974
1776175945873,1.0,0.0,7820.9013671875,86.3865737915039,0.19952189922332764
1776175945893,1.0,0.0,7821.2607421875,86.6748046875,0.19965426623821259
1776175945913,1.0,0.0,7821.693359375,87.00363159179688,0.1997629851102829
1776175945934,1.0,0.0,7822.05517578125,87.31190490722656,0.19989505410194397
1776175945953,1.0,0.0,7822.8544921875,87.5702133178711,0.20013807713985443
1776175945974,1.0,0.0,7823.29248046875,87.88323211669922,0.20024973154067993
1776175945993,1.0,0.0,7823.658203125,88.21981811523438,0.20038297772407532
1776175946013,1.0,0.0,7824.0986328125,88.5048828125,0.20051763951778412
1776175946034,1.0,0.0,7824.54052734375,88.81952667236328,0.20062774419784546
1776175946053,1.0,0.0,7825.35400390625,89.13545989990234,0.2008744478225708
1776175946073,1.0,0.0,7825.72509765625,89.416748046875,0.20100992918014526
1776175946093,1.0,0.0,7826.171875,89.74437713623047,0.20112359523773193
1776175946114,1.0,0.0,7826.54541015625,90.0560073852539,0.20125965774059296
1776175946139,1.0,0.0,7827.3701171875,90.39860534667969,0.20150750875473022
1776175946154,1.0,0.0,7827.82177734375,90.61506652832031,0.2016441822052002
1776175946173,1.0,0.0,7828.27490234375,90.91688537597656,0.20175638794898987
1776175946193,1.0,0.0,7828.6533203125,91.17931365966797,0.2018948644399643
1776175946213,1.0,0.0,7829.1083984375,91.49442291259766,0.2020091563463211
1776175946234,1.0,0.0,7829.48876953125,91.80184173583984,0.20214514434337616
1776175946253,1.0,0.0,7830.3291015625,92.05558776855469,0.2023966908454895
1776175946273,1.0,0.0,7830.7890625,92.35414123535156,0.20251242816448212
1776175946293,1.0,0.0,7831.17333984375,92.66261291503906,0.2026464343070984
1776175946313,1.0,0.0,7831.6357421875,92.93086242675781,0.2027842253446579
1776175946333,1.0,0.0,7832.099609375,93.22968292236328,0.20290105044841766
1776175946354,1.0,0.0,7832.95361328125,93.5193862915039,0.20315517485141754
1776175946373,1.0,0.0,7833.34326171875,93.77458190917969,0.20329150557518005
1776175946393,1.0,0.0,7833.81201171875,94.0734634399414,0.2034079134464264
1776175946413,1.0,0.0,7834.20361328125,94.37544250488281,0.20354674756526947
1776175946434,1.0,0.0,7834.6748046875,94.6687240600586,0.20368728041648865
1776175946453,1.0,0.0,7835.54150390625,94.91265869140625,0.20394252240657806
1776175946473,1.0,0.0,7836.01611328125,95.20243835449219,0.2040574997663498
1776175946493,1.0,0.0,7836.41259765625,95.45854187011719,0.20419743657112122
1776175946513,1.0,0.0,7836.88916015625,95.74795532226562,0.20431333780288696
1776175946535,1.0,0.0,7837.28759765625,96.02845764160156,0.20445461571216583
1776175946554,1.0,0.0,7838.1669921875,96.26141357421875,0.20470979809761047
1776175946573,1.0,0.0,7838.6484375,96.54325103759766,0.20482881367206573
1776175946593,1.0,0.0,7839.05029296875,96.82441711425781,0.2049681544303894
1776175946613,1.0,0.0,7839.53369140625,97.06352996826172,0.2051078975200653
1776175946635,1.0,0.0,7840.0185546875,97.3447265625,0.205226868391037
1776175946653,1.0,0.0,7840.91015625,97.62140655517578,0.2054842710494995
1776175946673,1.0,0.0,7841.31689453125,97.85783386230469,0.2056233435869217
1776175946693,1.0,0.0,7841.80615234375,98.1429672241211,0.20574171841144562
1776175946713,1.0,0.0,7842.21484375,98.41886901855469,0.20588120818138123
1776175946734,1.0,0.0,7842.7060546875,98.63762664794922,0.20602482557296753
1776175946753,1.0,0.0,7843.60986328125,98.88862609863281,0.2062802016735077
1776175946775,1.0,0.0,7844.02197265625,99.16676330566406,0.2063988745212555
1776175946793,1.0,0.0,7844.517578125,99.4035415649414,0.20654137432575226
1776175946813,1.0,0.0,7845.01416015625,99.66096496582031,0.20665964484214783
1776175946834,1.0,0.0,7845.42919921875,99.9288558959961,0.20679567754268646
1776175946854,1.0,0.0,7846.3447265625,100.16275024414062,0.20705635845661163
1776175946873,1.0,0.0,7846.845703125,100.43331146240234,0.20717298984527588
1776175946893,1.0,0.0,7847.26416015625,100.69176483154297,0.20731516182422638
1776175946913,1.0,0.0,7847.76708984375,100.91011810302734,0.2074301689863205
1776175946934,1.0,0.0,7848.18701171875,101.16727447509766,0.20756860077381134
1776175946953,1.0,0.0,7849.19775390625,101.42984008789062,0.20782725512981415
1776175946973,1.0,0.0,7849.6201171875,101.6612548828125,0.20796598494052887
1776175946993,1.0,0.0,7850.12841796875,101.92438507080078,0.20808428525924683
1776175947013,1.0,0.0,7850.552734375,102.1834716796875,0.2082248479127884
1776175947034,1.0,0.0,7851.06298828125,102.43759155273438,0.2083415538072586
1776175947053,1.0,0.0,7852.0009765625,102.65872192382812,0.2086254209280014
1776175947073,1.0,0.0,7852.51416015625,102.91629791259766,0.20874086022377014
1776175947093,1.0,0.0,7852.94287109375,103.1319580078125,0.20888370275497437
1776175947113,1.0,0.0,7853.4580078125,103.3738784790039,0.2090020477771759
1776175947135,1.0,0.0,7853.88818359375,103.61917877197266,0.20914340019226074
1776175947153,1.0,0.0,7854.8369140625,103.83715057373047,0.20940335094928741
1776175947173,1.0,0.0,7855.35595703125,104.0925064086914,0.20952151715755463
1776175947193,1.0,0.0,7855.7890625,104.33084869384766,0.2096644788980484
1776175947213,1.0,0.0,7856.31005859375,104.52297973632812,0.20980748534202576
1776175947233,1.0,0.0,7856.83203125,104.75357055664062,0.2099270224571228
1776175947253,1.0,0.0,7857.791015625,105.00540924072266,0.2101900726556778
1776175947273,1.0,0.0,7858.22802734375,105.20929718017578,0.21033471822738647
1776175947293,1.0,0.0,7858.75341796875,105.42337036132812,0.21045534312725067
1776175947313,1.0,0.0,7859.19189453125,105.65475463867188,0.21059958636760712
1776175947335,1.0,0.0,7859.71923828125,105.88677215576172,0.21074412763118744
1776175947353,1.0,0.0,7860.6884765625,106.08577728271484,0.21101167798042297
1776175947373,1.0,0.0,7861.21875,106.33086395263672,0.2111324816942215
1776175947393,1.0,0.0,7861.6611328125,106.51778411865234,0.21128013730049133
1776175947413,1.0,0.0,7862.19287109375,106.7426528930664,0.21140091121196747
1776175947434,1.0,0.0,7862.63671875,106.96990966796875,0.2115476131439209
1776175947454,1.0,0.0,7863.61572265625,107.14741516113281,0.21181564033031464
1776175947473,1.0,0.0,7864.15087890625,107.35861206054688,0.21196343004703522
1776175947493,1.0,0.0,7864.68701171875,107.58309173583984,0.2120850682258606
1776175947513,1.0,0.0,7865.13427734375,107.77322387695312,0.2122342884540558
1776175947535,1.0,0.0,7865.67236328125,107.97875213623047,0.21235646307468414
1776175947554,1.0,0.0,7866.66064453125,108.17242431640625,0.21262980997562408
1776175947574,1.0,0.0,7867.11083984375,108.34478759765625,0.21277712285518646
1776175947593,1.0,0.0,7867.65185546875,108.54780578613281,0.2129017412662506
1776175947616,1.0,0.0,7868.103515625,108.75772094726562,0.21305203437805176
1776175947634,1.0,0.0,7868.64599609375,108.94075012207031,0.21317581832408905
1776175947653,1.0,0.0,7869.64306640625,109.15518951416016,0.21347418427467346
1776175947673,1.0,0.0,7870.18798828125,109.35492706298828,0.21359926462173462
1776175947693,1.0,0.0,7870.64306640625,109.51505279541016,0.21375121176242828
1776175947713,1.0,0.0,7871.189453125,109.70704650878906,0.21387602388858795
1776175947734,1.0,0.0,7871.6455078125,109.89652252197266,0.2140262871980667
1776175947753,1.0,0.0,7872.65087890625,110.05630493164062,0.21430230140686035
1776175947773,1.0,0.0,7873.20068359375,110.24291229248047,0.21445439755916595
1776175947793,1.0,0.0,7873.7509765625,110.43195343017578,0.21457955241203308
1776175947813,1.0,0.0,7874.21044921875,110.59114837646484,0.2147303968667984
1776175947833,1.0,0.0,7874.7626953125,110.77806854248047,0.21485650539398193
1776175947853,0.9648499488830566,0.0,7875.77734375,110.97830963134766,0.21513663232326508
1776175947873,0.84375,0.0,7876.23974609375,111.14291381835938,0.2152891457080841
1776175947893,0.6484500169754028,0.0,7876.794921875,111.29438018798828,0.21541690826416016
1776175947913,0.41659998893737793,0.0,7877.25830078125,111.40917205810547,0.21556973457336426
1776175947934,0.10715001821517944,0.0,7877.81494140625,111.4571304321289,0.21569721400737762
1776175947954,0.0,0.0,7878.83544921875,111.41690826416016,0.2160029262304306
1776175947973,0.0,0.0,7879.39208984375,111.29541778564453,0.2161293923854828
1776175947993,0.0,0.0,7879.85546875,111.15960693359375,0.21628129482269287
1776175948013,0.0,0.0,7880.41064453125,110.9901123046875,0.2164091318845749
1776175948034,0.0,0.0,7880.87255859375,110.81378936767578,0.21655994653701782
1776175948053,0.0,0.0,7881.88720703125,110.65025329589844,0.21683946251869202
1776175948074,0.0,0.0,7882.439453125,110.45919036865234,0.21696627140045166
1776175948093,0.0,0.0,7882.8994140625,110.27680206298828,0.21711593866348267
1776175948113,0.0,0.0,7883.45068359375,110.12457275390625,0.21726703643798828
1776175948134,0.0,0.0,7884.0009765625,109.94282531738281,0.21739421784877777
1776175948153,0.0,1.4439866390603129e-05,7885.0078125,109.76039123535156,0.21767088770866394
1776175948174,0.0,0.0014128185575827956,7885.46484375,109.60359954833984,0.21782024204730988
1776175948193,0.0,0.005779007915407419,7886.0126953125,109.41838836669922,0.21794530749320984
1776175948214,0.0,0.011025317013263702,7886.46875,109.23189544677734,0.21809624135494232
1776175948235,0.0,0.011025317013263702,7887.01513671875,109.04212188720703,0.2182454913854599
1776175948254,0.0,0.007256342563778162,7888.015625,108.87451934814453,0.2185187041759491
1776175948273,0.0,0.0034974997397512197,7888.56005859375,108.67993927001953,0.2186441868543625
1776175948293,0.0,0.001668585347943008,7889.01318359375,108.52153778076172,0.21879258751869202
1776175948313,0.0,0.000664277991745621,7889.55615234375,108.33391571044922,0.21891750395298004
1776175948333,0.0,0.0004262446309439838,7890.0078125,108.1461410522461,0.219064861536026
1776175948353,0.0,0.00037848021020181477,7891.0,107.98507690429688,0.2193366289138794
1776175948373,0.0,0.0005969975609332323,7891.5400390625,107.80006408691406,0.21946056187152863
1776175948393,0.0,0.0009866643231362104,7891.9892578125,107.60736083984375,0.21960696578025818
1776175948413,0.0,0.0012949146330356598,7892.52783203125,107.43750762939453,0.21975426375865936
1776175948434,0.0,0.001810308312997222,7893.0654296875,107.23971557617188,0.2198765128850937
1776175948453,0.0,0.00228431960567832,7894.048828125,107.0426025390625,0.22014601528644562
1776175948473,0.0,0.0024600743781775236,7894.4951171875,106.87007904052734,0.2202923744916916
1776175948493,0.0,0.0024600743781775236,7895.02978515625,106.662841796875,0.22041456401348114
1776175948513,0.0,0.0026479684747755527,7895.474609375,106.45685577392578,0.2205616682767868
1776175948534,0.0,0.0028436467982828617,7896.0078125,106.27822875976562,0.22068066895008087
1776175948553,0.0,0.003269399981945753,7896.982421875,106.07063293457031,0.220971941947937
1776175948573,0.0,0.003737070132046938,7897.51318359375,105.8585205078125,0.22109319269657135
1776175948593,0.0,0.003991731908172369,7897.95458984375,105.67465209960938,0.2212376892566681
1776175948613,0.0,0.004824841860681772,7898.4833984375,105.4642562866211,0.221358522772789
1776175948636,0.0,0.004824841860681772,7899.45068359375,105.22075653076172,0.22162161767482758
1776175948654,0.0,0.005127621348947287,7899.88916015625,105.07000732421875,0.22176599502563477
1776175948673,0.0,0.005127621348947287,7900.41455078125,104.86073303222656,0.2219102382659912
1776175948693,0.0,0.005444121081382036,7900.8515625,104.64813232421875,0.22202883660793304
1776175948713,0.0,0.005779007915407419,7901.37548828125,104.4702377319336,0.22217297554016113
1776175948734,0.0,0.005779007915407419,7901.8984375,104.25959777832031,0.22229163348674774
1776175948755,0.0,0.007256342563778162,7902.8544921875,104.05524444580078,0.22255228459835052
1776175948773,0.0,0.008534903638064861,7903.2880859375,103.87657928466797,0.22269420325756073
1776175948793,0.0,0.011025317013263702,7903.8076171875,103.66304779052734,0.22281193733215332
1776175948814,0.0,0.016791880130767822,7904.23974609375,103.44804382324219,0.2229541391134262
1776175948834,0.0,0.023551534861326218,7904.7578125,103.23016357421875,0.22307145595550537
1776175948853,0.0,0.03094778023660183,7905.705078125,103.0385971069336,0.2233547866344452
1776175948873,0.0,0.03852551430463791,7906.220703125,102.8136978149414,0.22347214818000793
1776175948893,0.0,0.041335735470056534,7906.6494140625,102.62178039550781,0.22361356019973755
1776175948913,0.0,0.042786601930856705,7907.1630859375,102.39105224609375,0.2237292379140854
1776175948935,0.0,0.044274505227804184,7908.10205078125,102.15685272216797,0.22398388385772705
1776175948953,0.0,0.044274505227804184,7908.52783203125,101.96033477783203,0.22412480413913727
1776175948973,0.0,0.044274505227804184,7909.03759765625,101.73978424072266,0.2242404818534851
1776175948993,0.0,0.04581960290670395,7909.46142578125,101.51903533935547,0.22437912225723267
1776175949014,0.0,0.047383863478899,7909.96923828125,101.29010772705078,0.22449348866939545
1776175949035,0.0,0.047383863478899,7910.3916015625,101.05825805664062,0.22463330626487732
1776175949054,0.0,0.047383863478899,7911.40283203125,100.8546371459961,0.2248838245868683
1776175949075,0.0,0.047383863478899,7911.8232421875,100.61966705322266,0.22502095997333527
1776175949093,0.0,0.047383863478899,7912.32666015625,100.41167449951172,0.22513405978679657
1776175949114,0.0,0.047383863478899,7912.7451171875,100.17338562011719,0.2252711057662964
1776175949134,0.0,0.047383863478899,7913.24658203125,99.9365234375,0.225385382771492
1776175949153,0.0,0.047383863478899,7914.1630859375,99.73087310791016,0.22565622627735138
1776175949174,0.0,0.047383863478899,7914.66162109375,99.49201202392578,0.22576904296875
1776175949193,0.0,0.047383863478899,7915.07666015625,99.28193664550781,0.22590383887290955
1776175949216,0.0,0.047383863478899,7915.57373046875,99.00245666503906,0.22601623833179474
1776175949235,0.0,0.047383863478899,7916.48193359375,98.79930114746094,0.22626014053821564
1776175949255,0.0,0.04581960290670395,7916.8935546875,98.57193756103516,0.22639302909374237
1776175949273,0.0,0.039903633296489716,7917.38671875,98.37024688720703,0.22652773559093475
1776175949293,0.0,0.034584492444992065,7917.87890625,98.12745666503906,0.22663839161396027
1776175949313,0.0,0.03212214261293411,7918.2880859375,97.93307495117188,0.22677026689052582
1776175949335,0.0,0.029790978878736496,7918.7783203125,97.69088745117188,0.22688135504722595
1776175949353,0.0,0.029790978878736496,7919.6748046875,97.51062774658203,0.22712166607379913
1776175949375,0.0,0.03332889452576637,7920.0810546875,97.2861557006836,0.2272525131702423
1776175949393,0.0,0.03716587647795677,7920.56787109375,97.091552734375,0.22736339271068573
1776175949413,0.0,0.039903633296489716,7920.97265625,96.87540435791016,0.22749339044094086
1776175949435,0.0,0.041335735470056534,7921.45751953125,96.66157531738281,0.2276238054037094
1776175949453,0.0,0.041335735470056534,7922.3447265625,96.47138977050781,0.2278633713722229
1776175949474,0.0,0.041335735470056534,7922.8271484375,96.24007415771484,0.22797046601772308
1776175949493,0.0,0.041335735470056534,7923.228515625,96.04418182373047,0.22809898853302002
1776175949513,0.0,0.042786601930856705,7923.708984375,95.81903076171875,0.2282046526670456
1776175949534,0.0,0.047383863478899,7924.10888671875,95.59622192382812,0.2283346801996231
1776175949553,0.0,0.054057586938142776,7924.986328125,95.40542602539062,0.22857052087783813
1776175949574,0.0,0.06142096966505051,7925.46337890625,95.17406463623047,0.2286970466375351
1776175949593,0.0,0.06739471852779388,7925.8603515625,94.92729187011719,0.22880570590496063
1776175949613,0.0,0.06739471852779388,7926.33544921875,94.71119689941406,0.22892962396144867
1776175949634,0.0,0.06739471852779388,7926.8095703125,94.46836853027344,0.2290361523628235
1776175949653,0.0,0.06739471852779388,7927.67578125,94.22871398925781,0.2292664796113968
1776175949673,0.0,0.06739471852779388,7928.068359375,94.01930236816406,0.2293945699930191
1776175949693,0.0,0.06946864724159241,7928.53857421875,93.76311492919922,0.22949635982513428
1776175949713,0.0,0.06946864724159241,7928.9296875,93.50565338134766,0.2296236902475357
1776175949734,0.0,0.06946864724159241,7929.39794921875,93.28655242919922,0.22974804043769836
1776175949753,0.0,0.06536661088466644,7930.25390625,93.03900146484375,0.22997891902923584
1776175949773,0.0,0.0633588433265686,7930.71923828125,92.7859878540039,0.23008310794830322
1776175949793,0.0,0.0633588433265686,7931.10595703125,92.57306671142578,0.23020707070827484
1776175949813,0.0,0.06142096966505051,7931.5693359375,92.3249740600586,0.23030920326709747
1776175949834,0.0,0.059503260999917984,7931.95458984375,92.07666778564453,0.2304355800151825
1776175949853,0.0,0.05584537237882614,7932.7998046875,91.86974334716797,0.23066212236881256
1776175949873,0.0,0.052333734929561615,7933.25927734375,91.62869262695312,0.23076507449150085
1776175949893,0.0,0.047383863478899,7933.6416015625,91.39363861083984,0.23088990151882172
1776175949913,0.0,0.047383863478899,7934.09912109375,91.18984985351562,0.23101183772087097
1776175949934,0.0,0.042786601930856705,7934.5556640625,90.95428466796875,0.231115460395813
1776175949953,0.0,0.03716587647795677,7935.39013671875,90.72653198242188,0.231340229511261
1776175949973,0.0,0.03212214261293411,7935.7685546875,90.5416030883789,0.23146329820156097
1776175949993,0.0,0.026536842808127403,7936.14599609375,90.32441711425781,0.23156502842903137
1776175950013,0.0,0.022617517039179802,7936.59814453125,90.1122055053711,0.2316877394914627
1776175950033,0.0,0.018329313024878502,7937.04931640625,89.9327163696289,0.2318083494901657
1776175950053,0.0,0.014670299366116524,7937.8740234375,89.73058319091797,0.23203018307685852
1776175950074,0.0,0.011025317013263702,7938.248046875,89.53050231933594,0.23213058710098267
1776175950093,0.0,0.008534903638064861,7938.69580078125,89.35262298583984,0.23222985863685608
1776175950114,0.0,0.005779007915407419,7939.068359375,89.15494537353516,0.23235076665878296
1776175950134,0.0,0.003991731908172369,7939.5146484375,88.96508026123047,0.23247168958187103
1776175950153,0.0,0.0028436467982828617,7940.33056640625,88.80276489257812,0.2326878309249878
1776175950174,0.0,0.0015367991290986538,7940.7744140625,88.61054229736328,0.23280824720859528
1776175950193,0.0,0.00037848021020181477,7941.2177734375,88.41637420654297,0.2329067885875702
1776175950214,0.0,7.869197133913985e-07,7941.58642578125,88.25419616699219,0.2330266237258911
1776175950234,0.0,0.0,7942.02783203125,88.06613159179688,0.2331245094537735
1776175950253,0.0,0.0,7942.8349609375,87.87691497802734,0.2333410233259201
1776175950273,0.0,0.0,7943.201171875,87.70592498779297,0.23345699906349182
1776175950293,0.0,0.0,7943.6396484375,87.50810241699219,0.23355501890182495
1776175950313,0.0,0.0,7944.00439453125,87.30887603759766,0.23367057740688324
1776175950334,0.0,0.0,7944.44140625,87.10990142822266,0.23378583788871765
1776175950353,0.0,0.0,7945.240234375,86.94178009033203,0.23400144279003143
1776175950373,0.0,0.0,7945.6748046875,86.7377700805664,0.23409540951251984
1776175950393,0.0,0.0,7946.03662109375,86.56303405761719,0.23421214520931244
1776175950413,0.0,0.0,7946.4697265625,86.35454559326172,0.23430918157100677
1776175950437,0.0,0.0,7946.830078125,86.15474700927734,0.23442226648330688
1776175950454,0.0,0.0,7947.62060546875,85.98576354980469,0.23463498055934906
1776175950475,0.0,0.0,7948.05078125,85.7588882446289,0.23474788665771484
1776175950494,0.0,0.0,7948.47998046875,85.58776092529297,0.2348467856645584
1776175950514,0.0,0.0,7948.8369140625,85.41636657714844,0.2349545955657959
1776175950535,0.0,0.0,7949.2646484375,85.19441986083984,0.23505942523479462
1776175950553,0.0,0.0,7950.0458984375,85.03419494628906,0.2352607697248459
1776175950573,0.0,0.0,7950.400390625,84.86891174316406,0.23537522554397583
1776175950593,0.0,0.0,7950.82470703125,84.67405700683594,0.23546704649925232
1776175950613,0.0,0.0,7951.177734375,84.48204803466797,0.2355804741382599
1776175950634,0.0,0.0,7951.6005859375,84.32791900634766,0.23569355905056
1776175950653,0.0,0.0,7952.37353515625,84.14088439941406,0.2358965277671814
1776175950674,0.0,0.0,7952.7939453125,83.94766998291016,0.23599356412887573
1776175950693,0.0,0.0,7953.14404296875,83.78202056884766,0.2361077219247818
1776175950713,0.04365000128746033,0.0,7953.56298828125,83.58695220947266,0.23619814217090607
1776175950735,0.08330002427101135,0.0,7953.91162109375,83.40721130371094,0.23630937933921814
1776175950753,0.11904999613761902,0.0,7954.67626953125,83.26201629638672,0.23651131987571716
1776175950773,0.14680001139640808,0.0,7955.09228515625,83.09913635253906,0.2366224080324173
1776175950793,0.1746000051498413,0.0,7955.5078125,82.94468688964844,0.23671633005142212
1776175950813,0.19840002059936523,0.0,7955.853515625,82.8206558227539,0.23682399094104767
1776175950834,0.2102999985218048,0.0,7956.26806640625,82.67898559570312,0.23691923916339874
1776175950853,0.21424999833106995,0.0,7957.0263671875,82.54415130615234,0.23712028563022614
1776175950874,0.21424999833106995,0.0,7957.37060546875,82.4333724975586,0.23723137378692627
1776175950893,0.19840002059936523,0.0,7957.78271484375,82.30658721923828,0.23732426762580872
1776175950913,0.18250000476837158,0.0,7958.1259765625,82.19210052490234,0.23743115365505219
1776175950934,0.17059999704360962,0.0,7958.537109375,82.09497833251953,0.23753930628299713
1776175950953,0.16664999723434448,0.0,7959.28955078125,81.99016571044922,0.23774012923240662
1776175950973,0.16664999723434448,0.0,7959.69921875,81.88494110107422,0.2378343790769577
1776175950993,0.16664999723434448,0.0,7960.04052734375,81.80414581298828,0.23794186115264893
1776175951013,0.18250000476837158,0.0,7960.44970703125,81.7153549194336,0.23803269863128662
1776175951036,0.21424999833106995,0.0,7961.19873046875,81.62664794921875,0.23823203146457672
1776175951053,0.25394999980926514,0.0,7961.53857421875,81.55267333984375,0.23834237456321716
1776175951073,0.33329999446868896,0.0,7961.9462890625,81.47355651855469,0.23845353722572327
1776175951093,0.44440001249313354,0.0,7962.353515625,81.42332458496094,0.23854310810565948
1776175951113,0.5273500084877014,0.0,7962.69287109375,81.41327667236328,0.2386515587568283
1776175951134,0.625,0.0,7963.10009765625,81.45110321044922,0.23874586820602417
1776175951153,0.7226499915122986,0.0,7963.8466796875,81.544189453125,0.23894424736499786
1776175951173,0.7851499915122986,0.0,7964.1865234375,81.67700958251953,0.2390516847372055
1776175951193,0.8515499830245972,0.0,7964.5947265625,81.87108612060547,0.23916245996952057
1776175951213,0.9257999658584595,0.0,7965.00390625,82.10186004638672,0.239254429936409
1776175951235,0.9922000169754028,0.0,7965.34521484375,82.37268829345703,0.23936450481414795
1776175951253,1.0,0.0,7966.09912109375,82.637451171875,0.23956628143787384
1776175951273,1.0,0.0,7966.51220703125,82.95974731445312,0.23965708911418915
1776175951293,1.0,0.0,7966.857421875,83.2230224609375,0.23976890742778778
1776175951313,1.0,0.0,7967.27294921875,83.5385971069336,0.23986484110355377
1776175951334,1.0,0.0,7967.6201171875,83.8614273071289,0.23997940123081207
1776175951353,1.0,0.0,7968.38720703125,84.14045715332031,0.2401873618364334
1776175951374,1.0,0.0,7968.8076171875,84.46460723876953,0.24029560387134552
1776175951393,1.0,0.0,7969.2294921875,84.80329895019531,0.24039074778556824
1776175951413,1.0,0.0,7969.58203125,85.10044860839844,0.24048760533332825
1776175951434,1.0,0.0,7969.935546875,85.43083953857422,0.24060356616973877
1776175951453,1.0,0.0,7970.7880859375,85.75054168701172,0.24081555008888245
1776175951473,1.0,0.0,7971.14501953125,86.02395629882812,0.24093081057071686
1776175951493,1.0,0.0,7971.57421875,86.35086822509766,0.2410251498222351
1776175951513,1.0,0.0,7971.93310546875,86.68602752685547,0.2411431223154068
1776175951534,1.0,0.0,7972.365234375,87.00825500488281,0.24126264452934265
1776175951553,1.0,0.0,7973.16064453125,87.27470397949219,0.2414790391921997
1776175951573,1.0,0.0,7973.59619140625,87.59040832519531,0.24157992005348206
1776175951593,1.0,0.0,7973.96044921875,87.8573989868164,0.2416982501745224
1776175951613,1.0,0.0,7974.39892578125,88.17153930664062,0.24179671704769135
1776175951634,1.0,0.0,7974.76513671875,88.49459075927734,0.24191878736019135
1776175951653,1.0,0.0,7975.57470703125,88.7768783569336,0.2421375811100006
1776175951674,1.0,0.0,7976.01806640625,89.0969009399414,0.24226047098636627
1776175951693,1.0,0.0,7976.462890625,89.40123748779297,0.24236059188842773
1776175951714,1.0,0.0,7976.83447265625,89.67012786865234,0.2424839287996292
1776175951735,1.0,0.0,7977.28173828125,89.98788452148438,0.24258601665496826
1776175951753,1.0,0.0,7978.10498046875,90.29185485839844,0.2428111582994461
1776175951773,1.0,0.0,7978.48046875,90.53984832763672,0.24293744564056396
1776175951793,1.0,0.0,7978.93212890625,90.82359313964844,0.2430386245250702
1776175951813,1.0,0.0,7979.3095703125,91.12370300292969,0.24316322803497314
1776175951834,1.0,0.0,7979.763671875,91.3757553100586,0.24328725039958954
1776175951854,1.0,0.0,7980.599609375,91.66131591796875,0.24351747334003448
1776175951873,1.0,0.0,7981.0576171875,91.94976043701172,0.2436210662126541
1776175951893,1.0,0.0,7981.43994140625,92.20188903808594,0.2437463402748108
1776175951913,1.0,0.0,7981.89990234375,92.48950958251953,0.24385397136211395
1776175951934,1.0,0.0,7982.2841796875,92.78276824951172,0.24397969245910645
1776175951953,1.0,0.0,7983.1328125,93.03032684326172,0.24421250820159912
1776175951973,1.0,0.0,7983.59716796875,93.30059051513672,0.24434059858322144
1776175951993,1.0,0.0,7984.06298828125,93.56879425048828,0.24444635212421417
1776175952013,1.0,0.0,7984.4521484375,93.7968978881836,0.24457448720932007
1776175952034,1.0,0.0,7984.919921875,94.06695556640625,0.24468283355236053
1776175952053,1.0,0.0,7985.7802734375,94.33335876464844,0.24491892755031586
1776175952073,1.0,0.0,7986.1728515625,94.55658721923828,0.24504682421684265
1776175952093,1.0,0.0,7986.64501953125,94.81539916992188,0.24517810344696045
1776175952113,1.0,0.0,7987.1181640625,95.06414031982422,0.24528448283672333
1776175952134,1.0,0.0,7987.51318359375,95.30362701416016,0.24541659653186798
1776175952153,1.0,0.0,7988.38525390625,95.51397705078125,0.24565887451171875
1776175952173,1.0,0.0,7988.8623046875,95.76134490966797,0.24576692283153534
1776175952193,1.0,0.0,7989.2607421875,95.96968841552734,0.24589741230010986
1776175952214,1.0,0.0,7989.73974609375,96.21694946289062,0.24601143598556519
1776175952234,1.0,0.0,7990.14013671875,96.46511840820312,0.24614237248897552
1776175952253,1.0,0.0,7991.02294921875,96.66804504394531,0.24638475477695465
1776175952273,1.0,0.0,7991.505859375,96.88993835449219,0.2465173304080963
1776175952293,1.0,0.0,7991.98974609375,97.12218475341797,0.2466321885585785
1776175952313,1.0,0.0,7992.3935546875,97.32212829589844,0.24676434695720673
1776175952334,1.0,0.0,7992.87939453125,97.53662109375,0.2468758076429367
1776175952353,1.0,0.0,7993.77197265625,97.71723175048828,0.24712151288986206
1776175952373,1.0,0.0,7994.1787109375,97.87641906738281,0.24725693464279175
1776175952393,1.0,0.0,7994.66748046875,98.07128143310547,0.24736998975276947
1776175952413,1.0,0.0,7995.0751953125,98.27345275878906,0.24750709533691406
1776175952434,1.0,0.0,7995.5654296875,98.44029998779297,0.24764160811901093
1776175952453,1.0,0.0,7996.466796875,98.64029693603516,0.24789123237133026
1776175952473,1.0,0.0,7996.95947265625,98.86190032958984,0.24800416827201843
1776175952493,1.0,0.0,7997.37109375,99.0452880859375,0.24814188480377197
1776175952513,1.0,0.0,7997.86572265625,99.24494171142578,0.2482551634311676
1776175952534,1.0,0.0,7998.2783203125,99.46188354492188,0.24839244782924652
1776175952553,1.0,0.0,7999.1884765625,99.62149047851562,0.24864572286605835
1776175952573,1.0,0.0,7999.68603515625,99.79291534423828,0.24878329038619995
1776175952593,1.0,0.0,8000.18408203125,99.9760971069336,0.2488979548215866
1776175952614,1.0,0.0,8000.599609375,100.11734771728516,0.24903690814971924
1776175952634,1.0,0.0,8001.09912109375,100.26930236816406,0.24915193021297455
1776175952653,1.0,0.0,8002.01708984375,100.44751739501953,0.24940603971481323
1776175952673,1.0,0.0,8002.43505859375,100.60025787353516,0.2495468407869339
1776175952693,1.0,0.0,8002.9375,100.75946807861328,0.2496863603591919
1776175952713,1.0,0.0,8003.3564453125,100.92361450195312,0.2498018741607666
1776175952733,1.0,0.0,8003.85986328125,101.06612396240234,0.2499416619539261
1776175952753,1.0,0.0,8004.78515625,101.222900390625,0.2502001225948334
1776175952773,1.0,0.0,8005.291015625,101.369140625,0.25031545758247375
1776175952793,1.0,0.0,8005.712890625,101.50534057617188,0.25045958161354065
1776175952813,1.0,0.0,8006.2197265625,101.65403747558594,0.25057652592658997
1776175952834,1.0,0.0,8006.642578125,101.81065368652344,0.2507176101207733
1776175952853,1.0,0.0,8007.5751953125,101.95216369628906,0.25097721815109253
1776175952873,1.0,0.0,8008.0849609375,102.1053237915039,0.2511194050312042
1776175952893,1.0,0.0,8008.59521484375,102.251953125,0.2512378394603729
1776175952913,1.0,0.0,8009.0205078125,102.38297271728516,0.25138044357299805
1776175952936,1.0,0.0,8009.53173828125,102.53425598144531,0.2514995336532593
1776175952953,1.0,0.0,8010.47021484375,102.70040893554688,0.25176310539245605
1776175952973,1.0,0.0,8010.89794921875,102.83942413330078,0.2519053518772125
1776175952993,1.0,0.0,8011.41162109375,103.00361633300781,0.2520487904548645
1776175953013,1.0,0.0,8011.92626953125,103.17195892333984,0.25216934084892273
1776175953034,1.0,0.0,8012.35546875,103.31208801269531,0.25231388211250305
1776175953053,1.0,0.0,8013.30224609375,103.4834213256836,0.2525791525840759
1776175953073,1.0,0.0,8013.8193359375,103.65528869628906,0.25269952416419983
1776175953093,1.0,0.0,8014.2509765625,103.79425811767578,0.25284433364868164
1776175953113,1.0,0.0,8014.76953125,103.95549774169922,0.25296592712402344
1776175953134,1.0,0.0,8015.2021484375,104.1146240234375,0.2531115412712097
1776175953153,1.0,0.0,8016.24267578125,104.23296356201172,0.2533794045448303
1776175953173,1.0,0.0,8016.6767578125,104.36575317382812,0.2535255551338196
1776175953193,1.0,0.0,8017.1982421875,104.48957824707031,0.2536472976207733
1776175953213,1.0,0.0,8017.63330078125,104.60504913330078,0.25379350781440735
1776175953233,1.0,0.0,8018.15576171875,104.75308227539062,0.25391608476638794
1776175953253,1.0,0.0,8019.115234375,104.8923110961914,0.25418516993522644
1776175953273,1.0,0.0,8019.55224609375,105.0006103515625,0.2543335258960724
1776175953293,1.0,0.0,8020.07666015625,105.13079071044922,0.25448083877563477
1776175953313,1.0,0.0,8020.6015625,105.26021575927734,0.2546025216579437
1776175953334,1.0,0.0,8021.03955078125,105.39022827148438,0.2547511160373688
1776175953353,1.0,0.0,8022.0048828125,105.50814056396484,0.2550223469734192
1776175953373,1.0,0.0,8022.5322265625,105.64517974853516,0.25514471530914307
1776175953393,1.0,0.0,8022.97216796875,105.75898742675781,0.25529348850250244
1776175953413,1.0,0.0,8023.50048828125,105.90278625488281,0.2554178535938263
1776175953435,1.0,0.0,8023.94091796875,106.04949951171875,0.25556617975234985
1776175953453,1.0,0.0,8025.00048828125,106.17729949951172,0.2558402121067047
1776175953473,1.0,0.0,8025.44287109375,106.3375473022461,0.25598981976509094
1776175953493,1.0,0.0,8025.97412109375,106.51458740234375,0.2561141848564148
1776175953513,1.0,0.0,8026.41748046875,106.6690444946289,0.2562645971775055
1776175953533,1.0,0.0,8026.9501953125,106.83392333984375,0.2563885450363159
1776175953553,1.0,0.0,8027.92919921875,107.00139617919922,0.2566637694835663
1776175953574,1.0,0.0,8028.375,107.15962219238281,0.2568150460720062
1776175953593,1.0,0.0,8028.91064453125,107.35401153564453,0.25696635246276855
1776175953613,1.0,0.0,8029.447265625,107.54667663574219,0.25709161162376404
1776175953635,1.0,0.0,8029.89501953125,107.73434448242188,0.2572433352470398
1776175953653,1.0,0.0,8030.88232421875,107.89800262451172,0.2575216591358185
1776175953673,1.0,0.0,8031.421875,108.08985900878906,0.2576477825641632
1776175953693,1.0,0.0,8031.8720703125,108.25269317626953,0.2578008472919464
1776175953713,1.0,0.0,8032.4130859375,108.45968627929688,0.25792744755744934
1776175953733,1.0,0.0,8032.86474609375,108.68304443359375,0.2580805718898773
1776175953753,1.0,0.0,8033.85986328125,108.88128662109375,0.25836074352264404
1776175953773,1.0,0.0,8034.404296875,109.12772369384766,0.2585146725177765
1776175953793,1.0,0.0,8034.94970703125,109.41071319580078,0.25864383578300476
1776175953813,1.0,0.0,8035.40478515625,109.68006134033203,0.25879785418510437
1776175953835,1.0,0.0,8035.9521484375,109.99539947509766,0.25892582535743713
1776175953854,1.0,0.0,8036.958984375,110.33557891845703,0.25921037793159485
1776175953873,1.0,0.0,8037.41845703125,110.64988708496094,0.25936487317085266
1776175953893,1.0,0.0,8037.97119140625,111.00912475585938,0.25952276587486267
1776175953913,1.0,0.0,8038.525390625,111.29000854492188,0.25965416431427
1776175953934,1.0,0.0,8038.98828125,111.5858154296875,0.25981205701828003
1776175953953,1.0,0.0,8040.009765625,111.80744934082031,0.2600992023944855
1776175953974,0.9804499745368958,0.0,8040.568359375,112.03656768798828,0.26023033261299133
1776175953995,0.9491999745368958,0.0,8041.03466796875,112.28364562988281,0.2603888213634491
1776175954013,0.90625,0.0,8041.5947265625,112.4884262084961,0.2605215609073639
1776175954035,0.84375,0.0,8042.0625,112.72296142578125,0.260678768157959
1776175954053,0.7773499488830566,0.0,8043.1875,112.8985595703125,0.2609711289405823
1776175954073,0.6718499660491943,0.0,8043.6572265625,113.08118438720703,0.2611302137374878
1776175954093,0.5547000169754028,0.0,8044.2216796875,113.24213409423828,0.26126524806022644
1776175954113,0.5,0.0,8044.6923828125,113.3599624633789,0.2614239752292633
1776175954134,0.42855000495910645,0.0,8045.2578125,113.4617919921875,0.26155734062194824
1776175954155,0.3412500023841858,0.0,8046.2958984375,113.52859497070312,0.2618497908115387
1776175954173,0.29360002279281616,0.0,8046.76806640625,113.56356811523438,0.2620091438293457
1776175954193,0.2658500075340271,0.0,8047.3349609375,113.56792449951172,0.2621693015098572
1776175954213,0.25394999980926514,0.0,8047.90185546875,113.54740142822266,0.262302428483963
1776175954234,0.25394999980926514,0.0,8048.37451171875,113.518798828125,0.262461394071579
1776175954253,0.2738000154495239,0.0,8049.4140625,113.46821594238281,0.2627529203891754
1776175954273,0.32934999465942383,0.0,8049.98095703125,113.41007232666016,0.2628862261772156
1776175954293,0.37299999594688416,0.0,8050.453125,113.3572998046875,0.263044536113739
1776175954313,0.42855000495910645,0.0,8051.02001953125,113.3022689819336,0.26317742466926575
1776175954335,0.4325000047683716,0.0,8051.4921875,113.25189971923828,0.2633357644081116
1776175954353,0.4126499891281128,0.0,8052.625,113.21611022949219,0.2636245787143707
1776175954373,0.38089999556541443,0.0,8053.0966796875,113.1822509765625,0.2637813985347748
1776175954393,0.35315001010894775,0.0,8053.66259765625,113.15373229980469,0.2639128565788269
1776175954413,0.31744998693466187,0.0,8054.13427734375,113.13489532470703,0.2640697658061981
1776175954433,0.26980000734329224,0.0,8054.7001953125,113.1188735961914,0.2641999125480652
1776175954453,0.20235002040863037,0.0,8055.73779296875,113.1081771850586,0.26448607444763184
1776175954473,0.14680001139640808,0.0,8056.20947265625,113.10336303710938,0.2646421492099762
1776175954493,0.11110001802444458,0.0,8056.77490234375,113.2771987915039,0.2647974193096161
1776175954513,0.07140001654624939,0.0,8057.24609375,113.70134735107422,0.2649272382259369
1776175954536,0.04365000128746033,0.0,8057.81298828125,114.11028289794922,0.2650841772556305
1776175954553,0.0,0.0,8058.857421875,114.33163452148438,0.26536962389945984
1776175954574,0.0,0.0,8059.42919921875,114.4045639038086,0.26549938321113586
1776175954593,0.0,0.0,8059.90625,114.37670135498047,0.2656567096710205
1776175954613,0.0,0.0,8060.478515625,114.33416748046875,0.26578691601753235
1776175954634,0.0,0.0,8060.955078125,114.28352355957031,0.2659417688846588
1776175954653,0.0,0.0,8062.09814453125,114.25637817382812,0.26622602343559265
1776175954674,0.0,0.0,8062.57373046875,114.1836166381836,0.2663840353488922
1776175954693,0.0,0.0,8063.14404296875,114.11847686767578,0.26651322841644287
1776175954713,0.0,0.0,8063.619140625,114.06719970703125,0.2666699290275574
1776175954734,0.0,0.0,8064.18896484375,113.9863510131836,0.26679667830467224
1776175954756,0.0,0.0,8065.23291015625,113.90032196044922,0.267080694437027
1776175954773,0.0,0.0,8065.70703125,113.82567596435547,0.26723647117614746
1776175954793,0.0,0.0,8066.27587890625,113.73401641845703,0.2673635184764862
1776175954813,0.0,0.0,8066.74951171875,113.639404296875,0.2675192654132843
1776175954834,0.0,0.0,8067.3173828125,113.55754852294922,0.26767316460609436
1776175954853,0.0,0.0,8068.357421875,113.48213958740234,0.26795971393585205
1776175954873,0.0,0.0,8068.92431640625,113.3883056640625,0.2680857479572296
1776175954893,0.0,0.0,8069.396484375,113.29354858398438,0.26823845505714417
1776175954913,0.0,0.0,8069.962890625,113.20591735839844,0.2683711647987366
1776175954934,0.0,0.0,8070.4345703125,113.10198211669922,0.26852554082870483
1776175954953,0.0,0.0,8071.56640625,113.01789093017578,0.26880720257759094
1776175954974,0.0,0.0,8072.03759765625,112.92009735107422,0.268963485956192
1776175954993,0.0,0.0,8072.6025390625,112.82572937011719,0.26909178495407104
1776175955013,0.0,0.0,8073.07275390625,112.7439193725586,0.2692430913448334
1776175955036,0.03175002336502075,0.0,8074.1064453125,112.6282730102539,0.26952654123306274
1776175955054,0.09525001049041748,0.0,8074.669921875,112.54317474365234,0.26965782046318054
1776175955073,0.1746000051498413,0.0,8075.13916015625,112.46986389160156,0.2698105275630951
1776175955093,0.29360002279281616,0.0,8075.70166015625,112.39371490478516,0.26996535062789917
1776175955113,0.42855000495910645,0.0,8076.26416015625,112.3351058959961,0.2700929641723633
1776175955134,0.5429499745368958,0.0,8076.732421875,112.30367279052734,0.270249605178833
1776175955153,0.6172000169754028,0.0,8077.76171875,112.30561065673828,0.2705293893814087
1776175955173,0.7030999660491943,0.0,8078.3232421875,112.33616638183594,0.27066054940223694
1776175955193,0.7382999658584595,0.0,8078.791015625,112.38661193847656,0.27081307768821716
1776175955213,0.7422000169754028,0.0,8079.35302734375,112.4685287475586,0.27094337344169617
1776175955234,0.7422000169754028,0.0,8079.8212890625,112.57415771484375,0.27109941840171814
1776175955253,0.7422000169754028,0.0,8080.94677734375,112.67477416992188,0.271379679441452
1776175955273,0.7304499745368958,0.0,8081.41650390625,112.78649139404297,0.27153611183166504
1776175955293,0.7070499658584595,0.0,8081.98046875,112.89839172363281,0.27166488766670227
1776175955314,0.6601499915122986,0.0,8082.45068359375,113.00578308105469,0.2718188166618347
1776175955333,0.6054499745368958,0.0,8083.015625,113.0905990600586,0.2719518542289734
1776175955353,0.53125,0.0,8084.052734375,113.18006896972656,0.2722330093383789
1776175955373,0.492000013589859,0.0,8084.5244140625,113.24674987792969,0.27239081263542175
1776175955393,0.4364500045776367,0.0,8085.0908203125,113.3106689453125,0.2725486159324646
1776175955413,0.38089999556541443,0.0,8085.6572265625,113.35459899902344,0.2726699113845825
1776175955434,0.35315001010894775,0.0,8086.12939453125,113.37286376953125,0.272834450006485
1776175955453,0.3372499942779541,0.0,8087.16845703125,113.37764739990234,0.27312028408050537
1776175955473,0.3452000021934509,0.0,8087.7353515625,113.3713607788086,0.27324825525283813
1776175955493,0.36900001764297485,0.0,8088.20751953125,113.36045837402344,0.27340397238731384
1776175955513,0.41659998893737793,0.0,8088.77392578125,113.34904479980469,0.27353909611701965
1776175955534,0.48010000586509705,0.0,8089.24609375,113.3449935913086,0.2736939787864685
1776175955553,0.5077999830245972,0.0,8090.37890625,113.3514633178711,0.27397310733795166
1776175955574,0.53125,0.0,8090.85107421875,113.37184143066406,0.2741309404373169
1776175955593,0.5508000254631042,0.0,8091.41748046875,113.40531921386719,0.27426061034202576
1776175955613,0.5586000084877014,0.0,8091.8896484375,113.44226837158203,0.27441760897636414
1776175955633,0.5508000254631042,0.0,8092.45654296875,113.49249267578125,0.2745490074157715
1776175955653,0.5429499745368958,0.0,8093.49658203125,113.54821014404297,0.2748357653617859
1776175955674,0.5351499915122986,0.0,8093.9697265625,113.5931625366211,0.2749953866004944
1776175955693,0.53125,0.0,8094.53759765625,113.63480377197266,0.275147020816803
1776175955713,0.5273500084877014,0.0,8095.10595703125,113.6732177734375,0.27527764439582825
1776175955735,0.5234500169754028,0.0,8095.57958984375,113.70773315429688,0.2754378020763397
1776175955753,0.5195500254631042,0.0,8096.6220703125,113.7488784790039,0.2757245600223541
1776175955773,0.5195500254631042,0.0,8097.19091796875,113.79452514648438,0.275857537984848
1776175955793,0.5156000256538391,0.0,8097.6650390625,113.83551788330078,0.27601662278175354
1776175955813,0.5156000256538391,0.0,8098.234375,113.87645721435547,0.27614712715148926
1776175955834,0.5156000256538391,0.0,8098.708984375,113.92879486083984,0.27630725502967834
1776175955853,0.5156000256538391,0.0,8099.84814453125,113.9758529663086,0.2765946686267853
1776175955874,0.5116999745368958,0.0,8100.3232421875,114.03353118896484,0.2767541706562042
1776175955893,0.5116999745368958,0.0,8100.89306640625,114.09375762939453,0.2768896222114563
1776175955913,0.5116999745368958,0.0,8101.3681640625,114.14598846435547,0.2770521342754364
1776175955934,0.5116999745368958,0.0,8101.9384765625,114.21007537841797,0.2771800756454468
1776175955953,0.5116999745368958,0.0,8102.98486328125,114.27503967285156,0.2774706482887268
1776175955973,0.5116999745368958,0.0,8103.4609375,114.33425903320312,0.2776312530040741
1776175955993,0.5156000256538391,0.0,8104.0322265625,114.40515899658203,0.2777935564517975
1776175956014,0.5156000256538391,0.0,8104.60400390625,114.4815673828125,0.27792081236839294
1776175956033,0.5156000256538391,0.0,8105.08056640625,114.55424499511719,0.2780844271183014
1776175956053,0.5156000256538391,0.0,8106.1298828125,114.6369400024414,0.2783769965171814
1776175956073,0.5116999745368958,0.0,8106.703125,114.73493194580078,0.2785114347934723
1776175956093,0.5116999745368958,0.0,8107.18115234375,114.82363891601562,0.2786712646484375
1776175956113,0.5116999745368958,0.0,8107.7548828125,114.92668151855469,0.27880164980888367
1776175956134,0.5116999745368958,0.0,8108.2333984375,115.03176879882812,0.27896177768707275
1776175956153,0.5195500254631042,0.0,8109.28759765625,115.12348937988281,0.2792584300041199
1776175956174,0.5234500169754028,0.0,8109.86328125,115.23159790039062,0.2794140875339508
1776175956194,0.5234500169754028,0.0,8110.439453125,115.34062194824219,0.2795487940311432
1776175956213,0.5273500084877014,0.0,8110.919921875,115.43363189697266,0.2797083556652069
1776175956235,0.53125,0.0,8111.49658203125,115.55298614501953,0.2798447906970978
1776175956253,0.5351499915122986,0.0,8112.55517578125,115.63783264160156,0.280139297246933
1776175956274,0.5351499915122986,0.0,8113.037109375,115.73015594482422,0.2803013324737549
1776175956293,0.5429499745368958,0.0,8113.61572265625,115.79662322998047,0.28046172857284546
1776175956313,0.5508000254631042,0.0,8114.19482421875,115.8725814819336,0.28059887886047363
1776175956335,0.5663999915122986,0.0,8114.677734375,115.94789123535156,0.28075265884399414
1776175956353,0.5702999830245972,0.0,8115.74169921875,116.03009796142578,0.2810491621494293
1776175956375,0.5741999745368958,0.0,8116.32275390625,116.13225555419922,0.28118279576301575
1776175956393,0.5780999660491943,0.0,8116.80712890625,116.21297454833984,0.2813459038734436
1776175956414,0.5780999660491943,0.0,8117.38916015625,116.2987289428711,0.2814769148826599
1776175956434,0.5820499658584595,0.0,8117.87451171875,116.38264465332031,0.2816388010978699
1776175956454,0.5859500169754028,0.0,8119.03955078125,116.46349334716797,0.281933069229126
1776175956473,0.5898500084877014,0.0,8119.525390625,116.56108093261719,0.28209707140922546
1776175956493,0.5898500084877014,0.0,8120.1083984375,116.65922546386719,0.28222987055778503
1776175956513,0.59375,0.0,8120.5947265625,116.73981475830078,0.282395601272583
1776175956534,0.5976499915122986,0.0,8121.17822265625,116.8323745727539,0.28252556920051575
1776175956553,0.5976499915122986,0.0,8122.24951171875,116.9298324584961,0.28282055258750916
1776175956573,0.6015499830245972,0.0,8122.73681640625,117.0161361694336,0.2829795181751251
1776175956593,0.6054499745368958,0.0,8123.32177734375,117.11959838867188,0.2831464409828186
1776175956613,0.6054499745368958,0.0,8123.90673828125,117.22553253173828,0.2832757830619812
1776175956633,0.6093499660491943,0.0,8124.39453125,117.31224060058594,0.2834378480911255
1776175956653,0.6093499660491943,0.0,8125.46923828125,117.40760040283203,0.28373339772224426
1776175956674,0.6093499660491943,0.0,8126.0556640625,117.50784301757812,0.28386980295181274
1776175956693,0.6093499660491943,0.0,8126.544921875,117.590087890625,0.28403085470199585
1776175956713,0.6093499660491943,0.0,8127.13232421875,117.67557525634766,0.28416839241981506
1776175956734,0.6093499660491943,0.0,8127.6220703125,117.76428985595703,0.28432491421699524
1776175956753,0.6093499660491943,0.0,8128.7001953125,117.81688690185547,0.28462037444114685
1776175956773,0.6093499660491943,0.0,8129.2890625,117.88213348388672,0.2847834825515747
1776175956793,0.6093499660491943,0.0,8129.8779296875,117.94774627685547,0.28491470217704773
1776175956813,0.6093499660491943,0.0,8130.369140625,118.00291442871094,0.2850770652294159
1776175956834,0.6093499660491943,0.0,8130.958984375,118.04198455810547,0.2852112352848053
1776175956853,0.6093499660491943,0.0,8132.041015625,118.12850952148438,0.2855066955089569
1776175956873,0.6093499660491943,0.0,8132.533203125,118.19462585449219,0.285668283700943
1776175956893,0.6093499660491943,0.0,8133.12451171875,118.25835418701172,0.2858319878578186
1776175956913,0.6093499660491943,0.0,8133.7158203125,118.3437728881836,0.28596410155296326
1776175956933,0.6093499660491943,0.0,8134.208984375,118.39517974853516,0.2861250042915344
1776175956953,0.59375,0.0,8135.2939453125,118.44664764404297,0.2864237129688263
1776175956973,0.5234500169754028,0.0,8135.8857421875,118.49797058105469,0.2865540087223053
1776175956993,0.35315001010894775,0.0,8136.37939453125,118.46168518066406,0.28672051429748535
1776175957013,0.0,0.0,8136.9716796875,118.43265533447266,0.2868497967720032
1776175957033,0.0,0.0,8137.46533203125,118.34244537353516,0.2870124578475952
1776175957053,0.0,0.0,8138.64990234375,118.23617553710938,0.2873084545135498
1776175957073,0.0,0.0,8139.14306640625,118.0896224975586,0.2874677777290344
1776175957093,0.0,0.0,8139.73486328125,117.9441909790039,0.2876017987728119
1776175957113,0.0,0.0,8140.2275390625,117.78427124023438,0.28776127099990845
1776175957134,0.0,0.0,8140.818359375,117.62323760986328,0.28789418935775757
1776175957153,0.0,0.0,8141.8994140625,117.46074676513672,0.2881874740123749
1776175957173,0.0,0.0,8142.3896484375,117.32547760009766,0.2883489429950714
1776175957193,0.0,0.0005969975609332323,8142.97705078125,117.18576049804688,0.28850916028022766
1776175957214,0.0,0.11493722349405289,8143.5634765625,117.05860900878906,0.28864142298698425
1776175957234,0.0,0.3457002341747284,8144.0517578125,116.9072036743164,0.28880247473716736
1776175957253,0.0,0.8478404879570007,8145.12353515625,116.59809112548828,0.28909656405448914
1776175957273,0.0,1.0,8145.70654296875,116.10977172851562,0.2892307639122009
1776175957293,0.0,1.0,8146.1904296875,115.61845397949219,0.2893901467323303
1776175957313,0.0,0.9146422147750854,8146.76904296875,114.94666290283203,0.28952455520629883
1776175957339,0.0,0.6795321106910706,8147.822265625,114.26001739501953,0.2898159325122833
1776175957353,0.0,0.527914822101593,8148.2978515625,113.71958923339844,0.28997284173965454
1776175957373,0.0,0.4417574405670166,8148.86572265625,113.09161376953125,0.29013124108314514
1776175957393,0.0,0.5097978115081787,8149.43115234375,112.51223754882812,0.29026174545288086
1776175957413,0.0,0.6468548774719238,8149.900390625,112.00000762939453,0.2904197573661804
1776175957434,0.0,0.8093602657318115,8150.46142578125,111.34766387939453,0.29055076837539673
1776175957453,0.0,1.0,8151.48388671875,110.63148498535156,0.2908385396003723
1776175957473,0.0,1.0,8151.9453125,109.93946075439453,0.29099470376968384
1776175957493,0.0,1.0,8152.49609375,109.11720275878906,0.2911508083343506
1776175957513,0.0,1.0,8153.0439453125,108.30404663085938,0.2912774384021759
1776175957533,0.0,0.9284524321556091,8153.498046875,107.6381607055664,0.29143190383911133
1776175957553,0.0,0.9284524321556091,8154.48828125,106.88446044921875,0.2917146384716034
1776175957573,0.0,1.0,8155.02392578125,106.18291473388672,0.29183971881866455
1776175957593,0.0,1.0,8155.46826171875,105.55496215820312,0.29199180006980896
1776175957613,0.0,1.0,8155.998046875,104.82685089111328,0.2921181321144104
1776175957634,0.0,1.0,8156.4375,104.13497924804688,0.29226985573768616
1776175957653,0.0,1.0,8157.482421875,103.51485443115234,0.29254668951034546
1776175957673,0.0,1.0,8157.9140625,102.80213928222656,0.29269707202911377
1776175957693,0.0,1.0,8158.4296875,102.1064682006836,0.2928217649459839
1776175957713,0.0,1.0,8158.85693359375,101.52052307128906,0.2929697036743164
1776175957736,0.0,1.0,8159.36669921875,100.79165649414062,0.29309529066085815
1776175957753,0.0,1.0,8160.2939453125,100.04718017578125,0.2933675944805145
1776175957773,0.0,1.0,8160.7119140625,99.42427825927734,0.29351264238357544
1776175957793,0.0,1.0,8161.21044921875,98.70820617675781,0.29365894198417664
1776175957813,0.0,1.0,8161.70556640625,97.96865844726562,0.29378360509872437
1776175957833,0.0,1.0,8162.1162109375,97.36698913574219,0.2939278483390808
1776175957853,0.0,1.0,8163.01171875,96.6442642211914,0.29419225454330444
1776175957874,0.0,1.0,8163.49609375,95.92941284179688,0.29430875182151794
1776175957893,0.0,1.0,8163.8974609375,95.2996826171875,0.2944532036781311
1776175957913,0.0,1.0,8164.3759765625,94.57172393798828,0.2945675551891327
1776175957934,0.0,1.0,8164.7724609375,93.85934448242188,0.2947090268135071
1776175957953,0.0,0.9567133188247681,8165.71484375,93.25218963623047,0.2949620485305786
1776175957973,0.0,0.9146422147750854,8166.10400390625,92.55225372314453,0.29510268568992615
1776175957993,0.0,0.9146422147750854,8166.56787109375,91.81806182861328,0.29521632194519043
1776175958013,0.0,0.9146422147750854,8166.9521484375,91.22542572021484,0.295352965593338
1776175958035,0.0,0.9146422147750854,8167.41064453125,90.50516510009766,0.29546716809272766
1776175958053,0.0,0.9567133188247681,8168.24365234375,89.8119888305664,0.295711874961853
1776175958073,0.0,1.0,8168.61865234375,89.1919174194336,0.29584774374961853
1776175958093,0.0,1.0,8169.06591796875,88.4903335571289,0.29597756266593933
1776175958113,0.0,1.0,8169.51025390625,87.78533935546875,0.29608720541000366
1776175958133,0.0,1.0,8169.87841796875,87.17831420898438,0.2962190806865692
1776175958153,0.0,1.0,8170.3173828125,86.4332275390625,0.29632309079170227
1776175958174,0.0,0.9567133188247681,8171.11376953125,85.71907043457031,0.2965792715549469
1776175958193,0.0,0.9567133188247681,8171.5439453125,85.08507537841797,0.296687513589859
1776175958213,0.0,1.0,8171.89990234375,84.32642364501953,0.296810120344162
1776175958235,0.0,1.0,8172.32421875,83.57750701904297,0.29691624641418457
1776175958254,0.0,1.0,8173.09326171875,82.96924591064453,0.2971385717391968
1776175958273,0.0,1.0,8173.439453125,82.27857208251953,0.29726067185401917
1776175958293,0.0,1.0,8173.85205078125,81.57725524902344,0.29735904932022095
1776175958314,0.0,1.0,8174.19384765625,80.95208740234375,0.29748034477233887
1776175958334,0.0,1.0,8174.60107421875,80.23785400390625,0.29759883880615234
1776175958353,0.0,1.0,8175.0048828125,79.56761169433594,0.2976977825164795
1776175958373,0.0,1.0,8175.73779296875,78.98519897460938,0.29791101813316345
1776175958393,0.0,1.0,8176.06787109375,78.3043441772461,0.29802459478378296
1776175958413,0.0,1.0,8176.4609375,77.60397338867188,0.2981196343898773
1776175958433,0.0,1.0,8176.78662109375,77.01749420166016,0.29823237657546997
1776175958454,0.0,1.0,8177.49560546875,76.38965606689453,0.2984372675418854
1776175958473,0.0,1.0,8177.87841796875,75.80521392822266,0.2985490560531616
1776175958493,0.0,1.0,8178.2587890625,75.29578399658203,0.2986397445201874
1776175958513,0.0,1.0,8178.57373046875,74.65772247314453,0.29872918128967285
1776175958535,0.0,1.0,8178.88671875,74.01325988769531,0.29883673787117004
1776175958553,0.0,1.0,8179.259765625,73.49264526367188,0.2989451289176941
1776175958573,0.0,0.8874748349189758,8179.93701171875,72.88381958007812,0.29913875460624695
1776175958593,0.0,0.7602721452713013,8180.302734375,72.31608581542969,0.2992278039455414
1776175958613,0.0,0.6154777407646179,8180.60546875,71.80975341796875,0.29933080077171326
1776175958634,0.0,0.410310834646225,8180.96630859375,71.21074676513672,0.29943233728408813
1776175958653,0.0,0.3390239179134369,8181.32470703125,70.70867919921875,0.2995171844959259
1776175958673,0.0,0.31956228613853455,8181.9755859375,70.30546569824219,0.29970353841781616
1776175958693,0.0,0.3131811320781708,8182.26904296875,69.85584259033203,0.29980263113975525
1776175958714,0.0,0.24967923760414124,8182.61962890625,69.41424560546875,0.29988548159599304
1776175958733,0.0,0.16683508455753326,8182.91015625,69.05474090576172,0.299985408782959
1776175958755,0.0,0.07823561131954193,8183.54541015625,68.69951629638672,0.3001650273799896
1776175958774,0.0,0.005444121081382036,8183.8896484375,68.41429138183594,0.30026158690452576
1776175958794,0.0,0.0,8184.232421875,68.2282485961914,0.3003440499305725
1776175958815,0.0,0.0,8184.517578125,68.03559112548828,0.3004397451877594
1776175958834,0.0,0.0,8184.85888671875,67.85498809814453,0.3005217909812927
1776175958853,0.0,0.0,8185.482421875,67.70759582519531,0.3006976842880249
1776175958873,0.0,0.0,8185.76513671875,67.53812408447266,0.30079299211502075
1776175958893,0.0,0.0,8186.103515625,67.37504577636719,0.3008730709552765
1776175958914,0.0,0.0,8186.38525390625,67.24160766601562,0.3009675443172455
1776175958935,0.0,0.0,8186.72265625,67.06153106689453,0.30106207728385925
1776175958954,0.09125000238418579,0.0,8187.3388671875,66.92829132080078,0.3012375235557556
1776175958973,0.22220000624656677,0.0,8187.673828125,66.81640625,0.3013160228729248
1776175958993,0.31744998693466187,0.0,8187.95263671875,66.70590209960938,0.3014102578163147
1776175959013,0.3650500178337097,0.0,8188.28662109375,66.62410736083984,0.3014894425868988
1776175959035,0.38089999556541443,0.0,8188.564453125,66.5521011352539,0.3015829622745514
1776175959053,0.38089999556541443,0.0,8189.1748046875,66.52459716796875,0.301753968000412
1776175959074,0.38089999556541443,0.0,8189.50732421875,66.50452423095703,0.3018485903739929
1776175959093,0.38885000348091125,0.0,8189.83984375,66.49015045166016,0.30192649364471436
1776175959113,0.3928000032901764,0.0,8190.11669921875,66.47115325927734,0.3020199239253998
1776175959134,0.4007500112056732,0.0,8190.44873046875,66.45575714111328,0.3020978271961212
1776175959154,0.40470001101493835,0.0,8191.0576171875,66.46570587158203,0.302269846200943
1776175959173,0.40470001101493835,0.0,8191.33447265625,66.45514678955078,0.3023626208305359
1776175959194,0.40470001101493835,0.0,8191.66650390625,66.41609954833984,0.30244043469429016
1776175959218,0.40470001101493835,0.0,8191.943359375,66.44523620605469,0.30253365635871887
1776175959233,0.40470001101493835,0.0,8192.275390625,66.47782897949219,0.30262768268585205
1776175959253,0.4007500112056732,0.0,8192.607421875,66.49696350097656,0.3027209937572479
1776175959274,0.3968000113964081,0.0,8193.2724609375,66.50558471679688,0.3028925359249115
1776175959293,0.3968000113964081,0.0,8193.5498046875,66.51896667480469,0.30298593640327454
1776175959313,0.3968000113964081,0.0,8193.8828125,66.53578186035156,0.3030632436275482
1776175959334,0.3968000113964081,0.0,8194.16015625,66.5502700805664,0.30315712094306946
1776175959353,0.3968000113964081,0.0,8194.4931640625,66.56063842773438,0.30323526263237
1776175959373,0.3968000113964081,0.0,8195.103515625,66.56602478027344,0.3034054636955261
1776175959393,0.4007500112056732,0.0,8195.380859375,66.57809448242188,0.3034988045692444
1776175959413,0.4007500112056732,0.0,8195.7138671875,66.591796875,0.30359169840812683
1776175959433,0.40470001101493835,0.0,8195.9912109375,66.60208129882812,0.303669273853302
1776175959453,0.40470001101493835,0.0,8196.32421875,66.60877990722656,0.3037468194961548
1776175959473,0.40470001101493835,0.0,8196.9345703125,66.62353515625,0.303934246301651
1776175959493,0.3928000032901764,0.0,8197.267578125,66.63540649414062,0.30401188135147095
1776175959513,0.3928000032901764,0.0,8197.544921875,66.6396484375,0.3041042983531952
1776175959534,0.38885000348091125,0.0,8197.8779296875,66.64884948730469,0.3041975796222687
1776175959553,0.38089999556541443,0.0,8198.2109375,66.66256713867188,0.3042754530906677
1776175959573,0.38089999556541443,0.0,8198.8212890625,66.66963195800781,0.30444660782814026
1776175959593,0.38089999556541443,0.0,8199.0986328125,66.67213439941406,0.3045405149459839
1776175959613,0.38089999556541443,0.0,8199.431640625,66.66472625732422,0.30461785197257996
1776175959634,0.38089999556541443,0.0,8199.708984375,66.65827178955078,0.30471134185791016
1776175959653,0.38089999556541443,0.0,8200.0419921875,66.6463623046875,0.3047895133495331
1776175959673,0.38089999556541443,0.0,8200.65234375,66.62458038330078,0.30497556924819946
1776175959693,0.38089999556541443,0.0,8200.9853515625,66.60913848876953,0.305053174495697
1776175959713,0.38089999556541443,0.0,8201.2626953125,66.59410858154297,0.30513039231300354
1776175959734,0.3769499957561493,0.0,8201.5400390625,66.58795166015625,0.3052231967449188
1776175959753,0.3769499957561493,0.0,8201.873046875,66.58157348632812,0.3053162693977356
1776175959773,0.3769499957561493,0.0,8202.4833984375,66.57171630859375,0.305486261844635
1776175959793,0.37299999594688416,0.0,8202.81640625,66.5569839477539,0.30556371808052063
1776175959813,0.37299999594688416,0.0,8203.09375,66.54489135742188,0.3056575357913971
1776175959833,0.37299999594688416,0.0,8203.4267578125,66.5283432006836,0.30575031042099
1776175959853,0.36900001764297485,0.0,8203.7041015625,66.51725769042969,0.30582761764526367
1776175959874,0.36900001764297485,0.0,8204.3701171875,66.51055908203125,0.3059980571269989
1776175959893,0.36900001764297485,0.0,8204.6474609375,66.49371337890625,0.30609115958213806
1776175959913,0.36900001764297485,0.0,8204.98046875,66.47066497802734,0.3061690926551819
1776175959934,0.36900001764297485,0.0,8205.2578125,66.45223236083984,0.3062618374824524
1776175959953,0.36900001764297485,0.0,8205.58984375,66.44180297851562,0.3063393235206604
1776175959973,0.3650500178337097,0.0,8206.19921875,66.43033599853516,0.3065091073513031
1776175959993,0.3650500178337097,0.0,8206.4765625,66.41401672363281,0.3066026568412781
1776175960013,0.3650500178337097,0.0,8206.80859375,66.3868637084961,0.3066955506801605
1776175960034,0.3650500178337097,0.0,8207.140625,66.36196899414062,0.3067728579044342
1776175960053,0.3650500178337097,0.0,8207.4169921875,66.35327911376953,0.30686530470848083
1776175960073,0.3650500178337097,0.0,8208.025390625,66.34587097167969,0.3070351481437683
1776175960093,0.3650500178337097,0.0,8208.357421875,66.33720397949219,0.3071126341819763
1776175960113,0.3650500178337097,0.0,8208.6337890625,66.3262710571289,0.30720555782318115
1776175960133,0.3650500178337097,0.0,8208.9658203125,66.32414245605469,0.30728304386138916
1776175960153,0.3650500178337097,0.0,8209.2421875,66.31398010253906,0.3073759078979492
1776175960173,0.3650500178337097,0.0,8209.904296875,66.30484771728516,0.3075462579727173
1776175960193,0.3650500178337097,0.0,8210.1806640625,66.29422760009766,0.3076396882534027
1776175960213,0.3650500178337097,0.0,8210.51171875,66.28653717041016,0.3077170252799988
1776175960234,0.3650500178337097,0.0,8210.7880859375,66.26947784423828,0.30780982971191406
1776175960253,0.3650500178337097,0.0,8211.119140625,66.23755645751953,0.30788761377334595
1776175960273,0.361050009727478,0.0,8211.7255859375,66.19923400878906,0.30805787444114685
1776175960293,0.361050009727478,0.0,8212.0009765625,66.1620101928711,0.30815035104751587
1776175960313,0.361050009727478,0.0,8212.33203125,66.12068176269531,0.30824315547943115
1776175960334,0.361050009727478,0.0,8212.607421875,66.07878875732422,0.3083198666572571
1776175960353,0.361050009727478,0.0,8212.9384765625,66.04821014404297,0.3084128499031067
1776175960374,0.361050009727478,0.0,8213.5439453125,66.02359008789062,0.30858299136161804
1776175960393,0.361050009727478,0.0,8213.8740234375,66.00728607177734,0.30866047739982605
1776175960413,0.361050009727478,0.0,8214.1494140625,65.99407958984375,0.30875346064567566
1776175960434,0.361050009727478,0.0,8214.4794921875,65.98405456542969,0.3088464140892029
1776175960453,0.361050009727478,0.0,8214.8095703125,65.96441650390625,0.3089241087436676
1776175960474,0.361050009727478,0.0,8215.3603515625,65.94725036621094,0.30909377336502075
1776175960493,0.361050009727478,0.0,8215.6904296875,65.9161376953125,0.3091866374015808
1776175960513,0.361050009727478,0.0,8216.0205078125,65.89141082763672,0.3092639446258545
1776175960534,0.361050009727478,0.0,8216.294921875,65.868896484375,0.3093563914299011
1776175960553,0.361050009727478,0.0,8216.6240234375,65.85111236572266,0.3094332814216614
1776175960573,0.361050009727478,0.0,8217.2275390625,65.84040069580078,0.309603750705719
1776175960593,0.3571000099182129,0.0,8217.501953125,65.83145141601562,0.30969610810279846
1776175960613,0.3571000099182129,0.0,8217.8310546875,65.8190689086914,0.30978885293006897
1776175960634,0.3571000099182129,0.0,8218.10546875,65.79515075683594,0.3098665773868561
1776175960653,0.3571000099182129,0.0,8218.4345703125,65.76494598388672,0.3099592328071594
1776175960673,0.3571000099182129,0.0,8219.037109375,65.73279571533203,0.310129314661026
1776175960693,0.35315001010894775,0.0,8219.365234375,65.69872283935547,0.31020668148994446
1776175960713,0.35315001010894775,0.0,8219.638671875,65.66292572021484,0.31029942631721497
1776175960736,0.35315001010894775,0.0,8219.966796875,65.61781311035156,0.3103916347026825
1776175960753,0.35315001010894775,0.0,8220.294921875,65.57841491699219,0.31046828627586365
1776175960773,0.35315001010894775,0.0,8220.896484375,65.54190826416016,0.3106381893157959
1776175960793,0.35315001010894775,0.0,8221.169921875,65.51051330566406,0.3107314109802246
1776175960813,0.361050009727478,0.0,8221.498046875,65.47847747802734,0.31080836057662964
1776175960834,0.3650500178337097,0.0,8221.771484375,65.4537582397461,0.3109007477760315
1776175960853,0.36900001764297485,0.0,8222.0986328125,65.44864654541016,0.310977041721344
1776175960873,0.3769499957561493,0.0,8222.6982421875,65.42654418945312,0.31116220355033875
1776175960893,0.38089999556541443,0.0,8223.025390625,65.40581512451172,0.31123924255371094
1776175960913,0.4007500112056732,0.0,8223.2978515625,65.3858642578125,0.3113314211368561
1776175960934,0.41659998893737793,0.0,8223.625,65.38011169433594,0.3114083409309387
1776175960953,0.42855000495910645,0.0,8223.8974609375,65.38359832763672,0.3115004897117615
1776175960973,0.44440001249313354,0.0,8224.4970703125,65.39765167236328,0.31166964769363403
1776175960993,0.4562999904155731,0.0,8224.82421875,65.42190551757812,0.31174710392951965
1776175961014,0.46424999833106995,0.0,8225.0966796875,65.4468994140625,0.31183940172195435
1776175961033,0.4761500060558319,0.0,8225.423828125,65.49114227294922,0.3119320869445801
1776175961053,0.48410001397132874,0.0,8225.7509765625,65.53255462646484,0.31200870871543884
1776175961073,0.48805001378059387,0.0,8226.3505859375,65.5653305053711,0.31217843294143677
1776175961093,0.48805001378059387,0.0,8226.6240234375,65.59929656982422,0.3122708797454834
1776175961113,0.48805001378059387,0.0,8226.9521484375,65.63097381591797,0.31234797835350037
1776175961135,0.48805001378059387,0.0,8227.2255859375,65.65925598144531,0.312440425157547
1776175961153,0.48805001378059387,0.0,8227.5537109375,65.68675231933594,0.3125178813934326
1776175961173,0.48805001378059387,0.0,8228.1552734375,65.72818756103516,0.31268763542175293
1776175961193,0.492000013589859,0.0,8228.4296875,65.7721939086914,0.3127804696559906
1776175961213,0.49994999170303345,0.0,8228.7587890625,65.82759857177734,0.31287288665771484
1776175961234,0.5,0.0,8229.033203125,65.89824676513672,0.3129507899284363
1776175961253,0.5077999830245972,0.0,8229.36328125,65.96983337402344,0.313043475151062
1776175961274,0.5195500254631042,0.0,8229.96875,66.06049346923828,0.3132152557373047
1776175961293,0.5351499915122986,0.0,8230.2998046875,66.15673065185547,0.3132926821708679
1776175961313,0.5625,0.0,8230.5751953125,66.2492446899414,0.3133864998817444
1776175961334,0.5859500169754028,0.0,8230.90625,66.37577819824219,0.3134799003601074
1776175961353,0.625,0.0,8231.23828125,66.52003479003906,0.31355783343315125
1776175961373,0.6952999830245972,0.0,8231.84765625,66.65193176269531,0.31373003125190735
1776175961393,0.7851499915122986,0.0,8232.125,66.82978057861328,0.31382420659065247
1776175961413,0.875,0.0,8232.458984375,67.04827880859375,0.3139033019542694
1776175961434,0.9413999915122986,0.0,8232.73828125,67.27664947509766,0.3139984607696533
1776175961453,1.0,0.0,8233.07421875,67.58926391601562,0.3140779435634613
1776175961473,1.0,0.0,8233.6923828125,67.91991424560547,0.3142533302307129
1776175961493,1.0,0.0,8233.9755859375,68.22157287597656,0.3143494725227356
1776175961514,1.0,0.0,8234.31640625,68.59324645996094,0.3144301772117615
1776175961534,1.0,0.0,8234.6015625,68.96019744873047,0.3145267367362976
1776175961553,1.0,0.0,8234.9453125,69.28111267089844,0.31462427973747253
1776175961573,1.0,0.0,8235.580078125,69.66873168945312,0.3148044943809509
1776175961593,1.0,0.0,8235.9287109375,70.05889129638672,0.3148874044418335
1776175961613,1.0,0.0,8236.220703125,70.38542175292969,0.3149872124195099
1776175961634,1.0,0.0,8236.572265625,70.76287841796875,0.3150860071182251
1776175961653,1.0,0.0,8236.8662109375,71.13844299316406,0.31516939401626587
1776175961674,1.0,0.0,8237.576171875,71.45384979248047,0.3153536915779114
1776175961693,1.0,0.0,8237.8740234375,71.81331634521484,0.3154546022415161
1776175961713,1.0,0.0,8238.232421875,72.178466796875,0.3155387341976166
1776175961734,1.0,0.0,8238.5322265625,72.5018310546875,0.3156401515007019
1776175961753,1.0,0.0,8238.8935546875,72.87936401367188,0.3157264292240143
1776175961773,1.0,0.0,8239.560546875,73.2589111328125,0.3159143328666687
1776175961793,1.0,0.0,8239.865234375,73.57584381103516,0.3160180151462555
1776175961814,1.0,0.0,8240.232421875,73.93446350097656,0.31612128019332886
1776175961833,1.0,0.0,8240.6015625,74.29508209228516,0.3162088692188263
1776175961853,1.0,0.0,8240.91015625,74.61257934570312,0.3163130283355713
1776175961873,1.0,0.0,8241.5927734375,74.99207305908203,0.31650668382644653
1776175961893,1.0,0.0,8241.9677734375,75.36576843261719,0.3165949881076813
1776175961913,1.0,0.0,8242.28125,75.67036437988281,0.31670036911964417
1776175961934,1.0,0.0,8242.6591796875,76.01844024658203,0.3168063759803772
1776175961953,1.0,0.0,8242.974609375,76.36572265625,0.3168950080871582
1776175961973,1.0,0.0,8243.7373046875,76.67160034179688,0.317091166973114
1776175961993,1.0,0.0,8244.056640625,77.0216064453125,0.31719884276390076
1776175962013,1.0,0.0,8244.44140625,77.37462615966797,0.31728866696357727
1776175962034,1.0,0.0,8244.763671875,77.68718719482422,0.31739702820777893
1776175962054,1.0,0.0,8245.1513671875,78.04454040527344,0.3174876570701599
1776175962074,1.0,0.0,8245.8662109375,78.38571166992188,0.31768810749053955
1776175962093,1.0,0.0,8246.1923828125,78.67988586425781,0.31779754161834717
1776175962113,1.0,0.0,8246.5849609375,79.02271270751953,0.3179069757461548
1776175962135,1.0,0.0,8246.9130859375,79.3585433959961,0.3179984986782074
1776175962153,1.0,0.0,8247.30859375,79.64257049560547,0.31810855865478516
1776175962174,1.0,0.0,8248.037109375,79.97952270507812,0.31831082701683044
1776175962193,1.0,0.0,8248.4365234375,80.32710266113281,0.3184041976928711
1776175962213,1.0,0.0,8248.7705078125,80.61817169189453,0.3185156583786011
1776175962234,1.0,0.0,8249.1728515625,80.94242095947266,0.3186272978782654
1776175962253,1.0,0.0,8249.576171875,81.2765121459961,0.3187207579612732
1776175962274,1.0,0.0,8250.3193359375,81.56574249267578,0.31892701983451843
1776175962293,1.0,0.0,8250.6591796875,81.89603424072266,0.3190391957759857
1776175962313,1.0,0.0,8251.068359375,82.21961975097656,0.31913378834724426
1776175962334,1.0,0.0,8251.41015625,82.55596923828125,0.3192467987537384
1776175962353,1.0,0.0,8251.8212890625,82.85432434082031,0.31934136152267456
1776175962373,1.0,0.0,8252.5791015625,83.19595336914062,0.31955015659332275
1776175962393,1.0,0.0,8252.9248046875,83.47566223144531,0.31966689229011536
1776175962413,1.0,0.0,8253.3408203125,83.78863525390625,0.3197619318962097
1776175962434,1.0,0.0,8253.689453125,84.10153198242188,0.3198769986629486
1776175962453,1.0,0.0,8254.1083984375,84.36061096191406,0.3199903666973114
1776175962473,1.0,0.0,8254.880859375,84.64240264892578,0.3202040195465088
1776175962493,1.0,0.0,8255.3037109375,85.00152587890625,0.32030120491981506
1776175962513,1.0,0.0,8255.6572265625,85.32464599609375,0.32041725516319275
1776175962534,1.0,0.0,8256.0830078125,85.65699005126953,0.32053372263908386
1776175962553,1.0,0.0,8256.509765625,85.95352172851562,0.3206317722797394
1776175962573,1.0,0.0,8257.296875,86.20673370361328,0.32084983587265015
1776175962593,1.0,0.0,8257.6552734375,86.53324127197266,0.3209666907787323
1776175962613,1.0,0.0,8258.0869140625,86.86602020263672,0.32106560468673706
1776175962634,1.0,0.0,8258.4482421875,87.13243103027344,0.3211837112903595
1776175962653,1.0,0.0,8258.8828125,87.44380950927734,0.32128360867500305
1776175962673,1.0,0.0,8259.6826171875,87.78570556640625,0.32150670886039734
1776175962693,1.0,0.0,8260.0478515625,88.06136322021484,0.3216269910335541
1776175962714,1.0,0.0,8260.4873046875,88.36200714111328,0.32174810767173767
1776175962733,1.0,0.0,8260.927734375,88.68197631835938,0.3218510150909424
1776175962753,1.0,0.0,8261.2958984375,88.9644775390625,0.3219549357891083
1776175962774,1.0,0.0,8262.109375,89.29488372802734,0.3222024142742157
1776175962793,1.0,0.0,8262.5556640625,89.62291717529297,0.3223096430301666
1776175962813,1.0,0.0,8262.9287109375,89.901123046875,0.322433739900589
1776175962834,1.0,0.0,8263.376953125,90.22164154052734,0.32254064083099365
1776175962853,1.0,0.0,8263.751953125,90.53860473632812,0.32266852259635925
1776175962874,1.0,0.0,8264.6552734375,90.86876678466797,0.32290491461753845
1776175962893,1.0,0.0,8265.033203125,91.16204833984375,0.3230312764644623
1776175962913,1.0,0.0,8265.48828125,91.50542449951172,0.32314181327819824
1776175962934,1.0,0.0,8265.869140625,91.83811950683594,0.3232719302177429
1776175962953,1.0,0.0,8266.3271484375,92.11234283447266,0.32338574528694153
1776175962974,1.0,0.0,8267.1708984375,92.43899536132812,0.3236495554447174
1776175962994,1.0,0.0,8267.5556640625,92.72547912597656,0.32375970482826233
1776175963014,1.0,0.0,8268.0185546875,93.04926300048828,0.3238949477672577
1776175963033,1.0,0.0,8268.4833984375,93.36211395263672,0.32400593161582947
1776175963053,1.0,0.0,8268.87109375,93.62869262695312,0.3241419494152069
1776175963073,1.0,0.0,8269.728515625,93.94381713867188,0.32438746094703674
1776175963093,0.8125,0.0,8270.1982421875,94.25984191894531,0.32450225949287415
1776175963114,0.48010000586509705,0.0,8270.5908203125,94.54120635986328,0.32463791966438293
1776175963133,0.08330002427101135,0.0,8271.0625,94.69052124023438,0.32477807998657227
1776175963153,0.0,0.0,8271.53515625,94.69633483886719,0.32489293813705444
1776175963173,0.0,0.0,8272.4033203125,94.62125396728516,0.3251442015171051
1776175963193,0.0,0.0,8272.796875,94.52072143554688,0.32528287172317505
1776175963213,0.0,0.0,8273.2685546875,94.41699981689453,0.32539746165275574
1776175963234,0.0,0.0,8273.6611328125,94.30736541748047,0.3255362808704376
1776175963253,0.0,0.0,8274.1318359375,94.20500183105469,0.3256496787071228
1776175963273,0.0,0.0,8274.994140625,94.08882904052734,0.32590097188949585
1776175963293,0.0,0.0,8275.3857421875,93.99059295654297,0.3260401487350464
1776175963313,0.0,8.742299542063847e-05,8275.85546875,93.87316131591797,0.3261756896972656
1776175963335,0.0,0.016791880130767822,8276.32421875,93.75328826904297,0.32628917694091797
1776175963353,0.0,0.07823561131954193,8276.71484375,93.63633728027344,0.32642731070518494
1776175963373,0.0,0.1374005228281021,8277.572265625,93.44951629638672,0.3266797363758087
1776175963393,0.0,0.16683508455753326,8278.0390625,93.21404266357422,0.32679277658462524
1776175963414,0.0,0.1590927094221115,8278.4267578125,92.95246887207031,0.32692867517471313
1776175963433,0.0,0.1515703648328781,8278.8916015625,92.72733306884766,0.32706454396247864
1776175963453,0.0,0.14793184399604797,8279.35546875,92.4742660522461,0.3271767199039459
1776175963473,0.0,0.14793184399604797,8280.203125,92.26140594482422,0.3274233341217041
1776175963493,0.0,0.14793184399604797,8280.5869140625,92.00013732910156,0.3275552988052368
1776175963513,0.0,0.14793184399604797,8281.046875,91.73621368408203,0.32766714692115784
1776175963534,0.0,0.14793184399604797,8281.4296875,91.510009765625,0.3278024196624756
1776175963553,0.0,0.1443578451871872,8281.8876953125,91.25572204589844,0.32791051268577576
1776175963574,0.0,0.14793184399604797,8282.724609375,91.00263214111328,0.32817789912223816
1776175963593,0.0,0.1590927094221115,8283.1796875,90.78203582763672,0.32828661799430847
1776175963613,0.0,0.1748504638671875,8283.5576171875,90.51612091064453,0.32841819524765015
1776175963634,0.0,0.1831449568271637,8284.0107421875,90.239990234375,0.3285270631313324
1776175963653,0.0,0.1873987913131714,8284.3876953125,89.9972152709961,0.3286363482475281
1776175963673,0.0,0.1873987913131714,8285.212890625,89.69982147216797,0.3288951814174652
1776175963693,0.0,0.17896243929862976,8285.6611328125,89.40450286865234,0.3290238678455353
1776175963713,0.0,0.1748504638671875,8286.0341796875,89.15753936767578,0.32913514971733093
1776175963734,0.0,0.1748504638671875,8286.48046875,88.86917114257812,0.32925984263420105
1776175963753,0.0,0.1748504638671875,8286.92578125,88.57979583740234,0.3293667435646057
1776175963773,0.0,0.1748504638671875,8287.2958984375,88.31462860107422,0.32949432730674744
1776175963793,0.0,0.1748504638671875,8288.1064453125,88.000732421875,0.32972580194473267
1776175963813,0.0,0.16683508455753326,8288.546875,87.69363403320312,0.32983076572418213
1776175963834,0.0,0.1590927094221115,8288.9130859375,87.43140411376953,0.32995665073394775
1776175963853,0.0,0.1515703648328781,8289.3515625,87.14324188232422,0.3300609886646271
1776175963873,0.0,0.14793184399604797,8290.1513671875,86.85932159423828,0.3303077816963196
1776175963893,0.0,0.14084765315055847,8290.5859375,86.61260986328125,0.33041155338287354
1776175963913,0.0,0.1374005228281021,8290.947265625,86.33155822753906,0.3305334746837616
1776175963934,0.0,0.1374005228281021,8291.3798828125,86.05350494384766,0.3306350111961365
1776175963953,0.0,0.14084765315055847,8291.7392578125,85.81404876708984,0.3307604491710663
1776175963973,0.0,0.14084765315055847,8292.52734375,85.5419921875,0.33098316192626953
1776175963993,0.0,0.1443578451871872,8292.955078125,85.27149963378906,0.33110496401786804
1776175964013,0.0,0.1443578451871872,8293.3818359375,85.03004455566406,0.3312060832977295
1776175964034,0.0,0.1374005228281021,8293.736328125,84.73856353759766,0.3313266932964325
1776175964053,0.0,0.1374005228281021,8294.1611328125,84.44654846191406,0.33142605423927307
1776175964074,0.0,0.1374005228281021,8294.9365234375,84.19786071777344,0.3316464424133301
1776175964093,0.0,0.1443578451871872,8295.287109375,83.91372680664062,0.33176612854003906
1776175964113,0.0,0.14793184399604797,8295.70703125,83.6246337890625,0.3318650722503662
1776175964133,0.0,0.14793184399604797,8296.056640625,83.36341857910156,0.3319832682609558
1776175964153,0.0,0.1515703648328781,8296.474609375,83.0547866821289,0.33208218216896057
1776175964174,0.0,0.1515703648328781,8297.23828125,82.74347686767578,0.3323163092136383
1776175964193,0.0,0.1515703648328781,8297.65234375,82.48031616210938,0.33241409063339233
1776175964213,0.0,0.1515703648328781,8297.99609375,82.17444610595703,0.3325307369232178
1776175964235,0.0,0.1515703648328781,8298.408203125,81.8804702758789,0.3326267600059509
1776175964253,0.0,0.1515703648328781,8298.7509765625,81.6288070678711,0.33274248242378235
1776175964273,0.0,0.1515703648328781,8299.5009765625,81.32592010498047,0.33295294642448425
1776175964293,0.0,0.14793184399604797,8299.908203125,81.0270767211914,0.33304792642593384
1776175964313,0.0,0.14793184399604797,8300.2470703125,80.78298950195312,0.33316168189048767
1776175964334,0.0,0.14793184399604797,8300.65234375,80.44316101074219,0.3332754373550415
1776175964353,0.0,0.14793184399604797,8301.0556640625,80.20147705078125,0.333368718624115
1776175964374,0.0,0.1443578451871872,8301.7919921875,79.96206665039062,0.33357372879981995
1776175964393,0.0,0.1443578451871872,8302.125,79.66834259033203,0.33368515968322754
1776175964413,0.0,0.14084765315055847,8302.5244140625,79.37669372558594,0.3337777853012085
1776175964434,0.0,0.12738874554634094,8302.85546875,79.1328353881836,0.33388859033584595
1776175964453,0.0,0.07823561131954193,8303.251953125,78.85466003417969,0.33399832248687744
1776175964473,0.0,0.008534903638064861,8303.9765625,78.60990142822266,0.3341995179653168
1776175964493,0.0,3.6143778743280564e-06,8304.3701171875,78.44422912597656,0.33429044485092163
1776175964513,0.0,0.0,8304.697265625,78.26494598388672,0.33439862728118896
1776175964534,0.0,0.0,8305.0888671875,78.08547973632812,0.3344881534576416
1776175964553,0.0,0.0,8305.4150390625,77.92933654785156,0.3345967233181
1776175964574,0.0,0.0,8306.130859375,77.74752807617188,0.33479344844818115
1776175964593,0.0,0.0,8306.5205078125,77.5601577758789,0.33488374948501587
1776175964613,0.0,0.0,8306.84375,77.3972396850586,0.33499014377593994
1776175964634,0.0,0.0,8307.2314453125,77.21293640136719,0.335096538066864
1776175964653,0.0,0.0,8307.6181640625,77.02781677246094,0.3351845145225525
1776175964674,0.0,0.0,8308.3251953125,76.8631591796875,0.33537933230400085
1776175964693,0.1269499957561493,0.0,8308.6455078125,76.66960906982422,0.335484117269516
1776175964713,0.29760000109672546,0.0,8309.029296875,76.50929260253906,0.335571825504303
1776175964734,0.3928000032901764,0.0,8309.3486328125,76.36492156982422,0.3356776237487793
1776175964753,0.44440001249313354,0.0,8309.7314453125,76.26493072509766,0.33576515316963196
1776175964773,0.46424999833106995,0.0,8310.0498046875,76.18043518066406,0.3358684182167053
1776175964793,0.46424999833106995,0.0,8310.8115234375,76.13764190673828,0.3360586166381836
1776175964813,0.452349990606308,0.0,8311.12890625,76.11437225341797,0.3361629843711853
1776175964834,0.42454999685287476,0.0,8311.509765625,76.07966613769531,0.33625122904777527
1776175964853,0.3968000113964081,0.0,8311.8271484375,76.05160522460938,0.33635348081588745
1776175964874,0.3650500178337097,0.0,8312.525390625,76.03662109375,0.3365432918071747
1776175964893,0.3372499942779541,0.0,8312.9052734375,75.9917221069336,0.33664748072624207
1776175964913,0.32534998655319214,0.0,8313.28515625,75.948974609375,0.336733877658844
1776175964934,0.32534998655319214,0.0,8313.6015625,75.89180755615234,0.33683720231056213
1776175964953,0.32534998655319214,0.0,8313.9814453125,75.82746887207031,0.33692213892936707
1776175964974,0.33329999446868896,0.0,8314.6767578125,75.77057647705078,0.33711227774620056
1776175964993,0.3452000021934509,0.0,8314.9921875,75.69945526123047,0.3372158110141754
1776175965013,0.3571000099182129,0.0,8315.37109375,75.64493560791016,0.33730074763298035
1776175965034,0.361050009727478,0.0,8315.6865234375,75.61746978759766,0.3374055027961731
1776175965053,0.3650500178337097,0.0,8316.064453125,75.59205627441406,0.337490439414978
1776175965073,0.37299999594688416,0.0,8316.7568359375,75.56278228759766,0.33769744634628296
1776175965093,0.37299999594688416,0.0,8317.134765625,75.538818359375,0.33778268098831177
1776175965113,0.3769499957561493,0.0,8317.44921875,75.5108413696289,0.33788564801216125
1776175965134,0.3769499957561493,0.0,8317.826171875,75.48527526855469,0.33797216415405273
1776175965153,0.3769499957561493,0.0,8318.140625,75.46722412109375,0.338074266910553
1776175965173,0.3769499957561493,0.0,8318.517578125,75.4510269165039,0.3381599485874176
1776175965193,0.3769499957561493,0.0,8319.208984375,75.44606018066406,0.3383651673793793
1776175965213,0.3769499957561493,0.0,8319.5859375,75.43927001953125,0.3384529948234558
1776175965234,0.3769499957561493,0.0,8319.900390625,75.44486236572266,0.3385547697544098
1776175965253,0.3769499957561493,0.0,8320.27734375,75.4566421508789,0.3386410176753998
1776175965274,0.3769499957561493,0.0,8320.96875,75.46590423583984,0.33882954716682434
1776175965293,0.3769499957561493,0.0,8321.283203125,75.48588562011719,0.33893314003944397
1776175965313,0.3769499957561493,0.0,8321.66015625,75.51168823242188,0.3390190005302429
1776175965334,0.3769499957561493,0.0,8321.974609375,75.53398132324219,0.3391227722167969
1776175965353,0.3928000032901764,0.0,8322.3515625,75.56707000732422,0.3392091691493988
1776175965373,0.41659998893737793,0.0,8323.0439453125,75.6063461303711,0.33941540122032166
1776175965394,0.44440001249313354,0.0,8323.421875,75.64974212646484,0.3395007848739624
1776175965413,0.4681999981403351,0.0,8323.7373046875,75.6924057006836,0.3396040201187134
1776175965434,0.492000013589859,0.0,8324.115234375,75.7493896484375,0.3396911323070526
1776175965453,0.5,0.0,8324.4306640625,75.80252838134766,0.3397926688194275
1776175965473,0.5077999830245972,0.0,8324.8095703125,75.86490631103516,0.3398800790309906
1776175965493,0.5234500169754028,0.0,8325.50390625,75.92979431152344,0.3400686979293823
1776175965513,0.53125,0.0,8325.8203125,75.99000549316406,0.340172678232193
1776175965534,0.5390499830245972,0.0,8326.2001953125,76.0687255859375,0.34027665853500366
1776175965553,0.5508000254631042,0.0,8326.580078125,76.15235900878906,0.3403633236885071
1776175965574,0.5586000084877014,0.0,8327.2783203125,76.23660278320312,0.34055283665657043
1776175965593,0.5741999745368958,0.0,8327.595703125,76.34149932861328,0.3406572937965393
1776175965613,0.5859500169754028,0.0,8327.9775390625,76.44448852539062,0.340743750333786
1776175965634,0.5976499915122986,0.0,8328.2958984375,76.52433013916016,0.34084782004356384
1776175965653,0.6093499660491943,0.0,8328.677734375,76.6255874633789,0.34093448519706726
1776175965674,0.6172000169754028,0.0,8329.37890625,76.72947692871094,0.3411427438259125
1776175965693,0.6211000084877014,0.0,8329.76171875,76.82664489746094,0.3412315249443054
1776175965713,0.625,0.0,8330.0810546875,76.95333862304688,0.34133490920066833
1776175965734,0.625,0.0,8330.46484375,77.06812286376953,0.3414228558540344
1776175965753,0.625,0.0,8330.78515625,77.16864013671875,0.34152624011039734
1776175965773,0.6288999915122986,0.0,8331.4912109375,77.3095703125,0.3417198359966278
1776175965793,0.6327999830245972,0.0,8331.8779296875,77.44966125488281,0.34180793166160583
1776175965815,0.6327999830245972,0.0,8332.2001953125,77.58158874511719,0.34191322326660156
1776175965834,0.6366999745368958,0.0,8332.587890625,77.70186614990234,0.3420204222202301
1776175965854,0.6366999745368958,0.0,8332.9755859375,77.84970092773438,0.3421078622341156
1776175965873,0.6405999660491943,0.0,8333.6884765625,77.97606658935547,0.34230169653892517
1776175965893,0.6484500169754028,0.0,8334.0126953125,78.12342834472656,0.3424089848995209
1776175965913,0.6718499660491943,0.0,8334.4033203125,78.2763671875,0.34249818325042725
1776175965934,0.7070499658584595,0.0,8334.728515625,78.44119262695312,0.3426040709018707
1776175965953,0.7422000169754028,0.0,8335.1201171875,78.58714294433594,0.34271034598350525
1776175965974,0.7968499660491943,0.0,8335.83984375,78.76485443115234,0.342908650636673
1776175965993,0.8554500341415405,0.0,8336.2333984375,78.94367218017578,0.3429986834526062
1776175966013,0.9335999488830566,0.0,8336.5615234375,79.18580627441406,0.34310728311538696
1776175966034,1.0,0.0,8336.95703125,79.4659194946289,0.3431985378265381
1776175966056,1.0,0.0,8337.287109375,79.75273895263672,0.3433069586753845
1776175966073,1.0,0.0,8337.6845703125,79.9865951538086,0.3433985114097595
1776175966093,1.0,0.0,8338.4169921875,80.3367691040039,0.343618243932724
1776175966113,1.0,0.0,8338.818359375,80.63285827636719,0.3437098562717438
1776175966133,1.0,0.0,8339.154296875,80.94171905517578,0.3438202142715454
1776175966153,1.0,0.0,8339.55859375,81.25443267822266,0.3439142107963562
1776175966173,1.0,0.0,8340.302734375,81.57188415527344,0.3441181480884552
1776175966193,1.0,0.0,8340.642578125,81.9208755493164,0.3442305624485016
1776175966214,1.0,0.0,8341.0517578125,82.2392807006836,0.34432369470596313
1776175966234,1.0,0.0,8341.3935546875,82.5423583984375,0.3444371223449707
1776175966253,1.0,0.0,8341.8046875,82.81474304199219,0.34453192353248596
1776175966273,1.0,0.0,8342.5625,83.13575744628906,0.3447610139846802
1776175966293,1.0,0.0,8342.9775390625,83.40962219238281,0.34485673904418945
1776175966313,1.0,0.0,8343.32421875,83.74482727050781,0.34497135877609253
1776175966334,1.0,0.0,8343.7421875,84.07857513427734,0.3450677990913391
1776175966353,1.0,0.0,8344.091796875,84.34864807128906,0.34518304467201233
1776175966373,1.0,0.0,8344.8642578125,84.66547393798828,0.34539657831192017
1776175966393,1.0,0.0,8345.287109375,84.99636840820312,0.3455144166946411
1776175966413,1.0,0.0,8345.7119140625,85.28288269042969,0.3456123471260071
1776175966434,1.0,0.0,8346.06640625,85.62261962890625,0.34573036432266235
1776175966453,1.0,0.0,8346.4931640625,85.96256256103516,0.3458291292190552
1776175966474,1.0,0.0,8347.2802734375,86.24463653564453,0.34604787826538086
1776175966493,1.0,0.0,8347.6396484375,86.56981658935547,0.34616702795028687
1776175966513,1.0,0.0,8348.072265625,86.89453125,0.34626761078834534
1776175966533,1.0,0.0,8348.43359375,87.17494201660156,0.3463883101940155
1776175966553,1.0,0.0,8348.8681640625,87.50357818603516,0.34650781750679016
1776175966573,1.0,0.0,8349.3046875,87.78343200683594,0.3466093838214874
1776175966593,1.0,0.0,8350.0341796875,88.10615539550781,0.3468322157859802
1776175966613,1.0,0.0,8350.4736328125,88.43038177490234,0.3469551205635071
1776175966634,1.0,0.0,8350.9150390625,88.75867462158203,0.34705814719200134
1776175966653,1.0,0.0,8351.2841796875,89.04241180419922,0.3471823036670685
1776175966673,1.0,0.0,8352.099609375,89.37776947021484,0.34740957617759705
1776175966693,1.0,0.0,8352.5458984375,89.71424865722656,0.3475332260131836
1776175966713,1.0,0.0,8352.9189453125,89.99134826660156,0.3476378619670868
1776175966733,1.0,0.0,8353.3681640625,90.30347442626953,0.34776294231414795
1776175966753,1.0,0.0,8353.818359375,90.65727233886719,0.34786826372146606
1776175966773,1.0,0.0,8354.6474609375,90.93988037109375,0.34809958934783936
1776175966793,1.0,0.0,8355.0263671875,91.25005340576172,0.3482253849506378
1776175966813,1.0,0.0,8355.482421875,91.56108093261719,0.34833163022994995
1776175966835,1.0,0.0,8355.86328125,91.83709716796875,0.3484594225883484
1776175966853,1.0,0.0,8356.3212890625,92.16851806640625,0.34856557846069336
1776175966874,1.0,0.0,8357.1650390625,92.51290893554688,0.3488243818283081
1776175966893,1.0,0.0,8357.626953125,92.7983627319336,0.3489323854446411
1776175966913,1.0,0.0,8358.013671875,93.11652374267578,0.34906262159347534
1776175966934,1.0,0.0,8358.478515625,93.42407989501953,0.3491712510585785
1776175966953,1.0,0.0,8358.8671875,93.69786071777344,0.3493008613586426
1776175966973,1.0,0.0,8359.7255859375,94.04412078857422,0.34954142570495605
1776175966993,1.0,0.0,8360.1953125,94.37799072265625,0.34965142607688904
1776175967013,1.0,0.0,8360.587890625,94.64232635498047,0.34978339076042175
1776175967035,1.0,0.0,8361.060546875,95.00023651123047,0.34991613030433655
1776175967053,1.0,0.0,8361.5341796875,95.2821273803711,0.3500269651412964
1776175967073,1.0,0.0,8362.40625,95.55958557128906,0.35027170181274414
1776175967093,1.0,0.0,8362.8046875,95.86808013916016,0.35040557384490967
1776175967113,1.0,0.0,8363.283203125,96.18220520019531,0.3505173623561859
1776175967134,1.0,0.0,8363.68359375,96.50745391845703,0.3506522476673126
1776175967153,1.0,0.0,8364.1650390625,96.7642822265625,0.35078665614128113
1776175967173,1.0,0.0,8365.05078125,97.06243133544922,0.35103657841682434
1776175967193,1.0,0.0,8365.5361328125,97.3232421875,0.35114943981170654
1776175967213,1.0,0.0,8365.94140625,97.63179779052734,0.3512866795063019
1776175967234,1.0,0.0,8366.4287109375,97.95916748046875,0.3514016270637512
1776175967253,1.0,0.0,8366.8359375,98.24683380126953,0.3515388071537018
1776175967273,1.0,0.0,8367.7353515625,98.5666275024414,0.3517915606498718
1776175967293,1.0,0.0,8368.2275390625,98.8670425415039,0.3519311845302582
1776175967313,1.0,0.0,8368.7216796875,99.12397003173828,0.352046936750412
1776175967334,1.0,0.0,8369.1337890625,99.42298889160156,0.35218575596809387
1776175967353,1.0,0.0,8369.6298828125,99.70394897460938,0.3523024618625641
1776175967373,1.0,0.0,8370.5419921875,99.94902801513672,0.3525596559047699
1776175967393,1.0,0.0,8370.9580078125,100.24832916259766,0.35270029306411743
1776175967413,1.0,0.0,8371.458984375,100.54969024658203,0.3528178632259369
1776175967434,1.0,0.0,8371.876953125,100.80940246582031,0.3529589772224426
1776175967453,1.0,0.0,8372.3798828125,101.1146011352539,0.353076696395874
1776175967473,1.0,0.0,8373.3056640625,101.42029571533203,0.35336145758628845
1776175967493,1.0,0.0,8373.8125,101.68327331542969,0.3534790873527527
1776175967513,1.0,0.0,8374.2353515625,101.9757308959961,0.3536233603954315
1776175967534,1.0,0.0,8374.744140625,102.25344848632812,0.35374197363853455
1776175967553,1.0,0.0,8375.1689453125,102.49906158447266,0.3538864850997925
1776175967573,1.0,0.0,8376.107421875,102.78512573242188,0.3541516363620758
1776175967593,1.0,0.0,8376.62109375,103.07284545898438,0.3542953431606293
1776175967613,1.0,0.0,8377.1357421875,103.33692932128906,0.35441669821739197
1776175967634,1.0,0.0,8377.5654296875,103.63626861572266,0.35453733801841736
1776175967653,1.0,0.0,8377.99609375,103.92386627197266,0.354683518409729
1776175967674,1.0,0.0,8379.0341796875,104.1622543334961,0.35495099425315857
1776175967693,1.0,0.0,8379.4677734375,104.43665313720703,0.35509809851646423
1776175967713,1.0,0.0,8379.9892578125,104.71353912353516,0.3552192151546478
1776175967734,1.0,0.0,8380.4248046875,104.99943542480469,0.3553667366504669
1776175967753,1.0,0.0,8380.9482421875,105.24297332763672,0.35551509261131287
1776175967774,1.0,0.0,8381.912109375,105.52794647216797,0.35578683018684387
1776175967793,1.0,0.0,8382.439453125,105.76493072509766,0.3559105694293976
1776175967813,1.0,0.0,8382.8798828125,106.0416488647461,0.3560592830181122
1776175967834,1.0,0.0,8383.4091796875,106.33096313476562,0.35618358850479126
1776175967853,1.0,0.0,8383.8515625,106.56522369384766,0.35633355379104614
1776175967874,1.0,0.0,8384.8271484375,106.83929443359375,0.35660889744758606
1776175967893,1.0,0.0,8385.361328125,107.11156463623047,0.35675835609436035
1776175967913,1.0,0.0,8385.896484375,107.3271484375,0.3568825423717499
1776175967934,1.0,0.0,8386.3427734375,107.61573791503906,0.357036292552948
1776175967953,1.0,0.0,8386.8798828125,107.90570068359375,0.35716044902801514
1776175967973,1.0,0.0,8387.8671875,108.14604187011719,0.35744038224220276
1776175967993,1.0,0.0,8388.3173828125,108.41805267333984,0.3575926423072815
1776175968013,1.0,0.0,8388.859375,108.69171905517578,0.35772061347961426
1776175968035,1.0,0.0,8389.3115234375,108.92513275146484,0.3578721284866333
1776175968053,1.0,0.0,8389.85546875,109.18739318847656,0.35799986124038696
1776175968073,1.0,0.0,8390.85546875,109.45269012451172,0.3583085536956787
1776175968093,1.0,0.0,8391.40234375,109.68635559082031,0.3584371507167816
1776175968113,1.0,0.0,8391.859375,109.96424865722656,0.3585920035839081
1776175968133,1.0,0.0,8392.408203125,110.25895690917969,0.3587206304073334
1776175968154,1.0,0.0,8392.8671875,110.48023986816406,0.3588769733905792
1776175968173,1.0,0.0,8393.87890625,110.73211669921875,0.3591609299182892
1776175968193,1.0,0.0,8394.4326171875,110.9947280883789,0.35931849479675293
1776175968213,1.0,0.0,8394.9873046875,111.22444152832031,0.3594474494457245
1776175968234,1.0,0.0,8395.4501953125,111.49456787109375,0.35960420966148376
1776175968253,1.0,0.0,8396.0068359375,111.7692642211914,0.35973531007766724
1776175968273,1.0,0.0,8397.0302734375,112.00079345703125,0.360024094581604
1776175968293,1.0,0.0,8397.4970703125,112.25189208984375,0.3601827919483185
1776175968313,1.0,0.0,8398.0576171875,112.50367736816406,0.3603152334690094
1776175968333,1.0,0.0,8398.525390625,112.73043060302734,0.360472708940506
1776175968353,1.0,0.0,8399.087890625,112.99239349365234,0.3606314957141876
1776175968373,1.0,0.0,8400.1220703125,113.25685119628906,0.3609241247177124
1776175968393,1.0,0.0,8400.6884765625,113.4840087890625,0.3610574007034302
1776175968413,1.0,0.0,8401.1611328125,113.73474884033203,0.36121752858161926
1776175968433,1.0,0.0,8401.7294921875,113.99066925048828,0.3613508939743042
1776175968453,1.0,0.0,8402.2041015625,114.20872497558594,0.3615110516548157
1776175968473,1.0,0.0,8402.7744140625,114.45906829833984,0.3616447150707245
1776175968493,1.0,0.0,8403.822265625,114.72219848632812,0.3619667887687683
1776175968513,1.0,0.0,8404.3955078125,114.936279296875,0.36210164427757263
1776175968534,1.0,0.0,8404.8740234375,115.19636535644531,0.3622640073299408
1776175968554,0.9452999830245972,0.0,8405.44921875,115.44713592529297,0.3623995780944824
1776175968573,0.8242000341415405,0.0,8406.5068359375,115.65740203857422,0.3626965284347534
1776175968593,0.6601499915122986,0.0,8406.98828125,115.88495635986328,0.3628597557544708
1776175968613,0.4761500060558319,0.0,8407.5673828125,116.05143737792969,0.3629959523677826
1776175968634,0.29760000109672546,0.0,8408.05078125,116.07749938964844,0.3631588816642761
1776175968653,0.12299999594688416,0.0,8408.630859375,116.04524230957031,0.36332234740257263
1776175968674,0.0,0.0,8409.6943359375,116.01092529296875,0.3636210262775421
1776175968693,0.0,0.0,8410.2734375,115.9831314086914,0.36375540494918823
1776175968713,0.0,0.0,8410.755859375,115.94888305664062,0.3639182150363922
1776175968734,0.0,0.0,8411.3349609375,115.91307830810547,0.36405372619628906
1776175968753,0.0,0.0,8411.8173828125,115.88520050048828,0.3642164170742035
1776175968773,0.03970000147819519,0.0,8412.87890625,115.8526840209961,0.36451640725135803
1776175968793,0.18650001287460327,0.0,8413.45703125,115.81814575195312,0.36467835307121277
1776175968813,0.32534998655319214,0.0,8414.03515625,115.78797149658203,0.3648131787776947
1776175968836,0.48010000586509705,0.0,8414.517578125,115.7492446899414,0.3649757206439972
1776175968853,0.5586000084877014,0.0,8415.095703125,115.7187728881836,0.36511069536209106
1776175968873,0.6288999915122986,0.0,8415.5771484375,115.68756866455078,0.3652728497982025
1776175968893,0.7109500169754028,0.0,8416.63671875,116.0595703125,0.36557045578956604
1776175968913,0.8085999488830566,0.0,8417.2158203125,116.46269989013672,0.36570674180984497
1776175968934,0.8672000169754028,0.0,8417.7001953125,116.84415435791016,0.3658694624900818
1776175968953,0.9297000169754028,0.0,8418.283203125,117.25493621826172,0.36600539088249207
1776175968974,1.0,0.0,8419.357421875,117.5768051147461,0.36633437871932983
1776175968993,1.0,0.0,8419.9453125,117.79644012451172,0.36647167801856995
1776175969013,1.0,0.0,8420.4365234375,118.03544616699219,0.3666367828845978
1776175969034,1.0,0.0,8421.0263671875,118.2828598022461,0.3667750954627991
1776175969053,1.0,0.0,8421.5185546875,118.4971694946289,0.3669402301311493
1776175969073,1.0,0.0,8422.1103515625,118.74878692626953,0.3671063482761383
1776175969093,1.0,0.0,8423.1982421875,118.99405670166016,0.36741137504577637
1776175969113,1.0,0.0,8423.79296875,119.20403289794922,0.3675503134727478
1776175969134,1.0,0.0,8424.2890625,119.44554138183594,0.36771658062934875
1776175969153,1.0,0.0,8424.8857421875,119.6944351196289,0.36785563826560974
1776175969173,1.0,0.0,8425.3837890625,119.90331268310547,0.3680228590965271
1776175969193,1.0,0.0,8426.4814453125,120.10638427734375,0.36833062767982483
1776175969213,1.0,0.0,8427.0810546875,120.35067749023438,0.36847156286239624
1776175969234,1.0,0.0,8427.58203125,120.56488037109375,0.3686394691467285
1776175969253,1.0,0.0,8428.18359375,120.81514739990234,0.3687809407711029
1776175969273,1.0,0.0,8429.2890625,121.06197357177734,0.3691191077232361
1776175969293,1.0,0.0,8429.8935546875,121.26399993896484,0.3692606985569
1776175969313,1.0,0.0,8430.3984375,121.50017547607422,0.36942970752716064
1776175969336,1.0,0.0,8431.0048828125,121.77752685546875,0.369572252035141
1776175969353,1.0,0.0,8431.51171875,121.9518814086914,0.3697426915168762
1776175969373,1.0,0.0,8432.1201171875,122.20515441894531,0.36991357803344727
1776175969394,1.0,0.0,8433.23828125,122.44719696044922,0.3702271282672882
1776175969413,1.0,0.0,8433.849609375,122.64313507080078,0.37037041783332825
1776175969434,1.0,0.0,8434.3603515625,122.8736572265625,0.37054210901260376
1776175969453,1.0,0.0,8434.9736328125,123.12989807128906,0.3706854581832886
1776175969473,1.0,0.0,8435.4853515625,123.33206176757812,0.37085774540901184
1776175969493,1.0,0.0,8436.6142578125,123.55877685546875,0.37117448449134827
1776175969513,1.0,0.0,8437.2314453125,123.79173278808594,0.37131860852241516
1776175969534,1.0,0.0,8437.74609375,124.04187774658203,0.3714919686317444
1776175969553,1.0,0.0,8438.365234375,124.25148010253906,0.3716658055782318
1776175969573,1.0,0.0,8438.9853515625,124.49065399169922,0.3718108534812927
1776175969593,1.0,0.0,8440.125,124.69956970214844,0.37213078141212463
1776175969613,1.0,0.0,8440.64453125,124.94234466552734,0.3723057508468628
1776175969635,1.0,0.0,8441.2685546875,125.16918182373047,0.3724510073661804
1776175969653,1.0,0.0,8441.7890625,125.373046875,0.37262654304504395
1776175969673,1.0,0.0,8442.4150390625,125.6400146484375,0.3728020489215851
1776175969693,1.0,0.0,8443.5654296875,125.88298034667969,0.373124897480011
1776175969713,1.0,0.0,8444.1943359375,126.07349395751953,0.3732720911502838
1776175969734,1.0,0.0,8444.71875,126.30353546142578,0.37344875931739807
1776175969753,1.0,0.0,8445.349609375,126.5438461303711,0.37359651923179626
1776175969773,1.0,0.0,8446.5087890625,126.77040100097656,0.3739217221736908
1776175969793,1.0,0.0,8447.037109375,127.00987243652344,0.37409958243370056
1776175969813,1.0,0.0,8447.671875,127.23001098632812,0.3742770850658417
1776175969833,1.0,0.0,8448.3076171875,127.43138122558594,0.37442561984062195
1776175969853,1.0,0.0,8448.837890625,127.6755599975586,0.37457501888275146
1776175969873,1.0,0.0,8449.369140625,127.92350006103516,0.3747536540031433
1776175969893,1.0,0.0,8450.646484375,128.12533569335938,0.37508201599121094
1776175969913,1.0,0.0,8451.1796875,128.36361694335938,0.37526175379753113
1776175969934,1.0,0.0,8451.8203125,128.5984344482422,0.3754115104675293
1776175969953,1.0,0.0,8452.35546875,128.7937774658203,0.37559181451797485
1776175969973,1.0,0.0,8452.998046875,129.0352783203125,0.3757725954055786
1776175969993,1.0,0.0,8454.1787109375,129.2752227783203,0.37610405683517456
1776175970013,1.0,0.0,8454.82421875,129.46881103515625,0.3762550354003906
1776175970034,1.0,0.0,8455.36328125,129.71116638183594,0.37643662095069885
1776175970053,1.0,0.0,8456.0107421875,129.95274353027344,0.37658819556236267
1776175970073,1.0,0.0,8456.55078125,130.15115356445312,0.3767698407173157
1776175970093,1.0,0.0,8457.7421875,130.39524841308594,0.37710511684417725
1776175970113,1.0,0.0,8458.3935546875,130.63319396972656,0.37725695967674255
1776175970134,1.0,0.0,8458.9375,130.83551025390625,0.37744033336639404
1776175970153,1.0,0.0,8459.5908203125,131.0806121826172,0.3776237368583679
1776175970175,1.0,0.0,8460.791015625,131.31588745117188,0.3779602646827698
1776175970193,1.0,0.0,8461.447265625,131.51805114746094,0.37811461091041565
1776175970213,1.0,0.0,8461.9951171875,131.7514190673828,0.3782992959022522
1776175970234,1.0,0.0,8462.6533203125,131.97593688964844,0.37845292687416077
1776175970253,1.0,0.0,8463.2021484375,132.1637725830078,0.3786373734474182
1776175970273,1.0,0.0,8464.5234375,132.4207763671875,0.3789774775505066
1776175970293,1.0,0.0,8465.0751953125,132.67037963867188,0.3791635036468506
1776175970313,1.0,0.0,8465.73828125,132.86767578125,0.3793187737464905
1776175970334,1.0,0.0,8466.291015625,133.08709716796875,0.3795053958892822
1776175970353,1.0,0.0,8466.955078125,133.31082153320312,0.37966087460517883
1776175970374,1.0,0.0,8468.17578125,133.50962829589844,0.38000333309173584
1776175970393,1.0,0.0,8468.7314453125,133.7367401123047,0.38019028306007385
1776175970413,1.0,0.0,8469.3994140625,133.96783447265625,0.3803468942642212
1776175970434,1.0,0.0,8469.95703125,134.1781463623047,0.3805355727672577
1776175970453,1.0,0.0,8470.626953125,134.41583251953125,0.3806917667388916
1776175970474,1.0,0.0,8471.8583984375,134.6480255126953,0.3810693323612213
1776175970493,1.0,0.0,8472.53125,134.85299682617188,0.38122639060020447
1776175970513,1.0,0.0,8473.0927734375,135.0866241455078,0.38141578435897827
1776175970534,1.0,0.0,8473.767578125,135.31930541992188,0.3815733790397644
1776175970553,1.0,0.0,8474.3310546875,135.5157012939453,0.3817633390426636
1776175970574,1.0,0.0,8475.685546875,135.73951721191406,0.38211163878440857
1776175970593,1.0,0.0,8476.2509765625,135.94580078125,0.38230276107788086
1776175970613,1.0,0.0,8476.9296875,136.13206481933594,0.38246119022369385
1776175970634,1.0,0.0,8477.49609375,136.37684631347656,0.3826519846916199
1776175970653,1.0,0.0,8478.1767578125,136.6242218017578,0.3828113079071045
1776175970673,1.0,0.0,8478.7451171875,136.82460021972656,0.38300269842147827
1776175970693,1.0,0.0,8479.998046875,137.0428009033203,0.38335472345352173
1776175970713,1.0,0.0,8480.6826171875,137.2675323486328,0.3835141062736511
1776175970734,1.0,0.0,8481.25390625,137.46849060058594,0.38370630145072937
1776175970753,1.0,0.0,8481.9404296875,137.69810485839844,0.38389888405799866
1776175970773,1.0,0.0,8482.6279296875,137.92691040039062,0.3840603232383728
1776175970793,1.0,0.0,8483.890625,138.1092529296875,0.3844158351421356
1776175970813,1.0,0.0,8484.4658203125,138.32485961914062,0.38460949063301086
1776175970834,1.0,0.0,8485.1572265625,138.55303955078125,0.3847711980342865
1776175970853,1.0,0.0,8485.7333984375,138.7492218017578,0.3849654197692871
1776175970873,1.0,0.0,8486.42578125,138.97801208496094,0.3851602077484131
1776175970893,1.0,0.0,8487.6982421875,139.20230102539062,0.3855173885822296
1776175970913,1.0,0.0,8488.3935546875,139.40084838867188,0.38567981123924255
1776175970934,1.0,0.0,8488.9736328125,139.62527465820312,0.38587522506713867
1776175970953,1.0,0.0,8489.6708984375,139.8483428955078,0.38603824377059937
1776175970973,1.0,0.0,8490.2529296875,140.03594970703125,0.38623470067977905
1776175970993,1.0,0.0,8491.53515625,140.2577362060547,0.3865945637226105
1776175971013,1.0,0.0,8492.236328125,140.4775390625,0.3867582380771637
1776175971034,1.0,0.0,8492.8212890625,140.6687469482422,0.3869546353816986
1776175971053,1.0,0.0,8493.5234375,140.88160705566406,0.38715189695358276
1776175971074,1.0,0.0,8494.8134765625,141.09674072265625,0.38751420378685
1776175971093,1.0,0.0,8495.5185546875,141.28228759765625,0.387678861618042
1776175971113,1.0,0.0,8496.1064453125,141.501220703125,0.3878770172595978
1776175971134,1.0,0.0,8496.8134765625,141.72598266601562,0.3880424499511719
1776175971153,1.0,0.0,8497.4033203125,141.91575622558594,0.3882407546043396
1776175971174,1.0,0.0,8498.7041015625,142.13015747070312,0.38860657811164856
1776175971193,1.0,0.0,8499.4140625,142.35794067382812,0.38880541920661926
1776175971213,1.0,0.0,8500.125,142.5392608642578,0.3889729678630829
1776175971234,1.0,0.0,8500.71875,142.7423858642578,0.3891715407371521
1776175971253,1.0,0.0,8501.431640625,142.9524383544922,0.38933831453323364
1776175971273,1.0,0.0,8502.0263671875,143.14129638671875,0.3895380198955536
1776175971293,1.0,0.0,8503.337890625,143.36489868164062,0.3899059593677521
1776175971313,1.0,0.0,8504.0546875,143.5709991455078,0.3900729715824127
1776175971334,1.0,0.0,8504.65234375,143.757080078125,0.3902745246887207
1776175971353,1.0,0.0,8505.3701171875,143.96688842773438,0.39047643542289734
1776175971373,1.0,0.0,8506.0888671875,144.1766357421875,0.39064428210258484
1776175971393,1.0,0.0,8507.4091796875,144.36585998535156,0.39101442694664
1776175971413,1.0,0.0,8508.0107421875,144.57240295410156,0.3912167251110077
1776175971434,1.0,0.0,8508.7333984375,144.7757110595703,0.391385555267334
1776175971453,1.0,0.0,8509.3359375,144.95716857910156,0.3915882408618927
1776175971473,1.0,0.0,8510.0595703125,145.1684112548828,0.39179182052612305
1776175971493,1.0,0.0,8511.388671875,145.37364196777344,0.392164945602417
1776175971513,1.0,0.0,8512.115234375,145.5474395751953,0.3923347294330597
1776175971534,1.0,0.0,8512.7216796875,145.7506561279297,0.3925383388996124
1776175971553,1.0,0.0,8513.4501953125,145.95509338378906,0.39270880818367004
1776175971573,1.0,0.0,8514.0576171875,146.1342010498047,0.3929131031036377
1776175971593,1.0,0.0,8515.3955078125,146.3324737548828,0.393288791179657
1776175971613,1.0,0.0,8516.126953125,146.5284881591797,0.39349353313446045
1776175971634,1.0,0.0,8516.859375,146.6991729736328,0.3936648964881897
1776175971653,1.0,0.0,8517.4697265625,146.90032958984375,0.3938705325126648
1776175971673,1.0,0.0,8518.203125,147.10110473632812,0.39404213428497314
1776175971693,1.0,0.0,8519.55078125,147.2628173828125,0.3944193720817566
1776175971713,1.0,0.0,8520.1640625,147.45309448242188,0.3946259915828705
1776175971734,1.0,0.0,8520.900390625,147.64886474609375,0.3947981595993042
1776175971753,1.0,0.0,8521.5146484375,147.8238067626953,0.3950050473213196
1776175971774,1.0,0.0,8522.2529296875,148.02418518066406,0.39521265029907227
1776175971793,1.0,0.0,8523.6083984375,148.22640991210938,0.395592600107193
1776175971813,1.0,0.0,8524.3486328125,148.39488220214844,0.3957659602165222
1776175971834,1.0,0.0,8524.966796875,148.58363342285156,0.3959735035896301
1776175971853,1.0,0.0,8525.708984375,148.77113342285156,0.3961471915245056
1776175971873,1.0,0.0,8526.328125,148.9320068359375,0.39635658264160156
1776175971893,1.0,0.0,8527.6923828125,149.134033203125,0.39673978090286255
1776175971913,1.0,0.0,8528.4375,149.33993530273438,0.39694833755493164
1776175971933,1.0,0.0,8529.18359375,149.50755310058594,0.3971218466758728
1776175971953,1.0,0.0,8529.806640625,149.7036895751953,0.3973313868045807
1776175971973,1.0,0.0,8530.5546875,149.89833068847656,0.3975062072277069
1776175971993,1.0,0.0,8531.927734375,150.06619262695312,0.39789122343063354
1776175972013,1.0,0.0,8532.552734375,150.26263427734375,0.39810118079185486
1776175972034,1.0,0.0,8533.3037109375,150.44927978515625,0.3982769548892975
1776175972053,1.0,0.0,8533.9296875,150.6083221435547,0.3984875977039337
1776175972073,1.0,0.0,8534.681640625,150.7904510498047,0.3986986577510834
1776175972093,1.0,0.0,8536.0625,150.9807586669922,0.3990859091281891
1776175972113,1.0,0.0,8536.8173828125,151.14720153808594,0.39926278591156006
1776175972134,1.0,0.0,8537.447265625,151.34664916992188,0.39947396516799927
1776175972153,1.0,0.0,8538.203125,151.53749084472656,0.39965108036994934
1776175972173,1.0,0.0,8538.833984375,151.6996307373047,0.3998633027076721
1776175972193,1.0,0.0,8540.2236328125,151.889892578125,0.40025314688682556
1776175972213,1.0,0.0,8540.982421875,152.0709991455078,0.40046584606170654
1776175972233,1.0,0.0,8541.7421875,152.2246856689453,0.4006437659263611
1776175972253,1.0,0.0,8542.3759765625,152.4037322998047,0.40085721015930176
1776175972274,1.0,0.0,8543.1376953125,152.59259033203125,0.40103501081466675
1776175972293,1.0,0.0,8544.53515625,152.76805114746094,0.40142717957496643
1776175972313,1.0,0.0,8545.171875,152.9664764404297,0.40164119005203247
1776175972334,1.0,0.0,8545.9365234375,153.15232849121094,0.40182003378868103
1776175972353,1.0,0.0,8546.57421875,153.30831909179688,0.40203556418418884
1776175972373,1.0,0.0,8547.33984375,153.48431396484375,0.4022499620914459
1776175972393,1.0,0.0,8548.74609375,153.65272521972656,0.40264374017715454
1776175972413,1.0,0.0,8549.513671875,153.79803466796875,0.402823269367218
1776175972434,1.0,0.0,8550.154296875,153.98590087890625,0.4030390679836273
1776175972453,1.0,0.0,8550.923828125,154.185791015625,0.40321892499923706
1776175972473,1.0,0.0,8551.5654296875,154.36056518554688,0.40343475341796875
1776175972493,1.0,0.0,8552.9794921875,154.54689025878906,0.4038313925266266
1776175972513,1.0,0.0,8553.751953125,154.72373962402344,0.4040483832359314
1776175972533,1.0,0.0,8554.525390625,154.88294982910156,0.40422871708869934
1776175972553,1.0,0.0,8555.169921875,155.05850219726562,0.40444618463516235
1776175972573,1.0,0.0,8555.9443359375,155.24066162109375,0.4046274423599243
1776175972593,1.0,0.0,8557.3662109375,155.40159606933594,0.40502625703811646
1776175972613,1.0,0.0,8558.013671875,155.58978271484375,0.40524405241012573
1776175972634,1.0,0.0,8558.791015625,155.77757263183594,0.4054255783557892
1776175972653,1.0,0.0,8559.439453125,155.94088745117188,0.4056442081928253
1776175972673,1.0,0.0,8560.21875,156.1060028076172,0.4058631658554077
1776175972693,1.0,0.0,8561.6484375,156.28285217285156,0.4062642753124237
1776175972713,1.0,0.0,8562.4296875,156.4505615234375,0.4064469039440155
1776175972733,1.0,0.0,8563.0810546875,156.634033203125,0.4066663980484009
1776175972753,1.0,0.0,8563.86328125,156.8112335205078,0.4068495035171509
1776175972773,1.0,0.0,8564.5166015625,156.96487426757812,0.40706899762153625
1776175972795,1.0,0.0,8565.955078125,157.1743621826172,0.40747255086898804
1776175972813,1.0,0.0,8566.7412109375,157.3298797607422,0.4076927900314331
1776175972834,1.0,0.0,8567.52734375,157.47764587402344,0.4078766405582428
1776175972853,1.0,0.0,8568.18359375,157.6604766845703,0.40809744596481323
1776175972873,1.0,0.0,8569.62890625,157.83663940429688,0.4085041880607605
1776175972893,1.0,0.0,8570.41796875,157.9730224609375,0.40868741273880005
1776175972913,1.0,0.0,8571.076171875,158.1340789794922,0.40890932083129883
1776175972933,1.0,0.0,8571.8662109375,158.29896545410156,0.40909314155578613
1776175972953,1.0,0.0,8572.525390625,158.43374633789062,0.40931519865989685
1776175972973,1.0,0.0,8574.1083984375,158.6016082763672,0.40972235798835754
1776175972993,1.0,0.0,8574.7685546875,158.79002380371094,0.4099448025226593
1776175973013,1.0,0.0,8575.5625,158.96713256835938,0.41013020277023315
1776175973033,1.0,0.0,8576.224609375,159.156982421875,0.4103533625602722
1776175973053,1.0,0.0,8577.01953125,159.32687377929688,0.4105392396450043
1776175973073,1.0,0.0,8577.6826171875,159.46481323242188,0.41076257824897766
1776175973093,1.0,0.0,8579.142578125,159.62786865234375,0.4111722409725189
1776175973113,1.0,0.0,8579.9404296875,159.80975341796875,0.4113958179950714
1776175973134,1.0,0.0,8580.7392578125,159.96585083007812,0.41158267855644226
1776175973153,1.0,0.0,8581.4052734375,160.16412353515625,0.4118075668811798
1776175973173,1.0,0.0,8582.2060546875,160.36155700683594,0.411994993686676
1776175973193,0.8945499658584595,0.0,8583.67578125,160.51461791992188,0.41240808367729187
1776175973213,0.5508000254631042,0.0,8584.3447265625,160.65492248535156,0.4126329720020294
1776175973234,0.05160000920295715,0.0,8585.1484375,160.72328186035156,0.4128199815750122
1776175973253,0.0,0.0,8585.818359375,160.7023468017578,0.41304469108581543
1776175973273,0.0,0.0,8586.6220703125,160.63185119628906,0.41326984763145447
1776175973293,0.0,0.0,8588.0947265625,160.55494689941406,0.41368263959884644
1776175973313,0.0,0.0,8588.8974609375,160.48696899414062,0.4138701856136322
1776175973334,0.0,0.0,8589.5654296875,160.40435791015625,0.4140947163105011
1776175973353,0.0,0.0,8590.3671875,160.32106018066406,0.4142826497554779
1776175973373,0.0,0.0,8591.03515625,160.2542724609375,0.41450709104537964
1776175973393,0.0,0.009971555322408676,8592.5029296875,160.17453002929688,0.4149187505245209
1776175973413,0.0,0.36630862951278687,8593.302734375,160.06068420410156,0.4151434898376465
1776175973434,0.0,1.0,8594.1025390625,159.73880004882812,0.4153302013874054
1776175973453,0.0,1.0,8594.7685546875,159.04141235351562,0.41555458307266235
1776175973474,0.0,1.0,8595.5654296875,158.24868774414062,0.41574111580848694
1776175973493,0.0,1.0,8597.0185546875,157.54534912109375,0.41614821553230286
1776175973513,0.0,1.0,8597.6748046875,156.71583557128906,0.4163677394390106
1776175973533,0.0,1.0,8598.458984375,155.87403869628906,0.41655024886131287
1776175973553,0.0,1.0,8599.109375,155.12705993652344,0.41676852107048035
1776175973573,0.0,1.0,8599.88671875,154.22760009765625,0.416986346244812
1776175973593,0.0,1.0,8601.3017578125,153.3209686279297,0.4173823595046997
1776175973613,0.0,1.0,8602.068359375,152.5479278564453,0.4175610840320587
1776175973634,0.0,1.0,8602.7041015625,151.63339233398438,0.4177750051021576
1776175973653,0.0,1.0,8603.4638671875,150.63436889648438,0.4179517924785614
1776175973673,0.0,1.0,8604.0947265625,149.7769775390625,0.4181637763977051
1776175973693,0.0,1.0,8605.4716796875,148.83404541015625,0.418548047542572
1776175973713,0.0,1.0,8606.2177734375,147.8404998779297,0.41875749826431274
1776175973734,0.0,1.0,8606.9599609375,146.9645233154297,0.41892945766448975
1776175973754,0.0,1.0,8607.5751953125,145.99148559570312,0.4191359877586365
1776175973773,0.0,1.0,8608.3095703125,145.00836181640625,0.4193060100078583
1776175973793,0.0,1.0,8609.64453125,144.19503784179688,0.41967782378196716
1776175973813,0.0,1.0,8610.2470703125,143.25733947753906,0.4198797345161438
1776175973834,0.0,1.0,8610.9658203125,142.36474609375,0.42004677653312683
1776175973853,0.0,1.0,8611.5625,141.62257385253906,0.420246958732605
1776175973873,0.0,1.0,8612.2744140625,140.7174072265625,0.42044535279273987
1776175973893,0.0,1.0,8613.5693359375,139.81968688964844,0.42080649733543396
1776175973913,0.0,1.0,8614.2705078125,139.07452392578125,0.4209694564342499
1776175973935,0.0,1.0,8614.8515625,138.0941925048828,0.4211646020412445
1776175973953,0.0,1.0,8615.5458984375,137.3811492919922,0.42132654786109924
1776175973974,0.0,1.0,8616.80859375,136.62094116210938,0.4216795265674591
1776175973993,0.0,1.0,8617.3779296875,135.74053955078125,0.4218692481517792
1776175974013,0.0,1.0,8618.0576171875,134.9287872314453,0.4220593571662903
1776175974034,0.0,1.0,8618.7333984375,134.21438598632812,0.4222165644168854
1776175974053,0.0,1.0,8619.2939453125,133.27476501464844,0.42240506410598755
1776175974073,0.0,1.0,8619.9638671875,132.33233642578125,0.422560453414917
1776175974093,0.0,1.0,8621.1806640625,131.57460021972656,0.422900915145874
1776175974113,0.0,1.0,8621.7294921875,130.6418914794922,0.42308443784713745
1776175974134,0.0,1.0,8622.384765625,129.6805877685547,0.4232371151447296
1776175974153,0.0,1.0,8622.927734375,128.79779052734375,0.4234188199043274
1776175974175,0.0,1.0,8624.21875,127.77816009521484,0.42374980449676514
1776175974193,0.0,1.0,8624.751953125,126.78704071044922,0.42392951250076294
1776175974213,0.0,1.0,8625.3876953125,125.92633056640625,0.42407673597335815
1776175974234,0.0,1.0,8625.9150390625,124.90482330322266,0.4242532253265381
1776175974253,0.0,1.0,8626.5439453125,123.92523956298828,0.4243985414505005
1776175974273,0.0,1.0,8627.064453125,123.12924194335938,0.4245721399784088
1776175974293,0.0,1.0,8628.2001953125,122.27165222167969,0.4248885214328766
1776175974313,0.0,1.0,8628.8134765625,121.500244140625,0.42505937814712524
1776175974334,0.0,1.0,8629.4228515625,120.79832458496094,0.4252004027366638
1776175974353,0.0,1.0,8629.9287109375,120.26322174072266,0.42536988854408264
1776175974374,0.0,1.0,8630.5322265625,119.61714935302734,0.42551061511039734
1776175974393,0.0,1.0,8631.6318359375,119.02627563476562,0.42581823468208313
1776175974413,0.0,1.0,8632.12890625,118.36972045898438,0.42598506808280945
1776175974435,0.0,1.0,8632.72265625,117.67047882080078,0.426123708486557
1776175974453,0.0,1.0,8633.21484375,117.05996704101562,0.4262881278991699
1776175974474,0.0,1.0,8634.3876953125,116.26094818115234,0.426588237285614
1776175974493,0.0,1.0,8634.8720703125,115.3780746459961,0.42675045132637024
1776175974513,0.0,1.0,8635.4501953125,114.61138916015625,0.4268849194049835
1776175974533,0.0,1.0,8635.9287109375,113.64494323730469,0.4270455241203308
1776175974553,0.0,1.0,8636.5,112.68696594238281,0.4271779954433441
1776175974573,0.0,1.0,8636.97265625,111.81549835205078,0.42733630537986755
1776175974593,0.0,1.0,8638.0947265625,110.80168151855469,0.4276232421398163
1776175974613,0.0,1.0,8638.556640625,109.75823974609375,0.42777809500694275
1776175974633,0.0,1.0,8639.107421875,108.88623046875,0.4279063045978546
1776175974653,0.0,1.0,8639.5625,107.92085266113281,0.4280586838722229
1776175974673,0.0,1.0,8640.10546875,106.99515533447266,0.4281848967075348
1776175974693,0.0,1.0,8641.08984375,106.24320220947266,0.4284602701663971
1776175974713,0.0,1.0,8641.533203125,105.31986236572266,0.42860880494117737
1776175974733,0.0,1.0,8642.0615234375,104.42755126953125,0.4287569224834442
1776175974753,0.0,1.0,8642.4990234375,103.68787384033203,0.4288787841796875
1776175974774,0.0,1.0,8643.0205078125,102.81803894042969,0.4290243983268738
1776175974793,0.0,1.0,8643.96875,101.89566040039062,0.42928755283355713
1776175974815,0.0,1.0,8644.48046875,100.98739624023438,0.4294057786464691
1776175974834,0.0,1.0,8644.904296875,100.2408447265625,0.42954716086387634
1776175974853,0.0,1.0,8645.4091796875,99.40769958496094,0.4296649694442749
1776175974874,0.0,1.0,8645.8271484375,98.63871765136719,0.42980408668518066
1776175974893,0.0,1.0,8646.7373046875,97.77448272705078,0.4300576448440552
1776175974913,0.0,1.0,8647.2275390625,96.93334197998047,0.4301941394805908
1776175974934,0.0,1.0,8647.7138671875,96.2078857421875,0.43030694127082825
1776175974954,0.0,1.0,8648.1162109375,95.41439819335938,0.43044179677963257
1776175974974,0.0,1.0,8648.9931640625,94.65115356445312,0.43066465854644775
1776175974994,0.0,1.0,8649.3876953125,93.84532928466797,0.43079662322998047
1776175975013,0.0,0.8093602657318115,8649.8583984375,93.13319396972656,0.43092817068099976
1776175975035,0.0,0.4580742418766022,8650.326171875,92.33439636230469,0.43103665113449097
1776175975053,0.0,0.31956228613853455,8650.712890625,91.85395050048828,0.4311670660972595
1776175975073,0.0,0.2772776782512665,8651.173828125,91.4488754272461,0.4312962293624878
1776175975094,0.0,0.2659403383731842,8652.0146484375,91.08898162841797,0.4315313696861267
1776175975115,0.0,0.2659403383731842,8652.470703125,90.69601440429688,0.43163740634918213
1776175975134,0.0,0.24442484974861145,8652.849609375,90.3524169921875,0.4317641258239746
1776175975153,0.0,0.2006537765264511,8653.3037109375,90.00652313232422,0.4318699240684509
1776175975173,0.0,0.1590927094221115,8653.6806640625,89.76600646972656,0.4319956302642822
1776175975193,0.0,0.1374005228281021,8654.5068359375,89.50827026367188,0.4322268068790436
1776175975213,0.0,0.12104549258947372,8654.9560546875,89.27182006835938,0.43235185742378235
1776175975234,0.0,0.11796233803033829,8655.404296875,89.08527374267578,0.4324554204940796
1776175975253,0.0,0.1241873949766159,8655.7763671875,88.8748550415039,0.4325810968875885
1776175975273,0.0,0.13401572406291962,8656.22265625,88.66915130615234,0.4326867461204529
1776175975293,0.0,0.14793184399604797,8657.0380859375,88.4832992553711,0.4329133927822113
1776175975313,0.0,0.16293016076087952,8657.4072265625,88.2432861328125,0.43303748965263367
1776175975335,0.0,0.17896243929862976,8657.849609375,87.99882507324219,0.43316128849983215
1776175975353,0.0,0.17896243929862976,8658.291015625,87.77714538574219,0.4332648515701294
1776175975373,0.0,0.1831449568271637,8658.658203125,87.51178741455078,0.43338820338249207
1776175975393,0.0,0.1831449568271637,8659.462890625,87.24427795410156,0.4336133599281311
1776175975414,0.0,0.2006537765264511,8659.8994140625,87.01172637939453,0.43371573090553284
1776175975437,0.0,0.22914811968803406,8660.2626953125,86.69677734375,0.4338371455669403
1776175975454,0.0,0.26043614745140076,8660.697265625,86.44023132324219,0.4339390993118286
1776175975473,0.0,0.2659403383731842,8661.05859375,86.16271209716797,0.43406036496162415
1776175975494,0.0,0.2659403383731842,8661.8486328125,85.81169891357422,0.4342823624610901
1776175975513,0.0,0.2659403383731842,8662.27734375,85.4419937133789,0.4344029724597931
1776175975534,0.0,0.26043614745140076,8662.705078125,85.12764739990234,0.4345027506351471
1776175975553,0.0,0.24967923760414124,8663.0595703125,84.77091979980469,0.4346221685409546
1776175975574,0.0,0.2192992866039276,8663.484375,84.41902160644531,0.4347219467163086
1776175975593,0.0,0.1748504638671875,8664.2587890625,84.13257598876953,0.4349399209022522
1776175975613,0.0,0.09270945191383362,8664.609375,83.83863830566406,0.4350585341453552
1776175975634,0.0,0.017553076148033142,8665.029296875,83.6086196899414,0.43517670035362244
1776175975653,0.0,2.4670845959917642e-05,8665.4482421875,83.453369140625,0.43527522683143616
1776175975673,0.0,0.0,8665.7958984375,83.2929916381836,0.4353926181793213
1776175975693,0.0,0.0,8666.5595703125,83.13932800292969,0.435608446598053
1776175975713,0.0,0.0,8666.9755859375,83.01263427734375,0.4357060492038727
1776175975734,0.0,0.0,8667.3212890625,82.86576080322266,0.4358229637145996
1776175975753,0.0,0.0,8667.736328125,82.71781921386719,0.43592047691345215
1776175975773,0.0,0.0,8668.08203125,82.58656311035156,0.43603652715682983
1776175975793,0.0,0.0,8668.83984375,82.43407440185547,0.4362502098083496
1776175975813,0.0,0.0,8669.251953125,82.2783432006836,0.43636664748191833
1776175975834,0.0,0.0,8669.6640625,82.12185668945312,0.4364633858203888
1776175975853,0.0,0.0,8670.0068359375,81.98658752441406,0.43656036257743835
1776175975873,0.0,0.0,8670.3486328125,81.82598114013672,0.4366759657859802
1776175975893,0.0,0.0,8671.16796875,81.68391418457031,0.4368884861469269
1776175975913,0.0,0.0,8671.5087890625,81.51362609863281,0.4370037615299225
1776175975934,0.0,0.0,8671.9169921875,81.34039306640625,0.4371189475059509
1776175975953,0.0,0.0,8672.32421875,81.18486022949219,0.4372151792049408
1776175975973,0.0,0.0,8672.6630859375,81.00001525878906,0.43733036518096924
1776175975993,0.0,0.0,8673.4052734375,80.81311798095703,0.43754035234451294
1776175976013,0.0,0.0,8673.8095703125,80.65167999267578,0.4376353621482849
1776175976034,0.0,0.0,8674.1455078125,80.46149444580078,0.43774938583374023
1776175976053,0.0,0.0,8674.5478515625,80.2690200805664,0.43784376978874207
1776175976074,0.0,0.0,8674.8828125,80.10157775878906,0.43795692920684814
1776175976093,0.0,0.0,8675.6181640625,79.91036224365234,0.4381648004055023
1776175976113,0.0,0.0,8676.017578125,79.72105407714844,0.4382781386375427
1776175976134,0.0,0.0,8676.416015625,79.52969360351562,0.43837177753448486
1776175976153,0.0,0.0,8676.748046875,79.36376190185547,0.4384845495223999
1776175976174,0.0,0.0,8677.1455078125,79.17033386230469,0.43857818841934204
1776175976193,0.0,0.0,8677.87109375,79.00634002685547,0.43878450989723206
1776175976213,0.0,0.0,8678.2001953125,78.83052825927734,0.4388967752456665
1776175976233,0.0,0.0,8678.5947265625,78.66659545898438,0.43898966908454895
1776175976253,0.0,0.0,8678.9228515625,78.52713775634766,0.439100056886673
1776175976274,0.0,0.0,8679.3154296875,78.35792541503906,0.4392114579677582
1776175976293,0.0,0.0,8680.0341796875,78.18856048583984,0.43941357731819153
1776175976313,0.0,0.0,8680.4248046875,78.05152893066406,0.43950599431991577
1776175976334,0.0,0.0,8680.75,77.90489196777344,0.4396166503429413
1776175976353,0.0,0.0,8681.1396484375,77.76970672607422,0.43970876932144165
1776175976373,0.0,0.0,8681.4638671875,77.65702056884766,0.43981844186782837
1776175976393,0.0,0.0,8682.1748046875,77.53495788574219,0.44001859426498413
1776175976413,0.0,0.0,8682.5615234375,77.41825866699219,0.4401277005672455
1776175976434,0.0,0.0,8682.947265625,77.32238006591797,0.44021886587142944
1776175976453,0.0,0.0,8683.2685546875,77.1959228515625,0.4403283894062042
1776175976474,0.0,0.0,8683.6533203125,77.07861328125,0.44041967391967773
1776175976493,0.0,0.0,8684.357421875,76.97933959960938,0.44061970710754395
1776175976514,0.0,0.0,8684.6767578125,76.82075500488281,0.44072839617729187
1776175976534,0.0,0.0,8685.0595703125,76.61805725097656,0.44081756472587585
1776175976553,0.0,0.0,8685.3779296875,76.4298324584961,0.4409253001213074
1776175976573,0.0,0.0,8685.759765625,76.19798278808594,0.44103217124938965
1776175976593,0.0,0.0,8686.4580078125,75.97933197021484,0.44122859835624695
1776175976613,0.0,0.0,8686.837890625,75.79596710205078,0.44131726026535034
1776175976634,0.0,0.0,8687.1533203125,75.58727264404297,0.4414238929748535
1776175976654,0.0,0.0,8687.53125,75.38208770751953,0.4415120780467987
1776175976673,0.0,0.0,8687.845703125,75.20648956298828,0.4416179060935974
1776175976693,0.0,0.0,8688.5361328125,74.99488067626953,0.44181060791015625
1776175976713,0.0,0.0,8688.912109375,74.78337860107422,0.4419153928756714
1776175976734,0.0,0.0,8689.287109375,74.57511901855469,0.44200262427330017
1776175976753,0.0,0.0,8689.5986328125,74.40817260742188,0.44210729002952576
1776175976773,0.0,0.0,8689.9716796875,74.2266616821289,0.4421936273574829
1776175976793,0.0,0.0,8690.654296875,74.07498931884766,0.44238409399986267
1776175976813,0.0,0.0,8690.9638671875,73.90737915039062,0.4424874186515808
1776175976835,0.0,0.0,8691.333984375,73.7437515258789,0.4425899088382721
1776175976853,0.0,0.0,8691.7041015625,73.60871887207031,0.44267693161964417
1776175976873,0.0,0.0,8692.01171875,73.45548248291016,0.4427788257598877
1776175976893,0.0,0.0,8692.6865234375,73.3039779663086,0.4429662525653839
1776175976913,0.0,0.0,8693.0537109375,73.18511962890625,0.44305139780044556
1776175976934,0.0,0.0,8693.3583984375,73.05558013916016,0.4431525468826294
1776175976953,0.0,0.0,8693.7236328125,72.92616271972656,0.4432372748851776
1776175976973,0.0,0.0,8694.02734375,72.80753326416016,0.44333842396736145
1776175976993,0.0,0.0,8694.7548828125,72.6592788696289,0.44352254271507263
1776175977013,0.0,0.0,8695.0576171875,72.49786376953125,0.4436226785182953
1776175977035,0.0,0.0,8695.419921875,72.32781982421875,0.4437064826488495
1776175977053,0.0,0.0,8695.720703125,72.17581176757812,0.44380658864974976
1776175977074,0.0,0.0,8696.380859375,71.99404907226562,0.44398820400238037
1776175977093,0.0,0.0,8696.740234375,71.83715057373047,0.44407153129577637
1776175977113,0.0,0.0,8697.0390625,71.66346740722656,0.4441698491573334
1776175977134,0.0,0.0,8697.3974609375,71.49320220947266,0.4442683458328247
1776175977153,0.0,0.0,8697.6953125,71.32552337646484,0.4443499445915222
1776175977173,0.0,0.0,8698.0517578125,71.12346649169922,0.44444772601127625
1776175977193,0.0,0.0,8698.7041015625,70.94391632080078,0.4446271061897278
1776175977213,0.0,0.0,8699.05859375,70.79644775390625,0.44470757246017456
1776175977234,0.0,0.0,8699.353515625,70.62246704101562,0.44480353593826294
1776175977253,0.0,0.0,8699.70703125,70.4308853149414,0.4448842704296112
1776175977273,0.0,0.0,8700.0009765625,70.27313232421875,0.44498148560523987
1776175977293,0.0,0.0,8700.646484375,70.09203338623047,0.44515570998191833
1776175977313,0.0,0.0,8700.9970703125,69.91333770751953,0.44525206089019775
1776175977333,0.0,0.0,8701.3466796875,69.76286315917969,0.4453311264514923
1776175977353,0.03175002336502075,0.0,8701.6376953125,69.58219146728516,0.4454266428947449
1776175977373,0.07540002465248108,0.0,8701.986328125,69.40973663330078,0.44550496339797974
1776175977393,0.11505001783370972,0.0,8702.6240234375,69.27766418457031,0.44567692279815674
1776175977413,0.14285001158714294,0.0,8702.9130859375,69.1390380859375,0.4457722306251526
1776175977434,0.16269999742507935,0.0,8703.2587890625,69.0047836303711,0.445849746465683
1776175977453,0.17855000495910645,0.0,8703.546875,68.89185333251953,0.4459439814090729
1776175977474,0.18650001287460327,0.0,8703.8916015625,68.76227569580078,0.44603702425956726
1776175977493,0.1904500126838684,0.0,8704.521484375,68.64419555664062,0.44620683789253235
1776175977513,0.19840002059936523,0.0,8704.8642578125,68.56527709960938,0.4462840259075165
1776175977534,0.21424999833106995,0.0,8705.150390625,68.47526550292969,0.4463764727115631
1776175977553,0.23410001397132874,0.0,8705.4931640625,68.38570404052734,0.44645339250564575
1776175977574,0.26190000772476196,0.0,8706.1201171875,68.28839874267578,0.44662195444107056
1776175977593,0.289650022983551,0.0,8706.404296875,68.20011138916016,0.4467144310474396
1776175977613,0.32934999465942383,0.0,8706.7451171875,68.09788513183594,0.4468059241771698
1776175977634,0.3571000099182129,0.0,8707.0849609375,68.01360321044922,0.44688254594802856
1776175977653,0.3769499957561493,0.0,8707.3681640625,67.90237426757812,0.446973592042923
1776175977673,0.3928000032901764,0.0,8707.7080078125,67.82750701904297,0.4470510482788086
1776175977693,0.3928000032901764,0.0,8708.3291015625,67.8002700805664,0.4472176730632782
1776175977713,0.38089999556541443,0.0,8708.611328125,67.7806625366211,0.4473090171813965
1776175977734,0.38089999556541443,0.0,8708.9501953125,67.7646484375,0.4473991394042969
1776175977753,0.37299999594688416,0.0,8709.2890625,67.751708984375,0.44747430086135864
1776175977773,0.37299999594688416,0.0,8709.5712890625,67.73912048339844,0.44756898283958435
1776175977793,0.37299999594688416,0.0,8710.1923828125,67.72282409667969,0.44773557782173157
1776175977813,0.36900001764297485,0.0,8710.53125,67.71610260009766,0.4478100836277008
1776175977834,0.36900001764297485,0.0,8710.8134765625,67.72068786621094,0.4479021728038788
1776175977854,0.36900001764297485,0.0,8711.15234375,67.73234558105469,0.4479767084121704
1776175977874,0.36900001764297485,0.0,8711.7734375,67.73970031738281,0.44814616441726685
1776175977893,0.36900001764297485,0.0,8712.0556640625,67.74480438232422,0.4482373595237732
1776175977913,0.36900001764297485,0.0,8712.39453125,67.76475524902344,0.44832682609558105
1776175977934,0.3650500178337097,0.0,8712.7333984375,67.79624938964844,0.44840237498283386
1776175977953,0.361050009727478,0.0,8713.015625,67.8306655883789,0.44849419593811035
1776175977973,0.3571000099182129,0.0,8713.3544921875,67.87345886230469,0.4485703110694885
1776175977993,0.35315001010894775,0.0,8713.9755859375,67.92350006103516,0.44873908162117004
1776175978014,0.3452000021934509,0.0,8714.2578125,67.99111938476562,0.44883009791374207
1776175978033,0.3452000021934509,0.0,8714.5966796875,68.05476379394531,0.4489207863807678
1776175978053,0.3412500023841858,0.0,8714.935546875,68.1006851196289,0.4489966630935669
1776175978073,0.3412500023841858,0.0,8715.21875,68.14395141601562,0.4490896165370941
1776175978093,0.34915000200271606,0.0,8715.841796875,68.15409088134766,0.4492555558681488
1776175978114,0.35315001010894775,0.0,8716.181640625,68.15545654296875,0.4493285119533539
1776175978134,0.361050009727478,0.0,8716.46484375,68.15345001220703,0.44942548871040344
1776175978153,0.36900001764297485,0.0,8716.8046875,68.16216278076172,0.4495002329349518
1776175978173,0.3769499957561493,0.0,8717.087890625,68.17787170410156,0.4495909512042999
1776175978193,0.38885000348091125,0.0,8717.7109375,68.19227600097656,0.4497564136981964
1776175978214,0.3968000113964081,0.0,8718.05078125,68.19580078125,0.4498465061187744
1776175978233,0.40470001101493835,0.0,8718.390625,68.23290252685547,0.44992268085479736
1776175978253,0.40869998931884766,0.0,8718.673828125,68.2828369140625,0.45001453161239624
1776175978273,0.40869998931884766,0.0,8719.0146484375,68.3107681274414,0.45009154081344604
1776175978293,0.40470001101493835,0.0,8719.6396484375,68.34280395507812,0.45026063919067383
1776175978313,0.4007500112056732,0.0,8719.923828125,68.38365936279297,0.4503503739833832
1776175978333,0.3968000113964081,0.0,8720.265625,68.42733764648438,0.45044052600860596
1776175978353,0.38885000348091125,0.0,8720.607421875,68.4601058959961,0.45051828026771545
1776175978373,0.3769499957561493,0.0,8720.892578125,68.48421478271484,0.45061174035072327
1776175978393,0.3571000099182129,0.0,8721.51953125,68.50019836425781,0.45077577233314514
1776175978413,0.3372499942779541,0.0,8721.8623046875,68.51165008544922,0.45085078477859497
1776175978434,0.31744998693466187,0.0,8722.1474609375,68.51123046875,0.4509427547454834
1776175978453,0.29360002279281616,0.0,8722.490234375,68.49267578125,0.45101895928382874
1776175978473,0.27775001525878906,0.0,8722.775390625,68.46257781982422,0.45110946893692017
1776175978493,0.2738000154495239,0.0,8723.4033203125,68.40459442138672,0.4512774348258972
1776175978513,0.26980000734329224,0.0,8723.7451171875,68.33389282226562,0.4513682425022125
1776175978534,0.26980000734329224,0.0,8724.0869140625,68.26219177246094,0.4514433443546295
1776175978553,0.26980000734329224,0.0,8724.3720703125,68.16763305664062,0.45153409242630005
1776175978573,0.26980000734329224,0.0,8724.7138671875,68.0658187866211,0.4516110420227051
1776175978593,0.26980000734329224,0.0,8725.3388671875,67.97332000732422,0.4517742991447449
1776175978613,0.26980000734329224,0.0,8725.623046875,67.86558532714844,0.45186567306518555
1776175978634,0.26980000734329224,0.0,8725.962890625,67.76815032958984,0.45195674896240234
1776175978653,0.26980000734329224,0.0,8726.302734375,67.68362426757812,0.45203208923339844
1776175978673,0.26980000734329224,0.0,8726.5859375,67.58248138427734,0.45212090015411377
1776175978693,0.26980000734329224,0.0,8727.20703125,67.48143768310547,0.4522850513458252
1776175978713,0.26980000734329224,0.0,8727.544921875,67.39378356933594,0.45236024260520935
1776175978734,0.26980000734329224,0.0,8727.826171875,67.29204559326172,0.4524477422237396
1776175978753,0.26980000734329224,0.0,8728.1640625,67.18992614746094,0.45252183079719543
1776175978773,0.26980000734329224,0.0,8728.4453125,67.10224914550781,0.45261350274086
1776175978793,0.27775001525878906,0.0,8729.0625,67.00308227539062,0.45277711749076843
1776175978813,0.2817000150680542,0.0,8729.3984375,66.90132904052734,0.45286625623703003
1776175978834,0.29360002279281616,0.0,8729.7333984375,66.79840087890625,0.45293956995010376
1776175978854,0.3095000088214874,0.0,8730.0126953125,66.7382583618164,0.4530274271965027
1776175978873,0.32934999465942383,0.0,8730.3466796875,66.6863784790039,0.45310115814208984
1776175978893,0.3412500023841858,0.0,8730.958984375,66.64219665527344,0.4532656967639923
1776175978913,0.361050009727478,0.0,8731.2373046875,66.60208892822266,0.45335227251052856
1776175978934,0.37299999594688416,0.0,8731.5703125,66.58960723876953,0.45344051718711853
1776175978953,0.38089999556541443,0.0,8731.9033203125,66.6109390258789,0.45351549983024597
1776175978973,0.4007500112056732,0.0,8732.1806640625,66.67860412597656,0.45360249280929565
1776175978993,0.42454999685287476,0.0,8732.791015625,66.71211242675781,0.4537661671638489
1776175979015,0.452349990606308,0.0,8733.1240234375,66.7418212890625,0.4538399577140808
1776175979034,0.4681999981403351,0.0,8733.4013671875,66.79672241210938,0.45392856001853943
1776175979053,0.492000013589859,0.0,8733.734375,66.85954284667969,0.4540027379989624
1776175979073,0.5,0.0,8734.0126953125,66.8995132446289,0.4540913701057434
1776175979094,0.5116999745368958,0.0,8734.6806640625,66.93608856201172,0.4542531669139862
1776175979113,0.5273500084877014,0.0,8734.958984375,66.97000122070312,0.4543403685092926
1776175979135,0.5390499830245972,0.0,8735.29296875,66.99984741210938,0.4544166326522827
1776175979154,0.5468500256538391,0.0,8735.572265625,67.02032470703125,0.4545048177242279
1776175979174,0.5547000169754028,0.0,8735.9072265625,67.0614013671875,0.4545772075653076
1776175979193,0.5586000084877014,0.0,8736.5224609375,67.09361267089844,0.4547407627105713
1776175979213,0.5625,0.0,8736.802734375,67.12407684326172,0.4548298716545105
1776175979235,0.5663999915122986,0.0,8737.138671875,67.14735412597656,0.4549217224121094
1776175979253,0.5663999915122986,0.0,8737.474609375,67.17330932617188,0.4549952745437622
1776175979273,0.5702999830245972,0.0,8737.7548828125,67.22588348388672,0.45508378744125366
1776175979293,0.5702999830245972,0.0,8738.373046875,67.30842590332031,0.45524999499320984
1776175979313,0.5702999830245972,0.0,8738.7109375,67.34925842285156,0.4553256034851074
1776175979334,0.5702999830245972,0.0,8738.9921875,67.3722152709961,0.4554150700569153
1776175979354,0.5702999830245972,0.0,8739.330078125,67.4658203125,0.45550745725631714
1776175979373,0.5702999830245972,0.0,8739.66796875,67.54869842529297,0.45558086037635803
1776175979393,0.5702999830245972,0.0,8740.2890625,67.62027740478516,0.45574676990509033
1776175979414,0.5702999830245972,0.0,8740.5712890625,67.67768859863281,0.45583823323249817
1776175979434,0.5702999830245972,0.0,8740.91015625,67.74163055419922,0.4559136629104614
1776175979453,0.5702999830245972,0.0,8741.1923828125,67.82408905029297,0.45600345730781555
1776175979474,0.5702999830245972,0.0,8741.53125,67.922607421875,0.4560801684856415
1776175979494,0.5702999830245972,0.0,8742.154296875,67.99019622802734,0.45626288652420044
1776175979516,0.5702999830245972,0.0,8742.494140625,68.06224060058594,0.4563385546207428
1776175979534,0.5702999830245972,0.0,8742.77734375,68.1168212890625,0.45643189549446106
1776175979555,0.5702999830245972,0.0,8743.1181640625,68.17699432373047,0.45650798082351685
1776175979577,0.5702999830245972,0.0,8743.7431640625,68.22705841064453,0.4566766023635864
1776175979594,0.5702999830245972,0.0,8744.02734375,68.26778411865234,0.4567682445049286
1776175979613,0.5702999830245972,0.0,8744.369140625,68.30836486816406,0.4568447768688202
1776175979635,0.5702999830245972,0.0,8744.654296875,68.35498046875,0.4569385349750519
1776175979654,0.5702999830245972,0.0,8744.99609375,68.41934967041016,0.45701631903648376
1776175979675,0.5898500084877014,0.0,8745.28125,68.48748016357422,0.45710790157318115
1776175979695,0.6366999745368958,0.0,8745.91015625,68.59356689453125,0.45727837085723877
1776175979715,0.6991999745368958,0.0,8746.25390625,68.68769073486328,0.4573715925216675
1776175979734,0.7773499488830566,0.0,8746.59765625,68.83368682861328,0.45745012164115906
1776175979756,0.875,0.0,8746.884765625,69.02747344970703,0.4575425088405609
1776175979776,0.9570499658584595,0.0,8747.5185546875,69.2691650390625,0.45771682262420654
1776175979794,1.0,0.0,8747.865234375,69.47100830078125,0.45779454708099365
1776175979817,1.0,0.0,8748.1552734375,69.82565307617188,0.4578903019428253
1776175979835,1.0,0.0,8748.5048828125,70.1071548461914,0.4579864740371704
1776175979855,1.0,0.0,8748.85546875,70.43988037109375,0.4580654203891754
1776175979876,1.0,0.0,8749.501953125,70.75990295410156,0.4582422375679016
1776175979894,1.0,0.0,8749.7978515625,71.0362777709961,0.45834100246429443
1776175979918,1.0,0.0,8750.1533203125,71.42140197753906,0.4584219753742218
1776175979935,1.0,0.0,8750.451171875,71.71287536621094,0.4585202634334564
1776175979959,1.0,0.0,8751.109375,72.0767822265625,0.4587012231349945
1776175979973,1.0,0.0,8751.109375,72.25499725341797,0.4587012231349945
1776175979993,1.0,0.0,8751.7705078125,72.57367706298828,0.45888447761535645
1776175980015,1.0,0.0,8752.1328125,72.89252471923828,0.4589853286743164
1776175980034,1.0,0.0,8752.4970703125,73.19507598876953,0.45906969904899597
1776175980055,1.0,0.0,8752.80078125,73.44686126708984,0.45917218923568726
1776175980076,1.0,0.0,8753.47265625,73.78553009033203,0.45935919880867004
1776175980094,1.0,0.0,8753.8408203125,74.03526306152344,0.4594448506832123
1776175980115,1.0,0.0,8754.1484375,74.32966613769531,0.45954787731170654
1776175980133,1.0,0.0,8754.5185546875,74.53665161132812,0.4596516191959381
1776175980154,1.0,0.0,8754.890625,74.86483764648438,0.45973819494247437
1776175980174,1.0,0.0,8755.5751953125,75.09162902832031,0.45993050932884216
1776175980196,1.0,0.0,8755.8876953125,75.34915924072266,0.4600350260734558
1776175980215,1.0,0.0,8756.263671875,75.64029693603516,0.46012356877326965
1776175980235,1.0,0.0,8756.578125,75.87818908691406,0.4602280855178833
1776175980253,1.0,0.0,8756.95703125,76.13709259033203,0.4603346586227417
1776175980273,1.0,0.0,8757.3369140625,76.38033294677734,0.46042361855506897
1776175980293,1.0,0.0,8757.97265625,76.6861343383789,0.4606201946735382
1776175980315,1.0,0.0,8758.3564453125,77.00289916992188,0.46070989966392517
1776175980334,1.0,0.0,8758.6767578125,77.30271911621094,0.460819810628891
1776175980353,1.0,0.0,8759.0625,77.54623413085938,0.46092694997787476
1776175980376,1.0,0.0,8759.7734375,77.82825469970703,0.4611285328865051
1776175980394,1.0,0.0,8760.1630859375,78.1211166381836,0.4612201750278473
1776175980413,1.0,0.0,8760.48828125,78.375244140625,0.4613296091556549
1776175980434,1.0,0.0,8760.8798828125,78.65150451660156,0.4614224433898926
1776175980453,1.0,0.0,8761.20703125,78.8843002319336,0.4615321457386017
1776175980473,1.0,0.0,8761.6005859375,79.16068267822266,0.4616439640522003
1776175980493,1.0,0.0,8762.3251953125,79.43913269042969,0.461848646402359
1776175980514,1.0,0.0,8762.7216796875,79.71735382080078,0.4619438648223877
1776175980536,1.0,0.0,8763.052734375,79.99972534179688,0.46205613017082214
1776175980553,1.0,0.0,8763.451171875,80.242919921875,0.46217140555381775
1776175980574,1.0,0.0,8763.8505859375,80.493408203125,0.46226590871810913
1776175980594,1.0,0.0,8764.5869140625,80.788330078125,0.46247515082359314
1776175980616,1.0,0.0,8764.9228515625,81.12911224365234,0.46259114146232605
1776175980633,1.0,0.0,8765.3271484375,81.3470458984375,0.46268558502197266
1776175980653,1.0,0.0,8765.6650390625,81.65750122070312,0.4628024399280548
1776175980674,1.0,0.0,8766.0712890625,81.97095489501953,0.46289971470832825
1776175980694,1.0,0.0,8766.8203125,82.23062896728516,0.4631342887878418
1776175980716,1.0,0.0,8767.23046875,82.59347534179688,0.4632318317890167
1776175980734,1.0,0.0,8767.5732421875,82.83442687988281,0.4633505046367645
1776175980753,1.0,0.0,8767.986328125,83.09366607666016,0.4634488821029663
1776175980774,1.0,0.0,8768.3310546875,83.39825439453125,0.4635683298110962
1776175980793,1.0,0.0,8769.0927734375,83.72916412353516,0.46378961205482483
1776175980816,1.0,0.0,8769.5107421875,84.04963684082031,0.46388745307922363
1776175980834,1.0,0.0,8769.8603515625,84.3143539428711,0.4640079438686371
1776175980855,1.0,0.0,8770.2802734375,84.61884307861328,0.4641271233558655
1776175980873,1.0,0.0,8770.7021484375,84.86406707763672,0.464229017496109
1776175980893,1.0,0.0,8771.478515625,85.16004180908203,0.4644520878791809
1776175980916,1.0,0.0,8771.8330078125,85.51176452636719,0.46457523107528687
1776175980934,1.0,0.0,8772.259765625,85.75042724609375,0.4646775722503662
1776175980953,1.0,0.0,8772.6162109375,86.05765533447266,0.4648021459579468
1776175980973,1.0,0.0,8773.044921875,86.35627746582031,0.46490442752838135
1776175980994,1.0,0.0,8773.8349609375,86.61319732666016,0.4651525914669037
1776175981016,1.0,0.0,8774.267578125,86.95706939697266,0.4652576148509979
1776175981033,1.0,0.0,8774.62890625,87.20030212402344,0.4653826653957367
1776175981053,1.0,0.0,8775.0634765625,87.45675659179688,0.46548861265182495
1776175981073,1.0,0.0,8775.4267578125,87.77188110351562,0.4656139314174652
1776175981094,1.0,0.0,8776.2294921875,88.09059143066406,0.4658462703227997
1776175981114,1.0,0.0,8776.6689453125,88.36532592773438,0.4659512937068939
1776175981134,1.0,0.0,8777.0361328125,88.65354919433594,0.4660797417163849
1776175981153,1.0,0.0,8777.478515625,88.96612548828125,0.46620801091194153
1776175981174,1.0,0.0,8777.921875,89.2237548828125,0.46631598472595215
1776175981194,1.0,0.0,8778.7392578125,89.54583740234375,0.46655192971229553
1776175981213,1.0,0.0,8779.1123046875,89.86524200439453,0.46668198704719543
1776175981233,1.0,0.0,8779.560546875,90.1297836303711,0.4667881429195404
1776175981253,1.0,0.0,8779.935546875,90.4404296875,0.466916561126709
1776175981273,1.0,0.0,8780.38671875,90.7526626586914,0.4670305848121643
1776175981293,1.0,0.0,8781.216796875,91.02244567871094,0.46728840470314026
1776175981313,1.0,0.0,8781.671875,91.33622741699219,0.4673985540866852
1776175981333,1.0,0.0,8782.0517578125,91.63229370117188,0.467532217502594
1776175981353,1.0,0.0,8782.5087890625,91.89817810058594,0.4676409363746643
1776175981373,1.0,0.0,8782.890625,92.21162414550781,0.46777456998825073
1776175981393,1.0,0.0,8783.734375,92.52870178222656,0.46802079677581787
1776175981413,1.0,0.0,8784.1962890625,92.7953109741211,0.4681333899497986
1776175981434,1.0,0.0,8784.58203125,93.10785675048828,0.4682677984237671
1776175981454,1.0,0.0,8785.046875,93.420654296875,0.4684024155139923
1776175981474,1.0,0.0,8785.90234375,93.72509765625,0.4686492383480072
1776175981493,1.0,0.0,8786.37109375,93.9780044555664,0.4687633514404297
1776175981515,1.0,0.0,8786.7626953125,94.28062438964844,0.46889954805374146
1776175981533,1.0,0.0,8787.2333984375,94.54859161376953,0.4690132439136505
1776175981553,1.0,0.0,8787.626953125,94.86572265625,0.4691503643989563
1776175981573,1.0,0.0,8788.099609375,95.17420196533203,0.4692640006542206
1776175981593,1.0,0.0,8788.970703125,95.41667175292969,0.4695394039154053
1776175981614,1.0,0.0,8789.447265625,95.71435546875,0.4696543514728546
1776175981634,1.0,0.0,8789.845703125,96.02899169921875,0.4697926938533783
1776175981654,1.0,0.0,8790.3251953125,96.28575897216797,0.46990758180618286
1776175981674,1.0,0.0,8790.7255859375,96.57344818115234,0.4700475037097931
1776175981693,1.0,0.0,8791.609375,96.86888122558594,0.4703024625778198
1776175981713,1.0,0.0,8792.0927734375,97.1265869140625,0.470420241355896
1776175981735,1.0,0.0,8792.4970703125,97.45189666748047,0.47056156396865845
1776175981754,1.0,0.0,8792.9833984375,97.69300842285156,0.47070202231407166
1776175981773,1.0,0.0,8793.470703125,97.94450378417969,0.4708177149295807
1776175981794,1.0,0.0,8794.3671875,98.2458267211914,0.4710773229598999
1776175981813,1.0,0.0,8794.7763671875,98.54407501220703,0.4712182879447937
1776175981834,1.0,0.0,8795.267578125,98.78533935546875,0.4713367521762848
1776175981853,1.0,0.0,8795.677734375,99.04134368896484,0.47147735953330994
1776175981875,1.0,0.0,8796.583984375,99.29354858398438,0.471740186214447
1776175981893,1.0,0.0,8797.080078125,99.52351379394531,0.47185972332954407
1776175981915,1.0,0.0,8797.494140625,99.8095932006836,0.47200196981430054
1776175981934,1.0,0.0,8797.9921875,100.10152435302734,0.47214680910110474
1776175981953,1.0,0.0,8798.4912109375,100.34673309326172,0.47226735949516296
1776175981973,1.0,0.0,8798.908203125,100.62565612792969,0.47241124510765076
1776175981993,1.0,0.0,8799.8291015625,100.89432525634766,0.4726783335208893
1776175982016,1.0,0.0,8800.3330078125,101.15135955810547,0.4728003442287445
1776175982034,1.0,0.0,8800.75390625,101.37256622314453,0.47294506430625916
1776175982053,1.0,0.0,8801.259765625,101.6478500366211,0.47309020161628723
1776175982073,1.0,0.0,8801.7666015625,101.89016723632812,0.47321072220802307
1776175982093,1.0,0.0,8802.7001953125,102.1648941040039,0.47347891330718994
1776175982113,1.0,0.0,8803.1259765625,102.43254852294922,0.47362270951271057
1776175982133,1.0,0.0,8803.6376953125,102.65485382080078,0.4737463891506195
1776175982153,1.0,0.0,8804.064453125,102.9113540649414,0.47389280796051025
1776175982173,1.0,0.0,8804.578125,103.17994689941406,0.47401583194732666
1776175982193,1.0,0.0,8805.5224609375,103.4078598022461,0.4743104577064514
1776175982213,1.0,0.0,8806.0390625,103.65188598632812,0.47443363070487976
1776175982234,1.0,0.0,8806.470703125,103.90536499023438,0.47458183765411377
1776175982253,1.0,0.0,8806.9892578125,104.1377944946289,0.4747065305709839
1776175982273,1.0,0.0,8807.421875,104.40409088134766,0.4748550355434418
1776175982293,1.0,0.0,8808.376953125,104.66157531738281,0.4751270115375519
1776175982313,1.0,0.0,8808.8994140625,104.88752746582031,0.47525084018707275
1776175982334,1.0,0.0,8809.3359375,105.15049743652344,0.4753984212875366
1776175982353,1.0,0.0,8809.8603515625,105.40200805664062,0.47554948925971985
1776175982373,1.0,0.0,8810.3857421875,105.6241683959961,0.47567299008369446
1776175982393,1.0,0.0,8811.3515625,105.8651351928711,0.4759463965892792
1776175982413,1.0,0.0,8811.7919921875,106.12134552001953,0.47609689831733704
1776175982433,1.0,0.0,8812.3212890625,106.34504699707031,0.4762231111526489
1776175982453,1.0,0.0,8812.763671875,106.5997085571289,0.47637343406677246
1776175982474,1.0,0.0,8813.2958984375,106.8677978515625,0.4764997065067291
1776175982493,1.0,0.0,8814.2744140625,107.1119613647461,0.4767998158931732
1776175982514,1.0,0.0,8814.8095703125,107.37317657470703,0.4769252836704254
1776175982533,1.0,0.0,8815.2568359375,107.6059799194336,0.47707831859588623
1776175982553,1.0,0.0,8815.7939453125,107.81005096435547,0.47720426321029663
1776175982573,0.9843499660491943,0.0,8816.2421875,108.05264282226562,0.4773566722869873
1776175982593,0.9375,0.0,8817.2314453125,108.29835510253906,0.4776333272457123
1776175982613,0.875,0.0,8817.7724609375,108.54362487792969,0.4777609407901764
1776175982634,0.7968499660491943,0.0,8818.224609375,108.8008041381836,0.47791317105293274
1776175982653,0.6991999745368958,0.0,8818.767578125,108.99323272705078,0.47806498408317566
1776175982673,0.6093499660491943,0.0,8819.3115234375,109.12349700927734,0.47819218039512634
1776175982693,0.5116999745368958,0.0,8820.3115234375,109.25337982177734,0.47847265005111694
1776175982713,0.41659998893737793,0.0,8820.7666015625,109.34673309326172,0.47862401604652405
1776175982733,0.3452000021934509,0.0,8821.3125,109.39315795898438,0.47875267267227173
1776175982753,0.27775001525878906,0.0,8821.767578125,109.34188842773438,0.4789060056209564
1776175982773,0.23805001378059387,0.0,8822.314453125,109.28876495361328,0.47903332114219666
1776175982793,0.2301500141620636,0.0,8823.3154296875,109.24252319335938,0.4793393909931183
1776175982813,0.26190000772476196,0.0,8823.861328125,109.18585205078125,0.4794662296772003
1776175982834,0.33329999446868896,0.0,8824.3154296875,109.12731170654297,0.479620099067688
1776175982854,0.40470001101493835,0.0,8824.8603515625,109.0801010131836,0.4797465205192566
1776175982874,0.4959999918937683,0.0,8825.314453125,109.02757263183594,0.4798988103866577
1776175982893,0.5625,0.0,8826.3134765625,108.97628021240234,0.4801773130893707
1776175982913,0.6015499830245972,0.0,8826.8583984375,108.93122863769531,0.4803048372268677
1776175982933,0.6523500084877014,0.0,8827.3125,108.88072204589844,0.4804573357105255
1776175982954,0.71875,0.0,8827.8564453125,108.83294677734375,0.48060858249664307
1776175982973,0.7773499488830566,0.0,8828.400390625,108.79081726074219,0.4807356297969818
1776175982993,0.8359500169754028,0.0,8829.396484375,108.9705810546875,0.4810137450695038
1776175983013,0.8827999830245972,0.0,8829.849609375,109.3316879272461,0.4811665117740631
1776175983033,0.9140499830245972,0.0,8830.3955078125,109.63932037353516,0.4812939763069153
1776175983053,0.9452999830245972,0.0,8830.8515625,110.0326156616211,0.4814470112323761
1776175983073,0.9882999658584595,0.0,8831.400390625,110.49051666259766,0.4815748333930969
1776175983093,1.0,0.0,8832.412109375,110.88953399658203,0.48188328742980957
1776175983114,1.0,0.0,8832.966796875,111.23372650146484,0.48201221227645874
1776175983133,1.0,0.0,8833.4306640625,111.49372863769531,0.4821678102016449
1776175983153,1.0,0.0,8833.98828125,111.70014953613281,0.48229870200157166
1776175983174,1.0,0.0,8834.4541015625,111.94554138183594,0.48245519399642944
1776175983193,1.0,0.0,8835.48046875,112.19061279296875,0.48274150490760803
1776175983214,1.0,0.0,8836.041015625,112.42442321777344,0.4828731119632721
1776175983234,1.0,0.0,8836.5087890625,112.62125396728516,0.48302987217903137
1776175983253,1.0,0.0,8837.0712890625,112.86237335205078,0.48318785429000854
1776175983273,1.0,0.0,8837.634765625,113.08695220947266,0.48331940174102783
1776175983293,1.0,0.0,8838.6708984375,113.34197235107422,0.4836098551750183
1776175983313,1.0,0.0,8839.142578125,113.57489776611328,0.4837684631347656
1776175983334,1.0,0.0,8839.7099609375,113.78608703613281,0.48392757773399353
1776175983353,1.0,0.0,8840.2783203125,114.03279113769531,0.48406150937080383
1776175983373,1.0,0.0,8840.7529296875,114.25663757324219,0.48421934247016907
1776175983393,1.0,0.0,8841.798828125,114.45152282714844,0.4845127463340759
1776175983413,1.0,0.0,8842.3701171875,114.69075012207031,0.4846464991569519
1776175983433,1.0,0.0,8842.84765625,114.92044067382812,0.48480862379074097
1776175983453,1.0,0.0,8843.4208984375,115.12199401855469,0.4849419891834259
1776175983473,1.0,0.0,8843.8994140625,115.36741638183594,0.4851028323173523
1776175983495,1.0,0.0,8844.955078125,115.60559844970703,0.48539915680885315
1776175983514,1.0,0.0,8845.533203125,115.84522247314453,0.4855617582798004
1776175983534,1.0,0.0,8846.1123046875,116.05583190917969,0.4856967031955719
1776175983553,1.0,0.0,8846.595703125,116.28829193115234,0.48585981130599976
1776175983573,1.0,0.0,8847.1767578125,116.47808074951172,0.48599544167518616
1776175983593,1.0,0.0,8848.2431640625,116.70843505859375,0.4862944781780243
1776175983613,1.0,0.0,8848.7294921875,116.93553161621094,0.4864588677883148
1776175983634,1.0,0.0,8849.3134765625,117.13733673095703,0.48659467697143555
1776175983653,1.0,0.0,8849.80078125,117.36847686767578,0.4867602586746216
1776175983673,1.0,0.0,8850.38671875,117.59107208251953,0.4869232177734375
1776175983693,1.0,0.0,8851.4638671875,117.78675842285156,0.48722559213638306
1776175983713,1.0,0.0,8852.052734375,118.01097106933594,0.4873628616333008
1776175983733,1.0,0.0,8852.5439453125,118.23771667480469,0.48752743005752563
1776175983753,1.0,0.0,8853.134765625,118.43419647216797,0.4876662790775299
1776175983773,1.0,0.0,8853.6279296875,118.6652603149414,0.4878319203853607
1776175983793,1.0,0.0,8854.7138671875,118.8860092163086,0.48813754320144653
1776175983813,1.0,0.0,8855.3076171875,119.07646942138672,0.4883043169975281
1776175983833,1.0,0.0,8855.90234375,119.30236053466797,0.48844170570373535
1776175983854,1.0,0.0,8856.3984375,119.52112579345703,0.48860985040664673
1776175983873,1.0,0.0,8856.9951171875,119.70771789550781,0.4887482821941376
1776175983894,1.0,0.0,8858.091796875,119.92945861816406,0.4890565574169159
1776175983913,1.0,0.0,8858.5908203125,120.14852905273438,0.48922351002693176
1776175983934,1.0,0.0,8859.19140625,120.37582397460938,0.4893636107444763
1776175983954,1.0,0.0,8859.6923828125,120.56806945800781,0.48953187465667725
1776175983974,1.0,0.0,8860.294921875,120.79097747802734,0.4897010028362274
1776175983993,1.0,0.0,8861.4013671875,120.98615264892578,0.49001196026802063
1776175984013,1.0,0.0,8862.005859375,121.19698333740234,0.4901520311832428
1776175984034,1.0,0.0,8862.5107421875,121.41242218017578,0.49032121896743774
1776175984053,1.0,0.0,8863.1171875,121.59744262695312,0.4904630780220032
1776175984073,1.0,0.0,8863.623046875,121.80938720703125,0.49063342809677124
1776175984093,1.0,0.0,8864.7392578125,122.02839660644531,0.490944504737854
1776175984114,1.0,0.0,8865.3486328125,122.2557601928711,0.49108779430389404
1776175984133,1.0,0.0,8865.857421875,122.45072937011719,0.491258829832077
1776175984153,1.0,0.0,8866.46875,122.670166015625,0.49143025279045105
1776175984174,1.0,0.0,8867.0810546875,122.88074493408203,0.4915732443332672
1776175984193,1.0,0.0,8868.2060546875,123.0678939819336,0.49188944697380066
1776175984214,1.0,0.0,8868.71875,123.29118347167969,0.4920605719089508
1776175984235,1.0,0.0,8869.3349609375,123.50873565673828,0.49220508337020874
1776175984255,1.0,0.0,8869.8486328125,123.6850814819336,0.4923766851425171
1776175984273,1.0,0.0,8870.4658203125,123.8982162475586,0.4925210177898407
1776175984293,1.0,0.0,8871.6005859375,124.08747100830078,0.4928695559501648
1776175984314,1.0,0.0,8872.220703125,124.30902099609375,0.4930146634578705
1776175984334,1.0,0.0,8872.73828125,124.53243255615234,0.4931875765323639
1776175984353,1.0,0.0,8873.3603515625,124.71719360351562,0.49333369731903076
1776175984374,1.0,0.0,8873.87890625,124.93760681152344,0.4935081899166107
1776175984393,1.0,0.0,8875.0224609375,125.15830993652344,0.4938283860683441
1776175984413,1.0,0.0,8875.6474609375,125.3357925415039,0.49397528171539307
1776175984434,1.0,0.0,8876.1689453125,125.5513687133789,0.494150310754776
1776175984453,1.0,0.0,8876.7958984375,125.79026794433594,0.49432727694511414
1776175984473,1.0,0.0,8877.423828125,125.99004364013672,0.49447259306907654
1776175984495,1.0,0.0,8878.578125,126.21588134765625,0.4947968125343323
1776175984514,1.0,0.0,8879.103515625,126.4212646484375,0.4949733316898346
1776175984538,1.0,0.0,8879.7353515625,126.63262939453125,0.4951206147670746
1776175984553,1.0,0.0,8880.2626953125,126.8211669921875,0.4952999949455261
1776175984574,1.0,0.0,8880.8955078125,127.0431900024414,0.49547675251960754
1776175984594,1.0,0.0,8882.05859375,127.23495483398438,0.4958028197288513
1776175984614,1.0,0.0,8882.6943359375,127.46546173095703,0.4959520399570465
1776175984636,1.0,0.0,8883.2255859375,127.73182678222656,0.49613168835639954
1776175984653,1.0,0.0,8883.86328125,127.88850402832031,0.49627918004989624
1776175984674,1.0,0.0,8884.3955078125,128.09512329101562,0.4964579641819
1776175984693,1.0,0.0,8885.5693359375,128.32125854492188,0.49678876996040344
1776175984713,1.0,0.0,8886.2109375,128.50595092773438,0.49696943163871765
1776175984735,1.0,0.0,8886.853515625,128.70716857910156,0.49711930751800537
1776175984753,1.0,0.0,8887.3896484375,128.91661071777344,0.4973006844520569
1776175984774,1.0,0.0,8888.033203125,129.11448669433594,0.4974502921104431
1776175984793,1.0,0.0,8889.2158203125,129.3393096923828,0.4977818429470062
1776175984813,1.0,0.0,8889.7548828125,129.55084228515625,0.49796339869499207
1776175984833,1.0,0.0,8890.40234375,129.72711181640625,0.4981137216091156
1776175984853,1.0,0.0,8890.9423828125,129.93121337890625,0.4982970952987671
1776175984873,1.0,0.0,8891.5908203125,130.15411376953125,0.49847841262817383
1776175984893,1.0,0.0,8892.7822265625,130.34718322753906,0.4988146424293518
1776175984913,1.0,0.0,8893.43359375,130.5643310546875,0.4989657402038574
1776175984933,1.0,0.0,8893.9775390625,130.77662658691406,0.49914947152137756
1776175984953,1.0,0.0,8894.630859375,130.95191955566406,0.4993019998073578
1776175984974,1.0,0.0,8895.17578125,131.15025329589844,0.49948710203170776
1776175984994,1.0,0.0,8896.3759765625,131.3611602783203,0.49982336163520813
1776175985014,1.0,0.0,8897.0322265625,131.58250427246094,0.5000095367431641
1776175985037,1.0,0.0,8897.689453125,131.80084228515625,0.5001634359359741
1776175985053,1.0,0.0,8898.23828125,131.9775848388672,0.5003491640090942
1776175985073,1.0,0.0,8898.8974609375,132.1549835205078,0.5005025267601013
1776175985093,1.0,0.0,8900.1083984375,132.38209533691406,0.5008420348167419
1776175985113,1.0,0.0,8900.66015625,132.57635498046875,0.5010275840759277
1776175985134,1.0,0.0,8901.322265625,132.78323364257812,0.5011822581291199
1776175985155,1.0,0.0,8901.875,132.96649169921875,0.5013693571090698
1776175985173,1.0,0.0,8902.5390625,133.1690216064453,0.5015555024147034
1776175985193,1.0,0.0,8903.7587890625,133.334716796875,0.5018991827964783
1776175985213,1.0,0.0,8904.4248046875,133.5314178466797,0.5020561218261719
1776175985234,1.0,0.0,8904.98046875,133.74276733398438,0.5022425055503845
1776175985253,1.0,0.0,8905.6484375,133.9301300048828,0.5023993253707886
1776175985273,1.0,0.0,8906.2060546875,134.14797973632812,0.5025869011878967
1776175985293,1.0,0.0,8907.4345703125,134.33432006835938,0.5029327273368835
1776175985313,1.0,0.0,8908.10546875,134.47410583496094,0.5030903816223145
1776175985333,0.8554500341415405,0.0,8908.6650390625,134.6746826171875,0.5032801628112793
1776175985353,0.4761500060558319,0.0,8909.337890625,134.86106872558594,0.5034671425819397
1776175985373,0.08330002427101135,0.0,8910.01171875,134.936767578125,0.5036270022392273
1776175985393,0.0,0.0,8911.248046875,134.90408325195312,0.5039727091789246
1776175985414,0.0,0.0,8911.810546875,134.81768798828125,0.5041620135307312
1776175985434,0.0,0.0,8912.484375,134.72499084472656,0.5043196082115173
1776175985453,0.0,0.0,8913.0458984375,134.6438751220703,0.5045082569122314
1776175985473,0.0,0.0,8913.71875,134.54859924316406,0.5046967267990112
1776175985493,0.0,0.0,8914.9521484375,134.46771240234375,0.5050433874130249
1776175985513,0.0,0.0,8915.6240234375,134.37332153320312,0.505200207233429
1776175985533,0.0,0.017553076148033142,8916.18359375,134.27906799316406,0.5053883790969849
1776175985553,0.0,0.19178064167499542,8916.8544921875,134.17530822753906,0.5055450797080994
1776175985574,0.0,0.6577082872390747,8917.4130859375,133.88638305664062,0.5057333707809448
1776175985593,0.0,1.0,8918.640625,133.24998474121094,0.506077766418457
1776175985613,0.0,1.0,8919.3076171875,132.53285217285156,0.5062642097473145
1776175985634,0.0,0.8093602657318115,8919.8603515625,131.67616271972656,0.5064178705215454
1776175985653,0.0,0.5464999675750732,8920.5205078125,130.8555908203125,0.5066021084785461
1776175985674,0.0,0.410310834646225,8921.1767578125,130.29705810546875,0.5067551732063293
1776175985693,0.0,0.38789868354797363,8922.37109375,129.79412841796875,0.5070891976356506
1776175985713,0.0,0.4833733141422272,8922.9111328125,129.31634521484375,0.5072709918022156
1776175985733,0.0,0.6468548774719238,8923.5576171875,128.85923767089844,0.5074216723442078
1776175985753,0.0,0.8478404879570007,8924.0947265625,128.2080078125,0.5076019763946533
1776175985773,0.0,1.0,8924.7373046875,127.45143127441406,0.5077822208404541
1776175985793,0.0,1.0,8925.9091796875,126.72866821289062,0.5081092119216919
1776175985813,0.0,1.0,8926.54296875,125.86264038085938,0.5082559585571289
1776175985834,0.0,1.0,8927.068359375,125.0185317993164,0.5084327459335327
1776175985853,0.0,0.9146422147750854,8927.6953125,124.34733581542969,0.5085785984992981
1776175985873,0.0,0.8093602657318115,8928.21484375,123.54090118408203,0.5087538361549377
1776175985893,0.0,0.8093602657318115,8929.3505859375,122.68487548828125,0.5090692043304443
1776175985913,0.0,0.8874748349189758,8929.9658203125,121.94542694091797,0.5092405676841736
1776175985933,0.0,1.0,8930.5771484375,121.04788208007812,0.509382426738739
1776175985953,0.0,1.0,8931.083984375,120.14808654785156,0.509552001953125
1776175985973,0.0,1.0,8931.6884765625,119.3799819946289,0.509691596031189
1776175985993,0.0,1.0,8932.787109375,118.48255920410156,0.5099979043006897
1776175986013,0.0,1.0,8933.2822265625,117.56877136230469,0.5101631879806519
1776175986034,0.0,1.0,8933.8720703125,116.71552276611328,0.5103002190589905
1776175986053,0.0,1.0,8934.361328125,115.95018768310547,0.5104629993438721
1776175986073,0.0,1.0,8934.9443359375,115.0318832397461,0.5106251239776611
1776175986093,0.0,1.0,8936.0029296875,114.30086517333984,0.5109201669692993
1776175986113,0.0,1.0,8936.5751953125,113.44572448730469,0.5110528469085693
1776175986134,0.0,1.0,8937.0498046875,112.55786895751953,0.5112106800079346
1776175986153,0.0,1.0,8937.615234375,111.7884521484375,0.51134192943573
1776175986173,0.0,1.0,8938.083984375,111.00331115722656,0.5114968419075012
1776175986194,0.0,1.0,8939.10546875,110.16539764404297,0.5117796659469604
1776175986213,0.0,1.0,8939.658203125,109.46826934814453,0.5119326114654541
1776175986234,0.0,1.0,8940.20703125,108.6110610961914,0.5120590329170227
1776175986253,0.0,1.0,8940.662109375,107.75663757324219,0.5122104287147522
1776175986273,0.0,1.0,8941.2041015625,107.03677368164062,0.5123358368873596
1776175986293,0.0,1.0,8942.1884765625,106.22533416748047,0.5126075744628906
1776175986313,0.0,1.0,8942.6318359375,105.34757995605469,0.5127542018890381
1776175986334,0.0,1.0,8943.1611328125,104.5577163696289,0.5128753781318665
1776175986353,0.0,1.0,8943.5986328125,103.86672973632812,0.5130212306976318
1776175986373,0.0,1.0,8944.12109375,103.04627227783203,0.5131653547286987
1776175986393,0.0,1.0,8945.0703125,102.37020874023438,0.5134250521659851
1776175986413,0.0,1.0,8945.5830078125,101.55117797851562,0.5135439038276672
1776175986434,0.0,1.0,8946.0078125,100.77306365966797,0.5136834383010864
1776175986453,0.0,1.0,8946.513671875,100.07247924804688,0.5137996673583984
1776175986473,0.0,1.0,8946.93359375,99.27314758300781,0.5139375329017639
1776175986493,0.0,1.0,8947.84765625,98.53131866455078,0.514187216758728
1776175986513,0.0,1.0,8948.341796875,97.82083129882812,0.5143222808837891
1776175986534,0.0,1.0,8948.83203125,97.05028533935547,0.514434278011322
1776175986553,0.0,0.6906412839889526,8949.23828125,96.22525787353516,0.5145684480667114
1776175986573,0.0,0.4663964509963989,8949.72265625,95.56944274902344,0.5146770477294922
1776175986593,0.0,0.3131811320781708,8950.6025390625,94.89883422851562,0.5149192810058594
1776175986613,0.0,0.21452350914478302,8950.9990234375,94.35725402832031,0.5150476694107056
1776175986633,0.0,0.1748504638671875,8951.47265625,93.95516204833984,0.5151564478874207
1776175986653,0.0,0.1552741378545761,8951.865234375,93.5432357788086,0.5152837634086609
1776175986673,0.0,0.1443578451871872,8952.3349609375,93.15312957763672,0.5154114961624146
1776175986693,0.0,0.13401572406291962,8953.19140625,92.82865905761719,0.5156449675559998
1776175986713,0.0,0.11196944862604141,8953.65625,92.46090698242188,0.5157499313354492
1776175986734,0.0,0.09017623215913773,8954.04296875,92.1053466796875,0.5158765316009521
1776175986753,0.0,0.07823561131954193,8954.5048828125,91.81835174560547,0.5159810781478882
1776175986773,0.0,0.07378428429365158,8954.888671875,91.51012420654297,0.5161076188087463
1776175986793,0.0,0.06142096966505051,8955.7294921875,91.23133087158203,0.5163365006446838
1776175986813,0.0,0.06142096966505051,8956.1865234375,91.01048278808594,0.5164586305618286
1776175986834,0.0,0.06142096966505051,8956.642578125,90.76499938964844,0.5165636539459229
1776175986853,0.0,0.06142096966505051,8957.021484375,90.53414154052734,0.5166874527931213
1776175986873,0.0,0.06739471852779388,8957.4755859375,90.34601593017578,0.5167894959449768
1776175986893,0.0,0.07161616533994675,8958.3056640625,90.1270523071289,0.5170139074325562
1776175986913,0.0,0.07381204515695572,8958.681640625,89.90853118896484,0.5171369314193726
1776175986933,0.0,0.07381204515695572,8959.1318359375,89.71996307373047,0.5172404050827026
1776175986953,0.0,0.07381204515695572,8959.5068359375,89.49468231201172,0.5173606872558594
1776175986973,0.0,0.07381204515695572,8959.955078125,89.27581787109375,0.5174822211265564
1776175986993,0.0,0.07381204515695572,8960.7744140625,89.09345245361328,0.5177053213119507
1776175987013,0.0,0.07381204515695572,8961.2197265625,88.86985778808594,0.5178067088127136
1776175987033,0.0,0.07381204515695572,8961.58984375,88.64108276367188,0.5179279446601868
1776175987053,0.0,0.07381204515695572,8962.033203125,88.44351959228516,0.5180268883705139
1776175987073,0.0,0.07378428429365158,8962.40234375,88.21211242675781,0.5181472897529602
1776175987093,0.0,0.026536842808127403,8963.2119140625,87.99110412597656,0.5183661580085754
1776175987113,0.0,0.0008974525262601674,8963.65234375,87.82196807861328,0.5184846520423889
1776175987134,0.0,0.0,8964.091796875,87.63776397705078,0.5185825228691101
1776175987153,0.0,0.0,8964.45703125,87.45978546142578,0.5187020897865295
1776175987173,0.0,0.0,8964.89453125,87.3128433227539,0.5188003778457642
1776175987193,0.0,0.0,8965.6953125,87.14268493652344,0.519015371799469
1776175987213,0.0,0.0,8966.05859375,86.97103881835938,0.519133448600769
1776175987233,0.0,0.0,8966.494140625,86.82269287109375,0.5192322134971619
1776175987253,0.0,0.0,8966.8564453125,86.64791107177734,0.5193499326705933
1776175987273,0.0,0.0,8967.2900390625,86.47586822509766,0.5194649696350098
1776175987293,0.0,0.0,8968.083984375,86.32992553710938,0.5196776390075684
1776175987313,0.047600001096725464,0.0,8968.515625,86.16509246826172,0.5197750926017761
1776175987333,0.22220000624656677,0.0,8968.875,86.01947784423828,0.5198907852172852
1776175987353,0.361050009727478,0.0,8969.3056640625,85.91429901123047,0.5199891924858093
1776175987373,0.4681999981403351,0.0,8969.6640625,85.810791015625,0.520102858543396
1776175987393,0.5156000256538391,0.0,8970.451171875,85.76008605957031,0.5203139185905457
1776175987413,0.5351499915122986,0.0,8970.8798828125,85.75389862060547,0.5204107761383057
1776175987434,0.5351499915122986,0.0,8971.2373046875,85.77224731445312,0.520526647567749
1776175987453,0.5195500254631042,0.0,8971.666015625,85.8082504272461,0.520641565322876
1776175987473,0.5077999830245972,0.0,8972.0947265625,85.84902954101562,0.5207370519638062
1776175987493,0.49994999170303345,0.0,8972.8818359375,85.90838623046875,0.5209512710571289
1776175987513,0.4761500060558319,0.0,8973.240234375,85.95289611816406,0.521064817905426
1776175987534,0.4761500060558319,0.0,8973.669921875,85.99201965332031,0.5211621522903442
1776175987553,0.48805001378059387,0.0,8974.0283203125,86.03971862792969,0.5212761163711548
1776175987573,0.5038999915122986,0.0,8974.4580078125,86.1090316772461,0.521390974521637
1776175987593,0.5273500084877014,0.0,8975.248046875,86.17034149169922,0.521602213382721
1776175987613,0.5625,0.0,8975.6787109375,86.2365493774414,0.521698534488678
1776175987635,0.5859500169754028,0.0,8976.0380859375,86.3057861328125,0.5218135714530945
1776175987653,0.5976499915122986,0.0,8976.4697265625,86.37267303466797,0.5219103693962097
1776175987674,0.5976499915122986,0.0,8976.8291015625,86.45741271972656,0.5220268368721008
1776175987693,0.59375,0.0,8977.62109375,86.54442596435547,0.5222392678260803
1776175987713,0.5898500084877014,0.0,8978.0537109375,86.62213897705078,0.52235347032547
1776175987734,0.5820499658584595,0.0,8978.4873046875,86.71504211425781,0.5224509239196777
1776175987753,0.5780999660491943,0.0,8978.8486328125,86.80619049072266,0.5225659608840942
1776175987773,0.5741999745368958,0.0,8979.2822265625,86.87680053710938,0.5226626396179199
1776175987793,0.5663999915122986,0.0,8980.0791015625,86.95964050292969,0.5228771567344666
1776175987813,0.5586000084877014,0.0,8980.44140625,87.05936431884766,0.5229944586753845
1776175987834,0.5586000084877014,0.0,8980.876953125,87.14541625976562,0.5230929255485535
1776175987853,0.5586000084877014,0.0,8981.240234375,87.23774719238281,0.5232083797454834
1776175987874,0.5586000084877014,0.0,8981.67578125,87.3121337890625,0.5233263969421387
1776175987893,0.5586000084877014,0.0,8982.474609375,87.37599182128906,0.5235405564308167
1776175987913,0.5586000084877014,0.0,8982.9111328125,87.44636535644531,0.5236385464668274
1776175987934,0.5468500256538391,0.0,8983.275390625,87.51783752441406,0.5237545967102051
1776175987953,0.5390499830245972,0.0,8983.712890625,87.57987213134766,0.5238516926765442
1776175987974,0.5351499915122986,0.0,8984.0771484375,87.64974975585938,0.5239715576171875
1776175987993,0.5351499915122986,0.0,8984.8798828125,87.71942138671875,0.5241873264312744
1776175988013,0.5351499915122986,0.0,8985.318359375,87.772705078125,0.5243053436279297
1776175988034,0.5351499915122986,0.0,8985.7568359375,87.82772827148438,0.5244044065475464
1776175988053,0.5390499830245972,0.0,8986.1220703125,87.8795166015625,0.5245225429534912
1776175988073,0.5468500256538391,0.0,8986.5615234375,87.91848754882812,0.5246196389198303
1776175988093,0.5547000169754028,0.0,8987.3671875,87.96309661865234,0.5248370170593262
1776175988113,0.5702999830245972,0.0,8987.7333984375,88.02201080322266,0.5249562859535217
1776175988133,0.5741999745368958,0.0,8988.173828125,88.080078125,0.5250561237335205
1776175988153,0.5780999660491943,0.0,8988.541015625,88.14054107666016,0.5251737833023071
1776175988174,0.5820499658584595,0.0,8988.9814453125,88.18836975097656,0.525291383266449
1776175988193,0.5820499658584595,0.0,8989.791015625,88.24166107177734,0.5255088210105896
1776175988214,0.5820499658584595,0.0,8990.232421875,88.31900787353516,0.5256084203720093
1776175988235,0.59375,0.0,8990.6005859375,88.39456176757812,0.5257270932197571
1776175988253,0.6054499745368958,0.0,8991.04296875,88.45903015136719,0.5258254408836365
1776175988273,0.6211000084877014,0.0,8991.4111328125,88.54557800292969,0.5259429216384888
1776175988293,0.6405999660491943,0.0,8992.22265625,88.6397933959961,0.526164710521698
1776175988313,0.65625,0.0,8992.666015625,88.71527099609375,0.5262642502784729
1776175988334,0.6757999658584595,0.0,8993.03515625,88.80560302734375,0.5263833999633789
1776175988353,0.6836000084877014,0.0,8993.478515625,88.91215515136719,0.5265067219734192
1776175988373,0.6836000084877014,0.0,8993.9228515625,89.01814270019531,0.5266054272651672
1776175988393,0.6757999658584595,0.0,8994.6640625,89.15238189697266,0.5268251299858093
1776175988413,0.6679499745368958,0.0,8995.109375,89.28839874267578,0.5269469022750854
1776175988434,0.65625,0.0,8995.5556640625,89.41223907470703,0.5270497798919678
1776175988453,0.65625,0.0,8995.927734375,89.51160430908203,0.5271685719490051
1776175988473,0.6523500084877014,0.0,8996.375,89.62591552734375,0.5272902250289917
1776175988493,0.6523500084877014,0.0,8997.1953125,89.72476196289062,0.5275139212608337
1776175988513,0.6601499915122986,0.0,8997.6435546875,89.84195709228516,0.5276147127151489
1776175988534,0.6797000169754028,0.0,8998.017578125,89.97021484375,0.5277361273765564
1776175988553,0.7030999660491943,0.0,8998.466796875,90.08430480957031,0.5278373956680298
1776175988573,0.7461000084877014,0.0,8998.841796875,90.21735382080078,0.527960479259491
1776175988593,0.8047000169754028,0.0,8999.66796875,90.3600845336914,0.52818363904953
1776175988613,0.8476499915122986,0.0,9000.1201171875,90.49913024902344,0.528308093547821
1776175988636,0.8945499658584595,0.0,9000.572265625,90.72772216796875,0.5284100770950317
1776175988653,0.9335999488830566,0.0,9000.9501953125,90.92849731445312,0.5285339951515198
1776175988673,0.9726499915122986,0.0,9001.404296875,91.14405059814453,0.528635561466217
1776175988693,1.0,0.0,9002.2392578125,91.40604400634766,0.5288643836975098
1776175988713,1.0,0.0,9002.6201171875,91.66486358642578,0.5289887189865112
1776175988735,1.0,0.0,9003.078125,91.9350357055664,0.529114305973053
1776175988753,1.0,0.0,9003.4609375,92.177001953125,0.5292177796363831
1776175988773,1.0,0.0,9003.9208984375,92.46337890625,0.529344379901886
1776175988793,1.0,0.0,9004.767578125,92.69728088378906,0.5295765995979309
1776175988813,1.0,0.0,9005.2314453125,92.97882843017578,0.5296822786331177
1776175988834,1.0,0.0,9005.619140625,93.26636505126953,0.5298095345497131
1776175988853,1.0,0.0,9006.0849609375,93.5118637084961,0.5299176573753357
1776175988873,1.0,0.0,9006.4736328125,93.81452941894531,0.5300462245941162
1776175988893,1.0,0.0,9007.33203125,94.11541748046875,0.5302842259407043
1776175988913,1.0,0.0,9007.802734375,94.37274169921875,0.5304136276245117
1776175988934,1.0,0.0,9008.2744140625,94.644287109375,0.530521810054779
1776175988953,1.0,0.0,9008.66796875,94.9176254272461,0.5306519865989685
1776175988973,1.0,0.0,9009.1416015625,95.16212463378906,0.5307605862617493
1776175988993,1.0,0.0,9010.0126953125,95.45472717285156,0.5310007333755493
1776175989013,1.0,0.0,9010.41015625,95.73784637451172,0.531131386756897
1776175989035,1.0,0.0,9010.888671875,96.0141830444336,0.5312633514404297
1776175989053,1.0,0.0,9011.3681640625,96.26443481445312,0.5313733816146851
1776175989074,1.0,0.0,9011.7685546875,96.55168151855469,0.5315067172050476
1776175989093,1.0,0.0,9012.65234375,96.79121398925781,0.5317501425743103
1776175989113,1.0,0.0,9013.13671875,97.07914733886719,0.531861424446106
1776175989133,1.0,0.0,9013.541015625,97.36709594726562,0.5319952964782715
1776175989153,1.0,0.0,9014.02734375,97.61199951171875,0.5321074724197388
1776175989173,1.0,0.0,9014.43359375,97.90913391113281,0.5322428345680237
1776175989193,1.0,0.0,9015.412109375,98.2063217163086,0.5324913859367371
1776175989213,1.0,0.0,9015.8212890625,98.44880676269531,0.5326273441314697
1776175989233,1.0,0.0,9016.3134765625,98.71585083007812,0.5327415466308594
1776175989253,1.0,0.0,9016.724609375,98.9814682006836,0.5328783392906189
1776175989273,1.0,0.0,9017.21875,99.2202377319336,0.5329926013946533
1776175989293,1.0,0.0,9018.126953125,99.5002212524414,0.5332454442977905
1776175989313,1.0,0.0,9018.541015625,99.77742767333984,0.5333836078643799
1776175989334,1.0,0.0,9019.0390625,100.00453186035156,0.5335223078727722
1776175989353,1.0,0.0,9019.5380859375,100.26863098144531,0.5336384177207947
1776175989374,1.0,0.0,9019.955078125,100.54240417480469,0.5337780117988586
1776175989393,1.0,0.0,9020.8759765625,100.7765121459961,0.5340350866317749
1776175989413,1.0,0.0,9021.3798828125,101.0496826171875,0.534152090549469
1776175989435,1.0,0.0,9021.80078125,101.32898712158203,0.5342930555343628
1776175989453,1.0,0.0,9022.306640625,101.5661392211914,0.5344110131263733
1776175989473,1.0,0.0,9022.7294921875,101.82769775390625,0.5345524549484253
1776175989493,1.0,0.0,9023.74609375,102.08039093017578,0.534812867641449
1776175989513,1.0,0.0,9024.1708984375,102.3089828491211,0.5349553823471069
1776175989535,1.0,0.0,9024.681640625,102.6080322265625,0.535074770450592
1776175989553,0.9843499660491943,0.0,9025.1083984375,102.82278442382812,0.5352181196212769
1776175989573,0.9297000169754028,0.0,9025.62109375,103.03790283203125,0.5353379845619202
1776175989593,0.8593499660491943,0.0,9026.564453125,103.28536224365234,0.5356017351150513
1776175989613,0.7851499915122986,0.0,9026.994140625,103.51848602294922,0.5357466340065002
1776175989634,0.7148500084877014,0.0,9027.5107421875,103.71812438964844,0.5358914732933044
1776175989653,0.6366999745368958,0.0,9028.0283203125,103.86023712158203,0.5360119938850403
1776175989674,0.5390499830245972,0.0,9028.4599609375,103.98486328125,0.5361578464508057
1776175989693,0.4761500060558319,0.0,9029.412109375,104.06689453125,0.5364242792129517
1776175989714,0.3968000113964081,0.0,9029.931640625,104.13923645019531,0.5365457534790039
1776175989733,0.3372499942779541,0.0,9030.365234375,104.17357635498047,0.5366917848587036
1776175989755,0.30550000071525574,0.0,9030.8857421875,104.17626190185547,0.5368133187294006
1776175989774,0.2857000231742859,0.0,9031.3193359375,104.12265014648438,0.5369589924812317
1776175989793,0.2817000150680542,0.0,9032.3603515625,104.05311584472656,0.5372264385223389
1776175989816,0.29360002279281616,0.0,9032.7939453125,103.98394775390625,0.5373719334602356
1776175989833,0.31744998693466187,0.0,9033.3134765625,103.92435455322266,0.5374929308891296
1776175989853,0.3412500023841858,0.0,9033.74609375,103.85291290283203,0.5376388430595398
1776175989873,0.37299999594688416,0.0,9034.2646484375,103.79363250732422,0.5377594828605652
1776175989893,0.40869998931884766,0.0,9035.2158203125,103.72514343261719,0.5380262732505798
1776175989913,0.44440001249313354,0.0,9035.6474609375,103.65814208984375,0.538171112537384
1776175989934,0.4761500060558319,0.0,9036.1650390625,103.5871810913086,0.5383166074752808
1776175989953,0.49994999170303345,0.0,9036.6826171875,103.52658081054688,0.5384370684623718
1776175989973,0.5077999830245972,0.0,9037.11328125,103.45394134521484,0.5385817289352417
1776175989993,0.5234500169754028,0.0,9038.060546875,103.39299774169922,0.5388471484184265
1776175990013,0.53125,0.0,9038.5771484375,103.49178314208984,0.5389677286148071
1776175990033,0.5468500256538391,0.0,9039.0078125,103.83379364013672,0.5391123294830322
1776175990053,0.5625,0.0,9039.525390625,104.14695739746094,0.5392336249351501
1776175990073,0.5702999830245972,0.0,9039.9580078125,104.47183990478516,0.5393791198730469
1776175990093,0.5780999660491943,0.0,9041.001953125,104.73782348632812,0.5396454930305481
1776175990113,0.5859500169754028,0.0,9041.4384765625,104.96256256103516,0.5397917628288269
1776175990133,0.59375,0.0,9041.962890625,105.1712646484375,0.5399149656295776
1776175990153,0.6054499745368958,0.0,9042.4013671875,105.2791748046875,0.5400612354278564
1776175990174,0.6132999658584595,0.0,9042.927734375,105.33922576904297,0.5401845574378967
1776175990193,0.6172000169754028,0.0,9043.892578125,105.41331481933594,0.5404549241065979
1776175990213,0.6211000084877014,0.0,9044.33203125,105.49882507324219,0.5406019687652588
1776175990234,0.625,0.0,9044.859375,105.57817840576172,0.5407490730285645
1776175990253,0.6327999830245972,0.0,9045.38671875,105.67078399658203,0.5408716797828674
1776175990274,0.6445499658584595,0.0,9045.826171875,105.75458526611328,0.5410194993019104
1776175990293,0.65625,0.0,9046.794921875,105.82532501220703,0.5412898659706116
1776175990313,0.6757999658584595,0.0,9047.3232421875,105.91368865966797,0.5414136052131653
1776175990333,0.6991999745368958,0.0,9047.763671875,106.0112075805664,0.54156094789505
1776175990353,0.71875,0.0,9048.29296875,106.1042709350586,0.541684091091156
1776175990373,0.7343499660491943,0.0,9048.734375,106.21823120117188,0.5418322086334229
1776175990393,0.7422000169754028,0.0,9049.794921875,106.33745574951172,0.5421045422554016
1776175990413,0.7422000169754028,0.0,9050.2373046875,106.44188690185547,0.5422525405883789
1776175990434,0.7422000169754028,0.0,9050.7685546875,106.57039642333984,0.5423755645751953
1776175990453,0.7382999658584595,0.0,9051.2119140625,106.70240783691406,0.542525053024292
1776175990473,0.7382999658584595,0.0,9051.744140625,106.81118774414062,0.5426492094993591
1776175990493,0.7382999658584595,0.0,9052.72265625,106.94683837890625,0.5429222583770752
1776175990513,0.7382999658584595,0.0,9053.16796875,107.08931732177734,0.5430717468261719
1776175990534,0.7382999658584595,0.0,9053.703125,107.2413101196289,0.5432212352752686
1776175990553,0.7382999658584595,0.0,9054.2392578125,107.38280487060547,0.5433453917503357
1776175990574,0.7382999658584595,0.0,9054.6865234375,107.53511047363281,0.5434960126876831
1776175990593,0.7382999658584595,0.0,9055.671875,107.65322875976562,0.5437701940536499
1776175990613,0.7538999915122986,0.0,9056.2099609375,107.78536987304688,0.5438952445983887
1776175990634,0.7890499830245972,0.0,9056.6591796875,107.92569732666016,0.5440458059310913
1776175990653,0.8202999830245972,0.0,9057.1982421875,108.05884552001953,0.5441960692405701
1776175990673,0.8554500341415405,0.0,9057.73828125,108.23988342285156,0.5443212389945984
1776175990693,0.9023499488830566,0.0,9058.7294921875,108.4397964477539,0.5445989966392517
1776175990713,0.9335999488830566,0.0,9059.181640625,108.62258911132812,0.5447497367858887
1776175990733,0.9804499745368958,0.0,9059.724609375,108.85881042480469,0.5448765158653259
1776175990753,1.0,0.0,9060.177734375,109.08726501464844,0.5450277328491211
1776175990773,1.0,0.0,9060.72265625,109.28641510009766,0.545153796672821
1776175990793,1.0,0.0,9061.724609375,109.5320053100586,0.5454592704772949
1776175990813,1.0,0.0,9062.2724609375,109.77278137207031,0.5455859899520874
1776175990834,1.0,0.0,9062.7294921875,109.98081970214844,0.545738935470581
1776175990853,1.0,0.0,9063.279296875,110.22996520996094,0.5458665490150452
1776175990873,1.0,0.0,9063.73828125,110.48184967041016,0.5460214018821716
1776175990893,1.0,0.0,9064.75,110.69562530517578,0.5463032722473145
1776175990913,1.0,0.0,9065.3037109375,110.94255065917969,0.5464321374893188
1776175990933,1.0,0.0,9065.765625,111.20000457763672,0.5465877056121826
1776175990953,1.0,0.0,9066.3212890625,111.42009735107422,0.5467420220375061
1776175990973,1.0,0.0,9066.8779296875,111.66618347167969,0.5468716025352478
1776175990993,1.0,0.0,9067.9013671875,111.91862487792969,0.5471574664115906
1776175991013,1.0,0.0,9068.3671875,112.1393051147461,0.547314465045929
1776175991033,1.0,0.0,9068.9267578125,112.38777160644531,0.5474442839622498
1776175991053,1.0,0.0,9069.39453125,112.63584899902344,0.5476018190383911
1776175991073,1.0,0.0,9069.9560546875,112.8515853881836,0.5477322340011597
1776175991094,1.0,0.0,9070.9892578125,113.10658264160156,0.5480468273162842
1776175991113,1.0,0.0,9071.5546875,113.37226104736328,0.5481787323951721
1776175991134,1.0,0.0,9072.0263671875,113.60005187988281,0.548337996006012
1776175991153,1.0,0.0,9072.59375,113.85631561279297,0.5484703779220581
1776175991173,1.0,0.0,9073.0673828125,114.12627410888672,0.5486277937889099
1776175991193,1.0,0.0,9074.1123046875,114.34959411621094,0.548921525478363
1776175991213,1.0,0.0,9074.68359375,114.60186004638672,0.5490543842315674
1776175991234,1.0,0.0,9075.1611328125,114.86705017089844,0.5492152571678162
1776175991253,1.0,0.0,9075.734375,115.08997344970703,0.5493489503860474
1776175991274,1.0,0.0,9076.212890625,115.36000061035156,0.5495109558105469
1776175991293,1.0,0.0,9077.365234375,115.60466766357422,0.5498060584068298
1776175991313,1.0,0.0,9077.8466796875,115.80068969726562,0.5499687194824219
1776175991333,1.0,0.0,9078.42578125,116.07927703857422,0.5501036643981934
1776175991353,1.0,0.0,9078.9091796875,116.3459243774414,0.550266444683075
1776175991374,1.0,0.0,9079.490234375,116.5665283203125,0.5504292845726013
1776175991393,1.0,0.0,9080.5576171875,116.82539367675781,0.5507291555404663
1776175991413,1.0,0.0,9081.1416015625,117.07948303222656,0.5508657693862915
1776175991434,1.0,0.0,9081.62890625,117.33917236328125,0.5510305166244507
1776175991453,1.0,0.0,9082.21484375,117.55560302734375,0.5511668920516968
1776175991473,1.0,0.0,9082.7041015625,117.80776977539062,0.5513322353363037
1776175991493,1.0,0.0,9083.783203125,118.02861785888672,0.5516343712806702
1776175991513,1.0,0.0,9084.373046875,118.27979278564453,0.55177241563797
1776175991533,1.0,0.0,9084.865234375,118.52806091308594,0.5519399046897888
1776175991553,1.0,0.0,9085.45703125,118.75051879882812,0.5521062016487122
1776175991573,1.0,0.0,9086.0498046875,119.0055923461914,0.5522438883781433
1776175991593,1.0,0.0,9087.140625,119.24945068359375,0.55255126953125
1776175991613,1.0,0.0,9087.6376953125,119.47611999511719,0.5527188777923584
1776175991635,1.0,0.0,9088.2353515625,119.72911071777344,0.5528581738471985
1776175991653,1.0,0.0,9088.7333984375,119.96502685546875,0.5530248880386353
1776175991673,1.0,0.0,9089.3330078125,120.17405700683594,0.553193986415863
1776175991693,1.0,0.0,9090.43359375,120.42594909667969,0.5535025000572205
1776175991713,1.0,0.0,9091.03515625,120.67082977294922,0.5536434054374695
1776175991733,1.0,0.0,9091.5380859375,120.87328338623047,0.553812563419342
1776175991753,1.0,0.0,9092.1416015625,121.1262435913086,0.553954005241394
1776175991774,0.9101499915122986,0.0,9092.6455078125,121.38186645507812,0.5541238784790039
1776175991793,0.6445499658584595,0.0,9093.7568359375,121.57628631591797,0.5544361472129822
1776175991813,0.26980000734329224,0.0,9094.3642578125,121.72087860107422,0.5545790791511536
1776175991833,0.0,0.0,9094.87109375,121.75021362304688,0.5547488927841187
1776175991853,0.0,0.0,9095.4794921875,121.70977020263672,0.5549190640449524
1776175991873,0.0,0.0,9096.087890625,121.64904022216797,0.5550607442855835
1776175991893,0.0,0.0,9097.203125,121.58600616455078,0.5553732514381409
1776175991913,0.0,0.0,9097.7099609375,121.53218841552734,0.5555440187454224
1776175991933,0.0,0.0,9098.3173828125,121.46798706054688,0.5556861758232117
1776175991953,0.0,0.0,9098.8232421875,121.40052795410156,0.5558562874794006
1776175991974,0.0,0.0,9099.4296875,121.34278106689453,0.5560262203216553
1776175991993,0.0,0.0,9100.541015625,121.26819610595703,0.5563374161720276
1776175992013,0.0,0.005127621348947287,9101.1474609375,121.19493103027344,0.5564789175987244
1776175992034,0.0,0.054057586938142776,9101.65234375,121.11260223388672,0.5566490888595581
1776175992053,0.0,0.11196944862604141,9102.2578125,121.00443267822266,0.5567902326583862
1776175992073,0.0,0.13401572406291962,9102.76171875,120.82487487792969,0.5569595098495483
1776175992093,0.0,0.1306924819946289,9103.869140625,120.66072082519531,0.5572710037231445
1776175992113,0.0,0.11493722349405289,9104.47265625,120.46758270263672,0.5574105978012085
1776175992133,0.0,0.11196944862604141,9104.974609375,120.28129577636719,0.5575804114341736
1776175992153,0.0,0.12104549258947372,9105.576171875,120.12722778320312,0.5577472448348999
1776175992173,0.0,0.1241873949766159,9106.1767578125,119.94315338134766,0.5578875541687012
1776175992193,0.0,0.1241873949766159,9107.2763671875,119.74790954589844,0.5581951141357422
1776175992213,0.0,0.12738874554634094,9107.775390625,119.58415985107422,0.5583623647689819
1776175992234,0.0,0.1306924819946289,9108.373046875,119.39008331298828,0.558501660823822
1776175992254,0.0,0.1374005228281021,9108.87109375,119.18987274169922,0.5586687922477722
1776175992273,0.0,0.14793184399604797,9109.4677734375,119.00713348388672,0.5588348507881165
1776175992293,0.0,0.1552741378545761,9110.5595703125,118.78636169433594,0.5591405630111694
1776175992313,0.0,0.1552741378545761,9111.1533203125,118.56476593017578,0.559279203414917
1776175992334,0.0,0.1515703648328781,9111.6474609375,118.34207153320312,0.5594448447227478
1776175992353,0.0,0.14793184399604797,9112.240234375,118.15171813964844,0.559582531452179
1776175992374,0.0,0.13401572406291962,9112.7333984375,117.9356460571289,0.5597477555274963
1776175992393,0.0,0.13401572406291962,9113.8154296875,117.76284790039062,0.5600506067276001
1776175992413,0.0,0.13401572406291962,9114.404296875,117.5647201538086,0.5602157711982727
1776175992434,0.0,0.13401572406291962,9114.9921875,117.35911560058594,0.5603521466255188
1776175992453,0.0,0.1374005228281021,9115.4814453125,117.18787384033203,0.5605169534683228
1776175992474,0.0,0.1374005228281021,9116.068359375,116.98841857910156,0.5606534481048584
1776175992493,0.0,0.1374005228281021,9117.1416015625,116.78865814208984,0.5609523057937622
1776175992513,0.0,0.13401572406291962,9117.6279296875,116.61576080322266,0.5611155033111572
1776175992533,0.0,0.13401572406291962,9118.2109375,116.41498565673828,0.5612791776657104
1776175992553,0.0,0.13401572406291962,9118.79296875,116.21482849121094,0.5614138245582581
1776175992573,0.0,0.1306924819946289,9119.27734375,116.03265380859375,0.5615761876106262
1776175992593,0.0,0.1306924819946289,9120.341796875,115.83026885986328,0.5618737936019897
1776175992613,0.0,0.1306924819946289,9120.9208984375,115.63261413574219,0.5620084404945374
1776175992634,0.0,0.1306924819946289,9121.4033203125,115.43397521972656,0.5621700286865234
1776175992653,0.0,0.1374005228281021,9121.9814453125,115.2573013305664,0.5623040795326233
1776175992673,0.0,0.1374005228281021,9122.4619140625,115.06005859375,0.5624651908874512
1776175992693,0.0,0.14084765315055847,9123.517578125,114.89210510253906,0.5627598762512207
1776175992713,0.0,0.14084765315055847,9124.091796875,114.6838150024414,0.562920331954956
1776175992733,0.0,0.14084765315055847,9124.6650390625,114.47056579589844,0.5630552172660828
1776175992753,0.0,0.1443578451871872,9125.142578125,114.3052978515625,0.5632153749465942
1776175992773,0.0,0.1443578451871872,9125.71484375,114.1096420288086,0.5633482933044434
1776175992793,0.0,0.14793184399604797,9126.7607421875,113.90509033203125,0.5636396408081055
1776175992813,0.0,0.14793184399604797,9127.2353515625,113.71965789794922,0.5637987852096558
1776175992834,0.0,0.14793184399604797,9127.8037109375,113.51908874511719,0.5639573335647583
1776175992853,0.0,0.1552741378545761,9128.37109375,113.31871032714844,0.5640894770622253
1776175992873,0.0,0.1590927094221115,9128.84375,113.13967895507812,0.5642482042312622
1776175992893,0.0,0.17080825567245483,9129.880859375,112.92058563232422,0.5645360350608826
1776175992913,0.0,0.17896243929862976,9130.4453125,112.69117736816406,0.5646683573722839
1776175992934,0.0,0.1873987913131714,9130.9150390625,112.49307250976562,0.5648251175880432
1776175992953,0.0,0.20520155131816864,9131.4775390625,112.24187469482422,0.5649561882019043
1776175992973,0.0,0.24442484974861145,9131.9453125,111.97364044189453,0.5651126503944397
1776175992993,0.0,0.28304019570350647,9132.97265625,111.72652435302734,0.5653990507125854
1776175993013,0.0,0.3131811320781708,9133.53125,111.40088653564453,0.5655544400215149
1776175993033,0.0,0.31956228613853455,9134.0888671875,111.04972839355469,0.5656841993331909
1776175993053,0.0,0.31956228613853455,9134.552734375,110.73323822021484,0.5658391118049622
1776175993073,0.0,0.325955867767334,9135.107421875,110.37660217285156,0.5659688711166382
1776175993093,0.0,0.3457002341747284,9136.1201171875,110.01620483398438,0.5662509799003601
1776175993113,0.0,0.3457002341747284,9136.5791015625,109.6932601928711,0.5664030909538269
1776175993134,0.0,0.3457002341747284,9137.1279296875,109.31128692626953,0.5665568113327026
1776175993153,0.0,0.3457002341747284,9137.6748046875,108.92365264892578,0.5666834115982056
1776175993173,0.0,0.3457002341747284,9138.1298828125,108.61206817626953,0.5668351054191589
1776175993193,0.0,0.3457002341747284,9139.1259765625,108.22186279296875,0.5671126842498779
1776175993213,0.0,0.3457002341747284,9139.6669921875,107.83033752441406,0.5672377943992615
1776175993233,0.0,0.3457002341747284,9140.1162109375,107.47953033447266,0.5673876404762268
1776175993253,0.0,0.3390239179134369,9140.654296875,107.1065673828125,0.5675134062767029
1776175993273,0.0,0.31956228613853455,9141.1015625,106.74722290039062,0.5676627159118652
1776175993293,0.0,0.2948283851146698,9142.0810546875,106.42337036132812,0.5679347515106201
1776175993313,0.0,0.24967923760414124,9142.61328125,106.06363677978516,0.5680832266807556
1776175993333,0.0,0.20520155131816864,9143.14453125,105.72653198242188,0.5682071447372437
1776175993353,0.0,0.16293016076087952,9143.5859375,105.47857666015625,0.5683541297912598
1776175993373,0.0,0.1241873949766159,9144.1142578125,105.24211883544922,0.5684774518013
1776175993393,0.0,0.08285078406333923,9145.080078125,105.02616119384766,0.5687457323074341
1776175993413,0.0,0.06142096966505051,9145.517578125,104.86161804199219,0.568892240524292
1776175993433,0.0,0.026536842808127403,9146.0419921875,104.68364715576172,0.5690142512321472
1776175993453,0.0,0.005779007915407419,9146.478515625,104.54811096191406,0.5691606402397156
1776175993473,0.0,0.0002253050188301131,9147.001953125,104.44869232177734,0.5693077445030212
1776175993493,0.0,0.0,9147.9599609375,104.33306121826172,0.5695738196372986
1776175993513,0.0,0.0,9148.482421875,104.20807647705078,0.5696939826011658
1776175993533,0.0,0.0,9148.9169921875,104.1052474975586,0.5698394179344177
1776175993553,0.0,0.0,9149.4384765625,103.98332214355469,0.5699605941772461
1776175993574,0.0,0.0,9149.8720703125,103.86275482177734,0.5701053142547607
1776175993593,0.0,0.0,9150.8251953125,103.76133728027344,0.5703703761100769
1776175993613,0.0,0.0,9151.3447265625,103.63775634765625,0.5704914331436157
1776175993633,0.0,0.0,9151.77734375,103.49960327148438,0.5706356167793274
1776175993653,0.0,0.0,9152.294921875,103.39104461669922,0.5707800388336182
1776175993673,0.0,0.0,9152.8125,103.24567413330078,0.5709003806114197
1776175993693,0.0,0.0,9153.759765625,103.0937728881836,0.571164608001709
1776175993713,0.0,0.0,9154.189453125,102.99891662597656,0.5713080763816833
1776175993733,0.0,0.0,9154.705078125,102.8686752319336,0.5714279413223267
1776175993753,0.0,0.0,9155.1337890625,102.7131118774414,0.5715716481208801
1776175993774,0.0,0.0,9155.6474609375,102.56489562988281,0.5717155933380127
1776175993793,0.05555000901222229,0.0,9156.5888671875,102.4615707397461,0.571977972984314
1776175993813,0.08730000257492065,0.0,9157.1005859375,102.34994506835938,0.572097659111023
1776175993834,0.11904999613761902,0.0,9157.52734375,102.23461151123047,0.5722402334213257
1776175993854,0.1547500193119049,0.0,9158.0390625,102.11628723144531,0.572359025478363
1776175993873,0.19840002059936523,0.0,9158.46484375,102.0182113647461,0.5725014805793762
1776175993893,0.23410001397132874,0.0,9159.400390625,101.918212890625,0.5727627277374268
1776175993913,0.25394999980926514,0.0,9159.91015625,101.79029083251953,0.5728811025619507
1776175993934,0.25394999980926514,0.0,9160.3349609375,101.69552612304688,0.5730231404304504
1776175993953,0.26190000772476196,0.0,9160.84375,101.62216186523438,0.5731651186943054
1776175993974,0.26190000772476196,0.0,9161.3525390625,101.5334701538086,0.5732840299606323
1776175993993,0.26190000772476196,0.0,9162.2841796875,101.44791412353516,0.5735443234443665
1776175994013,0.26190000772476196,0.0,9162.70703125,101.36893463134766,0.5736860036849976
1776175994033,0.26190000772476196,0.0,9163.2138671875,101.2704086303711,0.5738278031349182
1776175994053,0.26190000772476196,0.0,9163.7197265625,101.19816589355469,0.5739457011222839
1776175994074,0.2658500075340271,0.0,9164.1416015625,101.12950134277344,0.5740874409675598
1776175994093,0.2658500075340271,0.0,9165.068359375,101.0157699584961,0.5743459463119507
1776175994114,0.26980000734329224,0.0,9165.5732421875,100.91793823242188,0.5744644999504089
1776175994134,0.2738000154495239,0.0,9165.994140625,100.83340454101562,0.5746055245399475
1776175994153,0.2738000154495239,0.0,9166.4990234375,100.76496124267578,0.5747231245040894
1776175994173,0.27775001525878906,0.0,9166.9189453125,100.67308807373047,0.5748640894889832
1776175994193,0.2817000150680542,0.0,9167.8427734375,100.59774780273438,0.5751223564147949
1776175994213,0.289650022983551,0.0,9168.345703125,100.50965118408203,0.575263500213623
1776175994233,0.31345000863075256,0.0,9168.8486328125,100.4159927368164,0.5753804445266724
1776175994254,0.3412500023841858,0.0,9169.267578125,100.35982513427734,0.5755215883255005
1776175994273,0.37299999594688416,0.0,9169.76953125,100.31199645996094,0.5756381154060364
1776175994293,0.42454999685287476,0.0,9170.689453125,100.27783203125,0.575896143913269
1776175994313,0.46424999833106995,0.0,9171.107421875,100.26334381103516,0.5760363936424255
1776175994334,0.5,0.0,9171.609375,100.26758575439453,0.5761538147926331
1776175994353,0.5351499915122986,0.0,9172.02734375,100.294189453125,0.5762941241264343
1776175994374,0.5741999745368958,0.0,9172.529296875,100.3554916381836,0.5764346122741699
1776175994393,0.5898500084877014,0.0,9173.44921875,100.39510345458984,0.5766927003860474
1776175994413,0.6015499830245972,0.0,9173.951171875,100.44366455078125,0.5768100619316101
1776175994434,0.6015499830245972,0.0,9174.369140625,100.5057601928711,0.5769508481025696
1776175994453,0.6015499830245972,0.0,9174.8720703125,100.56502532958984,0.5770682096481323
1776175994473,0.6015499830245972,0.0,9175.291015625,100.6019515991211,0.5772087574005127
1776175994493,0.6015499830245972,0.0,9176.212890625,100.6984634399414,0.5774681568145752
1776175994513,0.6015499830245972,0.0,9176.716796875,100.76835632324219,0.5775859355926514
1776175994534,0.6015499830245972,0.0,9177.13671875,100.81459045410156,0.5777273774147034
1776175994553,0.6015499830245972,0.0,9177.640625,100.87120056152344,0.5778688192367554
1776175994573,0.6054499745368958,0.0,9178.14453125,100.94852447509766,0.5779868364334106
1776175994593,0.6054499745368958,0.0,9179.0703125,101.02232360839844,0.5782472491264343
1776175994613,0.6093499660491943,0.0,9179.4912109375,101.08739471435547,0.5783882141113281
1776175994634,0.6093499660491943,0.0,9179.9970703125,101.15998077392578,0.5785071849822998
1776175994653,0.6093499660491943,0.0,9180.41796875,101.23146057128906,0.5786490440368652
1776175994674,0.6093499660491943,0.0,9180.923828125,101.3112564086914,0.5787908434867859
1776175994693,0.6093499660491943,0.0,9181.8515625,101.38267517089844,0.5790511965751648
1776175994713,0.6132999658584595,0.0,9182.3583984375,101.46006774902344,0.5791698098182678
1776175994734,0.6172000169754028,0.0,9182.78125,101.52861022949219,0.5793130397796631
1776175994753,0.6211000084877014,0.0,9183.2890625,101.61406707763672,0.5794314742088318
1776175994773,0.625,0.0,9183.7119140625,101.6877212524414,0.5795750021934509
1776175994793,0.625,0.0,9184.6435546875,101.76541137695312,0.5798375606536865
1776175994813,0.625,0.0,9185.15234375,101.85871124267578,0.5799799561500549
1776175994833,0.6288999915122986,0.0,9185.6611328125,101.9489974975586,0.5800996422767639
1776175994853,0.6288999915122986,0.0,9186.0859375,102.02330780029297,0.580243706703186
1776175994873,0.6288999915122986,0.0,9186.595703125,102.10696411132812,0.580363392829895
1776175994893,0.6211000084877014,0.0,9187.53125,102.189453125,0.5806266665458679
1776175994913,0.6211000084877014,0.0,9187.95703125,102.26380920410156,0.5807705521583557
1776175994934,0.6211000084877014,0.0,9188.4677734375,102.35358428955078,0.580915629863739
1776175994953,0.6211000084877014,0.0,9188.9794921875,102.44955444335938,0.5810351967811584
1776175994973,0.6211000084877014,0.0,9189.40625,102.52323913574219,0.5811798572540283
1776175994993,0.6211000084877014,0.0,9190.345703125,102.61157989501953,0.5814453363418579
1776175995013,0.6211000084877014,0.0,9190.8583984375,102.70370483398438,0.5815659165382385
1776175995034,0.625,0.0,9191.2861328125,102.78073120117188,0.5817112326622009
1776175995053,0.625,0.0,9191.7998046875,102.83662414550781,0.5818327069282532
1776175995073,0.625,0.0,9192.2275390625,102.90277099609375,0.5819774866104126
1776175995093,0.625,0.0,9193.169921875,102.99354553222656,0.5822440385818481
1776175995113,0.6172000169754028,0.0,9193.6845703125,103.082275390625,0.5823902487754822
1776175995134,0.6093499660491943,0.0,9194.2001953125,103.1709976196289,0.5825116038322449
1776175995153,0.59375,0.0,9194.6298828125,103.25282287597656,0.5826569199562073
1776175995174,0.5780999660491943,0.0,9195.1455078125,103.34149169921875,0.5827786922454834
1776175995193,0.5586000084877014,0.0,9196.0927734375,103.40784454345703,0.5830458998680115
1776175995213,0.5351499915122986,0.0,9196.5234375,103.451171875,0.583193302154541
1776175995234,0.5195500254631042,0.0,9197.041015625,103.50627899169922,0.5833145380020142
1776175995253,0.5077999830245972,0.0,9197.47265625,103.57144165039062,0.5834607481956482
1776175995274,0.5,0.0,9197.990234375,103.62145233154297,0.5836073756217957
1776175995293,0.48805001378059387,0.0,9198.939453125,103.65882873535156,0.5838771462440491
1776175995313,0.48410001397132874,0.0,9199.4580078125,103.68485260009766,0.5839993953704834
1776175995333,0.48410001397132874,0.0,9199.890625,103.71076965332031,0.5841466188430786
1776175995353,0.48805001378059387,0.0,9200.4091796875,103.72705078125,0.584269106388092
1776175995373,0.48805001378059387,0.0,9200.841796875,103.74311828613281,0.5844151973724365
1776175995393,0.48805001378059387,0.0,9201.79296875,103.78443908691406,0.5846844911575317
1776175995413,0.48805001378059387,0.0,9202.3125,103.84794616699219,0.584832489490509
1776175995434,0.48410001397132874,0.0,9202.83203125,103.88994598388672,0.5849552154541016
1776175995454,0.48010000586509705,0.0,9203.265625,103.923583984375,0.5851027369499207
1776175995473,0.4761500060558319,0.0,9203.69921875,103.96136474609375,0.5852242112159729
1776175995493,0.4681999981403351,0.0,9204.7392578125,104.00127410888672,0.5854950547218323
1776175995513,0.46024999022483826,0.0,9205.1728515625,104.04035949707031,0.585640013217926
1776175995534,0.44440001249313354,0.0,9205.693359375,104.08465576171875,0.5857649445533752
1776175995553,0.42855000495910645,0.0,9206.126953125,104.1371078491211,0.585912823677063
1776175995574,0.40869998931884766,0.0,9206.6474609375,104.17308044433594,0.5860598683357239
1776175995593,0.3968000113964081,0.0,9207.6015625,104.19647216796875,0.586330771446228
1776175995613,0.38885000348091125,0.0,9208.1220703125,104.20160675048828,0.5864543914794922
1776175995634,0.38089999556541443,0.0,9208.5556640625,104.20318603515625,0.5866016149520874
1776175995653,0.38089999556541443,0.0,9209.076171875,104.1963882446289,0.5867239236831665
1776175995673,0.38089999556541443,0.0,9209.509765625,104.18582916259766,0.5868717432022095
1776175995693,0.3928000032901764,0.0,9210.46484375,104.21097564697266,0.5871432423591614
1776175995713,0.4007500112056732,0.0,9210.986328125,104.23090362548828,0.5872899889945984
1776175995734,0.4007500112056732,0.0,9211.5078125,104.22079467773438,0.58741295337677
1776175995753,0.4007500112056732,0.0,9211.9423828125,104.2249984741211,0.58756023645401
1776175995773,0.4007500112056732,0.0,9212.4638671875,104.2402572631836,0.5876843333244324
1776175995793,0.3968000113964081,0.0,9213.419921875,104.2538833618164,0.5879530310630798
1776175995813,0.3928000032901764,0.0,9213.8544921875,104.26445007324219,0.588101863861084
1776175995834,0.3928000032901764,0.0,9214.3759765625,104.27337646484375,0.5882245302200317
1776175995853,0.3928000032901764,0.0,9214.810546875,104.28134155273438,0.5883724093437195
1776175995873,0.3928000032901764,0.0,9215.33203125,104.28743743896484,0.5885202884674072
1776175995893,0.4007500112056732,0.0,9216.2880859375,104.29716491699219,0.5887894630432129
1776175995913,0.40470001101493835,0.0,9216.8095703125,104.3066635131836,0.5889115929603577
1776175995934,0.4126499891281128,0.0,9217.244140625,104.32942962646484,0.5890591144561768
1776175995953,0.42855000495910645,0.0,9217.765625,104.36542510986328,0.5891831517219543
1776175995973,0.4404500126838684,0.0,9218.2001953125,104.39710235595703,0.589328944683075
1776175995993,0.46024999022483826,0.0,9219.15625,104.4178466796875,0.5895999670028687
1776175996013,0.48010000586509705,0.0,9219.677734375,104.43072509765625,0.5897218585014343
1776175996033,0.5,0.0,9220.1123046875,104.4576644897461,0.5898693203926086
1776175996053,0.5116999745368958,0.0,9220.634765625,104.49421691894531,0.5900178551673889
1776175996073,0.5351499915122986,0.0,9221.1572265625,104.52139282226562,0.5901405811309814
1776175996093,0.5702999830245972,0.0,9222.115234375,104.55721282958984,0.5904093384742737
1776175996113,0.5820499658584595,0.0,9222.55078125,104.62356567382812,0.5905578136444092
1776175996133,0.5898500084877014,0.0,9223.07421875,104.66702270507812,0.5906805396080017
1776175996153,0.59375,0.0,9223.5107421875,104.70109558105469,0.5908282995223999
1776175996174,0.59375,0.0,9224.0341796875,104.73641204833984,0.5909756422042847
1776175996193,0.59375,0.0,9224.994140625,104.78411102294922,0.5912466645240784
1776175996213,0.5898500084877014,0.0,9225.5185546875,104.83797454833984,0.5913690328598022
1776175996234,0.5859500169754028,0.0,9225.955078125,104.89080810546875,0.5915168523788452
1776175996253,0.5859500169754028,0.0,9226.4794921875,104.95164489746094,0.5916399955749512
1776175996273,0.5898500084877014,0.0,9226.9169921875,105.01359558105469,0.591787576675415
1776175996293,0.6015499830245972,0.0,9227.8798828125,105.07137298583984,0.592059850692749
1776175996313,0.6172000169754028,0.0,9228.4052734375,105.13470458984375,0.5922075510025024
1776175996333,0.6523500084877014,0.0,9228.9306640625,105.21424865722656,0.5923296809196472
1776175996354,0.6797000169754028,0.0,9229.369140625,105.29264831542969,0.592478334903717
1776175996374,0.7148500084877014,0.0,9229.8955078125,105.390869140625,0.5926017165184021
1776175996393,0.7538999915122986,0.0,9230.8623046875,105.49574279785156,0.5928732752799988
1776175996413,0.7773499488830566,0.0,9231.3017578125,105.59929656982422,0.5930220484733582
1776175996434,0.8163999915122986,0.0,9231.830078125,105.7427749633789,0.5931690335273743
1776175996453,0.8710999488830566,0.0,9232.2705078125,105.9078598022461,0.5932930707931519
1776175996474,0.9140499830245972,0.0,9232.7998046875,106.06251525878906,0.5934423208236694
1776175996493,0.9648499488830566,0.0,9233.7724609375,106.25460815429688,0.5937169790267944
1776175996513,1.0,0.0,9234.3037109375,106.45149230957031,0.5938413739204407
1776175996535,1.0,0.0,9234.7470703125,106.67760467529297,0.5939905047416687
1776175996553,1.0,0.0,9235.2802734375,106.8709716796875,0.5941152572631836
1776175996573,1.0,0.0,9235.7255859375,107.08280181884766,0.5942665934562683
1776175996593,1.0,0.0,9236.7958984375,107.26229858398438,0.5945430397987366
1776175996613,1.0,0.0,9237.2431640625,107.47593688964844,0.5946933031082153
1776175996635,1.0,0.0,9237.7802734375,107.68606567382812,0.5948190093040466
1776175996654,1.0,0.0,9238.228515625,107.86927032470703,0.5949713587760925
1776175996673,1.0,0.0,9238.767578125,108.08383178710938,0.5950971245765686
1776175996693,1.0,0.0,9239.7587890625,108.29347229003906,0.5953762531280518
1776175996713,1.0,0.0,9240.2099609375,108.48471069335938,0.5955275893211365
1776175996734,1.0,0.0,9240.751953125,108.70423889160156,0.5956794023513794
1776175996753,1.0,0.0,9241.294921875,108.9088134765625,0.5958065390586853
1776175996773,1.0,0.0,9241.748046875,109.08831024169922,0.5959606170654297
1776175996793,1.0,0.0,9242.748046875,109.30780792236328,0.596242368221283
1776175996813,1.0,0.0,9243.294921875,109.5145492553711,0.5963700413703918
1776175996834,1.0,0.0,9243.7509765625,109.68944549560547,0.5965235233306885
1776175996853,1.0,0.0,9244.298828125,109.90436553955078,0.5966525077819824
1776175996873,1.0,0.0,9244.755859375,110.1226577758789,0.5968064665794373
1776175996893,1.0,0.0,9245.7646484375,110.29351043701172,0.5970910787582397
1776175996913,1.0,0.0,9246.31640625,110.49314880371094,0.5972459316253662
1776175996934,1.0,0.0,9246.869140625,110.70114135742188,0.597374677658081
1776175996953,1.0,0.0,9247.330078125,110.89022827148438,0.597529411315918
1776175996973,1.0,0.0,9247.8837890625,111.1098861694336,0.5976611375808716
1776175996993,1.0,0.0,9248.90234375,111.3114013671875,0.5979471206665039
1776175997013,1.0,0.0,9249.3662109375,111.4934310913086,0.5981048345565796
1776175997034,1.0,0.0,9249.923828125,111.71151733398438,0.5982618927955627
1776175997053,1.0,0.0,9250.482421875,111.9193115234375,0.5983920097351074
1776175997073,1.0,0.0,9250.9482421875,112.10243225097656,0.5985487699508667
1776175997093,1.0,0.0,9251.9765625,112.32927703857422,0.5988384485244751
1776175997113,1.0,0.0,9252.5380859375,112.53622436523438,0.5989704728126526
1776175997133,1.0,0.0,9253.0068359375,112.7165756225586,0.599129855632782
1776175997153,1.0,0.0,9253.5703125,112.93516540527344,0.5992596745491028
1776175997174,1.0,0.0,9254.0400390625,113.16996002197266,0.5994213819503784
1776175997194,1.0,0.0,9255.076171875,113.36195373535156,0.5997123122215271
1776175997214,1.0,0.0,9255.642578125,113.5693359375,0.599871814250946
1776175997233,1.0,0.0,9256.2099609375,113.7857666015625,0.6000051498413086
1776175997253,1.0,0.0,9256.68359375,113.98308563232422,0.6001661419868469
1776175997273,1.0,0.0,9257.2529296875,114.20451354980469,0.6002997756004333
1776175997293,1.0,0.0,9258.298828125,114.43701171875,0.6005944013595581
1776175997314,1.0,0.0,9258.775390625,114.6954345703125,0.6007555723190308
1776175997336,1.0,0.0,9259.3486328125,114.93962097167969,0.6008907556533813
1776175997353,1.0,0.0,9259.8271484375,115.13583374023438,0.6010550856590271
1776175997373,1.0,0.0,9260.4013671875,115.34326171875,0.6012139916419983
1776175997393,1.0,0.0,9261.45703125,115.57698059082031,0.6015121340751648
1776175997413,1.0,0.0,9262.0341796875,115.80166625976562,0.6016482710838318
1776175997434,1.0,0.0,9262.515625,116.01274108886719,0.6018124222755432
1776175997453,1.0,0.0,9263.0947265625,116.26892852783203,0.6019464731216431
1776175997474,1.0,0.0,9263.578125,116.5195083618164,0.6021100282669067
1776175997494,1.0,0.0,9264.7421875,116.73823547363281,0.6024114489555359
1776175997513,1.0,0.0,9265.228515625,116.99473571777344,0.6025511026382446
1776175997533,1.0,0.0,9265.7158203125,117.25165557861328,0.6027171611785889
1776175997554,1.0,0.0,9266.3017578125,117.47840881347656,0.6028822660446167
1776175997574,1.0,0.0,9266.888671875,117.7399673461914,0.6030188798904419
1776175997594,1.0,0.0,9267.9677734375,117.99568939208984,0.6033245921134949
1776175997613,1.0,0.0,9268.458984375,118.22140502929688,0.6034911870956421
1776175997634,1.0,0.0,9269.0498046875,118.4725112915039,0.603656530380249
1776175997653,1.0,0.0,9269.54296875,118.72396850585938,0.6037948727607727
1776175997674,1.0,0.0,9270.1357421875,118.99092864990234,0.603963315486908
1776175997693,1.0,0.0,9271.224609375,119.22967529296875,0.6042712330818176
1776175997713,1.0,0.0,9271.8203125,119.50959014892578,0.6044122576713562
1776175997734,1.0,0.0,9272.3173828125,119.77565002441406,0.6045777201652527
1776175997753,1.0,0.0,9272.9150390625,120.01030731201172,0.6047200560569763
1776175997773,1.0,0.0,9273.4140625,120.2950439453125,0.6048896312713623
1776175997793,1.0,0.0,9274.515625,120.52633666992188,0.605201780796051
1776175997813,1.0,0.0,9275.1181640625,120.8053207397461,0.6053725481033325
1776175997834,1.0,0.0,9275.7216796875,121.08564758300781,0.6055147051811218
1776175997854,1.0,0.0,9276.2255859375,121.30836486816406,0.6056831479072571
1776175997873,1.0,0.0,9276.8310546875,121.57146453857422,0.6058275103569031
1776175997894,1.0,0.0,9277.9443359375,121.85055541992188,0.6061427593231201
1776175997913,1.0,0.0,9278.4521484375,122.10575866699219,0.6063146591186523
1776175997933,1.0,0.0,9279.0625,122.38423156738281,0.6064882278442383
1776175997953,1.0,0.0,9279.673828125,122.6464614868164,0.60663241147995
1776175997973,1.0,0.0,9280.18359375,122.86988067626953,0.6068068742752075
1776175997994,1.0,0.0,9281.30859375,123.1363525390625,0.6071271300315857
1776175998013,1.0,0.0,9281.923828125,123.43169403076172,0.6072677969932556
1776175998034,1.0,0.0,9282.4375,123.71395111083984,0.6074476838111877
1776175998053,1.0,0.0,9283.0546875,123.94576263427734,0.6075893640518188
1776175998073,1.0,0.0,9283.5703125,124.2066879272461,0.6077645421028137
1776175998093,1.0,0.0,9284.70703125,124.42705535888672,0.6080862879753113
1776175998113,1.0,0.0,9285.3291015625,124.69881439208984,0.6082633137702942
1776175998134,1.0,0.0,9285.9521484375,124.99005126953125,0.6084076166152954
1776175998153,1.0,0.0,9286.47265625,125.26227569580078,0.6085849404335022
1776175998174,1.0,0.0,9287.09765625,125.52384948730469,0.6087334752082825
1776175998193,1.0,0.0,9288.248046875,125.7822036743164,0.6090577244758606
1776175998213,1.0,0.0,9288.771484375,126.0145263671875,0.6092374324798584
1776175998234,1.0,0.0,9289.4013671875,126.30316162109375,0.6093845963478088
1776175998254,1.0,0.0,9289.9267578125,126.59213256835938,0.609565019607544
1776175998273,1.0,0.0,9290.55859375,126.78593444824219,0.609743595123291
1776175998293,1.0,0.0,9291.7197265625,127.07686614990234,0.6100715398788452
1776175998313,1.0,0.0,9292.3544921875,127.36627197265625,0.6102222204208374
1776175998334,1.0,0.0,9292.884765625,127.59133911132812,0.6104028224945068
1776175998353,1.0,0.0,9293.5224609375,127.87899017333984,0.6105507612228394
1776175998373,1.0,0.0,9294.0546875,128.1417999267578,0.6107314825057983
1776175998393,1.0,0.0,9295.2275390625,128.36935424804688,0.6110665202140808
1776175998415,1.0,0.0,9295.869140625,128.6870880126953,0.6112475991249084
1776175998433,1.0,0.0,9296.51171875,128.91929626464844,0.6113983392715454
1776175998453,1.0,0.0,9297.0478515625,129.15548706054688,0.6115787625312805
1776175998473,1.0,0.0,9297.6923828125,129.41156005859375,0.6117309331893921
1776175998493,1.0,0.0,9298.876953125,129.7013702392578,0.6120654940605164
1776175998514,1.0,0.0,9299.4169921875,129.92886352539062,0.6122486591339111
1776175998534,1.0,0.0,9300.06640625,130.1869659423828,0.612430214881897
1776175998553,1.0,0.0,9300.6083984375,130.46392822265625,0.6125832200050354
1776175998573,1.0,0.0,9301.259765625,130.6968994140625,0.6127671599388123
1776175998593,1.0,0.0,9302.45703125,130.97019958496094,0.6131057143211365
1776175998613,1.0,0.0,9303.111328125,131.2351531982422,0.6132572889328003
1776175998633,1.0,0.0,9303.6572265625,131.46746826171875,0.6134452819824219
1776175998653,1.0,0.0,9304.3134765625,131.75177001953125,0.6135942339897156
1776175998673,1.0,0.0,9304.861328125,132.0233154296875,0.6137824058532715
1776175998693,1.0,0.0,9306.1806640625,132.24693298339844,0.6141233444213867
1776175998713,1.0,0.0,9306.7314453125,132.494140625,0.6143068075180054
1776175998733,1.0,0.0,9307.3935546875,132.76063537597656,0.6144639253616333
1776175998753,1.0,0.0,9307.9462890625,132.9995574951172,0.6146235466003418
1776175998773,1.0,0.0,9308.5,133.28155517578125,0.6148079633712769
1776175998793,1.0,0.0,9309.8310546875,133.561767578125,0.6151517033576965
1776175998814,1.0,0.0,9310.3876953125,133.78109741210938,0.6153377890586853
1776175998833,1.0,0.0,9311.0556640625,134.02220153808594,0.6155281662940979
1776175998853,1.0,0.0,9311.7255859375,134.2979278564453,0.6156829595565796
1776175998873,1.0,0.0,9312.2841796875,134.54739379882812,0.6158711910247803
1776175998893,1.0,0.0,9313.5166015625,134.81600952148438,0.6162187457084656
1776175998913,1.0,0.0,9314.1904296875,135.06988525390625,0.6163765788078308
1776175998934,1.0,0.0,9314.7529296875,135.32435607910156,0.6165659427642822
1776175998953,1.0,0.0,9315.4287109375,135.55136108398438,0.616723358631134
1776175998973,1.0,0.0,9315.9931640625,135.8213348388672,0.6169141530990601
1776175998993,1.0,0.0,9317.236328125,136.0504608154297,0.6172639727592468
1776175999013,1.0,0.0,9317.916015625,136.32391357421875,0.6174523234367371
1776175999034,1.0,0.0,9318.59765625,136.5865020751953,0.6176131367683411
1776175999053,1.0,0.0,9319.166015625,136.80117797851562,0.6178050637245178
1776175999073,1.0,0.0,9319.849609375,137.04827880859375,0.6179646849632263
1776175999093,1.0,0.0,9321.10546875,137.3291473388672,0.6183179020881653
1776175999113,1.0,0.0,9321.677734375,137.56434631347656,0.6185108423233032
1776175999133,1.0,0.0,9322.365234375,137.821044921875,0.6187042593955994
1776175999153,1.0,0.0,9323.0537109375,138.04373168945312,0.6188648343086243
1776175999173,1.0,0.0,9323.6279296875,138.27474975585938,0.619057834148407
1776175999193,1.0,0.0,9324.89453125,138.5597381591797,0.6194142699241638
1776175999214,1.0,0.0,9325.5869140625,138.81411743164062,0.6195740699768066
1776175999234,1.0,0.0,9326.1650390625,139.0564727783203,0.6197701096534729
1776175999253,1.0,0.0,9326.859375,139.2726593017578,0.6199344992637634
1776175999273,1.0,0.0,9327.4384765625,139.5383758544922,0.6201287508010864
1776175999293,1.0,0.0,9328.7158203125,139.7524871826172,0.6204873323440552
1776175999313,1.0,0.0,9329.4140625,140.00526428222656,0.620684802532196
1776175999334,1.0,0.0,9330.11328125,140.25872802734375,0.6208444833755493
1776175999353,1.0,0.0,9330.697265625,140.48907470703125,0.6210436224937439
1776175999373,1.0,0.0,9331.3994140625,140.74789428710938,0.6212078928947449
1776175999393,1.0,0.0,9332.689453125,140.99188232421875,0.621568500995636
1776175999413,1.0,0.0,9333.2763671875,141.19998168945312,0.6217668652534485
1776175999434,1.0,0.0,9333.982421875,141.45559692382812,0.6219664216041565
1776175999453,1.0,0.0,9334.689453125,141.71473693847656,0.6221292614936829
1776175999473,1.0,0.0,9335.279296875,141.93368530273438,0.622327446937561
1776175999493,1.0,0.0,9336.580078125,142.1781005859375,0.6226946711540222
1776175999513,1.0,0.0,9337.291015625,142.41871643066406,0.622860312461853
1776175999534,1.0,0.0,9337.8837890625,142.65802001953125,0.6230595707893372
1776175999553,1.0,0.0,9338.5966796875,142.87037658691406,0.6232268214225769
1776175999573,1.0,0.0,9339.19140625,143.1108856201172,0.6234251260757446
1776175999593,1.0,0.0,9340.6220703125,143.32643127441406,0.6237946152687073
1776175999613,1.0,0.0,9341.21875,143.56646728515625,0.6239947080612183
1776175999633,1.0,0.0,9341.9365234375,143.8115234375,0.6241604685783386
1776175999653,1.0,0.0,9342.53515625,144.01834106445312,0.6243642568588257
1776175999673,1.0,0.0,9343.25390625,144.26254272460938,0.6245307326316833
1776175999693,1.0,0.0,9344.5751953125,144.48150634765625,0.6249024271965027
1776175999713,1.0,0.0,9345.1767578125,144.68392944335938,0.625072181224823
1776175999733,1.0,0.0,9345.779296875,144.952392578125,0.6253067255020142
1776175999753,1.0,0.0,9346.6240234375,145.19749450683594,0.62547767162323
1776175999773,1.0,0.0,9347.228515625,145.398681640625,0.6256812214851379
1776175999793,1.0,0.0,9348.560546875,145.63978576660156,0.6260561943054199
1776175999813,1.0,0.0,9349.2890625,145.8861541748047,0.6262249946594238
1776175999834,1.0,0.0,9349.896484375,146.13525390625,0.6264321208000183
1776175999854,1.0,0.0,9350.626953125,146.3343963623047,0.6266006827354431
1776175999873,1.0,0.0,9351.236328125,146.570556640625,0.6268059611320496
1776175999893,1.0,0.0,9352.578125,146.76980590820312,0.6271819472312927
1776175999913,1.0,0.0,9353.3115234375,146.99600219726562,0.6273878216743469
1776175999934,1.0,0.0,9354.0458984375,147.22586059570312,0.6275590658187866
1776175999954,1.0,0.0,9354.6591796875,147.46409606933594,0.6277654767036438
1776175999973,1.0,0.0,9355.3955078125,147.66555786132812,0.627938985824585
1776175999993,1.0,0.0,9356.748046875,147.90219116210938,0.6283179521560669
1776176000013,1.0,0.0,9357.3642578125,148.106689453125,0.6285273432731628
1776176000033,1.0,0.0,9358.1044921875,148.342529296875,0.6287334561347961
1776176000053,1.0,0.0,9358.845703125,148.5714111328125,0.6289072036743164
1776176000073,1.0,0.0,9359.4638671875,148.7689208984375,0.6291148066520691
1776176000093,1.0,0.0,9360.8271484375,149.0028839111328,0.629499077796936
1776176000113,1.0,0.0,9361.572265625,149.23165893554688,0.6296727061271667
1776176000134,1.0,0.0,9362.193359375,149.45523071289062,0.6298816204071045
1776176000154,1.0,0.0,9362.9404296875,149.64480590820312,0.6300575137138367
1776176000173,1.0,0.0,9363.5634765625,149.8693389892578,0.6302662491798401
1776176000193,1.0,0.0,9364.935546875,150.06344604492188,0.6306504607200623
1776176000213,1.0,0.0,9365.685546875,150.29595947265625,0.6308266520500183
1776176000233,1.0,0.0,9366.3115234375,150.52963256835938,0.6310367584228516
1776176000253,1.0,0.0,9367.0634765625,150.7048797607422,0.6312481164932251
1776176000273,1.0,0.0,9367.81640625,150.91537475585938,0.6314250826835632
1776176000293,1.0,0.0,9369.19921875,151.12200927734375,0.6318121552467346
1776176000313,1.0,0.0,9369.8291015625,151.3262939453125,0.6320239305496216
1776176000334,1.0,0.0,9370.5849609375,151.54530334472656,0.6322379112243652
1776176000353,1.0,0.0,9371.341796875,151.76087951660156,0.632413923740387
1776176000373,1.0,0.0,9371.9736328125,151.96746826171875,0.6326264142990112
1776176000393,1.0,0.0,9373.3662109375,152.18743896484375,0.6330174803733826
1776176000413,1.0,0.0,9374.126953125,152.39500427246094,0.6331948041915894
1776176000434,1.0,0.0,9374.76171875,152.57241821289062,0.6334093809127808
1776176000454,1.0,0.0,9375.5244140625,152.79537963867188,0.6335873603820801
1776176000473,1.0,0.0,9376.16015625,153.00881958007812,0.633801281452179
1776176000493,1.0,0.0,9377.5615234375,153.1910400390625,0.6341947913169861
1776176000513,1.0,0.0,9378.3271484375,153.4016876220703,0.6343739032745361
1776176000534,1.0,0.0,9378.9658203125,153.62107849121094,0.6345881819725037
1776176000553,1.0,0.0,9379.7333984375,153.79644775390625,0.6348035335540771
1776176000573,1.0,0.0,9380.501953125,154.00938415527344,0.6349836587905884
1776176000593,1.0,0.0,9381.9130859375,154.22882080078125,0.6353797912597656
1776176000613,1.0,0.0,9382.5556640625,154.41738891601562,0.6355966925621033
1776176000634,1.0,0.0,9383.3271484375,154.63633728027344,0.6358133554458618
1776176000653,1.0,0.0,9384.099609375,154.8309326171875,0.635993480682373
1776176000673,1.0,0.0,9384.744140625,155.0109405517578,0.6362109780311584
1776176000693,1.0,0.0,9386.1640625,155.2339630126953,0.6366098523139954
1776176000713,1.0,0.0,9386.9404296875,155.44720458984375,0.6367912292480469
1776176000733,1.0,0.0,9387.587890625,155.61224365234375,0.6370087265968323
1776176000753,1.0,0.0,9388.365234375,155.8138885498047,0.6371904015541077
1776176000773,1.0,0.0,9389.013671875,156.0263671875,0.6374087929725647
1776176000793,1.0,0.0,9390.5732421875,156.1982421875,0.6378104090690613
1776176000813,1.0,0.0,9391.2236328125,156.390380859375,0.6379927396774292
1776176000833,1.0,0.0,9391.875,156.61270141601562,0.6382124423980713
1776176000853,1.0,0.0,9392.6572265625,156.8014678955078,0.638431966304779
1776176000873,1.0,0.0,9393.4404296875,157.0017852783203,0.6386151313781738
1776176000893,1.0,0.0,9394.87890625,157.21046447753906,0.6390185952186584
1776176000913,1.0,0.0,9395.5341796875,157.38645935058594,0.6392389535903931
1776176000934,1.0,0.0,9396.3212890625,157.59645080566406,0.6394602060317993
1776176000953,1.0,0.0,9397.109375,157.793701171875,0.6396442651748657
1776176000973,1.0,0.0,9397.7666015625,157.9692840576172,0.6398658156394958
1776176000993,1.0,0.0,9399.2138671875,158.1788787841797,0.640271782875061
1776176001013,1.0,0.0,9400.0048828125,158.37925720214844,0.6404566764831543
1776176001034,1.0,0.0,9400.6640625,158.54937744140625,0.6406787037849426
1776176001053,1.0,0.0,9401.4560546875,158.73867797851562,0.6408641934394836
1776176001074,1.0,0.0,9402.1171875,158.92431640625,0.6410868167877197
1776176001093,1.0,0.0,9403.7060546875,159.10166931152344,0.6414952278137207
1776176001113,1.0,0.0,9404.369140625,159.31626892089844,0.6417186260223389
1776176001133,1.0,0.0,9405.1650390625,159.505126953125,0.641904890537262
1776176001153,1.0,0.0,9405.8291015625,159.67311096191406,0.6421285271644592
1776176001173,1.0,0.0,9406.626953125,159.8658447265625,0.6423150300979614
1776176001193,1.0,0.0,9408.0908203125,160.0597686767578,0.642725944519043
1776176001213,1.0,0.0,9408.7578125,160.22657775878906,0.6429503560066223
1776176001233,1.0,0.0,9409.55859375,160.4225311279297,0.6431751847267151
1776176001253,1.0,0.0,9410.3603515625,160.629150390625,0.6433627605438232
1776176001273,1.0,0.0,9411.029296875,160.80899047851562,0.643588125705719
1776176001293,1.0,0.0,9412.5029296875,161.00048828125,0.6440014839172363
1776176001313,1.0,0.0,9413.3076171875,161.18734741210938,0.6441895961761475
1776176001333,1.0,0.0,9413.978515625,161.35165405273438,0.6444157361984253
1776176001353,1.0,0.0,9414.78515625,161.54576110839844,0.6446045637130737
1776176001373,1.0,0.0,9415.4580078125,161.73951721191406,0.644830584526062
1776176001393,1.0,0.0,9416.939453125,161.912109375,0.6452458500862122
1776176001413,1.0,0.0,9417.7490234375,162.10890197753906,0.6454342603683472
1776176001433,1.0,0.0,9418.423828125,162.28500366210938,0.6456618905067444
1776176001453,1.0,0.0,9419.234375,162.4373321533203,0.6458902359008789
1776176001473,1.0,0.0,9420.0458984375,162.6207275390625,0.6460807919502258
1776176001493,1.0,0.0,9421.5361328125,162.81358337402344,0.6464986801147461
1776176001513,1.0,0.0,9422.21484375,162.99249267578125,0.6467270255088806
1776176001534,1.0,0.0,9423.029296875,163.18919372558594,0.6469559669494629
1776176001553,1.0,0.0,9423.8447265625,163.38137817382812,0.6471465826034546
1776176001573,1.0,0.0,9424.525390625,163.54754638671875,0.6473759412765503
1776176001593,1.0,0.0,9426.0244140625,163.749755859375,0.6477965712547302
1776176001613,1.0,0.0,9426.8427734375,163.91400146484375,0.6479878425598145
1776176001633,1.0,0.0,9427.525390625,164.05145263671875,0.6482176184654236
1776176001653,1.0,0.0,9428.3447265625,164.2157745361328,0.6484090089797974
1776176001673,1.0,0.0,9429.0283203125,164.4087677001953,0.6486393809318542
1776176001693,1.0,0.0,9430.5341796875,164.5907440185547,0.6490620374679565
1776176001713,1.0,0.0,9431.357421875,164.81082153320312,0.6492932438850403
1776176001734,1.0,0.0,9432.181640625,165.00054931640625,0.6494854092597961
1776176001753,1.0,0.0,9432.869140625,165.14797973632812,0.6496787667274475
1776176001773,1.0,0.0,9433.556640625,165.31695556640625,0.6499099135398865
1776176001793,1.0,0.0,9435.208984375,165.51002502441406,0.6503355503082275
1776176001813,1.0,0.0,9435.8984375,165.67189025878906,0.650567352771759
1776176001834,1.0,0.0,9436.7265625,165.85739135742188,0.6508000493049622
1776176001853,1.0,0.0,9437.5556640625,166.05233764648438,0.6509943604469299
1776176001874,1.0,0.0,9438.2470703125,166.21348571777344,0.6512264609336853
1776176001893,1.0,0.0,9439.7705078125,166.3876953125,0.6516537666320801
1776176001913,1.0,0.0,9440.6025390625,166.5733642578125,0.6518483757972717
1776176001933,1.0,0.0,9441.2958984375,166.71096801757812,0.6520815491676331
1776176001953,1.0,0.0,9442.12890625,166.87570190429688,0.6522767543792725
1776176001973,1.0,0.0,9442.8232421875,167.06886291503906,0.6525104641914368
1776176001993,1.0,0.0,9444.4921875,167.2320098876953,0.6529399752616882
1776176002013,1.0,0.0,9445.1884765625,167.4130096435547,0.6531358361244202
1776176002033,1.0,0.0,9445.8857421875,167.5948486328125,0.65337073802948
1776176002053,1.0,0.0,9446.72265625,167.72779846191406,0.6536047458648682
1776176002073,1.0,0.0,9447.560546875,167.8916473388672,0.6538012623786926
1776176002093,1.0,0.0,9449.0986328125,168.0935516357422,0.654232382774353
1776176002113,1.0,0.0,9449.798828125,168.23944091796875,0.6544687747955322
1776176002134,1.0,0.0,9450.6396484375,168.42262268066406,0.6547045111656189
1776176002153,1.0,0.0,9451.4814453125,168.58639526367188,0.6549021005630493
1776176002173,1.0,0.0,9452.18359375,168.75193786621094,0.6551379561424255
1776176002193,1.0,0.0,9453.7294921875,168.92941284179688,0.6555721163749695
1776176002213,1.0,0.0,9454.57421875,169.1019287109375,0.655768632888794
1776176002233,1.0,0.0,9455.2783203125,169.263671875,0.6560066938400269
1776176002253,1.0,0.0,9456.1240234375,169.4469757080078,0.6562048196792603
1776176002273,1.0,0.0,9456.830078125,169.6197967529297,0.6564422845840454
1776176002293,1.0,0.0,9458.384765625,169.77398681640625,0.6568768620491028
1776176002313,1.0,0.0,9459.2333984375,169.94256591796875,0.6571160554885864
1776176002333,1.0,0.0,9460.0830078125,170.11618041992188,0.6573150157928467
1776176002353,1.0,0.0,9460.7919921875,170.26956176757812,0.657553493976593
1776176002373,1.0,0.0,9461.6435546875,170.44395446777344,0.6577532887458801
1776176002393,1.0,0.0,9463.2060546875,170.60494995117188,0.6581915020942688
1776176002413,1.0,0.0,9463.9169921875,170.7412872314453,0.6584306359291077
1776176002434,1.0,0.0,9464.7705078125,170.91323852539062,0.6586707234382629
1776176002453,1.0,0.0,9465.625,171.08621215820312,0.6588690876960754
1776176002473,1.0,0.0,9466.337890625,171.22991943359375,0.6591100096702576
1776176002493,1.0,0.0,9467.9072265625,171.38787841796875,0.6595504283905029
1776176002513,1.0,0.0,9468.7646484375,171.55047607421875,0.6597498059272766
1776176002533,1.0,0.0,9469.4794921875,171.6915740966797,0.6599906086921692
1776176002553,1.0,0.0,9470.337890625,171.85986328125,0.6602305769920349
1776176002573,1.0,0.0,9471.197265625,172.02561950683594,0.6604334115982056
1776176002593,1.0,0.0,9471.9140625,172.1645965576172,0.6606727242469788
1776176002613,1.0,0.0,9473.4921875,172.3189697265625,0.6611160039901733
1776176002633,1.0,0.0,9474.353515625,172.47181701660156,0.6613580584526062
1776176002653,1.0,0.0,9475.2158203125,172.6085205078125,0.6615608930587769
1776176002673,1.0,0.0,9475.9345703125,172.76788330078125,0.661801815032959
1776176002693,1.0,0.0,9477.517578125,172.91259765625,0.6622467041015625
1776176002713,1.0,0.0,9478.3818359375,173.02439880371094,0.662447988986969
1776176002733,1.0,0.0,9479.1025390625,173.1826171875,0.6626906991004944
1776176002753,1.0,0.0,9479.9677734375,173.36117553710938,0.6628944873809814
1776176002773,1.0,0.0,9480.689453125,173.5218505859375,0.6631371974945068
1776176002793,1.0,0.0,9481.556640625,173.6888427734375,0.6633397936820984
1776176002813,1.0,0.0,9483.1484375,173.8416290283203,0.6638273000717163
1776176002834,1.0,0.0,9484.017578125,173.9829864501953,0.664030134677887
1776176002853,1.0,0.0,9484.7421875,174.10980224609375,0.6642736196517944
1776176002873,1.0,0.0,9485.6123046875,174.2698211669922,0.6644777655601501
1776176002893,1.0,0.0,9486.337890625,174.40992736816406,0.6647231578826904
1776176002913,1.0,0.0,9487.935546875,174.5684814453125,0.6651706099510193
1776176002933,1.0,0.0,9488.80859375,174.72921752929688,0.6654160022735596
1776176002953,1.0,0.0,9489.681640625,174.85763549804688,0.6656199097633362
1776176002973,1.0,0.0,9490.41015625,175.027099609375,0.6658645868301392
1776176002993,1.0,0.0,9491.28515625,175.19326782226562,0.6660699248313904
1776176003013,1.0,0.0,9492.890625,175.3321990966797,0.6665213108062744
1776176003033,1.0,0.0,9493.62109375,175.482177734375,0.6667653918266296
1776176003053,1.0,0.0,9494.498046875,175.62904357910156,0.66697096824646
1776176003073,1.0,0.0,9495.2294921875,175.7669219970703,0.6672175526618958
1776176003093,1.0,0.0,9496.107421875,175.9241180419922,0.6674628853797913
1776176003113,1.0,0.0,9497.7197265625,176.0857696533203,0.6679155826568604
1776176003133,1.0,0.0,9498.599609375,176.215087890625,0.6681216359138489
1776176003153,1.0,0.0,9499.333984375,176.3639373779297,0.6683692932128906
1776176003173,1.0,0.0,9500.2158203125,176.5088653564453,0.6685750484466553
1776176003193,1.0,0.0,9500.951171875,176.63912963867188,0.6688224673271179
1776176003213,1.0,0.0,9502.5693359375,176.78289794921875,0.6692765951156616
1776176003234,1.0,0.0,9503.453125,176.91502380371094,0.6695249676704407
1776176003253,1.0,0.0,9504.3369140625,177.02699279785156,0.6697316765785217
1776176003273,1.0,0.0,9505.07421875,177.20941162109375,0.6699801087379456
1776176003293,1.0,0.0,9505.9599609375,177.378662109375,0.6701868176460266
1776176003313,1.0,0.0,9507.5849609375,177.48565673828125,0.670642614364624
1776176003333,1.0,0.0,9508.32421875,177.6340789794922,0.6708916425704956
1776176003353,1.0,0.0,9509.2119140625,177.78323364257812,0.6710997223854065
1776176003373,1.0,0.0,9509.9521484375,177.90447998046875,0.6713482141494751
1776176003393,1.0,0.0,9510.8408203125,178.0585479736328,0.671556293964386
1776176003413,1.0,0.0,9512.47265625,178.2054443359375,0.672055721282959
1776176003434,1.0,0.0,9513.36328125,178.3743133544922,0.6722639799118042
1776176003453,1.0,0.0,9514.1064453125,178.4792938232422,0.6725143790245056
1776176003473,1.0,0.0,9514.9990234375,178.60464477539062,0.6727226376533508
1776176003493,1.0,0.0,9515.7431640625,178.7249298095703,0.672973096370697
1776176003513,1.0,0.0,9517.3818359375,178.8730926513672,0.6734322905540466
1776176003533,1.0,0.0,9518.2763671875,179.02731323242188,0.6736836433410645
1776176003553,1.0,0.0,9519.1708984375,179.15618896484375,0.6738922595977783
1776176003573,1.0,0.0,9519.9169921875,179.2942352294922,0.6741433143615723
1776176003593,0.8945499658584595,0.0,9520.8134765625,179.42379760742188,0.6743531823158264
1776176003613,0.7851499915122986,0.0,9522.45703125,179.5144805908203,0.6748136281967163
1776176003634,0.6405999660491943,0.0,9523.205078125,179.49159240722656,0.6750668883323669
1776176003653,0.492000013589859,0.0,9524.1025390625,179.4388427734375,0.6752758026123047
1776176003673,0.361050009727478,0.0,9524.8505859375,179.3956298828125,0.6755276918411255
1776176003693,0.23410001397132874,0.0,9525.748046875,179.34402465820312,0.6757373809814453
1776176003713,0.1269499957561493,0.0,9527.3916015625,179.2923583984375,0.676240086555481
1776176003734,0.06350001692771912,0.0,9528.2880859375,179.2440185546875,0.6764496564865112
1776176003753,0.04365000128746033,0.0,9529.03515625,179.20945739746094,0.6766592860221863
1776176003774,0.04365000128746033,0.0,9529.78125,179.14231872558594,0.6769108772277832
1776176003793,0.07140001654624939,0.0,9530.6767578125,179.09078979492188,0.6771623492240906
1776176003814,0.15080001950263977,0.0,9532.318359375,179.0336456298828,0.6776228547096252
1776176003834,0.27775001525878906,0.0,9533.2138671875,178.9722137451172,0.6778734922409058
1776176003853,0.37299999594688416,0.0,9534.109375,178.9225616455078,0.6780831813812256
1776176003873,0.452349990606308,0.0,9534.85546875,179.1422576904297,0.6783342361450195
1776176003893,0.5038999915122986,0.0,9535.75,179.42303466796875,0.6785428524017334
1776176003913,0.53125,0.0,9537.3935546875,179.51161193847656,0.6790040135383606
1776176003935,0.59375,0.0,9538.1416015625,179.54388427734375,0.6792552471160889
1776176003953,0.6366999745368958,0.0,9539.0390625,179.57415771484375,0.6794654130935669
1776176003974,0.6757999658584595,0.0,9539.787109375,179.60800170898438,0.6797173619270325
1776176003993,0.6952999830245972,0.0,9540.685546875,179.67095947265625,0.6799693703651428
1776176004013,0.6991999745368958,0.0,9542.3330078125,179.73309326171875,0.6804311275482178
1776176004034,0.6991999745368958,0.0,9543.232421875,179.79286193847656,0.6806405186653137
1776176004054,0.71875,0.0,9543.9814453125,179.83041381835938,0.6808926463127136
1776176004073,0.7617000341415405,0.0,9544.880859375,179.8741455078125,0.6811019778251648
1776176004093,0.8007999658584595,0.0,9545.6298828125,179.93650817871094,0.6813552975654602
1776176004113,0.8672000169754028,0.0,9547.279296875,180.02569580078125,0.6818157434463501
1776176004133,0.9570499658584595,0.0,9548.1796875,180.12078857421875,0.6820701360702515
1776176004153,1.0,0.0,9549.080078125,180.2263641357422,0.6822801828384399
1776176004173,1.0,0.0,9549.8310546875,180.3386688232422,0.6825326681137085
1776176004194,1.0,0.0,9551.484375,180.4586639404297,0.6829959154129028
1776176004214,1.0,0.0,9552.38671875,180.55227661132812,0.6832062005996704
1776176004234,1.0,0.0,9553.1396484375,180.6670684814453,0.6834588646888733
1776176004253,1.0,0.0,9554.04296875,180.7896728515625,0.68366938829422
1776176004273,1.0,0.0,9554.7958984375,180.87962341308594,0.6839234828948975
1776176004293,1.0,0.0,9555.7001953125,180.98257446289062,0.6841779351234436
1776176004313,1.0,0.0,9557.3583984375,181.0816650390625,0.6846423745155334
1776176004334,1.0,0.0,9558.263671875,181.17103576660156,0.6848540902137756
1776176004353,1.0,0.0,9559.0185546875,181.27919006347656,0.685107409954071
1776176004373,1.0,0.0,9559.9248046875,181.3841094970703,0.6853185892105103
1776176004393,1.0,0.0,9561.587890625,181.4730224609375,0.6857847571372986
1776176004413,1.0,0.0,9562.34375,181.58230590820312,0.6859971880912781
1776176004434,1.0,0.0,9563.1005859375,181.6734619140625,0.6862929463386536
1776176004453,1.0,0.0,9564.16015625,181.75177001953125,0.6865031719207764
1776176004473,1.0,0.0,9564.9169921875,181.84359741210938,0.6867579817771912
1776176004493,1.0,0.0,9565.826171875,181.94557189941406,0.6869707107543945
1776176004513,1.0,0.0,9567.4931640625,182.05398559570312,0.6874388456344604
1776176004533,1.0,0.0,9568.2509765625,182.13934326171875,0.6876943707466125
1776176004553,1.0,0.0,9569.1611328125,182.2394561767578,0.6879056096076965
1776176004573,1.0,0.0,9569.919921875,182.32606506347656,0.6881601810455322
1776176004593,1.0,0.0,9570.8310546875,182.4274444580078,0.6883743405342102
1776176004613,1.0,0.0,9572.5029296875,182.52098083496094,0.6888408660888672
1776176004634,1.0,0.0,9573.2626953125,182.60438537597656,0.689096987247467
1776176004653,1.0,0.0,9574.1748046875,182.6743621826172,0.6893530488014221
1776176004673,1.0,0.0,9575.087890625,182.7595672607422,0.6895670294761658
1776176004693,1.0,0.0,9575.8486328125,182.82073974609375,0.6898217797279358
1776176004713,1.0,0.0,9577.5234375,182.8953399658203,0.6902908682823181
1776176004734,1.0,0.0,9578.4375,182.99020385742188,0.6905477046966553
1776176004754,1.0,0.0,9579.3525390625,183.06253051757812,0.6907598376274109
1776176004774,1.0,0.0,9580.115234375,183.12673950195312,0.6910178065299988
1776176004793,1.0,0.0,9581.0302734375,183.1912078857422,0.691230297088623
1776176004814,1.0,0.0,9582.708984375,183.24888610839844,0.6917006373405457
1776176004833,1.0,0.0,9583.47265625,183.3251190185547,0.6919567584991455
1776176004853,1.0,0.0,9584.3896484375,183.39134216308594,0.6921709179878235
1776176004873,1.0,0.0,9585.1533203125,183.43679809570312,0.6924278736114502
1776176004893,1.0,0.0,9586.0703125,183.47756958007812,0.6926838755607605
1776176004915,1.0,0.0,9587.751953125,183.54161071777344,0.6931532621383667
1776176004934,1.0,0.0,9588.669921875,183.60540771484375,0.6933696866035461
1776176004953,1.0,0.0,9589.4345703125,183.6387939453125,0.6936264038085938
1776176004973,1.0,0.0,9590.3525390625,183.68812561035156,0.6938410997390747
1776176004993,1.0,0.0,9591.1181640625,183.7257537841797,0.6940981149673462
1776176005014,1.0,0.0,9592.802734375,183.77127075195312,0.6945692896842957
1776176005036,1.0,0.0,9593.7216796875,183.82296752929688,0.6948273777961731
1776176005053,1.0,0.0,9594.640625,183.85011291503906,0.6950419545173645
1776176005073,1.0,0.0,9595.40625,183.90042114257812,0.6952967047691345
1776176005093,1.0,0.0,9596.3251953125,183.93917846679688,0.6955124735832214
1776176005113,1.0,0.0,9598.01171875,183.96945190429688,0.6959841847419739
1776176005134,1.0,0.0,9598.7783203125,184.00546264648438,0.6962417960166931
1776176005153,1.0,0.0,9599.6982421875,184.0457763671875,0.6964571475982666
1776176005173,1.0,0.0,9600.46484375,184.07333374023438,0.6967135071754456
1776176005193,1.0,0.0,9601.384765625,184.1089324951172,0.6969310641288757
1776176005213,1.0,0.0,9603.072265625,184.14984130859375,0.6974450945854187
1776176005234,1.0,0.0,9603.9931640625,184.1849822998047,0.6976604461669922
1776176005254,1.0,0.0,9604.7607421875,184.21331787109375,0.6979164481163025
1776176005278,1.0,0.0,9606.44921875,184.26226806640625,0.6983900666236877
1776176005293,1.0,0.0,9606.44921875,184.286865234375,0.6983900666236877
1776176005314,1.0,0.0,9608.1376953125,184.31399536132812,0.6988634467124939
1776176005334,1.0,0.0,9609.0595703125,184.33883666992188,0.6991215348243713
1776176005353,1.0,0.0,9609.9814453125,184.36849975585938,0.6993368864059448
1776176005373,1.0,0.0,9610.75,184.41253662109375,0.6995941400527954
1776176005393,1.0,0.0,9611.671875,184.44461059570312,0.6998100280761719
1776176005413,1.0,0.0,9613.36328125,184.46556091308594,0.700283408164978
1776176005434,1.0,0.0,9614.1318359375,184.4874725341797,0.700542151927948
1776176005453,1.0,0.0,9615.0546875,184.5123291015625,0.7007572650909424
1776176005473,1.0,0.0,9615.8232421875,184.5319366455078,0.7010164260864258
1776176005493,1.0,0.0,9616.74609375,184.54441833496094,0.7012743353843689
1776176005513,1.0,0.0,9618.4384765625,184.5763702392578,0.7017051577568054
1776176005534,1.0,0.0,9619.2080078125,184.6122283935547,0.7019644379615784
1776176005554,1.0,0.0,9620.130859375,184.63929748535156,0.7022233009338379
1776176005573,1.0,0.0,9621.0546875,184.65322875976562,0.7024386525154114
1776176005593,1.0,0.0,9621.82421875,184.6708221435547,0.7026972770690918
1776176005613,1.0,0.0,9623.517578125,184.7022705078125,0.703171968460083
1776176005633,1.0,0.0,9624.44140625,184.73193359375,0.7034306526184082
1776176005653,1.0,0.0,9625.365234375,184.75576782226562,0.7036473751068115
1776176005673,1.0,0.0,9626.134765625,184.7899169921875,0.7039061188697815
1776176005693,1.0,0.0,9627.05859375,184.81048583984375,0.7041224837303162
1776176005714,1.0,0.0,9628.7529296875,184.85804748535156,0.7045975923538208
1776176005733,1.0,0.0,9629.5234375,184.88638305664062,0.7048564553260803
1776176005753,1.0,0.0,9630.4482421875,184.9188995361328,0.7050732374191284
1776176005774,1.0,0.0,9631.21875,184.94764709472656,0.7053333520889282
1776176005793,1.0,0.0,9632.1435546875,184.99539184570312,0.7055917978286743
1776176005814,1.0,0.0,9633.8388671875,185.0352020263672,0.7060689926147461
1776176005834,1.0,0.0,9634.7646484375,185.06715393066406,0.7062853574752808
1776176005853,1.0,0.0,9635.5361328125,185.10765075683594,0.7065460085868835
1776176005873,1.0,0.0,9636.4619140625,185.15480041503906,0.7067610621452332
1776176005893,1.0,0.0,9637.2333984375,185.17941284179688,0.70702064037323
1776176005913,1.0,0.0,9638.9306640625,185.21311950683594,0.7074986696243286
1776176005934,1.0,0.0,9639.8564453125,185.25657653808594,0.7077591419219971
1776176005953,1.0,0.0,9640.783203125,185.29428100585938,0.7079755067825317
1776176005973,1.0,0.0,9641.5556640625,185.33770751953125,0.708236813545227
1776176005993,1.0,0.0,9642.482421875,185.37741088867188,0.7084518671035767
1776176006013,1.0,0.0,9644.1826171875,185.41464233398438,0.7089295387268066
1776176006033,1.0,0.0,9644.9560546875,185.45635986328125,0.7091891765594482
1776176006053,1.0,0.0,9645.8837890625,185.50962829589844,0.7094085216522217
1776176006073,1.0,0.0,9646.6572265625,185.5714874267578,0.7096678018569946
1776176006093,1.0,0.0,9647.5859375,185.6446990966797,0.7098863124847412
1776176006113,1.0,0.0,9649.2880859375,185.70785522460938,0.7104083895683289
1776176006134,1.0,0.0,9650.216796875,185.7677764892578,0.7106253504753113
1776176006153,1.0,0.0,9650.9912109375,185.8448486328125,0.7108863592147827
1776176006173,1.0,0.0,9651.919921875,185.92837524414062,0.7111040949821472
1776176006193,1.0,0.0,9652.6943359375,186.00282287597656,0.7113643884658813
1776176006213,1.0,0.0,9654.3984375,186.07505798339844,0.7118440866470337
1776176006233,1.0,0.0,9655.328125,186.1487579345703,0.7121068835258484
1776176006253,1.0,0.0,9656.2578125,186.22061157226562,0.7123234272003174
1776176006273,1.0,0.0,9657.033203125,186.29368591308594,0.7125845551490784
1776176006293,1.0,0.0,9657.9638671875,186.36282348632812,0.7128040790557861
1776176006313,1.0,0.0,9659.671875,186.44000244140625,0.7132830023765564
1776176006334,1.0,0.0,9660.4482421875,186.5255126953125,0.7135455012321472
1776176006354,1.0,0.0,9661.380859375,186.62562561035156,0.7137628793716431
1776176006374,1.0,0.0,9662.158203125,186.68746948242188,0.714026153087616
1776176006393,1.0,0.0,9663.091796875,186.7815704345703,0.7142465710639954
1776176006413,1.0,0.0,9664.8046875,186.87355041503906,0.714771032333374
1776176006434,1.0,0.0,9665.7392578125,186.94956970214844,0.7149901986122131
1776176006453,1.0,0.0,9666.5185546875,187.03387451171875,0.715253472328186
1776176006473,1.0,0.0,9667.4541015625,187.1147918701172,0.7154730558395386
1776176006493,1.0,0.0,9668.2333984375,187.19126892089844,0.7157363295555115
1776176006513,1.0,0.0,9669.94921875,187.30230712890625,0.7162173390388489
1776176006533,1.0,0.0,9670.8857421875,187.39178466796875,0.7164819240570068
1776176006553,1.0,0.0,9671.8232421875,187.46632385253906,0.7167010307312012
1776176006573,1.0,0.0,9672.6044921875,187.5478973388672,0.7169659733772278
1776176006593,1.0,0.0,9673.5419921875,187.63497924804688,0.7171841263771057
1776176006613,1.0,0.0,9675.26171875,187.7184600830078,0.717667818069458
1776176006634,1.0,0.0,9676.0439453125,187.81967163085938,0.7179329991340637
1776176006653,1.0,0.0,9676.9833984375,187.9307098388672,0.7181527614593506
1776176006673,1.0,0.0,9677.7666015625,188.01422119140625,0.7184187173843384
1776176006693,1.0,0.0,9678.7060546875,188.10008239746094,0.7186834812164307
1776176006713,1.0,0.0,9680.4296875,188.17776489257812,0.7191675305366516
1776176006733,1.0,0.0,9681.3701171875,188.2680206298828,0.7193893790245056
1776176006753,1.0,0.0,9682.154296875,188.3477020263672,0.7196531891822815
1776176006773,1.0,0.0,9683.095703125,188.4429168701172,0.7198762893676758
1776176006793,1.0,0.0,9683.880859375,188.53538513183594,0.7201409339904785
1776176006813,1.0,0.0,9685.6083984375,188.63638305664062,0.7206302881240845
1776176006834,1.0,0.0,9686.5517578125,188.72344970703125,0.7208958268165588
1776176006853,1.0,0.0,9687.4951171875,188.81683349609375,0.7211175560951233
1776176006873,1.0,0.0,9688.28125,188.89598083496094,0.721383810043335
1776176006893,1.0,0.0,9689.2255859375,188.9857635498047,0.7216063737869263
1776176006913,1.0,0.0,9690.95703125,189.06716918945312,0.7220911979675293
1776176006933,1.0,0.0,9691.744140625,189.16116333007812,0.7223607301712036
1776176006953,1.0,0.0,9692.689453125,189.24789428710938,0.7225828170776367
1776176006973,1.0,0.0,9693.4775390625,189.3229522705078,0.7228501439094543
1776176006993,1.0,0.0,9694.423828125,189.42135620117188,0.7230704426765442
1776176007013,1.0,0.0,9696.16015625,189.50196838378906,0.7236038446426392
1776176007033,1.0,0.0,9697.107421875,189.57070922851562,0.7238262295722961
1776176007053,1.0,0.0,9697.8974609375,189.67178344726562,0.7240960001945496
1776176007073,1.0,0.0,9698.845703125,189.7597198486328,0.7243191599845886
1776176007093,1.0,0.0,9699.6357421875,189.83251953125,0.7245830297470093
1776176007113,1.0,0.0,9701.375,189.92320251464844,0.72507244348526
1776176007133,1.0,0.0,9702.32421875,190.01788330078125,0.7253404259681702
1776176007153,1.0,0.0,9703.2744140625,190.08863830566406,0.7255652546882629
1776176007173,1.0,0.0,9704.06640625,190.17733764648438,0.7258289456367493
1776176007193,1.0,0.0,9705.0166015625,190.2537078857422,0.7260528802871704
1776176007213,1.0,0.0,9706.759765625,190.32077026367188,0.72654789686203
1776176007233,1.0,0.0,9707.552734375,190.41348266601562,0.7268143892288208
1776176007253,1.0,0.0,9708.5048828125,190.50865173339844,0.7270364165306091
1776176007274,1.0,0.0,9709.298828125,190.5819549560547,0.7273048758506775
1776176007293,1.0,0.0,9710.251953125,190.66329956054688,0.7275289297103882
1776176007313,1.0,0.0,9711.9990234375,190.75027465820312,0.7280154824256897
1776176007334,1.0,0.0,9712.7939453125,190.82379150390625,0.7282838225364685
1776176007353,1.0,0.0,9713.748046875,190.9073486328125,0.7285559773445129
1776176007373,1.0,0.0,9714.7021484375,190.98997497558594,0.7287796139717102
1776176007393,1.0,0.0,9715.498046875,191.0600128173828,0.7290500402450562
1776176007413,1.0,0.0,9717.2490234375,191.13973999023438,0.7295401096343994
1776176007434,1.0,0.0,9718.2041015625,191.22833251953125,0.729807436466217
1776176007453,1.0,0.0,9719.16015625,191.302490234375,0.730033814907074
1776176007473,1.0,0.0,9719.95703125,191.3872528076172,0.730301558971405
1776176007493,1.0,0.0,9720.9140625,191.47296142578125,0.7305249571800232
1776176007513,1.0,0.0,9722.6689453125,191.5424041748047,0.7310196161270142
1776176007535,1.0,0.0,9723.466796875,191.65155029296875,0.7312887907028198
1776176007553,1.0,0.0,9724.4248046875,191.73451232910156,0.7315148711204529
1776176007574,1.0,0.0,9725.2236328125,191.80442810058594,0.7317848205566406
1776176007593,1.0,0.0,9726.1826171875,191.88055419921875,0.7320564985275269
1776176007613,1.0,0.0,9727.94140625,191.96563720703125,0.7325509786605835
1776176007633,1.0,0.0,9728.9013671875,192.05148315429688,0.7327743768692017
1776176007653,1.0,0.0,9729.701171875,192.14352416992188,0.73304283618927
1776176007675,1.0,0.0,9730.662109375,192.2313995361328,0.7332682013511658
1776176007693,1.0,0.0,9731.462890625,192.31353759765625,0.7335407137870789
1776176007713,1.0,0.0,9733.2255859375,192.4020233154297,0.7340339422225952
1776176007733,1.0,0.0,9734.1875,192.48971557617188,0.7343067526817322
1776176007753,1.0,0.0,9735.1494140625,192.55995178222656,0.734532356262207
1776176007773,1.0,0.0,9735.951171875,192.65928649902344,0.7348012924194336
1776176007793,1.0,0.0,9736.9140625,192.75875854492188,0.7350263595581055
1776176007814,1.0,0.0,9738.6806640625,192.84617614746094,0.7355259656906128
1776176007834,1.0,0.0,9739.484375,192.94273376464844,0.7357980012893677
1776176007853,1.0,0.0,9740.44921875,193.0287322998047,0.7360237836837769
1776176007873,1.0,0.0,9741.2529296875,193.1188201904297,0.73629230260849
1776176007893,1.0,0.0,9742.2177734375,193.21621704101562,0.736567497253418
1776176007913,1.0,0.0,9743.98828125,193.3137969970703,0.7370672821998596
1776176007934,1.0,0.0,9744.955078125,193.41021728515625,0.7372936010360718
1776176007953,1.0,0.0,9745.7607421875,193.49229431152344,0.7375652194023132
1776176007973,1.0,0.0,9746.7275390625,193.58766174316406,0.7377936244010925
1776176007993,1.0,0.0,9747.5341796875,193.6678009033203,0.7380608320236206
1776176008013,1.0,0.0,9749.30859375,193.75814819335938,0.7385662198066711
1776176008033,1.0,0.0,9750.27734375,193.857177734375,0.738837480545044
1776176008053,1.0,0.0,9751.24609375,193.9505157470703,0.7390642762184143
1776176008074,1.0,0.0,9752.0537109375,194.04942321777344,0.739335834980011
1776176008093,1.0,0.0,9753.0234375,194.13694763183594,0.7395620942115784
1776176008113,1.0,0.0,9754.802734375,194.22210693359375,0.7400673031806946
1776176008133,1.0,0.0,9755.6123046875,194.30953979492188,0.7403377890586853
1776176008153,1.0,0.0,9756.583984375,194.3943328857422,0.7405675053596497
1776176008173,1.0,0.0,9757.3935546875,194.48106384277344,0.7408401966094971
1776176008193,1.0,0.0,9758.365234375,194.5915985107422,0.7411145567893982
1776176008213,1.0,0.0,9760.1484375,194.7032928466797,0.7416180372238159
1776176008234,1.0,0.0,9761.1220703125,194.77854919433594,0.7418466806411743
1776176008253,1.0,0.0,9761.93359375,194.85162353515625,0.7420756816864014
1776176008273,1.0,0.0,9762.7451171875,194.96261596679688,0.7423467636108398
1776176008293,1.0,0.0,9763.7197265625,195.04708862304688,0.7426236271858215
1776176008313,1.0,0.0,9765.5068359375,195.1427001953125,0.7431254386901855
1776176008334,1.0,0.0,9766.482421875,195.23435974121094,0.743398904800415
1776176008353,1.0,0.0,9767.458984375,195.3150177001953,0.7436279654502869
1776176008373,1.0,0.0,9768.2724609375,195.41139221191406,0.7439045906066895
1776176008393,1.0,0.0,9769.2490234375,195.4973602294922,0.7441322803497314
1776176008413,1.0,0.0,9771.041015625,195.5723114013672,0.7446355223655701
1776176008434,1.0,0.0,9771.85546875,195.66915893554688,0.744912326335907
1776176008453,1.0,0.0,9772.833984375,195.76724243164062,0.7451427578926086
1776176008473,1.0,0.0,9773.6494140625,195.84226989746094,0.7454161047935486
1776176008493,1.0,0.0,9774.62890625,195.9392547607422,0.7456461191177368
1776176008513,1.0,0.0,9776.4248046875,196.02272033691406,0.7461956739425659
1776176008534,1.0,0.0,9777.4052734375,196.1103057861328,0.746425211429596
1776176008553,1.0,0.0,9778.2216796875,196.1873016357422,0.746699869632721
1776176008573,1.0,0.0,9779.2021484375,196.2738037109375,0.7469308972358704
1776176008593,1.0,0.0,9780.01953125,196.35435485839844,0.747206449508667
1776176008613,1.0,0.0,9781.8193359375,196.43995666503906,0.7477116584777832
1776176008633,1.0,0.0,9782.8017578125,196.5441436767578,0.7479849457740784
1776176008653,1.0,0.0,9783.7841796875,196.62249755859375,0.7482174634933472
1776176008673,1.0,0.0,9784.603515625,196.7107696533203,0.748491108417511
1776176008693,1.0,0.0,9785.5869140625,196.8022918701172,0.7487201690673828
1776176008713,1.0,0.0,9787.390625,196.8828887939453,0.7492281794548035
1776176008734,1.0,0.0,9788.2109375,196.97105407714844,0.749505877494812
1776176008753,1.0,0.0,9789.1953125,197.05496215820312,0.7497340440750122
1776176008773,1.0,0.0,9790.015625,197.11753845214844,0.7500103712081909
1776176008793,1.0,0.0,9791.0009765625,197.20037841796875,0.7502869963645935
1776176008813,1.0,0.0,9792.8076171875,197.2943115234375,0.7507479786872864
1776176008834,1.0,0.0,9793.6298828125,197.37399291992188,0.751025378704071
1776176008853,1.0,0.0,9794.6162109375,197.4699249267578,0.7513009905815125
1776176008873,1.0,0.0,9795.603515625,197.5490264892578,0.7515317797660828
1776176008893,1.0,0.0,9796.4267578125,197.60140991210938,0.751807689666748
1776176008913,1.0,0.0,9798.2373046875,197.6761016845703,0.752314031124115
1776176008934,1.0,0.0,9799.2255859375,197.77452087402344,0.7525928616523743
1776176008953,1.0,0.0,9800.21484375,197.86416625976562,0.752824068069458
1776176008973,1.0,0.0,9801.0390625,197.94979858398438,0.7531002759933472
1776176008993,1.0,0.0,9802.0283203125,198.03065490722656,0.7533321976661682
1776176009013,1.0,0.0,9803.84375,198.09414672851562,0.7538400292396545
1776176009033,1.0,0.0,9804.6689453125,198.17971801757812,0.754118025302887
1776176009053,1.0,0.0,9805.66015625,198.2578887939453,0.7543492317199707
1776176009073,1.0,0.0,9806.486328125,198.3247833251953,0.7546274662017822
1776176009093,1.0,0.0,9807.4775390625,198.39862060546875,0.754905104637146
1776176009113,1.0,0.0,9809.294921875,198.4766845703125,0.7554148435592651
1776176009133,1.0,0.0,9810.287109375,198.5453338623047,0.7556467056274414
1776176009153,1.0,0.0,9811.1142578125,198.61976623535156,0.7559252977371216
1776176009173,1.0,0.0,9812.107421875,198.6979217529297,0.7561568021774292
1776176009193,1.0,0.0,9812.9345703125,198.76425170898438,0.7564353942871094
1776176009213,1.0,0.0,9814.755859375,198.85560607910156,0.7569457292556763
1776176009233,1.0,0.0,9815.75,198.91477966308594,0.757225513458252
1776176009253,1.0,0.0,9816.744140625,198.98370361328125,0.7574584484100342
1776176009273,1.0,0.0,9817.5732421875,199.0874786376953,0.7577360272407532
1776176009293,1.0,0.0,9818.568359375,199.1660919189453,0.7579686045646667
1776176009313,1.0,0.0,9820.39453125,199.2255859375,0.7584819197654724
1776176009333,1.0,0.0,9821.224609375,199.29959106445312,0.7587595582008362
1776176009353,1.0,0.0,9822.220703125,199.38706970214844,0.7589917778968811
1776176009373,1.0,0.0,9823.05078125,199.4556884765625,0.7592718005180359
1776176009393,1.0,0.0,9824.0478515625,199.5230255126953,0.7595056891441345
1776176009413,1.0,0.0,9825.8759765625,199.5960693359375,0.7600647211074829
1776176009434,1.0,0.0,9826.8740234375,199.66673278808594,0.7602969408035278
1776176009453,1.0,0.0,9827.7060546875,199.7523956298828,0.7605772018432617
1776176009473,1.0,0.0,9828.705078125,199.83665466308594,0.7608122229576111
1776176009493,1.0,0.0,9829.537109375,199.89193725585938,0.7610918879508972
1776176009513,1.0,0.0,9831.53515625,199.95477294921875,0.7616045475006104
1776176009534,1.0,0.0,9832.3681640625,200.03260803222656,0.7618862986564636
1776176009553,1.0,0.0,9833.3681640625,200.1038360595703,0.7621192336082458
1776176009573,1.0,0.0,9834.2021484375,200.17059326171875,0.7623994946479797
1776176009593,1.0,0.0,9835.203125,200.25804138183594,0.7626329660415649
1776176009613,1.0,0.0,9837.0380859375,200.32408142089844,0.7631480693817139
1776176009634,1.0,0.0,9837.873046875,200.39273071289062,0.7634303569793701
1776176009653,1.0,0.0,9838.875,200.4656524658203,0.7636633515357971
1776176009673,1.0,0.0,9839.7099609375,200.53311157226562,0.7639463543891907
1776176009693,1.0,0.0,9840.712890625,200.60409545898438,0.7641788125038147
1776176009713,1.0,0.0,9842.5517578125,200.66781616210938,0.7647432088851929
1776176009733,1.0,0.0,9843.5546875,200.7158203125,0.7649769186973572
1776176009753,1.0,0.0,9844.390625,200.7943115234375,0.7652565240859985
1776176009773,1.0,0.0,9845.39453125,200.86776733398438,0.7654924988746643
1776176009793,1.0,0.0,9846.2314453125,200.93006896972656,0.7657748460769653
1776176009813,1.0,0.0,9848.240234375,200.99725341796875,0.7662907838821411
1776176009833,1.0,0.0,9849.078125,201.07080078125,0.7665721774101257
1776176009853,1.0,0.0,9850.083984375,201.1321563720703,0.766808807849884
1776176009874,1.0,0.0,9850.921875,201.2096710205078,0.7670900225639343
1776176009893,1.0,0.0,9851.927734375,201.27134704589844,0.7673263549804688
1776176009913,1.0,0.0,9853.7724609375,201.31724548339844,0.7678419351577759
1776176009934,1.0,0.0,9854.611328125,201.38226318359375,0.7681258320808411
1776176009954,1.0,0.0,9855.6181640625,201.4601287841797,0.7683597207069397
1776176009973,1.0,0.0,9856.45703125,201.52842712402344,0.7686413526535034
1776176009993,1.0,0.0,9857.46484375,201.6027374267578,0.7689247727394104
1776176010013,1.0,0.0,9859.3125,201.67019653320312,0.7693966031074524
1776176010034,1.0,0.0,9860.1533203125,201.7464599609375,0.7696770429611206
1776176010053,1.0,0.0,9861.162109375,201.7989959716797,0.7699628472328186
1776176010073,1.0,0.0,9862.1708984375,201.87777709960938,0.7701987624168396
1776176010093,1.0,0.0,9863.01171875,201.928955078125,0.7704814076423645
1776176010113,1.0,0.0,9864.86328125,201.98876953125,0.7710007429122925
1776176010134,1.0,0.0,9865.873046875,202.0545196533203,0.7712841629981995
1776176010153,1.0,0.0,9866.8828125,202.12062072753906,0.7715198993682861
1776176010173,1.0,0.0,9867.724609375,202.1842041015625,0.7718042731285095
1776176010193,1.0,0.0,9868.7353515625,202.25347900390625,0.7720396518707275
1776176010213,1.0,0.0,9870.58984375,202.3199462890625,0.7725573182106018
1776176010234,1.0,0.0,9871.4326171875,202.38690185546875,0.7728437185287476
1776176010253,1.0,0.0,9872.4443359375,202.44549560546875,0.7730821371078491
1776176010273,1.0,0.0,9873.2880859375,202.4984893798828,0.7733657956123352
1776176010293,1.0,0.0,9874.2998046875,202.56837463378906,0.773650586605072
1776176010313,1.0,0.0,9876.15625,202.63153076171875,0.774168074131012
1776176010333,1.0,0.0,9877.1689453125,202.68887329101562,0.7744060158729553
1776176010353,1.0,0.0,9878.013671875,202.76126098632812,0.7746887803077698
1776176010373,1.0,0.0,9879.02734375,202.82376098632812,0.7749263048171997
1776176010393,1.0,0.0,9879.8720703125,202.87551879882812,0.7752114534378052
1776176010413,1.0,0.0,9881.732421875,202.9361572265625,0.7757352590560913
1776176010434,1.0,0.0,9882.7470703125,203.00277709960938,0.7760174870491028
1776176010453,1.0,0.0,9883.76171875,203.06275939941406,0.7762569785118103
1776176010473,1.0,0.0,9884.607421875,203.1338348388672,0.7765404582023621
1776176010493,1.0,0.0,9885.623046875,203.19119262695312,0.7767775058746338
1776176010513,1.0,0.0,9887.4853515625,203.24234008789062,0.7773010730743408
1776176010533,1.0,0.0,9888.33203125,203.30528259277344,0.7775886058807373
1776176010553,1.0,0.0,9889.3486328125,203.3748321533203,0.7778240442276001
1776176010573,1.0,0.0,9890.1962890625,203.43173217773438,0.7781106233596802
1776176010593,1.0,0.0,9891.212890625,203.4793701171875,0.7783957719802856
1776176010613,1.0,0.0,9893.078125,203.5481414794922,0.7789203524589539
1776176010634,1.0,0.0,9894.095703125,203.601806640625,0.7791581153869629
1776176010653,1.0,0.0,9894.9443359375,203.66363525390625,0.7794443368911743
1776176010673,1.0,0.0,9895.962890625,203.7200927734375,0.7796837687492371
1776176010693,1.0,0.0,9896.8115234375,203.7781982421875,0.7799683213233948
1776176010713,1.0,0.0,9898.8486328125,203.8338623046875,0.7804950475692749
1776176010733,1.0,0.0,9899.6982421875,203.89112854003906,0.7807815670967102
1776176010753,1.0,0.0,9900.7177734375,203.94888305664062,0.7810209393501282
1776176010773,1.0,0.0,9901.5673828125,204.0113983154297,0.7813048958778381
1776176010793,1.0,0.0,9902.5869140625,204.0714569091797,0.7815448045730591
1776176010813,1.0,0.0,9904.45703125,204.12042236328125,0.7820724248886108
1776176010833,1.0,0.0,9905.3076171875,204.1736602783203,0.7823567390441895
1776176010853,1.0,0.0,9906.328125,204.2294921875,0.7825955152511597
1776176010873,1.0,0.0,9907.1787109375,204.28433227539062,0.7828829288482666
1776176010893,1.0,0.0,9908.2001953125,204.35272216796875,0.7831215858459473
1776176010913,1.0,0.0,9910.0732421875,204.40586853027344,0.7836965322494507
1776176010933,1.0,0.0,9911.095703125,204.45094299316406,0.7839341163635254
1776176010953,1.0,0.0,9911.947265625,204.50698852539062,0.7842201590538025
1776176010973,1.0,0.0,9912.9697265625,204.5587921142578,0.7844616174697876
1776176010993,1.0,0.0,9913.822265625,204.62034606933594,0.7847492694854736
1776176011013,1.0,0.0,9915.8681640625,204.6702880859375,0.7852751016616821
1776176011033,1.0,0.0,9916.720703125,204.7362823486328,0.7855632305145264
1776176011053,1.0,0.0,9917.744140625,204.7882537841797,0.7858007550239563
1776176011073,1.0,0.0,9918.59765625,204.84779357910156,0.7860888838768005
1776176011093,1.0,0.0,9919.6220703125,204.89892578125,0.7863267660140991
1776176011113,1.0,0.0,9921.5,204.9496307373047,0.7868556976318359
1776176011133,1.0,0.0,9922.353515625,205.00552368164062,0.787140965461731
1776176011153,1.0,0.0,9923.37890625,205.06033325195312,0.787383496761322
1776176011173,1.0,0.0,9924.2333984375,205.11129760742188,0.7876688241958618
1776176011193,1.0,0.0,9925.2587890625,205.16714477539062,0.7879109978675842
1776176011213,1.0,0.0,9927.1396484375,205.21676635742188,0.7884853482246399
1776176011234,1.0,0.0,9928.166015625,205.27037048339844,0.7887243628501892
1776176011253,1.0,0.0,9929.021484375,205.3110809326172,0.7890135049819946
1776176011273,1.0,0.0,9930.0478515625,205.3703155517578,0.7892521619796753
1776176011293,1.0,0.0,9930.9033203125,205.42068481445312,0.7895413637161255
1776176011313,1.0,0.0,9932.7861328125,205.46543884277344,0.7900683283805847
1776176011333,1.0,0.0,9933.8134765625,205.50933837890625,0.7903566360473633
1776176011353,1.0,0.0,9934.8408203125,205.5524139404297,0.7905970215797424
1776176011373,1.0,0.0,9935.697265625,205.5971221923828,0.7908865213394165
1776176011393,1.0,0.0,9936.724609375,205.6444854736328,0.7911266088485718
1776176011413,1.0,0.0,9938.609375,205.69737243652344,0.7916553616523743
1776176011434,1.0,0.0,9939.466796875,205.7578887939453,0.7919452786445618
1776176011453,1.0,0.0,9940.4951171875,205.81214904785156,0.7921853065490723
1776176011473,1.0,0.0,9941.3525390625,205.86289978027344,0.7924734950065613
1776176011493,0.9101499915122986,0.0,9942.3818359375,205.9031219482422,0.7927609086036682
1776176011513,0.5820499658584595,0.0,9944.26953125,205.94659423828125,0.7932909727096558
1776176011533,0.1904500126838684,0.0,9945.2998046875,205.93344116210938,0.7935305833816528
1776176011553,0.0,0.0,9946.158203125,205.84933471679688,0.7938191294670105
1776176011573,0.0,0.0,9947.1875,205.71524047851562,0.7940586805343628
1776176011593,0.0,0.0,9948.044921875,205.58856201171875,0.7943481206893921
1776176011613,0.0,0.0,9950.1005859375,205.4392547607422,0.7948763966560364
1776176011634,0.0,0.0,9950.9560546875,205.29022216796875,0.7951645851135254
1776176011653,0.0,0.0,9951.982421875,205.163330078125,0.7954038977622986
1776176011673,0.0,0.005779007915407419,9952.8369140625,205.00576782226562,0.7956925630569458
1776176011693,0.0,0.36630862951278687,9953.8623046875,204.82545471191406,0.7959316372871399
1776176011713,0.0,1.0,9955.7412109375,204.41282653808594,0.7964584827423096
1776176011733,0.0,1.0,9956.59375,203.59947204589844,0.7967444062232971
1776176011753,0.0,1.0,9957.61328125,202.65567016601562,0.7969822287559509
1776176011774,0.0,1.0,9958.4599609375,201.83966064453125,0.7972670197486877
1776176011793,0.0,1.0,9959.4716796875,200.86192321777344,0.7975468039512634
1776176011813,0.0,1.0,9961.31640625,199.83985900878906,0.7980188727378845
1776176011834,0.0,1.0,9962.1494140625,198.81808471679688,0.7982983589172363
1776176011853,0.0,1.0,9963.1455078125,197.9320831298828,0.7985772490501404
1776176011873,0.0,1.0,9964.13671875,196.88412475585938,0.7988085746765137
1776176011893,0.0,1.0,9964.9599609375,195.95413208007812,0.7990841269493103
1776176011913,0.0,1.0,9966.9228515625,194.8815155029297,0.7995884418487549
1776176011934,0.0,1.0,9967.7353515625,193.8035888671875,0.7998615503311157
1776176011953,0.0,1.0,9968.70703125,192.9048309326172,0.8000881671905518
1776176011973,0.0,1.0,9969.5126953125,191.868408203125,0.8003587126731873
1776176011993,0.0,1.0,9970.4755859375,190.8691864013672,0.8005825281143188
1776176012013,0.0,1.0,9972.2314453125,190.04173278808594,0.801072359085083
1776176012033,0.0,1.0,9973.0244140625,189.04835510253906,0.8013384938240051
1776176012053,0.0,1.0,9973.97265625,188.05889892578125,0.8016037940979004
1776176012073,0.0,1.0,9974.9169921875,187.2738494873047,0.8018231391906738
1776176012093,0.0,1.0,9975.7001953125,186.32632446289062,0.8020427823066711
1776176012113,0.0,1.0,9977.4150390625,185.38414001464844,0.8025652170181274
1776176012133,0.0,1.0,9978.34375,184.60342407226562,0.8027814030647278
1776176012153,0.0,1.0,9979.115234375,183.6502227783203,0.8030393719673157
1776176012173,0.0,1.0,9980.037109375,182.7083740234375,0.8032544255256653
1776176012193,0.0,1.0,9980.8017578125,181.90921020507812,0.8035112023353577
1776176012213,0.0,1.0,9982.6259765625,180.94497680664062,0.8039782643318176
1776176012233,0.0,1.0,9983.380859375,179.88096618652344,0.8042312860488892
1776176012253,0.0,1.0,9984.283203125,178.95755004882812,0.8044412732124329
1776176012273,0.0,1.0,9985.03125,177.87290954589844,0.8046932816505432
1776176012293,0.0,1.0,9985.9248046875,176.76834106445312,0.8049001097679138
1776176012313,0.0,1.0,9987.55078125,175.80517578125,0.8053538203239441
1776176012333,0.0,1.0,9988.2841796875,174.70721435546875,0.8056004047393799
1776176012353,0.0,1.0,9989.16015625,173.6612548828125,0.805803656578064
1776176012373,0.0,1.0,9989.88671875,172.74737548828125,0.8060480952262878
1776176012393,0.0,1.0,9990.7548828125,171.65823364257812,0.8062902688980103
1776176012414,0.0,1.0,9992.333984375,170.6148223876953,0.8066927194595337
1776176012434,0.0,1.0,9993.046875,169.55587768554688,0.8069314360618591
1776176012453,0.0,1.0,9993.8984375,168.64938354492188,0.8071685433387756
1776176012473,0.0,1.0,9994.74609375,167.609375,0.8073647618293762
1776176012493,0.0,1.0,9995.4482421875,166.7347869873047,0.807600736618042
1776176012513,0.0,1.0,9997.1220703125,165.71963500976562,0.8080278038978577
1776176012533,0.0,1.0,9997.814453125,164.7233428955078,0.808262050151825
1776176012553,0.0,1.0,9998.640625,163.87237548828125,0.8084533214569092
1776176012573,0.0,1.0,9999.326171875,162.86807250976562,0.8086816668510437
1776176012593,0.0,1.0,10000.14453125,161.86256408691406,0.8088731169700623
1776176012613,0.0,1.0,10001.6337890625,160.9984893798828,0.8092898726463318
1776176012634,0.0,1.0,10002.3056640625,159.9753875732422,0.8095158934593201
1776176012653,0.0,1.0,10003.1083984375,158.91163635253906,0.8097401261329651
1776176012673,0.0,1.0,10003.90625,157.99176025390625,0.8099251985549927
1776176012693,0.0,1.0,10004.5673828125,156.9764404296875,0.8101467490196228
1776176012713,0.0,1.0,10006.01171875,155.92552185058594,0.8105497360229492
1776176012734,0.0,1.0,10006.79296875,155.01097106933594,0.8107307553291321
1776176012753,0.0,1.0,10007.4404296875,154.0292205810547,0.8109485507011414
1776176012773,0.0,1.0,10008.2138671875,153.06552124023438,0.8111287951469421
1776176012793,0.0,1.0,10008.8544921875,152.20310974121094,0.8113396167755127
1776176012813,0.0,1.0,10010.3818359375,151.22207641601562,0.8117340207099915
1776176012833,0.0,1.0,10011.0126953125,150.26939392089844,0.811945915222168
1776176012853,0.0,1.0,10011.7666015625,149.4266815185547,0.8121207356452942
1776176012873,0.0,1.0,10012.3916015625,148.4462890625,0.8123310804367065
1776176012893,0.0,1.0,10013.1376953125,147.4332733154297,0.8125066757202148
1776176012913,0.0,1.0,10014.494140625,146.54428100585938,0.8128829598426819
1776176012934,0.0,1.0,10015.1064453125,145.40135192871094,0.8130889534950256
1776176012953,0.0,1.0,10015.8369140625,144.49684143066406,0.8132569193840027
1776176012973,0.0,1.0,10016.4423828125,143.52273559570312,0.8134602904319763
1776176012993,0.0,1.0,10017.1650390625,142.44544982910156,0.8136643171310425
1776176013013,0.0,1.0,10018.4775390625,141.3916015625,0.8140283226966858
1776176013034,0.0,1.0,10019.1865234375,140.33090209960938,0.8141937255859375
1776176013053,0.0,1.0,10019.7734375,139.43264770507812,0.8143900036811829
1776176013073,0.0,1.0,10020.4736328125,138.39398193359375,0.8145539164543152
1776176013093,0.0,1.0,10021.0537109375,137.51199340820312,0.8147484660148621
1776176013113,0.0,1.0,10022.43359375,136.5555419921875,0.8151004910469055
1776176013133,0.0,1.0,10023.00390625,135.58554077148438,0.8152922987937927
1776176013153,0.0,1.0,10023.6845703125,134.77178955078125,0.8154494762420654
1776176013174,0.0,1.0,10024.248046875,133.86439514160156,0.8156391382217407
1776176013193,0.0,1.0,10024.9208984375,132.95761108398438,0.8157956600189209
1776176013213,0.0,1.0,10026.14453125,132.16665649414062,0.8161374926567078
1776176013233,0.0,1.0,10026.6962890625,131.26014709472656,0.8163217902183533
1776176013253,0.0,1.0,10027.3544921875,130.3511505126953,0.8164744973182678
1776176013273,0.0,1.0,10027.900390625,129.49859619140625,0.8166581392288208
1776176013293,0.0,1.0,10028.5517578125,128.49942016601562,0.8168399930000305
1776176013313,0.0,1.0,10029.7353515625,127.55298614501953,0.8171693682670593
1776176013333,0.0,1.0,10030.375,126.685791015625,0.8173179626464844
1776176013353,0.0,1.0,10030.904296875,125.66024780273438,0.817496657371521
1776176013373,0.0,1.0,10031.5361328125,124.63670349121094,0.8176437616348267
1776176013393,0.0,1.0,10032.0595703125,123.74442291259766,0.8178191184997559
1776176013413,0.0,1.0,10033.3017578125,122.71783447265625,0.81813645362854
1776176013434,0.0,1.0,10033.814453125,121.72653198242188,0.8183075189590454
1776176013453,0.0,1.0,10034.42578125,120.85309600830078,0.8184490203857422
1776176013473,0.0,1.0,10034.931640625,119.82110595703125,0.818618893623352
1776176013493,0.0,1.0,10035.53515625,118.80569458007812,0.8187596201896667
1776176013513,0.0,1.0,10036.62890625,117.99639892578125,0.8190648555755615
1776176013534,0.0,1.0,10037.1220703125,117.04200744628906,0.8192297220230103
1776176013553,0.0,1.0,10037.7099609375,116.09747314453125,0.8193661570549011
1776176013573,0.0,1.0,10038.1962890625,115.29851531982422,0.819528341293335
1776176013594,0.0,1.0,10038.7763671875,114.40325927734375,0.819692850112915
1776176013613,0.0,1.0,10039.830078125,113.47693634033203,0.8199841380119324
1776176013634,0.0,1.0,10040.3994140625,112.66055297851562,0.8201166987419128
1776176013653,0.0,1.0,10040.8701171875,111.74788665771484,0.8202739357948303
1776176013674,0.0,1.0,10041.431640625,110.80731964111328,0.820404589176178
1776176013693,0.0,1.0,10041.896484375,110.03570556640625,0.8205613493919373
1776176013713,0.0,1.0,10043.001953125,109.0435562133789,0.8208433389663696
1776176013733,0.0,1.0,10043.4580078125,108.03002166748047,0.8209953904151917
1776176013753,0.0,1.0,10044.0009765625,107.16403198242188,0.8211206793785095
1776176013773,0.0,1.0,10044.4501953125,106.15092468261719,0.8212718367576599
1776176013793,0.0,1.0,10044.984375,105.15181732177734,0.8213960528373718
1776176013813,0.0,1.0,10045.953125,104.30818939208984,0.8216660618782043
1776176013834,0.0,1.0,10046.388671875,103.24777221679688,0.8218123912811279
1776176013853,0.0,1.0,10046.9072265625,102.25411224365234,0.821956992149353
1776176013873,0.0,1.0,10047.421875,101.39152526855469,0.822075366973877
1776176013893,0.0,1.0,10047.84765625,100.38955688476562,0.8222185373306274
1776176013913,0.0,1.0,10048.7734375,99.39916229248047,0.8224756121635437
1776176013933,0.0,1.0,10049.2724609375,98.51113891601562,0.8225902318954468
1776176013953,0.0,1.0,10049.6845703125,97.48763275146484,0.8227293491363525
1776176013973,0.0,1.0,10050.17578125,96.54096984863281,0.8228435516357422
1776176013993,0.0,1.0,10050.58203125,95.69538116455078,0.8229787945747375
1776176014013,0.0,1.0,10051.46484375,94.71269226074219,0.823223888874054
1776176014033,0.0,1.0,10051.9404296875,93.79907989501953,0.8233567476272583
1776176014053,0.0,1.0,10052.412109375,92.99903869628906,0.8234646320343018
1776176014073,0.0,0.7483496069908142,10052.8017578125,92.12246704101562,0.8235952258110046
1776176014093,0.0,0.5852325558662415,10053.265625,91.30756378173828,0.8237031102180481
1776176014114,0.0,0.4417574405670166,10054.107421875,90.58438110351562,0.8239398002624512
1776176014134,0.0,0.4337609112262726,10054.486328125,90.07622528076172,0.8240642547607422
1776176014153,0.0,0.5097978115081787,10054.9384765625,89.51546478271484,0.8241686224937439
1776176014173,0.0,0.605271577835083,10055.3134765625,89.00146484375,0.8242942094802856
1776176014193,0.0,0.6362686157226562,10055.7607421875,88.3489990234375,0.8244177103042603
1776176014213,0.0,0.6362686157226562,10056.57421875,87.68386840820312,0.8246452808380127
1776176014234,0.0,0.605271577835083,10057.013671875,87.00960540771484,0.8247470855712891
1776176014253,0.0,0.605271577835083,10057.3779296875,86.42487335205078,0.8248687386512756
1776176014273,0.0,0.6154777407646179,10057.8125,85.74136352539062,0.824970543384552
1776176014293,0.0,0.6795321106910706,10058.1728515625,85.16302490234375,0.8250897526741028
1776176014313,0.0,0.7968763709068298,10058.95703125,84.48632049560547,0.8253077268600464
1776176014334,0.0,1.0,10059.380859375,83.76963806152344,0.8254244327545166
1776176014353,0.0,1.0,10059.8017578125,83.08482360839844,0.8255218863487244
1776176014374,0.0,1.0,10060.1494140625,82.31639099121094,0.8256392478942871
1776176014393,0.0,1.0,10060.5634765625,81.52241516113281,0.8257347345352173
1776176014413,0.0,1.0,10061.314453125,80.83515167236328,0.825942873954773
1776176014433,0.0,1.0,10061.65234375,80.0765151977539,0.8260552883148193
1776176014453,0.0,1.0,10062.0546875,79.26273345947266,0.8261663913726807
1776176014473,0.0,1.0,10062.453125,78.62020111083984,0.8262590169906616
1776176014493,0.0,1.0,10062.783203125,77.86167907714844,0.8263698816299438
1776176014513,0.0,1.0,10063.5009765625,77.07573699951172,0.8265682458877563
1776176014534,0.0,1.0,10063.8876953125,76.26956176757812,0.8266575336456299
1776176014553,0.0,1.0,10064.20703125,75.60645294189453,0.8267638683319092
1776176014573,0.0,0.9567133188247681,10064.5869140625,74.83733367919922,0.8268518447875977
1776176014593,0.0,0.8478404879570007,10064.9013671875,74.21111297607422,0.8269563913345337
1776176014613,0.0,0.7602721452713013,10065.646484375,73.51952362060547,0.8271448016166687
1776176014634,0.0,0.6468548774719238,10065.953125,72.8191909790039,0.8272478580474854
1776176014653,0.0,0.4417574405670166,10066.318359375,72.26776885986328,0.8273327350616455
1776176014673,0.0,0.30085572600364685,10066.62109375,71.72474670410156,0.8274329304695129
1776176014693,0.0,0.2006537765264511,10066.9814453125,71.27240753173828,0.8275160789489746
1776176014713,0.0,0.1552741378545761,10067.63671875,70.94099426269531,0.8276990056037903
1776176014733,0.0,0.11796233803033829,10067.9326171875,70.58626556396484,0.827796995639801
1776176014753,0.0,0.07600020617246628,10068.287109375,70.27198791503906,0.8278799653053284
1776176014774,0.0,0.02868010476231575,10068.5810546875,70.00603485107422,0.8279784321784973
1776176014793,0.0,0.0024600743781775236,10068.9326171875,69.81316375732422,0.8280602097511292
1776176014813,0.0,0.0,10069.57421875,69.6062240600586,0.828253984451294
1776176014833,0.0,0.0,10069.923828125,69.43717956542969,0.8283341526985168
1776176014853,0.0,0.0,10070.2138671875,69.2579574584961,0.8284305930137634
1776176014873,0.0,0.0,10070.5615234375,69.0784912109375,0.8285120129585266
1776176014893,0.0,0.0,10070.8505859375,68.92363739013672,0.8286080360412598
1776176014913,0.0,0.0,10071.541015625,68.74113464355469,0.8287838697433472
1776176014934,0.0,0.0,10071.828125,68.55694580078125,0.8288794755935669
1776176014953,0.0,0.0,10072.171875,68.4020767211914,0.8289592266082764
1776176014973,0.0,0.0,10072.4580078125,68.20958709716797,0.8290544152259827
1776176014993,0.0,0.0,10072.7998046875,68.03370666503906,0.8291341662406921
1776176015013,0.09125000238418579,0.0,10073.4248046875,67.87809753417969,0.8293082118034363
1776176015034,0.18650001287460327,0.0,10073.7080078125,67.73592376708984,0.8294029235839844
1776176015053,0.2658500075340271,0.0,10074.046875,67.5999526977539,0.8294813632965088
1776176015073,0.3015500009059906,0.0,10074.328125,67.48331451416016,0.8295764923095703
1776176015093,0.31744998693466187,0.0,10074.666015625,67.36227416992188,0.8296703696250916
1776176015113,0.32534998655319214,0.0,10075.283203125,67.2414779663086,0.8298428654670715
1776176015134,0.32534998655319214,0.0,10075.619140625,67.14163970947266,0.829920768737793
1776176015153,0.32534998655319214,0.0,10075.8984375,67.06063079833984,0.8300149440765381
1776176015173,0.32534998655319214,0.0,10076.2333984375,66.95840454101562,0.8300928473472595
1776176015193,0.32534998655319214,0.0,10076.5126953125,66.90155029296875,0.8301864862442017
1776176015213,0.32534998655319214,0.0,10077.181640625,66.8395767211914,0.8303581476211548
1776176015234,0.32934999465942383,0.0,10077.4599609375,66.7810287475586,0.8304516673088074
1776176015253,0.3372499942779541,0.0,10077.7939453125,66.72760772705078,0.8305298089981079
1776176015273,0.3412500023841858,0.0,10078.072265625,66.64418029785156,0.8306230306625366
1776176015293,0.3452000021934509,0.0,10078.4052734375,66.587890625,0.8307005167007446
1776176015313,0.34915000200271606,0.0,10079.015625,66.55236053466797,0.8308717608451843
1776176015334,0.34915000200271606,0.0,10079.29296875,66.51709747314453,0.8309650421142578
1776176015353,0.34915000200271606,0.0,10079.625,66.49183654785156,0.8310422897338867
1776176015373,0.34915000200271606,0.0,10079.90234375,66.46499633789062,0.8311362266540527
1776176015393,0.3412500023841858,0.0,10080.234375,66.45305633544922,0.8312289714813232
1776176015413,0.3412500023841858,0.0,10080.8427734375,66.4379653930664,0.8314003348350525
1776176015434,0.3412500023841858,0.0,10081.1748046875,66.41117095947266,0.831477701663971
1776176015453,0.3412500023841858,0.0,10081.451171875,66.3768081665039,0.8315715789794922
1776176015473,0.3412500023841858,0.0,10081.783203125,66.33650970458984,0.8316485285758972
1776176015493,0.3412500023841858,0.0,10082.0595703125,66.29570770263672,0.8317420482635498
1776176015513,0.3412500023841858,0.0,10082.7216796875,66.2435531616211,0.831912636756897
1776176015533,0.3452000021934509,0.0,10082.9970703125,66.19584655761719,0.8320059180259705
1776176015553,0.34915000200271606,0.0,10083.328125,66.14778137207031,0.8320838809013367
1776176015573,0.361050009727478,0.0,10083.603515625,66.09916687011719,0.8321771621704102
1776176015593,0.3769499957561493,0.0,10083.93359375,66.0648193359375,0.8322546482086182
1776176015614,0.40869998931884766,0.0,10084.5390625,66.0390625,0.8324258327484131
1776176015634,0.44440001249313354,0.0,10084.814453125,66.02098083496094,0.8325191140174866
1776176015653,0.48410001397132874,0.0,10085.14453125,66.02955627441406,0.8325966000556946
1776176015673,0.5038999915122986,0.0,10085.419921875,65.95829772949219,0.8326895236968994
1776176015694,0.5195500254631042,0.0,10086.080078125,65.98677062988281,0.832859992980957
1776176015713,0.53125,0.0,10086.35546875,65.97742462158203,0.8329538106918335
1776176015737,0.5429499745368958,0.0,10086.685546875,66.01482391357422,0.8330324292182922
1776176015754,0.5429499745368958,0.0,10086.9609375,66.04122924804688,0.8331254720687866
1776176015774,0.5351499915122986,0.0,10087.2919921875,66.08011627197266,0.8332042694091797
1776176015793,0.53125,0.0,10087.5673828125,65.99787139892578,0.8332975506782532
1776176015813,0.5234500169754028,0.0,10088.228515625,66.14242553710938,0.8334696292877197
1776176015836,0.5195500254631042,0.0,10088.50390625,66.12158203125,0.8335626721382141
1776176015854,0.5116999745368958,0.0,10088.8349609375,66.27265930175781,0.8336415886878967
1776176015873,0.5077999830245972,0.0,10089.1103515625,66.22576904296875,0.8337351083755493
1776176015893,0.5077999830245972,0.0,10089.44140625,66.3479995727539,0.8338136076927185
1776176015913,0.5038999915122986,0.0,10090.0478515625,66.31494903564453,0.8339864611625671
1776176015934,0.5038999915122986,0.0,10090.3232421875,66.44178009033203,0.8340806365013123
1776176015953,0.5038999915122986,0.0,10090.654296875,66.4101791381836,0.8341602683067322
1776176015973,0.5,0.0,10090.9306640625,66.5170669555664,0.8342544436454773
1776176015993,0.5,0.0,10091.26171875,66.479248046875,0.8343494534492493
1776176016014,0.49994999170303345,0.0,10091.8701171875,66.5434799194336,0.8345226645469666
1776176016034,0.492000013589859,0.0,10092.2021484375,66.54530334472656,0.8346006870269775
1776176016053,0.4721499979496002,0.0,10092.478515625,66.62651062011719,0.8346791863441467
1776176016073,0.46024999022483826,0.0,10092.755859375,66.72035217285156,0.8347739577293396
1776176016093,0.44440001249313354,0.0,10093.0888671875,66.7300796508789,0.8348696827888489
1776176016113,0.4404500126838684,0.0,10093.7548828125,66.7585220336914,0.8350418210029602
1776176016135,0.4364500045776367,0.0,10094.033203125,66.77835845947266,0.8351373076438904
1776176016153,0.4364500045776367,0.0,10094.3671875,66.80419921875,0.835214376449585
1776176016173,0.4364500045776367,0.0,10094.6455078125,66.85738372802734,0.8353099226951599
1776176016193,0.44440001249313354,0.0,10094.9794921875,66.90390014648438,0.8353888392448425
1776176016214,0.452349990606308,0.0,10095.59375,66.93017578125,0.8355640172958374
1776176016234,0.46024999022483826,0.0,10095.873046875,66.97650146484375,0.8356590270996094
1776176016253,0.46424999833106995,0.0,10096.2080078125,67.03874969482422,0.8357376456260681
1776176016273,0.4681999981403351,0.0,10096.4873046875,67.09552001953125,0.8358331322669983
1776176016293,0.4761500060558319,0.0,10096.8232421875,67.16152954101562,0.8359132409095764
1776176016314,0.48010000586509705,0.0,10097.4384765625,67.23820495605469,0.8361009359359741
1776176016333,0.48010000586509705,0.0,10097.7744140625,67.30622100830078,0.836180567741394
1776176016353,0.48010000586509705,0.0,10098.0546875,67.40115356445312,0.8362767100334167
1776176016373,0.48010000586509705,0.0,10098.3916015625,67.48582458496094,0.8363563418388367
1776176016393,0.4721499979496002,0.0,10098.671875,67.59534454345703,0.8364511728286743
1776176016413,0.4721499979496002,0.0,10099.3466796875,67.69440460205078,0.8366269469261169
1776176016434,0.4721499979496002,0.0,10099.62890625,67.79905700683594,0.8367230296134949
1776176016453,0.48410001397132874,0.0,10099.9677734375,67.90283203125,0.836802065372467
1776176016473,0.5,0.0,10100.25,68.01202392578125,0.8368968963623047
1776176016493,0.5508000254631042,0.0,10100.58984375,68.13350677490234,0.8369778394699097
1776176016513,0.6015499830245972,0.0,10101.2138671875,68.24822235107422,0.8371527194976807
1776176016536,0.6679499745368958,0.0,10101.498046875,68.44010162353516,0.8372483849525452
1776176016554,0.7148500084877014,0.0,10101.83984375,68.59776306152344,0.8373461365699768
1776176016573,0.7577999830245972,0.0,10102.1826171875,68.77661895751953,0.8374263644218445
1776176016593,0.7929500341415405,0.0,10102.46875,68.99958038330078,0.8375062942504883
1776176016613,0.8202999830245972,0.0,10103.1015625,69.25286865234375,0.8377012014389038
1776176016633,0.8320499658584595,0.0,10103.4482421875,69.49136352539062,0.8377816081047058
1776176016653,0.8398499488830566,0.0,10103.7373046875,69.76367950439453,0.8378795981407166
1776176016673,0.84375,0.0,10104.0859375,70.03740692138672,0.837960958480835
1776176016693,0.8515499830245972,0.0,10104.376953125,70.27490234375,0.8380586504936218
1776176016713,0.8515499830245972,0.0,10105.0791015625,70.56201171875,0.838238537311554
1776176016733,0.8515499830245972,0.0,10105.373046875,70.86013793945312,0.8383364677429199
1776176016753,0.84375,0.0,10105.7265625,71.10751342773438,0.8384194374084473
1776176016773,0.8320499658584595,0.0,10106.0224609375,71.37853240966797,0.8385186195373535
1776176016793,0.8163999915122986,0.0,10106.37890625,71.64339447021484,0.8386015892028809
1776176016814,0.8007999658584595,0.0,10107.03515625,71.8574447631836,0.8387855291366577
1776176016834,0.7851499915122986,0.0,10107.3349609375,72.11544036865234,0.8388850688934326
1776176016853,0.7577999830245972,0.0,10107.6953125,72.34623718261719,0.8389696478843689
1776176016873,0.7343499660491943,0.0,10107.99609375,72.54676818847656,0.8390717506408691
1776176016893,0.7070499658584595,0.0,10108.3583984375,72.7640380859375,0.8391544222831726
1776176016914,0.6757999658584595,0.0,10109.0244140625,72.96115112304688,0.8393595814704895
1776176016933,0.65625,0.0,10109.388671875,73.11443328857422,0.8394448757171631
1776176016953,0.6445499658584595,0.0,10109.6923828125,73.28114318847656,0.8395469188690186
1776176016973,0.6327999830245972,0.0,10110.0576171875,73.43536376953125,0.8396499752998352
1776176016993,0.6172000169754028,0.0,10110.423828125,73.55536651611328,0.8397359251976013
1776176017013,0.5976499915122986,0.0,10111.0966796875,73.6815414428711,0.8399261832237244
1776176017033,0.5663999915122986,0.0,10111.4033203125,73.7782211303711,0.8400297164916992
1776176017053,0.53125,0.0,10111.771484375,73.85203552246094,0.8401164412498474
1776176017074,0.49994999170303345,0.0,10112.078125,73.92526245117188,0.8402200937271118
1776176017093,0.42454999685287476,0.0,10112.447265625,73.99870300292969,0.8403077125549316
1776176017114,0.361050009727478,0.0,10113.1240234375,74.06462097167969,0.8405030965805054
1776176017134,0.30550000071525574,0.0,10113.4326171875,74.0797119140625,0.8406090140342712
1776176017154,0.24204999208450317,0.0,10113.802734375,74.05988311767578,0.840695858001709
1776176017178,0.19840002059936523,0.0,10114.4814453125,73.98320770263672,0.8409048318862915
1776176017193,0.17855000495910645,0.0,10114.4814453125,73.92425537109375,0.8409048318862915
1776176017218,0.17059999704360962,0.0,10115.1591796875,73.67791748046875,0.8411008715629578
1776176017234,0.17059999704360962,0.0,10115.5283203125,73.56370544433594,0.8411879539489746
1776176017254,0.18650001287460327,0.0,10115.8349609375,73.45663452148438,0.8412928581237793
1776176017274,0.21424999833106995,0.0,10116.203125,73.34693908691406,0.8413992524147034
1776176017293,0.23410001397132874,0.0,10116.5712890625,73.26504516601562,0.8414852619171143
1776176017314,0.2459999918937683,0.0,10117.244140625,73.18576049804688,0.8416821360588074
1776176017334,0.25394999980926514,0.0,10117.5498046875,73.17749786376953,0.8417856097221375
1776176017353,0.25394999980926514,0.0,10117.9150390625,73.13136291503906,0.8418715000152588
1776176017373,0.25394999980926514,0.0,10118.2197265625,72.99036407470703,0.8419766426086426
1776176017393,0.25394999980926514,0.0,10118.583984375,72.84471893310547,0.8420658707618713
1776176017413,0.25394999980926514,0.0,10119.25,72.7226791381836,0.8422759771347046
1776176017433,0.2459999918937683,0.0,10119.6123046875,72.59080505371094,0.8423627614974976
1776176017453,0.2459999918937683,0.0,10119.9140625,72.46942901611328,0.8424695134162903
1776176017474,0.2459999918937683,0.0,10120.2763671875,72.40289306640625,0.8425581455230713
1776176017493,0.2459999918937683,0.0,10120.578125,72.4207992553711,0.8426609635353088
1776176017514,0.25394999980926514,0.0,10121.2412109375,72.40733337402344,0.8428543210029602
1776176017534,0.25394999980926514,0.0,10121.6025390625,72.34969329833984,0.84294193983078
1776176017553,0.26190000772476196,0.0,10121.9033203125,72.26805877685547,0.8430468440055847
1776176017574,0.26980000734329224,0.0,10122.263671875,72.16097259521484,0.8431541919708252
1776176017593,0.2738000154495239,0.0,10122.623046875,72.07884979248047,0.8432407379150391
1776176017613,0.27775001525878906,0.0,10123.2802734375,71.98623657226562,0.8434325456619263
1776176017634,0.2857000231742859,0.0,10123.5791015625,71.88569641113281,0.8435388803482056
1776176017653,0.29760000109672546,0.0,10123.9375,71.8195571899414,0.8436258435249329
1776176017673,0.31345000863075256,0.0,10124.2353515625,71.7427749633789,0.843730092048645
1776176017693,0.32934999465942383,0.0,10124.59375,71.67414855957031,0.843816876411438
1776176017714,0.3452000021934509,0.0,10125.2490234375,71.59443664550781,0.844010055065155
1776176017733,0.361050009727478,0.0,10125.546875,71.5452880859375,0.844113290309906
1776176017754,0.36900001764297485,0.0,10125.904296875,71.51034545898438,0.8442156910896301
1776176017774,0.3769499957561493,0.0,10126.26171875,71.59466552734375,0.8443044424057007
1776176017794,0.38089999556541443,0.0,10126.5595703125,71.67671966552734,0.8444085717201233
1776176017813,0.38089999556541443,0.0,10127.216796875,71.6823501586914,0.8445978760719299
1776176017834,0.38089999556541443,0.0,10127.5751953125,71.6572265625,0.8446852564811707
1776176017854,0.4126499891281128,0.0,10127.8740234375,71.6469497680664,0.8447873592376709
1776176017873,0.5,0.0,10128.232421875,71.66778564453125,0.8448907732963562
1776176017894,0.5859500169754028,0.0,10128.8896484375,71.71853637695312,0.8450834155082703
1776176017915,0.6679499745368958,0.0,10129.2490234375,71.80472564697266,0.845168948173523
1776176017935,0.7461000084877014,0.0,10129.548828125,71.9215087890625,0.845272958278656
1776176017953,0.8125,0.0,10129.9091796875,72.0872802734375,0.8453580737113953
1776176017973,0.875,0.0,10130.2099609375,72.31607818603516,0.8454629778862
1776176017993,0.9140499830245972,0.0,10130.5712890625,72.57827758789062,0.8455500602722168
1776176018014,0.9375,0.0,10131.236328125,72.82117462158203,0.8457432389259338
1776176018034,0.9570499658584595,0.0,10131.5400390625,73.13677978515625,0.8458495736122131
1776176018053,0.9843499660491943,0.0,10131.90625,73.46434783935547,0.8459389805793762
1776176018076,1.0,0.0,10132.2119140625,73.78791809082031,0.8460478186607361
1776176018093,1.0,0.0,10132.580078125,74.07770538330078,0.8461549878120422
1776176018113,1.0,0.0,10133.2587890625,74.42566680908203,0.8463348746299744
1776176018134,1.0,0.0,10133.568359375,74.79120635986328,0.8464447259902954
1776176018153,1.0,0.0,10133.94140625,75.09501647949219,0.8465527296066284
1776176018173,1.0,0.0,10134.31640625,75.44430541992188,0.8466619849205017
1776176018193,1.0,0.0,10134.6923828125,75.73528289794922,0.8467536568641663
1776176018214,1.0,0.0,10135.3857421875,76.07862854003906,0.8469558954238892
1776176018233,1.0,0.0,10135.7021484375,76.41648864746094,0.847067654132843
1776176018253,1.0,0.0,10136.083984375,76.70440673828125,0.8471613526344299
1776176018273,1.0,0.0,10136.4033203125,77.05126190185547,0.8472691774368286
1776176018294,1.0,0.0,10136.787109375,77.39903259277344,0.8473636507987976
1776176018316,1.0,0.0,10137.4951171875,77.69087982177734,0.8475905656814575
1776176018334,1.0,0.0,10137.8828125,78.01079559326172,0.8476837277412415
1776176018353,1.0,0.0,10138.20703125,78.33162689208984,0.8477967977523804
1776176018373,1.0,0.0,10138.59765625,78.61167907714844,0.8478932976722717
1776176018393,1.0,0.0,10138.923828125,78.93592071533203,0.8480039238929749
1776176018414,1.0,0.0,10139.64453125,79.25629425048828,0.8482138514518738
1776176018434,1.0,0.0,10140.0400390625,79.57042694091797,0.8483093976974487
1776176018453,1.0,0.0,10140.3701171875,79.83953857421875,0.8484246730804443
1776176018473,1.0,0.0,10140.767578125,80.1415023803711,0.8485419154167175
1776176018493,1.0,0.0,10141.1669921875,80.4022216796875,0.8486378192901611
1776176018513,1.0,0.0,10141.90234375,80.7154541015625,0.8488515615463257
1776176018534,1.0,0.0,10142.23828125,81.03414154052734,0.8489682674407959
1776176018553,1.0,0.0,10142.642578125,81.29383087158203,0.8490644097328186
1776176018573,1.0,0.0,10142.98046875,81.60374450683594,0.8491832613945007
1776176018593,1.0,0.0,10143.3876953125,81.92266845703125,0.8492806553840637
1776176018613,1.0,0.0,10144.13671875,82.20729064941406,0.8495174646377563
1776176018633,1.0,0.0,10144.5478515625,82.53778076171875,0.8496164083480835
1776176018653,1.0,0.0,10144.8916015625,82.84752655029297,0.8497316241264343
1776176018673,1.0,0.0,10145.3046875,83.10047912597656,0.8498363494873047
1776176018693,1.0,0.0,10145.650390625,83.40249633789062,0.8499544262886047
1776176018713,1.0,0.0,10146.4130859375,83.7095947265625,0.8501734137535095
1776176018734,1.0,0.0,10146.8310546875,83.9771499633789,0.850295901298523
1776176018753,1.0,0.0,10147.25,84.27936553955078,0.8503941893577576
1776176018773,1.0,0.0,10147.6005859375,84.58152770996094,0.850514829158783
1776176018793,1.0,0.0,10148.0224609375,84.84891510009766,0.8506160974502563
1776176018813,1.0,0.0,10148.798828125,85.15767669677734,0.8508378863334656
1776176018834,1.0,0.0,10149.1533203125,85.46395874023438,0.8509613275527954
1776176018853,1.0,0.0,10149.580078125,85.72904205322266,0.8510642647743225
1776176018873,1.0,0.0,10149.9365234375,86.02654266357422,0.8511874675750732
1776176018894,1.0,0.0,10150.365234375,86.32553100585938,0.8512879014015198
1776176018914,1.0,0.0,10151.154296875,86.57550048828125,0.8515350818634033
1776176018934,1.0,0.0,10151.5869140625,86.86244201660156,0.8516395092010498
1776176018953,1.0,0.0,10151.9482421875,87.15797424316406,0.8517640829086304
1776176018974,1.0,0.0,10152.3828125,87.45807647705078,0.8518672585487366
1776176018993,1.0,0.0,10152.74609375,87.71947479248047,0.851993203163147
1776176019014,1.0,0.0,10153.548828125,88.01648712158203,0.8522197008132935
1776176019036,1.0,0.0,10153.98828125,88.31484985351562,0.8523236513137817
1776176019053,1.0,0.0,10154.35546875,88.56945037841797,0.8524481654167175
1776176019074,1.0,0.0,10154.796875,88.85626983642578,0.8525750041007996
1776176019093,1.0,0.0,10155.240234375,89.10244750976562,0.852677583694458
1776176019113,1.0,0.0,10156.0556640625,89.3863525390625,0.8529114723205566
1776176019134,1.0,0.0,10156.427734375,89.67342376708984,0.8530388474464417
1776176019153,1.0,0.0,10156.875,89.93368530273438,0.8531435132026672
1776176019174,1.0,0.0,10157.2490234375,90.24534606933594,0.8532742857933044
1776176019193,1.0,0.0,10157.69921875,90.54459381103516,0.8533792495727539
1776176019213,1.0,0.0,10158.52734375,90.78545379638672,0.8536133170127869
1776176019235,1.0,0.0,10158.9052734375,91.11063385009766,0.8537453413009644
1776176019253,1.0,0.0,10159.3603515625,91.36563873291016,0.8538729548454285
1776176019273,1.0,0.0,10159.81640625,91.62451171875,0.8539782762527466
1776176019293,1.0,0.0,10160.197265625,91.9239501953125,0.8541091084480286
1776176019313,1.0,0.0,10161.0380859375,92.2009048461914,0.8543446660041809
1776176019334,1.0,0.0,10161.4990234375,92.4380874633789,0.8544803857803345
1776176019353,1.0,0.0,10161.9609375,92.7345962524414,0.8545862436294556
1776176019373,1.0,0.0,10162.3466796875,93.03327178955078,0.854720413684845
1776176019394,1.0,0.0,10162.810546875,93.29285430908203,0.8548274636268616
1776176019413,1.0,0.0,10163.6640625,93.58231353759766,0.8550710082054138
1776176019434,1.0,0.0,10164.0537109375,93.85602569580078,0.8552024364471436
1776176019453,1.0,0.0,10164.5224609375,94.093017578125,0.8553115129470825
1776176019473,1.0,0.0,10164.9140625,94.37222290039062,0.8554461598396301
1776176019493,1.0,0.0,10165.384765625,94.66065979003906,0.8555564284324646
1776176019513,1.0,0.0,10166.2509765625,94.90623474121094,0.855800211429596
1776176019533,1.0,0.0,10166.6455078125,95.18824768066406,0.8559361696243286
1776176019553,1.0,0.0,10167.12109375,95.47598266601562,0.8560691475868225
1776176019573,1.0,0.0,10167.59765625,95.7121810913086,0.8561815023422241
1776176019594,1.0,0.0,10167.9951171875,96.00093841552734,0.8563199639320374
1776176019613,1.0,0.0,10168.873046875,96.29588317871094,0.8565652966499329
1776176019634,1.0,0.0,10169.353515625,96.52816009521484,0.8567016124725342
1776176019653,1.0,0.0,10169.8349609375,96.78727722167969,0.8568150401115417
1776176019673,1.0,0.0,10170.2373046875,97.04550170898438,0.8569507002830505
1776176019693,1.0,0.0,10170.7216796875,97.2680435180664,0.8570666313171387
1776176019713,1.0,0.0,10171.6123046875,97.55046081542969,0.8573185205459595
1776176019733,1.0,0.0,10172.0185546875,97.83724212646484,0.8574541807174683
1776176019753,1.0,0.0,10172.5068359375,98.08209991455078,0.8575706481933594
1776176019773,1.0,0.0,10172.9150390625,98.36186218261719,0.857708215713501
1776176019793,1.0,0.0,10173.40625,98.63002014160156,0.8578462600708008
1776176019813,1.0,0.0,10174.3095703125,98.84764099121094,0.8581017851829529
1776176019833,1.0,0.0,10174.8037109375,99.10982513427734,0.858217179775238
1776176019853,1.0,0.0,10175.2158203125,99.37947082519531,0.8583565950393677
1776176019873,1.0,0.0,10175.7119140625,99.6110610961914,0.8584733009338379
1776176019893,1.0,0.0,10176.1259765625,99.8722915649414,0.8586120009422302
1776176019913,1.0,0.0,10177.0400390625,100.12454223632812,0.858869731426239
1776176019933,1.0,0.0,10177.5400390625,100.34467315673828,0.8590114116668701
1776176019953,1.0,0.0,10178.041015625,100.61492156982422,0.859130859375
1776176019973,1.0,0.0,10178.4599609375,100.87621307373047,0.8592714071273804
1776176019993,1.0,0.0,10178.9638671875,101.09443664550781,0.8593904972076416
1776176020013,1.0,0.0,10179.8896484375,101.35628509521484,0.8596509099006653
1776176020034,1.0,0.0,10180.3115234375,101.62554168701172,0.859794557094574
1776176020053,1.0,0.0,10180.8193359375,101.84252166748047,0.8599119186401367
1776176020073,1.0,0.0,10181.2431640625,102.0822982788086,0.8600556254386902
1776176020093,1.0,0.0,10181.7529296875,102.3345718383789,0.8601999282836914
1776176020113,1.0,0.0,10182.689453125,102.5482406616211,0.860462486743927
1776176020134,1.0,0.0,10183.2021484375,102.79104614257812,0.8605838418006897
1776176020153,1.0,0.0,10183.6298828125,103.03789520263672,0.8607268929481506
1776176020174,1.0,0.0,10184.14453125,103.2632064819336,0.8608492612838745
1776176020193,1.0,0.0,10184.57421875,103.5276107788086,0.8609702587127686
1776176020213,1.0,0.0,10185.5224609375,103.7802505493164,0.8612615466117859
1776176020235,1.0,0.0,10186.041015625,104.01758575439453,0.8614069819450378
1776176020254,1.0,0.0,10186.560546875,104.22235870361328,0.861527681350708
1776176020273,1.0,0.0,10186.994140625,104.4521255493164,0.8616744875907898
1776176020294,1.0,0.0,10187.515625,104.66371154785156,0.8617973327636719
1776176020313,1.0,0.0,10188.474609375,104.9280776977539,0.8620662093162537
1776176020334,1.0,0.0,10188.9111328125,105.17992401123047,0.8622140288352966
1776176020353,1.0,0.0,10189.4365234375,105.38615417480469,0.8623364567756653
1776176020373,1.0,0.0,10189.875,105.61053466796875,0.8624854683876038
1776176020393,1.0,0.0,10190.40234375,105.85160827636719,0.8626067042350769
1776176020413,1.0,0.0,10191.3720703125,106.06206512451172,0.8629084229469299
1776176020434,1.0,0.0,10191.90234375,106.3074951171875,0.863034188747406
1776176020453,1.0,0.0,10192.3447265625,106.55934143066406,0.8631811141967773
1776176020473,1.0,0.0,10192.876953125,106.76258850097656,0.8633056879043579
1776176020493,1.0,0.0,10193.3212890625,107.01184844970703,0.8634548187255859
1776176020514,1.0,0.0,10194.30078125,107.2442855834961,0.8637316823005676
1776176020534,1.0,0.0,10194.8369140625,107.48206329345703,0.8638829588890076
1776176020553,1.0,0.0,10195.3740234375,107.67866516113281,0.864007830619812
1776176020573,1.0,0.0,10195.822265625,107.907958984375,0.8641598224639893
1776176020593,1.0,0.0,10196.3603515625,108.11438751220703,0.8642861247062683
1776176020613,1.0,0.0,10197.349609375,108.3729476928711,0.8645647764205933
1776176020634,1.0,0.0,10197.80078125,108.6202163696289,0.8647173047065735
1776176020653,1.0,0.0,10198.3427734375,108.82279205322266,0.8648439645767212
1776176020674,1.0,0.0,10198.7958984375,109.0608901977539,0.8649979829788208
1776176020693,1.0,0.0,10199.33984375,109.30783081054688,0.8651494383811951
1776176020713,1.0,0.0,10200.33984375,109.50357818603516,0.86543208360672
1776176020734,1.0,0.0,10200.88671875,109.74169158935547,0.865559995174408
1776176020753,1.0,0.0,10201.34375,109.99966430664062,0.8657135963439941
1776176020773,1.0,0.0,10201.892578125,110.20235443115234,0.8658416271209717
1776176020794,1.0,0.0,10202.3505859375,110.42472839355469,0.8659965395927429
1776176020813,1.0,0.0,10203.361328125,110.66992950439453,0.8662813901901245
1776176020833,1.0,0.0,10203.9140625,110.8790283203125,0.8664354681968689
1776176020853,1.0,0.0,10204.4677734375,111.1104736328125,0.8665919303894043
1776176020873,1.0,0.0,10205.0224609375,111.34136962890625,0.8667222857475281
1776176020893,1.0,0.0,10205.4853515625,111.54527282714844,0.8668799996376038
1776176020914,1.0,0.0,10206.5068359375,111.79232025146484,0.8671672940254211
1776176020934,1.0,0.0,10207.0654296875,112.03035736083984,0.8672997951507568
1776176020953,1.0,0.0,10207.5322265625,112.2313232421875,0.8674547672271729
1776176020973,1.0,0.0,10208.0927734375,112.4770278930664,0.8675870299339294
1776176020993,1.0,0.0,10208.560546875,112.71334838867188,0.8677447438240051
1776176021013,1.0,0.0,10209.6865234375,112.91741943359375,0.8680340647697449
1776176021034,1.0,0.0,10210.1572265625,113.15283966064453,0.8681932687759399
1776176021053,1.0,0.0,10210.72265625,113.37932586669922,0.8683252930641174
1776176021073,1.0,0.0,10211.1943359375,113.5714111328125,0.8684844374656677
1776176021093,1.0,0.0,10211.76171875,113.8077621459961,0.868617832660675
1776176021113,1.0,0.0,10212.8046875,114.04808807373047,0.8689110279083252
1776176021133,1.0,0.0,10213.279296875,114.24673461914062,0.8690720200538635
1776176021153,1.0,0.0,10213.8505859375,114.48796844482422,0.8692035675048828
1776176021174,1.0,0.0,10214.3271484375,114.7129135131836,0.8693661093711853
1776176021193,1.0,0.0,10214.8994140625,114.90052032470703,0.8695253133773804
1776176021213,0.9765499830245972,0.0,10215.951171875,115.12028503417969,0.8698224425315857
1776176021233,0.8788999915122986,0.0,10216.5263671875,115.35884857177734,0.8699575662612915
1776176021253,0.7655999660491943,0.0,10217.0068359375,115.55355072021484,0.8701189756393433
1776176021274,0.6366999745368958,0.0,10217.583984375,115.72615814208984,0.8702546954154968
1776176021293,0.48410001397132874,0.0,10218.0654296875,115.69010925292969,0.870417058467865
1776176021314,0.31744998693466187,0.0,10219.125,115.62913513183594,0.8707146644592285
1776176021334,0.17059999704360962,0.0,10219.703125,115.57633209228516,0.8708779811859131
1776176021353,0.05160000920295715,0.0,10220.2802734375,115.5159912109375,0.8710139393806458
1776176021373,0.0,0.0,10220.76171875,115.46061706542969,0.8711751699447632
1776176021393,0.0,0.0,10221.3388671875,115.40213012695312,0.8713110089302063
1776176021413,0.04365000128746033,0.0,10222.3955078125,115.3387680053711,0.8716081380844116
1776176021434,0.14680001139640808,0.0,10222.8759765625,115.27774047851562,0.8717696070671082
1776176021454,0.29360002279281616,0.0,10223.4521484375,115.2187271118164,0.8719066977500916
1776176021473,0.48805001378059387,0.0,10223.931640625,115.1583251953125,0.8720672130584717
1776176021495,0.6327999830245972,0.0,10224.5068359375,115.0910415649414,0.8722295165061951
1776176021513,0.7695499658584595,0.0,10225.5615234375,115.03944396972656,0.8725212812423706
1776176021534,0.9257999658584595,0.0,10226.13671875,115.16046142578125,0.87265944480896
1776176021553,1.0,0.0,10226.6162109375,115.49425506591797,0.8728216886520386
1776176021573,1.0,0.0,10227.1923828125,115.9099349975586,0.8729577660560608
1776176021593,1.0,0.0,10227.673828125,116.30592346191406,0.8731182217597961
1776176021614,1.0,0.0,10228.8359375,116.5509033203125,0.873418390750885
1776176021633,1.0,0.0,10229.322265625,116.79309844970703,0.87358158826828
1776176021653,1.0,0.0,10229.90625,117.03761291503906,0.8737192749977112
1776176021673,1.0,0.0,10230.3935546875,117.22064208984375,0.8738852143287659
1776176021693,1.0,0.0,10230.9794921875,117.42078399658203,0.874020516872406
1776176021714,1.0,0.0,10232.056640625,117.66270446777344,0.874323308467865
1776176021734,1.0,0.0,10232.546875,117.85453796386719,0.8744878768920898
1776176021753,1.0,0.0,10233.13671875,118.07597351074219,0.8746262788772583
1776176021773,1.0,0.0,10233.6279296875,118.3026351928711,0.8747908473014832
1776176021793,1.0,0.0,10234.21875,118.47599792480469,0.8749586939811707
1776176021813,1.0,0.0,10235.3046875,118.68370819091797,0.8752635717391968
1776176021833,1.0,0.0,10235.8984375,118.91395568847656,0.8754018545150757
1776176021853,1.0,0.0,10236.3935546875,119.09468078613281,0.8755674958229065
1776176021873,1.0,0.0,10236.98828125,119.31168365478516,0.8757084012031555
1776176021893,1.0,0.0,10237.484375,119.527099609375,0.8758737444877625
1776176021913,1.0,0.0,10238.6787109375,119.70587158203125,0.8761828541755676
1776176021933,1.0,0.0,10239.177734375,119.91246032714844,0.8763521313667297
1776176021953,1.0,0.0,10239.7763671875,120.11754608154297,0.8764921426773071
1776176021973,1.0,0.0,10240.2763671875,120.28137969970703,0.8766586780548096
1776176021993,1.0,0.0,10240.876953125,120.50235748291016,0.876797616481781
1776176022013,1.0,0.0,10241.98046875,120.73200988769531,0.8771107792854309
1776176022034,1.0,0.0,10242.4833984375,120.90809631347656,0.8772783875465393
1776176022053,1.0,0.0,10243.087890625,121.09972381591797,0.8774480819702148
1776176022074,1.0,0.0,10243.6923828125,121.31153869628906,0.8775891661643982
1776176022093,1.0,0.0,10244.197265625,121.49979400634766,0.8777590990066528
1776176022113,1.0,0.0,10245.3095703125,121.70531463623047,0.8780732750892639
1776176022134,1.0,0.0,10245.91796875,121.9191665649414,0.8782155513763428
1776176022153,1.0,0.0,10246.42578125,122.09456634521484,0.8783838748931885
1776176022173,1.0,0.0,10247.03515625,122.29486846923828,0.8785254955291748
1776176022193,1.0,0.0,10247.5439453125,122.50975036621094,0.8787006139755249
1776176022213,1.0,0.0,10248.767578125,122.68377685546875,0.8790146708488464
1776176022234,1.0,0.0,10249.2783203125,122.892333984375,0.8791866302490234
1776176022253,1.0,0.0,10249.892578125,123.11030578613281,0.879330039024353
1776176022273,1.0,0.0,10250.4052734375,123.3092269897461,0.8795022368431091
1776176022293,1.0,0.0,10251.021484375,123.5132827758789,0.8796464204788208
1776176022313,1.0,0.0,10252.15234375,123.70791625976562,0.8799633383750916
1776176022334,1.0,0.0,10252.66796875,123.88218688964844,0.8801367878913879
1776176022353,1.0,0.0,10253.287109375,124.10094451904297,0.8803110122680664
1776176022373,1.0,0.0,10253.9072265625,124.30958557128906,0.8804558515548706
1776176022393,1.0,0.0,10254.4248046875,124.48410034179688,0.8806319832801819
1776176022413,1.0,0.0,10255.5654296875,124.69960021972656,0.8809524774551392
1776176022434,1.0,0.0,10256.1884765625,124.89977264404297,0.8810967803001404
1776176022453,1.0,0.0,10256.708984375,125.07122802734375,0.8812733888626099
1776176022473,1.0,0.0,10257.333984375,125.28072357177734,0.8814196586608887
1776176022493,1.0,0.0,10257.85546875,125.48790740966797,0.8815979957580566
1776176022513,1.0,0.0,10259.1083984375,125.66407775878906,0.8819186687469482
1776176022533,1.0,0.0,10259.6318359375,125.87383270263672,0.8820944428443909
1776176022553,1.0,0.0,10260.2607421875,126.07608795166016,0.8822400569915771
1776176022574,1.0,0.0,10260.78515625,126.26338195800781,0.8824177980422974
1776176022593,1.0,0.0,10261.416015625,126.47574615478516,0.8825647234916687
1776176022613,1.0,0.0,10262.57421875,126.6731185913086,0.8828900456428528
1776176022634,1.0,0.0,10263.1015625,126.84032440185547,0.8830674290657043
1776176022653,1.0,0.0,10263.7353515625,127.05105590820312,0.8832470774650574
1776176022673,1.0,0.0,10264.3701171875,127.26150512695312,0.8833931088447571
1776176022693,1.0,0.0,10264.8994140625,127.43655395507812,0.8835720419883728
1776176022713,1.0,0.0,10266.0673828125,127.64962005615234,0.883901834487915
1776176022733,1.0,0.0,10266.705078125,127.86837005615234,0.8840520977973938
1776176022753,1.0,0.0,10267.2373046875,128.04534912109375,0.884228527545929
1776176022773,1.0,0.0,10267.876953125,128.24472045898438,0.8843799829483032
1776176022793,1.0,0.0,10268.41015625,128.44696044921875,0.8845574855804443
1776176022813,1.0,0.0,10269.6943359375,128.62014770507812,0.8848885893821716
1776176022834,1.0,0.0,10270.23046875,128.82769775390625,0.8850696086883545
1776176022853,1.0,0.0,10270.8740234375,129.0483856201172,0.8852190971374512
1776176022874,1.0,0.0,10271.4111328125,129.22857666015625,0.8854010105133057
1776176022893,1.0,0.0,10272.056640625,129.41812133789062,0.8855514526367188
1776176022913,1.0,0.0,10273.2421875,129.61508178710938,0.8858848810195923
1776176022934,1.0,0.0,10273.7822265625,129.7905731201172,0.8860671520233154
1776176022953,1.0,0.0,10274.4306640625,130.00335693359375,0.886248767375946
1776176022974,1.0,0.0,10275.080078125,130.20510864257812,0.8864009976387024
1776176022993,1.0,0.0,10275.6220703125,130.38848876953125,0.8865839242935181
1776176023013,1.0,0.0,10276.81640625,130.5839080810547,0.8869186043739319
1776176023033,1.0,0.0,10277.46875,130.77886962890625,0.8870707750320435
1776176023053,1.0,0.0,10278.0126953125,130.94053649902344,0.8872546553611755
1776176023073,1.0,0.0,10278.6669921875,131.13955688476562,0.8874069452285767
1776176023093,1.0,0.0,10279.212890625,131.330078125,0.887591540813446
1776176023113,1.0,0.0,10280.5244140625,131.51890563964844,0.8879282474517822
1776176023133,1.0,0.0,10281.072265625,131.73733520507812,0.8881138563156128
1776176023153,1.0,0.0,10281.73046875,131.9438018798828,0.8882669806480408
1776176023173,1.0,0.0,10282.279296875,132.1146697998047,0.8884522914886475
1776176023193,1.0,0.0,10282.939453125,132.31459045410156,0.8886064887046814
1776176023213,1.0,0.0,10284.1513671875,132.52139282226562,0.888946533203125
1776176023234,1.0,0.0,10284.703125,132.71185302734375,0.8891332149505615
1776176023253,1.0,0.0,10285.3662109375,132.89183044433594,0.889318585395813
1776176023273,1.0,0.0,10286.0302734375,133.08963012695312,0.8894747495651245
1776176023293,1.0,0.0,10286.583984375,133.26422119140625,0.8896602988243103
1776176023313,1.0,0.0,10287.8046875,133.4576416015625,0.8900026679039001
1776176023333,1.0,0.0,10288.4716796875,133.6472625732422,0.8901593685150146
1776176023353,1.0,0.0,10289.0283203125,133.8134765625,0.8903458118438721
1776176023373,1.0,0.0,10289.697265625,134.01263427734375,0.8905014991760254
1776176023393,1.0,0.0,10290.2548828125,134.20848083496094,0.8906901478767395
1776176023413,1.0,0.0,10291.595703125,134.3783416748047,0.8910354971885681
1776176023434,1.0,0.0,10292.1552734375,134.57884216308594,0.8912221193313599
1776176023453,1.0,0.0,10292.828125,134.7752227783203,0.8913806080818176
1776176023473,1.0,0.0,10293.3896484375,134.93821716308594,0.8915702104568481
1776176023493,1.0,0.0,10294.0634765625,135.1275634765625,0.8917284607887268
1776176023513,1.0,0.0,10295.3017578125,135.31341552734375,0.8920763731002808
1776176023534,1.0,0.0,10295.865234375,135.46836853027344,0.8922646045684814
1776176023553,1.0,0.0,10296.5419921875,135.64952087402344,0.8924551010131836
1776176023573,1.0,0.0,10297.2197265625,135.84457397460938,0.8926137089729309
1776176023593,1.0,0.0,10297.78515625,136.02394104003906,0.8928055763244629
1776176023613,1.0,0.0,10299.03125,136.21730041503906,0.8931534886360168
1776176023634,1.0,0.0,10299.7119140625,136.40557861328125,0.8933137059211731
1776176023653,1.0,0.0,10300.2802734375,136.55377197265625,0.8935054540634155
1776176023673,1.0,0.0,10300.962890625,136.7474365234375,0.8936646580696106
1776176023693,1.0,0.0,10301.5322265625,136.93153381347656,0.8938562870025635
1776176023713,1.0,0.0,10302.900390625,137.07933044433594,0.8942081928253174
1776176023733,1.0,0.0,10303.4716796875,137.2602081298828,0.8944016695022583
1776176023753,1.0,0.0,10304.1572265625,137.4561309814453,0.8945607542991638
1776176023773,1.0,0.0,10304.7294921875,137.6067657470703,0.8947532176971436
1776176023793,1.0,0.0,10305.4169921875,137.77662658691406,0.8949152827262878
1776176023813,1.0,0.0,10306.6787109375,137.95411682128906,0.8952702283859253
1776176023833,1.0,0.0,10307.2529296875,138.11521911621094,0.8954622745513916
1776176023853,1.0,0.0,10307.943359375,138.3050994873047,0.8956547975540161
1776176023873,1.0,0.0,10308.634765625,138.4901123046875,0.8958176970481873
1776176023893,1.0,0.0,10309.2109375,138.6481170654297,0.8960138559341431
1776176023913,0.7617000341415405,0.0,10310.48046875,138.8101806640625,0.8963688611984253
1776176023933,0.3650500178337097,0.0,10311.173828125,138.93472290039062,0.8965306878089905
1776176023953,0.0,0.0,10311.751953125,138.95835876464844,0.8967249989509583
1776176023973,0.0,0.0,10312.4462890625,138.89208984375,0.8968867659568787
1776176023993,0.0,0.0,10313.025390625,138.78799438476562,0.8970826864242554
1776176024013,0.0,0.0,10314.4130859375,138.6948699951172,0.8974384665489197
1776176024033,0.0,0.0,10314.9912109375,138.58457946777344,0.8976324200630188
1776176024053,0.0,0.0,10315.68359375,138.46917724609375,0.8977943062782288
1776176024073,0.0,0.0,10316.2607421875,138.37020874023438,0.8979885578155518
1776176024093,0.0,0.000814309052657336,10316.9521484375,138.26150512695312,0.8981508612632751
1776176024113,0.0,0.14793184399604797,10318.21875,138.14837646484375,0.8985063433647156
1776176024134,0.0,0.527914822101593,10318.7939453125,137.9487762451172,0.8986983299255371
1776176024153,0.0,1.0,10319.4833984375,137.41551208496094,0.8988909125328064
1776176024174,0.0,1.0,10320.1708984375,136.67906188964844,0.899051308631897
1776176024193,0.0,1.0,10320.7421875,135.9943084716797,0.8992434144020081
1776176024213,0.0,0.6795321106910706,10321.9892578125,135.171142578125,0.8995914459228516
1776176024234,0.0,0.38789868354797363,10322.6650390625,134.42323303222656,0.8997489213943481
1776176024253,0.0,0.3457002341747284,10323.2255859375,133.95570373535156,0.8999374508857727
1776176024273,0.0,0.4027373194694519,10323.8955078125,133.49331665039062,0.9000928997993469
1776176024293,0.0,0.6795321106910706,10324.4521484375,132.98976135253906,0.9002814292907715
1776176024313,0.0,1.0,10325.7822265625,132.41307067871094,0.9006199836730957
1776176024334,0.0,1.0,10326.333984375,131.55458068847656,0.9008080363273621
1776176024353,0.0,1.0,10326.9931640625,130.65191650390625,0.9009588956832886
1776176024373,0.0,1.0,10327.5390625,129.88882446289062,0.9011432528495789
1776176024393,0.0,1.0,10328.1904296875,128.97068786621094,0.9012933373451233
1776176024413,0.0,1.0,10329.375,128.02076721191406,0.9016264081001282
1776176024433,0.0,1.0,10329.9091796875,127.19908905029297,0.901802659034729
1776176024453,0.0,1.0,10330.546875,126.28425598144531,0.9019827246665955
1776176024473,0.0,1.0,10331.1806640625,125.34466552734375,0.9021301865577698
1776176024493,0.0,1.0,10331.7060546875,124.56582641601562,0.9023037552833557
1776176024513,0.0,1.0,10332.8505859375,123.62796783447266,0.9026251435279846
1776176024534,0.0,1.0,10333.4697265625,122.71033477783203,0.9027693271636963
1776176024553,0.0,1.0,10333.982421875,121.96891784667969,0.9029403924942017
1776176024573,0.0,1.0,10334.5947265625,121.09378814697266,0.9030851125717163
1776176024593,0.0,1.0,10335.1015625,120.18272399902344,0.9032564163208008
1776176024613,0.0,1.0,10336.30859375,119.36117553710938,0.9035676717758179
1776176024633,0.0,1.0,10336.806640625,118.4070053100586,0.9037358164787292
1776176024653,0.0,1.0,10337.400390625,117.48431396484375,0.9038752317428589
1776176024674,0.0,1.0,10337.892578125,116.69763946533203,0.9040403962135315
1776176024693,0.0,1.0,10338.4794921875,115.77362060546875,0.9041799902915955
1776176024713,0.0,1.0,10339.544921875,114.85205841064453,0.9044784307479858
1776176024734,0.0,1.0,10340.0244140625,114.12104797363281,0.904641330242157
1776176024753,0.0,1.0,10340.5966796875,113.224365234375,0.9048037528991699
1776176024773,0.0,1.0,10341.1650390625,112.34375,0.9049373865127563
1776176024793,0.0,1.0,10341.6357421875,111.60801696777344,0.9050943851470947
1776176024813,0.0,1.0,10342.662109375,110.8161849975586,0.9053856134414673
1776176024834,0.0,1.0,10343.216796875,109.95150756835938,0.9055182933807373
1776176024853,0.0,1.0,10343.6767578125,109.26144409179688,0.9056761860847473
1776176024873,0.0,1.0,10344.224609375,108.43326568603516,0.905804455280304
1776176024893,0.0,1.0,10344.6787109375,107.65691375732422,0.9059587717056274
1776176024914,0.0,1.0,10345.7587890625,106.8265151977539,0.9062386751174927
1776176024933,0.0,1.0,10346.205078125,106.15045928955078,0.906391978263855
1776176024953,0.0,1.0,10346.7373046875,105.32122802734375,0.9065163731575012
1776176024973,0.0,1.0,10347.177734375,104.67658996582031,0.9066656231880188
1776176024993,0.0,1.0,10347.703125,103.87154388427734,0.9067899584770203
1776176025013,0.0,1.0,10348.658203125,103.0530776977539,0.907057523727417
1776176025034,0.0,1.0,10349.0888671875,102.3319320678711,0.9072104096412659
1776176025053,0.0,1.0,10349.6015625,101.47088623046875,0.9073292016983032
1776176025073,0.0,1.0,10350.0263671875,100.72350311279297,0.9074773788452148
1776176025093,0.0,1.0,10350.533203125,100.03333282470703,0.9076195955276489
1776176025113,0.0,1.0,10351.453125,99.18241119384766,0.9078800678253174
1776176025134,0.0,1.0,10351.9501953125,98.27310180664062,0.9079990386962891
1776176025153,0.0,1.0,10352.361328125,97.52640533447266,0.9081389307975769
1776176025173,0.0,1.0,10352.8505859375,96.70064544677734,0.9082518815994263
1776176025193,0.0,1.0,10353.255859375,95.82612609863281,0.9083932638168335
1776176025213,0.0,1.0,10354.21875,95.08345031738281,0.9086427092552185
1776176025234,0.0,1.0,10354.615234375,94.1286849975586,0.9087755680084229
1776176025253,0.0,1.0,10355.087890625,93.20494842529297,0.9088831543922424
1776176025273,0.0,1.0,10355.478515625,92.46500396728516,0.9090176820755005
1776176025293,0.0,1.0,10355.943359375,91.57009887695312,0.9091278910636902
1776176025313,0.0,1.0,10356.7861328125,90.62342071533203,0.9093669056892395
1776176025333,0.0,1.0,10357.1650390625,89.86531066894531,0.9094974994659424
1776176025353,0.0,1.0,10357.6162109375,88.95513153076172,0.909603476524353
1776176025373,0.0,1.0,10357.9892578125,88.19107055664062,0.9097301363945007
1776176025393,0.0,1.0,10358.43359375,87.46858215332031,0.9098547101020813
1776176025413,0.0,0.9284524321556091,10359.2392578125,86.69717407226562,0.9100823402404785
1776176025434,0.0,0.8347579836845398,10359.673828125,85.92285919189453,0.9101865887641907
1776176025453,0.0,0.7845343947410583,10360.033203125,85.23548889160156,0.9103063344955444
1776176025473,0.0,0.6906412839889526,10360.4619140625,84.5347900390625,0.9104278087615967
1776176025493,0.0,0.5852325558662415,10360.88671875,83.86634826660156,0.9105272889137268
1776176025513,0.0,0.4417574405670166,10361.6591796875,83.3386001586914,0.9107493758201599
1776176025534,0.0,0.36630862951278687,10362.0068359375,82.78850555419922,0.9108651280403137
1776176025553,0.0,0.2948283851146698,10362.421875,82.29374694824219,0.9109612703323364
1776176025574,0.0,0.21452350914478302,10362.7666015625,81.8448257446289,0.9110806584358215
1776176025593,0.0,0.1443578451871872,10363.177734375,81.5321044921875,0.91117262840271
1776176025613,0.0,0.047383863478899,10363.927734375,81.24832916259766,0.9113901257514954
1776176025634,0.0,0.001810308312997222,10364.267578125,81.06238555908203,0.9115043878555298
1776176025653,0.0,0.0,10364.673828125,80.90144348144531,0.9116199016571045
1776176025673,0.0,0.0,10365.080078125,80.7475814819336,0.9117138385772705
1776176025693,0.0,0.0,10365.41796875,80.61902618408203,0.9118304252624512
1776176025713,0.0,0.0,10366.1591796875,80.47421264648438,0.9120380878448486
1776176025733,0.0,0.0,10366.4951171875,80.33432006835938,0.9121366143226624
1776176025753,0.0,0.0,10366.8984375,80.21648406982422,0.9122505187988281
1776176025773,0.0,0.0,10367.30078125,80.07334899902344,0.9123644232749939
1776176025793,0.0,0.0,10367.7021484375,79.93205261230469,0.9124601483345032
1776176025813,0.0,0.0,10368.4365234375,79.8153305053711,0.9126671552658081
1776176025834,0.0,0.0,10368.76953125,79.68399810791016,0.9127808809280396
1776176025854,0.09525001049041748,0.0,10369.16796875,79.55528259277344,0.9128744602203369
1776176025873,0.1547500193119049,0.0,10369.5,79.46472930908203,0.9129882454872131
1776176025893,0.20634999871253967,0.0,10369.8974609375,79.37467193603516,0.9130814671516418
1776176025914,0.25394999980926514,0.0,10370.625,79.29562377929688,0.9133079051971436
1776176025934,0.2817000150680542,0.0,10371.021484375,79.2205581665039,0.9134015440940857
1776176025953,0.31345000863075256,0.0,10371.3515625,79.14405059814453,0.9134954214096069
1776176025973,0.31744998693466187,0.0,10371.6806640625,79.07123565673828,0.9136059284210205
1776176025993,0.32534998655319214,0.0,10372.076171875,79.01072692871094,0.9137235283851624
1776176026014,0.32534998655319214,0.0,10372.7998046875,78.95758819580078,0.9139248132705688
1776176026033,0.31744998693466187,0.0,10373.1943359375,78.90690612792969,0.9140187501907349
1776176026053,0.31744998693466187,0.0,10373.5234375,78.86478424072266,0.9141313433647156
1776176026074,0.31345000863075256,0.0,10373.91796875,78.82532501220703,0.914243221282959
1776176026093,0.3095000088214874,0.0,10374.3125,78.79589080810547,0.9143375158309937
1776176026114,0.30550000071525574,0.0,10375.03515625,78.77684783935547,0.9145439267158508
1776176026134,0.30550000071525574,0.0,10375.36328125,78.74854278564453,0.914652943611145
1776176026153,0.3015500009059906,0.0,10375.7568359375,78.71258544921875,0.914747416973114
1776176026173,0.3015500009059906,0.0,10376.0849609375,78.68145751953125,0.9148570895195007
1776176026193,0.29760000109672546,0.0,10376.478515625,78.64582824707031,0.9149515628814697
1776176026213,0.29360002279281616,0.0,10377.2001953125,78.59550476074219,0.9151555895805359
1776176026234,0.289650022983551,0.0,10377.52734375,78.54965209960938,0.9152668118476868
1776176026253,0.289650022983551,0.0,10377.919921875,78.5140151977539,0.9153767824172974
1776176026273,0.289650022983551,0.0,10378.3125,78.47018432617188,0.9154716730117798
1776176026293,0.289650022983551,0.0,10378.6396484375,78.42333984375,0.9155840873718262
1776176026313,0.289650022983551,0.0,10379.3583984375,78.37028503417969,0.9157864451408386
1776176026334,0.289650022983551,0.0,10379.75,78.31820678710938,0.9158788323402405
1776176026353,0.30550000071525574,0.0,10380.076171875,78.27534484863281,0.9159921407699585
1776176026373,0.31345000863075256,0.0,10380.4677734375,78.21952819824219,0.916100800037384
1776176026393,0.3372499942779541,0.0,10380.7939453125,78.1767349243164,0.9161927700042725
1776176026414,0.3650500178337097,0.0,10381.5751953125,78.15157318115234,0.9163972735404968
1776176026433,0.3968000113964081,0.0,10381.900390625,78.1419677734375,0.9165076017379761
1776176026453,0.4364500045776367,0.0,10382.291015625,78.14568328857422,0.9166029691696167
1776176026473,0.46424999833106995,0.0,10382.6162109375,78.16722869873047,0.9167103171348572
1776176026493,0.48410001397132874,0.0,10383.0068359375,78.20067596435547,0.9168074727058411
1776176026513,0.49994999170303345,0.0,10383.7236328125,78.25001525878906,0.9170088171958923
1776176026534,0.5,0.0,10384.0498046875,78.27300262451172,0.9171223044395447
1776176026553,0.5038999915122986,0.0,10384.44140625,78.31047058105469,0.9172326922416687
1776176026573,0.5038999915122986,0.0,10384.8330078125,78.38348388671875,0.9173242449760437
1776176026593,0.5077999830245972,0.0,10385.1591796875,78.44775390625,0.9174352884292603
1776176026613,0.5116999745368958,0.0,10385.87890625,78.52088165283203,0.9176406860351562
1776176026634,0.5273500084877014,0.0,10386.271484375,78.60403442382812,0.9177324175834656
1776176026653,0.5390499830245972,0.0,10386.5986328125,78.68621063232422,0.9178468585014343
1776176026675,0.5663999915122986,0.0,10386.9921875,78.78053283691406,0.9179554581642151
1776176026693,0.5820499658584595,0.0,10387.3857421875,78.88640594482422,0.9180508852005005
1776176026713,0.59375,0.0,10388.1083984375,78.97110748291016,0.9182599782943726
1776176026734,0.6054499745368958,0.0,10388.4375,79.07997131347656,0.9183703660964966
1776176026753,0.6132999658584595,0.0,10388.83203125,79.20587921142578,0.9184644222259521
1776176026774,0.6211000084877014,0.0,10389.1611328125,79.31241607666016,0.9185763597488403
1776176026794,0.625,0.0,10389.556640625,79.44109344482422,0.9186702370643616
1776176026813,0.6288999915122986,0.0,10390.283203125,79.564208984375,0.9188978672027588
1776176026833,0.6327999830245972,0.0,10390.6806640625,79.66836547851562,0.9189931154251099
1776176026853,0.6366999745368958,0.0,10391.0126953125,79.78758239746094,0.9191072583198547
1776176026873,0.6405999660491943,0.0,10391.4111328125,79.91537475585938,0.9192025065422058
1776176026893,0.6405999660491943,0.0,10391.744140625,80.03043365478516,0.919315755367279
1776176026913,0.6484500169754028,0.0,10392.4775390625,80.17147827148438,0.9195264577865601
1776176026934,0.6523500084877014,0.0,10392.8779296875,80.3158950805664,0.9196172952651978
1776176026953,0.65625,0.0,10393.212890625,80.43984985351562,0.9197342395782471
1776176026974,0.6640499830245972,0.0,10393.615234375,80.58973693847656,0.9198490977287292
1776176026993,0.6679499745368958,0.0,10394.017578125,80.7414779663086,0.9199450016021729
1776176027014,0.6718499660491943,0.0,10394.7578125,80.87202453613281,0.92015540599823
1776176027035,0.6757999658584595,0.0,10395.0947265625,81.02088928222656,0.920269250869751
1776176027054,0.6757999658584595,0.0,10395.5,81.17021179199219,0.920367956161499
1776176027073,0.6757999658584595,0.0,10395.837890625,81.30271911621094,0.9204832911491394
1776176027093,0.6757999658584595,0.0,10396.244140625,81.46696472167969,0.9205803871154785
1776176027114,0.6718499660491943,0.0,10396.990234375,81.61701965332031,0.9208115339279175
1776176027134,0.6718499660491943,0.0,10397.3984375,81.74014282226562,0.9209103584289551
1776176027153,0.6718499660491943,0.0,10397.7392578125,81.88340759277344,0.9210237264633179
1776176027174,0.6718499660491943,0.0,10398.1484375,82.02387237548828,0.9211226105690002
1776176027193,0.6718499660491943,0.0,10398.4892578125,82.13810729980469,0.9212407469749451
1776176027214,0.6718499660491943,0.0,10399.2412109375,82.25394439697266,0.9214532375335693
1776176027234,0.6718499660491943,0.0,10399.65234375,82.39044952392578,0.9215548038482666
1776176027253,0.6718499660491943,0.0,10399.9951171875,82.51578521728516,0.9216723442077637
1776176027273,0.6718499660491943,0.0,10400.4072265625,82.658935546875,0.9217907190322876
1776176027293,0.6718499660491943,0.0,10400.8203125,82.80488586425781,0.92188560962677
1776176027313,0.6679499745368958,0.0,10401.5791015625,82.93309783935547,0.9221047163009644
1776176027335,0.6640499830245972,0.0,10401.9248046875,83.10945892333984,0.9222187399864197
1776176027353,0.65625,0.0,10402.33984375,83.23054504394531,0.9223234057426453
1776176027374,0.6405999660491943,0.0,10402.6865234375,83.34516906738281,0.9224390387535095
1776176027393,0.6132999658584595,0.0,10403.1025390625,83.46550750732422,0.9225361347198486
1776176027413,0.5859500169754028,0.0,10403.8671875,83.57182312011719,0.9227575659751892
1776176027434,0.5508000254631042,0.0,10404.21484375,83.65638732910156,0.9228737950325012
1776176027454,0.5273500084877014,0.0,10404.6328125,83.72291564941406,0.922976016998291
1776176027473,0.5038999915122986,0.0,10404.9814453125,83.79441833496094,0.9230927228927612
1776176027493,0.4761500060558319,0.0,10405.400390625,83.83419799804688,0.9232116937637329
1776176027513,0.44440001249313354,0.0,10406.1689453125,83.87202453613281,0.9234330058097839
1776176027533,0.4126499891281128,0.0,10406.587890625,83.89154052734375,0.923529863357544
1776176027553,0.38885000348091125,0.0,10406.9375,83.90023803710938,0.9236499667167664
1776176027574,0.3769499957561493,0.0,10407.3564453125,83.90522003173828,0.9237687587738037
1776176027593,0.35315001010894775,0.0,10407.7763671875,83.89097595214844,0.9238674640655518
1776176027613,0.33329999446868896,0.0,10408.544921875,83.87326049804688,0.924085259437561
1776176027634,0.31345000863075256,0.0,10408.89453125,83.83978271484375,0.9242034554481506
1776176027653,0.289650022983551,0.0,10409.3134765625,83.80111694335938,0.9243022203445435
1776176027673,0.27775001525878906,0.0,10409.6630859375,83.77030181884766,0.9244204163551331
1776176027693,0.2738000154495239,0.0,10410.08203125,83.72159576416016,0.924519956111908
1776176027713,0.26980000734329224,0.0,10410.8486328125,83.657470703125,0.9247552752494812
1776176027734,0.26980000734329224,0.0,10411.2666015625,83.58626556396484,0.9248535633087158
1776176027753,0.27775001525878906,0.0,10411.6142578125,83.52301025390625,0.9249728918075562
1776176027773,0.289650022983551,0.0,10412.03125,83.43914031982422,0.92507004737854
1776176027793,0.3095000088214874,0.0,10412.37890625,83.35990905761719,0.925187885761261
1776176027813,0.32534998655319214,0.0,10413.142578125,83.2762451171875,0.9254034757614136
1776176027834,0.3452000021934509,0.0,10413.55859375,83.20835876464844,0.9255003333091736
1776176027853,0.36900001764297485,0.0,10413.9052734375,83.15999603271484,0.9256168007850647
1776176027873,0.38885000348091125,0.0,10414.3212890625,83.12660217285156,0.9257328510284424
1776176027893,0.4205999970436096,0.0,10414.7373046875,83.10289764404297,0.9258303046226501
1776176027913,0.44440001249313354,0.0,10415.4990234375,83.0914535522461,0.9260445237159729
1776176027933,0.46424999833106995,0.0,10415.845703125,83.08223724365234,0.9261608719825745
1776176027953,0.48010000586509705,0.0,10416.2607421875,83.09120178222656,0.9262580275535583
1776176027974,0.48805001378059387,0.0,10416.607421875,83.10643005371094,0.9263741374015808
1776176027994,0.4959999918937683,0.0,10417.0234375,83.1249008178711,0.9264700412750244
1776176028013,0.4959999918937683,0.0,10417.7861328125,83.1486587524414,0.926703691482544
1776176028034,0.4959999918937683,0.0,10418.2021484375,83.17495727539062,0.9268006682395935
1776176028053,0.4959999918937683,0.0,10418.548828125,83.20366668701172,0.9269174337387085
1776176028073,0.4959999918937683,0.0,10418.8955078125,83.23081970214844,0.9270151853561401
1776176028093,0.4959999918937683,0.0,10419.3115234375,83.24459075927734,0.9271316528320312
1776176028113,0.4959999918937683,0.0,10420.07421875,83.25969696044922,0.9273447394371033
1776176028134,0.4959999918937683,0.0,10420.490234375,83.27017974853516,0.9274430274963379
1776176028153,0.4959999918937683,0.0,10420.8369140625,83.2835922241211,0.9275587797164917
1776176028173,0.4959999918937683,0.0,10421.2529296875,83.3037109375,0.9276745915412903
1776176028193,0.4959999918937683,0.0,10421.669921875,83.32781219482422,0.927772045135498
1776176028213,0.4959999918937683,0.0,10422.43359375,83.3517074584961,0.927985429763794
1776176028234,0.4959999918937683,0.0,10422.78125,83.38274383544922,0.9281021952629089
1776176028253,0.4959999918937683,0.0,10423.1982421875,83.41928100585938,0.9281971454620361
1776176028273,0.4959999918937683,0.0,10423.5458984375,83.4515609741211,0.9283161163330078
1776176028293,0.49994999170303345,0.0,10423.962890625,83.48595428466797,0.9284132122993469
1776176028313,0.5,0.0,10424.7275390625,83.51398468017578,0.9286460876464844
1776176028334,0.5077999830245972,0.0,10425.14453125,83.53944396972656,0.9287428259849548
1776176028353,0.5116999745368958,0.0,10425.4921875,83.56006622314453,0.9288594126701355
1776176028374,0.5273500084877014,0.0,10425.9091796875,83.57584381103516,0.9289535880088806
1776176028393,0.5468500256538391,0.0,10426.2568359375,83.5898666381836,0.9290722608566284
1776176028413,0.5741999745368958,0.0,10427.0224609375,83.60260772705078,0.9292861819267273
1776176028433,0.5859500169754028,0.0,10427.4404296875,83.63594818115234,0.9293854236602783
1776176028453,0.59375,0.0,10427.7890625,83.67520141601562,0.9295011162757874
1776176028473,0.5976499915122986,0.0,10428.20703125,83.73600769042969,0.9296177625656128
1776176028493,0.5976499915122986,0.0,10428.6259765625,83.80360412597656,0.9297157526016235
1776176028514,0.5976499915122986,0.0,10429.39453125,83.87567901611328,0.9299307465553284
1776176028534,0.59375,0.0,10429.744140625,83.97283172607422,0.9300466775894165
1776176028553,0.5898500084877014,0.0,10430.1640625,84.05956268310547,0.9301442503929138
1776176028573,0.5898500084877014,0.0,10430.5146484375,84.13098907470703,0.9302612543106079
1776176028593,0.5898500084877014,0.0,10430.935546875,84.22138977050781,0.9303592443466187
1776176028614,0.5898500084877014,0.0,10431.70703125,84.31403350830078,0.9305943846702576
1776176028634,0.5898500084877014,0.0,10432.12890625,84.40497589111328,0.9306918382644653
1776176028653,0.5898500084877014,0.0,10432.48046875,84.47732543945312,0.9308106303215027
1776176028673,0.5898500084877014,0.0,10432.90234375,84.56277465820312,0.930908739566803
1776176028693,0.5898500084877014,0.0,10433.2548828125,84.63333129882812,0.9310263991355896
1776176028713,0.59375,0.0,10434.0302734375,84.70984649658203,0.9312444925308228
1776176028733,0.5976499915122986,0.0,10434.4541015625,84.79635620117188,0.931341826915741
1776176028753,0.6015499830245972,0.0,10434.8076171875,84.8763427734375,0.931459903717041
1776176028774,0.6054499745368958,0.0,10435.2314453125,84.96292114257812,0.9315775632858276
1776176028793,0.6054499745368958,0.0,10435.65625,85.04671478271484,0.9316750168800354
1776176028813,0.6093499660491943,0.0,10436.435546875,85.11376190185547,0.9318950772285461
1776176028834,0.6132999658584595,0.0,10436.7900390625,85.18690490722656,0.932013213634491
1776176028853,0.6172000169754028,0.0,10437.2158203125,85.2562026977539,0.932111918926239
1776176028873,0.6211000084877014,0.0,10437.5712890625,85.32855987548828,0.9322312474250793
1776176028893,0.625,0.0,10437.998046875,85.42597961425781,0.9323307275772095
1776176028913,0.6288999915122986,0.0,10438.78125,85.52764892578125,0.9325687885284424
1776176028935,0.6327999830245972,0.0,10439.208984375,85.63873291015625,0.9326685070991516
1776176028953,0.6327999830245972,0.0,10439.5654296875,85.73956298828125,0.9327875375747681
1776176028973,0.6484500169754028,0.0,10439.994140625,85.86326599121094,0.9328901171684265
1776176028993,0.6601499915122986,0.0,10440.3515625,85.96961212158203,0.9330083727836609
1776176029014,0.6836000084877014,0.0,10441.1396484375,86.10072326660156,0.9332295060157776
1776176029033,0.6991999745368958,0.0,10441.5703125,86.23515319824219,0.9333299398422241
1776176029054,0.7109500169754028,0.0,10441.9296875,86.35041046142578,0.9334498643875122
1776176029074,0.71875,0.0,10442.361328125,86.4913101196289,0.9335505962371826
1776176029093,0.71875,0.0,10442.720703125,86.6452865600586,0.9336720705032349
1776176029114,0.71875,0.0,10443.5859375,86.77172088623047,0.9338939785957336
1776176029133,0.71875,0.0,10443.947265625,86.91900634765625,0.9340158104896545
1776176029153,0.7148500084877014,0.0,10444.3818359375,87.0776596069336,0.9341176152229309
1776176029173,0.7148500084877014,0.0,10444.744140625,87.21065521240234,0.9342381954193115
1776176029193,0.7148500084877014,0.0,10445.1796875,87.36318969726562,0.9343406558036804
1776176029215,0.7148500084877014,0.0,10445.9794921875,87.52579498291016,0.934585452079773
1776176029233,0.71875,0.0,10446.4169921875,87.6663818359375,0.934687614440918
1776176029253,0.71875,0.0,10446.7822265625,87.83174896240234,0.9348108768463135
1776176029273,0.7109500169754028,0.0,10447.220703125,87.9991226196289,0.9349137544631958
1776176029293,0.7109500169754028,0.0,10447.5869140625,88.1210708618164,0.9350367188453674
1776176029314,0.7030999660491943,0.0,10448.3935546875,88.28211212158203,0.9352633357048035
1776176029334,0.6991999745368958,0.0,10448.8349609375,88.44126892089844,0.9353669285774231
1776176029353,0.6952999830245972,0.0,10449.203125,88.56871032714844,0.9354906678199768
1776176029373,0.6875,0.0,10449.6455078125,88.71399688720703,0.9356158375740051
1776176029393,0.6797000169754028,0.0,10450.087890625,88.87090301513672,0.9357193112373352
1776176029414,0.6757999658584595,0.0,10450.9013671875,89.00450134277344,0.9359486103057861
1776176029434,0.6718499660491943,0.0,10451.2724609375,89.1678466796875,0.9360734224319458
1776176029453,0.6718499660491943,0.0,10451.7177734375,89.31586456298828,0.9361789226531982
1776176029473,0.6797000169754028,0.0,10452.08984375,89.44987487792969,0.9363026022911072
1776176029494,0.6952999830245972,0.0,10452.5361328125,89.61068725585938,0.9364097714424133
1776176029514,0.7070499658584595,0.0,10453.357421875,89.77417755126953,0.9366593956947327
1776176029533,0.7265499830245972,0.0,10453.8056640625,89.91122436523438,0.9367651343345642
1776176029553,0.75,0.0,10454.1796875,90.08179473876953,0.9368924498558044
1776176029573,0.7695499658584595,0.0,10454.6298828125,90.26708984375,0.9369972944259644
1776176029593,0.7890499830245972,0.0,10455.0048828125,90.42916107177734,0.937125563621521
1776176029613,0.8125,0.0,10455.8330078125,90.63700866699219,0.9373601078987122
1776176029634,0.8359500169754028,0.0,10456.2861328125,90.85514068603516,0.9374651908874512
1776176029653,0.8710999488830566,0.0,10456.6640625,91.04537963867188,0.9375941753387451
1776176029673,0.9140499830245972,0.0,10457.119140625,91.26905822753906,0.937722384929657
1776176029693,0.9648499488830566,0.0,10457.5751953125,91.5479736328125,0.9378315210342407
1776176029713,1.0,0.0,10458.4140625,91.80607604980469,0.9380663633346558
1776176029733,1.0,0.0,10458.796875,92.08059692382812,0.9381979703903198
1776176029753,1.0,0.0,10459.2568359375,92.36634063720703,0.9383044242858887
1776176029773,1.0,0.0,10459.6416015625,92.61640167236328,0.9384373426437378
1776176029793,1.0,0.0,10460.1044921875,92.93150329589844,0.9385454654693604
1776176029813,1.0,0.0,10460.9560546875,93.22591400146484,0.9388080835342407
1776176029833,1.0,0.0,10461.421875,93.47779846191406,0.9389185905456543
1776176029853,1.0,0.0,10461.8115234375,93.78069305419922,0.9390504956245422
1776176029873,1.0,0.0,10462.2021484375,94.08392333984375,0.9391599893569946
1776176029893,1.0,0.0,10462.671875,94.3373794555664,0.9392932057380676
1776176029913,1.0,0.0,10463.5361328125,94.63842010498047,0.9395392537117004
1776176029934,1.0,0.0,10464.0087890625,94.93641662597656,0.939651608467102
1776176029953,1.0,0.0,10464.404296875,95.17687225341797,0.9397844076156616
1776176029973,1.0,0.0,10464.8798828125,95.47145080566406,0.9399195313453674
1776176029993,1.0,0.0,10465.3564453125,95.75670623779297,0.9400312900543213
1776176030014,1.0,0.0,10466.232421875,95.99603271484375,0.940281331539154
1776176030033,1.0,0.0,10466.6318359375,96.27586364746094,0.9404177665710449
1776176030053,1.0,0.0,10467.1123046875,96.57775115966797,0.9405303001403809
1776176030073,1.0,0.0,10467.513671875,96.83032989501953,0.9406671524047852
1776176030093,1.0,0.0,10467.9970703125,97.10547637939453,0.9407803416252136
1776176030113,1.0,0.0,10468.8857421875,97.37028503417969,0.9410577416419983
1776176030133,1.0,0.0,10469.3720703125,97.59849548339844,0.9411720037460327
1776176030153,1.0,0.0,10469.7783203125,97.87211608886719,0.9413108825683594
1776176030173,1.0,0.0,10470.267578125,98.16036224365234,0.9414269924163818
1776176030193,1.0,0.0,10470.67578125,98.42951965332031,0.9415642023086548
1776176030213,1.0,0.0,10471.5771484375,98.72022247314453,0.9418195486068726
1776176030234,1.0,0.0,10472.0703125,98.98892211914062,0.9419367909431458
1776176030253,1.0,0.0,10472.482421875,99.2148208618164,0.9420759677886963
1776176030273,1.0,0.0,10472.9775390625,99.49636840820312,0.9422173500061035
1776176030293,1.0,0.0,10473.4736328125,99.7683334350586,0.9423348903656006
1776176030313,1.0,0.0,10474.3876953125,99.98780822753906,0.942594051361084
1776176030334,1.0,0.0,10474.8037109375,100.24825286865234,0.9427372813224792
1776176030353,1.0,0.0,10475.3046875,100.51728057861328,0.9428558349609375
1776176030373,1.0,0.0,10475.72265625,100.74472045898438,0.9429976940155029
1776176030395,1.0,0.0,10476.2255859375,101.00475311279297,0.9431173205375671
1776176030413,1.0,0.0,10477.150390625,101.27865600585938,0.9433785676956177
1776176030434,1.0,0.0,10477.572265625,101.50640106201172,0.943523108959198
1776176030453,1.0,0.0,10478.0791015625,101.7742691040039,0.9436441659927368
1776176030473,1.0,0.0,10478.5029296875,102.0413818359375,0.9437877535820007
1776176030493,1.0,0.0,10479.01171875,102.26824951171875,0.9439335465431213
1776176030514,1.0,0.0,10479.9482421875,102.52999114990234,0.944198727607727
1776176030534,1.0,0.0,10480.4609375,102.78130340576172,0.9443209767341614
1776176030553,1.0,0.0,10480.888671875,103.00347900390625,0.9444665312767029
1776176030573,1.0,0.0,10481.4033203125,103.26289367675781,0.9446146488189697
1776176030593,1.0,0.0,10481.9189453125,103.5325698852539,0.9447363615036011
1776176030613,1.0,0.0,10482.8671875,103.75564575195312,0.9450055956840515
1776176030633,1.0,0.0,10483.298828125,104.00524139404297,0.9451541304588318
1776176030653,1.0,0.0,10483.818359375,104.2544937133789,0.9452768564224243
1776176030673,1.0,0.0,10484.251953125,104.48116302490234,0.9454267621040344
1776176030694,1.0,0.0,10484.7734375,104.74272155761719,0.9455493092536926
1776176030713,1.0,0.0,10485.732421875,104.99789428710938,0.9458470344543457
1776176030734,1.0,0.0,10486.169921875,105.20289611816406,0.9459724426269531
1776176030753,1.0,0.0,10486.6953125,105.45661163330078,0.9461212158203125
1776176030774,1.0,0.0,10487.2216796875,105.70161437988281,0.9462462663650513
1776176030794,1.0,0.0,10487.6611328125,105.91578674316406,0.9463961720466614
1776176030813,1.0,0.0,10488.630859375,106.1683349609375,0.9466718435287476
1776176030834,1.0,0.0,10489.1611328125,106.418212890625,0.9467974901199341
1776176030853,1.0,0.0,10489.603515625,106.63611602783203,0.9469483494758606
1776176030873,1.0,0.0,10490.1357421875,106.89574432373047,0.9471005201339722
1776176030893,1.0,0.0,10490.6689453125,107.14753723144531,0.9472272992134094
1776176030914,1.0,0.0,10491.6494140625,107.3866958618164,0.9475048780441284
1776176030934,1.0,0.0,10492.0966796875,107.59391021728516,0.9476569890975952
1776176030953,1.0,0.0,10492.6337890625,107.8411636352539,0.9477838277816772
1776176030973,1.0,0.0,10493.08203125,108.0662841796875,0.9479364156723022
1776176030993,1.0,0.0,10493.62109375,108.33335876464844,0.9480643272399902
1776176031013,1.0,0.0,10494.6123046875,108.58881378173828,0.9483709931373596
1776176031034,1.0,0.0,10495.1552734375,108.79546356201172,0.9484983682632446
1776176031053,1.0,0.0,10495.6083984375,109.035400390625,0.9486513733863831
1776176031073,1.0,0.0,10496.15234375,109.30126953125,0.9487792253494263
1776176031093,1.0,0.0,10496.6064453125,109.51853942871094,0.948932409286499
1776176031113,1.0,0.0,10497.6083984375,109.76023864746094,0.9492160081863403
1776176031133,1.0,0.0,10498.15625,109.99678039550781,0.9493452906608582
1776176031153,1.0,0.0,10498.6142578125,110.2022933959961,0.9495002031326294
1776176031174,1.0,0.0,10499.1640625,110.44560241699219,0.9496550559997559
1776176031193,1.0,0.0,10499.71484375,110.70283508300781,0.9497841596603394
1776176031213,1.0,0.0,10500.728515625,110.923828125,0.9500691890716553
1776176031234,1.0,0.0,10501.1904296875,111.17955780029297,0.9502252340316772
1776176031253,1.0,0.0,10501.74609375,111.43668365478516,0.950354814529419
1776176031273,1.0,0.0,10502.2099609375,111.65078735351562,0.9505121111869812
1776176031293,1.0,0.0,10502.767578125,111.8741683959961,0.9506428837776184
1776176031314,1.0,0.0,10503.79296875,112.12368774414062,0.9509569406509399
1776176031336,1.0,0.0,10504.259765625,112.35149383544922,0.9510880708694458
1776176031353,1.0,0.0,10504.8212890625,112.5557632446289,0.9512460827827454
1776176031373,1.0,0.0,10505.3837890625,112.79348754882812,0.951377272605896
1776176031393,1.0,0.0,10505.853515625,112.99552154541016,0.9515358805656433
1776176031413,1.0,0.0,10506.888671875,113.27716064453125,0.9518266916275024
1776176031434,1.0,0.0,10507.4541015625,113.49459075927734,0.951959490776062
1776176031454,1.0,0.0,10507.92578125,113.64933776855469,0.9521183967590332
1776176031474,1.0,0.0,10508.4931640625,113.81169891357422,0.9522774815559387
1776176031493,1.0,0.0,10509.0615234375,114.0387191772461,0.9524101614952087
1776176031513,1.0,0.0,10510.1044921875,114.2780990600586,0.9527035355567932
1776176031534,1.0,0.0,10510.580078125,114.52446746826172,0.9528642296791077
1776176031553,1.0,0.0,10511.15234375,114.7633285522461,0.9529979228973389
1776176031573,1.0,0.0,10511.6298828125,114.95092010498047,0.9531592130661011
1776176031593,1.0,0.0,10512.2041015625,114.92927551269531,0.9532935619354248
1776176031613,1.0,0.0,10513.2568359375,114.83293151855469,0.9536149501800537
1776176031633,1.0,0.0,10513.8310546875,114.7838134765625,0.9537490010261536
1776176031653,1.0,0.0,10514.30859375,114.721923828125,0.9538830518722534
1776176031673,1.0,0.0,10514.7861328125,114.66484832763672,0.9540441036224365
1776176031693,1.0,0.0,10515.359375,114.62794494628906,0.9542043209075928
1776176031714,1.0,0.0,10516.4091796875,114.54593658447266,0.9544992446899414
1776176031734,1.0,0.0,10516.9814453125,114.48701477050781,0.9546329975128174
1776176031753,1.0,0.0,10517.4580078125,114.44328308105469,0.9547933340072632
1776176031773,1.0,0.0,10518.0302734375,114.3869857788086,0.9549539685249329
1776176031793,1.0,0.0,10518.6015625,114.35448455810547,0.9550867676734924
1776176031813,1.0,0.0,10519.6494140625,114.28509521484375,0.9553813934326172
1776176031834,1.0,0.0,10520.125,114.54519653320312,0.9555414915084839
1776176031853,1.0,0.0,10520.6962890625,114.84002685546875,0.9556750655174255
1776176031873,1.0,0.0,10521.173828125,115.14372253417969,0.9558365345001221
1776176031893,1.0,0.0,10521.7490234375,115.60086059570312,0.955970823764801
1776176031913,1.0,0.0,10522.8076171875,116.06761169433594,0.956294596195221
1776176031933,1.0,0.0,10523.3876953125,116.39714813232422,0.9564304351806641
1776176031953,1.0,0.0,10523.873046875,116.66787719726562,0.9565936326980591
1776176031973,1.0,0.0,10524.4560546875,116.92646026611328,0.9567302465438843
1776176031993,1.0,0.0,10524.943359375,117.15678405761719,0.9568943381309509
1776176032013,1.0,0.0,10526.017578125,117.40421295166016,0.957196056842804
1776176032033,1.0,0.0,10526.6044921875,117.63288879394531,0.9573333263397217
1776176032053,1.0,0.0,10527.0947265625,117.84134674072266,0.9574982523918152
1776176032073,1.0,0.0,10527.68359375,118.08186340332031,0.9576632976531982
1776176032093,1.0,0.0,10528.2734375,118.33992767333984,0.9578015208244324
1776176032114,1.0,0.0,10529.357421875,118.56510925292969,0.9581055045127869
1776176032134,1.0,0.0,10529.8515625,118.80833435058594,0.9582720398902893
1776176032153,1.0,0.0,10530.4453125,119.0525894165039,0.9584106206893921
1776176032173,1.0,0.0,10530.9404296875,119.25418853759766,0.9585779309272766
1776176032193,1.0,0.0,10531.5361328125,119.49901580810547,0.9587163329124451
1776176032213,1.0,0.0,10532.630859375,119.75407409667969,0.9590523838996887
1776176032234,1.0,0.0,10533.2294921875,120.00191497802734,0.9591922760009766
1776176032253,1.0,0.0,10533.728515625,120.21068572998047,0.9593598246574402
1776176032273,1.0,0.0,10534.3291015625,120.46350860595703,0.9595006704330444
1776176032293,1.0,0.0,10534.830078125,120.68927764892578,0.9596695899963379
1776176032313,1.0,0.0,10535.935546875,120.93575286865234,0.9599795937538147
1776176032334,1.0,0.0,10536.5400390625,121.17400360107422,0.9601490497589111
1776176032353,1.0,0.0,10537.1455078125,121.38046264648438,0.9602907299995422
1776176032373,1.0,0.0,10537.650390625,121.62370300292969,0.9604609608650208
1776176032393,1.0,0.0,10538.2578125,121.8732681274414,0.9606029987335205
1776176032413,1.0,0.0,10539.3740234375,122.08492279052734,0.9609158039093018
1776176032434,1.0,0.0,10539.8828125,122.33318328857422,0.961086630821228
1776176032453,1.0,0.0,10540.494140625,122.5899887084961,0.9612295627593994
1776176032475,1.0,0.0,10541.00390625,122.81269836425781,0.9614008665084839
1776176032494,1.0,0.0,10541.6171875,123.05379486083984,0.961572527885437
1776176032513,1.0,0.0,10542.744140625,123.29084014892578,0.9618889093399048
1776176032534,1.0,0.0,10543.3603515625,123.51891326904297,0.9620335698127747
1776176032553,1.0,0.0,10543.875,123.73654174804688,0.9622059464454651
1776176032573,1.0,0.0,10544.4931640625,123.98989868164062,0.9623508453369141
1776176032593,1.0,0.0,10545.0087890625,124.21390533447266,0.9625238180160522
1776176032613,1.0,0.0,10546.146484375,124.4663314819336,0.9628432393074036
1776176032633,1.0,0.0,10546.7685546875,124.70549011230469,0.9630173444747925
1776176032653,1.0,0.0,10547.3916015625,124.90782928466797,0.9631630182266235
1776176032673,1.0,0.0,10547.912109375,125.14703369140625,0.9633376598358154
1776176032693,1.0,0.0,10548.537109375,125.39820861816406,0.9634836912155151
1776176032713,1.0,0.0,10549.685546875,125.6043930053711,0.9638053178787231
1776176032734,1.0,0.0,10550.208984375,125.85062408447266,0.963981568813324
1776176032753,1.0,0.0,10550.837890625,126.09571838378906,0.9641278982162476
1776176032773,1.0,0.0,10551.3623046875,126.30349731445312,0.9643048048019409
1776176032793,1.0,0.0,10551.9931640625,126.54176330566406,0.9644519090652466
1776176032813,1.0,0.0,10553.15234375,126.779296875,0.9648054242134094
1776176032834,1.0,0.0,10553.7861328125,126.98051452636719,0.9649543166160583
1776176032853,1.0,0.0,10554.314453125,127.219482421875,0.9651312828063965
1776176032873,1.0,0.0,10554.9501953125,127.4615478515625,0.9652795791625977
1776176032893,1.0,0.0,10555.48046875,127.68157958984375,0.9654574990272522
1776176032913,1.0,0.0,10556.650390625,127.93201446533203,0.9657850861549377
1776176032933,1.0,0.0,10557.2900390625,128.17034912109375,0.9659642577171326
1776176032953,1.0,0.0,10557.8232421875,128.36676025390625,0.9661135673522949
1776176032973,1.0,0.0,10558.46484375,128.59268188476562,0.966293454170227
1776176032993,1.0,0.0,10559.107421875,128.8352508544922,0.9664434194564819
1776176033013,1.0,0.0,10560.2880859375,129.04966735839844,0.9667732119560242
1776176033034,1.0,0.0,10560.826171875,129.28919982910156,0.9669545888900757
1776176033053,1.0,0.0,10561.4716796875,129.52114868164062,0.9671043753623962
1776176033073,1.0,0.0,10562.0107421875,129.71920776367188,0.9672855734825134
1776176033093,1.0,0.0,10562.658203125,129.96156311035156,0.9674369692802429
1776176033113,1.0,0.0,10563.8486328125,130.20286560058594,0.9678000807762146
1776176033133,1.0,0.0,10564.5,130.408935546875,0.9679518342018127
1776176033153,1.0,0.0,10565.04296875,130.6455841064453,0.9681341648101807
1776176033173,1.0,0.0,10565.6953125,130.86373901367188,0.9682865738868713
1776176033193,1.0,0.0,10566.240234375,131.0643310546875,0.968468964099884
1776176033213,1.0,0.0,10567.4404296875,131.29400634765625,0.9688052535057068
1776176033233,1.0,0.0,10568.0966796875,131.53631591796875,0.968989372253418
1776176033253,1.0,0.0,10568.75390625,131.73118591308594,0.969142735004425
1776176033274,1.0,0.0,10569.302734375,131.97042846679688,0.9693270325660706
1776176033293,1.0,0.0,10569.9619140625,132.19932556152344,0.969480574131012
1776176033313,1.0,0.0,10571.1728515625,132.3963165283203,0.969820499420166
1776176033333,1.0,0.0,10571.724609375,132.61874389648438,0.9700050354003906
1776176033353,1.0,0.0,10572.3876953125,132.8472137451172,0.970159649848938
1776176033373,1.0,0.0,10572.9404296875,133.03868103027344,0.9703451991081238
1776176033393,1.0,0.0,10573.6044921875,133.26388549804688,0.9705014228820801
1776176033414,1.0,0.0,10574.8251953125,133.50270080566406,0.9708756804466248
1776176033434,1.0,0.0,10575.4921875,133.6970977783203,0.9710308313369751
1776176033453,1.0,0.0,10576.048828125,133.912109375,0.9712183475494385
1776176033473,1.0,0.0,10576.7177734375,134.14932250976562,0.9713742136955261
1776176033493,1.0,0.0,10577.2763671875,134.34112548828125,0.9715623259544373
1776176033514,1.0,0.0,10578.5068359375,134.5741729736328,0.971907377243042
1776176033534,1.0,0.0,10579.1796875,134.79733276367188,0.9720959067344666
1776176033553,1.0,0.0,10579.7412109375,134.984130859375,0.9722530245780945
1776176033573,1.0,0.0,10580.416015625,135.21408081054688,0.972442090511322
1776176033593,1.0,0.0,10581.091796875,135.43173217773438,0.9726002216339111
1776176033613,1.0,0.0,10582.33203125,135.62428283691406,0.9729477167129517
1776176033634,1.0,0.0,10582.8974609375,135.84872436523438,0.9731379747390747
1776176033653,1.0,0.0,10583.576171875,136.0843505859375,0.9732961058616638
1776176033673,1.0,0.0,10584.142578125,136.27378845214844,0.9734870791435242
1776176033693,1.0,0.0,10584.8232421875,136.480712890625,0.9736456871032715
1776176033713,1.0,0.0,10586.07421875,136.70384216308594,0.9740282297134399
1776176033734,1.0,0.0,10586.7578125,136.89622497558594,0.9741876721382141
1776176033753,1.0,0.0,10587.328125,137.1219024658203,0.9743795394897461
1776176033773,1.0,0.0,10588.0126953125,137.33555603027344,0.9745391011238098
1776176033793,1.0,0.0,10588.583984375,137.5360870361328,0.9747316837310791
1776176033813,1.0,0.0,10589.84375,137.72518920898438,0.975085437297821
1776176033833,1.0,0.0,10590.5322265625,137.93426513671875,0.9752786755561829
1776176033853,1.0,0.0,10591.2216796875,138.13677978515625,0.9754395484924316
1776176033873,1.0,0.0,10591.796875,138.353515625,0.9756330251693726
1776176033893,1.0,0.0,10592.48828125,138.57553100585938,0.9757940173149109
1776176033913,1.0,0.0,10593.7578125,138.76890563964844,0.9761502742767334
1776176033934,1.0,0.0,10594.3359375,138.99053955078125,0.9763448238372803
1776176033953,1.0,0.0,10595.0302734375,139.18760681152344,0.9765071272850037
1776176033974,1.0,0.0,10595.609375,139.36834716796875,0.9767018556594849
1776176033993,1.0,0.0,10596.3056640625,139.5914306640625,0.9768971800804138
1776176034013,1.0,0.0,10597.5849609375,139.80792236328125,0.9772558808326721
1776176034033,1.0,0.0,10598.283203125,139.994384765625,0.9774191379547119
1776176034053,1.0,0.0,10598.8662109375,140.20730590820312,0.9776150584220886
1776176034073,1.0,0.0,10599.56640625,140.4248046875,0.9777785539627075
1776176034093,1.0,0.0,10600.150390625,140.60964965820312,0.9779751300811768
1776176034113,1.0,0.0,10601.4384765625,140.82713317871094,0.9783358573913574
1776176034133,1.0,0.0,10602.142578125,141.03680419921875,0.9785329699516296
1776176034153,1.0,0.0,10602.84765625,141.2173614501953,0.9786979556083679
1776176034174,1.0,0.0,10603.435546875,141.43299865722656,0.9788957238197327
1776176034193,1.0,0.0,10604.1416015625,141.6232147216797,0.9790613651275635
1776176034213,1.0,0.0,10605.4384765625,141.80224609375,0.9794244170188904
1776176034234,1.0,0.0,10606.029296875,142.0186767578125,0.979623019695282
1776176034253,1.0,0.0,10606.7392578125,142.25125122070312,0.9797891974449158
1776176034273,1.0,0.0,10607.33203125,142.4433135986328,0.9799877405166626
1776176034293,1.0,0.0,10608.0439453125,142.65870666503906,0.9801865816116333
1776176034313,1.0,0.0,10609.3515625,142.8573760986328,0.980552613735199
1776176034333,1.0,0.0,10610.0654296875,143.02870178222656,0.9807185530662537
1776176034353,1.0,0.0,10610.6611328125,143.24496459960938,0.980919361114502
1776176034373,1.0,0.0,10611.376953125,143.47335815429688,0.9810859560966492
1776176034393,1.0,0.0,10611.974609375,143.63943481445312,0.981286883354187
1776176034413,1.0,0.0,10613.291015625,143.83187866210938,0.981656014919281
1776176034434,1.0,0.0,10614.009765625,144.0506134033203,0.9818570017814636
1776176034453,1.0,0.0,10614.7294921875,144.23361206054688,0.982025146484375
1776176034473,1.0,0.0,10615.330078125,144.4379119873047,0.9822272062301636
1776176034493,1.0,0.0,10616.0517578125,144.63015747070312,0.9823952913284302
1776176034513,1.0,0.0,10617.3759765625,144.80899047851562,0.982766330242157
1776176034533,1.0,0.0,10617.9794921875,145.023681640625,0.9829685091972351
1776176034553,1.0,0.0,10618.7041015625,145.2477569580078,0.9831369519233704
1776176034573,1.0,0.0,10619.30859375,145.4089813232422,0.9833399653434753
1776176034593,1.0,0.0,10620.03515625,145.6042938232422,0.9835098385810852
1776176034613,1.0,0.0,10621.3681640625,145.79945373535156,0.9839158654212952
1776176034634,1.0,0.0,10622.0966796875,145.9765625,0.9840862154960632
1776176034653,1.0,0.0,10622.705078125,146.17881774902344,0.9842906594276428
1776176034673,1.0,0.0,10623.435546875,146.3874969482422,0.9844611883163452
1776176034693,1.0,0.0,10624.044921875,146.56771850585938,0.9846654534339905
1776176034713,1.0,0.0,10625.3876953125,146.76898193359375,0.9850413203239441
1776176034733,1.0,0.0,10626.12109375,146.9658966064453,0.9852468967437744
1776176034753,1.0,0.0,10626.85546875,147.1427764892578,0.9854179620742798
1776176034773,1.0,0.0,10627.4677734375,147.34823608398438,0.9856249094009399
1776176034793,1.0,0.0,10628.2041015625,147.54701232910156,0.9857969880104065
1776176034813,1.0,0.0,10629.5556640625,147.71432495117188,0.9861764907836914
1776176034834,1.0,0.0,10630.1708984375,147.90264892578125,0.9863840341567993
1776176034853,1.0,0.0,10630.91015625,148.11001586914062,0.9865573644638062
1776176034873,1.0,0.0,10631.5263671875,148.28414916992188,0.9867655634880066
1776176034893,1.0,0.0,10632.267578125,148.47650146484375,0.9869730472564697
1776176034913,1.0,0.0,10633.626953125,148.66741943359375,0.9873548746109009
1776176034933,1.0,0.0,10634.3701171875,148.8330535888672,0.9875296950340271
1776176034953,1.0,0.0,10634.990234375,149.03904724121094,0.9877380728721619
1776176034973,1.0,0.0,10635.734375,149.2384033203125,0.9879119396209717
1776176034993,1.0,0.0,10636.35546875,149.4031219482422,0.9881215691566467
1776176035013,1.0,0.0,10637.7236328125,149.59197998046875,0.9885064959526062
1776176035034,1.0,0.0,10638.4716796875,149.7801055908203,0.9887166619300842
1776176035053,1.0,0.0,10639.095703125,149.94598388671875,0.9888918995857239
1776176035073,1.0,0.0,10639.8447265625,150.1413116455078,0.9891018867492676
1776176035093,1.0,0.0,10640.5947265625,150.34275817871094,0.9892774224281311
1776176035113,1.0,0.0,10641.97265625,150.49497985839844,0.9896671175956726
1776176035134,1.0,0.0,10642.599609375,150.68345642089844,0.9898799061775208
1776176035153,1.0,0.0,10643.3525390625,150.86865234375,0.9900568127632141
1776176035173,1.0,0.0,10643.98046875,151.0338897705078,0.9902697205543518
1776176035193,1.0,0.0,10644.7353515625,151.22409057617188,0.9904819130897522
1776176035213,1.0,0.0,10646.12109375,151.423583984375,0.9908720254898071
1776176035234,1.0,0.0,10646.8779296875,151.5849151611328,0.991049587726593
1776176035253,1.0,0.0,10647.509765625,151.75877380371094,0.9912624955177307
1776176035273,1.0,0.0,10648.2685546875,151.9510955810547,0.9914402961730957
1776176035293,1.0,0.0,10648.9013671875,152.11328125,0.9916534423828125
1776176035313,1.0,0.0,10650.294921875,152.2967987060547,0.9920457601547241
1776176035334,1.0,0.0,10651.056640625,152.47682189941406,0.9922595620155334
1776176035353,1.0,0.0,10651.818359375,152.63400268554688,0.992438554763794
1776176035373,1.0,0.0,10652.4541015625,152.82415771484375,0.992652416229248
1776176035393,1.0,0.0,10653.2177734375,153.01487731933594,0.9928316473960876
1776176035413,1.0,0.0,10654.6201171875,153.17959594726562,0.9932249784469604
1776176035436,1.0,0.0,10655.2587890625,153.3896026611328,0.993439793586731
1776176035453,1.0,0.0,10656.025390625,153.54898071289062,0.9936197400093079
1776176035473,1.0,0.0,10656.6650390625,153.70269775390625,0.9938347339630127
1776176035493,1.0,0.0,10657.4326171875,153.87692260742188,0.9940145611763
1776176035513,1.0,0.0,10658.8427734375,154.06370544433594,0.9944458603858948
1776176035534,1.0,0.0,10659.61328125,154.220947265625,0.9946258068084717
1776176035553,1.0,0.0,10660.255859375,154.4034423828125,0.994842529296875
1776176035573,1.0,0.0,10661.02734375,154.57989501953125,0.9950222373008728
1776176035593,1.0,0.0,10661.6708984375,154.73390197753906,0.9952385425567627
1776176035614,1.0,0.0,10663.0888671875,154.91650390625,0.9956366419792175
1776176035634,1.0,0.0,10663.86328125,155.09507751464844,0.9958540201187134
1776176035653,1.0,0.0,10664.638671875,155.24461364746094,0.9960353970527649
1776176035673,1.0,0.0,10665.28515625,155.4220733642578,0.9962527751922607
1776176035693,1.0,0.0,10666.0615234375,155.59840393066406,0.9964348673820496
1776176035713,1.0,0.0,10667.4873046875,155.74180603027344,0.9968346357345581
1776176035733,1.0,0.0,10668.1357421875,155.93197631835938,0.9970538020133972
1776176035753,1.0,0.0,10668.9150390625,156.10557556152344,0.9972361922264099
1776176035773,1.0,0.0,10669.5654296875,156.25372314453125,0.9974547624588013
1776176035793,1.0,0.0,10670.345703125,156.43272399902344,0.9976373910903931
1776176035813,1.0,0.0,10671.779296875,156.61004638671875,0.9980764985084534
1776176035834,1.0,0.0,10672.5625,156.74624633789062,0.9982596635818481
1776176035853,1.0,0.0,10673.2158203125,156.91720581054688,0.9984798431396484
1776176035873,1.0,0.0,10674.0,157.10308837890625,0.9986628890037537
1776176035893,1.0,0.0,10674.654296875,157.25405883789062,0.9988834857940674
1776176035913,1.0,0.0,10676.095703125,157.43434143066406,0.9992876648902893
1776176035934,1.0,0.0,10676.8828125,157.61062622070312,0.9994712471961975
1776176035953,1.0,0.0,10677.5390625,157.77597045898438,0.9996982216835022
1776176035973,1.0,0.0,10678.328125,157.95530700683594,0.999925971031189
1776176035993,1.0,0.0,10679.1171875,158.11952209472656,0.00011287342931609601
1776176036013,1.0,0.0,10680.5654296875,158.26585388183594,0.0005188065115362406
1776176036033,1.0,0.0,10681.224609375,158.42227172851562,0.0007408226956613362
