timestamp_ms,gas,brake,distanceTraveled,speedKmh,normalizedCarPosition
1776176144553,1.0,0.0,14265.73046875,159.3639678955078,0.0010078332852572203
1776176144573,1.0,0.0,14266.3935546875,159.53140258789062,0.0012306341668590903
1776176144593,1.0,0.0,14267.8544921875,159.7020721435547,0.0016401917673647404
1776176144613,1.0,0.0,14268.65234375,159.85020446777344,0.0018275687471032143
1776176144633,1.0,0.0,14269.318359375,160.0218048095703,0.0020513487979769707
1776176144653,1.0,0.0,14270.1181640625,160.19789123535156,0.0022758611012250185
1776176144675,1.0,0.0,14271.5859375,160.37803649902344,0.0026879317592829466
1776176144695,1.0,0.0,14272.3876953125,160.53790283203125,0.0028746463358402252
1776176144714,1.0,0.0,14273.056640625,160.67352294921875,0.0031002089381217957
1776176144733,1.0,0.0,14273.859375,160.8165283203125,0.0032876143231987953
1776176144753,1.0,0.0,14274.529296875,160.99427795410156,0.0035132349003106356
1776176144773,1.0,0.0,14275.333984375,161.17774963378906,0.0037015536800026894
1776176144794,1.0,0.0,14276.810546875,161.34222412109375,0.004152828361839056
1776176144813,1.0,0.0,14277.6171875,161.48345947265625,0.004341726657003164
1776176144833,1.0,0.0,14278.2900390625,161.6534881591797,0.004567894618958235
1776176144854,1.0,0.0,14279.09765625,161.80023193359375,0.004756847396492958
1776176144876,1.0,0.0,14279.771484375,161.9737091064453,0.004983619786798954
1776176144894,1.0,0.0,14281.2548828125,162.13931274414062,0.005399835761636496
1776176144916,1.0,0.0,14282.0654296875,162.2977752685547,0.005589235574007034
1776176144934,1.0,0.0,14282.7412109375,162.439208984375,0.005816247779875994
1776176144954,1.0,0.0,14283.552734375,162.61207580566406,0.006044541951268911
1776176144974,1.0,0.0,14285.04296875,162.75350952148438,0.006462284363806248
1776176144995,1.0,0.0,14285.720703125,162.91954040527344,0.006652526091784239
1776176145013,1.0,0.0,14286.53515625,163.08624267578125,0.006881079636514187
1776176145036,1.0,0.0,14287.3505859375,163.25714111328125,0.007071614731103182
1776176145053,1.0,0.0,14288.0302734375,163.40438842773438,0.0073005142621695995
1776176145073,1.0,0.0,14288.8466796875,163.5656280517578,0.00749170919880271
1776176145094,1.0,0.0,14290.3447265625,163.70375061035156,0.007950028404593468
1776176145113,1.0,0.0,14291.1630859375,163.8575439453125,0.008141521364450455
1776176145133,1.0,0.0,14291.845703125,164.0081024169922,0.008371375501155853
1776176145153,1.0,0.0,14292.6650390625,164.14706420898438,0.008563128300011158
1776176145173,1.0,0.0,14293.3486328125,164.31736755371094,0.008792874403297901
1776176145193,1.0,0.0,14294.853515625,164.4839630126953,0.009215363301336765
1776176145213,1.0,0.0,14295.67578125,164.6302947998047,0.00940722692757845
1776176145233,1.0,0.0,14296.361328125,164.8028564453125,0.009638426825404167
1776176145253,1.0,0.0,14297.1845703125,164.96153259277344,0.00987176038324833
1776176145273,1.0,0.0,14298.0087890625,165.1092987060547,0.010127456858754158
1776176145293,1.0,0.0,14299.521484375,165.26864624023438,0.010265299119055271
1776176145313,1.0,0.0,14300.2099609375,165.41998291015625,0.010744748637080193
1776176145333,1.0,0.0,14301.037109375,165.56214904785156,0.010912386700510979
1776176145353,1.0,0.0,14301.7265625,165.7311248779297,0.011576107703149319
1776176145373,1.0,0.0,14302.5546875,165.88865661621094,0.011576107703149319
1776176145393,1.0,0.0,14304.07421875,166.02793884277344,0.011735660023987293
1776176145413,1.0,0.0,14304.904296875,166.18038940429688,0.01199472788721323
1776176145433,1.0,0.0,14305.5966796875,166.34759521484375,0.012227728962898254
1776176145453,1.0,0.0,14306.427734375,166.48646545410156,0.012421629391610622
1776176145473,1.0,0.0,14307.12109375,166.64964294433594,0.012655011378228664
1776176145493,1.0,0.0,14308.6484375,166.821533203125,0.013083292171359062
1776176145513,1.0,0.0,14309.482421875,166.96063232421875,0.0133166229352355
1776176145533,1.0,0.0,14310.177734375,167.1138916015625,0.013511408120393753
1776176145553,1.0,0.0,14311.0126953125,167.26303100585938,0.013745552860200405
1776176145573,1.0,0.0,14311.8486328125,167.39883422851562,0.01394057646393776
1776176145593,1.0,0.0,14313.3828125,167.5637969970703,0.014370656572282314
1776176145613,1.0,0.0,14314.0810546875,167.7261505126953,0.014605383388698101
1776176145633,1.0,0.0,14314.9189453125,167.86175537109375,0.014801764860749245
1776176145653,1.0,0.0,14315.6181640625,168.0173797607422,0.015036472119390965
1776176145673,1.0,0.0,14316.4580078125,168.1768798828125,0.015271450392901897
1776176145693,1.0,0.0,14317.998046875,168.29849243164062,0.01570318266749382
1776176145713,1.0,0.0,14318.8388671875,168.4503173828125,0.01590028591454029
1776176145733,1.0,0.0,14319.5400390625,168.59291076660156,0.016135884448885918
1776176145753,1.0,0.0,14320.3818359375,168.71115112304688,0.016332373023033142
1776176145773,1.0,0.0,14321.083984375,168.872314453125,0.016568608582019806
1776176145793,1.0,0.0,14322.6318359375,169.0501251220703,0.017003387212753296
1776176145813,1.0,0.0,14323.4765625,169.2001190185547,0.017240062355995178
1776176145833,1.0,0.0,14324.322265625,169.3656005859375,0.017438391223549843
1776176145853,1.0,0.0,14325.02734375,169.52308654785156,0.017675498500466347
1776176145873,1.0,0.0,14325.875,169.65863037109375,0.01787378080189228
1776176145893,1.0,0.0,14327.4296875,169.8179931640625,0.018310220912098885
1776176145913,1.0,0.0,14328.13671875,169.9743194580078,0.018548008054494858
1776176145933,1.0,0.0,14328.986328125,170.104736328125,0.018747219815850258
1776176145953,1.0,0.0,14329.6943359375,170.24325561523438,0.01898566074669361
1776176145973,1.0,0.0,14330.544921875,170.38389587402344,0.01922457478940487
1776176145993,1.0,0.0,14332.10546875,170.51446533203125,0.0196625255048275
1776176146013,1.0,0.0,14332.9580078125,170.66864013671875,0.019861910492181778
1776176146033,1.0,0.0,14333.6689453125,170.85479736328125,0.020101355388760567
1776176146053,1.0,0.0,14334.5224609375,170.99017333984375,0.020301450043916702
1776176146073,1.0,0.0,14335.234375,171.13766479492188,0.020540814846754074
1776176146093,1.0,0.0,14336.8017578125,171.2796173095703,0.020981427282094955
1776176146113,1.0,0.0,14337.658203125,171.41026306152344,0.021221766248345375
1776176146133,1.0,0.0,14338.5146484375,171.56834411621094,0.021421929821372032
1776176146153,1.0,0.0,14339.228515625,171.7208251953125,0.021662181243300438
1776176146173,1.0,0.0,14340.0859375,171.84339904785156,0.021863050758838654
1776176146193,1.0,0.0,14341.6611328125,172.001708984375,0.02230503037571907
1776176146213,1.0,0.0,14342.3779296875,172.16183471679688,0.022546270862221718
1776176146233,1.0,0.0,14343.23828125,172.29029846191406,0.022747207432985306
1776176146253,1.0,0.0,14343.9560546875,172.45008850097656,0.022988712415099144
1776176146273,1.0,0.0,14344.8173828125,172.59474182128906,0.023230375722050667
1776176146293,1.0,0.0,14346.3984375,172.7197723388672,0.023673908784985542
1776176146313,1.0,0.0,14347.26171875,172.866455078125,0.023875201120972633
1776176146333,1.0,0.0,14347.9814453125,173.00831604003906,0.024117933586239815
1776176146353,1.0,0.0,14348.845703125,173.13475036621094,0.024319792166352272
1776176146373,1.0,0.0,14349.56640625,173.282470703125,0.024561874568462372
1776176146393,1.0,0.0,14351.1533203125,173.4243927001953,0.025007592514157295
1776176146413,1.0,0.0,14352.0205078125,173.55296325683594,0.025251012295484543
1776176146433,1.0,0.0,14352.8876953125,173.71826171875,0.025453925132751465
1776176146453,1.0,0.0,14353.611328125,173.86209106445312,0.02569717913866043
1776176146473,1.0,0.0,14354.48046875,173.97572326660156,0.02590038813650608
1776176146493,1.0,0.0,14356.0751953125,174.1112060546875,0.02634832076728344
1776176146513,1.0,0.0,14356.80078125,174.26840209960938,0.026591718196868896
1776176146533,1.0,0.0,14357.671875,174.4058074951172,0.02679581195116043
1776176146553,1.0,0.0,14358.3984375,174.5610809326172,0.027040380984544754
1776176146573,1.0,0.0,14359.2705078125,174.68966674804688,0.027285639196634293
1776176146593,1.0,0.0,14360.87109375,174.80361938476562,0.027734780684113503
1776176146613,1.0,0.0,14361.7451171875,174.95941162109375,0.027939029037952423
1776176146633,1.0,0.0,14362.4736328125,175.10833740234375,0.028184447437524796
1776176146653,1.0,0.0,14363.3486328125,175.2255401611328,0.028388917446136475
1776176146673,1.0,0.0,14364.078125,175.37490844726562,0.028635112568736076
1776176146693,1.0,0.0,14365.6845703125,175.5196533203125,0.029086733236908913
1776176146713,1.0,0.0,14366.5615234375,175.64247131347656,0.029332797974348068
1776176146733,1.0,0.0,14367.439453125,175.78497314453125,0.029538031667470932
1776176146754,1.0,0.0,14368.171875,175.9278564453125,0.029784437268972397
1776176146773,1.0,0.0,14369.05078125,176.04722595214844,0.02999071776866913
1776176146793,1.0,0.0,14370.6640625,176.18226623535156,0.03044302947819233
1776176146813,1.0,0.0,14371.3974609375,176.32423400878906,0.030690375715494156
1776176146833,1.0,0.0,14372.2783203125,176.45571899414062,0.030896572396159172
1776176146853,1.0,0.0,14373.013671875,176.6160430908203,0.031144117936491966
1776176146873,1.0,0.0,14373.896484375,176.75355529785156,0.031350187957286835
1776176146893,1.0,0.0,14375.5166015625,176.87130737304688,0.0318460650742054
1776176146913,1.0,0.0,14376.4013671875,177.01535034179688,0.03205285221338272
1776176146933,1.0,0.0,14377.138671875,177.16305541992188,0.0323011688888073
1776176146953,1.0,0.0,14378.0244140625,177.2892303466797,0.03250822424888611
1776176146973,0.9570499658584595,0.0,14378.7626953125,177.43154907226562,0.03275684267282486
1776176146993,0.8125,0.0,14380.388671875,177.5550537109375,0.03321291133761406
1776176147013,0.6679499745368958,0.0,14381.2763671875,177.6434783935547,0.033420380204916
1776176147033,0.5077999830245972,0.0,14382.0166015625,177.6827850341797,0.033669453114271164
1776176147053,0.3452000021934509,0.0,14382.9052734375,177.63096618652344,0.03391862288117409
1776176147073,0.21424999833106995,0.0,14383.7939453125,177.579833984375,0.03412586823105812
1776176147093,0.13490000367164612,0.0,14385.421875,177.52980041503906,0.03458103910088539
1776176147113,0.13885000348091125,0.0,14386.1611328125,177.4720458984375,0.034829024225473404
1776176147133,0.21825000643730164,0.0,14387.048828125,177.4208984375,0.035038143396377563
1776176147153,0.38089999556541443,0.0,14387.7880859375,177.36236572265625,0.0352872759103775
1776176147173,0.5429499745368958,0.0,14388.6748046875,177.30996704101562,0.035494498908519745
1776176147193,0.71875,0.0,14390.30078125,177.257080078125,0.035991400480270386
1776176147213,0.9101499915122986,0.0,14391.1865234375,177.1944580078125,0.036199022084474564
1776176147233,1.0,0.0,14391.9248046875,177.1425323486328,0.0364467054605484
1776176147253,1.0,0.0,14392.810546875,177.09298706054688,0.03665327653288841
1776176147273,1.0,0.0,14393.548828125,177.0355682373047,0.03690244257450104
1776176147293,1.0,0.0,14395.1708984375,177.39633178710938,0.03735657036304474
1776176147313,1.0,0.0,14396.0576171875,177.6660919189453,0.03760526701807976
1776176147333,1.0,0.0,14396.9453125,177.90245056152344,0.037812408059835434
1776176147354,1.0,0.0,14397.6865234375,178.05718994140625,0.038061752915382385
1776176147373,1.0,0.0,14398.576171875,178.2004852294922,0.03826947137713432
1776176147393,1.0,0.0,14400.2099609375,178.3396453857422,0.038727402687072754
1776176147413,1.0,0.0,14400.953125,178.47885131835938,0.03897644206881523
1776176147433,1.0,0.0,14401.845703125,178.5992431640625,0.0391845777630806
1776176147453,1.0,0.0,14402.58984375,178.74349975585938,0.03943512588739395
1776176147473,1.0,0.0,14403.4833984375,178.88729858398438,0.03964385390281677
1776176147493,1.0,0.0,14405.123046875,179.0061798095703,0.04014486446976662
1776176147513,1.0,0.0,14406.0185546875,179.14942932128906,0.04035366326570511
1776176147533,1.0,0.0,14406.7646484375,179.29733276367188,0.04060450196266174
1776176147553,1.0,0.0,14407.6611328125,179.4210968017578,0.04081390053033829
1776176147573,1.0,0.0,14408.408203125,179.568115234375,0.04106542468070984
1776176147593,1.0,0.0,14410.0537109375,179.71835327148438,0.041526466608047485
1776176147613,1.0,0.0,14410.9521484375,179.84071350097656,0.041777998208999634
1776176147633,1.0,0.0,14411.701171875,179.9759979248047,0.04198797047138214
1776176147653,1.0,0.0,14412.6005859375,180.1171112060547,0.0422401987016201
1776176147673,1.0,0.0,14413.5009765625,180.24342346191406,0.04245037958025932
1776176147693,1.0,0.0,14415.1533203125,180.37850952148438,0.04291324317455292
1776176147713,1.0,0.0,14415.904296875,180.52980041503906,0.04316556081175804
1776176147733,1.0,0.0,14416.806640625,180.6526336669922,0.04337622597813606
1776176147753,1.0,0.0,14417.55859375,180.80264282226562,0.04362883046269417
1776176147773,1.0,0.0,14418.4619140625,180.93807983398438,0.04384009167551994
1776176147793,1.0,0.0,14420.119140625,181.05796813964844,0.04434734210371971
1776176147813,1.0,0.0,14421.0244140625,181.1942596435547,0.04455853998661041
1776176147833,1.0,0.0,14421.779296875,181.33714294433594,0.04481219872832298
1776176147853,1.0,0.0,14422.685546875,181.44583129882812,0.04502448812127113
1776176147873,1.0,0.0,14423.44140625,181.59542846679688,0.04527802765369415
1776176147893,1.0,0.0,14425.10546875,181.74021911621094,0.045744262635707855
1776176147913,1.0,0.0,14426.013671875,181.856689453125,0.04599909111857414
1776176147933,1.0,0.0,14426.9228515625,182.00038146972656,0.04621102660894394
1776176147953,1.0,0.0,14427.6806640625,182.15087890625,0.046466972678899765
1776176147973,1.0,0.0,14428.5908203125,182.26577758789062,0.0466795489192009
1776176147993,1.0,0.0,14430.2607421875,182.3995361328125,0.0471484549343586
1776176148013,1.0,0.0,14431.0205078125,182.54005432128906,0.04740484431385994
1776176148033,1.0,0.0,14431.9326171875,182.65794372558594,0.047618769109249115
1776176148053,1.0,0.0,14432.693359375,182.7943878173828,0.04787459224462509
1776176148073,1.0,0.0,14433.6064453125,182.93702697753906,0.04808831959962845
1776176148093,1.0,0.0,14435.2822265625,183.06126403808594,0.048602014780044556
1776176148113,1.0,0.0,14436.197265625,183.19346618652344,0.048816028982400894
1776176148133,1.0,0.0,14436.9599609375,183.32992553710938,0.04907294362783432
1776176148154,1.0,0.0,14437.8759765625,183.44183349609375,0.049287568777799606
1776176148173,1.0,0.0,14438.6396484375,183.575927734375,0.04954430088400841
1776176148193,1.0,0.0,14440.3212890625,183.71958923339844,0.05001651868224144
1776176148213,1.0,0.0,14441.2392578125,183.8351287841797,0.05027411878108978
1776176148233,1.0,0.0,14442.0048828125,183.97242736816406,0.05048924311995506
1776176148253,1.0,0.0,14442.923828125,184.10577392578125,0.050747137516736984
1776176148273,1.0,0.0,14443.84375,184.23033142089844,0.050962451845407486
1776176148293,1.0,0.0,14445.5322265625,184.37071228027344,0.05143575370311737
1776176148313,1.0,0.0,14446.2998046875,184.5054473876953,0.05169486254453659
1776176148333,1.0,0.0,14447.2216796875,184.62718200683594,0.05191003158688545
1776176148353,1.0,0.0,14447.990234375,184.7628631591797,0.05216874182224274
1776176148373,1.0,0.0,14448.9130859375,184.89181518554688,0.05242843180894852
1776176148393,1.0,0.0,14450.607421875,185.01026916503906,0.05290396511554718
1776176148413,1.0,0.0,14451.5322265625,185.15052795410156,0.05311967805027962
1776176148433,1.0,0.0,14452.3037109375,185.29034423828125,0.053379420191049576
1776176148453,1.0,0.0,14453.2294921875,185.4041290283203,0.05359577015042305
1776176148473,1.0,0.0,14454.001953125,185.54185485839844,0.05385567620396614
1776176148493,1.0,0.0,14455.701171875,185.67312622070312,0.054332684725522995
1776176148513,1.0,0.0,14456.62890625,185.7906036376953,0.05459290370345116
1776176148533,1.0,0.0,14457.5576171875,185.92274475097656,0.054810088127851486
1776176148553,1.0,0.0,14458.33203125,186.0518798828125,0.055070921778678894
1776176148573,1.0,0.0,14459.26171875,186.16867065429688,0.05528866872191429
1776176148593,1.0,0.0,14460.9677734375,186.30783081054688,0.05576614290475845
1776176148613,1.0,0.0,14461.744140625,186.44580078125,0.056027576327323914
1776176148633,1.0,0.0,14462.67578125,186.5618896484375,0.05624588951468468
1776176148653,1.0,0.0,14463.453125,186.6942596435547,0.05650715157389641
1776176148673,1.0,0.0,14464.3857421875,186.82943725585938,0.05676860362291336
1776176148693,1.0,0.0,14466.0966796875,186.94369506835938,0.05724858120083809
1776176148713,1.0,0.0,14467.03125,187.07220458984375,0.0574670173227787
1776176148733,1.0,0.0,14467.810546875,187.1942138671875,0.05772903189063072
1776176148753,1.0,0.0,14468.74609375,187.30807495117188,0.05794811248779297
1776176148773,1.0,0.0,14469.5263671875,187.44467163085938,0.058210257440805435
1776176148793,1.0,0.0,14471.244140625,187.59146118164062,0.05869198217988014
1776176148813,1.0,0.0,14472.181640625,187.71290588378906,0.058955006301403046
1776176148833,1.0,0.0,14473.1201171875,187.85475158691406,0.05917418748140335
1776176148853,1.0,0.0,14473.90234375,187.98289489746094,0.059437502175569534
1776176148873,1.0,0.0,14474.841796875,188.09591674804688,0.05965733155608177
1776176148893,1.0,0.0,14476.5654296875,188.22569274902344,0.060140933841466904
1776176148913,1.0,0.0,14477.349609375,188.35763549804688,0.06040465086698532
1776176148933,1.0,0.0,14478.291015625,188.46987915039062,0.06062484532594681
1776176148953,1.0,0.0,14479.076171875,188.61285400390625,0.060888830572366714
1776176148973,1.0,0.0,14480.0185546875,188.7425537109375,0.06110922992229462
1776176148993,1.0,0.0,14481.748046875,188.84640502929688,0.06163846328854561
1776176149013,1.0,0.0,14482.6923828125,188.9783172607422,0.06185907498002052
1776176149033,1.0,0.0,14483.4794921875,189.11209106445312,0.06212396174669266
1776176149053,1.0,0.0,14484.4248046875,189.23092651367188,0.06234559416770935
1776176149073,1.0,0.0,14485.212890625,189.36279296875,0.06261027604341507
1776176149093,1.0,0.0,14486.9482421875,189.489990234375,0.06309624016284943
1776176149113,1.0,0.0,14487.8955078125,189.61248779296875,0.0633174404501915
1776176149133,1.0,0.0,14488.685546875,189.72628784179688,0.06358249485492706
1776176149153,1.0,0.0,14489.6337890625,189.8520965576172,0.06384855508804321
1776176149173,1.0,0.0,14490.58203125,189.96348571777344,0.06406951695680618
1776176149194,1.0,0.0,14492.322265625,190.09584045410156,0.06455732136964798
1776176149213,1.0,0.0,14493.1142578125,190.23301696777344,0.06482336670160294
1776176149233,1.0,0.0,14494.0654296875,190.3463897705078,0.0650455579161644
1776176149253,1.0,0.0,14494.8583984375,190.4678955078125,0.06531186401844025
1776176149273,1.0,0.0,14495.810546875,190.5980987548828,0.06553293019533157
1776176149293,1.0,0.0,14497.5576171875,190.71324157714844,0.06606710702180862
1776176149313,1.0,0.0,14498.5107421875,190.84877014160156,0.06628928333520889
1776176149333,1.0,0.0,14499.3056640625,190.9795684814453,0.06655685603618622
1776176149353,1.0,0.0,14500.2607421875,191.08995056152344,0.06677912175655365
1776176149374,1.0,0.0,14501.056640625,191.2181854248047,0.06704696267843246
1776176149393,1.0,0.0,14502.8095703125,191.3456268310547,0.06753798574209213
1776176149413,1.0,0.0,14503.765625,191.45628356933594,0.06776111572980881
1776176149433,1.0,0.0,14504.5634765625,191.5892791748047,0.06802883744239807
1776176149453,1.0,0.0,14505.521484375,191.7139129638672,0.06829796731472015
1776176149473,1.0,0.0,14506.4794921875,191.81842041015625,0.06852125376462936
1776176149493,1.0,0.0,14508.2373046875,191.94471740722656,0.06901448220014572
1776176149513,1.0,0.0,14509.037109375,192.07791137695312,0.0692836195230484
1776176149534,1.0,0.0,14509.9970703125,192.18743896484375,0.0695086121559143
1776176149553,1.0,0.0,14510.7978515625,192.30886840820312,0.06977715343236923
1776176149573,1.0,0.0,14511.7587890625,192.439697265625,0.07000192254781723
1776176149593,1.0,0.0,14513.521484375,192.540283203125,0.07054100185632706
1776176149613,1.0,0.0,14514.484375,192.66372680664062,0.07076630741357803
1776176149634,1.0,0.0,14515.287109375,192.7904510498047,0.07103700935840607
1776176149653,1.0,0.0,14516.2509765625,192.9088592529297,0.07126123458147049
1776176149674,1.0,0.0,14517.0546875,193.0304412841797,0.07153163850307465
1776176149693,1.0,0.0,14518.8232421875,193.14501953125,0.07202792912721634
1776176149713,1.0,0.0,14519.7890625,193.25289916992188,0.0722537711262703
1776176149734,1.0,0.0,14520.59375,193.37338256835938,0.07252448052167892
1776176149753,1.0,0.0,14521.560546875,193.50608825683594,0.07279402762651443
1776176149773,1.0,0.0,14522.52734375,193.62786865234375,0.07302054017782211
1776176149793,1.0,0.0,14524.3017578125,193.7527618408203,0.07351959496736526
1776176149813,1.0,0.0,14525.109375,193.86761474609375,0.07379085570573807
1776176149834,1.0,0.0,14526.078125,193.96112060546875,0.07401781529188156
1776176149853,1.0,0.0,14526.8857421875,194.0906982421875,0.07429009675979614
1776176149874,1.0,0.0,14527.85546875,194.22666931152344,0.07451596111059189
1776176149893,1.0,0.0,14529.634765625,194.33116149902344,0.07506132870912552
1776176149913,1.0,0.0,14530.6064453125,194.44821166992188,0.07528907805681229
1776176149934,1.0,0.0,14531.416015625,194.5760955810547,0.07556217908859253
1776176149953,1.0,0.0,14532.388671875,194.68231201171875,0.07579010725021362
1776176149974,1.0,0.0,14533.19921875,194.80662536621094,0.0760626271367073
1776176149993,1.0,0.0,14534.984375,194.9311065673828,0.07656359672546387
1776176150013,1.0,0.0,14535.958984375,195.02627563476562,0.07679232209920883
1776176150034,1.0,0.0,14536.771484375,195.1421661376953,0.07706575840711594
1776176150053,1.0,0.0,14537.7470703125,195.26446533203125,0.07734007388353348
1776176150074,1.0,0.0,14538.72265625,195.3745574951172,0.07756900787353516
1776176150093,1.0,0.0,14540.5126953125,195.49754333496094,0.07807175815105438
1776176150113,1.0,0.0,14541.3271484375,195.62255859375,0.07834607362747192
1776176150134,1.0,0.0,14542.3046875,195.71983337402344,0.07857492566108704
1776176150153,1.0,0.0,14543.1201171875,195.83660888671875,0.07884949445724487
1776176150173,1.0,0.0,14544.0986328125,195.9528350830078,0.07907934486865997
1776176150193,1.0,0.0,14545.8935546875,196.0615692138672,0.07962951064109802
1776176150213,1.0,0.0,14546.8740234375,196.18539428710938,0.07985910028219223
1776176150233,1.0,0.0,14547.69140625,196.30812072753906,0.0801343321800232
1776176150253,1.0,0.0,14548.6728515625,196.41647338867188,0.08036406338214874
1776176150274,1.0,0.0,14549.4912109375,196.5340576171875,0.08063949644565582
1776176150293,1.0,0.0,14551.2919921875,196.6539764404297,0.08114629983901978
1776176150313,1.0,0.0,14552.275390625,196.7576141357422,0.08137596398591995
1776176150336,1.0,0.0,14553.0947265625,196.8956756591797,0.08165259659290314
1776176150353,1.0,0.0,14554.0791015625,196.99630737304688,0.0819292664527893
1776176150376,1.0,0.0,14555.884765625,197.11691284179688,0.08243750035762787
1776176150393,1.0,0.0,14556.8701171875,197.2252960205078,0.08266817778348923
1776176150413,1.0,0.0,14557.69140625,197.34930419921875,0.08294549584388733
1776176150433,1.0,0.0,14558.677734375,197.44850158691406,0.08317630738019943
1776176150453,1.0,0.0,14559.5,197.5477752685547,0.0834541916847229
1776176150473,1.0,0.0,14560.4873046875,197.6637725830078,0.08368635177612305
1776176150493,1.0,0.0,14562.298828125,197.7736053466797,0.08424162864685059
1776176150513,1.0,0.0,14563.2880859375,197.89889526367188,0.08447349816560745
1776176150533,1.0,0.0,14564.1123046875,198.0157012939453,0.08475242555141449
1776176150553,1.0,0.0,14565.1015625,198.1096954345703,0.08498390763998032
1776176150573,1.0,0.0,14565.9267578125,198.21636962890625,0.08526330441236496
1776176150593,1.0,0.0,14567.7431640625,198.33372497558594,0.08577349781990051
1776176150613,1.0,0.0,14568.734375,198.42958068847656,0.08600666373968124
1776176150635,1.0,0.0,14569.560546875,198.55963134765625,0.08628563582897186
1776176150653,1.0,0.0,14570.552734375,198.6684112548828,0.08656501024961472
1776176150673,1.0,0.0,14571.5458984375,198.77210998535156,0.08679725974798203
1776176150693,1.0,0.0,14573.3681640625,198.877685546875,0.08730997145175934
1776176150713,1.0,0.0,14574.1962890625,198.98768615722656,0.08758996427059174
1776176150734,1.0,0.0,14575.1904296875,199.11338806152344,0.08782286196947098
1776176150753,1.0,0.0,14576.01953125,199.21194458007812,0.08810349553823471
1776176150773,1.0,0.0,14577.0146484375,199.32110595703125,0.08838324248790741
1776176150793,1.0,0.0,14578.8408203125,199.41998291015625,0.0888962596654892
1776176150813,1.0,0.0,14579.837890625,199.54022216796875,0.08912946283817291
1776176150834,1.0,0.0,14580.6689453125,199.65147399902344,0.0894097238779068
1776176150853,1.0,0.0,14581.6669921875,199.74871826171875,0.08964302390813828
1776176150873,1.0,0.0,14582.4990234375,199.85977172851562,0.08992349356412888
1776176150893,1.0,0.0,14584.3310546875,199.97097778320312,0.09043742716312408
1776176150913,1.0,0.0,14585.3310546875,200.06295776367188,0.09071757644414902
1776176150934,1.0,0.0,14586.3310546875,200.18443298339844,0.09095179289579391
1776176150953,1.0,0.0,14587.1650390625,200.30068969726562,0.09123455733060837
1776176150973,1.0,0.0,14588.166015625,200.39462280273438,0.0914691686630249
1776176150993,1.0,0.0,14590.0029296875,200.50534057617188,0.09198234230279922
1776176151013,1.0,0.0,14590.837890625,200.624267578125,0.09226390719413757
1776176151034,1.0,0.0,14591.8408203125,200.73033142089844,0.09249734878540039
1776176151053,1.0,0.0,14592.6767578125,200.82615661621094,0.09277898818254471
1776176151075,1.0,0.0,14593.6806640625,200.9303436279297,0.09301449358463287
1776176151093,1.0,0.0,14595.5224609375,201.02407836914062,0.09357734024524689
1776176151113,1.0,0.0,14596.52734375,201.127197265625,0.09381207823753357
1776176151134,1.0,0.0,14597.365234375,201.24839782714844,0.09409427642822266
1776176151153,1.0,0.0,14598.37109375,201.33895874023438,0.09432978183031082
1776176151173,1.0,0.0,14599.2099609375,201.45811462402344,0.09461154788732529
1776176151193,1.0,0.0,14601.056640625,201.56617736816406,0.09512985497713089
1776176151213,1.0,0.0,14602.064453125,201.65391540527344,0.09536570310592651
1776176151234,1.0,0.0,14602.904296875,201.76612854003906,0.095648393034935
1776176151253,1.0,0.0,14603.9130859375,201.87948608398438,0.09593074023723602
1776176151273,1.0,0.0,14604.921875,201.97679138183594,0.09616660326719284
1776176151294,1.0,0.0,14606.7724609375,202.08102416992188,0.0966857299208641
1776176151316,1.0,0.0,14607.6142578125,202.2012176513672,0.0969698578119278
1776176151334,1.0,0.0,14608.625,202.28758239746094,0.09720615297555923
1776176151353,1.0,0.0,14609.4677734375,202.3748016357422,0.09748894721269608
1776176151373,1.0,0.0,14610.4794921875,202.48915100097656,0.0977257564663887
1776176151393,1.0,0.0,14612.3349609375,202.5925750732422,0.09829379618167877
1776176151414,1.0,0.0,14613.34765625,202.70538330078125,0.09852981567382812
1776176151433,1.0,0.0,14614.1923828125,202.81163024902344,0.0988142266869545
1776176151453,1.0,0.0,14615.2060546875,202.8941650390625,0.0990510955452919
1776176151473,1.0,0.0,14616.05078125,202.99488830566406,0.09933571517467499
1776176151493,1.0,0.0,14617.9111328125,203.11199951171875,0.09985693544149399
1776176151513,1.0,0.0,14618.9267578125,203.2138214111328,0.10009432584047318
1776176151534,1.0,0.0,14619.7734375,203.3216094970703,0.10037897527217865
1776176151554,1.0,0.0,14620.7900390625,203.42234802246094,0.10066361725330353
1776176151573,1.0,0.0,14621.806640625,203.52169799804688,0.10090070217847824
1776176151593,1.0,0.0,14623.671875,203.6330108642578,0.10142293572425842
1776176151613,1.0,0.0,14624.5205078125,203.73439025878906,0.10170924663543701
1776176151635,1.0,0.0,14625.5390625,203.8423614501953,0.10194658488035202
1776176151653,1.0,0.0,14626.3876953125,203.93881225585938,0.10223261266946793
1776176151673,1.0,0.0,14627.4072265625,204.0497589111328,0.10251760482788086
1776176151693,1.0,0.0,14629.27734375,204.13241577148438,0.10304155200719833
1776176151713,1.0,0.0,14630.2978515625,204.2361297607422,0.10328125208616257
1776176151733,1.0,0.0,14631.1484375,204.34844970703125,0.10356684774160385
1776176151753,1.0,0.0,14632.169921875,204.44473266601562,0.10380470752716064
1776176151773,1.0,0.0,14633.021484375,204.555419921875,0.10409034788608551
1776176151793,1.0,0.0,14634.896484375,204.6457977294922,0.10461574047803879
1776176151813,1.0,0.0,14635.9189453125,204.72743225097656,0.1048540249466896
1776176151834,1.0,0.0,14636.771484375,204.83993530273438,0.1051410436630249
1776176151853,1.0,0.0,14637.794921875,204.96632385253906,0.1054285317659378
1776176151873,1.0,0.0,14638.8193359375,205.0542755126953,0.10566752403974533
1776176151893,1.0,0.0,14640.69921875,205.1534881591797,0.10619552433490753
1776176151913,1.0,0.0,14641.5537109375,205.24778747558594,0.10648329555988312
1776176151934,1.0,0.0,14642.580078125,205.353515625,0.10672333091497421
1776176151953,1.0,0.0,14643.435546875,205.45472717285156,0.10701172798871994
1776176151976,1.0,0.0,14645.490234375,205.57064819335938,0.10753991454839706
1776176151993,1.0,0.0,14646.3466796875,205.67298889160156,0.10782866925001144
1776176152013,1.0,0.0,14647.375,205.77288818359375,0.10806866735219955
1776176152034,1.0,0.0,14648.232421875,205.86526489257812,0.10835760086774826
1776176152053,1.0,0.0,14649.26171875,205.95144653320312,0.108598493039608
1776176152073,1.0,0.0,14650.119140625,206.0612030029297,0.10888686776161194
1776176152093,1.0,0.0,14652.0078125,206.17323303222656,0.1094173938035965
1776176152113,1.0,0.0,14653.0380859375,206.27084350585938,0.10965829342603683
1776176152134,1.0,0.0,14653.8974609375,206.37612915039062,0.10994726419448853
1776176152153,1.0,0.0,14654.9287109375,206.47824096679688,0.1102372333407402
1776176152173,1.0,0.0,14655.9609375,206.56594848632812,0.11047835648059845
1776176152193,1.0,0.0,14657.8544921875,206.665283203125,0.11100861430168152
1776176152213,1.0,0.0,14658.7158203125,206.77635192871094,0.11129845678806305
1776176152234,1.0,0.0,14659.7490234375,206.8807373046875,0.11153962463140488
1776176152253,1.0,0.0,14660.6103515625,206.96742248535156,0.11182998865842819
1776176152273,1.0,0.0,14661.64453125,207.07162475585938,0.11212041229009628
1776176152293,1.0,0.0,14663.5419921875,207.16212463378906,0.1126520112156868
1776176152313,1.0,0.0,14664.578125,207.25596618652344,0.11289379000663757
1776176152334,1.0,0.0,14665.44140625,207.35145568847656,0.11318441480398178
1776176152353,1.0,0.0,14666.4775390625,207.43157958984375,0.11342684179544449
1776176152373,1.0,0.0,14667.341796875,207.53724670410156,0.11371688544750214
1776176152393,1.0,0.0,14669.2431640625,207.64503479003906,0.11424940824508667
1776176152413,1.0,0.0,14670.28125,207.73614501953125,0.11449240148067474
1776176152433,1.0,0.0,14671.146484375,207.846435546875,0.11478287726640701
1776176152453,1.0,0.0,14672.185546875,207.943603515625,0.11507640779018402
1776176152473,1.0,0.0,14673.224609375,208.0177764892578,0.11531881988048553
1776176152493,1.0,0.0,14675.130859375,208.11390686035156,0.11585026234388351
1776176152513,1.0,0.0,14675.998046875,208.22320556640625,0.1161426305770874
1776176152534,1.0,0.0,14677.0390625,208.31719970703125,0.11638535559177399
1776176152553,1.0,0.0,14677.9072265625,208.4219207763672,0.11667725443840027
1776176152573,1.0,0.0,14678.94921875,208.50802612304688,0.11696969717741013
1776176152593,1.0,0.0,14680.859375,208.578125,0.11750482767820358
1776176152613,1.0,0.0,14681.90234375,208.68344116210938,0.11774830520153046
1776176152634,1.0,0.0,14682.771484375,208.786376953125,0.11804038286209106
1776176152653,1.0,0.0,14683.8154296875,208.88023376464844,0.1182849183678627
1776176152673,1.0,0.0,14684.685546875,208.9872283935547,0.11857699602842331
1776176152693,1.0,0.0,14686.6015625,209.08944702148438,0.11911379545927048
1776176152713,1.0,0.0,14687.646484375,209.1691131591797,0.11935801804065704
1776176152733,1.0,0.0,14688.517578125,209.2756805419922,0.11965138465166092
1776176152753,1.0,0.0,14689.5634765625,209.38275146484375,0.11994461715221405
1776176152773,1.0,0.0,14690.6103515625,209.46852111816406,0.12018826603889465
1776176152793,1.0,0.0,14692.529296875,209.551513671875,0.12072697281837463
1776176152813,1.0,0.0,14693.40234375,209.64755249023438,0.1210206001996994
1776176152834,1.0,0.0,14694.4501953125,209.74281311035156,0.12126552313566208
1776176152853,1.0,0.0,14695.32421875,209.83604431152344,0.12155935168266296
1776176152873,1.0,0.0,14696.373046875,209.9505615234375,0.12185327708721161
1776176152893,1.0,0.0,14698.296875,210.04177856445312,0.12239289283752441
1776176152913,1.0,0.0,14699.3466796875,210.12498474121094,0.1226375550031662
1776176152934,1.0,0.0,14700.2216796875,210.2051544189453,0.1229325383901596
1776176152953,1.0,0.0,14701.2724609375,210.27462768554688,0.12317752093076706
1776176152973,1.0,0.0,14702.1484375,210.37857055664062,0.12347172200679779
1776176152993,1.0,0.0,14704.0751953125,210.49093627929688,0.1240127682685852
1776176153013,1.0,0.0,14705.1279296875,210.58302307128906,0.12425857037305832
1776176153034,1.0,0.0,14706.0048828125,210.69540405273438,0.12455365806818008
1776176153053,1.0,0.0,14707.05859375,210.80838012695312,0.12484877556562424
1776176153073,1.0,0.0,14708.1123046875,210.89627075195312,0.12509511411190033
1776176153093,1.0,0.0,14710.0458984375,210.98695373535156,0.12562571465969086
1776176153113,1.0,0.0,14710.9248046875,211.06625366210938,0.1259332001209259
1776176153134,1.0,0.0,14711.9794921875,211.146728515625,0.1261785924434662
1776176153153,1.0,0.0,14712.859375,211.2601318359375,0.12647472321987152
1776176153173,1.0,0.0,14713.9150390625,211.35751342773438,0.12677060067653656
1776176153193,1.0,0.0,14715.8525390625,211.437255859375,0.12731337547302246
1776176153213,1.0,0.0,14716.9091796875,211.5299530029297,0.127560555934906
1776176153234,1.0,0.0,14717.7900390625,211.62745666503906,0.12785734236240387
1776176153253,1.0,0.0,14718.84765625,211.71360778808594,0.12810452282428741
1776176153273,1.0,0.0,14719.7294921875,211.81121826171875,0.12840081751346588
1776176153293,1.0,0.0,14721.6708984375,211.90504455566406,0.12894505262374878
1776176153313,1.0,0.0,14722.73046875,211.96728515625,0.12919235229492188
1776176153334,1.0,0.0,14723.61328125,212.04501342773438,0.12948933243751526
1776176153353,1.0,0.0,14724.6728515625,212.12977600097656,0.12978659570217133
1776176153374,1.0,0.0,14725.7333984375,212.20956420898438,0.1300346851348877
1776176153393,0.9452999830245972,0.0,14727.677734375,212.3142547607422,0.13058023154735565
1776176153413,0.6640499830245972,0.0,14728.5625,212.4125213623047,0.13087786734104156
1776176153434,0.20235002040863037,0.0,14729.6240234375,212.46420288085938,0.1311255842447281
1776176153453,0.0,0.0,14730.5087890625,212.43824768066406,0.1314232051372528
1776176153473,0.0,0.0,14731.5712890625,212.3560791015625,0.1316714733839035
1776176153493,0.0,0.0,14733.517578125,212.2706756591797,0.13226693868637085
1776176153513,0.0,0.0,14734.5791015625,212.1658172607422,0.1325148195028305
1776176153534,0.0,0.0,14735.462890625,212.06289672851562,0.1328127086162567
1776176153553,0.0,0.0,14736.5234375,211.9684295654297,0.13306017220020294
1776176153573,0.0,0.0,14737.40625,211.85560607910156,0.13335756957530975
1776176153593,0.0,0.001185735920444131,14739.3486328125,211.73782348632812,0.13390220701694489
1776176153613,0.0,0.24967923760414124,14740.4072265625,211.63478088378906,0.1341487616300583
1776176153634,0.0,1.0,14741.2890625,211.2496795654297,0.13444581627845764
1776176153653,0.0,1.0,14742.3466796875,210.56317138671875,0.13474160432815552
1776176153673,0.0,1.0,14743.4013671875,209.87008666992188,0.13498689234256744
1776176153693,0.0,1.0,14745.3271484375,209.01260375976562,0.13552652299404144
1776176153713,0.0,1.0,14746.1982421875,208.05752563476562,0.13581876456737518
1776176153733,0.0,1.0,14747.2392578125,207.25489807128906,0.13606181740760803
1776176153753,0.0,1.0,14748.103515625,206.29193115234375,0.1363539695739746
1776176153774,0.0,1.0,14749.1376953125,205.36468505859375,0.13664278388023376
1776176153793,0.0,1.0,14751.0224609375,204.60203552246094,0.1371682584285736
1776176153813,0.0,1.0,14752.044921875,203.72067260742188,0.1374066323041916
1776176153834,0.0,1.0,14752.89453125,202.85333251953125,0.137691468000412
1776176153853,0.0,1.0,14753.91015625,202.0641326904297,0.1379288285970688
1776176153873,0.0,1.0,14754.75390625,201.2019805908203,0.13821198046207428
1776176153893,0.0,1.0,14756.6025390625,200.34872436523438,0.13872814178466797
1776176153913,0.0,1.0,14757.60546875,199.60443115234375,0.13896138966083527
1776176153934,0.0,1.0,14758.4384765625,198.77235412597656,0.13924071192741394
1776176153953,0.0,1.0,14759.435546875,197.96237182617188,0.13951951265335083
1776176153973,0.0,1.0,14760.4287109375,197.21609497070312,0.13975045084953308
1776176153993,0.0,1.0,14762.2412109375,196.28831481933594,0.14025670289993286
1776176154013,0.0,1.0,14763.060546875,195.314453125,0.14053109288215637
1776176154034,0.0,1.0,14764.0400390625,194.5040283203125,0.1407591700553894
1776176154053,0.0,1.0,14764.853515625,193.6320343017578,0.14103133976459503
1776176154073,0.0,1.0,14765.8251953125,192.77682495117188,0.14125771820545197
1776176154093,0.0,1.0,14767.5966796875,192.1096954345703,0.14179891347885132
1776176154113,0.0,1.0,14768.5576171875,191.32725524902344,0.14202193915843964
1776176154133,0.0,1.0,14769.3564453125,190.56643676757812,0.1422894448041916
1776176154153,0.0,1.0,14770.3115234375,189.8987274169922,0.1425120085477829
1776176154173,0.0,1.0,14771.1044921875,189.1297607421875,0.14277715981006622
1776176154193,0.0,1.0,14772.841796875,188.38917541503906,0.14326350390911102
1776176154213,0.0,1.0,14773.78515625,187.740478515625,0.1434832513332367
1776176154233,0.0,1.0,14774.568359375,186.99583435058594,0.14374592900276184
1776176154253,0.0,1.0,14775.505859375,186.27847290039062,0.14400756359100342
1776176154273,0.0,1.0,14776.439453125,185.6428680419922,0.1442258059978485
1776176154293,0.0,1.0,14777.9892578125,184.86607360839844,0.14470265805721283
1776176154313,0.0,1.0,14778.9150390625,184.05331420898438,0.14496108889579773
1776176154334,0.0,1.0,14779.8369140625,183.3081817626953,0.14517533779144287
1776176154353,0.0,1.0,14780.6025390625,182.43556213378906,0.1454322785139084
1776176154373,0.0,1.0,14781.517578125,181.5556640625,0.14568789303302765
1776176154393,0.0,1.0,14783.1865234375,180.82192993164062,0.14615339040756226
1776176154413,0.0,1.0,14784.091796875,179.94488525390625,0.14636462926864624
1776176154433,0.0,1.0,14784.8427734375,179.043212890625,0.146616593003273
1776176154453,0.0,1.0,14785.740234375,178.29534912109375,0.1468261033296585
1776176154473,0.0,1.0,14786.4853515625,177.404541015625,0.14707724750041962
1776176154493,0.0,1.0,14788.115234375,176.50450134277344,0.1475316286087036
1776176154513,0.0,1.0,14788.9990234375,175.77239990234375,0.14777779579162598
1776176154535,0.0,1.0,14789.87890625,174.75169372558594,0.14798247814178467
1776176154553,0.0,1.0,14790.609375,174.0104522705078,0.14822854101657867
1776176154573,0.0,1.0,14791.482421875,173.32528686523438,0.14843212068080902
1776176154593,0.0,1.0,14793.07421875,172.52328491210938,0.1488761454820633
1776176154613,0.0,1.0,14793.7939453125,171.7469940185547,0.14911723136901855
1776176154633,0.0,1.0,14794.654296875,171.11383056640625,0.149317666888237
1776176154653,0.0,1.0,14795.369140625,170.3596649169922,0.14955784380435944
1776176154673,0.0,1.0,14796.2236328125,169.62457275390625,0.14979737997055054
1776176154693,0.0,1.0,14797.7822265625,168.97601318359375,0.1502322107553482
1776176154713,0.0,1.0,14798.6279296875,168.14166259765625,0.15042977035045624
1776176154733,0.0,1.0,14799.330078125,167.2623291015625,0.15066464245319366
1776176154753,0.0,1.0,14800.1689453125,166.49234008789062,0.15086022019386292
1776176154774,0.0,1.0,14800.865234375,165.63433837890625,0.15109317004680634
1776176154793,0.0,1.0,14802.3876953125,164.81195068359375,0.15151821076869965
1776176154813,0.0,1.0,14803.212890625,164.10064697265625,0.1517481803894043
1776176154834,0.0,1.0,14804.0341796875,163.29290771484375,0.15194039046764374
1776176154853,0.0,1.0,14804.7158203125,162.41270446777344,0.15216825902462006
1776176154874,0.0,1.0,14805.53125,161.67581176757812,0.15235835313796997
1776176154893,0.0,1.0,14807.0166015625,160.74266052246094,0.15277311205863953
1776176154913,0.0,1.0,14807.6875,159.80006408691406,0.15299811959266663
1776176154933,0.0,1.0,14808.48828125,159.00762939453125,0.1531842201948166
1776176154953,0.0,1.0,14809.1533203125,158.0531463623047,0.15340717136859894
1776176154973,0.0,1.0,14809.947265625,157.1430206298828,0.15362855792045593
1776176154993,0.0,1.0,14811.392578125,156.36322021484375,0.1540326476097107
1776176155013,0.0,1.0,14812.17578125,155.3822021484375,0.15421463549137115
1776176155033,0.0,1.0,14812.8251953125,154.443359375,0.15443207323551178
1776176155053,0.0,1.0,14813.6005859375,153.66653442382812,0.15461182594299316
1776176155073,0.0,1.0,14814.2431640625,152.74459838867188,0.15482693910598755
1776176155093,0.0,1.0,14815.6484375,151.80043029785156,0.1552186906337738
1776176155113,0.0,1.0,14816.4091796875,151.06112670898438,0.15543082356452942
1776176155134,0.0,1.0,14817.166015625,150.23265075683594,0.1556069552898407
1776176155153,0.0,1.0,14817.7939453125,149.3623809814453,0.15581730008125305
1776176155173,0.0,1.0,14818.5439453125,148.68821716308594,0.15599185228347778
1776176155193,0.0,1.0,14819.91015625,147.90484619140625,0.1563727855682373
1776176155213,0.0,1.0,14820.52734375,147.0643768310547,0.15657949447631836
1776176155234,0.0,1.0,14821.2646484375,146.2444305419922,0.15675172209739685
1776176155253,0.0,1.0,14821.8759765625,145.54550170898438,0.15695734322071075
1776176155273,0.0,1.0,14822.6064453125,144.68443298339844,0.15715470910072327
1776176155293,0.0,1.0,14823.9375,143.93154907226562,0.15753169357776642
1776176155313,0.0,1.0,14824.658203125,143.10195922851562,0.15769881010055542
1776176155334,0.0,1.0,14825.255859375,142.27581787109375,0.15789908170700073
1776176155353,0.0,1.0,14825.9697265625,141.55923461914062,0.15806519985198975
1776176155373,0.0,1.0,14826.5615234375,140.72412109375,0.15826363861560822
1776176155393,0.0,1.0,14827.85546875,139.9248809814453,0.15862485766410828
1776176155413,0.0,1.0,14828.5556640625,139.23561096191406,0.15882033109664917
1776176155435,0.0,1.0,14829.13671875,138.39352416992188,0.15898238122463226
1776176155453,0.0,1.0,14829.8310546875,137.51654052734375,0.15917633473873138
1776176155473,0.0,1.0,14830.521484375,136.7817840576172,0.1593373715877533
1776176155493,0.0,1.0,14831.7783203125,135.90817260742188,0.15968815982341766
1776176155513,0.0,1.0,14832.345703125,134.9853057861328,0.15987859666347504
1776176155534,0.0,1.0,14833.0224609375,134.2019500732422,0.1600358933210373
1776176155553,0.0,1.0,14833.583984375,133.2523956298828,0.1602235734462738
1776176155573,0.0,1.0,14834.25390625,132.33811950683594,0.16041028499603271
1776176155593,0.0,1.0,14835.4716796875,131.59205627441406,0.16075052320957184
1776176155613,0.0,1.0,14836.130859375,130.76869201660156,0.1609034687280655
1776176155634,0.0,1.0,14836.6767578125,129.92935180664062,0.16108644008636475
1776176155653,0.0,1.0,14837.3291015625,129.2029571533203,0.16123858094215393
1776176155673,0.0,1.0,14837.8701171875,128.32470703125,0.16141924262046814
1776176155693,0.0,1.0,14839.05078125,127.47746276855469,0.1617487072944641
1776176155713,0.0,1.0,14839.689453125,126.75043487548828,0.1618969887495041
1776176155734,0.0,1.0,14840.21875,125.88301849365234,0.16207391023635864
1776176155753,0.0,1.0,14840.8515625,124.94544982910156,0.1622508466243744
1776176155773,0.0,1.0,14841.48046875,124.1753158569336,0.16239705681800842
1776176155793,0.0,1.0,14842.6220703125,123.32792663574219,0.16271577775478363
1776176155813,0.0,1.0,14843.13671875,122.45133209228516,0.16288714110851288
1776176155834,0.0,1.0,14843.7509765625,121.53262329101562,0.16303060948848724
1776176155853,0.0,1.0,14844.259765625,120.75849914550781,0.1632014513015747
1776176155873,0.0,1.0,14844.8671875,119.87210083007812,0.16337129473686218
1776176155893,0.0,1.0,14845.970703125,119.02631378173828,0.16367922723293304
1776176155913,0.0,1.0,14846.5673828125,118.10791015625,0.163816899061203
1776176155934,0.0,1.0,14847.0615234375,117.22481536865234,0.16398176550865173
1776176155953,0.0,1.0,14847.650390625,116.4598388671875,0.16411881148815155
1776176155974,0.0,1.0,14848.138671875,115.63858795166016,0.16428177058696747
1776176155993,0.0,1.0,14849.203125,114.82073211669922,0.1645786464214325
1776176156013,0.0,1.0,14849.7783203125,114.14454650878906,0.16473937034606934
1776176156034,0.0,1.0,14850.3505859375,113.38907623291016,0.16487246751785278
1776176156053,0.0,1.0,14850.82421875,112.66549682617188,0.16503068804740906
1776176156074,0.0,1.0,14851.3896484375,112.0422592163086,0.16516323387622833
1776176156093,0.0,0.9567133188247681,14852.4189453125,111.26073455810547,0.16545093059539795
1776176156113,0.0,0.9284524321556091,14852.8828125,110.46309661865234,0.1656058430671692
1776176156134,0.0,0.9284524321556091,14853.4365234375,109.626953125,0.16573473811149597
1776176156153,0.0,0.9284524321556091,14853.8955078125,108.83765411376953,0.165888249874115
1776176156173,0.0,0.9146422147750854,14854.443359375,107.92002868652344,0.1660413295030594
1776176156193,0.0,0.8874748349189758,14855.4375,107.1086196899414,0.1663176268339157
1776176156213,0.0,0.8347579836845398,14855.974609375,106.18014526367188,0.16644252836704254
1776176156234,0.0,0.8093602657318115,14856.4189453125,105.25950622558594,0.16659188270568848
1776176156253,0.0,0.7845343947410583,14856.9482421875,104.51441192626953,0.16671496629714966
1776176156273,0.0,0.7247689962387085,14857.38671875,103.66920471191406,0.16686199605464935
1776176156293,0.0,0.6906412839889526,14858.341796875,102.89725494384766,0.16712839901447296
1776176156313,0.0,0.6795321106910706,14858.857421875,102.2984619140625,0.16727174818515778
1776176156333,0.0,0.6468548774719238,14859.28515625,101.63562774658203,0.16739048063755035
1776176156353,0.0,0.605271577835083,14859.7958984375,101.01398468017578,0.16753290593624115
1776176156374,0.0,0.5187981128692627,14860.3037109375,100.51248931884766,0.16765093803405762
1776176156393,0.0,0.410310834646225,14861.2275390625,100.00358581542969,0.16790969669818878
1776176156413,0.0,0.36630862951278687,14861.6455078125,99.57864379882812,0.1680498719215393
1776176156434,0.0,0.325955867767334,14862.14453125,99.25695037841797,0.16816593706607819
1776176156453,0.0,0.30085572600364685,14862.5595703125,98.9186782836914,0.16830594837665558
1776176156473,0.0,0.2772776782512665,14863.0556640625,98.60187530517578,0.16844463348388672
1776176156493,0.0,0.26043614745140076,14863.9619140625,98.35572052001953,0.16869811713695526
1776176156513,0.0,0.2948283851146698,14864.4541015625,98.07792663574219,0.16881413757801056
1776176156534,0.0,0.3131811320781708,14864.86328125,97.77720642089844,0.1689518839120865
1776176156553,0.0,0.325955867767334,14865.353515625,97.50820922851562,0.1690656840801239
1776176156573,0.0,0.3593418002128601,14865.7607421875,97.18208312988281,0.16920273005962372
1776176156593,0.0,0.4833733141422272,14866.6533203125,96.81324768066406,0.16945381462574005
1776176156613,0.0,0.6795321106910706,14867.1376953125,96.40229797363281,0.16958914697170258
1776176156633,0.0,0.8741154074668884,14867.6201171875,95.7649917602539,0.16970230638980865
1776176156653,0.0,1.0,14868.0205078125,95.0208969116211,0.16983623802661896
1776176156673,0.0,1.0,14868.498046875,94.36853790283203,0.16994811594486237
1776176156693,0.0,1.0,14869.365234375,93.58651733398438,0.17019034922122955
1776176156713,0.0,1.0,14869.7548828125,92.7700424194336,0.17032210528850555
1776176156734,0.0,1.0,14870.2197265625,92.05889129638672,0.17043162882328033
1776176156753,0.0,1.0,14870.6044921875,91.17355346679688,0.1705593764781952
1776176156773,0.0,1.0,14871.0625,90.3255615234375,0.17068837583065033
1776176156793,0.0,1.0,14871.8935546875,89.5210952758789,0.17092092335224152
1776176156813,0.0,1.0,14872.341796875,88.56865692138672,0.1710255891084671
1776176156833,0.0,1.0,14872.7119140625,87.64305877685547,0.17114965617656708
1776176156853,0.0,1.0,14873.15234375,86.86318969726562,0.17125220596790314
1776176156873,0.0,1.0,14873.5166015625,85.95613861083984,0.17137426137924194
1776176156893,0.0,1.0,14874.30859375,85.07177734375,0.17159661650657654
1776176156913,0.0,1.0,14874.736328125,84.32049560546875,0.17171445488929749
1776176156934,0.0,1.0,14875.08984375,83.41291046142578,0.17181433737277985
1776176156953,0.0,1.0,14875.5107421875,82.53455352783203,0.1719311624765396
1776176156973,0.0,1.0,14875.927734375,81.81925964355469,0.1720280945301056
1776176156993,0.0,1.0,14876.6826171875,81.0367660522461,0.17223893105983734
1776176157013,0.0,1.0,14877.021484375,80.30213165283203,0.17235250771045685
1776176157033,0.0,1.0,14877.4248046875,79.64376068115234,0.17244647443294525
1776176157053,0.0,1.0,14877.7587890625,78.91680145263672,0.17255839705467224
1776176157073,0.0,1.0,14878.15625,78.20255279541016,0.17266912758350372
1776176157093,0.0,1.0,14878.876953125,77.54894256591797,0.17287161946296692
1776176157113,0.0,1.0,14879.265625,76.8537826538086,0.1729615181684494
1776176157135,0.0,1.0,14879.5869140625,76.12569427490234,0.17306946218013763
1776176157153,0.0,1.0,14879.9697265625,75.42129516601562,0.17315873503684998
1776176157173,0.0,1.0,14880.2861328125,74.71224212646484,0.17326435446739197
1776176157193,0.0,1.0,14880.974609375,73.93023681640625,0.1734551638364792
1776176157213,0.0,1.0,14881.345703125,73.22891235351562,0.17355838418006897
1776176157235,0.0,1.0,14881.712890625,72.44275665283203,0.17364338040351868
1776176157253,0.0,1.0,14882.0166015625,71.63803100585938,0.17374452948570251
1776176157274,0.0,1.0,14882.3779296875,70.91411590576172,0.1738278567790985
1776176157293,0.0,1.0,14883.03125,70.12031555175781,0.1740080863237381
1776176157313,0.0,1.0,14883.32421875,69.43134307861328,0.17410516738891602
1776176157335,0.0,1.0,14883.6728515625,68.7085952758789,0.17418494820594788
1776176157353,0.0,1.0,14883.9619140625,68.0656509399414,0.1742807775735855
1776176157373,0.0,1.0,14884.3056640625,67.349365234375,0.1743745058774948
1776176157393,0.0,1.0,14884.927734375,66.74513244628906,0.17454518377780914
1776176157413,0.0,1.0,14885.2626953125,66.07292938232422,0.1746213287115097
1776176157434,0.0,1.0,14885.5390625,65.39543151855469,0.17471252381801605
1776176157453,0.0,1.0,14885.8681640625,64.7879409790039,0.17478643357753754
1776176157473,0.0,1.0,14886.140625,64.11032104492188,0.1748761236667633
1776176157493,0.0,1.0,14886.732421875,63.46974563598633,0.17503681778907776
1776176157513,0.0,1.0,14887.05078125,62.91585159301758,0.17512360215187073
1776176157534,0.0,1.0,14887.314453125,62.3311653137207,0.1751941293478012
1776176157553,0.0,1.0,14887.6279296875,61.696346282958984,0.17527857422828674
1776176157574,0.0,1.0,14887.9384765625,61.20570373535156,0.1753494143486023
1776176157593,0.0,1.0,14888.4501953125,60.52547836303711,0.17550097405910492
1776176157613,0.0,1.0,14888.75390625,59.835975646972656,0.1755821704864502
1776176157633,0.0,1.0,14889.0546875,59.39020538330078,0.17565026879310608
1776176157653,0.0,1.0,14889.3037109375,58.77978515625,0.17573057115077972
1776176157673,0.0,1.0,14889.599609375,58.176849365234375,0.1758096069097519
1776176157694,0.0,1.0,14890.13671875,57.66809844970703,0.17595213651657104
1776176157713,0.0,1.0,14890.42578125,57.15534591674805,0.17601707577705383
1776176157734,0.0,0.9146422147750854,14890.6650390625,56.48834991455078,0.1760929822921753
1776176157753,0.0,0.7602721452713013,14890.9501953125,56.02275848388672,0.1761559695005417
1776176157773,0.0,0.605271577835083,14891.185546875,55.44060516357422,0.17623020708560944
1776176157793,0.0,0.4027373194694519,14891.697265625,54.894901275634766,0.1763661652803421
1776176157813,0.0,0.28304019570350647,14891.97265625,54.542301177978516,0.17642822861671448
1776176157834,0.0,0.1748504638671875,14892.2001953125,54.16805648803711,0.17650064826011658
1776176157853,0.0,0.12104549258947372,14892.47265625,53.892723083496094,0.17657223343849182
1776176157873,0.0,0.08526267111301422,14892.7431640625,53.70802688598633,0.17663224041461945
1776176157893,0.0,0.07381204515695572,14893.236328125,53.527530670166016,0.17676383256912231
1776176157913,0.0,0.0633588433265686,14893.4599609375,53.36794662475586,0.17683251202106476
1776176157935,0.0,0.047383863478899,14893.7275390625,53.220794677734375,0.17689266800880432
1776176157953,0.0,0.03585813567042351,14893.9501953125,53.10472106933594,0.17696352303028107
1776176157973,0.0,0.014670299366116524,14894.216796875,52.9787483215332,0.17702214419841766
1776176157994,0.0,0.001958739012479782,14894.7041015625,52.88694381713867,0.177161306142807
1776176158013,0.0,0.0,14894.96875,52.79094696044922,0.17721951007843018
1776176158034,0.0,0.0,14895.189453125,52.700286865234375,0.17728979885578156
1776176158053,0.0,0.0,14895.4541015625,52.62405014038086,0.17734672129154205
1776176158073,0.0,0.0,14895.673828125,52.533267974853516,0.17741617560386658
1776176158093,0.0,0.0,14896.15625,52.44121551513672,0.17754213511943817
1776176158113,0.0,0.0,14896.4189453125,52.36469650268555,0.17760029435157776
1776176158134,0.0,0.0,14896.63671875,52.27814865112305,0.17767059803009033
1776176158153,0.0,0.0,14896.8984375,52.189449310302734,0.17773641645908356
1776176158173,0.0,0.0,14897.1591796875,52.10639572143555,0.17779327929019928
1776176158193,0.0,0.0,14897.6357421875,51.999263763427734,0.1779194474220276
1776176158213,0.11904999613761902,0.0,14897.8515625,51.882686614990234,0.17798709869384766
1776176158234,0.23410001397132874,0.0,14898.1103515625,51.79695510864258,0.17804354429244995
1776176158253,0.32534998655319214,0.0,14898.326171875,51.712642669677734,0.17811203002929688
1776176158273,0.3452000021934509,0.0,14898.583984375,51.63802719116211,0.17816855013370514
1776176158293,0.3372499942779541,0.0,14899.056640625,51.58153533935547,0.17830276489257812
1776176158313,0.31744998693466187,0.0,14899.314453125,51.51864242553711,0.17835834622383118
1776176158334,0.27775001525878906,0.0,14899.529296875,51.459651947021484,0.17842420935630798
1776176158353,0.24994999170303345,0.0,14899.7861328125,51.42475509643555,0.17848144471645355
1776176158373,0.21825000643730164,0.0,14900.0,51.38369369506836,0.17854730784893036
1776176158393,0.20634999871253967,0.0,14900.470703125,51.32682418823242,0.17867179214954376
1776176158413,0.20634999871253967,0.0,14900.7275390625,51.26671600341797,0.17872795462608337
1776176158433,0.22220000624656677,0.0,14900.94140625,51.19617462158203,0.17879459261894226
1776176158453,0.2459999918937683,0.0,14901.197265625,51.131717681884766,0.1788587123155594
1776176158473,0.26980000734329224,0.0,14901.453125,51.07863235473633,0.17891529202461243
1776176158494,0.29360002279281616,0.0,14901.921875,51.02127456665039,0.17903798818588257
1776176158513,0.31744998693466187,0.0,14902.134765625,50.982421875,0.17910197377204895
1776176158534,0.3372499942779541,0.0,14902.3896484375,50.954994201660156,0.1791568100452423
1776176158554,0.3412500023841858,0.0,14902.6015625,50.913387298583984,0.17922411859035492
1776176158573,0.3372499942779541,0.0,14902.8564453125,50.88011932373047,0.17928935587406158
1776176158593,0.32934999465942383,0.0,14903.322265625,50.887760162353516,0.17941267788410187
1776176158613,0.31744998693466187,0.0,14903.576171875,50.90105438232422,0.17946834862232208
1776176158635,0.30550000071525574,0.0,14903.7880859375,50.88433074951172,0.17953598499298096
1776176158653,0.289650022983551,0.0,14904.0419921875,50.84755325317383,0.1795908361673355
1776176158673,0.2738000154495239,0.0,14904.25390625,50.79194259643555,0.1796588897705078
1776176158693,0.25394999980926514,0.0,14904.71875,50.727264404296875,0.1797793060541153
1776176158714,0.2301500141620636,0.0,14904.9716796875,50.659271240234375,0.1798347532749176
1776176158736,0.2102999985218048,0.0,14905.1826171875,50.59077453613281,0.17990228533744812
1776176158755,0.19840002059936523,0.0,14905.435546875,50.53265380859375,0.1799677312374115
1776176158775,0.18650001287460327,0.0,14905.8984375,50.469482421875,0.18008853495121002
1776176158793,0.18250000476837158,0.0,14906.150390625,50.42087936401367,0.1801460087299347
1776176158813,0.17855000495910645,0.0,14906.3603515625,50.36212158203125,0.18020851910114288
1776176158834,0.17855000495910645,0.0,14906.6123046875,50.301029205322266,0.18026630580425262
1776176158854,0.18250000476837158,0.0,14906.822265625,50.24679946899414,0.1803312450647354
1776176158873,0.18650001287460327,0.0,14907.0732421875,50.186702728271484,0.18039575219154358
1776176158893,0.1904500126838684,0.0,14907.533203125,50.13604736328125,0.18051771819591522
1776176158913,0.20235002040863037,0.0,14907.783203125,50.07861328125,0.18057307600975037
1776176158934,0.20634999871253967,0.0,14907.9912109375,50.01976013183594,0.1806371808052063
1776176158953,0.21825000643730164,0.0,14908.2412109375,49.97217559814453,0.1806928664445877
1776176158973,0.2301500141620636,0.0,14908.44921875,49.9207649230957,0.1807585507631302
1776176158994,0.24204999208450317,0.0,14908.9052734375,49.87344741821289,0.1808796226978302
1776176159013,0.25394999980926514,0.0,14909.154296875,49.83523941040039,0.18094614148139954
1776176159033,0.2738000154495239,0.0,14909.361328125,49.78968048095703,0.1810002624988556
1776176159053,0.29760000109672546,0.0,14909.609375,49.74235534667969,0.18106389045715332
1776176159073,0.31744998693466187,0.0,14909.857421875,49.703800201416016,0.18111994862556458
1776176159093,0.34915000200271606,0.0,14910.3115234375,49.67008590698242,0.18124061822891235
1776176159113,0.3769499957561493,0.0,14910.517578125,49.646934509277344,0.18130578100681305
1776176159135,0.4126499891281128,0.0,14910.7646484375,49.637088775634766,0.1813604235649109
1776176159153,0.4404500126838684,0.0,14910.970703125,49.64133834838867,0.181426003575325
1776176159173,0.46424999833106995,0.0,14911.2177734375,49.658966064453125,0.1814928501844406
1776176159193,0.48010000586509705,0.0,14911.6708984375,49.69847106933594,0.1816117763519287
1776176159213,0.492000013589859,0.0,14911.9189453125,49.77445983886719,0.1816665232181549
1776176159235,0.49994999170303345,0.0,14912.125,49.873779296875,0.18173380196094513
1776176159254,0.5,0.0,14912.373046875,49.98634338378906,0.18178854882717133
1776176159275,0.5,0.0,14912.8291015625,50.11163330078125,0.18190930783748627
1776176159293,0.5,0.0,14913.037109375,50.22422790527344,0.18197649717330933
1776176159313,0.5,0.0,14913.287109375,50.34839630126953,0.18203215301036835
1776176159334,0.5,0.0,14913.49609375,50.49460220336914,0.18209899961948395
1776176159353,0.5,0.0,14913.7470703125,50.63359832763672,0.18216711282730103
1776176159373,0.5,0.0,14913.9990234375,50.750247955322266,0.18222317099571228
1776176159393,0.5,0.0,14914.4609375,50.88470458984375,0.1823473423719406
1776176159413,0.5,0.0,14914.671875,51.013004302978516,0.1824173480272293
1776176159434,0.5,0.0,14914.9248046875,51.10999298095703,0.182485893368721
1776176159453,0.5,0.0,14915.1787109375,51.20265197753906,0.18254289031028748
1776176159473,0.5,0.0,14915.390625,51.28599166870117,0.1826118528842926
1776176159493,0.5,0.0,14915.8583984375,51.35798263549805,0.18273945152759552
1776176159514,0.5,0.0,14916.1142578125,51.443843841552734,0.1827964335680008
1776176159535,0.5,0.0,14916.3271484375,51.527313232421875,0.1828664094209671
1776176159553,0.5077999830245972,0.0,14916.583984375,51.60702133178711,0.1829361915588379
1776176159573,0.5156000256538391,0.0,14916.8408203125,51.71282958984375,0.18299420177936554
1776176159593,0.5273500084877014,0.0,14917.3134765625,51.83668518066406,0.18312369287014008
1776176159613,0.5468500256538391,0.0,14917.529296875,51.95402145385742,0.18319474160671234
1776176159633,0.5741999745368958,0.0,14917.7880859375,52.11260223388672,0.18325436115264893
1776176159653,0.5898500084877014,0.0,14918.0048828125,52.28102111816406,0.18332582712173462
1776176159673,0.6015499830245972,0.0,14918.265625,52.42694091796875,0.18339771032333374
1776176159693,0.6093499660491943,0.0,14918.7451171875,52.592899322509766,0.18353019654750824
1776176159713,0.6132999658584595,0.0,14919.0078125,52.777099609375,0.1835903823375702
1776176159733,0.6132999658584595,0.0,14919.2275390625,52.89398193359375,0.18366393446922302
1776176159753,0.6054499745368958,0.0,14919.4912109375,52.986045837402344,0.183724045753479
1776176159775,0.6054499745368958,0.0,14919.7119140625,53.094974517822266,0.18379749357700348
1776176159793,0.6054499745368958,0.0,14920.1982421875,53.20131301879883,0.18393269181251526
1776176159814,0.6054499745368958,0.0,14920.46484375,53.30463409423828,0.18399403989315033
1776176159834,0.6054499745368958,0.0,14920.6875,53.3944091796875,0.18406957387924194
1776176159853,0.6054499745368958,0.0,14920.955078125,53.47218322753906,0.18414346873760223
1776176159873,0.6054499745368958,0.0,14921.22265625,53.606563568115234,0.1842065304517746
1776176159893,0.6054499745368958,0.0,14921.7158203125,53.73596954345703,0.1843443512916565
1776176159913,0.6054499745368958,0.0,14921.9404296875,53.8448486328125,0.18442077934741974
1776176159935,0.6054499745368958,0.0,14922.2109375,53.988590240478516,0.18448173999786377
1776176159953,0.6093499660491943,0.0,14922.4375,54.15583419799805,0.18455834686756134
1776176159973,0.6132999658584595,0.0,14922.7099609375,54.26930618286133,0.18463517725467682
1776176159993,0.6211000084877014,0.0,14923.2099609375,54.41172790527344,0.18477454781532288
1776176160014,0.6327999830245972,0.0,14923.4833984375,54.59514236450195,0.18483878672122955
1776176160035,0.6484500169754028,0.0,14923.7119140625,54.802223205566406,0.18491728603839874
1776176160053,0.6601499915122986,0.0,14923.9873046875,54.986900329589844,0.18498142063617706
1776176160073,0.6757999658584595,0.0,14924.216796875,55.21097946166992,0.18505890667438507
1776176160093,0.6875,0.0,14924.724609375,55.39900207519531,0.18520481884479523
1776176160114,0.6913999915122986,0.0,14925.0029296875,55.63873291015625,0.18528436124324799
1776176160134,0.6952999830245972,0.0,14925.2822265625,55.89962387084961,0.18535113334655762
1776176160153,0.6952999830245972,0.0,14925.515625,56.12273025512695,0.18543024361133575
1776176160173,0.6913999915122986,0.0,14925.796875,56.39059829711914,0.18549706041812897
1776176160193,0.6875,0.0,14926.3154296875,56.66215515136719,0.1856452375650406
1776176160213,0.6836000084877014,0.0,14926.5517578125,56.89387512207031,0.18572783470153809
1776176160236,0.6757999658584595,0.0,14926.8369140625,57.20370864868164,0.185796320438385
1776176160253,0.6718499660491943,0.0,14927.0751953125,57.43905258178711,0.1858784258365631
1776176160273,0.6718499660491943,0.0,14927.3623046875,57.67062759399414,0.18596181273460388
1776176160293,0.6718499660491943,0.0,14927.8916015625,57.93781280517578,0.18611226975917816
1776176160313,0.6718499660491943,0.0,14928.181640625,58.20236587524414,0.18618518114089966
1776176160335,0.6797000169754028,0.0,14928.423828125,58.46551513671875,0.1862705796957016
1776176160353,0.6952999830245972,0.0,14928.7158203125,58.69343185424805,0.18634341657161713
1776176160373,0.71875,0.0,14928.9599609375,58.964176177978516,0.18642868101596832
1776176160393,0.7461000084877014,0.0,14929.5,59.20243835449219,0.18659010529518127
1776176160413,0.7851499915122986,0.0,14929.7958984375,59.494815826416016,0.18666183948516846
1776176160434,0.8280999660491943,0.0,14930.04296875,59.8078727722168,0.18675334751605988
1776176160455,0.875,0.0,14930.3408203125,60.14696502685547,0.18684065341949463
1776176160477,0.9218499660491943,0.0,14930.8916015625,60.509437561035156,0.1870052069425583
1776176160494,0.96875,0.0,14931.1943359375,60.832313537597656,0.18708328902721405
1776176160513,1.0,0.0,14931.447265625,61.174049377441406,0.1871754676103592
1776176160534,1.0,0.0,14931.7529296875,61.58551025390625,0.1872505396604538
1776176160553,1.0,0.0,14932.0087890625,62.01222610473633,0.18734396994113922
1776176160573,1.0,0.0,14932.3173828125,62.37892150878906,0.18743781745433807
1776176160593,1.0,0.0,14932.8876953125,62.79643630981445,0.18761062622070312
1776176160613,1.0,0.0,14933.201171875,63.20539474487305,0.1876930594444275
1776176160634,1.0,0.0,14933.4638671875,63.60599899291992,0.18778792023658752
1776176160653,1.0,0.0,14933.7802734375,63.94645690917969,0.18786828219890594
1776176160673,1.0,0.0,14934.0458984375,64.34889221191406,0.18796706199645996
1776176160693,1.0,0.0,14934.6337890625,64.69551086425781,0.18815013766288757
1776176160713,1.0,0.0,14934.95703125,65.09031677246094,0.18824763596057892
1776176160734,1.0,0.0,14935.2822265625,65.4778060913086,0.1883319765329361
1776176160753,1.0,0.0,14935.5546875,65.81465148925781,0.1884354203939438
1776176160773,1.0,0.0,14935.8828125,66.225341796875,0.18851836025714874
1776176160793,1.0,0.0,14936.48828125,66.64987182617188,0.18870267271995544
1776176160813,1.0,0.0,14936.765625,67.00642395019531,0.18880511820316315
1776176160834,1.0,0.0,14937.1005859375,67.41072845458984,0.18889106810092926
1776176160853,1.0,0.0,14937.380859375,67.81065368652344,0.18899403512477875
1776176160873,1.0,0.0,14937.71875,68.16446685791016,0.18909700214862823
1776176160893,1.0,0.0,14938.3427734375,68.58185577392578,0.1892908662557602
1776176160913,1.0,0.0,14938.685546875,68.99340057373047,0.18938371539115906
1776176160935,1.0,0.0,14938.97265625,69.39413452148438,0.1894897222518921
1776176160953,1.0,0.0,14939.318359375,69.73078155517578,0.18958011269569397
1776176160973,1.0,0.0,14939.607421875,70.11128997802734,0.18968996405601501
1776176160993,1.0,0.0,14940.248046875,70.43452453613281,0.18988966941833496
1776176161013,1.0,0.0,14940.599609375,70.81645965576172,0.18997865915298462
1776176161034,1.0,0.0,14940.8935546875,71.19986724853516,0.19009056687355042
1776176161053,1.0,0.0,14941.248046875,71.52743530273438,0.1902000606060028
1776176161073,1.0,0.0,14941.6044921875,71.91384887695312,0.1902943253517151
1776176161093,1.0,0.0,14942.26171875,72.31106567382812,0.19050449132919312
1776176161113,1.0,0.0,14942.5625,72.65457916259766,0.1906196027994156
1776176161135,1.0,0.0,14942.92578125,73.1080551147461,0.19071394205093384
1776176161153,1.0,0.0,14943.2294921875,73.44257354736328,0.1908290535211563
1776176161173,1.0,0.0,14943.595703125,73.78871154785156,0.1909448653459549
1776176161193,1.0,0.0,14944.271484375,74.18938446044922,0.19115588068962097
1776176161214,1.0,0.0,14944.642578125,74.58100128173828,0.19125300645828247
1776176161234,1.0,0.0,14944.953125,74.9103012084961,0.19137391448020935
1776176161253,1.0,0.0,14945.3271484375,75.28965759277344,0.1914714276790619
1776176161273,1.0,0.0,14945.6396484375,75.66266632080078,0.19158625602722168
1776176161294,1.0,0.0,14946.33203125,75.97468566894531,0.19180728495121002
1776176161313,1.0,0.0,14946.7119140625,76.35384368896484,0.19192840158939362
1776176161335,1.0,0.0,14947.0927734375,76.7248306274414,0.192027285695076
1776176161353,1.0,0.0,14947.412109375,77.03836822509766,0.19212986528873444
1776176161373,1.0,0.0,14947.732421875,77.39791107177734,0.19227047264575958
1776176161393,1.0,0.0,14948.5048828125,77.75019836425781,0.19249606132507324
1776176161413,1.0,0.0,14948.8935546875,78.04318237304688,0.19259890913963318
1776176161434,1.0,0.0,14949.2177734375,78.38199615478516,0.19272255897521973
1776176161453,1.0,0.0,14949.6083984375,78.7249526977539,0.19282710552215576
1776176161473,1.0,0.0,14949.935546875,79.0184555053711,0.19294998049736023
1776176161493,1.0,0.0,14950.658203125,79.36372375488281,0.19318005442619324
1776176161514,1.0,0.0,14951.0546875,79.70928192138672,0.1933063417673111
1776176161533,1.0,0.0,14951.453125,80.00347137451172,0.19341257214546204
1776176161553,1.0,0.0,14951.7861328125,80.36001586914062,0.19353966414928436
1776176161573,1.0,0.0,14952.1865234375,80.72087097167969,0.19364352524280548
1776176161593,1.0,0.0,14952.521484375,81.02169036865234,0.1937713474035263
1776176161613,1.0,0.0,14953.2626953125,81.36812591552734,0.194006085395813
1776176161634,1.0,0.0,14953.6689453125,81.71926879882812,0.194132000207901
1776176161653,1.0,0.0,14954.0771484375,82.02095031738281,0.19424228370189667
1776176161673,1.0,0.0,14954.41796875,82.36724090576172,0.19436489045619965
1776176161693,1.0,0.0,14954.8291015625,82.71775817871094,0.19447432458400726
1776176161713,1.0,0.0,14955.5859375,83.01663208007812,0.19471056759357452
1776176161734,1.0,0.0,14955.931640625,83.35540771484375,0.19483810663223267
1776176161753,1.0,0.0,14956.34765625,83.68295288085938,0.1949460357427597
1776176161773,1.0,0.0,14956.6953125,83.94172668457031,0.19507771730422974
1776176161793,1.0,0.0,14957.1142578125,84.27197265625,0.19518528878688812
1776176161813,1.0,0.0,14957.884765625,84.60078430175781,0.19544559717178345
1776176161833,1.0,0.0,14958.3076171875,84.88549041748047,0.19555450975894928
1776176161853,1.0,0.0,14958.6611328125,85.22835540771484,0.1956639587879181
1776176161873,1.0,0.0,14959.015625,85.57083892822266,0.19579565525054932
1776176161893,1.0,0.0,14959.4423828125,85.8509521484375,0.19592858850955963
1776176161913,1.0,0.0,14960.2275390625,86.18183135986328,0.19616477191448212
1776176161933,1.0,0.0,14960.658203125,86.50531005859375,0.19629599153995514
1776176161953,1.0,0.0,14961.08984375,86.77462768554688,0.19640971720218658
1776176161973,1.0,0.0,14961.451171875,87.09939575195312,0.1965404450893402
1776176161993,1.0,0.0,14961.8857421875,87.4324722290039,0.1966535449028015
1776176162013,1.0,0.0,14962.6865234375,87.7105712890625,0.1968947798013687
1776176162034,1.0,0.0,14963.0517578125,88.02311706542969,0.19702589511871338
1776176162053,1.0,0.0,14963.4912109375,88.33503723144531,0.19713762402534485
1776176162073,1.0,0.0,14963.8583984375,88.60020446777344,0.19727493822574615
1776176162093,1.0,0.0,14964.30078125,88.90837860107422,0.19740544259548187
1776176162113,1.0,0.0,14965.1142578125,89.2259521484375,0.19765685498714447
1776176162134,1.0,0.0,14965.5595703125,89.53988647460938,0.19776688516139984
1776176162153,1.0,0.0,14965.931640625,89.7994613647461,0.19790208339691162
1776176162173,1.0,0.0,14966.3798828125,90.10618591308594,0.1980123668909073
1776176162193,1.0,0.0,14967.2041015625,90.37132263183594,0.19825777411460876
1776176162213,1.0,0.0,14967.5810546875,90.67329406738281,0.1983964890241623
1776176162233,1.0,0.0,14968.0341796875,90.96451568603516,0.19853024184703827
1776176162253,1.0,0.0,14968.48828125,91.21744537353516,0.19864429533481598
1776176162273,1.0,0.0,14968.8681640625,91.52489471435547,0.19878220558166504
1776176162294,1.0,0.0,14969.3251953125,91.8321762084961,0.1988953799009323
1776176162313,1.0,0.0,14970.166015625,92.0846939086914,0.19916599988937378
1776176162334,1.0,0.0,14970.6259765625,92.37722778320312,0.19928158819675446
1776176162353,1.0,0.0,14971.0107421875,92.66666412353516,0.19941715896129608
1776176162373,1.0,0.0,14971.4736328125,92.92193603515625,0.1995331048965454
1776176162393,1.0,0.0,14971.8603515625,93.21595764160156,0.1996704488992691
1776176162413,1.0,0.0,14972.791015625,93.49372100830078,0.1999240219593048
1776176162434,1.0,0.0,14973.1806640625,93.76534271240234,0.2000621110200882
1776176162453,1.0,0.0,14973.6494140625,94.00946044921875,0.20017628371715546
1776176162473,1.0,0.0,14974.041015625,94.3077163696289,0.200313538312912
1776176162493,1.0,0.0,14974.51171875,94.5509262084961,0.2004299759864807
1776176162513,1.0,0.0,14975.3779296875,94.81301879882812,0.20068110525608063
1776176162533,1.0,0.0,14975.7724609375,95.0942153930664,0.20082172751426697
1776176162553,1.0,0.0,14976.2470703125,95.34654235839844,0.20096133649349213
1776176162573,1.0,0.0,14976.7236328125,95.62246704101562,0.20107664167881012
1776176162593,1.0,0.0,14977.12109375,95.87593078613281,0.2012144774198532
1776176162615,1.0,0.0,14977.9990234375,96.09749603271484,0.2014726847410202
1776176162634,1.0,0.0,14978.4794921875,96.37228393554688,0.20158791542053223
1776176162654,1.0,0.0,14978.880859375,96.64982604980469,0.2017284333705902
1776176162674,1.0,0.0,14979.36328125,96.8672103881836,0.2018452286720276
1776176162693,1.0,0.0,14979.7666015625,97.11677551269531,0.20198622345924377
1776176162713,1.0,0.0,14980.736328125,97.37128448486328,0.20224475860595703
1776176162734,1.0,0.0,14981.1416015625,97.6267318725586,0.20238329470157623
1776176162753,1.0,0.0,14981.62890625,97.8487319946289,0.20249898731708527
1776176162773,1.0,0.0,14982.0361328125,98.11659240722656,0.20264014601707458
1776176162793,1.0,0.0,14982.525390625,98.33859252929688,0.2027590274810791
1776176162813,1.0,0.0,14983.4267578125,98.58289337158203,0.20301717519760132
1776176162834,1.0,0.0,14983.837890625,98.82264709472656,0.20315854251384735
1776176162853,1.0,0.0,14984.33203125,99.03829193115234,0.20329907536506653
1776176162873,1.0,0.0,14984.744140625,99.30537414550781,0.20341762900352478
1776176162893,1.0,0.0,14985.240234375,99.56355285644531,0.20355941355228424
1776176162914,1.0,0.0,14986.15234375,99.7929916381836,0.20381823182106018
1776176162934,1.0,0.0,14986.6513671875,99.98565673828125,0.20393617451190948
1776176162953,1.0,0.0,14987.0673828125,100.22688293457031,0.20407991111278534
1776176162973,1.0,0.0,14987.5673828125,100.43289947509766,0.20419743657112122
1776176162993,1.0,0.0,14987.9853515625,100.66423034667969,0.20434167981147766
1776176163014,1.0,0.0,14988.9912109375,100.90286254882812,0.2046026587486267
1776176163034,1.0,0.0,14989.4111328125,101.11428833007812,0.2047457993030548
1776176163054,1.0,0.0,14989.916015625,101.36402130126953,0.2048652470111847
1776176163073,1.0,0.0,14990.337890625,101.61175537109375,0.20500797033309937
1776176163093,1.0,0.0,14990.845703125,101.81242370605469,0.2051278054714203
1776176163114,1.0,0.0,14991.779296875,102.04853820800781,0.2053915560245514
1776176163134,1.0,0.0,14992.2041015625,102.30494689941406,0.20553457736968994
1776176163153,1.0,0.0,14992.7158203125,102.51355743408203,0.20567914843559265
1776176163173,1.0,0.0,14993.228515625,102.72957611083984,0.20579835772514343
1776176163193,1.0,0.0,14993.65625,102.93464660644531,0.20594193041324615
1776176163213,1.0,0.0,14994.5986328125,103.12199401855469,0.2062070071697235
1776176163234,1.0,0.0,14995.1142578125,103.3664779663086,0.2063286006450653
1776176163253,1.0,0.0,14995.544921875,103.63386535644531,0.2064720094203949
1776176163273,1.0,0.0,14996.0625,103.83829498291016,0.20659403502941132
1776176163293,1.0,0.0,14996.4951171875,104.07049560546875,0.20673862099647522
1776176163314,1.0,0.0,14997.4482421875,104.30619049072266,0.20700447261333466
1776176163334,1.0,0.0,14997.9697265625,104.51358795166016,0.20715057849884033
1776176163353,1.0,0.0,14998.4921875,104.7526626586914,0.20727255940437317
1776176163373,1.0,0.0,14998.9287109375,104.97628784179688,0.2074178159236908
1776176163393,1.0,0.0,14999.453125,105.17182159423828,0.20753920078277588
1776176163413,1.0,0.0,15000.4169921875,105.41716766357422,0.20780743658542633
1776176163433,1.0,0.0,15000.8564453125,105.6638412475586,0.2079550176858902
1776176163453,1.0,0.0,15001.384765625,105.86543273925781,0.2081022709608078
1776176163473,1.0,0.0,15001.9140625,106.09635162353516,0.20822568237781525
1776176163493,1.0,0.0,15002.35546875,106.32609558105469,0.20837335288524628
1776176163514,1.0,0.0,15003.3291015625,106.52920532226562,0.2086457759141922
1776176163533,1.0,0.0,15003.861328125,106.7774887084961,0.20877033472061157
1776176163553,1.0,0.0,15004.3056640625,107.0265884399414,0.2089202105998993
1776176163573,1.0,0.0,15004.83984375,107.24174499511719,0.20904462039470673
1776176163593,1.0,0.0,15005.2861328125,107.48269653320312,0.20919464528560638
1776176163613,1.0,0.0,15006.359375,107.72516632080078,0.20946986973285675
1776176163634,1.0,0.0,15006.8076171875,107.97000122070312,0.2096211016178131
1776176163653,1.0,0.0,15007.3466796875,108.17186737060547,0.20974712073802948
1776176163673,1.0,0.0,15007.796875,108.40416717529297,0.20989888906478882
1776176163693,1.0,0.0,15008.337890625,108.60425567626953,0.21002502739429474
1776176163713,1.0,0.0,15009.3330078125,108.83309173583984,0.21030405163764954
1776176163734,1.0,0.0,15009.7861328125,109.06939697265625,0.21045657992362976
1776176163753,1.0,0.0,15010.3310546875,109.28751373291016,0.2106095403432846
1776176163773,1.0,0.0,15010.876953125,109.53137969970703,0.21073751151561737
1776176163793,1.0,0.0,15011.3330078125,109.76103973388672,0.2108907401561737
1776176163814,0.8125,0.0,15012.337890625,109.98930358886719,0.21114736795425415
1776176163834,0.5663999915122986,0.0,15012.7958984375,110.16388702392578,0.21130163967609406
1776176163853,0.21424999833106995,0.0,15013.3466796875,110.2892837524414,0.21145591139793396
1776176163874,0.0,0.0,15013.8974609375,110.28723907470703,0.211585134267807
1776176163893,0.0,0.0,15014.357421875,110.18307495117188,0.21173936128616333
1776176163914,0.0,0.0,15015.458984375,110.04769897460938,0.21202236413955688
1776176163933,0.0,0.0,15015.9169921875,109.92498016357422,0.21217618882656097
1776176163953,0.0,0.0,15016.4658203125,109.77855682373047,0.21230408549308777
1776176163973,0.0,0.0,15016.9228515625,109.63037872314453,0.21245834231376648
1776176163994,0.0,0.0,15017.470703125,109.4791488647461,0.21258579194545746
1776176164013,0.0,0.0,15018.4736328125,109.34510040283203,0.2128676325082779
1776176164033,0.0,0.0,15018.9287109375,109.1899642944336,0.21302004158496857
1776176164053,0.0,6.010586002958007e-05,15019.474609375,109.05655670166016,0.2131716012954712
1776176164074,0.0,0.006489175837486982,15020.01953125,108.9017333984375,0.21330006420612335
1776176164093,0.0,0.023551534861326218,15020.47265625,108.739501953125,0.21345220506191254
1776176164113,0.0,0.039903633296489716,15021.46875,108.58985900878906,0.21373040974140167
1776176164134,0.0,0.044274505227804184,15022.0107421875,108.40108489990234,0.21385692059993744
1776176164153,0.0,0.03332889452576637,15022.4619140625,108.20417785644531,0.21400803327560425
1776176164174,0.0,0.019967637956142426,15023.0029296875,108.01252746582031,0.21415916085243225
1776176164193,0.0,0.014670299366116524,15023.54296875,107.85098266601562,0.21428440511226654
1776176164214,0.0,0.012158614583313465,15024.53125,107.66305541992188,0.21455976366996765
1776176164234,0.0,0.011578230187296867,15024.9794921875,107.50332641601562,0.21471060812473297
1776176164253,0.0,0.012158614583313465,15025.5166015625,107.31379699707031,0.21483631432056427
1776176164273,0.0,0.01606426201760769,15025.9638671875,107.11437225341797,0.2149861752986908
1776176164293,0.0,0.019967637956142426,15026.5,106.94339752197266,0.21511058509349823
1776176164313,0.0,0.02551683969795704,15027.4814453125,106.75171661376953,0.21538326144218445
1776176164333,0.0,0.034584492444992065,15027.9267578125,106.54827117919922,0.2155323475599289
1776176164353,0.0,0.042786601930856705,15028.4599609375,106.36649322509766,0.21568019688129425
1776176164373,0.0,0.057653024792671204,15028.9921875,106.15540313720703,0.21580322086811066
1776176164393,0.0,0.07378428429365158,15029.435546875,105.93551635742188,0.2159513235092163
1776176164413,0.0,0.07823561131954193,15030.4072265625,105.73670196533203,0.21622154116630554
1776176164434,0.0,0.08526267111301422,15030.935546875,105.49433135986328,0.21634353697299957
1776176164453,0.0,0.09017623215913773,15031.375,105.25272369384766,0.2164897620677948
1776176164473,0.0,0.09270945191383362,15031.9013671875,105.04640197753906,0.21661262214183807
1776176164493,0.0,0.09270945191383362,15032.33984375,104.79437255859375,0.21675826609134674
1776176164513,0.0,0.0876941904425621,15033.3876953125,104.53564453125,0.21702486276626587
1776176164533,0.0,0.0876941904425621,15033.8232421875,104.31336212158203,0.21717050671577454
1776176164553,0.0,0.08526267111301422,15034.3447265625,104.05145263671875,0.2172909677028656
1776176164574,0.0,0.08526267111301422,15034.7783203125,103.79439544677734,0.21743452548980713
1776176164593,0.0,0.08526267111301422,15035.2978515625,103.57383728027344,0.2175552099943161
1776176164613,0.0,0.08051890879869461,15036.2470703125,103.31632995605469,0.21781772375106812
1776176164633,0.0,0.07600020617246628,15036.677734375,103.064208984375,0.2179609090089798
1776176164653,0.0,0.06739471852779388,15037.193359375,102.847900390625,0.2181042581796646
1776176164673,0.0,0.03852551430463791,15037.7080078125,102.60595703125,0.2182210385799408
1776176164693,0.0,0.018329313024878502,15038.1357421875,102.3785629272461,0.21836362779140472
1776176164714,0.0,0.005779007915407419,15039.0751953125,102.16796112060547,0.21862348914146423
1776176164733,0.0,0.00228431960567832,15039.5859375,101.99851989746094,0.21874095499515533
1776176164753,0.0,0.000664277991745621,15040.0107421875,101.80192565917969,0.2188815027475357
1776176164773,0.0,0.00010428302630316466,15040.5205078125,101.63504028320312,0.21902379393577576
1776176164793,0.0,0.0,15041.029296875,101.44027709960938,0.2191406637430191
1776176164813,0.0,0.0,15041.958984375,101.2449951171875,0.2193969041109085
1776176164834,0.0,0.0,15042.380859375,101.04997253417969,0.21953652799129486
1776176164853,0.0,0.0,15042.88671875,100.88423919677734,0.2196519672870636
1776176164873,0.0,0.0,15043.3076171875,100.68853759765625,0.21979162096977234
1776176164893,0.0,0.0,15043.8115234375,100.51579284667969,0.21990792453289032
1776176164913,0.0,0.0,15044.7333984375,100.31432342529297,0.22016213834285736
1776176164933,0.0,0.0,15045.1513671875,100.11184692382812,0.22030001878738403
1776176164953,0.0,0.0,15045.65234375,99.9376220703125,0.2204378992319107
1776176164974,0.0,0.0,15046.15234375,99.7281723022461,0.22055277228355408
1776176164993,0.0,0.0,15046.568359375,99.51712036132812,0.22068998217582703
1776176165013,0.0,0.0,15047.4814453125,99.33416748046875,0.22094109654426575
1776176165033,0.0,0.0,15047.978515625,99.12154388427734,0.22105474770069122
1776176165053,0.0,0.0,15048.3916015625,98.91078186035156,0.22119121253490448
1776176165073,0.0,0.0,15048.88671875,98.72933959960938,0.22132767736911774
1776176165093,0.0,0.0,15049.380859375,98.51775360107422,0.22143976390361786
1776176165113,0.0,0.0,15050.2841796875,98.3005142211914,0.2216877043247223
1776176165134,0.0,0.0,15050.6943359375,98.12268829345703,0.22182391583919525
1776176165153,0.0,0.0,15051.185546875,97.91826629638672,0.22193580865859985
1776176165173,0.0,0.0,15051.59375,97.70932006835938,0.22207073867321014
1776176165193,0.0,0.0,15052.0830078125,97.52639770507812,0.22218261659145355
1776176165213,0.0,0.0,15052.9775390625,97.32097625732422,0.22242842614650726
1776176165234,0.0,0.0,15053.3828125,97.1216049194336,0.22256270051002502
1776176165253,0.0,0.0,15053.869140625,96.94754028320312,0.2226966917514801
1776176165275,0.0,0.0,15054.3544921875,96.73405456542969,0.222807377576828
1776176165293,0.0,0.0,15054.7578125,96.5191650390625,0.2229396253824234
1776176165313,0.0,0.0,15055.6435546875,96.33932495117188,0.2231830507516861
1776176165334,0.0,0.0,15056.125,96.13090515136719,0.22329466044902802
1776176165353,0.0,0.0,15056.525390625,95.92313385009766,0.2234247922897339
1776176165373,0.0,0.0,15057.005859375,95.74542999267578,0.22355763614177704
1776176165393,0.0,0.0,15057.4052734375,95.53680419921875,0.2236669510602951
1776176165413,0.0,0.0,15058.361328125,95.33462524414062,0.22390803694725037
1776176165435,0.0,0.0,15058.7587890625,95.1358642578125,0.22403688728809357
1776176165453,0.0,0.0,15059.234375,94.96863555908203,0.22414667904376984
1776176165473,0.0,0.0,15059.6298828125,94.77503204345703,0.22427624464035034
1776176165493,0.0,0.0,15060.1044921875,94.60143280029297,0.22438496351242065
1776176165514,0.0,0.0,15060.9716796875,94.39802551269531,0.2246224582195282
1776176165534,0.0,0.0,15061.365234375,94.19093322753906,0.2247522622346878
1776176165553,0.0,0.0,15061.8359375,94.01302337646484,0.22488091886043549
1776176165573,0.0,0.0,15062.3056640625,93.8044662475586,0.22498781979084015
1776176165593,0.05950000882148743,0.0,15062.697265625,93.59699249267578,0.22511832416057587
1776176165613,0.10715001821517944,0.0,15063.5556640625,93.42760467529297,0.22535167634487152
1776176165634,0.15870001912117004,0.0,15064.0224609375,93.24241638183594,0.22545978426933289
1776176165653,0.2102999985218048,0.0,15064.4111328125,93.06771850585938,0.22558680176734924
1776176165673,0.2459999918937683,0.0,15064.876953125,92.9247055053711,0.22569172084331512
1776176165693,0.2738000154495239,0.0,15065.2646484375,92.76251220703125,0.2258201688528061
1776176165713,0.2857000231742859,0.0,15066.193359375,92.60123443603516,0.22605003416538239
1776176165734,0.2857000231742859,0.0,15066.5791015625,92.45095825195312,0.22617672383785248
1776176165754,0.2738000154495239,0.0,15067.0419921875,92.33512115478516,0.2262815237045288
1776176165774,0.2658500075340271,0.0,15067.4267578125,92.20100402832031,0.22640687227249146
1776176165794,0.25394999980926514,0.0,15067.888671875,92.0793685913086,0.22651399672031403
1776176165815,0.23805001378059387,0.0,15068.732421875,91.9433822631836,0.2267419844865799
1776176165834,0.22220000624656677,0.0,15069.115234375,91.81809997558594,0.22686845064163208
1776176165854,0.20634999871253967,0.0,15069.57421875,91.71366882324219,0.22699330747127533
1776176165873,0.1904500126838684,0.0,15070.033203125,91.58560943603516,0.22709724307060242
1776176165893,0.18250000476837158,0.0,15070.4150390625,91.4578628540039,0.22722269594669342
1776176165914,0.1746000051498413,0.0,15071.25390625,91.35104370117188,0.2274492383003235
1776176165936,0.17059999704360962,0.0,15071.7109375,91.19886779785156,0.2275523990392685
1776176165953,0.16664999723434448,0.0,15072.0908203125,91.07727813720703,0.2276766151189804
1776176165973,0.15870001912117004,0.0,15072.5458984375,90.95848846435547,0.2277793437242508
1776176165993,0.15080001950263977,0.0,15072.9248046875,90.81858825683594,0.2279045730829239
1776176166013,0.15080001950263977,0.0,15073.8330078125,90.67707824707031,0.22813111543655396
1776176166034,0.15080001950263977,0.0,15074.2109375,90.5263671875,0.22825351357460022
1776176166053,0.15080001950263977,0.0,15074.6640625,90.40243530273438,0.22835464775562286
1776176166074,0.14680001139640808,0.0,15075.041015625,90.2681884765625,0.22847872972488403
1776176166093,0.14285001158714294,0.0,15075.4931640625,90.15657806396484,0.2285802960395813
1776176166113,0.14285001158714294,0.0,15076.3193359375,90.01689910888672,0.22880570590496063
1776176166133,0.14285001158714294,0.0,15076.6943359375,89.87940979003906,0.22892707586288452
1776176166153,0.14680001139640808,0.0,15077.1435546875,89.76592254638672,0.22904804348945618
1776176166173,0.15870001912117004,0.0,15077.5927734375,89.6333236694336,0.2291506826877594
1776176166193,0.17855000495910645,0.0,15077.966796875,89.503662109375,0.22927325963974
1776176166213,0.2102999985218048,0.0,15078.7880859375,89.39022064208984,0.2294950932264328
1776176166234,0.26190000772476196,0.0,15079.2353515625,89.25584411621094,0.22959865629673004
1776176166253,0.3095000088214874,0.0,15079.607421875,89.13137817382812,0.22971706092357635
1776176166273,0.35315001010894775,0.0,15080.0537109375,89.03400421142578,0.22981935739517212
1776176166293,0.3968000113964081,0.0,15080.4248046875,88.94811248779297,0.22994020581245422
1776176166313,0.4404500126838684,0.0,15081.314453125,88.89128875732422,0.2301625907421112
1776176166334,0.4681999981403351,0.0,15081.6845703125,88.86170959472656,0.2302861362695694
1776176166353,0.492000013589859,0.0,15082.12890625,88.84410858154297,0.2303876131772995
1776176166374,0.5,0.0,15082.4990234375,88.8466567993164,0.23050668835639954
1776176166393,0.5077999830245972,0.0,15082.943359375,88.86509704589844,0.2306104451417923
1776176166416,0.5077999830245972,0.0,15083.7578125,88.89575958251953,0.23083163797855377
1776176166434,0.5156000256538391,0.0,15084.1279296875,88.92456817626953,0.23095566034317017
1776176166453,0.5234500169754028,0.0,15084.572265625,88.96321105957031,0.2310759276151657
1776176166473,0.53125,0.0,15085.017578125,89.01637268066406,0.23117996752262115
1776176166493,0.5468500256538391,0.0,15085.388671875,89.0733871459961,0.23129962384700775
1776176166514,0.5586000084877014,0.0,15086.205078125,89.13905334472656,0.23152483999729156
1776176166533,0.5625,0.0,15086.650390625,89.19730377197266,0.23162828385829926
1776176166553,0.5586000084877014,0.0,15087.021484375,89.2615737915039,0.23174889385700226
1776176166573,0.5508000254631042,0.0,15087.4677734375,89.31481170654297,0.23187077045440674
1776176166595,0.5390499830245972,0.0,15088.2861328125,89.39400482177734,0.2320953756570816
1776176166613,0.53125,0.0,15088.732421875,89.450927734375,0.23219506442546844
1776176166633,0.5273500084877014,0.0,15089.1044921875,89.49882507324219,0.23231980204582214
1776176166653,0.5195500254631042,0.0,15089.5517578125,89.53885650634766,0.2324216216802597
1776176166673,0.5116999745368958,0.0,15089.9248046875,89.58549499511719,0.23254474997520447
1776176166693,0.5077999830245972,0.0,15090.3720703125,89.62022399902344,0.23264536261558533
1776176166713,0.5038999915122986,0.0,15091.1923828125,89.64784240722656,0.23287257552146912
1776176166734,0.5038999915122986,0.0,15091.5654296875,89.68247985839844,0.2329946905374527
1776176166753,0.5038999915122986,0.0,15092.013671875,89.71263885498047,0.23309671878814697
1776176166773,0.5038999915122986,0.0,15092.38671875,89.73515319824219,0.23321864008903503
1776176166793,0.5038999915122986,0.0,15092.8349609375,89.75772857666016,0.2333410233259201
1776176166813,0.5038999915122986,0.0,15093.6572265625,89.78471374511719,0.23356753587722778
1776176166834,0.5077999830245972,0.0,15094.1064453125,89.82630920410156,0.23366890847682953
1776176166853,0.5077999830245972,0.0,15094.48046875,89.85986328125,0.23379087448120117
1776176166873,0.5116999745368958,0.0,15094.9296875,89.88707733154297,0.23391588032245636
1776176166893,0.5195500254631042,0.0,15095.37890625,89.92528533935547,0.234016552567482
1776176166913,0.5234500169754028,0.0,15096.203125,89.96295928955078,0.23424209654331207
1776176166934,0.5273500084877014,0.0,15096.578125,89.98580932617188,0.23436488211154938
1776176166953,0.5273500084877014,0.0,15097.0283203125,90.0253677368164,0.23446783423423767
1776176166973,0.5273500084877014,0.0,15097.4033203125,90.09667205810547,0.23459398746490479
1776176166993,0.5273500084877014,0.0,15097.853515625,90.14330291748047,0.23469355702400208
1776176167013,0.53125,0.0,15098.6787109375,90.19129180908203,0.23492233455181122
1776176167034,0.53125,0.0,15099.0537109375,90.2461166381836,0.23504500091075897
1776176167053,0.53125,0.0,15099.5048828125,90.30033874511719,0.23516812920570374
1776176167073,0.5351499915122986,0.0,15099.9560546875,90.35142517089844,0.2352706491947174
1776176167093,0.5351499915122986,0.0,15100.33203125,90.40449523925781,0.23539294302463531
1776176167113,0.5390499830245972,0.0,15101.1591796875,90.45748901367188,0.23562230169773102
1776176167134,0.5429499745368958,0.0,15101.611328125,90.53533935546875,0.2357250303030014
1776176167153,0.5508000254631042,0.0,15101.98828125,90.60757446289062,0.23585054278373718
1776176167173,0.5663999915122986,0.0,15102.4404296875,90.66204071044922,0.23597480356693268
1776176167193,0.5820499658584595,0.0,15102.8935546875,90.7449951171875,0.23607981204986572
1776176167213,0.6015499830245972,0.0,15103.724609375,90.83818817138672,0.23630687594413757
1776176167235,0.6288999915122986,0.0,15104.1025390625,90.93177032470703,0.236430823802948
1776176167253,0.6601499915122986,0.0,15104.556640625,91.0218505859375,0.23653478920459747
1776176167273,0.7070499658584595,0.0,15104.935546875,91.1552963256836,0.2366597205400467
1776176167293,0.7461000084877014,0.0,15105.390625,91.28262329101562,0.23676371574401855
1776176167313,0.8007999658584595,0.0,15106.2265625,91.44476318359375,0.23701533675193787
1776176167334,0.84375,0.0,15106.68359375,91.62337493896484,0.23712028563022614
1776176167354,0.875,0.0,15107.0654296875,91.78962707519531,0.23724664747714996
1776176167374,0.90625,0.0,15107.5234375,92.00985717773438,0.2373497188091278
1776176167394,0.9257999658584595,0.0,15107.90625,92.24214935302734,0.23747865855693817
1776176167413,0.9335999488830566,0.0,15108.7509765625,92.44903564453125,0.23771026730537415
1776176167434,0.9335999488830566,0.0,15109.212890625,92.71479797363281,0.23781518638134003
1776176167453,0.9375,0.0,15109.5986328125,92.99821472167969,0.23794227838516235
1776176167473,0.9375,0.0,15110.0625,93.23355865478516,0.23807333409786224
1776176167493,0.9257999658584595,0.0,15110.5283203125,93.50110626220703,0.23817913234233856
1776176167513,0.90625,0.0,15111.384765625,93.75581359863281,0.23841552436351776
1776176167533,0.8710999488830566,0.0,15111.775390625,93.97662353515625,0.23854310810565948
1776176167553,0.8202999830245972,0.0,15112.2451171875,94.22282409667969,0.2386515587568283
1776176167573,0.7655999660491943,0.0,15112.63671875,94.45065307617188,0.23878160119056702
1776176167593,0.71875,0.0,15113.1083984375,94.62834167480469,0.23889003694057465
1776176167613,0.6640499830245972,0.0,15113.974609375,94.81417083740234,0.23912860453128815
1776176167634,0.625,0.0,15114.369140625,94.96112823486328,0.23925818502902985
1776176167653,0.6015499830245972,0.0,15114.84375,95.07466888427734,0.239390566945076
1776176167673,0.59375,0.0,15115.318359375,95.20843505859375,0.23949986696243286
1776176167693,0.6015499830245972,0.0,15115.71484375,95.32682037353516,0.2396310269832611
1776176167713,0.625,0.0,15116.5869140625,95.42244720458984,0.23987118899822235
1776176167734,0.6679499745368958,0.0,15117.0634765625,95.53584289550781,0.23997940123081207
1776176167753,0.7030999660491943,0.0,15117.4609375,95.66106414794922,0.2401091605424881
1776176167774,0.7304499745368958,0.0,15117.9384765625,95.77892303466797,0.240220844745636
1776176167793,0.75,0.0,15118.3369140625,95.921142578125,0.2403520941734314
1776176167813,0.7577999830245972,0.0,15119.294921875,96.06642150878906,0.2405938059091568
1776176167834,0.7577999830245972,0.0,15119.6943359375,96.20063781738281,0.24072548747062683
1776176167854,0.75,0.0,15120.1748046875,96.36045837402344,0.24083562195301056
1776176167873,0.7461000084877014,0.0,15120.576171875,96.52202606201172,0.24096880853176117
1776176167894,0.7382999658584595,0.0,15121.0576171875,96.6613540649414,0.24107924103736877
1776176167913,0.7343499660491943,0.0,15121.943359375,96.81256103515625,0.2413215935230255
1776176167934,0.7304499745368958,0.0,15122.3466796875,96.9541244506836,0.2414567768573761
1776176167953,0.7304499745368958,0.0,15122.8310546875,97.07096099853516,0.24158860743045807
1776176167973,0.7304499745368958,0.0,15123.31640625,97.21377563476562,0.24169990420341492
1776176167993,0.7226499915122986,0.0,15123.720703125,97.3481216430664,0.2418343722820282
1776176168013,0.7148500084877014,0.0,15124.6123046875,97.46541595458984,0.24208028614521027
1776176168034,0.7070499658584595,0.0,15125.099609375,97.60385131835938,0.24219155311584473
1776176168053,0.6952999830245972,0.0,15125.505859375,97.73470306396484,0.24232856929302216
1776176168073,0.6797000169754028,0.0,15125.994140625,97.82930755615234,0.24246226251125336
1776176168093,0.6640499830245972,0.0,15126.482421875,97.93425750732422,0.24257351458072662
1776176168113,0.6523500084877014,0.0,15127.37890625,98.0336685180664,0.2428186982870102
1776176168134,0.6484500169754028,0.0,15127.787109375,98.10759735107422,0.24295668303966522
1776176168153,0.6484500169754028,0.0,15128.27734375,98.19072723388672,0.24306580424308777
1776176168173,0.6484500169754028,0.0,15128.685546875,98.272216796875,0.24320295453071594
1776176168195,0.6445499658584595,0.0,15129.17578125,98.3331527709961,0.24331408739089966
1776176168213,0.6445499658584595,0.0,15130.076171875,98.3916244506836,0.24358415603637695
1776176168234,0.6445499658584595,0.0,15130.5673828125,98.46273040771484,0.2436971366405487
1776176168253,0.6445499658584595,0.0,15130.9775390625,98.52953338623047,0.24383126199245453
1776176168273,0.6523500084877014,0.0,15131.4697265625,98.60954284667969,0.24394772946834564
1776176168293,0.65625,0.0,15131.8798828125,98.6928939819336,0.2440793812274933
1776176168313,0.6601499915122986,0.0,15132.7841796875,98.75910186767578,0.24433089792728424
1776176168334,0.6679499745368958,0.0,15133.27734375,98.83138275146484,0.2444644570350647
1776176168353,0.6679499745368958,0.0,15133.6884765625,98.90623474121094,0.24457785487174988
1776176168373,0.6679499745368958,0.0,15134.1826171875,98.9762191772461,0.2447148710489273
1776176168393,0.6679499745368958,0.0,15134.6767578125,99.05977630615234,0.2448270171880722
1776176168414,0.6601499915122986,0.0,15135.583984375,99.13553619384766,0.24507595598697662
1776176168434,0.65625,0.0,15135.9970703125,99.2059097290039,0.2452101856470108
1776176168453,0.6523500084877014,0.0,15136.4931640625,99.26024627685547,0.24532543122768402
1776176168473,0.6484500169754028,0.0,15136.90625,99.31900024414062,0.24546176195144653
1776176168493,0.6445499658584595,0.0,15137.40234375,99.37223815917969,0.24557361006736755
1776176168513,0.6366999745368958,0.0,15138.3134765625,99.44056701660156,0.24582350254058838
1776176168534,0.6288999915122986,0.0,15138.7275390625,99.50465393066406,0.24596160650253296
1776176168553,0.6288999915122986,0.0,15139.224609375,99.55769348144531,0.24607311189174652
1776176168573,0.6211000084877014,0.0,15139.6396484375,99.62348175048828,0.24621078372001648
1776176168593,0.6132999658584595,0.0,15140.1376953125,99.6816635131836,0.24634885787963867
1776176168613,0.6054499745368958,0.0,15141.05078125,99.73208618164062,0.24659882485866547
1776176168633,0.5976499915122986,0.0,15141.548828125,99.78778076171875,0.24671325087547302
1776176168653,0.59375,0.0,15141.9638671875,99.83824157714844,0.24684879183769226
1776176168673,0.59375,0.0,15142.462890625,99.86538696289062,0.2469644695520401
1776176168693,0.59375,0.0,15142.87890625,99.88910675048828,0.24710294604301453
1776176168713,0.59375,0.0,15143.876953125,99.91291809082031,0.2473539561033249
1776176168734,0.59375,0.0,15144.29296875,99.93119049072266,0.24748767912387848
1776176168753,0.59375,0.0,15144.7919921875,99.949951171875,0.24760282039642334
1776176168773,0.59375,0.0,15145.2080078125,99.97443389892578,0.2477390021085739
1776176168793,0.59375,0.0,15145.7080078125,100.00618743896484,0.24785538017749786
1776176168813,0.59375,0.0,15146.6240234375,100.03914642333984,0.24812966585159302
1776176168833,0.59375,0.0,15147.1240234375,100.07396697998047,0.24824252724647522
1776176168853,0.59375,0.0,15147.541015625,100.11024475097656,0.24837814271450043
1776176168873,0.59375,0.0,15148.041015625,100.14935302734375,0.24849426746368408
1776176168893,0.59375,0.0,15148.4580078125,100.18529510498047,0.24863100051879883
1776176168913,0.59375,0.0,15149.3759765625,100.2180404663086,0.24888409674167633
1776176168933,0.5898500084877014,0.0,15149.876953125,100.26187896728516,0.24901969730854034
1776176168953,0.5898500084877014,0.0,15150.3779296875,100.29744720458984,0.2491338849067688
1776176168973,0.5898500084877014,0.0,15150.7958984375,100.32343292236328,0.2492719441652298
1776176168993,0.5898500084877014,0.0,15151.296875,100.3583984375,0.2493855059146881
1776176169013,0.5898500084877014,0.0,15152.2158203125,100.3853759765625,0.24963316321372986
1776176169034,0.5898500084877014,0.0,15152.6337890625,100.42205810546875,0.24977216124534607
1776176169053,0.5976499915122986,0.0,15153.1357421875,100.45610046386719,0.2498893439769745
1776176169073,0.5976499915122986,0.0,15153.5537109375,100.50453186035156,0.25002411007881165
1776176169093,0.6054499745368958,0.0,15154.0556640625,100.55341339111328,0.2501412332057953
1776176169113,0.6093499660491943,0.0,15154.9775390625,100.61040496826172,0.25041404366493225
1776176169133,0.6132999658584595,0.0,15155.48046875,100.67196655273438,0.25053226947784424
1776176169153,0.6132999658584595,0.0,15155.8994140625,100.73245239257812,0.25066834688186646
1776176169174,0.6132999658584595,0.0,15156.4033203125,100.79874420166016,0.25078314542770386
1776176169193,0.6132999658584595,0.0,15156.8232421875,100.86786651611328,0.2508966624736786
1776176169213,0.6093499660491943,0.0,15157.7470703125,100.93415069580078,0.25117194652557373
1776176169233,0.6093499660491943,0.0,15158.251953125,101.02281188964844,0.2513095438480377
1776176169253,0.6054499745368958,0.0,15158.7568359375,101.09519958496094,0.2514283359050751
1776176169273,0.6132999658584595,0.0,15159.177734375,101.14742279052734,0.2515653371810913
1776176169293,0.6211000084877014,0.0,15159.6826171875,101.25044250488281,0.25168275833129883
1776176169313,0.6327999830245972,0.0,15160.609375,101.3361587524414,0.2519356906414032
1776176169334,0.6679499745368958,0.0,15161.03125,101.41157531738281,0.2520749568939209
1776176169353,0.7148500084877014,0.0,15161.5380859375,101.48820495605469,0.2521921992301941
1776176169373,0.7655999660491943,0.0,15161.9609375,101.59583282470703,0.2523288428783417
1776176169393,0.8125,0.0,15162.46875,101.70694732666016,0.25246790051460266
1776176169413,0.8632999658584595,0.0,15163.400390625,101.86119842529297,0.25272440910339355
1776176169433,0.8945499658584595,0.0,15163.9091796875,102.03887176513672,0.25284144282341003
1776176169453,0.9179500341415405,0.0,15164.333984375,102.21099853515625,0.25297921895980835
1776176169473,0.9335999488830566,0.0,15164.8447265625,102.42341613769531,0.25309786200523376
1776176169493,0.9413999915122986,0.0,15165.2705078125,102.63442993164062,0.2532382309436798
1776176169513,0.9413999915122986,0.0,15166.296875,102.83042907714844,0.25349530577659607
1776176169534,0.9413999915122986,0.0,15166.7255859375,103.08671569824219,0.25363942980766296
1776176169553,0.9413999915122986,0.0,15167.2412109375,103.33782196044922,0.2537574768066406
1776176169573,0.9452999830245972,0.0,15167.671875,103.55458068847656,0.2538970410823822
1776176169593,0.9530999660491943,0.0,15168.189453125,103.81974029541016,0.2540181875228882
1776176169613,0.9570499658584595,0.0,15169.140625,104.07075500488281,0.25427937507629395
1776176169633,0.9648499488830566,0.0,15169.57421875,104.2814712524414,0.2544233202934265
1776176169653,0.9726499915122986,0.0,15170.0947265625,104.54593658447266,0.25454333424568176
1776176169673,0.9843499660491943,0.0,15170.529296875,104.80484771728516,0.25468695163726807
1776176169693,1.0,0.0,15171.0517578125,105.0245132446289,0.2548346519470215
1776176169713,1.0,0.0,15172.0126953125,105.28704833984375,0.25509798526763916
1776176169734,1.0,0.0,15172.5390625,105.54998779296875,0.2552216053009033
1776176169753,1.0,0.0,15172.978515625,105.77703857421875,0.25536662340164185
1776176169773,1.0,0.0,15173.5068359375,106.0452651977539,0.25551125407218933
1776176169793,1.0,0.0,15174.0361328125,106.31657409667969,0.2556339502334595
1776176169813,1.0,0.0,15175.0087890625,106.54203796386719,0.2559017837047577
1776176169833,1.0,0.0,15175.4521484375,106.7979736328125,0.2560497522354126
1776176169853,1.0,0.0,15175.9853515625,107.07398223876953,0.25617411732673645
1776176169873,1.0,0.0,15176.4306640625,107.32470703125,0.2563224136829376
1776176169893,1.0,0.0,15176.9658203125,107.5909194946289,0.2564443051815033
1776176169913,1.0,0.0,15177.951171875,107.84407043457031,0.2567187547683716
1776176169934,1.0,0.0,15178.400390625,108.11302185058594,0.2568667232990265
1776176169953,1.0,0.0,15178.9404296875,108.3545913696289,0.2570180296897888
1776176169973,1.0,0.0,15179.4814453125,108.64508819580078,0.2571408152580261
1776176169993,1.0,0.0,15179.93359375,108.8883056640625,0.25729337334632874
1776176170013,1.0,0.0,15180.9306640625,109.15776824951172,0.25756919384002686
1776176170033,1.0,0.0,15181.4765625,109.42221069335938,0.2576969861984253
1776176170053,1.0,0.0,15181.931640625,109.65935516357422,0.2578471899032593
1776176170073,1.0,0.0,15182.4794921875,109.96189880371094,0.2579990327358246
1776176170093,1.0,0.0,15182.9365234375,110.24420928955078,0.2581269145011902
1776176170113,1.0,0.0,15184.037109375,110.46583557128906,0.2584054172039032
1776176170133,1.0,0.0,15184.4970703125,110.73199462890625,0.25856146216392517
1776176170153,1.0,0.0,15185.0498046875,110.99989318847656,0.25869020819664
1776176170174,1.0,0.0,15185.51171875,111.22834014892578,0.25884464383125305
1776176170193,1.0,0.0,15186.06640625,111.50651550292969,0.2589734196662903
1776176170213,1.0,0.0,15187.0869140625,111.78678131103516,0.25925594568252563
1776176170233,1.0,0.0,15187.5517578125,112.04248809814453,0.259409636259079
1776176170253,1.0,0.0,15188.111328125,112.33612823486328,0.25956544280052185
1776176170273,1.0,0.0,15188.671875,112.6015625,0.25969767570495605
1776176170293,1.0,0.0,15189.1396484375,112.81991577148438,0.2598535120487213
1776176170313,1.0,0.0,15190.171875,113.09683990478516,0.26014235615730286
1776176170334,1.0,0.0,15190.7373046875,113.39031982421875,0.2602722644805908
1776176170353,1.0,0.0,15191.208984375,113.63591766357422,0.2604311406612396
1776176170373,1.0,0.0,15191.7763671875,113.909423828125,0.26058751344680786
1776176170393,1.0,0.0,15192.3447265625,114.16417694091797,0.2607198655605316
1776176170413,1.0,0.0,15193.3896484375,114.37679290771484,0.26101183891296387
1776176170434,1.0,0.0,15193.8662109375,114.64812469482422,0.2611696720123291
1776176170453,1.0,0.0,15194.4384765625,114.92628479003906,0.2613030672073364
1776176170473,1.0,0.0,15194.9169921875,115.15345001220703,0.26146385073661804
1776176170493,1.0,0.0,15195.4921875,115.40836334228516,0.2615968585014343
1776176170513,1.0,0.0,15196.548828125,115.67230224609375,0.26191678643226624
1776176170534,1.0,0.0,15197.126953125,115.83834075927734,0.2620507478713989
1776176170553,0.9804499745368958,0.0,15197.609375,115.80889892578125,0.26221299171447754
1776176170573,0.8827999830245972,0.0,15198.1884765625,115.78165435791016,0.2623461186885834
1776176170593,0.78125,0.0,15198.6708984375,115.75472259521484,0.26250678300857544
1776176170613,0.6601499915122986,0.0,15199.73046875,115.7195816040039,0.26280415058135986
1776176170634,0.5508000254631042,0.0,15200.30859375,115.68291473388672,0.26296287775039673
1776176170653,0.48010000586509705,0.0,15200.88671875,115.64983367919922,0.2630961835384369
1776176170673,0.4126499891281128,0.0,15201.3681640625,115.61238098144531,0.2632586359977722
1776176170693,0.4126499891281128,0.0,15201.9462890625,115.58570098876953,0.2633899450302124
1776176170713,0.4404500126838684,0.0,15202.427734375,115.54596710205078,0.26355165243148804
1776176170735,0.5,0.0,15203.486328125,115.49952697753906,0.2638452649116516
1776176170753,0.5820499658584595,0.0,15204.0634765625,115.46892547607422,0.2639787793159485
1776176170773,0.65625,0.0,15204.5439453125,115.44107818603516,0.26414111256599426
1776176170793,0.75,0.0,15205.12109375,115.78752899169922,0.2642720937728882
1776176170813,0.8359500169754028,0.0,15206.1796875,116.12905883789062,0.26459455490112305
1776176170834,0.9179500341415405,0.0,15206.759765625,116.43846130371094,0.26473021507263184
1776176170853,0.9804499745368958,0.0,15207.244140625,116.67082214355469,0.26489219069480896
1776176170873,1.0,0.0,15207.826171875,117.0091552734375,0.26502615213394165
1776176170893,1.0,0.0,15208.3125,117.31735229492188,0.26518890261650085
1776176170913,1.0,0.0,15209.3876953125,117.65914916992188,0.26548728346824646
1776176170934,1.0,0.0,15209.9765625,117.98223114013672,0.2656517028808594
1776176170953,1.0,0.0,15210.56640625,118.33001708984375,0.26578691601753235
1776176170973,1.0,0.0,15211.0595703125,118.66930389404297,0.2659521996974945
1776176170993,1.0,0.0,15211.65234375,118.93167877197266,0.266089528799057
1776176171013,1.0,0.0,15212.7421875,119.08715057373047,0.2663927972316742
1776176171034,1.0,0.0,15213.23828125,119.29209899902344,0.26655739545822144
1776176171053,1.0,0.0,15213.833984375,119.48416900634766,0.26669660210609436
1776176171073,1.0,0.0,15214.3310546875,119.64125061035156,0.2668617367744446
1776176171093,1.0,0.0,15214.9287109375,119.86271667480469,0.26702937483787537
1776176171113,1.0,0.0,15216.0263671875,120.1656494140625,0.26733434200286865
1776176171134,1.0,0.0,15216.626953125,120.46037292480469,0.26747429370880127
1776176171153,1.0,0.0,15217.12890625,120.66423797607422,0.2676418721675873
1776176171173,1.0,0.0,15217.7314453125,120.84999084472656,0.2677820324897766
1776176171193,1.0,0.0,15218.234375,121.01056671142578,0.26795095205307007
1776176171213,1.0,0.0,15218.837890625,121.22630310058594,0.2680915892124176
1776176171234,1.0,0.0,15219.947265625,121.45330810546875,0.2684016227722168
1776176171253,1.0,0.0,15220.4521484375,121.65917205810547,0.26857101917266846
1776176171273,1.0,0.0,15221.0595703125,121.9183120727539,0.2687404453754425
1776176171293,1.0,0.0,15221.66796875,122.18508911132812,0.26888367533683777
1776176171313,1.0,0.0,15222.7861328125,122.39442443847656,0.26919543743133545
1776176171334,1.0,0.0,15223.2958984375,122.62454223632812,0.26936599612236023
1776176171353,1.0,0.0,15223.908203125,122.84638214111328,0.26950690150260925
1776176171373,1.0,0.0,15224.4189453125,123.03486633300781,0.26968079805374146
1776176171393,1.0,0.0,15225.033203125,123.28620910644531,0.269824743270874
1776176171413,1.0,0.0,15226.162109375,123.55279541015625,0.27016833424568176
1776176171434,1.0,0.0,15226.779296875,123.81690216064453,0.2703115940093994
1776176171453,1.0,0.0,15227.294921875,124.06078338623047,0.2704866826534271
1776176171473,1.0,0.0,15227.9140625,124.31668853759766,0.27062997221946716
1776176171493,1.0,0.0,15228.431640625,124.53600311279297,0.2708030045032501
1776176171513,1.0,0.0,15229.5712890625,124.80240631103516,0.27112290263175964
1776176171533,1.0,0.0,15230.1953125,125.06757354736328,0.27129659056663513
1776176171553,1.0,0.0,15230.8203125,125.30136108398438,0.2714417576789856
1776176171573,1.0,0.0,15231.341796875,125.55789184570312,0.2716183364391327
1776176171593,1.0,0.0,15231.96875,125.80022430419922,0.27176347374916077
1776176171613,1.0,0.0,15233.12109375,126.04903411865234,0.2720869779586792
1776176171634,1.0,0.0,15233.646484375,126.31673431396484,0.2722628116607666
1776176171653,1.0,0.0,15234.27734375,126.56661987304688,0.272410124540329
1776176171673,1.0,0.0,15234.8046875,126.78202819824219,0.2725863754749298
1776176171693,1.0,0.0,15235.4384765625,127.03874206542969,0.27273455262184143
1776176171713,1.0,0.0,15236.6025390625,127.28789520263672,0.27308881282806396
1776176171734,1.0,0.0,15237.2392578125,127.57550811767578,0.2732369303703308
1776176171753,1.0,0.0,15237.7705078125,127.80217742919922,0.2734140157699585
1776176171773,1.0,0.0,15238.4091796875,128.05099487304688,0.27356553077697754
1776176171793,1.0,0.0,15238.9423828125,128.2377166748047,0.27374351024627686
1776176171813,1.0,0.0,15240.1171875,128.48800659179688,0.27407175302505493
1776176171833,1.0,0.0,15240.759765625,128.77870178222656,0.27425095438957214
1776176171853,1.0,0.0,15241.4033203125,129.01821899414062,0.27440205216407776
1776176171873,1.0,0.0,15241.9404296875,129.26864624023438,0.2745834290981293
1776176171893,1.0,0.0,15242.5859375,129.5258331298828,0.27473291754722595
1776176171913,1.0,0.0,15243.7724609375,129.72010803222656,0.27506551146507263
1776176171934,1.0,0.0,15244.3125,129.9563446044922,0.275245726108551
1776176171953,1.0,0.0,15244.9619140625,130.2305145263672,0.27539998292922974
1776176171973,1.0,0.0,15245.50390625,130.44761657714844,0.2755807340145111
1776176171993,1.0,0.0,15246.1552734375,130.70175170898438,0.2757317125797272
1776176172013,1.0,0.0,15247.3525390625,130.9474639892578,0.2761008143424988
1776176172034,1.0,0.0,15248.0068359375,131.17689514160156,0.27625036239624023
1776176172053,1.0,0.0,15248.552734375,131.4284210205078,0.2764344811439514
1776176172074,1.0,0.0,15249.208984375,131.67044067382812,0.2765883207321167
1776176172093,1.0,0.0,15249.7568359375,131.88168334960938,0.2767731547355652
1776176172113,1.0,0.0,15250.96484375,132.1179962158203,0.27711164951324463
1776176172133,1.0,0.0,15251.625,132.3798370361328,0.2772970497608185
1776176172153,1.0,0.0,15252.2861328125,132.57554626464844,0.27745163440704346
1776176172173,1.0,0.0,15252.837890625,132.8023681640625,0.27763631939888
1776176172193,1.0,0.0,15253.5009765625,133.0488739013672,0.27779272198677063
1776176172213,1.0,0.0,15254.7197265625,133.25765991210938,0.27813389897346497
1776176172234,1.0,0.0,15255.275390625,133.49302673339844,0.27832162380218506
1776176172253,1.0,0.0,15255.9423828125,133.72181701660156,0.2784755229949951
1776176172273,1.0,0.0,15256.4990234375,133.92578125,0.2786632180213928
1776176172293,0.9648499488830566,0.0,15257.16796875,134.15975952148438,0.2788201868534088
1776176172314,0.7148500084877014,0.0,15258.3974609375,134.3926544189453,0.2791959047317505
1776176172333,0.41659998893737793,0.0,15259.0693359375,134.54684448242188,0.2793528437614441
1776176172353,0.0,0.0,15259.6298828125,134.62677001953125,0.2795412242412567
1776176172375,0.0,0.0,15260.302734375,134.59742736816406,0.2796979248523712
1776176172393,0.0,0.0,15260.86328125,134.54629516601562,0.27988526225090027
1776176172413,0.0,0.0,15262.0966796875,134.48065185546875,0.28023213148117065
1776176172434,0.0,0.0,15262.7685546875,134.4134979248047,0.2803891599178314
1776176172453,0.0,0.0,15263.328125,134.35238647460938,0.2805771827697754
1776176172473,0.0,0.0,15264.0,134.27822875976562,0.2807641625404358
1776176172494,0.0,3.150863994960673e-05,15264.6708984375,134.2032928466797,0.2809205949306488
1776176172513,0.0,0.047383863478899,15265.9013671875,134.1369171142578,0.2812643051147461
1776176172533,0.0,0.4337609112262726,15266.4599609375,133.97189331054688,0.2814514636993408
1776176172553,0.0,1.0,15267.1298828125,133.48526000976562,0.2816075086593628
1776176172574,0.0,1.0,15267.6875,132.8430938720703,0.2817939221858978
1776176172593,0.0,1.0,15268.353515625,132.05136108398438,0.2819492220878601
1776176172614,0.0,0.7132585644721985,15269.56640625,131.24884033203125,0.28231704235076904
1776176172634,0.0,0.4663964509963989,15270.22265625,130.61119079589844,0.28247004747390747
1776176172653,0.0,0.3593418002128601,15270.7666015625,130.06976318359375,0.28262215852737427
1776176172674,0.0,0.36630862951278687,15271.30859375,129.65545654296875,0.2828044295310974
1776176172695,0.0,0.5559706687927246,15271.9580078125,129.21400451660156,0.28298458456993103
1776176172715,0.0,0.8478404879570007,15273.1435546875,128.6370086669922,0.28331485390663147
1776176172734,0.0,1.0,15273.7880859375,128.01666259765625,0.28346365690231323
1776176172754,0.0,1.0,15274.322265625,127.3294677734375,0.28364306688308716
1776176172773,0.0,1.0,15274.9609375,126.51223754882812,0.28382164239883423
1776176172793,0.0,1.0,15275.595703125,125.68095397949219,0.2839694619178772
1776176172813,0.0,1.0,15276.7509765625,124.95957946777344,0.2842918634414673
1776176172834,0.0,1.0,15277.271484375,124.1148910522461,0.2844669222831726
1776176172854,0.0,1.0,15277.8935546875,123.27044677734375,0.2846097946166992
1776176172873,0.0,1.0,15278.4091796875,122.5147933959961,0.2847805321216583
1776176172893,0.0,1.0,15279.0244140625,121.62619018554688,0.2849235236644745
1776176172913,0.0,1.0,15280.142578125,120.74295806884766,0.2852647304534912
1776176172934,0.0,1.0,15280.7470703125,120.02185821533203,0.28540515899658203
1776176172953,0.0,1.0,15281.248046875,119.15573120117188,0.2855739891529083
1776176172973,0.0,1.0,15281.845703125,118.23624420166016,0.285712331533432
1776176172993,0.0,1.0,15282.3408203125,117.48566436767578,0.2858789265155792
1776176173013,0.0,1.0,15283.4208984375,116.63702392578125,0.28618285059928894
1776176173033,0.0,1.0,15284.0048828125,115.78470611572266,0.2863439917564392
1776176173053,0.0,1.0,15284.5859375,115.01947784423828,0.28648003935813904
1776176173073,0.0,1.0,15285.0673828125,114.1641845703125,0.2866440415382385
1776176173093,0.0,1.0,15285.6416015625,113.34703063964844,0.28677722811698914
1776176173113,0.0,1.0,15286.6845703125,112.64897918701172,0.2870730459690094
1776176173133,0.0,1.0,15287.154296875,111.8064956665039,0.2872315049171448
1776176173153,0.0,1.0,15287.71484375,110.99769592285156,0.287360280752182
1776176173173,0.0,1.0,15288.1796875,110.31382751464844,0.2875213027000427
1776176173193,0.0,1.0,15288.734375,109.49934387207031,0.2876768112182617
1776176173213,0.0,1.0,15289.7412109375,108.6590576171875,0.2879646420478821
1776176173233,0.0,1.0,15290.28515625,107.94544219970703,0.2880942225456238
1776176173253,0.0,1.0,15290.736328125,107.16683197021484,0.2882496416568756
1776176173273,0.0,1.0,15291.2744140625,106.37662506103516,0.2883756458759308
1776176173293,0.0,1.0,15291.7197265625,105.64659881591797,0.2885279357433319
1776176173313,0.0,1.0,15292.69140625,104.74427795410156,0.28880950808525085
1776176173334,0.0,1.0,15293.2158203125,103.86205291748047,0.2889605760574341
1776176173353,0.0,1.0,15293.736328125,103.11988067626953,0.28908461332321167
1776176173373,0.0,1.0,15294.16796875,102.23692321777344,0.28923118114471436
1776176173393,0.0,1.0,15294.681640625,101.33784484863281,0.28935712575912476
1776176173413,0.0,1.0,15295.6142578125,100.56587982177734,0.289627343416214
1776176173433,0.0,1.0,15296.0341796875,99.70671081542969,0.2897721827030182
1776176173453,0.0,1.0,15296.5341796875,98.83125305175781,0.28989213705062866
1776176173473,0.0,1.0,15296.9482421875,98.06033325195312,0.29004040360450745
1776176173493,0.0,1.0,15297.44140625,97.14148712158203,0.2901565730571747
1776176173513,0.0,1.0,15298.3359375,96.27489471435547,0.2904457747936249
1776176173533,0.0,1.0,15298.818359375,95.52530670166016,0.29056209325790405
1776176173553,0.0,1.0,15299.2177734375,94.65216827392578,0.290697306394577
1776176173573,0.0,0.9146422147750854,15299.693359375,93.74653625488281,0.290815144777298
1776176173593,0.0,0.8093602657318115,15300.0869140625,93.01770782470703,0.29095587134361267
1776176173613,0.0,0.7602721452713013,15300.943359375,92.16258239746094,0.2912081182003021
1776176173637,0.0,0.6795321106910706,15301.4052734375,91.20850372314453,0.29131898283958435
1776176173654,0.0,0.6468548774719238,15301.7880859375,90.62692260742188,0.29145434498786926
1776176173673,0.0,0.6154777407646179,15302.244140625,89.84939575195312,0.2915887236595154
1776176173693,0.0,0.605271577835083,15302.6962890625,89.09735107421875,0.2916989326477051
1776176173713,0.0,0.5753976702690125,15303.5166015625,88.48079681396484,0.2919412851333618
1776176173734,0.0,0.5187981128692627,15303.8857421875,87.8514633178711,0.2920723557472229
1776176173753,0.0,0.4417574405670166,15304.326171875,87.28055572509766,0.292182981967926
1776176173775,0.0,0.3593418002128601,15304.69140625,86.74645233154297,0.2923130989074707
1776176173793,0.0,0.3131811320781708,15305.1279296875,86.33993530273438,0.29242074489593506
1776176173813,0.0,0.26043614745140076,15305.921875,85.93487548828125,0.29267600178718567
1776176173833,0.0,0.23925209045410156,15306.3525390625,85.62752532958984,0.29278427362442017
1776176173853,0.0,0.2192992866039276,15306.7099609375,85.28760528564453,0.29291319847106934
1776176173873,0.0,0.20520155131816864,15307.1376953125,84.9657211303711,0.29302120208740234
1776176173893,0.0,0.2006537765264511,15307.4931640625,84.69956970214844,0.293145090341568
1776176173913,0.0,0.20520155131816864,15308.2724609375,84.408447265625,0.29337838292121887
1776176173933,0.0,0.20982453227043152,15308.6953125,84.12047576904297,0.29348355531692505
1776176173953,0.0,0.20982453227043152,15309.046875,83.86195373535156,0.29360783100128174
1776176173973,0.0,0.20520155131816864,15309.4677734375,83.55461120605469,0.2937331795692444
1776176173993,0.0,0.19618041813373566,15309.8876953125,83.25154876708984,0.2938344478607178
1776176174013,0.0,0.17896243929862976,15310.6533203125,83.00797271728516,0.29406672716140747
1776176174033,0.0,0.17080825567245483,15311.0,82.72893524169922,0.29419225454330444
1776176174055,0.0,0.16293016076087952,15311.4150390625,82.45316314697266,0.2942926585674286
1776176174074,0.0,0.1590927094221115,15311.759765625,82.18266296386719,0.29441338777542114
1776176174093,0.0,0.1590927094221115,15312.171875,81.95967102050781,0.294515460729599
1776176174113,0.0,0.16683508455753326,15312.5146484375,81.69186401367188,0.29463785886764526
1776176174133,0.0,0.1748504638671875,15313.333984375,81.45372772216797,0.29485973715782166
1776176174153,0.0,0.1873987913131714,15313.673828125,81.17498779296875,0.2949827015399933
1776176174173,0.0,0.2006537765264511,15314.080078125,80.89118194580078,0.2950834631919861
1776176174193,0.0,0.2006537765264511,15314.41796875,80.63568878173828,0.2951979637145996
1776176174214,0.0,0.19178064167499542,15315.158203125,80.3310775756836,0.29541730880737305
1776176174233,0.0,0.1515703648328781,15315.5595703125,80.02669525146484,0.29553863406181335
1776176174253,0.0,0.08051890879869461,15315.9599609375,79.78105163574219,0.29563626646995544
1776176174273,0.0,0.004824841860681772,15316.29296875,79.56263732910156,0.29575178027153015
1776176174293,0.0,0.0,15316.69140625,79.39966583251953,0.29585060477256775
1776176174315,0.0,0.0,15317.4189453125,79.2659912109375,0.2960665822029114
1776176174333,0.0,0.0,15317.7490234375,79.11279296875,0.29618117213249207
1776176174353,0.0,0.0,15318.14453125,78.96514129638672,0.2962791323661804
1776176174373,0.0,0.0,15318.4736328125,78.83655548095703,0.2963945269584656
1776176174393,0.0,0.0,15318.8681640625,78.68148803710938,0.2965078353881836
1776176174413,0.0,0.0,15319.5908203125,78.52088165283203,0.29672032594680786
1776176174436,0.0,0.0,15319.9833984375,78.35781860351562,0.29681557416915894
1776176174454,0.0,0.0,15320.310546875,78.22359466552734,0.2969296872615814
1776176174473,0.16269999742507935,0.0,15320.7021484375,78.07310485839844,0.29702407121658325
1776176174493,0.2738000154495239,0.0,15321.0283203125,77.95945739746094,0.29713648557662964
1776176174513,0.31744998693466187,0.0,15321.744140625,77.83954620361328,0.29734736680984497
1776176174534,0.31744998693466187,0.0,15322.1337890625,77.73348999023438,0.2974594831466675
1776176174553,0.289650022983551,0.0,15322.5224609375,77.65601348876953,0.29755327105522156
1776176174573,0.21825000643730164,0.0,15322.8466796875,77.56816101074219,0.2976655066013336
1776176174593,0.14285001158714294,0.0,15323.2353515625,77.4691162109375,0.2977607250213623
1776176174614,0.09525001049041748,0.0,15323.9462890625,77.38233184814453,0.2979644238948822
1776176174633,0.047600001096725464,0.0,15324.2685546875,77.2733383178711,0.29807642102241516
1776176174653,0.0,0.0,15324.6552734375,77.14554595947266,0.2981698215007782
1776176174673,0.0,0.0,15324.9765625,77.01705169677734,0.2982821464538574
1776176174693,0.0,0.0,15325.3623046875,76.85643768310547,0.2983730733394623
1776176174716,0.0,0.0,15326.06640625,76.6924057006836,0.29859378933906555
1776176174733,0.0,0.0,15326.4501953125,76.54389190673828,0.29868701100349426
1776176174753,0.0,0.0,15326.7685546875,76.3681869506836,0.298796683549881
1776176174774,0.0,0.0,15327.150390625,76.19087219238281,0.29888716340065
1776176174793,0.0,0.0,15327.4677734375,76.0428695678711,0.2989976108074188
1776176174813,0.0,0.0,15327.8486328125,75.87193298339844,0.29908791184425354
1776176174833,0.0,0.0,15328.5439453125,75.69537353515625,0.2992873191833496
1776176174853,0.0,0.0,15328.859375,75.54667663574219,0.2993963956832886
1776176174873,0.0,0.0,15329.2373046875,75.36402893066406,0.29950380325317383
1776176174893,0.0,0.0,15329.6142578125,75.18277740478516,0.2995932400226593
1776176174913,0.0,0.0,15329.927734375,75.02791595458984,0.29970186948776245
1776176174934,0.0,0.0,15330.6162109375,74.84602355957031,0.2998979687690735
1776176174953,0.0,0.0,15330.990234375,74.66317749023438,0.2999858260154724
1776176174973,0.0,0.0,15331.3017578125,74.51126098632812,0.3000907301902771
1776176174993,0.0,0.0,15331.6748046875,74.33450317382812,0.30019819736480713
1776176175013,0.0,0.0,15332.3564453125,74.15310668945312,0.30039045214653015
1776176175033,0.0,0.0,15332.7275390625,74.0003662109375,0.300479531288147
1776176175053,0.0,0.0,15333.0361328125,73.82705688476562,0.30058377981185913
1776176175073,0.0,0.0,15333.4052734375,73.65318298339844,0.3006700277328491
1776176175093,0.0,0.0,15333.712890625,73.50383758544922,0.3007756769657135
1776176175114,0.0,0.0,15334.3876953125,73.3363037109375,0.3009675443172455
1776176175134,0.0,0.0,15334.7548828125,73.16859436035156,0.3010706901550293
1776176175153,0.0,0.0,15335.12109375,73.02503967285156,0.3011561632156372
1776176175173,0.0,0.0,15335.42578125,72.86038970947266,0.3012605309486389
1776176175193,0.0,0.0,15335.7900390625,72.68806457519531,0.30134642124176025
1776176175213,0.0,0.0,15336.45703125,72.53504180908203,0.30153411626815796
1776176175235,0.0,0.0,15336.7587890625,72.36653900146484,0.3016360402107239
1776176175254,0.0,0.0,15337.12109375,72.2116470336914,0.30172112584114075
1776176175273,0.0,0.0,15337.421875,72.06948852539062,0.30182304978370667
1776176175293,0.0,0.0,15337.7822265625,71.89363861083984,0.30192482471466064
1776176175313,0.0,0.0,15338.4423828125,71.71269226074219,0.30210915207862854
1776176175335,0.0,0.0,15338.80078125,71.52767944335938,0.3021937608718872
1776176175353,0.0,0.0,15339.0986328125,71.36907958984375,0.30229440331459045
1776176175373,0.0,0.0,15339.4560546875,71.18721008300781,0.3023780286312103
1776176175393,0.0,0.0,15339.7529296875,71.03849792480469,0.3024778962135315
1776176175413,0.0,0.0,15340.404296875,70.85579681396484,0.30266180634498596
1776176175433,0.0,0.0,15340.7587890625,70.67472076416016,0.3027602732181549
1776176175453,0.0,0.0,15341.1123046875,70.51747131347656,0.30284374952316284
1776176175473,0.0,0.0,15341.40625,70.3364486694336,0.30294254422187805
1776176175493,0.0,0.0,15341.7587890625,70.15229034423828,0.30302563309669495
1776176175514,0.0,0.0,15342.40234375,69.99732208251953,0.3032052516937256
1776176175534,0.04365000128746033,0.0,15342.6943359375,69.81400299072266,0.30330324172973633
1776176175553,0.10315001010894775,0.0,15343.0439453125,69.64142608642578,0.30338436365127563
1776176175573,0.14285001158714294,0.0,15343.333984375,69.50732421875,0.30348193645477295
1776176175593,0.1904500126838684,0.0,15343.681640625,69.35789489746094,0.3035632073879242
1776176175613,0.2459999918937683,0.0,15344.3173828125,69.212646484375,0.30375730991363525
1776176175634,0.2857000231742859,0.0,15344.6630859375,69.07574462890625,0.30383822321891785
1776176175653,0.31345000863075256,0.0,15344.951171875,68.966064453125,0.3039354979991913
1776176175673,0.33329999446868896,0.0,15345.2958984375,68.84941101074219,0.3040314316749573
1776176175693,0.3452000021934509,0.0,15345.640625,68.76200103759766,0.3041280508041382
1776176175713,0.3571000099182129,0.0,15345.9853515625,68.6779556274414,0.3042084276676178
1776176175734,0.361050009727478,0.0,15346.615234375,68.6138916015625,0.30438539385795593
1776176175754,0.36900001764297485,0.0,15346.9013671875,68.5569076538086,0.3044809401035309
1776176175773,0.3769499957561493,0.0,15347.244140625,68.51343536376953,0.30456116795539856
1776176175793,0.38885000348091125,0.0,15347.529296875,68.47489166259766,0.30465754866600037
1776176175813,0.40869998931884766,0.0,15347.8720703125,68.45564270019531,0.3047530949115753
1776176175834,0.42454999685287476,0.0,15348.5,68.43510437011719,0.3049291670322418
1776176175853,0.44440001249313354,0.0,15348.841796875,68.42906188964844,0.3050088882446289
1776176175873,0.46024999022483826,0.0,15349.126953125,68.4293212890625,0.30510422587394714
1776176175894,0.4761500060558319,0.0,15349.4697265625,68.44744873046875,0.3051835298538208
1776176175913,0.48805001378059387,0.0,15349.7548828125,68.47238159179688,0.30527985095977783
1776176175934,0.49994999170303345,0.0,15350.3828125,68.5018539428711,0.3054552972316742
1776176175953,0.5038999915122986,0.0,15350.7255859375,68.53274536132812,0.3055511713027954
1776176175973,0.5156000256538391,0.0,15351.068359375,68.56743621826172,0.3056311309337616
1776176175993,0.5351499915122986,0.0,15351.3544921875,68.60044860839844,0.30572745203971863
1776176176013,0.5663999915122986,0.0,15351.697265625,68.65138244628906,0.3058072626590729
1776176176033,0.5859500169754028,0.0,15352.3271484375,68.71967315673828,0.30598393082618713
1776176176053,0.5976499915122986,0.0,15352.61328125,68.78292083740234,0.3060803711414337
1776176176073,0.6054499745368958,0.0,15352.95703125,68.86375427246094,0.30616044998168945
1776176176093,0.6054499745368958,0.0,15353.244140625,68.94400024414062,0.30625730752944946
1776176176113,0.6054499745368958,0.0,15353.5888671875,69.02423858642578,0.3063541650772095
1776176176134,0.6015499830245972,0.0,15354.2216796875,69.12461853027344,0.30653122067451477
1776176176153,0.5976499915122986,0.0,15354.5673828125,69.20454406738281,0.3066123425960541
1776176176174,0.59375,0.0,15354.85546875,69.2689437866211,0.3067089915275574
1776176176193,0.59375,0.0,15355.201171875,69.33493041992188,0.30678966641426086
1776176176213,0.59375,0.0,15355.490234375,69.43522644042969,0.3068867325782776
1776176176234,0.5898500084877014,0.0,15356.1259765625,69.5264892578125,0.3070651590824127
1776176176253,0.5898500084877014,0.0,15356.4736328125,69.6233139038086,0.30716264247894287
1776176176273,0.5898500084877014,0.0,15356.8212890625,69.7171859741211,0.30724430084228516
1776176176293,0.5898500084877014,0.0,15357.111328125,69.7992935180664,0.30734220147132874
1776176176313,0.5859500169754028,0.0,15357.4599609375,69.89009857177734,0.30742347240448
1776176176335,0.5859500169754028,0.0,15358.1005859375,69.97777557373047,0.30760371685028076
1776176176353,0.5780999660491943,0.0,15358.3916015625,70.04414367675781,0.30770212411880493
1776176176373,0.5741999745368958,0.0,15358.7412109375,70.12308502197266,0.30778399109840393
1776176176393,0.5702999830245972,0.0,15359.033203125,70.17398071289062,0.30788299441337585
1776176176413,0.5663999915122986,0.0,15359.3837890625,70.20829010009766,0.30798137187957764
1776176176434,0.5625,0.0,15360.0263671875,70.24662017822266,0.30816128849983215
1776176176454,0.5586000084877014,0.0,15360.376953125,70.28499603271484,0.3082435727119446
1776176176473,0.5508000254631042,0.0,15360.669921875,70.312744140625,0.30834197998046875
1776176176493,0.5468500256538391,0.0,15361.021484375,70.34782409667969,0.30842411518096924
1776176176513,0.5429499745368958,0.0,15361.314453125,70.39566040039062,0.30852293968200684
1776176176534,0.5429499745368958,0.0,15361.9599609375,70.44713592529297,0.3087047040462494
1776176176553,0.5390499830245972,0.0,15362.3125,70.49392700195312,0.3088042736053467
1776176176573,0.5390499830245972,0.0,15362.6650390625,70.54744720458984,0.30888649821281433
1776176176593,0.5390499830245972,0.0,15362.958984375,70.58172607421875,0.3089856505393982
1776176176613,0.5351499915122986,0.0,15363.3125,70.6243896484375,0.30906787514686584
1776176176633,0.53125,0.0,15363.9599609375,70.67344665527344,0.3092496693134308
1776176176653,0.53125,0.0,15364.2548828125,70.71084594726562,0.3093484044075012
1776176176673,0.5273500084877014,0.0,15364.6083984375,70.75787353515625,0.30944758653640747
1776176176693,0.5273500084877014,0.0,15364.9619140625,70.80565643310547,0.30953022837638855
1776176176713,0.5234500169754028,0.0,15365.2568359375,70.84519958496094,0.30962926149368286
1776176176733,0.5195500254631042,0.0,15365.9052734375,70.88542175292969,0.30981141328811646
1776176176753,0.5156000256538391,0.0,15366.259765625,70.9140853881836,0.3098941445350647
1776176176773,0.5077999830245972,0.0,15366.5546875,70.93177032470703,0.3099937438964844
1776176176793,0.5077999830245972,0.0,15366.9091796875,70.94927978515625,0.3100760877132416
1776176176813,0.5077999830245972,0.0,15367.205078125,70.9593734741211,0.31017547845840454
1776176176834,0.5077999830245972,0.0,15367.9140625,70.96393585205078,0.31035763025283813
1776176176853,0.5077999830245972,0.0,15368.2099609375,70.968017578125,0.31045669317245483
1776176176874,0.5077999830245972,0.0,15368.564453125,70.97555541992188,0.3105391561985016
1776176176893,0.5077999830245972,0.0,15368.8603515625,70.9889144897461,0.3106381893157959
1776176176913,0.5077999830245972,0.0,15369.2158203125,71.00960540771484,0.3107210397720337
1776176176934,0.5077999830245972,0.0,15369.8671875,71.03292083740234,0.31090280413627625
1776176176953,0.5077999830245972,0.0,15370.1630859375,71.05714416503906,0.3110017776489258
1776176176973,0.5038999915122986,0.0,15370.5185546875,71.09115600585938,0.3111007511615753
1776176176993,0.5038999915122986,0.0,15370.8740234375,71.11665344238281,0.31118324398994446
1776176177013,0.5038999915122986,0.0,15371.1708984375,71.13189697265625,0.3112824559211731
1776176177033,0.5038999915122986,0.0,15371.8232421875,71.16218566894531,0.31146305799484253
1776176177053,0.5,0.0,15372.1787109375,71.20316314697266,0.3115457594394684
1776176177073,0.5,0.0,15372.4755859375,71.240234375,0.31164494156837463
1776176177093,0.5,0.0,15372.83203125,71.28639221191406,0.3117273151874542
1776176177113,0.5,0.0,15373.12890625,71.32801055908203,0.3118261992931366
1776176177133,0.5,0.0,15373.7822265625,71.35859680175781,0.31200748682022095
1776176177153,0.5,0.0,15374.138671875,71.39254760742188,0.31210586428642273
1776176177173,0.5,0.0,15374.4951171875,71.41651153564453,0.3121887743473053
1776176177193,0.5,0.0,15374.7919921875,71.41616821289062,0.3122882843017578
1776176177213,0.49994999170303345,0.0,15375.1484375,71.41956329345703,0.31236910820007324
1776176177234,0.49994999170303345,0.0,15375.8037109375,71.44441986083984,0.3125509023666382
1776176177253,0.49994999170303345,0.0,15376.1015625,71.46731567382812,0.312648743391037
1776176177273,0.49994999170303345,0.0,15376.458984375,71.49219512939453,0.31274786591529846
1776176177293,0.49994999170303345,0.0,15376.81640625,71.5263900756836,0.3128298223018646
1776176177313,0.49994999170303345,0.0,15377.1142578125,71.56605529785156,0.31292814016342163
1776176177334,0.49994999170303345,0.0,15377.771484375,71.62222290039062,0.3131093978881836
1776176177354,0.49994999170303345,0.0,15378.1298828125,71.67916107177734,0.3131917715072632
1776176177373,0.49994999170303345,0.0,15378.4287109375,71.72590637207031,0.31329062581062317
1776176177393,0.4959999918937683,0.0,15378.7880859375,71.78413391113281,0.31337234377861023
1776176177413,0.48805001378059387,0.0,15379.0869140625,71.85136413574219,0.313470721244812
1776176177434,0.4721499979496002,0.0,15379.8056640625,71.9227066040039,0.31365206837654114
1776176177453,0.46024999022483826,0.0,15380.10546875,71.97972106933594,0.3137533664703369
1776176177473,0.44440001249313354,0.0,15380.4658203125,72.03970336914062,0.3138328492641449
1776176177493,0.4364500045776367,0.0,15380.765625,72.09266662597656,0.3139321208000183
1776176177514,0.4325000047683716,0.0,15381.1259765625,72.15318298339844,0.31401410698890686
1776176177535,0.4325000047683716,0.0,15381.787109375,72.20626831054688,0.3141952157020569
1776176177553,0.4364500045776367,0.0,15382.087890625,72.23309326171875,0.3142947256565094
1776176177573,0.44440001249313354,0.0,15382.44921875,72.27751922607422,0.31439337134361267
1776176177593,0.46024999022483826,0.0,15382.810546875,72.34135437011719,0.31447574496269226
1776176177613,0.4721499979496002,0.0,15383.111328125,72.38775634765625,0.3145735561847687
1776176177633,0.48805001378059387,0.0,15383.7744140625,72.44722747802734,0.3147558271884918
1776176177653,0.5,0.0,15384.13671875,72.51680755615234,0.31483790278434753
1776176177673,0.5077999830245972,0.0,15384.4384765625,72.5836181640625,0.3149385452270508
1776176177693,0.5156000256538391,0.0,15384.80078125,72.67060089111328,0.31501978635787964
1776176177713,0.5234500169754028,0.0,15385.103515625,72.75662231445312,0.31511980295181274
1776176177733,0.5234500169754028,0.0,15385.76953125,72.82750701904297,0.31530073285102844
1776176177753,0.5234500169754028,0.0,15386.1337890625,72.90831756591797,0.3154016137123108
1776176177773,0.5156000256538391,0.0,15386.498046875,72.99659729003906,0.3154827952384949
1776176177794,0.5077999830245972,0.0,15386.8017578125,73.09638977050781,0.3155820965766907
1776176177813,0.5038999915122986,0.0,15387.1669921875,73.18529510498047,0.3156653940677643
1776176177834,0.5,0.0,15387.837890625,73.28697967529297,0.31584760546684265
1776176177853,0.492000013589859,0.0,15388.1435546875,73.36808013916016,0.3159469664096832
1776176177873,0.4761500060558319,0.0,15388.509765625,73.45594787597656,0.3160465359687805
1776176177894,0.46424999833106995,0.0,15388.876953125,73.54414367675781,0.3161303699016571
1776176177913,0.46024999022483826,0.0,15389.1826171875,73.6204833984375,0.3162303566932678
1776176177934,0.4562999904155731,0.0,15389.857421875,73.70390319824219,0.31641465425491333
1776176177953,0.4562999904155731,0.0,15390.2255859375,73.78611755371094,0.31649795174598694
1776176177973,0.4562999904155731,0.0,15390.533203125,73.85990142822266,0.3165987432003021
1776176177993,0.46424999833106995,0.0,15390.90234375,73.9503173828125,0.31668245792388916
1776176178013,0.4681999981403351,0.0,15391.2099609375,74.03738403320312,0.31678199768066406
1776176178034,0.48410001397132874,0.0,15391.9501953125,74.12751007080078,0.3169659972190857
1776176178053,0.49994999170303345,0.0,15392.2587890625,74.20826721191406,0.31706637144088745
1776176178073,0.5156000256538391,0.0,15392.6298828125,74.30438232421875,0.3171525001525879
1776176178093,0.5625,0.0,15392.939453125,74.40229034423828,0.317251980304718
1776176178113,0.6405999660491943,0.0,15393.3115234375,74.53569793701172,0.3173348009586334
1776176178133,0.71875,0.0,15393.9951171875,74.6982650756836,0.317521870136261
1776176178153,0.7890499830245972,0.0,15394.306640625,74.8658676147461,0.31762441992759705
1776176178173,0.875,0.0,15394.6806640625,75.10295867919922,0.31772637367248535
1776176178193,0.9413999915122986,0.0,15395.0556640625,75.37797546386719,0.3178095817565918
1776176178213,0.9922000169754028,0.0,15395.369140625,75.63330841064453,0.31791236996650696
1776176178234,1.0,0.0,15396.0615234375,75.94369506835938,0.3181009888648987
1776176178253,1.0,0.0,15396.44140625,76.27880859375,0.3181876242160797
1776176178273,1.0,0.0,15396.7587890625,76.58000183105469,0.3182898163795471
1776176178293,1.0,0.0,15397.1416015625,76.92807006835938,0.31837645173072815
1776176178313,1.0,0.0,15397.4609375,77.26679992675781,0.3184817433357239
1776176178334,1.0,0.0,15398.232421875,77.59083557128906,0.31867319345474243
1776176178353,1.0,0.0,15398.5556640625,77.8705825805664,0.3187803030014038
1776176178373,1.0,0.0,15398.9443359375,78.20579528808594,0.318864643573761
1776176178393,1.0,0.0,15399.26953125,78.49765014648438,0.31897348165512085
1776176178413,1.0,0.0,15399.6611328125,78.82794189453125,0.3190617859363556
1776176178433,1.0,0.0,15400.3818359375,79.15797424316406,0.3192572593688965
1776176178454,1.0,0.0,15400.7109375,79.447509765625,0.31936395168304443
1776176178473,1.0,0.0,15401.107421875,79.7855453491211,0.3194732964038849
1776176178493,1.0,0.0,15401.4384765625,80.12451171875,0.31956496834754944
1776176178513,1.0,0.0,15401.837890625,80.40859985351562,0.31967347860336304
1776176178535,1.0,0.0,15402.5732421875,80.72771453857422,0.31987324357032776
1776176178553,1.0,0.0,15402.9765625,81.033935546875,0.31996214389801025
1776176178573,1.0,0.0,15403.3134765625,81.3027572631836,0.32007429003715515
1776176178593,1.0,0.0,15403.71875,81.6332015991211,0.3201650381088257
1776176178614,1.0,0.0,15404.0576171875,81.98526000976562,0.3202781677246094
1776176178635,1.0,0.0,15404.8076171875,82.34752655029297,0.3204830288887024
1776176178653,1.0,0.0,15405.21875,82.642333984375,0.3205946385860443
1776176178674,1.0,0.0,15405.630859375,82.9635238647461,0.3206895589828491
1776176178693,1.0,0.0,15405.9755859375,83.24203491210938,0.32080259919166565
1776176178713,1.0,0.0,15406.390625,83.58411407470703,0.32089751958847046
1776176178734,1.0,0.0,15407.1552734375,83.92864227294922,0.3211066722869873
1776176178754,1.0,0.0,15407.5048828125,84.21329498291016,0.3212209641933441
1776176178774,1.0,0.0,15407.9248046875,84.54035949707031,0.3213166296482086
1776176178793,1.0,0.0,15408.2763671875,84.8847885131836,0.3214351534843445
1776176178813,1.0,0.0,15408.69921875,85.19200134277344,0.32155075669288635
1776176178835,1.0,0.0,15409.4794921875,85.59944152832031,0.32176631689071655
1776176178853,1.0,0.0,15409.9072265625,85.89432525634766,0.32186877727508545
1776176178873,1.0,0.0,15410.2646484375,86.1823959350586,0.32198578119277954
1776176178893,1.0,0.0,15410.6943359375,86.52880859375,0.32208797335624695
1776176178913,1.0,0.0,15411.0537109375,86.87815856933594,0.3222108781337738
1776176178934,1.0,0.0,15411.9208984375,87.17724609375,0.3224370777606964
1776176178953,1.0,0.0,15412.2841796875,87.52578735351562,0.3225599229335785
1776176178973,1.0,0.0,15412.7216796875,87.87057495117188,0.3226630687713623
1776176178993,1.0,0.0,15413.0869140625,88.16957092285156,0.32279103994369507
1776176179014,1.0,0.0,15413.5263671875,88.51486206054688,0.32289573550224304
1776176179036,1.0,0.0,15414.3359375,88.84940338134766,0.32313263416290283
1776176179053,1.0,0.0,15414.7060546875,89.13475036621094,0.3232577443122864
1776176179073,1.0,0.0,15415.1513671875,89.46953582763672,0.3233886659145355
1776176179093,1.0,0.0,15415.59765625,89.80589294433594,0.3234958350658417
1776176179113,1.0,0.0,15415.970703125,90.09672546386719,0.3236282169818878
1776176179133,1.0,0.0,15416.794921875,90.44121551513672,0.32386648654937744
1776176179153,1.0,0.0,15417.2470703125,90.74510192871094,0.3239774703979492
1776176179173,1.0,0.0,15417.625,90.993896484375,0.3241094946861267
1776176179193,1.0,0.0,15418.0791015625,91.29229736328125,0.3242194354534149
1776176179213,1.0,0.0,15418.4580078125,91.65753936767578,0.3243512511253357
1776176179235,1.0,0.0,15419.3720703125,91.94322967529297,0.32459720969200134
1776176179253,1.0,0.0,15419.7548828125,92.24162292480469,0.3247312009334564
1776176179273,1.0,0.0,15420.21484375,92.52410888671875,0.3248446583747864
1776176179293,1.0,0.0,15420.599609375,92.77049255371094,0.3249807059764862
1776176179314,1.0,0.0,15421.0625,93.0623779296875,0.3250912129878998
1776176179333,1.0,0.0,15421.9140625,93.34171295166016,0.32534199953079224
1776176179353,1.0,0.0,15422.302734375,93.57730102539062,0.3254791796207428
1776176179373,1.0,0.0,15422.76953125,93.8511734008789,0.32561883330345154
1776176179393,1.0,0.0,15423.23828125,94.12662506103516,0.3257344663143158
1776176179413,1.0,0.0,15423.6298828125,94.3657455444336,0.3258732259273529
1776176179436,0.8202999830245972,0.0,15424.4931640625,94.67882537841797,0.326129287481308
1776176179453,0.5116999745368958,0.0,15424.9658203125,94.88912963867188,0.3262418806552887
1776176179473,0.13490000367164612,0.0,15425.3603515625,95.03372192382812,0.3263833224773407
1776176179493,0.0,0.0,15425.8349609375,95.06185913085938,0.32650214433670044
1776176179513,0.0,0.0,15426.23046875,94.97015380859375,0.3266410827636719
1776176179534,0.0,0.0,15427.1787109375,94.86170196533203,0.32689791917800903
1776176179553,0.0,0.0,15427.5732421875,94.715576171875,0.3270355463027954
1776176179574,0.0,0.0,15428.0458984375,94.55681610107422,0.3271510899066925
1776176179593,0.0,0.0,15428.439453125,94.41980743408203,0.32728973031044006
1776176179613,0.0,0.0,15428.9111328125,94.26177978515625,0.32740694284439087
1776176179634,0.0,0.0,15429.7744140625,94.10293579101562,0.32765892148017883
1776176179653,0.0,0.0,15430.166015625,93.96284484863281,0.3277958631515503
1776176179673,0.0,2.4670845959917642e-05,15430.6357421875,93.80213928222656,0.32791051268577576
1776176179693,0.0,0.004824841860681772,15431.0263671875,93.64820098876953,0.32804733514785767
1776176179714,0.0,0.026536842808127403,15431.494140625,93.4903793334961,0.3281857967376709
1776176179734,0.0,0.052333734929561615,15431.9619140625,93.34152221679688,0.3283219337463379
1776176179754,0.0,0.07161616533994675,15432.8955078125,93.1504898071289,0.3285745680332184
1776176179773,0.0,0.06739471852779388,15433.283203125,92.98670959472656,0.32870960235595703
1776176179793,0.0,0.052333734929561615,15433.748046875,92.78804016113281,0.32882213592529297
1776176179813,0.0,0.03716587647795677,15434.134765625,92.5914077758789,0.3289567828178406
1776176179834,0.0,0.026536842808127403,15434.5986328125,92.40545654296875,0.32909056544303894
1776176179853,0.0,0.022617517039179802,15435.4462890625,92.25263977050781,0.3293381631374359
1776176179873,0.0,0.020820438861846924,15435.9072265625,92.07775115966797,0.3294491767883301
1776176179893,0.0,0.020820438861846924,15436.291015625,91.92262268066406,0.32958197593688965
1776176179913,0.0,0.022617517039179802,15436.7509765625,91.73143005371094,0.3296944499015808
1776176179934,0.0,0.023551534861326218,15437.1337890625,91.53968048095703,0.32982492446899414
1776176179953,0.0,0.023551534861326218,15437.974609375,91.3743667602539,0.33006730675697327
1776176179973,0.0,0.02452591434121132,15438.431640625,91.17119598388672,0.33019810914993286
1776176179993,0.0,0.02452591434121132,15438.8876953125,90.97451782226562,0.3303077816963196
1776176180013,0.0,0.02551683969795704,15439.267578125,90.80509185791016,0.3304380774497986
1776176180034,0.0,0.026536842808127403,15439.72265625,90.60220336914062,0.330547034740448
1776176180053,0.0,0.02868010476231575,15440.5537109375,90.3908462524414,0.33078715205192566
1776176180074,0.0,0.029790978878736496,15440.9306640625,90.20851135253906,0.3309156000614166
1776176180093,0.0,0.029790978878736496,15441.3818359375,90.0048599243164,0.3310258388519287
1776176180113,0.0,0.029790978878736496,15441.7568359375,89.8003921508789,0.3311542868614197
1776176180135,0.0,0.029790978878736496,15442.20703125,89.58627319335938,0.33128243684768677
1776176180153,0.0,0.029790978878736496,15443.029296875,89.4001235961914,0.33151745796203613
1776176180173,0.0,0.029790978878736496,15443.4765625,89.18531799316406,0.33162516355514526
1776176180193,0.0,0.029790978878736496,15443.8486328125,89.00564575195312,0.33175355195999146
1776176180214,0.0,0.029790978878736496,15444.2939453125,88.795654296875,0.33185920119285583
1776176180234,0.0,0.029790978878736496,15444.6650390625,88.5774154663086,0.3319861888885498
1776176180253,0.0,0.029790978878736496,15445.478515625,88.38948059082031,0.33221936225891113
1776176180273,0.0,0.026536842808127403,15445.9208984375,88.1682357788086,0.3323456645011902
1776176180293,0.0,0.021699678152799606,15446.3623046875,87.94642639160156,0.3324514329433441
1776176180313,0.0,0.014670299366116524,15446.7294921875,87.7554702758789,0.33257728815078735
1776176180334,0.0,0.005444121081382036,15447.1689453125,87.54219055175781,0.33268043398857117
1776176180353,0.0,0.0005969975609332323,15447.9736328125,87.33477783203125,0.3329097628593445
1776176180373,0.0,0.0,15448.337890625,87.1546859741211,0.3330337107181549
1776176180393,0.0,0.0,15448.7744140625,86.95514678955078,0.33315709233283997
1776176180413,0.0,0.0,15449.2099609375,86.7580337524414,0.3332599699497223
1776176180435,0.0,0.0,15449.572265625,86.55914306640625,0.3333841860294342
1776176180453,0.0,0.0,15450.3681640625,86.39044189453125,0.3336062729358673
1776176180473,0.0,0.0,15450.80078125,86.18962097167969,0.33370769023895264
1776176180493,0.0,0.0,15451.16015625,86.02354431152344,0.33382996916770935
1776176180513,0.0,0.0,15451.5908203125,85.83474731445312,0.33393099904060364
1776176180534,0.0,0.0,15451.94921875,85.6391372680664,0.33405113220214844
1776176180553,0.0,0.0,15452.7353515625,85.47779846191406,0.3342718183994293
1776176180573,0.0,0.0,15453.1630859375,85.27710723876953,0.33439117670059204
1776176180593,0.0,0.0,15453.58984375,85.06576538085938,0.3344906270503998
1776176180613,0.0,0.0,15453.9453125,84.88858795166016,0.33460915088653564
1776176180634,0.0,0.0,15454.37109375,84.6897201538086,0.3347080945968628
1776176180653,0.03970000147819519,0.0,15455.1484375,84.49200439453125,0.33492374420166016
1776176180673,0.12299999594688416,0.0,15455.5009765625,84.33290100097656,0.3350408673286438
1776176180693,0.23410001397132874,0.0,15455.9228515625,84.17176818847656,0.3351573944091797
1776176180713,0.31744998693466187,0.0,15456.3447265625,84.02178192138672,0.3352547883987427
1776176180736,0.3650500178337097,0.0,15457.1162109375,83.89085388183594,0.3354680836200714
1776176180754,0.38885000348091125,0.0,15457.4658203125,83.79753875732422,0.3355828821659088
1776176180773,0.40470001101493835,0.0,15457.884765625,83.72734069824219,0.33567890524864197
1776176180793,0.40869998931884766,0.0,15458.234375,83.69180297851562,0.335794061422348
1776176180813,0.4007500112056732,0.0,15458.6533203125,83.66696166992188,0.33588922023773193
1776176180833,0.3968000113964081,0.0,15459.001953125,83.64702606201172,0.33600348234176636
1776176180853,0.38885000348091125,0.0,15459.7685546875,83.62393951416016,0.3362139165401459
1776176180873,0.38089999556541443,0.0,15460.1865234375,83.59368133544922,0.33632802963256836
1776176180894,0.36900001764297485,0.0,15460.6044921875,83.5682601928711,0.3364225924015045
1776176180913,0.361050009727478,0.0,15460.9521484375,83.53631591796875,0.33653607964515686
1776176180933,0.3571000099182129,0.0,15461.3701171875,83.47968292236328,0.33663180470466614
1776176180953,0.34915000200271606,0.0,15462.134765625,83.42159271240234,0.3368397355079651
1776176180973,0.3452000021934509,0.0,15462.482421875,83.37225341796875,0.3369538187980652
1776176180993,0.3372499942779541,0.0,15462.8994140625,83.31461334228516,0.3370653986930847
1776176181014,0.32534998655319214,0.0,15463.31640625,83.25316619873047,0.3371596038341522
1776176181037,0.30550000071525574,0.0,15464.0791015625,83.1755599975586,0.3373679220676422
1776176181053,0.289650022983551,0.0,15464.42578125,83.13294982910156,0.33748114109039307
1776176181073,0.2738000154495239,0.0,15464.841796875,83.06798553466797,0.33757323026657104
1776176181093,0.26190000772476196,0.0,15465.1884765625,82.9991455078125,0.3376868963241577
1776176181113,0.2459999918937683,0.0,15465.603515625,82.91168975830078,0.33778056502342224
1776176181134,0.24204999208450317,0.0,15465.94921875,82.8232650756836,0.33789196610450745
1776176181154,0.23805001378059387,0.0,15466.7080078125,82.74983215332031,0.3380991518497467
1776176181173,0.23805001378059387,0.0,15467.12109375,82.66324615478516,0.3381907641887665
1776176181193,0.2459999918937683,0.0,15467.4658203125,82.57508850097656,0.33830225467681885
1776176181213,0.25394999980926514,0.0,15467.87890625,82.49683380126953,0.33841416239738464
1776176181233,0.25394999980926514,0.0,15468.291015625,82.40673828125,0.3385074734687805
1776176181253,0.26190000772476196,0.0,15469.046875,82.31104278564453,0.3387111723423004
1776176181273,0.2658500075340271,0.0,15469.3896484375,82.21916198730469,0.33882322907447815
1776176181293,0.2658500075340271,0.0,15469.80078125,82.111572265625,0.3389166593551636
1776176181313,0.2658500075340271,0.0,15470.142578125,82.00440979003906,0.3390287458896637
1776176181334,0.2658500075340271,0.0,15470.552734375,81.89378356933594,0.3391396999359131
1776176181354,0.2658500075340271,0.0,15471.302734375,81.81023406982422,0.3393421471118927
1776176181373,0.26190000772476196,0.0,15471.7119140625,81.71453094482422,0.3394336402416229
1776176181393,0.25394999980926514,0.0,15472.052734375,81.62677764892578,0.3395453989505768
1776176181413,0.24994999170303345,0.0,15472.4609375,81.52020263671875,0.33963674306869507
1776176181433,0.2459999918937683,0.0,15472.80078125,81.40340423583984,0.33974677324295044
1776176181453,0.2459999918937683,0.0,15473.546875,81.29938507080078,0.33994582295417786
1776176181473,0.24204999208450317,0.0,15473.953125,81.18697357177734,0.340053915977478
1776176181493,0.24204999208450317,0.0,15474.359375,81.07748413085938,0.34014514088630676
1776176181513,0.2459999918937683,0.0,15474.697265625,80.97410583496094,0.34025487303733826
1776176181533,0.25394999980926514,0.0,15475.1025390625,80.85713958740234,0.34034639596939087
1776176181553,0.26190000772476196,0.0,15475.84375,80.75159454345703,0.34054580330848694
1776176181573,0.26980000734329224,0.0,15476.1806640625,80.66632080078125,0.34065234661102295
1776176181593,0.2817000150680542,0.0,15476.583984375,80.5645523071289,0.34076157212257385
1776176181613,0.3095000088214874,0.0,15476.9873046875,80.45674133300781,0.34085115790367126
1776176181636,0.3372499942779541,0.0,15477.322265625,80.36328887939453,0.3409585654735565
1776176181653,0.37299999594688416,0.0,15478.0595703125,80.29981231689453,0.34115689992904663
1776176181673,0.4126499891281128,0.0,15478.4609375,80.247802734375,0.34124818444252014
1776176181693,0.452349990606308,0.0,15478.794921875,80.2129135131836,0.3413549065589905
1776176181713,0.492000013589859,0.0,15479.1962890625,80.19245910644531,0.3414433002471924
1776176181734,0.5038999915122986,0.0,15479.5302734375,80.19725799560547,0.34155040979385376
1776176181753,0.5077999830245972,0.0,15480.2646484375,80.21524810791016,0.34174585342407227
1776176181773,0.5077999830245972,0.0,15480.666015625,80.24242401123047,0.3418540954589844
1776176181793,0.5038999915122986,0.0,15481.0673828125,80.27649688720703,0.3419438600540161
1776176181814,0.5,0.0,15481.4013671875,80.31702423095703,0.34205126762390137
1776176181833,0.49994999170303345,0.0,15481.802734375,80.36634826660156,0.34213951230049133
1776176181853,0.492000013589859,0.0,15482.5390625,80.40619659423828,0.34233760833740234
1776176181873,0.492000013589859,0.0,15482.8740234375,80.44140625,0.3424476087093353
1776176181893,0.48805001378059387,0.0,15483.275390625,80.48695373535156,0.34255263209342957
1776176181913,0.48805001378059387,0.0,15483.677734375,80.52484893798828,0.34264445304870605
1776176181936,0.4959999918937683,0.0,15484.0126953125,80.54518127441406,0.3427498936653137
1776176181954,0.49994999170303345,0.0,15484.75,80.572509765625,0.34294912219047546
1776176181975,0.49994999170303345,0.0,15485.15234375,80.61030578613281,0.34303873777389526
1776176181993,0.5,0.0,15485.48828125,80.64692687988281,0.343147337436676
1776176182013,0.5,0.0,15485.8916015625,80.67523193359375,0.34323737025260925
1776176182034,0.5,0.0,15486.2275390625,80.69600677490234,0.34334689378738403
1776176182054,0.5077999830245972,0.0,15486.966796875,80.72669219970703,0.3435462415218353
1776176182075,0.5116999745368958,0.0,15487.3701171875,80.7659683227539,0.3436548709869385
1776176182093,0.5234500169754028,0.0,15487.7734375,80.80125427246094,0.3437446653842926
1776176182113,0.53125,0.0,15488.1103515625,80.83487701416016,0.3438541889190674
1776176182134,0.5390499830245972,0.0,15488.5146484375,80.89118957519531,0.3439452648162842
1776176182153,0.5468500256538391,0.0,15489.255859375,80.96575164794922,0.34414634108543396
1776176182173,0.5508000254631042,0.0,15489.5927734375,81.02247619628906,0.3442542850971222
1776176182193,0.5586000084877014,0.0,15489.998046875,81.0810317993164,0.34436431527137756
1776176182214,0.5586000084877014,0.0,15490.4033203125,81.14955139160156,0.34445446729660034
1776176182235,0.5625,0.0,15490.7412109375,81.2343978881836,0.34456872940063477
1776176182253,0.5663999915122986,0.0,15491.484375,81.29740142822266,0.34476348757743835
1776176182274,0.5702999830245972,0.0,15491.890625,81.36837005615234,0.3448571562767029
1776176182293,0.5780999660491943,0.0,15492.2294921875,81.43780517578125,0.344967246055603
1776176182313,0.5820499658584595,0.0,15492.6357421875,81.52948760986328,0.3450574278831482
1776176182333,0.5898500084877014,0.0,15492.974609375,81.61590576171875,0.34516894817352295
1776176182353,0.5976499915122986,0.0,15493.7216796875,81.69258117675781,0.345371276140213
1776176182373,0.6093499660491943,0.0,15494.1298828125,81.79786682128906,0.34548220038414
1776176182393,0.6211000084877014,0.0,15494.5390625,81.91881561279297,0.3455725908279419
1776176182413,0.6366999745368958,0.0,15494.8798828125,82.0326156616211,0.3456859886646271
1776176182434,0.65625,0.0,15495.2900390625,82.18384552001953,0.3457776606082916
1776176182453,0.6757999658584595,0.0,15496.04296875,82.33277130126953,0.3459819555282593
1776176182473,0.6991999745368958,0.0,15496.3857421875,82.47454833984375,0.34609562158584595
1776176182493,0.7382999658584595,0.0,15496.7978515625,82.64708709716797,0.34618985652923584
1776176182513,0.7929500341415405,0.0,15497.1416015625,82.83319091796875,0.34629952907562256
1776176182533,0.8515499830245972,0.0,15497.5546875,82.99693298339844,0.34641391038894653
1776176182553,0.9297000169754028,0.0,15498.314453125,83.20449829101562,0.3466200530529022
1776176182573,1.0,0.0,15498.73046875,83.45014190673828,0.3467142879962921
1776176182593,1.0,0.0,15499.078125,83.72564697265625,0.34682849049568176
1776176182613,1.0,0.0,15499.49609375,83.96691131591797,0.3469228446483612
1776176182638,1.0,0.0,15500.265625,84.32913208007812,0.34713345766067505
1776176182653,1.0,0.0,15500.6171875,84.56440734863281,0.3472512364387512
1776176182673,1.0,0.0,15501.0400390625,84.84171295166016,0.34736570715904236
1776176182693,1.0,0.0,15501.4638671875,85.22264099121094,0.3474622070789337
1776176182713,1.0,0.0,15501.818359375,85.44380950927734,0.34757930040359497
1776176182734,1.0,0.0,15502.2451171875,85.78495025634766,0.34767577052116394
1776176182753,1.0,0.0,15503.0302734375,86.07322692871094,0.3478931188583374
1776176182774,1.0,0.0,15503.388671875,86.4642562866211,0.34800949692726135
1776176182793,1.0,0.0,15503.8203125,86.84346771240234,0.3481093645095825
1776176182813,1.0,0.0,15504.181640625,87.17475891113281,0.3482262194156647
1776176182834,1.0,0.0,15504.6162109375,87.39177703857422,0.348346084356308
1776176182854,1.0,0.0,15505.416015625,87.62489318847656,0.3485659956932068
1776176182873,1.0,0.0,15505.853515625,87.92955780029297,0.348666787147522
1776176182895,1.0,0.0,15506.2197265625,88.25648498535156,0.3487885892391205
1776176182915,1.0,0.0,15506.66015625,88.57720184326172,0.348890095949173
1776176182935,1.0,0.0,15507.0283203125,88.83853912353516,0.3490128517150879
1776176182953,1.0,0.0,15507.9150390625,89.09832000732422,0.34923553466796875
1776176182973,1.0,0.0,15508.2861328125,89.41566467285156,0.3493577539920807
1776176182993,1.0,0.0,15508.732421875,89.75672149658203,0.3494606614112854
1776176183013,1.0,0.0,15509.10546875,90.05216217041016,0.34958282113075256
1776176183034,1.0,0.0,15509.5546875,90.38389587402344,0.34968698024749756
1776176183053,1.0,0.0,15510.3818359375,90.70899200439453,0.34991446137428284
1776176183073,1.0,0.0,15510.759765625,90.99495697021484,0.35004088282585144
1776176183093,1.0,0.0,15511.2138671875,91.32687377929688,0.350165456533432
1776176183113,1.0,0.0,15511.669921875,91.64533233642578,0.3502712845802307
1776176183135,1.0,0.0,15512.05078125,91.9397964477539,0.3503979444503784
1776176183153,1.0,0.0,15512.8916015625,92.2164535522461,0.35063040256500244
1776176183173,1.0,0.0,15513.3525390625,92.57275390625,0.35073572397232056
1776176183194,1.0,0.0,15513.7373046875,92.84466552734375,0.35086286067962646
1776176183213,1.0,0.0,15514.2001953125,93.1452865600586,0.35097116231918335
1776176183234,1.0,0.0,15514.5869140625,93.45816040039062,0.3510989844799042
1776176183253,1.0,0.0,15515.51953125,93.73841857910156,0.35133713483810425
1776176183273,1.0,0.0,15515.91015625,94.08172607421875,0.35146719217300415
1776176183293,1.0,0.0,15516.3798828125,94.42578125,0.35157671570777893
1776176183313,1.0,0.0,15516.7724609375,94.71202087402344,0.35170871019363403
1776176183335,1.0,0.0,15517.2451171875,95.085693359375,0.35181739926338196
1776176183353,1.0,0.0,15518.1142578125,95.36682891845703,0.3520817458629608
1776176183373,1.0,0.0,15518.5908203125,95.64698791503906,0.3521920442581177
1776176183393,1.0,0.0,15518.9892578125,96.01154327392578,0.3523028790950775
1776176183414,1.0,0.0,15519.3876953125,96.29360961914062,0.35243675112724304
1776176183434,1.0,0.0,15519.8681640625,96.5202865600586,0.35257020592689514
1776176183453,1.0,0.0,15520.751953125,96.7739486694336,0.35281702876091003
1776176183473,1.0,0.0,15521.2353515625,97.06604766845703,0.35292965173721313
1776176183493,1.0,0.0,15521.6396484375,97.30870056152344,0.35306480526924133
1776176183513,1.0,0.0,15522.1259765625,97.67838287353516,0.353200227022171
1776176183535,1.0,0.0,15522.61328125,98.110595703125,0.3533135652542114
1776176183554,1.0,0.0,15523.5107421875,98.36516571044922,0.3535650372505188
1776176183573,1.0,0.0,15523.9208984375,98.59538269042969,0.3537015914916992
1776176183593,1.0,0.0,15524.4140625,98.88815307617188,0.35381731390953064
1776176183613,1.0,0.0,15524.8251953125,99.1448745727539,0.35395610332489014
1776176183635,1.0,0.0,15525.3203125,99.42158508300781,0.354071706533432
1776176183653,1.0,0.0,15526.23046875,99.75716400146484,0.3543260097503662
1776176183673,1.0,0.0,15526.646484375,100.0033187866211,0.35446611046791077
1776176183693,1.0,0.0,15527.146484375,100.39703369140625,0.3546064496040344
1776176183713,1.0,0.0,15527.6474609375,100.68673706054688,0.3547234833240509
1776176183733,1.0,0.0,15528.06640625,100.89118957519531,0.354864239692688
1776176183753,1.0,0.0,15528.990234375,101.15861511230469,0.35512325167655945
1776176183773,1.0,0.0,15529.4951171875,101.47464752197266,0.35524144768714905
1776176183793,1.0,0.0,15529.9169921875,101.75093841552734,0.35538360476493835
1776176183813,1.0,0.0,15530.4248046875,102.05609893798828,0.35552647709846497
1776176183834,1.0,0.0,15530.93359375,102.36005401611328,0.3556448817253113
1776176183853,1.0,0.0,15531.87109375,102.61065673828125,0.35590845346450806
1776176183873,1.0,0.0,15532.2978515625,102.8856201171875,0.35605210065841675
1776176183893,1.0,0.0,15532.8115234375,103.1663589477539,0.35617250204086304
1776176183913,1.0,0.0,15533.240234375,103.413330078125,0.3563173711299896
1776176183934,1.0,0.0,15533.755859375,103.68215942382812,0.35643795132637024
1776176183953,1.0,0.0,15534.705078125,103.99015045166016,0.35672837495803833
1776176183973,1.0,0.0,15535.224609375,104.25870513916016,0.3568495810031891
1776176183993,1.0,0.0,15535.658203125,104.53947448730469,0.3569960296154022
1776176184013,1.0,0.0,15536.1796875,104.81805419921875,0.3571176826953888
1776176184034,1.0,0.0,15536.615234375,105.05580139160156,0.35726526379585266
1776176184054,1.0,0.0,15537.5771484375,105.33094024658203,0.3575369119644165
1776176184073,1.0,0.0,15538.103515625,105.61579132080078,0.35766035318374634
1776176184093,1.0,0.0,15538.54296875,105.86349487304688,0.3578081429004669
1776176184113,1.0,0.0,15539.0712890625,106.14395904541016,0.3579567074775696
1776176184133,1.0,0.0,15539.6005859375,106.42782592773438,0.35808077454566956
1776176184153,1.0,0.0,15540.5751953125,106.66989135742188,0.35835474729537964
1776176184173,1.0,0.0,15541.01953125,106.93872833251953,0.3585050106048584
1776176184193,1.0,0.0,15541.5537109375,107.21290588378906,0.35862988233566284
1776176184213,1.0,0.0,15542.0,107.45479583740234,0.3587803840637207
1776176184235,1.0,0.0,15542.5361328125,107.747802734375,0.35890668630599976
1776176184253,1.0,0.0,15543.5234375,108.027587890625,0.3592088222503662
1776176184273,1.0,0.0,15544.0634765625,108.2565689086914,0.359335720539093
1776176184293,1.0,0.0,15544.5146484375,108.52164459228516,0.3594878017902374
1776176184313,1.0,0.0,15545.056640625,108.82620239257812,0.359614759683609
1776176184333,1.0,0.0,15545.5087890625,109.07255554199219,0.3597677946090698
1776176184353,1.0,0.0,15546.5068359375,109.3324966430664,0.3600494861602783
1776176184374,1.0,0.0,15547.052734375,109.58099365234375,0.36017686128616333
1776176184393,1.0,0.0,15547.5087890625,109.80696868896484,0.3603304624557495
1776176184413,1.0,0.0,15548.056640625,110.0842514038086,0.3604850172996521
1776176184434,1.0,0.0,15548.6064453125,110.36190032958984,0.36061322689056396
1776176184453,1.0,0.0,15549.6171875,110.60022735595703,0.36089813709259033
1776176184473,1.0,0.0,15550.078125,110.8748779296875,0.36105358600616455
1776176184493,1.0,0.0,15550.6318359375,111.12701416015625,0.361184298992157
1776176184513,1.0,0.0,15551.09375,111.33332824707031,0.3613397777080536
1776176184534,1.0,0.0,15551.6494140625,111.6047592163086,0.3614696264266968
1776176184553,1.0,0.0,15552.6708984375,111.87840270996094,0.3617839813232422
1776176184573,1.0,0.0,15553.23046875,112.11014556884766,0.36191412806510925
1776176184593,1.0,0.0,15553.697265625,112.37606811523438,0.3620721101760864
1776176184613,1.0,0.0,15554.2587890625,112.64751434326172,0.36220353841781616
1776176184634,1.0,0.0,15554.7275390625,112.9058837890625,0.3623618185520172
1776176184653,1.0,0.0,15555.76171875,113.11043548583984,0.3626522719860077
1776176184673,1.0,0.0,15556.3271484375,113.36051940917969,0.36278459429740906
1776176184694,1.0,0.0,15556.798828125,113.63499450683594,0.36294353008270264
1776176184713,1.0,0.0,15557.3662109375,113.86441802978516,0.3631029427051544
1776176184735,1.0,0.0,15557.9345703125,114.12577819824219,0.3632358908653259
1776176184753,1.0,0.0,15558.9794921875,114.34709167480469,0.3635292947292328
1776176184773,1.0,0.0,15559.4560546875,114.60417938232422,0.36368995904922485
1776176184793,1.0,0.0,15560.0283203125,114.85675811767578,0.3638225793838501
1776176184815,1.0,0.0,15560.505859375,115.07048797607422,0.36398470401763916
1776176184835,1.0,0.0,15561.080078125,115.35802459716797,0.364117830991745
1776176184853,1.0,0.0,15562.1357421875,115.56855010986328,0.36441570520401
1776176184873,1.0,0.0,15562.6171875,115.78033447265625,0.3645780682563782
1776176184893,1.0,0.0,15563.1953125,116.02831268310547,0.36474043130874634
1776176184913,1.0,0.0,15563.7744140625,116.26193237304688,0.3648757338523865
1776176184934,1.0,0.0,15564.2578125,116.47251892089844,0.36503827571868896
1776176184953,1.0,0.0,15565.32421875,116.74266815185547,0.3653382956981659
1776176184973,1.0,0.0,15565.9072265625,117.01009368896484,0.36547455191612244
1776176184993,1.0,0.0,15566.39453125,117.22480773925781,0.36563917994499207
1776176185013,1.0,0.0,15566.98046875,117.4771499633789,0.3658031225204468
1776176185033,1.0,0.0,15567.5673828125,117.7364273071289,0.3659398853778839
1776176185053,1.0,0.0,15568.6455078125,117.96501159667969,0.3662424385547638
1776176185073,1.0,0.0,15569.13671875,118.21385192871094,0.36640819907188416
1776176185093,1.0,0.0,15569.7275390625,118.47554016113281,0.36654597520828247
1776176185113,1.0,0.0,15570.220703125,118.6864013671875,0.36671191453933716
1776176185133,1.0,0.0,15570.8134765625,118.91995239257812,0.3668506145477295
1776176185153,1.0,0.0,15571.9033203125,119.16104888916016,0.367184042930603
1776176185173,1.0,0.0,15572.4990234375,119.38115692138672,0.36732327938079834
1776176185193,1.0,0.0,15572.99609375,119.63450622558594,0.3674907684326172
1776176185213,1.0,0.0,15573.59375,119.87672424316406,0.3676305413246155
1776176185234,1.0,0.0,15574.0927734375,120.06393432617188,0.36779850721359253
1776176185253,1.0,0.0,15575.1923828125,120.3122787475586,0.3681069016456604
1776176185273,1.0,0.0,15575.79296875,120.55902099609375,0.3682473301887512
1776176185293,1.0,0.0,15576.294921875,120.75277709960938,0.36841684579849243
1776176185313,1.0,0.0,15576.8974609375,120.83663940429688,0.3685855567455292
1776176185334,1.0,0.0,15577.5009765625,120.7868881225586,0.36872658133506775
1776176185353,1.0,0.0,15578.607421875,120.79267120361328,0.36903730034828186
1776176185373,1.0,0.0,15579.1103515625,120.9552001953125,0.3692067265510559
1776176185393,1.0,0.0,15579.71484375,121.12444305419922,0.36934831738471985
1776176185413,1.0,0.0,15580.21875,121.13331604003906,0.36951780319213867
1776176185434,1.0,0.0,15580.82421875,121.05933380126953,0.36965954303741455
1776176185453,1.0,0.0,15581.9345703125,121.02713012695312,0.3699989318847656
1776176185473,1.0,0.0,15582.5390625,120.99988555908203,0.37014010548591614
1776176185493,1.0,0.0,15583.04296875,120.9691390991211,0.3703095614910126
1776176185513,1.0,0.0,15583.6474609375,120.93894958496094,0.37045082449913025
1776176185534,1.0,0.0,15584.1513671875,120.90777587890625,0.370620459318161
1776176185553,1.0,0.0,15585.2587890625,120.8797378540039,0.3709311783313751
1776176185573,1.0,0.0,15585.8623046875,120.84810638427734,0.3710726499557495
1776176185593,1.0,0.0,15586.365234375,120.82038116455078,0.37124133110046387
1776176185613,1.0,0.0,15586.96875,120.78730010986328,0.37141093611717224
1776176185634,1.0,0.0,15587.572265625,120.75521850585938,0.37155210971832275
1776176185653,1.0,0.0,15588.6787109375,120.73049926757812,0.37186309695243835
1776176185673,1.0,0.0,15589.181640625,120.69953155517578,0.372031569480896
1776176185693,1.0,0.0,15589.78515625,120.91458892822266,0.3721730709075928
1776176185713,1.0,0.0,15590.2880859375,121.26248931884766,0.372342586517334
1776176185734,1.0,0.0,15590.8935546875,121.6669921875,0.37248411774635315
1776176185753,1.0,0.0,15592.0078125,122.12805938720703,0.3728255033493042
1776176185773,1.0,0.0,15592.6181640625,122.51307678222656,0.3729688823223114
1776176185793,1.0,0.0,15593.12890625,122.85662841796875,0.3731403946876526
1776176185813,1.0,0.0,15593.7431640625,123.09583282470703,0.373284250497818
1776176185834,1.0,0.0,15594.255859375,123.33353424072266,0.37345632910728455
1776176185853,1.0,0.0,15595.38671875,123.54882049560547,0.3737737238407135
1776176185873,1.0,0.0,15596.0048828125,123.82621765136719,0.373918354511261
1776176185893,1.0,0.0,15596.5205078125,124.03580474853516,0.3740920126438141
1776176185913,1.0,0.0,15597.140625,124.26309967041016,0.3742661476135254
1776176185934,1.0,0.0,15597.76171875,124.50797271728516,0.37441131472587585
1776176185953,1.0,0.0,15598.9033203125,124.72415161132812,0.3747313320636749
1776176185973,1.0,0.0,15599.4228515625,124.97505187988281,0.37490662932395935
1776176185993,1.0,0.0,15600.046875,125.21745300292969,0.37505248188972473
1776176186013,1.0,0.0,15600.568359375,125.42452239990234,0.37522798776626587
1776176186033,1.0,0.0,15601.1943359375,125.66435241699219,0.3753744065761566
1776176186053,1.0,0.0,15602.3447265625,125.89614868164062,0.37572741508483887
1776176186073,1.0,0.0,15602.9736328125,126.10887145996094,0.375874400138855
1776176186093,1.0,0.0,15603.4990234375,126.359619140625,0.3760511577129364
1776176186113,1.0,0.0,15604.1298828125,126.59364318847656,0.37619921565055847
1776176186134,1.0,0.0,15604.65625,126.8046646118164,0.37637606263160706
1776176186153,1.0,0.0,15605.8173828125,127.05068969726562,0.37670251727104187
1776176186174,1.0,0.0,15606.4521484375,127.28780364990234,0.3768516480922699
1776176186193,1.0,0.0,15606.9814453125,127.50177001953125,0.3770292401313782
1776176186213,1.0,0.0,15607.6181640625,127.74830627441406,0.37720856070518494
1776176186233,1.0,0.0,15608.255859375,127.99014282226562,0.3773575723171234
1776176186253,1.0,0.0,15609.427734375,128.2046356201172,0.37768661975860596
1776176186273,1.0,0.0,15609.9619140625,128.447998046875,0.3778672218322754
1776176186293,1.0,0.0,15610.603515625,128.68797302246094,0.37801679968833923
1776176186313,1.0,0.0,15611.138671875,128.894287109375,0.378197580575943
1776176186334,1.0,0.0,15611.7822265625,129.12564086914062,0.37834781408309937
1776176186353,1.0,0.0,15612.96484375,129.3478240966797,0.37871024012565613
1776176186373,1.0,0.0,15613.611328125,129.56002807617188,0.37886109948158264
1776176186393,1.0,0.0,15614.150390625,129.82920837402344,0.37904319167137146
1776176186413,1.0,0.0,15614.798828125,130.07012939453125,0.37919506430625916
1776176186433,1.0,0.0,15615.33984375,130.2610626220703,0.37937724590301514
1776176186453,1.0,0.0,15616.533203125,130.48739624023438,0.37971213459968567
1776176186473,1.0,0.0,15617.185546875,130.72317504882812,0.3798651397228241
1776176186493,1.0,0.0,15617.7294921875,130.92637634277344,0.3800482451915741
1776176186513,1.0,0.0,15618.3837890625,131.1574249267578,0.38023221492767334
1776176186534,1.0,0.0,15619.0390625,131.4014892578125,0.3803853988647461
1776176186553,1.0,0.0,15620.2431640625,131.615234375,0.38072389364242554
1776176186573,1.0,0.0,15620.791015625,131.8522186279297,0.38090819120407104
1776176186593,1.0,0.0,15621.4501953125,132.09298706054688,0.38106247782707214
1776176186613,1.0,0.0,15622.0,132.30126953125,0.3812474310398102
1776176186634,1.0,0.0,15622.6611328125,132.53904724121094,0.38140246272087097
1776176186653,1.0,0.0,15623.875,132.77577209472656,0.3817736804485321
1776176186673,1.0,0.0,15624.5380859375,132.97662353515625,0.38192880153656006
1776176186693,1.0,0.0,15625.091796875,133.19931030273438,0.38211551308631897
1776176186713,1.0,0.0,15625.7568359375,133.41053771972656,0.38227176666259766
1776176186735,1.0,0.0,15626.3115234375,133.64527893066406,0.3824585974216461
1776176186753,1.0,0.0,15627.53515625,133.8651885986328,0.38280269503593445
1776176186773,1.0,0.0,15628.2041015625,134.11480712890625,0.38295871019363403
1776176186793,1.0,0.0,15628.7626953125,134.314697265625,0.3831472098827362
1776176186813,1.0,0.0,15629.43359375,134.53707885742188,0.38330379128456116
1776176186835,1.0,0.0,15629.9931640625,134.7697296142578,0.3834916353225708
1776176186853,1.0,0.0,15631.33984375,134.97560119628906,0.38383808732032776
1776176186873,1.0,0.0,15631.90234375,135.2106475830078,0.3840274512767792
1776176186893,1.0,0.0,15632.578125,135.4434051513672,0.38418641686439514
1776176186913,1.0,0.0,15633.1416015625,135.62803649902344,0.3843763768672943
1776176186934,1.0,0.0,15633.8193359375,135.85118103027344,0.38453465700149536
1776176186954,1.0,0.0,15635.0634765625,136.08494567871094,0.3849160671234131
1776176186973,1.0,0.0,15635.7431640625,136.28628540039062,0.38507533073425293
1776176186993,1.0,0.0,15636.310546875,136.51913452148438,0.3852664530277252
1776176187013,1.0,0.0,15636.9921875,136.7484893798828,0.38542628288269043
1776176187034,1.0,0.0,15637.5615234375,136.95216369628906,0.38561713695526123
1776176187053,1.0,0.0,15638.8154296875,137.1822967529297,0.38596975803375244
1776176187073,1.0,0.0,15639.5009765625,137.41009521484375,0.38612988591194153
1776176187093,1.0,0.0,15640.0732421875,137.60179138183594,0.3863222301006317
1776176187113,1.0,0.0,15640.7607421875,137.8286895751953,0.386514812707901
1776176187134,1.0,0.0,15641.44921875,138.05398559570312,0.3866764008998871
1776176187153,1.0,0.0,15642.7138671875,138.2501678466797,0.3870311379432678
1776176187173,1.0,0.0,15643.2900390625,138.4683074951172,0.38722550868988037
1776176187193,1.0,0.0,15643.9814453125,138.6885528564453,0.38738682866096497
1776176187213,1.0,0.0,15644.55859375,138.87940979003906,0.3875811994075775
1776176187234,1.0,0.0,15645.251953125,139.1004180908203,0.38774338364601135
1776176187253,1.0,0.0,15646.5263671875,139.33099365234375,0.38813334703445435
1776176187273,1.0,0.0,15647.22265625,139.52549743652344,0.38829612731933594
1776176187293,1.0,0.0,15647.8037109375,139.74627685546875,0.3884921073913574
1776176187313,1.0,0.0,15648.501953125,139.9765625,0.38865596055984497
1776176187334,1.0,0.0,15649.0849609375,140.16641235351562,0.38885125517845154
1776176187353,1.0,0.0,15650.369140625,140.37644958496094,0.3892116844654083
1776176187373,1.0,0.0,15651.0703125,140.59095764160156,0.389375239610672
1776176187393,1.0,0.0,15651.6552734375,140.78494262695312,0.38957151770591736
1776176187413,1.0,0.0,15652.3583984375,141.01641845703125,0.3897697925567627
1776176187434,1.0,0.0,15653.0625,141.22958374023438,0.389934241771698
1776176187453,1.0,0.0,15654.3564453125,141.41400146484375,0.39029720425605774
1776176187473,1.0,0.0,15654.9453125,141.63645935058594,0.3904956877231598
1776176187493,1.0,0.0,15655.6533203125,141.84561157226562,0.3906605839729309
1776176187513,1.0,0.0,15656.244140625,142.0438232421875,0.39085984230041504
1776176187534,1.0,0.0,15656.9541015625,142.2666473388672,0.3910251557826996
1776176187553,1.0,0.0,15658.2568359375,142.47518920898438,0.39142370223999023
1776176187573,1.0,0.0,15658.96875,142.6570587158203,0.39159080386161804
1776176187593,1.0,0.0,15659.5634765625,142.87838745117188,0.3917905390262604
1776176187613,1.0,0.0,15660.27734375,143.09507751464844,0.39195728302001953
1776176187634,1.0,0.0,15660.873046875,143.3061065673828,0.39215728640556335
1776176187653,1.0,0.0,15662.185546875,143.4873809814453,0.3925256133079529
1776176187674,1.0,0.0,15662.9033203125,143.69699096679688,0.39269310235977173
1776176187693,1.0,0.0,15663.501953125,143.88035583496094,0.3928945064544678
1776176187713,1.0,0.0,15664.220703125,144.0968017578125,0.393096387386322
1776176187733,1.0,0.0,15664.9404296875,144.30007934570312,0.3932643532752991
1776176187753,1.0,0.0,15666.2626953125,144.47433471679688,0.3936350643634796
1776176187773,1.0,0.0,15666.8642578125,144.67987060546875,0.3938373625278473
1776176187793,1.0,0.0,15667.5869140625,144.8947296142578,0.39400649070739746
1776176187813,1.0,0.0,15668.1904296875,145.07350158691406,0.39420950412750244
1776176187834,1.0,0.0,15668.9150390625,145.26979064941406,0.39437922835350037
1776176187853,1.0,0.0,15670.24609375,145.46774291992188,0.39478564262390137
1776176187873,1.0,0.0,15670.97265625,145.64541625976562,0.39495646953582764
1776176187893,1.0,0.0,15671.5791015625,145.8563690185547,0.39516034722328186
1776176187913,1.0,0.0,15672.3076171875,146.0675506591797,0.3953305780887604
1776176187934,1.0,0.0,15672.916015625,146.24850463867188,0.39553508162498474
1776176187953,1.0,0.0,15674.255859375,146.4501190185547,0.3959107995033264
1776176187973,1.0,0.0,15674.9873046875,146.64602661132812,0.3960815966129303
1776176187993,1.0,0.0,15675.59765625,146.8109588623047,0.3962875306606293
1776176188013,1.0,0.0,15676.3310546875,147.0126190185547,0.3964942395687103
1776176188033,1.0,0.0,15677.0654296875,147.1960906982422,0.39666497707366943
1776176188053,1.0,0.0,15678.4140625,147.4008026123047,0.39704251289367676
1776176188073,1.0,0.0,15679.0283203125,147.60791015625,0.39724913239479065
1776176188093,1.0,0.0,15679.765625,147.80613708496094,0.39742138981819153
1776176188113,1.0,0.0,15680.380859375,147.97430419921875,0.3976282775402069
1776176188134,1.0,0.0,15681.1201171875,148.1718292236328,0.39783531427383423
1776176188153,1.0,0.0,15682.4775390625,148.37686157226562,0.3982160985469818
1776176188173,1.0,0.0,15683.2197265625,148.54432678222656,0.3983888626098633
1776176188193,1.0,0.0,15683.8388671875,148.7378692626953,0.39859694242477417
1776176188213,1.0,0.0,15684.58203125,148.92027282714844,0.398770272731781
1776176188234,1.0,0.0,15685.2021484375,149.1085662841797,0.3989790678024292
1776176188253,1.0,0.0,15686.5673828125,149.27195739746094,0.3993612229824066
1776176188273,1.0,0.0,15687.3134765625,149.48008728027344,0.39953580498695374
1776176188293,1.0,0.0,15687.935546875,149.65231323242188,0.39974507689476013
1776176188313,1.0,0.0,15688.68359375,149.84544372558594,0.3999547064304352
1776176188334,1.0,0.0,15689.4326171875,150.03233337402344,0.40012988448143005
1776176188354,1.0,0.0,15690.806640625,150.1887664794922,0.40051430463790894
1776176188373,1.0,0.0,15691.4326171875,150.36224365234375,0.4007248878479004
1776176188393,1.0,0.0,15692.18359375,150.53721618652344,0.40090087056159973
1776176188413,1.0,0.0,15692.810546875,150.70486450195312,0.40111133456230164
1776176188434,1.0,0.0,15693.5634765625,150.91807556152344,0.4012867510318756
1776176188453,1.0,0.0,15694.9462890625,151.11416625976562,0.40171018242836
1776176188473,1.0,0.0,15695.7021484375,151.27493286132812,0.40188637375831604
1776176188493,1.0,0.0,15696.33203125,151.457763671875,0.4020994305610657
1776176188513,1.0,0.0,15697.0888671875,151.62942504882812,0.40227577090263367
1776176188534,1.0,0.0,15697.7197265625,151.798583984375,0.40248769521713257
1776176188554,1.0,0.0,15699.109375,151.94424438476562,0.4028759300708771
1776176188573,1.0,0.0,15699.869140625,152.13644409179688,0.4030536413192749
1776176188593,1.0,0.0,15700.5029296875,152.3067626953125,0.40326711535453796
1776176188613,1.0,0.0,15701.263671875,152.5074005126953,0.40347954630851746
1776176188634,1.0,0.0,15702.025390625,152.68821716308594,0.4036574959754944
1776176188653,1.0,0.0,15703.4248046875,152.8447265625,0.4040496349334717
1776176188673,1.0,0.0,15704.0615234375,153.00070190429688,0.404263436794281
1776176188693,1.0,0.0,15704.826171875,153.19415283203125,0.4044423997402191
1776176188713,1.0,0.0,15705.4638671875,153.3432159423828,0.40465694665908813
1776176188735,1.0,0.0,15706.2294921875,153.5389862060547,0.4048718214035034
1776176188753,1.0,0.0,15707.6357421875,153.73226928710938,0.40526631474494934
1776176188773,1.0,0.0,15708.404296875,153.8863525390625,0.4054452180862427
1776176188793,1.0,0.0,15709.044921875,154.06805419921875,0.4056609272956848
1776176188813,1.0,0.0,15709.814453125,154.23583984375,0.405840665102005
1776176188834,1.0,0.0,15710.4560546875,154.41253662109375,0.4060569703578949
1776176188853,1.0,0.0,15711.87109375,154.5813751220703,0.4064539670944214
1776176188873,1.0,0.0,15712.6435546875,154.77215576171875,0.4066709876060486
1776176188893,1.0,0.0,15713.4169921875,154.9212646484375,0.406851589679718
1776176188913,1.0,0.0,15714.0625,155.0922393798828,0.40706899762153625
1776176188934,1.0,0.0,15714.837890625,155.2794647216797,0.40724942088127136
1776176188953,1.0,0.0,15716.2607421875,155.4397430419922,0.40764832496643066
1776176188973,1.0,0.0,15716.908203125,155.6185302734375,0.4078667163848877
1776176188993,1.0,0.0,15717.6865234375,155.7886199951172,0.4080490469932556
1776176189013,1.0,0.0,15718.3349609375,155.94775390625,0.4082673192024231
1776176189033,1.0,0.0,15719.1142578125,156.12266540527344,0.4084860682487488
1776176189053,1.0,0.0,15720.544921875,156.2849578857422,0.40888747572898865
1776176189073,1.0,0.0,15721.326171875,156.4241943359375,0.4090687036514282
1776176189093,1.0,0.0,15721.9775390625,156.5823211669922,0.4092879295349121
1776176189113,1.0,0.0,15722.759765625,156.75234985351562,0.4094710648059845
1776176189134,1.0,0.0,15723.412109375,156.9384765625,0.4096905589103699
1776176189153,1.0,0.0,15724.8486328125,157.11260986328125,0.4100934863090515
1776176189173,1.0,0.0,15725.6337890625,157.3047332763672,0.41027742624282837
1776176189193,1.0,0.0,15726.2890625,157.4552459716797,0.41049766540527344
1776176189213,1.0,0.0,15727.076171875,157.61936950683594,0.4107189178466797
1776176189234,1.0,0.0,15727.86328125,157.78256225585938,0.41090208292007446
1776176189253,1.0,0.0,15729.30859375,157.9307098388672,0.41130736470222473
1776176189273,1.0,0.0,15729.966796875,158.11659240722656,0.41152870655059814
1776176189293,1.0,0.0,15730.7568359375,158.31787109375,0.41171425580978394
1776176189313,1.0,0.0,15731.416015625,158.4926300048828,0.41193637251853943
1776176189334,1.0,0.0,15732.2080078125,158.67666625976562,0.4121587872505188
1776176189354,1.0,0.0,15733.662109375,158.84988403320312,0.4125663638114929
1776176189373,1.0,0.0,15734.45703125,158.99049377441406,0.41275253891944885
1776176189393,1.0,0.0,15735.119140625,159.1680450439453,0.41297411918640137
1776176189413,1.0,0.0,15735.9150390625,159.35084533691406,0.4131602346897125
1776176189434,0.8320499658584595,0.0,15736.578125,159.5220184326172,0.4133828580379486
1776176189453,0.48010000586509705,0.0,15737.375,159.63931274414062,0.4135693907737732
1776176189473,0.0,0.0,15738.8369140625,159.7007293701172,0.41397950053215027
1776176189493,0.0,0.0,15739.501953125,159.67449951171875,0.4142031967639923
1776176189513,0.0,0.0,15740.2998046875,159.60589599609375,0.4144268333911896
1776176189534,0.0,0.0,15741.09765625,159.5319061279297,0.4146132469177246
1776176189553,0.0,0.0,15742.5595703125,159.4680938720703,0.41502323746681213
1776176189573,0.0,0.0,15743.2236328125,159.39305114746094,0.4152465760707855
1776176189593,0.0,0.001958739012479782,15744.01953125,159.31605529785156,0.4154324531555176
1776176189613,0.0,0.22415263950824738,15744.6826171875,159.23255920410156,0.4156559109687805
1776176189634,0.0,1.0,15745.478515625,158.86302185058594,0.41587987542152405
1776176189653,0.0,1.0,15746.9345703125,158.14959716796875,0.41628673672676086
1776176189673,0.0,1.0,15747.7255859375,157.5004425048828,0.416471004486084
1776176189693,0.0,1.0,15748.3818359375,156.69776916503906,0.41669097542762756
1776176189713,0.0,1.0,15749.166015625,155.84304809570312,0.41687434911727905
1776176189734,0.0,0.9146422147750854,15749.81640625,154.98760986328125,0.4170924425125122
1776176189753,0.0,1.0,15750.59375,154.22352600097656,0.4172742962837219
1776176189773,0.0,1.0,15752.0087890625,153.28578186035156,0.41770634055137634
1776176189793,0.0,1.0,15752.775390625,152.48486328125,0.4178844094276428
1776176189813,0.0,1.0,15753.4111328125,151.46743774414062,0.41809821128845215
1776176189834,0.0,1.0,15754.169921875,150.4622039794922,0.41827505826950073
1776176189853,0.0,1.0,15754.7998046875,149.61932373046875,0.41848641633987427
1776176189873,0.0,1.0,15756.1748046875,148.6261749267578,0.4188714623451233
1776176189893,0.0,1.0,15756.9189453125,147.6321563720703,0.4190790355205536
1776176189913,0.0,1.0,15757.6591796875,146.8121795654297,0.4192507565021515
1776176189936,0.0,1.0,15758.2734375,145.7035369873047,0.41945627331733704
1776176189953,0.0,1.0,15759.615234375,144.89833068847656,0.4198300540447235
1776176189973,0.0,1.0,15760.3408203125,144.09519958496094,0.41999849677085876
1776176189993,0.0,1.0,15760.9423828125,143.16677856445312,0.4201999604701996
1776176190013,0.0,1.0,15761.6611328125,142.23439025878906,0.4203673303127289
1776176190033,0.0,1.0,15762.2568359375,141.44557189941406,0.42056676745414734
1776176190054,0.0,1.0,15763.55859375,140.55191040039062,0.4209292531013489
1776176190073,0.0,1.0,15764.2626953125,139.6663360595703,0.4210934638977051
1776176190093,0.0,1.0,15764.8466796875,138.94158935546875,0.4212890565395355
1776176190113,0.0,1.0,15765.5439453125,138.07476806640625,0.42148441076278687
1776176190134,0.0,1.0,15766.2373046875,137.16497802734375,0.42164549231529236
1776176190153,0.0,1.0,15766.8125,136.45448303222656,0.42183732986450195
1776176190173,0.0,1.0,15768.06640625,135.6456298828125,0.4221874177455902
1776176190193,0.0,1.0,15768.74609375,134.74688720703125,0.42234548926353455
1776176190213,0.0,1.0,15769.3095703125,133.94065856933594,0.4225340187549591
1776176190234,0.0,1.0,15769.9814453125,133.06594848632812,0.4227220118045807
1776176190253,0.0,1.0,15771.203125,132.17095947265625,0.423063188791275
1776176190273,0.0,1.0,15771.8642578125,131.3267364501953,0.4232170879840851
1776176190293,0.0,1.0,15772.412109375,130.35494995117188,0.4234006106853485
1776176190313,0.0,1.0,15773.06640625,129.32015991210938,0.42355260252952576
1776176190334,0.0,1.0,15773.6083984375,128.4751739501953,0.4237346053123474
1776176190354,0.0,1.0,15774.7900390625,127.46654510498047,0.4240647852420807
1776176190373,0.0,1.0,15775.4287109375,126.4434585571289,0.42424261569976807
1776176190393,0.0,1.0,15776.0634765625,125.56130981445312,0.42438963055610657
1776176190413,0.0,1.0,15776.5888671875,124.61380004882812,0.4245654046535492
1776176190433,0.0,1.0,15777.2158203125,123.59449768066406,0.42471054196357727
1776176190453,0.0,1.0,15777.7353515625,122.80758666992188,0.4248843193054199
1776176190474,0.0,1.0,15778.8671875,122.01241302490234,0.4251987338066101
1776176190493,0.0,1.0,15779.478515625,121.34955596923828,0.4253694713115692
1776176190513,0.0,1.0,15779.9853515625,120.79634857177734,0.4255114197731018
1776176190535,0.0,1.0,15780.591796875,120.13777160644531,0.42568039894104004
1776176190553,0.0,1.0,15781.6962890625,119.47959899902344,0.4259895980358124
1776176190573,0.0,1.0,15782.2939453125,118.89427185058594,0.42612946033477783
1776176190593,0.0,1.0,15782.7900390625,118.1561279296875,0.4262949228286743
1776176190613,0.0,1.0,15783.3828125,117.35879516601562,0.4264332950115204
1776176190633,0.0,1.0,15783.8740234375,116.6409912109375,0.42659756541252136
1776176190653,0.0,1.0,15784.4599609375,115.72004699707031,0.4267335832118988
1776176190673,0.0,1.0,15785.525390625,114.76624298095703,0.42705774307250977
1776176190693,0.0,1.0,15786.1005859375,113.9250717163086,0.427191823720932
1776176190714,0.0,1.0,15786.5771484375,113.00056457519531,0.4273509681224823
1776176190735,0.0,1.0,15787.14453125,111.99503326416016,0.42748332023620605
1776176190753,0.0,1.0,15787.6142578125,111.1260986328125,0.42764031887054443
1776176190773,0.0,1.0,15788.63671875,110.10968780517578,0.4279254674911499
1776176190793,0.0,1.0,15789.1884765625,109.13317108154297,0.42807894945144653
1776176190813,0.0,1.0,15789.736328125,108.35128021240234,0.4282064139842987
1776176190833,0.0,1.0,15790.189453125,107.4485092163086,0.42835789918899536
1776176190854,0.0,1.0,15790.7294921875,106.5018539428711,0.42848411202430725
1776176190874,0.0,1.0,15791.7099609375,105.71533966064453,0.4287585914134979
1776176190893,0.0,1.0,15792.1513671875,104.84322357177734,0.42890632152557373
1776176190913,0.0,1.0,15792.677734375,103.98348999023438,0.42902907729148865
1776176190935,0.0,1.0,15793.11328125,103.0746078491211,0.4291742444038391
1776176190953,0.0,1.0,15793.6328125,102.29680633544922,0.42931869626045227
1776176190975,0.0,1.0,15794.5771484375,101.39022064208984,0.42958083748817444
1776176190993,0.0,1.0,15795.0859375,100.67308807373047,0.42969945073127747
1776176191015,0.0,1.0,15795.5078125,99.66508483886719,0.4298400580883026
1776176191035,0.0,1.0,15796.009765625,98.963134765625,0.4299568235874176
1776176191053,0.0,1.0,15796.9208984375,98.21508026123047,0.43021076917648315
1776176191074,0.0,1.0,15797.3310546875,97.36885070800781,0.4303473234176636
1776176191093,0.0,1.0,15797.8193359375,96.56096649169922,0.4304834306240082
1776176191114,0.0,1.0,15798.3037109375,95.76211547851562,0.43059638142585754
1776176191135,0.0,1.0,15798.705078125,94.98526763916016,0.4307304322719574
1776176191154,0.0,1.0,15799.5791015625,94.22551727294922,0.43097493052482605
1776176191173,0.0,1.0,15800.05078125,93.45008087158203,0.43108436465263367
1776176191193,0.0,1.0,15800.4404296875,92.55171203613281,0.4312156140804291
1776176191213,0.0,1.0,15800.9052734375,91.68533325195312,0.431323379278183
1776176191236,0.0,1.0,15801.2900390625,90.80227661132812,0.4314519762992859
1776176191256,0.0,0.9567133188247681,15802.2021484375,89.88493347167969,0.4316847026348114
1776176191273,0.0,0.9284524321556091,15802.578125,89.06492614746094,0.4318101406097412
1776176191293,0.0,0.9146422147750854,15803.025390625,88.2867660522461,0.4319136440753937
1776176191313,0.0,0.9146422147750854,15803.39453125,87.50181579589844,0.43203723430633545
1776176191335,0.0,0.9146422147750854,15803.8349609375,86.69123077392578,0.4321393668651581
1776176191353,0.0,0.9284524321556091,15804.19921875,85.96807098388672,0.43226125836372375
1776176191375,0.0,0.9146422147750854,15804.9921875,85.00537872314453,0.4324817359447479
1776176191393,0.0,0.8478404879570007,15805.419921875,84.32379150390625,0.43260031938552856
1776176191413,0.0,0.7968763709068298,15805.84375,83.67228698730469,0.43269920349121094
1776176191434,0.0,0.7483496069908142,15806.1943359375,83.01580047607422,0.432815819978714
1776176191453,0.0,0.6795321106910706,15806.6123046875,82.31108856201172,0.4329129755496979
1776176191474,0.0,0.5753976702690125,15807.37109375,81.74241638183594,0.4331245720386505
1776176191493,0.0,0.38789868354797363,15807.712890625,81.14146423339844,0.43323883414268494
1776176191514,0.0,0.2659403383731842,15808.1201171875,80.64360046386719,0.4333341419696808
1776176191534,0.0,0.1748504638671875,15808.4580078125,80.2684555053711,0.4334471821784973
1776176191553,0.0,0.1374005228281021,15808.861328125,80.01270294189453,0.43355920910835266
1776176191573,0.0,0.1033676341176033,15809.59765625,79.7617416381836,0.43376436829566956
1776176191593,0.0,0.08526267111301422,15809.9970703125,79.577392578125,0.4338570237159729
1776176191613,0.0,0.07823561131954193,15810.3291015625,79.38116455078125,0.43396827578544617
1776176191635,0.0,0.07823561131954193,15810.7275390625,79.1934814453125,0.4340607821941376
1776176191653,0.0,0.07600020617246628,15811.05859375,79.0354995727539,0.43417176604270935
1776176191673,0.0,0.07381204515695572,15811.78515625,78.85267639160156,0.4343748390674591
1776176191693,0.0,0.07378428429365158,15812.1806640625,78.6705322265625,0.4344843924045563
1776176191713,0.0,0.06142096966505051,15812.5751953125,78.51506042480469,0.4345758259296417
1776176191734,0.0,0.047383863478899,15812.9033203125,78.3350830078125,0.4346860349178314
1776176191753,0.0,0.03094778023660183,15813.2958984375,78.16558837890625,0.4347778856754303
1776176191773,0.0,0.019967637956142426,15814.0146484375,78.03226470947266,0.43497806787490845
1776176191793,0.0,0.009971555322408676,15814.33984375,77.88800048828125,0.43508756160736084
1776176191813,0.0,0.004531817976385355,15814.7294921875,77.74925994873047,0.43517836928367615
1776176191835,0.0,0.0009866643231362104,15815.0537109375,77.60999298095703,0.4352871775627136
1776176191853,0.0,7.697342880419455e-06,15815.4423828125,77.48973846435547,0.43539631366729736
1776176191874,0.0,0.0,15816.15234375,77.35636901855469,0.43559524416923523
1776176191893,0.0,0.0,15816.5390625,77.24247741699219,0.4356849491596222
1776176191913,0.0,0.0,15816.8603515625,77.10836029052734,0.43579384684562683
1776176191935,0.0,0.0,15817.24609375,76.96641540527344,0.43588289618492126
1776176191953,0.0,0.0,15817.56640625,76.84257507324219,0.4359900951385498
1776176191973,0.0,0.0,15818.26953125,76.68863677978516,0.4361869692802429
1776176191993,0.0,0.0,15818.65234375,76.52876281738281,0.43629419803619385
1776176192013,0.0,0.0,15819.03515625,76.38948059082031,0.4363833963871002
1776176192035,0.0,0.0,15819.353515625,76.2256088256836,0.43649062514305115
1776176192053,0.0,0.0,15819.734375,76.05980682373047,0.43657949566841125
1776176192074,0.0,0.0,15820.431640625,75.89091491699219,0.43677452206611633
1776176192093,0.0,0.0,15820.748046875,75.74188232421875,0.43688100576400757
1776176192113,0.027750015258789062,0.0,15821.126953125,75.56719970703125,0.43696948885917664
1776176192135,0.03570002317428589,0.0,15821.4423828125,75.39753723144531,0.4370756149291992
1776176192154,0.03175002336502075,0.0,15822.197265625,75.25357818603516,0.4372696578502655
1776176192173,0.0,0.0,15822.5107421875,75.0876235961914,0.4373745322227478
1776176192193,0.0,0.0,15822.88671875,74.94168853759766,0.4374626576900482
1776176192213,0.0,0.0,15823.19921875,74.76432037353516,0.4375673830509186
1776176192233,0.0,0.0,15823.5732421875,74.58280181884766,0.43765437602996826
1776176192254,0.0,0.0,15823.884765625,74.42499542236328,0.4377591013908386
1776176192273,0.0,0.0,15824.568359375,74.24165344238281,0.4379498064517975
1776176192295,0.0,0.0,15824.939453125,74.05779266357422,0.4380537271499634
1776176192313,0.0,0.0,15825.3095703125,73.89618682861328,0.43814006447792053
1776176192334,0.0,0.0,15825.6181640625,73.7073974609375,0.4382440149784088
1776176192353,0.0,0.0,15825.9873046875,73.52052307128906,0.43833014369010925
1776176192373,0.0,0.0,15826.6611328125,73.35834503173828,0.43851909041404724
1776176192393,0.0,0.0,15826.966796875,73.16706848144531,0.43862229585647583
1776176192413,0.03570002317428589,0.0,15827.3330078125,72.97351837158203,0.4387081265449524
1776176192434,0.07140001654624939,0.0,15827.6376953125,72.80036163330078,0.43881091475486755
1776176192453,0.09525001049041748,0.0,15828.001953125,72.66340637207031,0.4389132857322693
1776176192473,0.11904999613761902,0.0,15828.66796875,72.51221466064453,0.43909963965415955
1776176192493,0.1269499957561493,0.0,15829.0302734375,72.3974380493164,0.43918487429618835
1776176192513,0.1269499957561493,0.0,15829.33203125,72.2644271850586,0.43928655982017517
1776176192534,0.1269499957561493,0.0,15829.693359375,72.13336944580078,0.4393709599971771
1776176192553,0.1269499957561493,0.0,15829.994140625,72.03060913085938,0.4394722580909729
1776176192573,0.1269499957561493,0.0,15830.654296875,71.91228485107422,0.43965768814086914
1776176192593,0.13885000348091125,0.0,15831.013671875,71.8161392211914,0.4397585690021515
1776176192613,0.1547500193119049,0.0,15831.3720703125,71.74031829833984,0.43984273076057434
1776176192634,0.1904500126838684,0.0,15831.6708984375,71.65190887451172,0.4399436116218567
1776176192654,0.23805001378059387,0.0,15832.326171875,71.55901336669922,0.44012728333473206
1776176192673,0.2857000231742859,0.0,15832.6826171875,71.49335479736328,0.4402109682559967
1776176192693,0.34915000200271606,0.0,15832.9794921875,71.42454528808594,0.4403117299079895
1776176192713,0.40470001101493835,0.0,15833.3349609375,71.38694763183594,0.44039610028266907
1776176192734,0.46024999022483826,0.0,15833.6318359375,71.37715148925781,0.44049695134162903
1776176192753,0.5077999830245972,0.0,15833.9873046875,71.38850402832031,0.4405982196331024
1776176192773,0.5390499830245972,0.0,15834.6396484375,71.41272735595703,0.44078171253204346
1776176192794,0.5702999830245972,0.0,15834.9951171875,71.43404388427734,0.44086572527885437
1776176192813,0.5859500169754028,0.0,15835.2919921875,71.46342468261719,0.44096627831459045
1776176192834,0.5898500084877014,0.0,15835.6484375,71.53641510009766,0.4410499334335327
1776176192853,0.5820499658584595,0.0,15835.9462890625,71.60179901123047,0.4411504566669464
1776176192873,0.5741999745368958,0.0,15836.6015625,71.68087005615234,0.4413353204727173
1776176192893,0.5429499745368958,0.0,15836.9599609375,71.74270629882812,0.4414364993572235
1776176192913,0.5234500169754028,0.0,15837.318359375,71.77506256103516,0.44152089953422546
1776176192937,0.5077999830245972,0.0,15837.6171875,71.7901382446289,0.4416221082210541
1776176192953,0.5,0.0,15837.9765625,71.80681610107422,0.44170626997947693
1776176192973,0.48010000586509705,0.0,15838.6357421875,71.83868408203125,0.4418911635875702
1776176192993,0.46424999833106995,0.0,15838.935546875,71.8918685913086,0.4419926106929779
1776176193013,0.46024999022483826,0.0,15839.2958984375,71.94446563720703,0.4420773386955261
1776176193034,0.46024999022483826,0.0,15839.595703125,71.98538208007812,0.44217824935913086
1776176193053,0.46024999022483826,0.0,15839.9560546875,72.03927612304688,0.44227951765060425
1776176193073,0.4681999981403351,0.0,15840.6171875,72.10405731201172,0.44246625900268555
1776176193093,0.4681999981403351,0.0,15840.9775390625,72.16531372070312,0.4425507187843323
1776176193114,0.46024999022483826,0.0,15841.2783203125,72.2355728149414,0.4426526129245758
1776176193135,0.46024999022483826,0.0,15841.6396484375,72.2958755493164,0.4427375793457031
1776176193153,0.4562999904155731,0.0,15841.9404296875,72.3472900390625,0.4428398609161377
1776176193173,0.4404500126838684,0.0,15842.6025390625,72.40734100341797,0.44302651286125183
1776176193193,0.42454999685287476,0.0,15842.9638671875,72.46057891845703,0.4431285262107849
1776176193215,0.38089999556541443,0.0,15843.3251953125,72.49395751953125,0.44321325421333313
1776176193233,0.3571000099182129,0.0,15843.626953125,72.5106201171875,0.4433152377605438
1776176193253,0.31744998693466187,0.0,15843.9892578125,72.521728515625,0.44340062141418457
1776176193273,0.2857000231742859,0.0,15844.6533203125,72.5221939086914,0.4435874819755554
1776176193293,0.25394999980926514,0.0,15844.955078125,72.49671936035156,0.4436893165111542
1776176193313,0.21825000643730164,0.0,15845.3173828125,72.44672393798828,0.44377434253692627
1776176193335,0.16664999723434448,0.0,15845.619140625,72.38572692871094,0.44387656450271606
1776176193355,0.13490000367164612,0.0,15846.341796875,72.31639099121094,0.4440631866455078
1776176193374,0.11505001783370972,0.0,15846.642578125,72.2480697631836,0.4441644251346588
1776176193393,0.09920001029968262,0.0,15847.0029296875,72.1673583984375,0.44424968957901
1776176193413,0.08730000257492065,0.0,15847.302734375,72.05743408203125,0.44435036182403564
1776176193434,0.07540002465248108,0.0,15847.6630859375,71.9482192993164,0.44443488121032715
1776176193453,0.06350001692771912,0.0,15847.962890625,71.84978485107422,0.4445359706878662
1776176193473,0.05160000920295715,0.0,15848.62109375,71.73176574707031,0.4447207450866699
1776176193493,0.03570002317428589,0.0,15848.9794921875,71.60746765136719,0.4448212683200836
1776176193513,0.023800015449523926,0.0,15849.337890625,71.49373626708984,0.4449048638343811
1776176193534,0.0,0.0,15849.6357421875,71.33939361572266,0.44500496983528137
1776176193553,0.0,0.0,15849.9931640625,71.17462158203125,0.4450881779193878
1776176193573,0.0,0.0,15850.6455078125,71.03610229492188,0.44527101516723633
1776176193593,0.0,0.0,15850.94140625,70.87242889404297,0.4453706443309784
1776176193614,0.0,0.0,15851.2958984375,70.71113586425781,0.4454529881477356
1776176193634,0.0,0.0,15851.5908203125,70.56500244140625,0.4455517828464508
1776176193653,0.0,0.0,15851.9443359375,70.39494323730469,0.4456508159637451
1776176193673,0.0,0.0,15852.58984375,70.23101043701172,0.44583025574684143
1776176193693,0.0,0.0,15852.94140625,70.09590148925781,0.4459119141101837
1776176193713,0.0,0.0,15853.2333984375,69.9387435913086,0.44600948691368103
1776176193734,0.0,0.0,15853.5830078125,69.77650451660156,0.44609084725379944
1776176193753,0.0,0.0,15853.8740234375,69.64430236816406,0.4461880624294281
1776176193773,0.0,0.0,15854.5126953125,69.49617004394531,0.4463651180267334
1776176193793,0.0,0.0,15854.8603515625,69.34669494628906,0.44646137952804565
1776176193813,0.0,0.0,15855.20703125,69.21634674072266,0.4465412497520447
1776176193834,0.0,0.0,15855.4951171875,69.06027221679688,0.44663792848587036
1776176193853,0.0,0.0,15855.8408203125,68.89893341064453,0.4467177987098694
1776176193873,0.0,0.0,15856.4716796875,68.75447845458984,0.44689324498176575
1776176193893,0.0,0.0,15856.7578125,68.58409118652344,0.44698843359947205
1776176193913,0.0,0.0,15857.1005859375,68.41194915771484,0.4470675587654114
1776176193934,0.0,0.0,15857.3857421875,68.25934600830078,0.44716355204582214
1776176193953,0.0,0.0,15857.7275390625,68.07714080810547,0.4472571313381195
1776176193973,0.0,0.0,15858.3515625,67.8931884765625,0.44743070006370544
1776176193993,0.0,0.0,15858.69140625,67.7360610961914,0.4475095868110657
1776176194013,0.0,0.0,15858.9736328125,67.5510025024414,0.4476034343242645
1776176194034,0.03175002336502075,0.0,15859.3115234375,67.37291717529297,0.44768112897872925
1776176194053,0.047600001096725464,0.0,15859.5927734375,67.23001098632812,0.44777533411979675
1776176194073,0.05950000882148743,0.0,15860.2099609375,67.07191467285156,0.44794487953186035
1776176194093,0.05950000882148743,0.0,15860.5458984375,66.92172241210938,0.44803863763809204
1776176194113,0.06350001692771912,0.0,15860.880859375,66.79798889160156,0.44811493158340454
1776176194135,0.06350001692771912,0.0,15861.1591796875,66.63385009765625,0.44820737838745117
1776176194153,0.07935002446174622,0.0,15861.4931640625,66.51935577392578,0.44828376173973083
1776176194173,0.09920001029968262,0.0,15862.103515625,66.41986846923828,0.44845345616340637
1776176194193,0.13490000367164612,0.0,15862.380859375,66.32550048828125,0.4485454857349396
1776176194213,0.18650001287460327,0.0,15862.712890625,66.25067901611328,0.4486211836338043
1776176194234,0.24204999208450317,0.0,15862.9892578125,66.19784545898438,0.4487130343914032
1776176194254,0.31744998693466187,0.0,15863.650390625,66.14319610595703,0.448880136013031
1776176194274,0.38089999556541443,0.0,15863.92578125,66.10477447509766,0.4489728808403015
1776176194294,0.4562999904155731,0.0,15864.255859375,66.1026611328125,0.449049174785614
1776176194314,0.5,0.0,15864.5302734375,66.12212371826172,0.44914132356643677
1776176194333,0.5273500084877014,0.0,15864.859375,66.14363098144531,0.44921720027923584
1776176194353,0.5663999915122986,0.0,15865.1337890625,66.1686782836914,0.44930726289749146
1776176194373,0.5859500169754028,0.0,15865.79296875,66.21736145019531,0.44947588443756104
1776176194393,0.59375,0.0,15866.068359375,66.30545806884766,0.4495670199394226
1776176194414,0.6015499830245972,0.0,15866.3984375,66.42411041259766,0.4496442973613739
1776176194435,0.6054499745368958,0.0,15866.6748046875,66.53376770019531,0.44973626732826233
1776176194456,0.6132999658584595,0.0,15867.283203125,66.61478424072266,0.44990405440330505
1776176194474,0.6172000169754028,0.0,15867.6162109375,66.73957061767578,0.4499815106391907
1776176194493,0.6405999660491943,0.0,15867.8935546875,66.90286254882812,0.45007291436195374
1776176194513,0.65625,0.0,15868.2275390625,67.05146026611328,0.45015037059783936
1776176194536,0.6757999658584595,0.0,15868.5068359375,67.20783233642578,0.45024368166923523
1776176194553,0.6836000084877014,0.0,15868.841796875,67.35741424560547,0.4503355026245117
1776176194574,0.6836000084877014,0.0,15869.4580078125,67.54435729980469,0.4505079388618469
1776176194593,0.6836000084877014,0.0,15869.794921875,67.71128845214844,0.4505869150161743
1776176194614,0.6718499660491943,0.0,15870.0771484375,67.89572143554688,0.4506796598434448
1776176194635,0.6601499915122986,0.0,15870.416015625,68.05990600585938,0.45075878500938416
1776176194654,0.6523500084877014,0.0,15870.69921875,68.18611907958984,0.45085078477859497
1776176194674,0.6523500084877014,0.0,15871.3232421875,68.32545471191406,0.4510260224342346
1776176194693,0.6484500169754028,0.0,15871.6640625,68.46402740478516,0.4511197805404663
1776176194714,0.6484500169754028,0.0,15872.005859375,68.5887451171875,0.45119985938072205
1776176194734,0.6484500169754028,0.0,15872.291015625,68.67671203613281,0.45129477977752686
1776176194756,0.6484500169754028,0.0,15872.919921875,68.78160095214844,0.4514685273170471
1776176194774,0.6484500169754028,0.0,15873.263671875,68.87808990478516,0.4515492916107178
1776176194793,0.6484500169754028,0.0,15873.55078125,68.98081970214844,0.4516448974609375
1776176194820,0.6484500169754028,0.0,15873.8955078125,69.09637451171875,0.45172441005706787
1776176194835,0.6445499658584595,0.0,15874.18359375,69.16104125976562,0.4518199861049652
1776176194855,0.6405999660491943,0.0,15874.818359375,69.26536560058594,0.4519959092140198
1776176194873,0.6366999745368958,0.0,15875.1650390625,69.3711929321289,0.45209312438964844
1776176194893,0.6366999745368958,0.0,15875.5126953125,69.4703598022461,0.4521726667881012
1776176194917,0.6327999830245972,0.0,15875.802734375,69.59895324707031,0.45226946473121643
1776176194933,0.6327999830245972,0.0,15876.1513671875,69.70211029052734,0.4523501992225647
1776176194957,0.6327999830245972,0.0,15876.7919921875,69.81920623779297,0.4525277018547058
1776176194976,0.6327999830245972,0.0,15877.083984375,69.92999267578125,0.4526248276233673
1776176194994,0.6327999830245972,0.0,15877.4345703125,70.03166198730469,0.45272237062454224
1776176195013,0.6327999830245972,0.0,15877.78515625,70.14875030517578,0.45280417799949646
1776176195035,0.6327999830245972,0.0,15878.078125,70.31549835205078,0.4529016613960266
1776176195054,0.6327999830245972,0.0,15878.72265625,70.44989776611328,0.4530807435512543
1776176195078,0.6288999915122986,0.0,15879.0751953125,70.62639617919922,0.45316362380981445
1776176195095,0.6211000084877014,0.0,15879.369140625,70.7847900390625,0.45326194167137146
1776176195119,0.6054499745368958,0.0,15879.72265625,70.97605895996094,0.4533439874649048
1776176195135,0.5898500084877014,0.0,15880.017578125,71.16276550292969,0.45344340801239014
1776176195156,0.5780999660491943,0.0,15880.728515625,71.33907318115234,0.45362603664398193
1776176195174,0.5586000084877014,0.0,15881.025390625,71.48393249511719,0.453726202249527
1776176195194,0.5468500256538391,0.0,15881.3818359375,71.65486145019531,0.45380985736846924
1776176195214,0.5429499745368958,0.0,15881.6796875,71.80062103271484,0.4539104104042053
1776176195235,0.5508000254631042,0.0,15882.037109375,71.96163940429688,0.453994482755661
1776176195253,0.5702999830245972,0.0,15882.3359375,72.0993881225586,0.45409515500068665
1776176195273,0.5976499915122986,0.0,15882.9951171875,72.2423095703125,0.4542805254459381
1776176195293,0.625,0.0,15883.35546875,72.3841323852539,0.45438292622566223
1776176195313,0.6523500084877014,0.0,15883.7158203125,72.49373626708984,0.4544675946235657
1776176195337,0.6991999745368958,0.0,15884.0166015625,72.73106384277344,0.4545705020427704
1776176195355,0.7343499660491943,0.0,15884.681640625,72.92591857910156,0.4547591805458069
1776176195376,0.7617000341415405,0.0,15885.0458984375,73.0922622680664,0.4548453688621521
1776176195394,0.7890499830245972,0.0,15885.3505859375,73.289306640625,0.454948753118515
1776176195414,0.8047000169754028,0.0,15885.716796875,73.5353775024414,0.4550343453884125
1776176195435,0.8163999915122986,0.0,15886.0234375,73.80982971191406,0.45513907074928284
1776176195453,0.8202999830245972,0.0,15886.392578125,74.03276824951172,0.4552433490753174
1776176195476,0.8202999830245972,0.0,15887.0732421875,74.3010025024414,0.4554377794265747
1776176195493,0.8163999915122986,0.0,15887.4462890625,74.53678894042969,0.4555260241031647
1776176195517,0.8085999488830566,0.0,15887.7587890625,74.8633804321289,0.45563241839408875
1776176195536,0.8007999658584595,0.0,15888.134765625,75.13285827636719,0.4557194411754608
1776176195556,0.7968499660491943,0.0,15888.826171875,75.35294342041016,0.4559166431427002
1776176195574,0.7929500341415405,0.0,15889.1416015625,75.59442138671875,0.45602285861968994
1776176195593,0.7890499830245972,0.0,15889.5205078125,75.8890380859375,0.4561311900615692
1776176195616,0.7890499830245972,0.0,15889.9013671875,76.15391540527344,0.4562208354473114
1776176195635,0.7890499830245972,0.0,15890.21875,76.40747833251953,0.4563293159008026
1776176195653,0.7890499830245972,0.0,15890.6005859375,76.60784912109375,0.4564201235771179
1776176195674,0.7929500341415405,0.0,15891.3037109375,76.81584930419922,0.45662108063697815
1776176195694,0.7968499660491943,0.0,15891.6240234375,77.06217193603516,0.4567316770553589
1776176195716,0.7968499660491943,0.0,15892.009765625,77.31396484375,0.45682206749916077
1776176195736,0.7890499830245972,0.0,15892.33203125,77.50320434570312,0.4569326639175415
1776176195753,0.7851499915122986,0.0,15892.7197265625,77.70317077636719,0.45704448223114014
1776176195777,0.7695499658584595,0.0,15893.4326171875,77.97083282470703,0.45723050832748413
1776176195797,0.7617000341415405,0.0,15893.7578125,78.22666931152344,0.45734095573425293
1776176195815,0.7538999915122986,0.0,15894.1494140625,78.4166259765625,0.45745179057121277
1776176195836,0.7422000169754028,0.0,15894.5419921875,78.60360717773438,0.457547128200531
1776176195853,0.7382999658584595,0.0,15894.8701171875,78.73884582519531,0.4576597213745117
1776176195874,0.7304499745368958,0.0,15895.5927734375,78.94737243652344,0.4578676223754883
1776176195894,0.7226499915122986,0.0,15895.9873046875,79.10938262939453,0.4579784870147705
1776176195917,0.71875,0.0,15896.3828125,79.30602264404297,0.4580734074115753
1776176195935,0.7109500169754028,0.0,15896.712890625,79.39615631103516,0.45818638801574707
1776176195958,0.7030999660491943,0.0,15897.4404296875,79.55390167236328,0.45839542150497437
1776176195974,0.7030999660491943,0.0,15897.837890625,79.66064453125,0.4584903120994568
1776176195995,0.6913999915122986,0.0,15898.169921875,79.8589096069336,0.45860421657562256
1776176196017,0.6836000084877014,0.0,15898.568359375,80.0553970336914,0.4586978554725647
1776176196035,0.6757999658584595,0.0,15898.9013671875,80.14466857910156,0.45881205797195435
1776176196059,0.6679499745368958,0.0,15899.6357421875,80.35067749023438,0.4590219557285309
1776176196077,0.6679499745368958,0.0,15900.037109375,80.45228576660156,0.4591359496116638
1776176196095,0.6679499745368958,0.0,15900.439453125,80.61431884765625,0.4592325687408447
1776176196114,0.6679499745368958,0.0,15900.775390625,80.72575378417969,0.45934760570526123
1776176196133,0.6679499745368958,0.0,15901.1787109375,80.84149169921875,0.4594419598579407
1776176196156,0.6640499830245972,0.0,15901.9189453125,81.0012435913086,0.4596528708934784
1776176196175,0.6601499915122986,0.0,15902.255859375,81.11660766601562,0.4597681760787964
1776176196194,0.6523500084877014,0.0,15902.6611328125,81.226318359375,0.4598643183708191
1776176196217,0.6484500169754028,0.0,15902.9990234375,81.26925659179688,0.45997920632362366
1776176196233,0.6445499658584595,0.0,15903.4052734375,81.2966079711914,0.4600946307182312
1776176196254,0.6445499658584595,0.0,15904.150390625,81.4301986694336,0.46030572056770325
1776176196279,0.6405999660491943,0.0,15904.5576171875,81.54901123046875,0.46040138602256775
1776176196296,0.6405999660491943,0.0,15904.8974609375,81.6107406616211,0.46051648259162903
1776176196317,0.6484500169754028,0.0,15905.3056640625,81.67330932617188,0.46061277389526367
1776176196337,0.6484500169754028,0.0,15905.646484375,81.7494125366211,0.4607284367084503
1776176196357,0.6484500169754028,0.0,15906.46484375,81.81710815429688,0.4609423577785492
1776176196375,0.6484500169754028,0.0,15906.8056640625,81.88091278076172,0.4610569179058075
1776176196393,0.6484500169754028,0.0,15907.2158203125,81.94924926757812,0.4611535370349884
1776176196416,0.6523500084877014,0.0,15907.5576171875,82.04496765136719,0.46126890182495117
1776176196435,0.65625,0.0,15907.9677734375,82.1148910522461,0.4613654613494873
1776176196456,0.6679499745368958,0.0,15908.720703125,82.20333862304688,0.46159669756889343
1776176196474,0.6757999658584595,0.0,15909.0634765625,82.29134368896484,0.46169373393058777
1776176196495,0.6875,0.0,15909.474609375,82.40507507324219,0.461789608001709
1776176196514,0.6952999830245972,0.0,15909.8173828125,82.5290298461914,0.4619068503379822
1776176196535,0.6952999830245972,0.0,15910.2294921875,82.62175750732422,0.4620037376880646
1776176196559,0.6952999830245972,0.0,15910.986328125,82.73411560058594,0.4622363746166229
1776176196578,0.6952999830245972,0.0,15911.3994140625,82.8502426147461,0.4623333811759949
1776176196597,0.6952999830245972,0.0,15911.744140625,82.95404815673828,0.46244940161705017
1776176196615,0.6952999830245972,0.0,15912.158203125,83.05484008789062,0.462567538022995
1776176196636,0.6913999915122986,0.0,15912.572265625,83.1558837890625,0.462664395570755
1776176196653,0.6875,0.0,15912.91796875,83.26778411865234,0.4627820551395416
1776176196674,0.6836000084877014,0.0,15913.6796875,83.40599060058594,0.4629970192909241
1776176196695,0.6797000169754028,0.0,15914.095703125,83.5007095336914,0.46309545636177063
1776176196717,0.6718499660491943,0.0,15914.443359375,83.60218811035156,0.46321240067481995
1776176196734,0.6679499745368958,0.0,15914.8603515625,83.65876007080078,0.46330952644348145
1776176196753,0.6679499745368958,0.0,15915.2080078125,83.74360656738281,0.46342819929122925
1776176196775,0.6679499745368958,0.0,15915.974609375,83.88156127929688,0.46364402770996094
1776176196795,0.6640499830245972,0.0,15916.3935546875,83.97869110107422,0.4637621343135834
1776176196819,0.6640499830245972,0.0,15916.8125,84.1007308959961,0.46386030316352844
1776176196836,0.6640499830245972,0.0,15917.162109375,84.17155456542969,0.4639783501625061
1776176196854,0.6640499830245972,0.0,15917.58203125,84.26177978515625,0.46407684683799744
1776176196874,0.6679499745368958,0.0,15918.353515625,84.34977722167969,0.4642932713031769
1776176196893,0.6718499660491943,0.0,15918.705078125,84.43173217773438,0.4644117057323456
1776176196914,0.6913999915122986,0.0,15919.126953125,84.536376953125,0.4645311236381531
1776176196936,0.7265499830245972,0.0,15919.548828125,84.6603775024414,0.464630126953125
1776176196957,0.7617000341415405,0.0,15919.9013671875,84.7691421508789,0.4647291600704193
1776176196977,0.8320499658584595,0.0,15920.677734375,84.91976165771484,0.4649670124053955
1776176196995,0.8945499658584595,0.0,15921.1015625,85.03793334960938,0.46506592631340027
1776176197014,0.9491999745368958,0.0,15921.455078125,85.17415618896484,0.4651857316493988
1776176197033,1.0,0.0,15921.8798828125,85.3546142578125,0.4652850329875946
1776176197053,1.0,0.0,15922.234375,85.52913665771484,0.46540510654449463
1776176197073,1.0,0.0,15923.017578125,85.738037109375,0.46562573313713074
1776176197093,1.0,0.0,15923.4462890625,85.95527648925781,0.4657261073589325
1776176197115,1.0,0.0,15923.8037109375,86.18270874023438,0.4658462703227997
1776176197137,1.0,0.0,15924.2333984375,86.4043960571289,0.4659668803215027
1776176197154,1.0,0.0,15924.6640625,86.59429168701172,0.46606817841529846
1776176197173,1.0,0.0,15925.45703125,86.7857666015625,0.46631142497062683
1776176197195,1.0,0.0,15925.818359375,87.04340362548828,0.4664131999015808
1776176197214,1.0,0.0,15926.2529296875,87.23738098144531,0.4665355682373047
1776176197235,1.0,0.0,15926.6884765625,87.46199035644531,0.46663835644721985
1776176197254,1.0,0.0,15927.0517578125,87.65220642089844,0.46676087379455566
1776176197276,1.0,0.0,15927.8544921875,87.87260437011719,0.46698591113090515
1776176197297,1.0,0.0,15928.29296875,88.10792541503906,0.4670884609222412
1776176197315,1.0,0.0,15928.6591796875,88.24951934814453,0.46721184253692627
1776176197334,1.0,0.0,15929.099609375,88.44376373291016,0.46731775999069214
1776176197353,1.0,0.0,15929.466796875,88.59990692138672,0.4674389362335205
1776176197375,1.0,0.0,15930.3505859375,88.77339172363281,0.46766799688339233
1776176197395,1.0,0.0,15930.7197265625,88.93949890136719,0.46779268980026245
1776176197414,1.0,0.0,15931.1640625,89.09728240966797,0.46789684891700745
1776176197434,1.0,0.0,15931.5341796875,89.27685546875,0.4680212438106537
1776176197453,1.0,0.0,15931.9794921875,89.46908569335938,0.4681257903575897
1776176197473,1.0,0.0,15932.798828125,89.64958953857422,0.46835631132125854
1776176197493,1.0,0.0,15933.171875,89.86100769042969,0.4684831202030182
1776176197516,1.0,0.0,15933.6201171875,90.06263732910156,0.4686092436313629
1776176197534,1.0,0.0,15934.0693359375,90.2565689086914,0.46871545910835266
1776176197554,1.0,0.0,15934.8955078125,90.42511749267578,0.4689474403858185
1776176197573,1.0,0.0,15935.2724609375,90.62332916259766,0.4690745770931244
1776176197595,1.0,0.0,15935.7255859375,90.8172836303711,0.469181090593338
1776176197616,1.0,0.0,15936.103515625,91.01439666748047,0.4693090617656708
1776176197633,1.0,0.0,15936.5576171875,91.19645690917969,0.4694366157054901
1776176197653,1.0,0.0,15937.0126953125,91.39092254638672,0.46954283118247986
1776176197674,1.0,0.0,15937.7734375,91.61825561523438,0.46977823972702026
1776176197693,1.0,0.0,15938.2314453125,91.84654998779297,0.4699071943759918
1776176197714,1.0,0.0,15938.6904296875,92.07484436035156,0.47001439332962036
1776176197735,1.0,0.0,15939.0732421875,92.31484985351562,0.470145583152771
1776176197753,1.0,0.0,15939.5341796875,92.52761840820312,0.47025322914123535
1776176197776,1.0,0.0,15940.3818359375,92.76970672607422,0.47051388025283813
1776176197794,1.0,0.0,15940.767578125,92.982177734375,0.4706230163574219
1776176197815,1.0,0.0,15941.232421875,93.24896240234375,0.47075313329696655
1776176197835,1.0,0.0,15941.6982421875,93.5360107421875,0.47086289525032043
1776176197853,1.0,0.0,15942.0869140625,93.77079010009766,0.47099417448043823
1776176197873,1.0,0.0,15942.9453125,94.03052520751953,0.47123533487319946
1776176197893,1.0,0.0,15943.4150390625,94.26324462890625,0.4713461399078369
1776176197916,1.0,0.0,15943.8076171875,94.60604858398438,0.47147735953330994
1776176197934,1.0,0.0,15944.279296875,94.85987854003906,0.47161242365837097
1776176197953,1.0,0.0,15944.751953125,95.12590789794922,0.47172242403030396
1776176197974,1.0,0.0,15945.623046875,95.46973419189453,0.4719688892364502
1776176197993,1.0,0.0,15946.0205078125,95.81061553955078,0.47210386395454407
1776176198013,1.0,0.0,15946.4990234375,96.07833099365234,0.47221603989601135
1776176198036,1.0,0.0,15946.8984375,96.4046859741211,0.47235119342803955
1776176198053,1.0,0.0,15947.37890625,96.65735626220703,0.4724646508693695
1776176198074,1.0,0.0,15948.263671875,96.91680145263672,0.47271493077278137
1776176198094,1.0,0.0,15948.6669921875,97.20106506347656,0.47285082936286926
1776176198114,1.0,0.0,15949.15234375,97.489990234375,0.47296544909477234
1776176198134,1.0,0.0,15949.5576171875,97.78511810302734,0.4731020927429199
1776176198154,1.0,0.0,15950.044921875,98.02745819091797,0.4732404053211212
1776176198174,1.0,0.0,15950.9423828125,98.30786895751953,0.47349217534065247
1776176198195,1.0,0.0,15951.43359375,98.59638214111328,0.4736068546772003
1776176198214,1.0,0.0,15951.84375,98.83270263671875,0.4737463891506195
1776176198233,1.0,0.0,15952.3369140625,99.09593200683594,0.47388574481010437
1776176198259,1.0,0.0,15953.244140625,99.3749771118164,0.47414258122444153
1776176198274,1.0,0.0,15953.740234375,99.59786987304688,0.474258691072464
1776176198293,1.0,0.0,15954.154296875,99.84502410888672,0.47440022230148315
1776176198315,1.0,0.0,15954.65234375,100.127685546875,0.4745171368122101
1776176198334,1.0,0.0,15955.068359375,100.37672424316406,0.47465813159942627
1776176198353,1.0,0.0,15955.5693359375,100.6452407836914,0.4747755229473114
1776176198375,1.0,0.0,15956.490234375,100.86873626708984,0.4750346541404724
1776176198393,1.0,0.0,15956.91015625,101.13106536865234,0.47517746686935425
1776176198417,1.0,0.0,15957.4150390625,101.40786743164062,0.4753195643424988
1776176198435,1.0,0.0,15957.9208984375,101.67560577392578,0.4754387140274048
1776176198453,1.0,0.0,15958.3427734375,101.89549255371094,0.47558027505874634
1776176198474,1.0,0.0,15959.2744140625,102.1473159790039,0.4758426547050476
1776176198494,1.0,0.0,15959.7841796875,102.38758850097656,0.47596246004104614
1776176198514,1.0,0.0,15960.2099609375,102.59382629394531,0.4761059880256653
1776176198535,1.0,0.0,15960.7216796875,102.84516906738281,0.47625115513801575
1776176198553,1.0,0.0,15961.234375,103.064453125,0.4763713777065277
1776176198573,1.0,0.0,15962.1787109375,103.32625579833984,0.4766367971897125
1776176198593,1.0,0.0,15962.609375,103.58870697021484,0.47678184509277344
1776176198615,1.0,0.0,15963.126953125,103.84139251708984,0.4769035279750824
1776176198633,1.0,0.0,15963.55859375,104.05482482910156,0.4770490527153015
1776176198653,1.0,0.0,15964.078125,104.28563690185547,0.4771707355976105
1776176198673,1.0,0.0,15965.033203125,104.48641204833984,0.47743916511535645
1776176198693,1.0,0.0,15965.4677734375,104.72792053222656,0.47758612036705017
1776176198713,1.0,0.0,15965.9912109375,104.95447540283203,0.4777083694934845
1776176198735,1.0,0.0,15966.427734375,105.23400115966797,0.47785550355911255
1776176198754,1.0,0.0,15967.4794921875,105.47206115722656,0.47812601923942566
1776176198775,1.0,0.0,15967.9189453125,105.70755767822266,0.4782737195491791
1776176198795,1.0,0.0,15968.447265625,105.93670654296875,0.4783966541290283
1776176198815,1.0,0.0,15968.8876953125,106.17862701416016,0.47854551672935486
1776176198834,1.0,0.0,15969.4169921875,106.38678741455078,0.4786939024925232
1776176198853,1.0,0.0,15969.947265625,106.5794906616211,0.47881925106048584
1776176198873,1.0,0.0,15970.9228515625,106.81055450439453,0.4790937006473541
1776176198893,1.0,0.0,15971.3671875,107.05486297607422,0.47924384474754333
1776176198913,1.0,0.0,15971.9013671875,107.25506591796875,0.4793688952922821
1776176198936,1.0,0.0,15972.34765625,107.5140609741211,0.47951987385749817
1776176198956,1.0,0.0,15973.33203125,107.71077728271484,0.47979578375816345
1776176198973,1.0,0.0,15973.8701171875,107.92151641845703,0.47994738817214966
1776176198993,1.0,0.0,15974.4091796875,108.18184661865234,0.4800734519958496
1776176199014,1.0,0.0,15974.859375,108.44575500488281,0.4802247881889343
1776176199035,1.0,0.0,15975.4013671875,108.69406127929688,0.48035159707069397
1776176199053,1.0,0.0,15975.853515625,108.88314819335938,0.4805040955543518
1776176199073,1.0,0.0,15976.849609375,109.10161590576172,0.48078396916389465
1776176199094,1.0,0.0,15977.39453125,109.33631134033203,0.48091158270835876
1776176199115,1.0,0.0,15977.849609375,109.54021453857422,0.48106420040130615
1776176199134,1.0,0.0,15978.396484375,109.76240539550781,0.4811924993991852
1776176199155,1.0,0.0,15979.4013671875,109.98380279541016,0.4814990162849426
1776176199176,1.0,0.0,15979.951171875,110.22075653076172,0.4816279709339142
1776176199193,1.0,0.0,15980.41015625,110.44865417480469,0.4817817509174347
1776176199215,1.0,0.0,15980.9619140625,110.7038803100586,0.4819119870662689
1776176199234,1.0,0.0,15981.4228515625,110.90125274658203,0.4820653200149536
1776176199253,1.0,0.0,15981.9765625,111.12342834472656,0.4821953773498535
1776176199275,1.0,0.0,15982.994140625,111.33023834228516,0.4824812412261963
1776176199293,1.0,0.0,15983.4580078125,111.58228302001953,0.4826372265815735
1776176199315,1.0,0.0,15984.015625,111.8156509399414,0.4827924370765686
1776176199335,1.0,0.0,15984.57421875,112.041259765625,0.4829234182834625
1776176199353,1.0,0.0,15985.0400390625,112.23558807373047,0.48307934403419495
1776176199373,1.0,0.0,15986.068359375,112.4795150756836,0.4833674728870392
1776176199393,1.0,0.0,15986.6298828125,112.6930160522461,0.4834982752799988
1776176199413,1.0,0.0,15987.0986328125,112.92901611328125,0.48365676403045654
1776176199435,1.0,0.0,15987.6630859375,113.16973114013672,0.4838133752346039
1776176199456,1.0,0.0,15988.7001953125,113.42354583740234,0.48410284519195557
1776176199473,1.0,0.0,15989.267578125,113.64625549316406,0.4842349588871002
1776176199493,1.0,0.0,15989.7412109375,113.89295959472656,0.48439323902130127
1776176199513,1.0,0.0,15990.310546875,114.0901870727539,0.48452627658843994
1776176199535,1.0,0.0,15990.78515625,114.34896087646484,0.48468586802482605
1776176199553,1.0,0.0,15991.35546875,114.55913543701172,0.48481878638267517
1776176199573,1.0,0.0,15992.404296875,114.77507019042969,0.4851117432117462
1776176199593,1.0,0.0,15992.8828125,115.03705596923828,0.4852713346481323
1776176199613,1.0,0.0,15993.45703125,115.29451751708984,0.48543235659599304
1776176199635,1.0,0.0,15994.033203125,115.53892517089844,0.4855668842792511
1776176199653,1.0,0.0,15994.513671875,115.74354553222656,0.48572733998298645
1776176199673,1.0,0.0,15995.57421875,115.99267578125,0.48599672317504883
1776176199693,1.0,0.0,15996.0576171875,116.20941925048828,0.48615795373916626
1776176199713,1.0,0.0,15996.6376953125,116.44672393798828,0.48632097244262695
1776176199734,1.0,0.0,15997.2197265625,116.64540100097656,0.48648321628570557
1776176199753,1.0,0.0,15997.705078125,116.58755493164062,0.48662030696868896
1776176199774,1.0,0.0,15998.87109375,116.54259490966797,0.4869159758090973
1776176199793,1.0,0.0,15999.3564453125,116.49260711669922,0.48707976937294006
1776176199813,1.0,0.0,15999.9384765625,116.45015716552734,0.48721492290496826
1776176199836,1.0,0.0,16000.423828125,116.39086151123047,0.4873790740966797
1776176199855,1.0,0.0,16001.490234375,116.34595489501953,0.4876752197742462
1776176199873,1.0,0.0,16002.0712890625,116.30184173583984,0.4878118932247162
1776176199894,1.0,0.0,16002.5556640625,116.25064849853516,0.48797670006752014
1776176199915,1.0,0.0,16003.13671875,116.19552612304688,0.4881383776664734
1776176199935,1.0,0.0,16003.716796875,116.14370727539062,0.4882749617099762
1776176199956,1.0,0.0,16004.7802734375,116.08944702148438,0.48857206106185913
1776176199973,1.0,0.0,16005.263671875,116.04053497314453,0.4887346923351288
1776176199993,1.0,0.0,16005.84375,116.2379150390625,0.48887181282043457
1776176200013,1.0,0.0,16006.3271484375,116.60111236572266,0.4890349507331848
1776176200034,1.0,0.0,16006.9091796875,116.98954772949219,0.48919767141342163
1776176200053,1.0,0.0,16007.4931640625,117.3546371459961,0.4893348515033722
1776176200073,1.0,0.0,16008.5673828125,117.75174713134766,0.48963841795921326
1776176200093,1.0,0.0,16009.0576171875,118.0428466796875,0.4898035526275635
1776176200113,1.0,0.0,16009.6474609375,118.24698638916016,0.4899710416793823
1776176200134,1.0,0.0,16010.23828125,118.46304321289062,0.4901098310947418
1776176200155,1.0,0.0,16010.7314453125,118.67858123779297,0.4902757704257965
1776176200175,1.0,0.0,16011.8193359375,118.89397430419922,0.49058303236961365
1776176200194,1.0,0.0,16012.4140625,119.0912857055664,0.4907228350639343
1776176200213,1.0,0.0,16012.91015625,119.30843353271484,0.49089035391807556
1776176200234,1.0,0.0,16013.5068359375,119.48621368408203,0.4910317659378052
1776176200253,1.0,0.0,16014.00390625,119.71183776855469,0.4912002682685852
1776176200274,1.0,0.0,16015.2001953125,119.90534210205078,0.49150946736335754
1776176200295,1.0,0.0,16015.69921875,120.11993408203125,0.49167656898498535
1776176200315,1.0,0.0,16016.2998046875,120.3407211303711,0.49181824922561646
1776176200334,1.0,0.0,16016.80078125,120.53251647949219,0.49198704957962036
1776176200354,1.0,0.0,16017.40234375,120.7468032836914,0.49212783575057983
1776176200373,1.0,0.0,16018.5078125,120.93292236328125,0.4924403727054596
1776176200393,1.0,0.0,16019.01171875,121.14772033691406,0.4926111698150635
1776176200413,1.0,0.0,16019.6171875,121.33019256591797,0.49278050661087036
1776176200434,1.0,0.0,16020.22265625,121.5783462524414,0.4929251968860626
1776176200453,1.0,0.0,16020.728515625,121.77057647705078,0.49306824803352356
1776176200473,1.0,0.0,16021.8427734375,121.95531463623047,0.4934089183807373
1776176200494,1.0,0.0,16022.4521484375,122.16751098632812,0.49355071783065796
1776176200513,1.0,0.0,16022.9609375,122.38301086425781,0.4937225878238678
1776176200535,1.0,0.0,16023.572265625,122.5846939086914,0.49386563897132874
1776176200553,1.0,0.0,16024.08203125,122.8109130859375,0.4940394461154938
1776176200573,1.0,0.0,16025.3076171875,123.02896118164062,0.49435457587242126
1776176200593,1.0,0.0,16025.8193359375,123.21735382080078,0.4944989085197449
1776176200615,1.0,0.0,16026.33203125,123.46278381347656,0.49467164278030396
1776176200634,1.0,0.0,16026.9482421875,123.65496826171875,0.4948456287384033
1776176200653,1.0,0.0,16027.5654296875,123.87146759033203,0.49499189853668213
1776176200674,1.0,0.0,16028.7001953125,124.1142349243164,0.495307594537735
1776176200694,1.0,0.0,16029.216796875,124.32735443115234,0.4954805374145508
1776176200713,1.0,0.0,16029.837890625,124.5025634765625,0.4956563115119934
1776176200733,1.0,0.0,16030.4599609375,124.71014404296875,0.49580156803131104
1776176200753,1.0,0.0,16030.978515625,124.95146179199219,0.49597620964050293
1776176200773,1.0,0.0,16032.123046875,125.13812255859375,0.49629783630371094
1776176200793,1.0,0.0,16032.7490234375,125.37055969238281,0.4964430332183838
1776176200813,1.0,0.0,16033.271484375,125.60340118408203,0.49661925435066223
1776176200835,1.0,0.0,16033.8994140625,125.80787658691406,0.49676647782325745
1776176200853,1.0,0.0,16034.4228515625,125.99605560302734,0.4969434440135956
1776176200874,1.0,0.0,16035.681640625,126.22563171386719,0.4972655177116394
1776176200894,1.0,0.0,16036.20703125,126.44737243652344,0.49741214513778687
1776176200913,1.0,0.0,16036.7333984375,126.62989807128906,0.49758800864219666
1776176200934,1.0,0.0,16037.3662109375,126.83218383789062,0.4977652430534363
1776176200953,1.0,0.0,16037.9990234375,127.0096664428711,0.49791470170021057
1776176200973,1.0,0.0,16039.162109375,127.21855926513672,0.49824076890945435
1776176200993,1.0,0.0,16039.6923828125,127.45137023925781,0.49841904640197754
1776176201013,1.0,0.0,16040.3291015625,127.65846252441406,0.4985959231853485
1776176201034,1.0,0.0,16040.966796875,127.8612060546875,0.49874502420425415
1776176201053,1.0,0.0,16041.4990234375,128.07301330566406,0.4989226162433624
1776176201073,1.0,0.0,16042.671875,128.27357482910156,0.4992508292198181
1776176201093,1.0,0.0,16043.3125,128.47654724121094,0.49940016865730286
1776176201113,1.0,0.0,16043.84765625,128.67724609375,0.49957820773124695
1776176201135,1.0,0.0,16044.490234375,128.89178466796875,0.4997282028198242
1776176201155,1.0,0.0,16045.0263671875,129.1101531982422,0.4999077618122101
1776176201175,1.0,0.0,16046.31640625,129.28915405273438,0.5002378225326538
1776176201194,1.0,0.0,16046.8544921875,129.51927185058594,0.500419020652771
1776176201214,1.0,0.0,16047.501953125,129.7094268798828,0.5005702972412109
1776176201233,1.0,0.0,16048.0419921875,129.89166259765625,0.5007494688034058
1776176201253,1.0,0.0,16048.6904296875,130.103759765625,0.5009004473686218
1776176201273,1.0,0.0,16049.8818359375,130.29901123046875,0.5012326836585999
1776176201293,1.0,0.0,16050.4248046875,130.505615234375,0.5014140009880066
1776176201316,1.0,0.0,16051.0771484375,130.70753479003906,0.501598060131073
1776176201334,1.0,0.0,16051.73046875,130.87399291992188,0.5017471313476562
1776176201354,1.0,0.0,16052.275390625,131.0912628173828,0.501929759979248
1776176201375,1.0,0.0,16053.4755859375,131.3341064453125,0.5022653937339783
1776176201393,1.0,0.0,16054.1318359375,131.4982147216797,0.5024163722991943
1776176201415,1.0,0.0,16054.6796875,131.67108154296875,0.5026015043258667
1776176201434,1.0,0.0,16055.337890625,131.85504150390625,0.5027533173561096
1776176201453,1.0,0.0,16055.88671875,132.04244995117188,0.502936065196991
1776176201473,1.0,0.0,16057.2060546875,132.2530517578125,0.5032744407653809
1776176201493,1.0,0.0,16057.7568359375,132.43190002441406,0.5034584999084473
1776176201513,1.0,0.0,16058.4189453125,132.63401794433594,0.5036134123802185
1776176201533,1.0,0.0,16058.970703125,132.83201599121094,0.5037962794303894
1776176201554,1.0,0.0,16059.6337890625,133.00079345703125,0.503950297832489
1776176201576,1.0,0.0,16060.8525390625,133.2367706298828,0.5042904615402222
1776176201593,1.0,0.0,16061.4072265625,133.41177368164062,0.5044763088226318
1776176201614,1.0,0.0,16062.07421875,133.6090545654297,0.5046631693840027
1776176201634,1.0,0.0,16062.7412109375,133.77810668945312,0.5048181414604187
1776176201653,1.0,0.0,16063.2978515625,133.9788055419922,0.5050033330917358
1776176201673,1.0,0.0,16064.5244140625,134.1538848876953,0.505346953868866
1776176201693,1.0,0.0,16065.1953125,134.3595428466797,0.5055040717124939
1776176201714,0.9843499660491943,0.0,16065.7548828125,134.5600128173828,0.505692183971405
1776176201734,0.6797000169754028,0.0,16066.4267578125,134.7455291748047,0.5058507919311523
1776176201755,0.31345000863075256,0.0,16066.9873046875,134.8668975830078,0.5060369968414307
1776176201775,0.0,0.0,16068.3349609375,134.90582275390625,0.506382942199707
1776176201794,0.0,0.0,16068.8974609375,134.837646484375,0.5065704584121704
1776176201813,0.0,0.0,16069.5712890625,134.76295471191406,0.5067281126976013
1776176201835,0.0,0.0,16070.1328125,134.6723175048828,0.5069165825843811
1776176201853,0.0,0.0,16070.806640625,134.5945587158203,0.5070740580558777
1776176201873,0.0,0.0,16072.0400390625,134.5046844482422,0.5074187517166138
1776176201893,0.0,0.0,16072.6005859375,134.41233825683594,0.507606565952301
1776176201913,0.0,1.4017473404237535e-06,16073.2724609375,134.33865356445312,0.5077950358390808
1776176201934,0.0,0.13401572406291962,16073.943359375,134.25021362304688,0.5079509019851685
1776176201955,0.0,0.7132585644721985,16074.5029296875,134.0104217529297,0.5081394910812378
1776176201975,0.0,1.0,16075.7314453125,133.4208221435547,0.5084842443466187
1776176201993,0.0,1.0,16076.3984375,132.86770629882812,0.5086379051208496
1776176202015,0.0,1.0,16076.9521484375,132.1517791748047,0.5088247656822205
1776176202033,0.0,0.6577082872390747,16077.6142578125,131.47512817382812,0.5089775919914246
1776176202053,0.0,0.38789868354797363,16078.1630859375,130.7475128173828,0.509161651134491
1776176202073,0.0,0.36630862951278687,16079.4716796875,130.21705627441406,0.50949627161026
1776176202093,0.0,0.4663964509963989,16080.013671875,129.825439453125,0.5096781849861145
1776176202115,0.0,0.8093602657318115,16080.662109375,129.17556762695312,0.5098291039466858
1776176202138,0.0,1.0,16081.201171875,128.3991241455078,0.5100099444389343
1776176202153,0.0,1.0,16081.845703125,127.76241302490234,0.510159432888031
1776176202173,0.0,1.0,16083.01953125,126.86338806152344,0.5104861259460449
1776176202193,0.0,1.0,16083.548828125,125.95787811279297,0.5106627345085144
1776176202213,0.0,1.0,16084.1796875,125.24163818359375,0.5108392238616943
1776176202234,0.0,1.0,16084.8076171875,124.34431457519531,0.5109858512878418
1776176202254,0.0,1.0,16085.328125,123.4255599975586,0.5111592411994934
1776176202273,0.0,1.0,16086.4638671875,122.63102722167969,0.5114744305610657
1776176202293,0.0,1.0,16087.078125,121.76693725585938,0.5116161704063416
1776176202313,0.0,1.0,16087.5869140625,120.8774185180664,0.5117859840393066
1776176202334,0.0,1.0,16088.1943359375,120.1048583984375,0.5119271874427795
1776176202353,0.0,1.0,16088.697265625,119.27278137207031,0.5120945572853088
1776176202373,0.0,1.0,16089.89453125,118.40412902832031,0.5123998522758484
1776176202393,0.0,1.0,16090.388671875,117.70890045166016,0.5125375986099243
1776176202414,0.0,1.0,16090.880859375,116.85932922363281,0.5127012729644775
1776176202434,0.0,1.0,16091.4677734375,116.05303192138672,0.5128641128540039
1776176202453,0.0,1.0,16092.0517578125,115.37532806396484,0.5129996538162231
1776176202473,0.0,1.0,16093.1123046875,114.60787200927734,0.5132949948310852
1776176202493,0.0,1.0,16093.5908203125,113.8066177368164,0.5134544968605042
1776176202513,0.0,1.0,16094.162109375,113.10590362548828,0.513586163520813
1776176202535,0.0,1.0,16094.6357421875,112.37284088134766,0.51374351978302
1776176202553,0.0,1.0,16095.2001953125,111.5817642211914,0.5139012336730957
1776176202573,0.0,1.0,16096.2275390625,110.94365692138672,0.5141856074333191
1776176202593,0.0,1.0,16096.783203125,110.16995239257812,0.5143148899078369
1776176202613,0.0,1.0,16097.244140625,109.40929412841797,0.5144675970077515
1776176202634,0.0,1.0,16097.7939453125,108.72095489501953,0.514620304107666
1776176202654,0.0,1.0,16098.33984375,107.95653533935547,0.5147461295127869
1776176202674,0.0,1.0,16099.33203125,107.2053451538086,0.5150220990180969
1776176202693,0.0,1.0,16099.779296875,106.58170318603516,0.5151712894439697
1776176202713,0.0,1.0,16100.3134765625,105.79304504394531,0.515294075012207
1776176202734,0.0,1.0,16100.755859375,105.03070068359375,0.5154403448104858
1776176202753,0.0,1.0,16101.2841796875,104.37183380126953,0.5155627131462097
1776176202774,0.0,1.0,16102.244140625,103.65018463134766,0.5158280730247498
1776176202793,0.0,1.0,16102.6767578125,102.86465454101562,0.5159715414047241
1776176202813,0.0,1.0,16103.1923828125,102.19404602050781,0.516115128993988
1776176202834,0.0,1.0,16103.705078125,101.47522735595703,0.516232967376709
1776176202853,0.0,0.8093602657318115,16104.1298828125,100.6894760131836,0.5163732171058655
1776176202874,0.0,0.7483496069908142,16105.056640625,99.9771728515625,0.5166286826133728
1776176202893,0.0,0.6906412839889526,16105.5576171875,99.15560913085938,0.5167438387870789
1776176202913,0.0,0.6362686157226562,16105.97265625,98.37984466552734,0.5168811678886414
1776176202935,0.0,0.4337609112262726,16106.466796875,97.6399154663086,0.5169954895973206
1776176202953,0.0,0.30085572600364685,16106.8759765625,97.08426666259766,0.5171298384666443
1776176202974,0.0,0.19178064167499542,16107.849609375,96.5679931640625,0.5173754096031189
1776176202993,0.0,0.14793184399604797,16108.2529296875,96.21823120117188,0.5175091624259949
1776176203013,0.0,0.11796233803033829,16108.734375,95.86688232421875,0.5176191329956055
1776176203033,0.0,0.11196944862604141,16109.134765625,95.56072998046875,0.5177521705627441
1776176203053,0.0,0.10905830562114716,16109.6142578125,95.30509185791016,0.5178607702255249
1776176203073,0.0,0.10905830562114716,16110.490234375,94.96688842773438,0.5181019306182861
1776176203093,0.0,0.10905830562114716,16110.88671875,94.63351440429688,0.5182325839996338
1776176203113,0.0,0.1062031164765358,16111.361328125,94.3691635131836,0.5183627605438232
1776176203134,0.0,0.1033676341176033,16111.8349609375,94.06941223144531,0.5184705853462219
1776176203153,0.0,0.1033676341176033,16112.228515625,93.76707458496094,0.5185986757278442
1776176203174,0.0,0.10062292218208313,16113.0908203125,93.4693374633789,0.5188356637954712
1776176203194,0.0,0.09270945191383362,16113.5595703125,93.23087310791016,0.5189425349235535
1776176203213,0.0,0.08526267111301422,16113.94921875,92.96676635742188,0.5190700888633728
1776176203233,0.0,0.08051890879869461,16114.416015625,92.74674987792969,0.5191762447357178
1776176203253,0.0,0.07600020617246628,16114.8037109375,92.49442291259766,0.5193033814430237
1776176203276,0.0,0.05065058171749115,16115.73046875,92.20915222167969,0.5195362567901611
1776176203294,0.0,0.01275242492556572,16116.115234375,92.01297760009766,0.5196627974510193
1776176203314,0.0,0.00016861029143910855,16116.576171875,91.84221649169922,0.5197668075561523
1776176203335,0.0,0.0,16116.9599609375,91.65461730957031,0.5198924541473389
1776176203353,0.0,0.0,16117.4189453125,91.49730682373047,0.5199970602989197
1776176203373,0.0,0.0,16118.2587890625,91.31871032714844,0.5202257633209229
1776176203393,0.0,0.0,16118.6396484375,91.14586639404297,0.5203511714935303
1776176203413,0.0,0.0,16119.095703125,91.00135803222656,0.5204769968986511
1776176203435,0.0,0.0,16119.55078125,90.80929565429688,0.5205792784690857
1776176203454,0.0,0.0,16119.9296875,90.66339111328125,0.520702600479126
1776176203473,0.0,0.0,16120.76171875,90.51670837402344,0.5209313631057739
1776176203493,0.0,0.0,16121.2138671875,90.34532928466797,0.5210331678390503
1776176203513,0.0,0.0,16121.5908203125,90.17256164550781,0.5211567282676697
1776176203534,0.0,0.0,16122.0419921875,90.01834106445312,0.5212586522102356
1776176203553,0.05555000901222229,0.0,16122.4169921875,89.83309936523438,0.5213801264762878
1776176203574,0.10715001821517944,0.0,16123.31640625,89.65963745117188,0.5216047167778015
1776176203593,0.12299999594688416,0.0,16123.6904296875,89.52104949951172,0.5217260122299194
1776176203613,0.1269499957561493,0.0,16124.138671875,89.36456298828125,0.5218265056610107
1776176203634,0.15080001950263977,0.0,16124.51171875,89.21544647216797,0.5219483375549316
1776176203653,0.17059999704360962,0.0,16124.958984375,89.09100341796875,0.5220493674278259
1776176203674,0.19840002059936523,0.0,16125.7763671875,88.94332885742188,0.5222706198692322
1776176203693,0.22220000624656677,0.0,16126.1474609375,88.79310607910156,0.5223923325538635
1776176203713,0.2261500060558319,0.0,16126.591796875,88.66554260253906,0.5225124359130859
1776176203737,0.22220000624656677,0.0,16126.9619140625,88.50812530517578,0.5226132869720459
1776176203753,0.21825000643730164,0.0,16127.4052734375,88.39511108398438,0.522732138633728
1776176203773,0.20634999871253967,0.0,16128.2158203125,88.28697967529297,0.5229533910751343
1776176203793,0.1904500126838684,0.0,16128.6572265625,88.16539001464844,0.5230543613433838
1776176203813,0.17855000495910645,0.0,16129.025390625,88.04283142089844,0.5231730937957764
1776176203835,0.16664999723434448,0.0,16129.4658203125,87.92671203613281,0.5232738852500916
1776176203853,0.15080001950263977,0.0,16129.8330078125,87.8285140991211,0.5233935713768005
1776176203874,0.14680001139640808,0.0,16130.7119140625,87.70560455322266,0.5236099362373352
1776176203893,0.14285001158714294,0.0,16131.0771484375,87.60022735595703,0.5237297415733337
1776176203913,0.13885000348091125,0.0,16131.5146484375,87.4805679321289,0.5238281488418579
1776176203933,0.13885000348091125,0.0,16131.87890625,87.36334991455078,0.5239467620849609
1776176203953,0.13490000367164612,0.0,16132.31640625,87.25904083251953,0.5240465402603149
1776176203973,0.1269499957561493,0.0,16133.1171875,87.1277084350586,0.5242636203765869
1776176203993,0.1269499957561493,0.0,16133.48046875,86.98574829101562,0.524382472038269
1776176204013,0.1269499957561493,0.0,16133.916015625,86.86553955078125,0.5245001912117004
1776176204035,0.1269499957561493,0.0,16134.3505859375,86.72411346435547,0.5245985388755798
1776176204053,0.13885000348091125,0.0,16134.7119140625,86.57261657714844,0.5247167348861694
1776176204073,0.15080001950263977,0.0,16135.505859375,86.44212341308594,0.524931788444519
1776176204093,0.16269999742507935,0.0,16135.9384765625,86.29759216308594,0.5250303745269775
1776176204113,0.18250000476837158,0.0,16136.298828125,86.15592956542969,0.5251483917236328
1776176204134,0.21424999833106995,0.0,16136.73046875,86.01692962646484,0.5252448320388794
1776176204153,0.24994999170303345,0.0,16137.08984375,85.89695739746094,0.5253621935844421
1776176204173,0.2857000231742859,0.0,16137.9501953125,85.7657241821289,0.5255753397941589
1776176204193,0.32534998655319214,0.0,16138.3076171875,85.661376953125,0.5256927609443665
1776176204213,0.3650500178337097,0.0,16138.736328125,85.55683898925781,0.5257893800735474
1776176204235,0.3968000113964081,0.0,16139.09375,85.4742660522461,0.5259047746658325
1776176204254,0.42855000495910645,0.0,16139.521484375,85.41983032226562,0.5260014533996582
1776176204274,0.452349990606308,0.0,16140.3056640625,85.39076232910156,0.5262162089347839
1776176204293,0.4721499979496002,0.0,16140.662109375,85.36888885498047,0.5263331532478333
1776176204313,0.4959999918937683,0.0,16141.0888671875,85.36164093017578,0.5264489054679871
1776176204335,0.5038999915122986,0.0,16141.515625,85.3636474609375,0.5265454649925232
1776176204353,0.5156000256538391,0.0,16141.87109375,85.38082122802734,0.5266620516777039
1776176204373,0.5195500254631042,0.0,16142.654296875,85.40798950195312,0.5268741250038147
1776176204393,0.5273500084877014,0.0,16143.08203125,85.44906616210938,0.5269720554351807
1776176204413,0.53125,0.0,16143.4384765625,85.4841537475586,0.5270892381668091
1776176204435,0.5351499915122986,0.0,16143.8662109375,85.52406311035156,0.5272055864334106
1776176204453,0.5351499915122986,0.0,16144.2939453125,85.56819152832031,0.5273033976554871
1776176204473,0.5429499745368958,0.0,16145.078125,85.62847137451172,0.527516782283783
1776176204493,0.5547000169754028,0.0,16145.4345703125,85.68579864501953,0.5276340842247009
1776176204513,0.5741999745368958,0.0,16145.86328125,85.76464080810547,0.5277315974235535
1776176204535,0.5859500169754028,0.0,16146.220703125,85.85212707519531,0.527848482131958
1776176204553,0.5976499915122986,0.0,16146.6494140625,85.92686462402344,0.5279666781425476
1776176204574,0.6093499660491943,0.0,16147.4365234375,86.01060485839844,0.5281807780265808
1776176204593,0.6172000169754028,0.0,16147.8662109375,86.09877014160156,0.5282796025276184
1776176204613,0.625,0.0,16148.224609375,86.1851806640625,0.528397262096405
1776176204635,0.6327999830245972,0.0,16148.6552734375,86.32627868652344,0.5284951329231262
1776176204653,0.6366999745368958,0.0,16149.0146484375,86.42893981933594,0.5285934209823608
1776176204675,0.6484500169754028,0.0,16149.806640625,86.55406188964844,0.5288296937942505
1776176204693,0.6601499915122986,0.0,16150.2392578125,86.66332244873047,0.528928816318512
1776176204713,0.6913999915122986,0.0,16150.6005859375,86.7978744506836,0.529047429561615
1776176204734,0.7226499915122986,0.0,16151.0341796875,86.91914367675781,0.5291668772697449
1776176204753,0.7655999660491943,0.0,16151.46875,87.09232330322266,0.5292661786079407
1776176204774,0.8242000341415405,0.0,16152.2666015625,87.26542663574219,0.5294859409332275
1776176204793,0.8788999915122986,0.0,16152.6298828125,87.41260528564453,0.529586136341095
1776176204813,0.9491999745368958,0.0,16152.994140625,87.63908386230469,0.5297062993049622
1776176204834,1.0,0.0,16153.431640625,87.9138412475586,0.5298269391059875
1776176204853,1.0,0.0,16153.8701171875,88.17545318603516,0.5299288630485535
1776176204873,1.0,0.0,16154.6787109375,88.49103546142578,0.5301730632781982
1776176204893,1.0,0.0,16155.12109375,88.80069732666016,0.5302746891975403
1776176204915,1.0,0.0,16155.4912109375,89.1158447265625,0.5303978323936462
1776176204935,1.0,0.0,16155.9365234375,89.41374969482422,0.530500590801239
1776176204953,1.0,0.0,16156.30859375,89.6839370727539,0.5306241512298584
1776176204973,1.0,0.0,16157.1298828125,89.95022583007812,0.530850887298584
1776176204993,1.0,0.0,16157.580078125,90.26652526855469,0.5309757590293884
1776176205013,1.0,0.0,16158.03125,90.59368133544922,0.5310798287391663
1776176205033,1.0,0.0,16158.408203125,90.85955047607422,0.5312051177024841
1776176205053,1.0,0.0,16158.8623046875,91.16838073730469,0.5313100218772888
1776176205073,1.0,0.0,16159.697265625,91.4799575805664,0.5315417051315308
1776176205093,1.0,0.0,16160.078125,91.74351501464844,0.5316688418388367
1776176205113,1.0,0.0,16160.5361328125,92.06090545654297,0.5317751169204712
1776176205134,1.0,0.0,16160.9189453125,92.3772964477539,0.5319027304649353
1776176205153,1.0,0.0,16161.3798828125,92.6358413696289,0.5320098996162415
1776176205173,1.0,0.0,16162.2275390625,92.94674682617188,0.5322682857513428
1776176205193,1.0,0.0,16162.6923828125,93.27075958251953,0.5323761105537415
1776176205213,1.0,0.0,16163.0810546875,93.5377426147461,0.5325060486793518
1776176205234,1.0,0.0,16163.5478515625,93.84140014648438,0.5326147675514221
1776176205253,1.0,0.0,16163.9384765625,94.13858795166016,0.5327457189559937
1776176205274,1.0,0.0,16164.80078125,94.39305114746094,0.5329863429069519
1776176205293,1.0,0.0,16165.2724609375,94.69967651367188,0.5331190228462219
1776176205313,1.0,0.0,16165.7451171875,95.00337219238281,0.5332295298576355
1776176205334,1.0,0.0,16166.140625,95.29986572265625,0.5333626866340637
1776176205355,1.0,0.0,16166.6162109375,95.55479431152344,0.5334741473197937
1776176205373,1.0,0.0,16167.4912109375,95.84326934814453,0.5337197184562683
1776176205393,1.0,0.0,16167.890625,96.07583618164062,0.5338543057441711
1776176205413,1.0,0.0,16168.37109375,96.42456817626953,0.5339667201042175
1776176205434,1.0,0.0,16168.7724609375,96.74512481689453,0.5341026186943054
1776176205453,1.0,0.0,16169.2548828125,96.9931869506836,0.534238874912262
1776176205473,1.0,0.0,16170.1435546875,97.27359008789062,0.5344895124435425
1776176205493,1.0,0.0,16170.6298828125,97.55574035644531,0.5346040725708008
1776176205513,1.0,0.0,16171.0361328125,97.8042221069336,0.5347418785095215
1776176205534,1.0,0.0,16171.5244140625,98.11161041259766,0.5348570346832275
1776176205553,1.0,0.0,16171.9326171875,98.41546630859375,0.5349953174591064
1776176205573,1.0,0.0,16172.833984375,98.65650939941406,0.5352501273155212
1776176205593,1.0,0.0,16173.3271484375,98.91960144042969,0.5353897213935852
1776176205613,1.0,0.0,16173.8212890625,99.19585418701172,0.5355066657066345
1776176205635,1.0,0.0,16174.2333984375,99.4865951538086,0.5356476902961731
1776176205653,1.0,0.0,16174.7294921875,99.73314666748047,0.535764753818512
1776176205673,1.0,0.0,16175.6416015625,100.0101318359375,0.5360237956047058
1776176205693,1.0,0.0,16176.0576171875,100.23841857910156,0.5361658334732056
1776176205713,1.0,0.0,16176.55859375,100.50446319580078,0.5362842679023743
1776176205734,1.0,0.0,16176.9765625,100.78573608398438,0.5364271998405457
1776176205753,1.0,0.0,16177.4794921875,101.02725982666016,0.5365702509880066
1776176205773,1.0,0.0,16178.404296875,101.30171203613281,0.5368335247039795
1776176205793,1.0,0.0,16178.91015625,101.56744384765625,0.5369530916213989
1776176205813,1.0,0.0,16179.3330078125,101.80115509033203,0.5370975732803345
1776176205834,1.0,0.0,16179.8408203125,102.08842468261719,0.5372179746627808
1776176205853,1.0,0.0,16180.265625,102.36133575439453,0.5373630523681641
1776176205873,1.0,0.0,16181.2021484375,102.58155822753906,0.5376291275024414
1776176205893,1.0,0.0,16181.71484375,102.83919525146484,0.5377755761146545
1776176205913,1.0,0.0,16182.228515625,103.09260559082031,0.5378971099853516
1776176205934,1.0,0.0,16182.6572265625,103.32003784179688,0.538043200969696
1776176205953,1.0,0.0,16183.1728515625,103.59109497070312,0.5381660461425781
1776176205973,1.0,0.0,16184.12109375,103.8525390625,0.5384349822998047
1776176205993,1.0,0.0,16184.5537109375,104.06515502929688,0.538582980632782
1776176206013,1.0,0.0,16185.0732421875,104.30977630615234,0.5387061238288879
1776176206034,1.0,0.0,16185.5068359375,104.57195281982422,0.5388534665107727
1776176206054,1.0,0.0,16186.0283203125,104.80683135986328,0.5389770865440369
1776176206073,1.0,0.0,16186.9873046875,105.06170654296875,0.5392736196517944
1776176206093,1.0,0.0,16187.5126953125,105.3126449584961,0.5393970012664795
1776176206113,1.0,0.0,16187.951171875,105.53921508789062,0.5395466089248657
1776176206134,1.0,0.0,16188.478515625,105.8006591796875,0.5396702289581299
1776176206153,1.0,0.0,16188.9189453125,106.05741882324219,0.5398194789886475
1776176206173,1.0,0.0,16189.8896484375,106.29613494873047,0.5400941371917725
1776176206193,1.0,0.0,16190.4208984375,106.5432357788086,0.540244996547699
1776176206213,1.0,0.0,16190.953125,106.76184844970703,0.5403704643249512
1776176206234,1.0,0.0,16191.3974609375,106.96940612792969,0.5405208468437195
1776176206253,1.0,0.0,16191.9306640625,107.21534729003906,0.5406468510627747
1776176206273,1.0,0.0,16192.9111328125,107.47415924072266,0.5409245491027832
1776176206293,1.0,0.0,16193.3583984375,107.69624328613281,0.5410760641098022
1776176206313,1.0,0.0,16193.896484375,107.9452896118164,0.5412025451660156
1776176206334,1.0,0.0,16194.345703125,108.18608093261719,0.5413548350334167
1776176206353,1.0,0.0,16194.8857421875,108.38670349121094,0.5415075421333313
1776176206373,1.0,0.0,16195.8779296875,108.6293716430664,0.5417869687080383
1776176206393,1.0,0.0,16196.4208984375,108.87712097167969,0.5419151186943054
1776176206413,1.0,0.0,16196.8740234375,109.08944702148438,0.5420679450035095
1776176206434,1.0,0.0,16197.4189453125,109.33200073242188,0.5421959757804871
1776176206453,1.0,0.0,16197.873046875,109.56039428710938,0.5423498153686523
1776176206473,1.0,0.0,16198.8759765625,109.76293182373047,0.5426329970359802
1776176206493,1.0,0.0,16199.423828125,110.0076675415039,0.5427875518798828
1776176206513,1.0,0.0,16199.9736328125,110.24581909179688,0.5429164171218872
1776176206534,1.0,0.0,16200.4326171875,110.41454315185547,0.543070912361145
1776176206553,1.0,0.0,16200.984375,110.36861419677734,0.5432003736495972
1776176206573,1.0,0.0,16201.99609375,110.30509185791016,0.5434851050376892
1776176206593,1.0,0.0,16202.455078125,110.24446868896484,0.5436395406723022
1776176206613,1.0,0.0,16203.005859375,110.1764144897461,0.5437689423561096
1776176206634,1.0,0.0,16203.46484375,110.10601806640625,0.5439237356185913
1776176206653,1.0,0.0,16204.0146484375,110.04529571533203,0.5440789461135864
1776176206673,1.0,0.0,16205.0224609375,109.97541046142578,0.5443620085716248
1776176206693,1.0,0.0,16205.572265625,109.90706634521484,0.5444900989532471
1776176206713,1.0,0.0,16206.0302734375,109.8503646850586,0.5446444749832153
1776176206734,1.0,0.0,16206.5791015625,109.78727722167969,0.5447733402252197
1776176206753,1.0,0.0,16207.0361328125,109.72623443603516,0.5449274182319641
1776176206773,1.0,0.0,16208.0419921875,109.67324829101562,0.5452090501785278
1776176206793,1.0,0.0,16208.58984375,109.91210174560547,0.5453630089759827
1776176206813,1.0,0.0,16209.138671875,110.24817657470703,0.5454913377761841
1776176206834,1.0,0.0,16209.59765625,110.54581451416016,0.5456464290618896
1776176206853,1.0,0.0,16210.1494140625,110.83379364013672,0.5457752346992493
1776176206873,1.0,0.0,16211.1650390625,111.20835876464844,0.5460607409477234
1776176206893,1.0,0.0,16211.62890625,111.49764251708984,0.5462164878845215
1776176206913,1.0,0.0,16212.1865234375,111.76598358154297,0.5463464856147766
1776176206935,1.0,0.0,16212.65234375,112.01061248779297,0.5465033650398254
1776176206953,1.0,0.0,16213.2119140625,112.2300796508789,0.5466338992118835
1776176206974,1.0,0.0,16214.240234375,112.4682388305664,0.5469484925270081
1776176206993,1.0,0.0,16214.802734375,112.69960021972656,0.5470801591873169
1776176207013,1.0,0.0,16215.2724609375,112.90919494628906,0.5472374558448792
1776176207034,1.0,0.0,16215.8369140625,113.15770721435547,0.5473694205284119
1776176207053,1.0,0.0,16216.3076171875,113.40714263916016,0.5475277304649353
1776176207073,1.0,0.0,16217.345703125,113.61183166503906,0.5478187799453735
1776176207093,1.0,0.0,16217.9130859375,113.84197998046875,0.5479785799980164
1776176207113,1.0,0.0,16218.4814453125,114.08087158203125,0.5481117367744446
1776176207134,1.0,0.0,16218.9560546875,114.29109954833984,0.5482714176177979
1776176207153,1.0,0.0,16219.5263671875,114.5292739868164,0.5484041571617126
1776176207173,1.0,0.0,16220.5751953125,114.7783432006836,0.5486975312232971
1776176207193,1.0,0.0,16221.052734375,114.98616790771484,0.548859179019928
1776176207213,1.0,0.0,16221.626953125,115.2381591796875,0.5489926934242249
1776176207233,1.0,0.0,16222.1064453125,115.49935913085938,0.5491543412208557
1776176207253,1.0,0.0,16222.6826171875,115.7132797241211,0.5493176579475403
1776176207273,1.0,0.0,16223.7421875,115.96735382080078,0.5496143698692322
1776176207293,1.0,0.0,16224.322265625,116.22677612304688,0.5497499704360962
1776176207313,1.0,0.0,16224.8056640625,116.43755340576172,0.5499134063720703
1776176207334,1.0,0.0,16225.3876953125,116.69306945800781,0.5500487685203552
1776176207353,1.0,0.0,16225.873046875,116.95214080810547,0.5502122640609741
1776176207374,1.0,0.0,16226.9443359375,117.16226196289062,0.5505132079124451
1776176207393,1.0,0.0,16227.5302734375,117.43324279785156,0.5506774187088013
1776176207413,1.0,0.0,16228.1171875,117.69229888916016,0.5508144497871399
1776176207433,1.0,0.0,16228.607421875,117.91339874267578,0.5509800314903259
1776176207454,1.0,0.0,16229.1962890625,118.16666412353516,0.5511179566383362
1776176207473,1.0,0.0,16230.2783203125,118.422119140625,0.5514212846755981
1776176207493,1.0,0.0,16230.771484375,118.64710998535156,0.5515883564949036
1776176207513,1.0,0.0,16231.3642578125,118.90056610107422,0.5517268180847168
1776176207535,1.0,0.0,16231.859375,119.14530944824219,0.5518930554389954
1776176207553,1.0,0.0,16232.4541015625,119.3681411743164,0.5520610213279724
1776176207573,1.0,0.0,16233.5478515625,119.62692260742188,0.5523678660392761
1776176207593,1.0,0.0,16234.146484375,119.87358093261719,0.5525068640708923
1776176207613,1.0,0.0,16234.6455078125,120.09554290771484,0.5526474714279175
1776176207634,1.0,0.0,16235.1455078125,120.34518432617188,0.5528154969215393
1776176207653,1.0,0.0,16235.74609375,120.58509826660156,0.5529846549034119
1776176207673,1.0,0.0,16236.8505859375,120.7889633178711,0.5532950162887573
1776176207693,1.0,0.0,16237.4541015625,121.04034423828125,0.553464412689209
1776176207713,0.9882999658584595,0.0,16238.05859375,121.28418731689453,0.553605854511261
1776176207734,0.8125,0.0,16238.5634765625,121.51985168457031,0.5537758469581604
1776176207753,0.5898500084877014,0.0,16239.169921875,121.703369140625,0.5539181232452393
1776176207774,0.31744998693466187,0.0,16240.28515625,121.83790588378906,0.5542314648628235
1776176207793,0.06350001692771912,0.0,16240.79296875,121.87664794921875,0.5544015765190125
1776176207813,0.0,0.0,16241.40234375,121.84944152832031,0.5545450448989868
1776176207834,0.0,0.0,16241.91015625,121.78914642333984,0.5547148585319519
1776176207853,0.0,0.0,16242.5185546875,121.73555755615234,0.55488520860672
1776176207874,0.0,0.0,16243.6337890625,121.6701889038086,0.5551978349685669
1776176207893,0.0,0.0,16244.2421875,121.60501098632812,0.5553408861160278
1776176207913,0.0,0.0,16244.7490234375,121.5503158569336,0.5555108189582825
1776176207934,0.0,0.0,16245.3564453125,121.48546600341797,0.5556529760360718
1776176207953,0.0,0.0,16245.8623046875,121.41802215576172,0.5558227896690369
1776176207973,0.0,0.0,16246.9755859375,121.35986328125,0.5561354756355286
1776176207993,0.0,0.0,16247.58203125,121.28968811035156,0.556304931640625
1776176208013,0.0,0.0,16248.1884765625,121.21756744384766,0.5564468502998352
1776176208034,0.0,3.150863994960673e-05,16248.693359375,121.14768981933594,0.5566168427467346
1776176208053,0.0,0.001810308312997222,16249.298828125,121.0857162475586,0.5567584037780762
1776176208073,0.0,0.008534903638064861,16250.4091796875,121.01264190673828,0.5570696592330933
1776176208093,0.0,0.01913045533001423,16250.9130859375,120.94368743896484,0.5572401285171509
1776176208113,0.0,0.034584492444992065,16251.517578125,120.8521499633789,0.5573804974555969
1776176208134,0.0,0.047383863478899,16252.021484375,120.74637603759766,0.5575506091117859
1776176208153,0.0,0.059503260999917984,16252.625,120.64739227294922,0.5576910972595215
1776176208173,0.0,0.07381204515695572,16253.7314453125,120.52469635009766,0.5580282211303711
1776176208193,0.0,0.09017623215913773,16254.333984375,120.38145446777344,0.5581688284873962
1776176208213,0.0,0.10905830562114716,16254.8359375,120.24979400634766,0.558337926864624
1776176208235,0.0,0.1241873949766159,16255.4375,120.08187866210938,0.5584781169891357
1776176208253,0.0,0.12738874554634094,16255.9384765625,119.89785766601562,0.5586465001106262
1776176208273,0.0,0.1306924819946289,16257.0390625,119.73455047607422,0.5589542388916016
1776176208293,0.0,0.1306924819946289,16257.6376953125,119.54285430908203,0.5590941309928894
1776176208313,0.0,0.12738874554634094,16258.1357421875,119.35336303710938,0.5592613220214844
1776176208334,0.0,0.1306924819946289,16258.7333984375,119.16790008544922,0.559427797794342
1776176208353,0.0,0.13401572406291962,16259.330078125,119.00199127197266,0.5595676302909851
1776176208373,0.0,0.1374005228281021,16260.4208984375,118.80443572998047,0.5598732233047485
1776176208393,0.0,0.14084765315055847,16260.916015625,118.63907623291016,0.5600394606590271
1776176208413,0.0,0.14084765315055847,16261.509765625,118.44527435302734,0.560178279876709
1776176208435,0.0,0.14084765315055847,16262.00390625,118.24468994140625,0.5603443384170532
1776176208453,0.0,0.14084765315055847,16262.595703125,118.07638549804688,0.560482919216156
1776176208473,0.0,0.14793184399604797,16263.677734375,117.88114166259766,0.5608125329017639
1776176208493,0.0,0.1552741378545761,16264.267578125,117.67938995361328,0.5609501600265503
1776176208513,0.0,0.1590927094221115,16264.7578125,117.49411010742188,0.5611142516136169
1776176208535,0.0,0.1590927094221115,16265.345703125,117.24838256835938,0.561251699924469
1776176208553,0.0,0.1590927094221115,16265.8349609375,117.06626892089844,0.5614154934883118
1776176208574,0.0,0.1552741378545761,16266.908203125,116.87690734863281,0.5617162585258484
1776176208593,0.0,0.1552741378545761,16267.4921875,116.65766143798828,0.5618792772293091
1776176208613,0.0,0.16683508455753326,16268.076171875,116.44087219238281,0.562015950679779
1776176208635,0.0,0.1748504638671875,16268.5615234375,116.21285247802734,0.5621792078018188
1776176208653,0.0,0.1748504638671875,16269.1435546875,116.01142120361328,0.5623140931129456
1776176208674,0.0,0.1748504638671875,16270.2080078125,115.78498840332031,0.5626122951507568
1776176208693,0.0,0.1748504638671875,16270.6904296875,115.58592224121094,0.5627739429473877
1776176208713,0.0,0.1748504638671875,16271.2685546875,115.33573150634766,0.5629087686538696
1776176208734,0.0,0.17080825567245483,16271.75,115.09889221191406,0.5630713105201721
1776176208753,0.0,0.17080825567245483,16272.326171875,114.90892028808594,0.5632330179214478
1776176208773,0.0,0.17080825567245483,16273.3798828125,114.69192504882812,0.5635271668434143
1776176208793,0.0,0.17080825567245483,16273.953125,114.4496078491211,0.5636604428291321
1776176208813,0.0,0.17080825567245483,16274.4306640625,114.24602508544922,0.5638204216957092
1776176208834,0.0,0.16683508455753326,16275.001953125,114.0140609741211,0.5639531016349792
1776176208853,0.0,0.1515703648328781,16275.4775390625,113.79013061523438,0.5641130805015564
1776176208873,0.0,0.12738874554634094,16276.5205078125,113.60267639160156,0.5644050240516663
1776176208893,0.0,0.06739471852779388,16277.0888671875,113.40583038330078,0.5645637512207031
1776176208913,0.0,0.00228431960567832,16277.65625,113.25822448730469,0.5646964907646179
1776176208935,0.0,0.0,16278.1279296875,113.15129089355469,0.5648288726806641
1776176208953,0.0,0.0,16278.599609375,113.06498718261719,0.5649874806404114
1776176208973,0.0,0.0,16279.73046875,112.96488952636719,0.5652772784233093
1776176208993,0.0,0.0,16280.201171875,112.87866973876953,0.5654355883598328
1776176209013,0.0,0.0,16280.765625,112.7789535522461,0.5655672550201416
1776176209034,0.0,0.0,16281.236328125,112.6780776977539,0.5657246708869934
1776176209054,0.0,0.0,16281.80078125,112.5902328491211,0.5658833384513855
1776176209076,0.0,0.0,16282.833984375,112.47483825683594,0.566146969795227
1776176209093,0.0,0.0,16283.302734375,112.3893814086914,0.5663048028945923
1776176209113,0.0,0.0,16283.865234375,112.30229187011719,0.5664619207382202
1776176209134,0.08730000257492065,0.0,16284.4267578125,112.2024917602539,0.5665932297706604
1776176209153,0.15870001912117004,0.0,16284.89453125,112.12039184570312,0.5667499303817749
1776176209174,0.19840002059936523,0.0,16285.921875,112.05950164794922,0.5670377016067505
1776176209193,0.2301500141620636,0.0,16286.482421875,111.98931121826172,0.5671952962875366
1776176209213,0.2459999918937683,0.0,16287.0419921875,111.92342376708984,0.567326009273529
1776176209234,0.26190000772476196,0.0,16287.5087890625,111.85733795166016,0.5674828290939331
1776176209253,0.26980000734329224,0.0,16288.068359375,111.80581665039062,0.5676140785217285
1776176209274,0.2738000154495239,0.0,16289.0927734375,111.74357604980469,0.5679018497467041
1776176209293,0.27775001525878906,0.0,16289.55859375,111.68522644042969,0.5680590271949768
1776176209313,0.27775001525878906,0.0,16290.1171875,111.61812591552734,0.568189263343811
1776176209334,0.27775001525878906,0.0,16290.58203125,111.55077362060547,0.5683466196060181
1776176209353,0.2738000154495239,0.0,16291.1396484375,111.49183654785156,0.5685027837753296
1776176209374,0.26980000734329224,0.0,16292.1611328125,111.43388366699219,0.5687903165817261
1776176209393,0.26980000734329224,0.0,16292.7177734375,111.36895751953125,0.5689207315444946
1776176209413,0.2658500075340271,0.0,16293.181640625,111.29312896728516,0.5690779685974121
1776176209434,0.25394999980926514,0.0,16293.73828125,111.238037109375,0.5692086815834045
1776176209454,0.23805001378059387,0.0,16294.2021484375,111.18595886230469,0.5693657398223877
1776176209473,0.22220000624656677,0.0,16295.2216796875,111.12847900390625,0.5696524977684021
1776176209493,0.20235002040863037,0.0,16295.77734375,111.04782104492188,0.5698094367980957
1776176209513,0.18650001287460327,0.0,16296.3330078125,110.9861831665039,0.569939136505127
1776176209534,0.17059999704360962,0.0,16296.7958984375,110.92081451416016,0.5700960755348206
1776176209553,0.16664999723434448,0.0,16297.3505859375,110.85768127441406,0.5702269077301025
1776176209574,0.16269999742507935,0.0,16298.3662109375,110.76707458496094,0.5705128312110901
1776176209593,0.16269999742507935,0.0,16298.828125,110.68499755859375,0.5706703662872314
1776176209613,0.16269999742507935,0.0,16299.3818359375,110.59358978271484,0.5708004236221313
1776176209634,0.16664999723434448,0.0,16299.8427734375,110.49700927734375,0.5709570050239563
1776176209653,0.16664999723434448,0.0,16300.3955078125,110.40670013427734,0.5711128115653992
1776176209673,0.16664999723434448,0.0,16301.408203125,110.29933166503906,0.571398913860321
1776176209693,0.16269999742507935,0.0,16301.9599609375,110.19346618652344,0.5715287327766418
1776176209713,0.1547500193119049,0.0,16302.4189453125,110.11116027832031,0.5716854929924011
1776176209733,0.14680001139640808,0.0,16302.9697265625,110.00851440429688,0.5718162655830383
1776176209753,0.13490000367164612,0.0,16303.4287109375,109.8932876586914,0.5719707608222961
1776176209773,0.1269499957561493,0.0,16304.4365234375,109.80284881591797,0.5722554922103882
1776176209793,0.11110001802444458,0.0,16304.9853515625,109.69819641113281,0.5724120140075684
1776176209813,0.09920001029968262,0.0,16305.5341796875,109.59092712402344,0.5725420117378235
1776176209834,0.09125000238418579,0.0,16305.9912109375,109.4868392944336,0.5726972818374634
1776176209853,0.08330002427101135,0.0,16306.5390625,109.3720474243164,0.5728260278701782
1776176209873,0.07540002465248108,0.0,16307.5419921875,109.26762390136719,0.5731101036071777
1776176209894,0.07140001654624939,0.0,16307.9970703125,109.15177154541016,0.5732668042182922
1776176209913,0.06350001692771912,0.0,16308.54296875,109.04108428955078,0.5733954906463623
1776176209934,0.06350001692771912,0.0,16308.998046875,108.91621398925781,0.5735502243041992
1776176209953,0.05950000882148743,0.0,16309.54296875,108.81714630126953,0.5737048387527466
1776176209973,0.05950000882148743,0.0,16310.541015625,108.69084930419922,0.5739883780479431
1776176209993,0.05555000901222229,0.0,16311.0849609375,108.55261993408203,0.5741171836853027
1776176210013,0.05555000901222229,0.0,16311.537109375,108.42509460449219,0.5742712020874023
1776176210034,0.05555000901222229,0.0,16312.0791015625,108.27714538574219,0.5743993520736694
1776176210053,0.06350001692771912,0.0,16312.5302734375,108.13294219970703,0.5745546221733093
1776176210074,0.06350001692771912,0.0,16313.521484375,108.00030517578125,0.5748353004455566
1776176210093,0.07140001654624939,0.0,16314.0615234375,107.84246826171875,0.5749891996383667
1776176210113,0.09525001049041748,0.0,16314.6015625,107.69519805908203,0.5751169919967651
1776176210135,0.12299999594688416,0.0,16315.05078125,107.57377624511719,0.5752701759338379
1776176210153,0.18650001287460327,0.0,16315.5888671875,107.43091583251953,0.5753974914550781
1776176210174,0.26190000772476196,0.0,16316.57421875,107.28740692138672,0.5756767988204956
1776176210193,0.32934999465942383,0.0,16317.021484375,107.18474578857422,0.5758295655250549
1776176210213,0.38089999556541443,0.0,16317.5576171875,107.05926513671875,0.5759552717208862
1776176210234,0.4325000047683716,0.0,16318.00390625,106.96821594238281,0.5761083960533142
1776176210254,0.46424999833106995,0.0,16318.5390625,106.92667388916016,0.5762594938278198
1776176210273,0.48010000586509705,0.0,16319.51953125,106.89556884765625,0.576537549495697
1776176210293,0.48410001397132874,0.0,16320.0546875,106.85301208496094,0.5766643285751343
1776176210313,0.48410001397132874,0.0,16320.5,106.83170318603516,0.5768154859542847
1776176210334,0.48410001397132874,0.0,16321.0341796875,106.82324981689453,0.5769424438476562
1776176210353,0.4761500060558319,0.0,16321.4794921875,106.80892181396484,0.5770940780639648
1776176210373,0.4761500060558319,0.0,16322.458984375,106.79480743408203,0.5773707032203674
1776176210393,0.4761500060558319,0.0,16322.9931640625,106.780029296875,0.577523410320282
1776176210413,0.48805001378059387,0.0,16323.52734375,106.76155090332031,0.5776488780975342
1776176210433,0.492000013589859,0.0,16323.97265625,106.75045776367188,0.5778008103370667
1776176210453,0.5,0.0,16324.5068359375,106.74244689941406,0.5779263377189636
1776176210474,0.5038999915122986,0.0,16325.486328125,106.72715759277344,0.578204333782196
1776176210493,0.5077999830245972,0.0,16325.931640625,106.71495056152344,0.5783549547195435
1776176210514,0.5077999830245972,0.0,16326.4658203125,106.6968765258789,0.578481912612915
1776176210535,0.5116999745368958,0.0,16326.91015625,106.67249298095703,0.578632116317749
1776176210553,0.5116999745368958,0.0,16327.443359375,106.65742492675781,0.5787841081619263
1776176210573,0.5077999830245972,0.0,16328.4208984375,106.65440368652344,0.579060971736908
1776176210593,0.5077999830245972,0.0,16328.9541015625,106.65516662597656,0.579186737537384
1776176210613,0.5077999830245972,0.0,16329.3984375,106.64959716796875,0.5793372988700867
1776176210634,0.5077999830245972,0.0,16329.931640625,106.64834594726562,0.579463541507721
1776176210653,0.5077999830245972,0.0,16330.3759765625,106.64591979980469,0.5796157121658325
1776176210674,0.5077999830245972,0.0,16331.353515625,106.64445495605469,0.5798924565315247
1776176210693,0.5077999830245972,0.0,16331.88671875,106.64405059814453,0.5800434947013855
1776176210714,0.5077999830245972,0.0,16332.419921875,106.65352630615234,0.5801692008972168
1776176210735,0.5077999830245972,0.0,16332.8642578125,106.65446472167969,0.5803211331367493
1776176210753,0.5077999830245972,0.0,16333.3974609375,106.65094757080078,0.5804466009140015
1776176210774,0.5077999830245972,0.0,16334.375,106.65091705322266,0.5807235240936279
1776176210793,0.5077999830245972,0.0,16334.8193359375,106.6567153930664,0.5808744430541992
1776176210813,0.5038999915122986,0.0,16335.3525390625,106.6736831665039,0.5810009837150574
1776176210834,0.5038999915122986,0.0,16335.796875,106.68660736083984,0.5811532139778137
1776176210853,0.5038999915122986,0.0,16336.330078125,106.6949691772461,0.5813045501708984
1776176210873,0.5038999915122986,0.0,16337.3076171875,106.70767211914062,0.5815814137458801
1776176210894,0.5038999915122986,0.0,16337.8408203125,106.70803833007812,0.5817091464996338
1776176210913,0.5038999915122986,0.0,16338.28515625,106.69901275634766,0.5818600058555603
1776176210935,0.5038999915122986,0.0,16338.818359375,106.68730163574219,0.5819863080978394
1776176210953,0.5077999830245972,0.0,16339.2626953125,106.69026947021484,0.582137405872345
1776176210975,0.5077999830245972,0.0,16340.240234375,106.71288299560547,0.5824155211448669
1776176210993,0.5116999745368958,0.0,16340.7744140625,106.7242202758789,0.5825654864311218
1776176211013,0.5116999745368958,0.0,16341.30859375,106.74129486083984,0.58269202709198
1776176211034,0.5116999745368958,0.0,16341.75390625,106.75459289550781,0.5828441977500916
1776176211053,0.5116999745368958,0.0,16342.2880859375,106.7511215209961,0.5829702019691467
1776176211075,0.5077999830245972,0.0,16343.267578125,106.7276611328125,0.5832471251487732
1776176211093,0.5077999830245972,0.0,16343.7119140625,106.72769165039062,0.5833958983421326
1776176211113,0.5,0.0,16344.24609375,106.754638671875,0.583524763584137
1776176211134,0.5,0.0,16344.69140625,106.76814270019531,0.583674430847168
1776176211153,0.5,0.0,16345.2255859375,106.76177978515625,0.5838266015052795
1776176211174,0.5,0.0,16346.205078125,106.75994110107422,0.5841041803359985
1776176211193,0.5,0.0,16346.7392578125,106.752685546875,0.5842291116714478
1776176211213,0.5,0.0,16347.1845703125,106.7385025024414,0.5843812823295593
1776176211234,0.5038999915122986,0.0,16347.71875,106.74669647216797,0.5845064520835876
1776176211253,0.5038999915122986,0.0,16348.1640625,106.77496337890625,0.5846576690673828
1776176211273,0.5038999915122986,0.0,16349.232421875,106.78993225097656,0.5849344730377197
1776176211293,0.5038999915122986,0.0,16349.677734375,106.7907943725586,0.5850853323936462
1776176211313,0.5,0.0,16350.2119140625,106.79342651367188,0.5852113366127014
1776176211334,0.4959999918937683,0.0,16350.6572265625,106.78986358642578,0.5853608846664429
1776176211353,0.492000013589859,0.0,16351.19140625,106.79436492919922,0.5854867696762085
1776176211373,0.48805001378059387,0.0,16352.1708984375,106.8004379272461,0.5857628583908081
1776176211393,0.48805001378059387,0.0,16352.6162109375,106.82374572753906,0.5859132409095764
1776176211413,0.48805001378059387,0.0,16353.150390625,106.84673309326172,0.5860382318496704
1776176211434,0.4959999918937683,0.0,16353.595703125,106.84660339355469,0.5861905217170715
1776176211454,0.49994999170303345,0.0,16354.1298828125,106.83355712890625,0.5863400101661682
1776176211473,0.49994999170303345,0.0,16355.109375,106.81541442871094,0.5866154432296753
1776176211493,0.49994999170303345,0.0,16355.5546875,106.79002380371094,0.586740255355835
1776176211513,0.49994999170303345,0.0,16356.0888671875,106.77101135253906,0.5868901610374451
1776176211534,0.49994999170303345,0.0,16356.623046875,106.75761413574219,0.5870154500007629
1776176211553,0.492000013589859,0.0,16357.068359375,106.74420166015625,0.587165892124176
1776176211573,0.492000013589859,0.0,16358.0478515625,106.71807861328125,0.5874403119087219
1776176211593,0.492000013589859,0.0,16358.58203125,106.69803619384766,0.5875648260116577
1776176211613,0.492000013589859,0.0,16359.02734375,106.68609619140625,0.5877141952514648
1776176211634,0.49994999170303345,0.0,16359.5615234375,106.67378997802734,0.587864100933075
1776176211653,0.5,0.0,16360.095703125,106.6695327758789,0.5879884958267212
1776176211673,0.5,0.0,16361.0732421875,106.6644515991211,0.588262140750885
1776176211693,0.5077999830245972,0.0,16361.517578125,106.6626968383789,0.5884116888046265
1776176211713,0.5195500254631042,0.0,16362.05078125,106.67212677001953,0.588535487651825
1776176211735,0.53125,0.0,16362.4951171875,106.68301391601562,0.5886847376823425
1776176211754,0.5508000254631042,0.0,16363.0283203125,106.70133209228516,0.588808536529541
1776176211773,0.5741999745368958,0.0,16364.005859375,106.7306900024414,0.5891066193580627
1776176211793,0.5859500169754028,0.0,16364.5390625,106.77644348144531,0.5892307758331299
1776176211813,0.6015499830245972,0.0,16364.984375,106.80422973632812,0.5893794894218445
1776176211835,0.6132999658584595,0.0,16365.5185546875,106.822509765625,0.5895044803619385
1776176211853,0.6211000084877014,0.0,16365.9638671875,106.85928344726562,0.5896527171134949
1776176211873,0.6211000084877014,0.0,16366.943359375,106.89320373535156,0.5899261832237244
1776176211893,0.6211000084877014,0.0,16367.4775390625,106.92247772216797,0.590075671672821
1776176211913,0.6172000169754028,0.0,16368.01171875,106.95378112792969,0.5902009010314941
1776176211934,0.6172000169754028,0.0,16368.45703125,106.98133087158203,0.5903493165969849
1776176211953,0.6172000169754028,0.0,16368.9921875,106.99073791503906,0.5904731750488281
1776176211974,0.6172000169754028,0.0,16369.9736328125,107.0274429321289,0.5907444357872009
1776176211993,0.6172000169754028,0.0,16370.419921875,107.05818939208984,0.590894877910614
1776176212013,0.6211000084877014,0.0,16370.955078125,107.0829086303711,0.5910172462463379
1776176212033,0.6211000084877014,0.0,16371.4013671875,107.10516357421875,0.5911666750907898
1776176212053,0.6211000084877014,0.0,16371.9365234375,107.12075805664062,0.5913164019584656
1776176212073,0.6172000169754028,0.0,16372.9189453125,107.13530731201172,0.591589093208313
1776176212093,0.6132999658584595,0.0,16373.455078125,107.15589141845703,0.591711699962616
1776176212113,0.6132999658584595,0.0,16373.9013671875,107.18346405029297,0.5918605923652649
1776176212134,0.6054499745368958,0.0,16374.4375,107.21451568603516,0.5919860005378723
1776176212153,0.6015499830245972,0.0,16374.884765625,107.24901580810547,0.5921351313591003
1776176212173,0.5976499915122986,0.0,16375.8681640625,107.26738739013672,0.5924059152603149
1776176212193,0.59375,0.0,16376.404296875,107.2815170288086,0.5925547480583191
1776176212213,0.59375,0.0,16376.9404296875,107.29520416259766,0.5926786661148071
1776176212234,0.5976499915122986,0.0,16377.3876953125,107.31135559082031,0.5928263068199158
1776176212253,0.6015499830245972,0.0,16377.9248046875,107.33926391601562,0.5929527878761292
1776176212273,0.6054499745368958,0.0,16378.9091796875,107.37129974365234,0.5932242274284363
1776176212293,0.6054499745368958,0.0,16379.3564453125,107.39335632324219,0.5933733582496643
1776176212313,0.6132999658584595,0.0,16379.8935546875,107.42450714111328,0.5934969782829285
1776176212334,0.6172000169754028,0.0,16380.3408203125,107.44054412841797,0.5936467051506042
1776176212353,0.6172000169754028,0.0,16380.8779296875,107.4547348022461,0.5937943458557129
1776176212374,0.6211000084877014,0.0,16381.86328125,107.4832534790039,0.594068169593811
1776176212393,0.6211000084877014,0.0,16382.400390625,107.51508331298828,0.5941920876502991
1776176212413,0.6211000084877014,0.0,16382.8486328125,107.53926849365234,0.5943412184715271
1776176212434,0.6211000084877014,0.0,16383.38671875,107.56953430175781,0.5944643020629883
1776176212453,0.625,0.0,16383.8349609375,107.60072326660156,0.5946114659309387
1776176212473,0.6327999830245972,0.0,16384.912109375,107.62887573242188,0.5948855876922607
1776176212493,0.6405999660491943,0.0,16385.361328125,107.66649627685547,0.5950341820716858
1776176212513,0.6484500169754028,0.0,16385.900390625,107.70942687988281,0.5951610207557678
1776176212535,0.65625,0.0,16386.349609375,107.76661682128906,0.5953085422515869
1776176212553,0.65625,0.0,16386.888671875,107.8282699584961,0.5954322218894958
1776176212573,0.6601499915122986,0.0,16387.876953125,107.9011001586914,0.5957322716712952
1776176212593,0.6640499830245972,0.0,16388.416015625,107.9645767211914,0.5958555936813354
1776176212613,0.6679499745368958,0.0,16388.865234375,108.04537200927734,0.5960065126419067
1776176212634,0.6718499660491943,0.0,16389.40625,108.11831665039062,0.5961298942565918
1776176212653,0.6757999658584595,0.0,16389.857421875,108.18754577636719,0.596281111240387
1776176212673,0.6797000169754028,0.0,16390.849609375,108.27349853515625,0.596555233001709
1776176212693,0.6797000169754028,0.0,16391.390625,108.3592529296875,0.5966770052909851
1776176212713,0.6797000169754028,0.0,16391.841796875,108.42778778076172,0.5968297719955444
1776176212734,0.6797000169754028,0.0,16392.3828125,108.50167083740234,0.5969812273979187
1776176212753,0.6797000169754028,0.0,16392.92578125,108.57987213134766,0.5971059203147888
1776176212773,0.6797000169754028,0.0,16393.921875,108.64395141601562,0.5973802208900452
1776176212793,0.6952999830245972,0.0,16394.375,108.72610473632812,0.5975319743156433
1776176212814,0.71875,0.0,16394.91796875,108.80635833740234,0.5976572632789612
1776176212833,0.7422000169754028,0.0,16395.37109375,108.88023376464844,0.5978096127510071
1776176212853,0.7773499488830566,0.0,16395.916015625,108.97323608398438,0.5979347825050354
1776176212873,0.8047000169754028,0.0,16396.916015625,109.07473754882812,0.5982110500335693
1776176212893,0.8320499658584595,0.0,16397.37109375,109.20862579345703,0.5983622670173645
1776176212913,0.8632999658584595,0.0,16397.91796875,109.33795928955078,0.5985122919082642
1776176212935,0.8984500169754028,0.0,16398.46484375,109.50678253173828,0.5986392498016357
1776176212954,0.9530999660491943,0.0,16398.919921875,109.67578887939453,0.5987919569015503
1776176212973,1.0,0.0,16399.92578125,109.8336410522461,0.5990716218948364
1776176212993,1.0,0.0,16400.474609375,110.04380798339844,0.599197268486023
1776176213013,1.0,0.0,16400.93359375,110.24078369140625,0.5993495583534241
1776176213034,1.0,0.0,16401.484375,110.47127532958984,0.5995029211044312
1776176213053,1.0,0.0,16402.03515625,110.68980407714844,0.5996320843696594
1776176213075,1.0,0.0,16403.048828125,110.87212371826172,0.5999128818511963
1776176213094,1.0,0.0,16403.509765625,111.09620666503906,0.6000671982765198
1776176213113,1.0,0.0,16404.064453125,111.28907012939453,0.6001963019371033
1776176213134,1.0,0.0,16404.52734375,111.50357818603516,0.6003506779670715
1776176213153,1.0,0.0,16405.083984375,111.71976470947266,0.600480318069458
1776176213173,1.0,0.0,16406.107421875,111.96043395996094,0.600788950920105
1776176213193,1.0,0.0,16406.666015625,112.17259979248047,0.6009194850921631
1776176213213,1.0,0.0,16407.1328125,112.40424346923828,0.6010753512382507
1776176213234,1.0,0.0,16407.693359375,112.62169647216797,0.6012067794799805
1776176213253,1.0,0.0,16408.162109375,112.80379486083984,0.6013628840446472
1776176213273,1.0,0.0,16409.1953125,113.02814483642578,0.6016248464584351
1776176213293,1.0,0.0,16409.666015625,113.25446319580078,0.6017830967903137
1776176213313,1.0,0.0,16410.232421875,113.45469665527344,0.6019396185874939
1776176213336,1.0,0.0,16410.798828125,113.72224426269531,0.6020715832710266
1776176213356,1.0,0.0,16411.83984375,113.95767974853516,0.6023936867713928
1776176213375,1.0,0.0,16412.41015625,114.15780639648438,0.602520227432251
1776176213394,1.0,0.0,16412.884765625,114.35609436035156,0.6026800870895386
1776176213417,1.0,0.0,16413.45703125,114.59942626953125,0.602813184261322
1776176213435,1.0,0.0,16413.93359375,114.81285095214844,0.6029733419418335
1776176213453,1.0,0.0,16414.5078125,115.06062316894531,0.6031073927879333
1776176213473,1.0,0.0,16415.560546875,115.31389617919922,0.603428065776825
1776176213493,1.0,0.0,16416.13671875,115.52874755859375,0.6035622358322144
1776176213514,1.0,0.0,16416.6171875,115.76182556152344,0.6036961078643799
1776176213534,1.0,0.0,16417.099609375,115.99372100830078,0.603858232498169
1776176213554,1.0,0.0,16417.677734375,116.208251953125,0.6040199995040894
1776176213574,1.0,0.0,16418.7421875,116.46342468261719,0.6043176651000977
1776176213596,1.0,0.0,16419.32421875,116.7509765625,0.6044528484344482
1776176213614,1.0,0.0,16419.810546875,116.93911743164062,0.6046167612075806
1776176213635,1.0,0.0,16420.39453125,117.21490478515625,0.604752779006958
1776176213654,1.0,0.0,16420.8828125,117.48765563964844,0.6049160361289978
1776176213674,1.0,0.0,16421.958984375,117.7163314819336,0.6052178144454956
1776176213693,1.0,0.0,16422.546875,117.9789047241211,0.6053818464279175
1776176213713,1.0,0.0,16423.13671875,118.25050354003906,0.6055197715759277
1776176213734,1.0,0.0,16423.62890625,118.52250671386719,0.6056848764419556
1776176213753,1.0,0.0,16424.220703125,118.7570571899414,0.605823278427124
1776176213773,1.0,0.0,16425.30859375,119.0263442993164,0.6061563491821289
1776176213793,1.0,0.0,16425.904296875,119.26167297363281,0.6062946319580078
1776176213815,1.0,0.0,16426.400390625,119.58129119873047,0.6064622402191162
1776176213836,1.0,0.0,16426.998046875,119.8029556274414,0.6066025495529175
1776176213854,1.0,0.0,16427.49609375,120.0413818359375,0.606768786907196
1776176213873,1.0,0.0,16428.595703125,120.33088684082031,0.6070783734321594
1776176213893,1.0,0.0,16429.197265625,120.59495544433594,0.607218325138092
1776176213914,1.0,0.0,16429.69921875,120.88076782226562,0.6073887348175049
1776176213934,1.0,0.0,16430.302734375,121.11135864257812,0.6075578927993774
1776176213954,1.0,0.0,16430.908203125,121.3981704711914,0.607700765132904
1776176213974,1.0,0.0,16432.01953125,121.64279174804688,0.6080119013786316
1776176213993,1.0,0.0,16432.525390625,121.92112731933594,0.6081831455230713
1776176214015,1.0,0.0,16433.134765625,122.22535705566406,0.6083252429962158
1776176214035,1.0,0.0,16433.642578125,122.49795532226562,0.6084973216056824
1776176214053,1.0,0.0,16434.25390625,122.74011993408203,0.6086408495903015
1776176214073,1.0,0.0,16435.376953125,123.02400970458984,0.6089853048324585
1776176214093,1.0,0.0,16435.9921875,123.26272583007812,0.6091302037239075
1776176214113,1.0,0.0,16436.505859375,123.53999328613281,0.6093050837516785
1776176214134,1.0,0.0,16437.123046875,123.84075927734375,0.6094489097595215
1776176214153,1.0,0.0,16437.638671875,124.10857391357422,0.6096222400665283
1776176214173,1.0,0.0,16438.775390625,124.37261962890625,0.6099445223808289
1776176214194,1.0,0.0,16439.396484375,124.63877868652344,0.610090970993042
1776176214214,1.0,0.0,16439.916015625,124.91825866699219,0.6102654933929443
1776176214233,1.0,0.0,16440.5390625,125.16675567626953,0.6104435324668884
1776176214253,1.0,0.0,16441.1640625,125.46905517578125,0.6105902791023254
1776176214273,1.0,0.0,16442.3125,125.70980834960938,0.610913097858429
1776176214293,1.0,0.0,16442.8359375,125.98623657226562,0.6110904216766357
1776176214314,1.0,0.0,16443.46484375,126.27205657958984,0.6112377643585205
1776176214334,1.0,0.0,16443.990234375,126.5523910522461,0.6114166975021362
1776176214353,1.0,0.0,16444.62109375,126.80152893066406,0.611564576625824
1776176214373,1.0,0.0,16445.783203125,127.06490325927734,0.6119219660758972
1776176214393,1.0,0.0,16446.41796875,127.31764221191406,0.6120729446411133
1776176214413,1.0,0.0,16446.947265625,127.5967788696289,0.6122507452964783
1776176214434,1.0,0.0,16447.583984375,127.8724136352539,0.612402081489563
1776176214453,1.0,0.0,16448.115234375,128.1111602783203,0.6125807762145996
1776176214473,1.0,0.0,16449.287109375,128.38986206054688,0.6129117012023926
1776176214493,1.0,0.0,16449.927734375,128.67518615722656,0.6130620837211609
1776176214513,1.0,0.0,16450.462890625,128.9100341796875,0.6132419109344482
1776176214534,1.0,0.0,16451.107421875,129.18936157226562,0.613394021987915
1776176214553,1.0,0.0,16451.64453125,129.47853088378906,0.6135762333869934
1776176214573,1.0,0.0,16452.830078125,129.72088623046875,0.6139099597930908
1776176214593,1.0,0.0,16453.478515625,129.9878692626953,0.6140947937965393
1776176214613,1.0,0.0,16454.126953125,130.24368286132812,0.6142484545707703
1776176214634,1.0,0.0,16454.66796875,130.51611328125,0.6144269108772278
1776176214654,1.0,0.0,16455.3203125,130.7640380859375,0.6145809888839722
1776176214674,1.0,0.0,16456.517578125,131.05038452148438,0.6149506568908691
1776176214693,1.0,0.0,16457.171875,131.29690551757812,0.6151010394096375
1776176214713,1.0,0.0,16457.71875,131.5669403076172,0.6152869462966919
1776176214734,1.0,0.0,16458.375,131.81138610839844,0.6154416799545288
1776176214753,1.0,0.0,16458.923828125,132.04693603515625,0.6156278252601624
1776176214773,1.0,0.0,16460.134765625,132.34532165527344,0.6159660220146179
1776176214793,1.0,0.0,16460.796875,132.62197875976562,0.6161233186721802
1776176214813,1.0,0.0,16461.349609375,132.8416290283203,0.6163108944892883
1776176214834,1.0,0.0,16462.013671875,133.10446166992188,0.6164934635162354
1776176214853,1.0,0.0,16462.677734375,133.3701629638672,0.6166518926620483
1776176214874,1.0,0.0,16463.8984375,133.6121826171875,0.6169945597648621
1776176214893,1.0,0.0,16464.455078125,133.87449645996094,0.6171820163726807
1776176214913,1.0,0.0,16465.125,134.1571044921875,0.6173369288444519
1776176214935,1.0,0.0,16465.68359375,134.42393493652344,0.6175261735916138
1776176214953,1.0,0.0,16466.35546875,134.64659118652344,0.6176815032958984
1776176214974,1.0,0.0,16467.58984375,134.89352416992188,0.6180609464645386
1776176214993,1.0,0.0,16468.263671875,135.1345672607422,0.6182195544242859
1776176215013,1.0,0.0,16468.826171875,135.40887451171875,0.6184085607528687
1776176215034,1.0,0.0,16469.501953125,135.68238830566406,0.6185659766197205
1776176215053,1.0,0.0,16470.06640625,135.87481689453125,0.6187565326690674
1776176215073,1.0,0.0,16471.310546875,136.12571716308594,0.6191043257713318
1776176215093,1.0,0.0,16471.990234375,136.41583251953125,0.6192644238471985
1776176215113,1.0,0.0,16472.55859375,136.6465606689453,0.6194579601287842
1776176215134,1.0,0.0,16473.240234375,136.89453125,0.6196478605270386
1776176215153,1.0,0.0,16473.923828125,137.14222717285156,0.6198076605796814
1776176215174,1.0,0.0,16475.1796875,137.36923217773438,0.6201605796813965
1776176215193,1.0,0.0,16475.751953125,137.63186645507812,0.6203534007072449
1776176215214,1.0,0.0,16476.439453125,137.88290405273438,0.6205129027366638
1776176215234,1.0,0.0,16477.013671875,138.10696411132812,0.6207066178321838
1776176215253,1.0,0.0,16477.703125,138.36553955078125,0.6208675503730774
1776176215273,1.0,0.0,16478.970703125,138.6379852294922,0.6212570071220398
1776176215293,1.0,0.0,16479.548828125,138.854736328125,0.6214181780815125
1776176215313,1.0,0.0,16480.2421875,139.1002960205078,0.6216131448745728
1776176215334,1.0,0.0,16480.9375,139.35556030273438,0.62177574634552
1776176215353,1.0,0.0,16481.517578125,139.57672119140625,0.621971070766449
1776176215373,1.0,0.0,16482.796875,139.8386688232422,0.6223287582397461
1776176215393,1.0,0.0,16483.49609375,140.0945281982422,0.6224914789199829
1776176215413,1.0,0.0,16484.080078125,140.30970764160156,0.6226891279220581
1776176215434,1.0,0.0,16484.78125,140.55421447753906,0.6228849291801453
1776176215453,1.0,0.0,16485.482421875,140.79710388183594,0.6230485439300537
1776176215473,1.0,0.0,16486.771484375,141.01333618164062,0.6234098076820374
1776176215493,1.0,0.0,16487.359375,141.2598114013672,0.623609185218811
1776176215513,1.0,0.0,16488.064453125,141.5157470703125,0.6237733364105225
1776176215535,1.0,0.0,16488.654296875,141.72853088378906,0.6239721179008484
1776176215553,1.0,0.0,16489.361328125,141.9713592529297,0.6241374611854553
1776176215573,1.0,0.0,16490.66015625,142.21337890625,0.6245341897010803
1776176215593,1.0,0.0,16491.37109375,142.42796325683594,0.6247023940086365
1776176215613,1.0,0.0,16491.96484375,142.65257263183594,0.6249020099639893
1776176215634,1.0,0.0,16492.677734375,142.9106903076172,0.6250683665275574
1776176215653,1.0,0.0,16493.271484375,143.13754272460938,0.6252685785293579
1776176215673,1.0,0.0,16494.58203125,143.38900756835938,0.6256362199783325
1776176215693,1.0,0.0,16495.298828125,143.62603759765625,0.6258043646812439
1776176215713,1.0,0.0,16495.896484375,143.84112548828125,0.6260051131248474
1776176215734,1.0,0.0,16496.615234375,144.07711791992188,0.62617427110672
1776176215753,1.0,0.0,16497.21484375,144.3446044921875,0.626376211643219
1776176215774,1.0,0.0,16498.658203125,144.5521240234375,0.6267470121383667
1776176215793,1.0,0.0,16499.259765625,144.7940673828125,0.6269493103027344
1776176215813,1.0,0.0,16499.982421875,145.0337371826172,0.6271190047264099
1776176215835,1.0,0.0,16500.5859375,145.2478485107422,0.6273214817047119
1776176215853,1.0,0.0,16501.310546875,145.44432067871094,0.6274911165237427
1776176215873,1.0,0.0,16502.642578125,145.7036895751953,0.6278998255729675
1776176215894,1.0,0.0,16503.37109375,145.93719482421875,0.6280704736709595
1776176215913,1.0,0.0,16503.978515625,146.15370178222656,0.6282749772071838
1776176215934,1.0,0.0,16504.708984375,146.40609741210938,0.6284464001655579
1776176215953,1.0,0.0,16505.318359375,146.61016845703125,0.6286516189575195
1776176215974,1.0,0.0,16506.662109375,146.83921813964844,0.6290287971496582
1776176215993,1.0,0.0,16507.396484375,147.06581115722656,0.6292005181312561
1776176216014,1.0,0.0,16508.009765625,147.32406616210938,0.629406750202179
1776176216034,1.0,0.0,16508.74609375,147.52699279785156,0.6296130418777466
1776176216053,1.0,0.0,16509.482421875,147.7496337890625,0.6297854781150818
1776176216074,1.0,0.0,16510.8359375,147.94015502929688,0.6301649808883667
1776176216093,1.0,0.0,16511.453125,148.171630859375,0.630372941493988
1776176216113,1.0,0.0,16512.193359375,148.40834045410156,0.6305462121963501
1776176216135,1.0,0.0,16512.810546875,148.6467742919922,0.6307543516159058
1776176216153,1.0,0.0,16513.552734375,148.8510284423828,0.6309281587600708
1776176216173,1.0,0.0,16514.916015625,149.06787109375,0.6313455700874329
1776176216193,1.0,0.0,16515.66015625,149.24807739257812,0.6315200328826904
1776176216213,1.0,0.0,16516.28125,149.4552764892578,0.6317291855812073
1776176216234,1.0,0.0,16517.02734375,149.6924285888672,0.631903886795044
1776176216253,1.0,0.0,16517.650390625,149.89263916015625,0.6321139931678772
1776176216273,1.0,0.0,16519.0234375,150.1131591796875,0.6324986219406128
1776176216293,1.0,0.0,16519.7734375,150.35179138183594,0.632675290107727
1776176216313,1.0,0.0,16520.400390625,150.55120849609375,0.6328853964805603
1776176216334,1.0,0.0,16521.15234375,150.7662811279297,0.6330960988998413
1776176216353,1.0,0.0,16521.90625,150.9746551513672,0.6332730054855347
1776176216373,1.0,0.0,16523.2890625,151.16717529296875,0.6336614489555359
1776176216393,1.0,0.0,16523.91796875,151.3884735107422,0.6338733434677124
1776176216413,1.0,0.0,16524.673828125,151.60523986816406,0.6340494155883789
1776176216434,1.0,0.0,16525.3046875,151.7885284423828,0.63426274061203
1776176216453,1.0,0.0,16526.0625,152.010009765625,0.6344401240348816
1776176216473,1.0,0.0,16527.455078125,152.22317504882812,0.63486647605896
1776176216493,1.0,0.0,16528.216796875,152.40455627441406,0.6350440979003906
1776176216513,1.0,0.0,16528.8515625,152.63023376464844,0.6352579593658447
1776176216534,1.0,0.0,16529.615234375,152.84954833984375,0.6354369521141052
1776176216553,1.0,0.0,16530.251953125,153.0465850830078,0.6356505155563354
1776176216573,1.0,0.0,16531.654296875,153.24737548828125,0.6360449194908142
1776176216593,1.0,0.0,16532.419921875,153.45501708984375,0.6362232565879822
1776176216613,1.0,0.0,16533.05859375,153.641357421875,0.6364386677742004
1776176216634,1.0,0.0,16533.826171875,153.86740112304688,0.63665372133255
1776176216653,1.0,0.0,16534.595703125,154.07044982910156,0.6368334293365479
1776176216674,1.0,0.0,16536.005859375,154.24014282226562,0.6372296810150146
1776176216693,1.0,0.0,16536.6484375,154.44964599609375,0.6374459862709045
1776176216713,1.0,0.0,16537.419921875,154.6575469970703,0.6376268267631531
1776176216735,1.0,0.0,16538.064453125,154.84983825683594,0.6378437876701355
1776176216753,1.0,0.0,16538.837890625,155.02796936035156,0.6380236148834229
1776176216773,1.0,0.0,16540.2578125,155.2617645263672,0.6384590864181519
1776176216793,1.0,0.0,16541.033203125,155.44052124023438,0.6386409997940063
1776176216813,1.0,0.0,16541.681640625,155.64308166503906,0.6388586163520813
1776176216834,1.0,0.0,16542.458984375,155.85043334960938,0.6390393972396851
1776176216853,1.0,0.0,16543.107421875,156.0333251953125,0.6392597556114197
1776176216873,1.0,0.0,16544.537109375,156.2376251220703,0.639659583568573
1776176216893,1.0,0.0,16545.318359375,156.43797302246094,0.6398423910140991
1776176216913,1.0,0.0,16545.970703125,156.62249755859375,0.6400632858276367
1776176216934,1.0,0.0,16546.75390625,156.82264709472656,0.6402820348739624
1776176216953,1.0,0.0,16547.537109375,157.02804565429688,0.6404647827148438
1776176216974,1.0,0.0,16548.9765625,157.19277954101562,0.6408701539039612
1776176216993,1.0,0.0,16549.630859375,157.38124084472656,0.6410889625549316
1776176217013,1.0,0.0,16550.41796875,157.58065795898438,0.6412732601165771
1776176217034,1.0,0.0,16551.07421875,157.76368713378906,0.6414939761161804
1776176217053,1.0,0.0,16551.86328125,157.9727020263672,0.6416788697242737
1776176217073,1.0,0.0,16553.310546875,158.16058349609375,0.6421212553977966
1776176217093,1.0,0.0,16554.1015625,158.3358917236328,0.6423068642616272
1776176217113,1.0,0.0,16554.76171875,158.5307159423828,0.6425281167030334
1776176217135,1.0,0.0,16555.5546875,158.72625732421875,0.6427143812179565
1776176217153,1.0,0.0,16556.21484375,158.89410400390625,0.642936646938324
1776176217173,1.0,0.0,16557.669921875,159.08616638183594,0.6433451771736145
1776176217193,1.0,0.0,16558.46484375,159.29733276367188,0.6435314416885376
1776176217213,1.0,0.0,16559.12890625,159.4784698486328,0.6437554955482483
1776176217234,1.0,0.0,16559.92578125,159.67539978027344,0.6439774632453918
1776176217253,1.0,0.0,16560.724609375,159.86158752441406,0.6441637873649597
1776176217274,1.0,0.0,16562.189453125,160.0283966064453,0.644575297832489
1776176217293,1.0,0.0,16562.85546875,160.22901916503906,0.6447991132736206
1776176217313,1.0,0.0,16563.65625,160.42083740234375,0.6449868679046631
1776176217333,1.0,0.0,16564.32421875,160.59353637695312,0.6452118158340454
1776176217353,1.0,0.0,16565.126953125,160.7926483154297,0.6453980803489685
1776176217373,1.0,0.0,16566.6015625,160.97425842285156,0.6458499431610107
1776176217393,1.0,0.0,16567.40625,161.1319580078125,0.6460391879081726
1776176217413,1.0,0.0,16568.078125,161.31678771972656,0.6462659239768982
1776176217434,1.0,0.0,16568.884765625,161.51553344726562,0.6464549899101257
1776176217453,1.0,0.0,16569.556640625,161.6864471435547,0.6466800570487976
1776176217473,1.0,0.0,16571.0390625,161.88552856445312,0.6470958590507507
1776176217493,1.0,0.0,16571.84765625,162.07925415039062,0.6472861766815186
1776176217513,1.0,0.0,16572.5234375,162.2570037841797,0.6475127935409546
1776176217534,1.0,0.0,16573.333984375,162.4451446533203,0.6477411389350891
1776176217553,1.0,0.0,16574.146484375,162.62396240234375,0.6479310989379883
1776176217573,1.0,0.0,16575.63671875,162.76980590820312,0.6483480930328369
1776176217593,1.0,0.0,16576.314453125,162.93707275390625,0.6485784649848938
1776176217613,1.0,0.0,16577.12890625,163.12818908691406,0.6487678289413452
1776176217634,1.0,0.0,16577.80859375,163.34165954589844,0.6489965319633484
1776176217653,1.0,0.0,16578.625,163.53042602539062,0.6491871476173401
1776176217674,1.0,0.0,16580.125,163.71994018554688,0.6496464610099792
1776176217693,1.0,0.0,16580.943359375,163.8689727783203,0.6498371958732605
1776176217713,1.0,0.0,16581.625,164.03880310058594,0.6500670313835144
1776176217734,1.0,0.0,16582.4453125,164.23509216308594,0.6502596735954285
1776176217753,1.0,0.0,16583.12890625,164.3993682861328,0.6504893898963928
1776176217773,1.0,0.0,16584.63671875,164.59071350097656,0.6509130597114563
1776176217793,1.0,0.0,16585.458984375,164.78981018066406,0.6511045098304749
1776176217813,1.0,0.0,16586.146484375,164.95062255859375,0.6513358950614929
1776176217834,1.0,0.0,16586.970703125,165.12307739257812,0.651567280292511
1776176217853,1.0,0.0,16587.794921875,165.3004608154297,0.6517602801322937
1776176217873,1.0,0.0,16589.30859375,165.44813537597656,0.652184784412384
1776176217893,1.0,0.0,16589.998046875,165.62637329101562,0.6524171829223633
1776176217913,1.0,0.0,16590.826171875,165.81903076171875,0.6526107788085938
1776176217934,1.0,0.0,16591.517578125,166.01380920410156,0.6528428792953491
1776176217953,1.0,0.0,16592.34765625,166.15782165527344,0.6530370712280273
1776176217973,1.0,0.0,16593.869140625,166.33316040039062,0.6535030007362366
1776176217993,1.0,0.0,16594.701171875,166.4764404296875,0.6536973118782043
1776176218013,1.0,0.0,16595.39453125,166.65328979492188,0.6539306640625
1776176218034,1.0,0.0,16596.2265625,166.85781860351562,0.6541255116462708
1776176218053,1.0,0.0,16596.921875,166.9867401123047,0.6543593406677246
1776176218073,1.0,0.0,16598.451171875,167.1630401611328,0.6547892093658447
1776176218093,1.0,0.0,16599.287109375,167.347900390625,0.6549843549728394
1776176218113,1.0,0.0,16599.984375,167.53001403808594,0.6552189588546753
1776176218134,1.0,0.0,16600.822265625,167.7041778564453,0.6554536819458008
1776176218153,1.0,0.0,16601.66015625,167.8740692138672,0.6556497812271118
1776176218174,1.0,0.0,16603.19921875,168.0354461669922,0.656080961227417
1776176218193,1.0,0.0,16603.8984375,168.22296142578125,0.6563174724578857
1776176218214,1.0,0.0,16604.740234375,168.39576721191406,0.6565141081809998
1776176218234,1.0,0.0,16605.44140625,168.579833984375,0.6567503213882446
1776176218253,1.0,0.0,16606.283203125,168.72811889648438,0.65694659948349
1776176218273,1.0,0.0,16607.830078125,168.90252685546875,0.6574201583862305
1776176218293,1.0,0.0,16608.673828125,169.0606689453125,0.6576178669929504
1776176218313,1.0,0.0,16609.37890625,169.23263549804688,0.6578555107116699
1776176218334,1.0,0.0,16610.224609375,169.39671325683594,0.6580525040626526
1776176218353,1.0,0.0,16610.9296875,169.5345916748047,0.6582900285720825
1776176218373,1.0,0.0,16612.484375,169.71128845214844,0.6587262749671936
1776176218393,1.0,0.0,16613.33203125,169.88909912109375,0.658923864364624
1776176218413,1.0,0.0,16614.0390625,170.0316925048828,0.6591622829437256
1776176218434,1.0,0.0,16614.888671875,170.192626953125,0.659402072429657
1776176218453,1.0,0.0,16615.73828125,170.3544464111328,0.6595993041992188
1776176218474,1.0,0.0,16617.298828125,170.4982452392578,0.6600373983383179
1776176218493,1.0,0.0,16618.009765625,170.6715087890625,0.6602769494056702
1776176218513,1.0,0.0,16618.86328125,170.83889770507812,0.6604764461517334
1776176218534,1.0,0.0,16619.57421875,170.98472595214844,0.6607165932655334
1776176218553,1.0,0.0,16620.4296875,171.137939453125,0.6609154343605042
1776176218573,1.0,0.0,16621.998046875,171.2903594970703,0.6613960862159729
1776176218593,1.0,0.0,16622.853515625,171.4275360107422,0.6615968346595764
1776176218613,1.0,0.0,16623.568359375,171.5948028564453,0.6618372797966003
1776176218634,1.0,0.0,16624.42578125,171.7451934814453,0.6620371341705322
1776176218653,1.0,0.0,16625.140625,171.85682678222656,0.6622784733772278
1776176218673,1.0,0.0,16626.716796875,172.01576232910156,0.6627207398414612
1776176218693,1.0,0.0,16627.576171875,172.192138671875,0.6629219651222229
1776176218713,1.0,0.0,16628.29296875,172.3547821044922,0.6631638407707214
1776176218734,1.0,0.0,16629.154296875,172.52890014648438,0.6634053587913513
1776176218753,1.0,0.0,16630.017578125,172.68505859375,0.6636067032814026
1776176218773,1.0,0.0,16631.599609375,172.80967712402344,0.6640500426292419
1776176218793,1.0,0.0,16632.3203125,172.96131896972656,0.664293110370636
1776176218813,1.0,0.0,16633.185546875,173.1155548095703,0.664495587348938
1776176218834,1.0,0.0,16633.90625,173.26028442382812,0.6647375226020813
1776176218853,1.0,0.0,16634.771484375,173.42291259765625,0.6649405360221863
1776176218874,1.0,0.0,16636.361328125,173.5831756591797,0.6654278635978699
1776176218893,1.0,0.0,16637.228515625,173.7069549560547,0.6656292080879211
1776176218913,1.0,0.0,16637.953125,173.8885040283203,0.6658735275268555
1776176218934,1.0,0.0,16638.822265625,174.05067443847656,0.6660771369934082
1776176218953,1.0,0.0,16639.546875,174.1950225830078,0.6663206219673157
1776176218973,1.0,0.0,16641.14453125,174.34912109375,0.6667683720588684
1776176218993,1.0,0.0,16642.015625,174.49960327148438,0.6669726371765137
1776176219013,1.0,0.0,16642.7421875,174.63717651367188,0.6672175526618958
1776176219034,1.0,0.0,16643.615234375,174.7958526611328,0.6674628853797913
1776176219053,1.0,0.0,16644.48828125,174.96072387695312,0.66766756772995
1776176219073,1.0,0.0,16646.091796875,175.09181213378906,0.6681169271469116
1776176219093,1.0,0.0,16646.822265625,175.24508666992188,0.6683616638183594
1776176219113,1.0,0.0,16647.69921875,175.3877716064453,0.6685670018196106
1776176219135,1.0,0.0,16648.4296875,175.54432678222656,0.6688135266304016
1776176219153,1.0,0.0,16649.306640625,175.67115783691406,0.6690176725387573
1776176219173,1.0,0.0,16650.916015625,175.81021118164062,0.6695109009742737
1776176219193,1.0,0.0,16651.794921875,175.9209747314453,0.6697176098823547
1776176219213,1.0,0.0,16652.52734375,176.0952911376953,0.6699643731117249
1776176219234,1.0,0.0,16653.408203125,176.27127075195312,0.6701689958572388
1776176219253,1.0,0.0,16654.142578125,176.3878936767578,0.6704161763191223
1776176219273,1.0,0.0,16655.7578125,176.5303955078125,0.6708703637123108
1776176219293,1.0,0.0,16656.640625,176.68386840820312,0.6711171865463257
1776176219313,1.0,0.0,16657.376953125,176.8078155517578,0.6713243722915649
1776176219334,1.0,0.0,16658.26171875,176.96409606933594,0.6715720891952515
1776176219353,0.9726499915122986,0.0,16659.146484375,177.10401916503906,0.6717793345451355
1776176219374,0.8710999488830566,0.0,16659.884765625,177.08604431152344,0.6720280051231384
1776176219393,0.7070499658584595,0.0,16661.5078125,177.03965759277344,0.672482430934906
1776176219413,0.5508000254631042,0.0,16662.392578125,176.98715209960938,0.6726893782615662
1776176219433,0.4325000047683716,0.0,16663.130859375,176.9427032470703,0.6729377508163452
1776176219453,0.29760000109672546,0.0,16664.015625,176.8907928466797,0.6731443405151367
1776176219473,0.2261500060558319,0.0,16665.63671875,176.8369598388672,0.6736401915550232
1776176219493,0.2301500141620636,0.0,16666.521484375,176.79620361328125,0.6738471388816833
1776176219513,0.3095000088214874,0.0,16667.2578125,176.74696350097656,0.6740947365760803
1776176219536,0.44440001249313354,0.0,16668.140625,176.6929168701172,0.6743011474609375
1776176219554,0.5429499745368958,0.0,16668.876953125,176.6490936279297,0.674548864364624
1776176219574,0.6640499830245972,0.0,16670.49609375,176.59849548339844,0.6750025153160095
1776176219593,0.8202999830245972,0.0,16671.37890625,176.54385375976562,0.6752092838287354
1776176219614,0.9530999660491943,0.0,16672.115234375,176.70126342773438,0.6754569411277771
1776176219634,1.0,0.0,16672.998046875,177.06195068359375,0.6757045388221741
1776176219653,1.0,0.0,16673.8828125,177.14085388183594,0.6759114861488342
1776176219673,1.0,0.0,16674.62109375,177.25103759765625,0.6761598587036133
1776176219693,1.0,0.0,16676.24609375,177.38046264648438,0.676615297794342
1776176219713,1.0,0.0,16677.1328125,177.5009002685547,0.6768224835395813
1776176219736,1.0,0.0,16677.873046875,177.63856506347656,0.6770714521408081
1776176219753,0.9922000169754028,0.0,16678.76171875,177.76573181152344,0.6772792935371399
1776176219773,1.0,0.0,16680.390625,177.92835998535156,0.6777783036231995
1776176219793,1.0,0.0,16681.28125,178.07435607910156,0.6779857873916626
1776176219813,1.0,0.0,16682.0234375,178.2198028564453,0.6782360076904297
1776176219834,1.0,0.0,16682.9140625,178.3595428466797,0.6784436702728271
1776176219853,1.0,0.0,16683.65625,178.47540283203125,0.6786937117576599
1776176219873,1.0,0.0,16685.29296875,178.60858154296875,0.679152250289917
1776176219893,1.0,0.0,16686.185546875,178.7359619140625,0.6793603301048279
1776176219913,1.0,0.0,16686.9296875,178.84983825683594,0.67961186170578
1776176219934,1.0,0.0,16687.82421875,178.9978790283203,0.6798621416091919
1776176219953,1.0,0.0,16688.71875,179.14645385742188,0.6800718307495117
1776176219974,1.0,0.0,16690.361328125,179.26902770996094,0.6805311441421509
1776176219993,1.0,0.0,16691.107421875,179.3909149169922,0.6807819604873657
1776176220017,1.0,0.0,16692.00390625,179.50987243652344,0.6809917688369751
1776176220036,1.0,0.0,16692.751953125,179.6085968017578,0.6812437772750854
1776176220055,1.0,0.0,16693.650390625,179.7599639892578,0.6814530491828918
1776176220073,1.0,0.0,16695.296875,179.87576293945312,0.6819565892219543
1776176220093,1.0,0.0,16696.1953125,179.98748779296875,0.6821674704551697
1776176220117,1.0,0.0,16696.9453125,180.14181518554688,0.6824192404747009
1776176220135,1.0,0.0,16697.845703125,180.23941040039062,0.6826282143592834
1776176220154,1.0,0.0,16698.595703125,180.36190795898438,0.6828815937042236
1776176220174,1.0,0.0,16700.248046875,180.46078491210938,0.6833454966545105
1776176220194,1.0,0.0,16701.150390625,180.56182861328125,0.683556854724884
1776176220215,1.0,0.0,16701.90234375,180.70477294921875,0.6838083863258362
1776176220234,1.0,0.0,16702.806640625,180.79360961914062,0.6840185523033142
1776176220254,1.0,0.0,16703.560546875,180.89869689941406,0.6842738389968872
1776176220273,1.0,0.0,16704.46484375,180.98419189453125,0.6845260858535767
1776176220293,1.0,0.0,16706.123046875,181.09259033203125,0.6849907636642456
1776176220314,1.0,0.0,16707.029296875,181.20462036132812,0.6852019429206848
1776176220335,1.0,0.0,16707.783203125,181.30972290039062,0.6854560971260071
1776176220353,1.0,0.0,16708.689453125,181.3955535888672,0.6856663823127747
1776176220373,1.0,0.0,16709.4453125,181.49928283691406,0.6859226822853088
1776176220393,1.0,0.0,16711.259765625,181.57769775390625,0.6863870024681091
1776176220413,1.0,0.0,16712.015625,181.66746520996094,0.6866397261619568
1776176220434,1.0,0.0,16712.923828125,181.7600555419922,0.6868541240692139
1776176220453,1.0,0.0,16713.681640625,181.84695434570312,0.6871067881584167
1776176220473,1.0,0.0,16715.34765625,181.95278930664062,0.6875736117362976
1776176220493,1.0,0.0,16716.2578125,182.04225158691406,0.6878286600112915
1776176220513,1.0,0.0,16717.16796875,182.12921142578125,0.6880403161048889
1776176220536,1.0,0.0,16717.92578125,182.2393341064453,0.6882957220077515
1776176220553,1.0,0.0,16718.8359375,182.317626953125,0.688508152961731
1776176220573,1.0,0.0,16720.5078125,182.39544677734375,0.6889755129814148
1776176220593,1.0,0.0,16721.267578125,182.4811553955078,0.6892316341400146
1776176220613,1.0,0.0,16722.1796875,182.5585174560547,0.6894451975822449
1776176220635,1.0,0.0,16722.939453125,182.63299560546875,0.6896995306015015
1776176220653,1.0,0.0,16723.8515625,182.6874542236328,0.6899113655090332
1776176220673,1.0,0.0,16725.525390625,182.76010131835938,0.6904246211051941
1776176220693,1.0,0.0,16726.439453125,182.83253479003906,0.6906376481056213
1776176220713,1.0,0.0,16727.201171875,182.90147399902344,0.6908930540084839
1776176220735,1.0,0.0,16728.115234375,182.95849609375,0.6911068558692932
1776176220753,1.0,0.0,16728.876953125,183.00572204589844,0.6913596987724304
1776176220774,1.0,0.0,16730.552734375,183.06483459472656,0.6918320655822754
1776176220793,1.0,0.0,16731.46875,183.13214111328125,0.6920441389083862
1776176220814,1.0,0.0,16732.232421875,183.18869018554688,0.6923032402992249
1776176220834,1.0,0.0,16733.1484375,183.21949768066406,0.692557156085968
1776176220853,1.0,0.0,16734.064453125,183.25668334960938,0.6927716135978699
1776176220874,1.0,0.0,16735.744140625,183.30979919433594,0.6932413578033447
1776176220893,1.0,0.0,16736.5078125,183.35879516601562,0.6934980750083923
1776176220914,1.0,0.0,16737.423828125,183.40211486816406,0.6937106847763062
1776176220935,1.0,0.0,16738.1875,183.44480895996094,0.6939693689346313
1776176220953,1.0,0.0,16739.10546875,183.4761199951172,0.6941819190979004
1776176220973,1.0,0.0,16740.787109375,183.51486206054688,0.6946945190429688
1776176220993,1.0,0.0,16741.705078125,183.54214477539062,0.6949077844619751
1776176221013,1.0,0.0,16742.470703125,183.5829315185547,0.695164680480957
1776176221034,1.0,0.0,16743.388671875,183.63143920898438,0.6953779458999634
1776176221053,1.0,0.0,16744.154296875,183.65992736816406,0.6956363916397095
1776176221074,1.0,0.0,16745.837890625,183.69114685058594,0.6961085796356201
1776176221093,1.0,0.0,16746.755859375,183.7339324951172,0.6963645219802856
1776176221113,1.0,0.0,16747.673828125,183.77554321289062,0.6965798139572144
1776176221134,1.0,0.0,16748.439453125,183.81114196777344,0.6968349814414978
1776176221153,1.0,0.0,16749.359375,183.8501739501953,0.6970512270927429
1776176221173,1.0,0.0,16751.044921875,183.88958740234375,0.6975212693214417
1776176221193,1.0,0.0,16751.810546875,183.92996215820312,0.6977797746658325
1776176221213,1.0,0.0,16752.73046875,183.96902465820312,0.6979938745498657
1776176221236,1.0,0.0,16753.49609375,184.01821899414062,0.6982499957084656
1776176221253,1.0,0.0,16754.416015625,184.04721069335938,0.6985085010528564
1776176221273,1.0,0.0,16756.103515625,184.0818634033203,0.6989802122116089
1776176221293,1.0,0.0,16757.0234375,184.10980224609375,0.6991955637931824
1776176221313,1.0,0.0,16757.791015625,184.1547393798828,0.6994536519050598
1776176221336,1.0,0.0,16758.7109375,184.20654296875,0.6996681690216064
1776176221353,1.0,0.0,16759.478515625,184.24542236328125,0.6999256014823914
1776176221374,1.0,0.0,16761.16796875,184.2790069580078,0.7003981471061707
1776176221393,1.0,0.0,16762.08984375,184.31161499023438,0.7006577253341675
1776176221413,1.0,0.0,16763.01171875,184.34970092773438,0.7008707523345947
1776176221433,1.0,0.0,16763.779296875,184.38670349121094,0.7011299133300781
1776176221453,1.0,0.0,16764.701171875,184.4208526611328,0.7013450264930725
1776176221474,1.0,0.0,16766.390625,184.4769287109375,0.7018187046051025
1776176221493,1.0,0.0,16767.16015625,184.53207397460938,0.7020775675773621
1776176221513,1.0,0.0,16768.083984375,184.57513427734375,0.702292799949646
1776176221535,1.0,0.0,16768.853515625,184.6177215576172,0.7025514245033264
1776176221553,1.0,0.0,16769.77734375,184.6605682373047,0.7028096914291382
1776176221573,1.0,0.0,16771.470703125,184.71542358398438,0.7032843232154846
1776176221593,1.0,0.0,16772.39453125,184.7616729736328,0.7035006284713745
1776176221613,1.0,0.0,16773.1640625,184.82278442382812,0.7037593722343445
1776176221635,1.0,0.0,16774.087890625,184.890380859375,0.7039756774902344
1776176221653,1.0,0.0,16774.857421875,184.92701721191406,0.7042348384857178
1776176221673,1.0,0.0,16776.552734375,185.00497436523438,0.7047100067138672
1776176221693,1.0,0.0,16777.478515625,185.07424926757812,0.7049697041511536
1776176221713,1.0,0.0,16778.404296875,185.12948608398438,0.705186128616333
1776176221734,1.0,0.0,16779.17578125,185.20108032226562,0.7054458260536194
1776176221753,1.0,0.0,16780.1015625,185.28390502929688,0.7056626677513123
1776176221773,1.0,0.0,16780.873046875,185.34803771972656,0.7059226632118225
1776176221793,1.0,0.0,16782.572265625,185.4136199951172,0.7063987255096436
1776176221813,1.0,0.0,16783.5,185.50469970703125,0.7066168785095215
1776176221835,1.0,0.0,16784.2734375,185.58673095703125,0.7068763971328735
1776176221853,1.0,0.0,16785.201171875,185.63711547851562,0.7070931196212769
1776176221874,1.0,0.0,16786.90234375,185.71617126464844,0.7076149582862854
1776176221893,1.0,0.0,16787.830078125,185.80296325683594,0.7078312635421753
1776176221913,1.0,0.0,16788.603515625,185.89395141601562,0.708092987537384
1776176221934,1.0,0.0,16789.533203125,185.97682189941406,0.7083101868629456
1776176221953,1.0,0.0,16790.30859375,186.0539093017578,0.7085723280906677
1776176221974,1.0,0.0,16792.013671875,186.137939453125,0.7090504765510559
1776176221993,1.0,0.0,16792.9453125,186.2235107421875,0.709311842918396
1776176222016,1.0,0.0,16793.876953125,186.31234741210938,0.709529459476471
1776176222034,1.0,0.0,16794.65234375,186.39524841308594,0.7097912430763245
1776176222053,1.0,0.0,16795.583984375,186.488037109375,0.7100093960762024
1776176222073,1.0,0.0,16796.361328125,186.5562744140625,0.7102712988853455
1776176222093,1.0,0.0,16798.072265625,186.6481475830078,0.710750937461853
1776176222113,1.0,0.0,16799.005859375,186.73622131347656,0.711013674736023
1776176222134,1.0,0.0,16799.783203125,186.8131103515625,0.7112323045730591
1776176222153,1.0,0.0,16800.716796875,186.91098022460938,0.7114955186843872
1776176222173,1.0,0.0,16801.650390625,186.9952850341797,0.7117141485214233
1776176222193,1.0,0.0,16803.365234375,187.083740234375,0.712193489074707
1776176222213,1.0,0.0,16804.14453125,187.18316650390625,0.7124567627906799
1776176222235,1.0,0.0,16805.080078125,187.26824951171875,0.7126767039299011
1776176222255,1.0,0.0,16805.859375,187.35426330566406,0.712938666343689
1776176222273,1.0,0.0,16806.794921875,187.44068908691406,0.7132018804550171
1776176222293,1.0,0.0,16808.513671875,187.53237915039062,0.7136860489845276
1776176222313,1.0,0.0,16809.451171875,187.60789489746094,0.7139038443565369
1776176222334,1.0,0.0,16810.232421875,187.69180297851562,0.7141680121421814
1776176222353,1.0,0.0,16811.169921875,187.7810821533203,0.7143875360488892
1776176222374,1.0,0.0,16811.953125,187.84732055664062,0.7146521210670471
1776176222394,1.0,0.0,16813.67578125,187.93072509765625,0.7151345610618591
1776176222414,1.0,0.0,16814.615234375,188.00985717773438,0.7153549790382385
1776176222435,1.0,0.0,16815.3984375,188.0730438232422,0.7156195640563965
1776176222453,1.0,0.0,16816.337890625,188.15835571289062,0.7158840894699097
1776176222473,1.0,0.0,16817.279296875,188.2442626953125,0.7161048054695129
1776176222493,1.0,0.0,16819.00390625,188.30531311035156,0.716587245464325
1776176222513,1.0,0.0,16819.7890625,188.37738037109375,0.7168521881103516
1776176222534,1.0,0.0,16820.73046875,188.44920349121094,0.7170737981796265
1776176222553,1.0,0.0,16821.515625,188.50765991210938,0.7173372507095337
1776176222574,1.0,0.0,16822.45703125,188.58544921875,0.7175570726394653
1776176222593,1.0,0.0,16824.185546875,188.6691131591797,0.7180870175361633
1776176222613,1.0,0.0,16825.12890625,188.7357940673828,0.7183080315589905
1776176222633,1.0,0.0,16825.916015625,188.8138885498047,0.7185744643211365
1776176222653,1.0,0.0,16826.859375,188.88458251953125,0.7187946438789368
1776176222673,1.0,0.0,16827.646484375,188.9581298828125,0.7190597653388977
1776176222693,1.0,0.0,16829.37890625,189.01510620117188,0.7195467352867126
1776176222713,1.0,0.0,16830.32421875,189.0762481689453,0.7197694182395935
1776176222734,1.0,0.0,16831.111328125,189.13328552246094,0.7200353145599365
1776176222753,1.0,0.0,16832.056640625,189.2184295654297,0.7203003764152527
1776176222773,1.0,0.0,16833.791015625,189.32470703125,0.7207876443862915
1776176222793,1.0,0.0,16834.73828125,189.38931274414062,0.7210085988044739
1776176222813,1.0,0.0,16835.52734375,189.45631408691406,0.7212761044502258
1776176222834,1.0,0.0,16836.474609375,189.52645874023438,0.7214982509613037
1776176222853,1.0,0.0,16837.263671875,189.58383178710938,0.7217623591423035
1776176222874,1.0,0.0,16839.158203125,189.66123962402344,0.7222505211830139
1776176222893,1.0,0.0,16839.94921875,189.73870849609375,0.722518801689148
1776176222914,1.0,0.0,16840.8984375,189.8014678955078,0.7227404713630676
1776176222934,1.0,0.0,16841.689453125,189.8651580810547,0.7230052351951599
1776176222953,1.0,0.0,16842.638671875,189.93247985839844,0.723228931427002
1776176222973,1.0,0.0,16844.37890625,190.0006103515625,0.7237173914909363
1776176222993,1.0,0.0,16845.169921875,190.08644104003906,0.7239858508110046
1776176223013,1.0,0.0,16846.12109375,190.1644287109375,0.7242078185081482
1776176223035,1.0,0.0,16846.9140625,190.23524475097656,0.724473774433136
1776176223053,1.0,0.0,16847.865234375,190.2992401123047,0.7247405052185059
1776176223073,1.0,0.0,16849.609375,190.37843322753906,0.7252315878868103
1776176223093,1.0,0.0,16850.560546875,190.44676208496094,0.7254538536071777
1776176223113,1.0,0.0,16851.353515625,190.5254364013672,0.725720226764679
1776176223134,1.0,0.0,16852.306640625,190.60987854003906,0.7259453535079956
1776176223153,1.0,0.0,16853.099609375,190.6667022705078,0.7262115478515625
1776176223174,1.0,0.0,16855.005859375,190.73370361328125,0.7267031073570251
1776176223193,1.0,0.0,16855.80078125,190.82655334472656,0.7269725799560547
1776176223213,1.0,0.0,16856.75390625,190.9042510986328,0.7271941304206848
1776176223234,1.0,0.0,16857.548828125,190.97726440429688,0.7274625301361084
1776176223253,1.0,0.0,16858.50390625,191.05966186523438,0.7276857495307922
1776176223273,1.0,0.0,16860.25390625,191.1319580078125,0.7281768918037415
1776176223293,1.0,0.0,16861.05078125,191.21511840820312,0.72844398021698
1776176223313,1.0,0.0,16862.005859375,191.29412841796875,0.7286697030067444
1776176223334,1.0,0.0,16862.802734375,191.3592071533203,0.7289380431175232
1776176223353,1.0,0.0,16863.759765625,191.4352264404297,0.7292072176933289
1776176223373,1.0,0.0,16865.513671875,191.51821899414062,0.7296980619430542
1776176223393,1.0,0.0,16866.470703125,191.59390258789062,0.7299244403839111
1776176223413,1.0,0.0,16867.26953125,191.6776580810547,0.7301921844482422
1776176223434,1.0,0.0,16868.228515625,191.76185607910156,0.7304172515869141
1776176223453,1.0,0.0,16869.02734375,191.82945251464844,0.7306841015815735
1776176223473,1.0,0.0,16870.9453125,191.9095458984375,0.73117995262146
1776176223493,1.0,0.0,16871.744140625,192.0087890625,0.7314507365226746
1776176223513,1.0,0.0,16872.705078125,192.0802764892578,0.7316734790802002
1776176223534,1.0,0.0,16873.505859375,192.15762329101562,0.7319430112838745
1776176223553,1.0,0.0,16874.466796875,192.23501586914062,0.7321687340736389
1776176223575,1.0,0.0,16876.228515625,192.33131408691406,0.7326622605323792
1776176223595,1.0,0.0,16877.029296875,192.3986358642578,0.7329315543174744
1776176223614,1.0,0.0,16877.9921875,192.47825622558594,0.7331569790840149
1776176223634,1.0,0.0,16878.794921875,192.55787658691406,0.7334274053573608
1776176223653,1.0,0.0,16879.7578125,192.6502685546875,0.7336982488632202
1776176223673,1.0,0.0,16880.720703125,192.73500061035156,0.7339231967926025
1776176223693,1.0,0.0,16882.486328125,192.8045196533203,0.7344208359718323
1776176223713,1.0,0.0,16883.2890625,192.88682556152344,0.7346906065940857
1776176223734,1.0,0.0,16884.25390625,192.97824096679688,0.7349153161048889
1776176223753,1.0,0.0,16885.05859375,193.0570831298828,0.735187828540802
1776176223773,1.0,0.0,16886.0234375,193.15850830078125,0.735458254814148
1776176223793,1.0,0.0,16887.79296875,193.24099731445312,0.7359548211097717
1776176223813,1.0,0.0,16888.759765625,193.3218994140625,0.7361817955970764
1776176223835,1.0,0.0,16889.564453125,193.41104125976562,0.7364515066146851
1776176223853,1.0,0.0,16890.53125,193.4990997314453,0.7366800308227539
1776176223873,1.0,0.0,16891.337890625,193.5790252685547,0.7369513511657715
1776176223893,1.0,0.0,16893.111328125,193.6751708984375,0.7374497652053833
1776176223913,1.0,0.0,16894.080078125,193.75758361816406,0.7377230525016785
1776176223934,1.0,0.0,16895.048828125,193.84625244140625,0.7379500865936279
1776176223953,1.0,0.0,16895.85546875,193.9191436767578,0.7382223606109619
1776176223973,1.0,0.0,16896.82421875,194.01158142089844,0.7384483814239502
1776176223993,1.0,0.0,16898.603515625,194.0882110595703,0.7389460802078247
1776176224013,1.0,0.0,16899.412109375,194.18194580078125,0.7392227053642273
1776176224033,1.0,0.0,16900.3828125,194.284912109375,0.7394468784332275
1776176224053,1.0,0.0,16901.19140625,194.35296630859375,0.7397221326828003
1776176224074,1.0,0.0,16902.162109375,194.4355926513672,0.7399948239326477
1776176224093,1.0,0.0,16903.9453125,194.5091094970703,0.7404959797859192
1776176224113,1.0,0.0,16904.91796875,194.5828857421875,0.7407222390174866
1776176224133,1.0,0.0,16905.728515625,194.6890411376953,0.7409961819648743
1776176224153,1.0,0.0,16906.701171875,194.80113220214844,0.7412257790565491
1776176224174,1.0,0.0,16908.486328125,194.88282775878906,0.7417271733283997
1776176224193,1.0,0.0,16909.298828125,194.95314025878906,0.7420000433921814
1776176224213,1.0,0.0,16910.2734375,195.0374755859375,0.742230236530304
1776176224234,1.0,0.0,16911.0859375,195.14259338378906,0.742503821849823
1776176224253,1.0,0.0,16912.060546875,195.21910095214844,0.7427793741226196
1776176224273,1.0,0.0,16913.8515625,195.31309509277344,0.7432836294174194
1776176224293,1.0,0.0,16914.828125,195.3927001953125,0.7435111403465271
1776176224313,1.0,0.0,16915.642578125,195.47813415527344,0.7437827587127686
1776176224334,1.0,0.0,16916.619140625,195.566162109375,0.7440159320831299
1776176224353,1.0,0.0,16917.43359375,195.63328552246094,0.7442874312400818
1776176224374,1.0,0.0,16919.390625,195.71641540527344,0.7447922825813293
1776176224393,1.0,0.0,16920.20703125,195.8129119873047,0.7450669407844543
1776176224413,1.0,0.0,16921.185546875,195.9012908935547,0.7452965378761292
1776176224434,1.0,0.0,16922.001953125,195.98471069335938,0.7455723881721497
1776176224453,1.0,0.0,16922.982421875,196.07290649414062,0.7458011507987976
1776176224474,1.0,0.0,16924.779296875,196.14491271972656,0.7463068962097168
1776176224493,1.0,0.0,16925.595703125,196.22396850585938,0.7465808391571045
1776176224513,1.0,0.0,16926.576171875,196.3120880126953,0.7468113899230957
1776176224535,1.0,0.0,16927.39453125,196.40830993652344,0.7470865845680237
1776176224553,1.0,0.0,16928.376953125,196.48583984375,0.7473625540733337
1776176224573,1.0,0.0,16929.359375,196.5707550048828,0.7475926280021667
1776176224593,1.0,0.0,16931.16015625,196.6521759033203,0.7480981349945068
1776176224613,1.0,0.0,16931.98046875,196.74005126953125,0.7483763098716736
1776176224634,1.0,0.0,16932.96484375,196.82818603515625,0.7486054301261902
1776176224653,1.0,0.0,16933.78515625,196.91238403320312,0.748881459236145
1776176224673,1.0,0.0,16935.58984375,197.0010528564453,0.7493866086006165
1776176224693,1.0,0.0,16936.57421875,197.08595275878906,0.7496638298034668
1776176224713,1.0,0.0,16937.55859375,197.15155029296875,0.7498952746391296
1776176224734,1.0,0.0,16938.380859375,197.22824096679688,0.7501699328422546
1776176224753,1.0,0.0,16939.3671875,197.3248291015625,0.7504031658172607
1776176224774,1.0,0.0,16941.17578125,197.4090118408203,0.750910758972168
1776176224793,1.0,0.0,16941.998046875,197.5000457763672,0.7511864304542542
1776176224813,1.0,0.0,16942.986328125,197.58334350585938,0.7514156103134155
1776176224834,1.0,0.0,16943.80859375,197.65341186523438,0.7516944408416748
1776176224853,1.0,0.0,16944.796875,197.72149658203125,0.751971423625946
1776176224873,1.0,0.0,16945.78515625,197.8057098388672,0.7522026300430298
1776176224893,1.0,0.0,16947.59765625,197.89303588867188,0.752712607383728
1776176224913,1.0,0.0,16948.421875,197.98118591308594,0.7529884576797485
1776176224933,1.0,0.0,16949.412109375,198.07701110839844,0.7532187104225159
1776176224953,1.0,0.0,16950.23828125,198.14964294433594,0.7534982562065125
1776176224973,1.0,0.0,16952.0546875,198.22576904296875,0.7540100812911987
1776176224993,1.0,0.0,16953.046875,198.31138610839844,0.7542859315872192
1776176225013,1.0,0.0,16954.0390625,198.38424682617188,0.7545163035392761
1776176225034,1.0,0.0,16954.865234375,198.46609497070312,0.7547943592071533
1776176225053,1.0,0.0,16955.857421875,198.55062866210938,0.7550261616706848
1776176225073,1.0,0.0,16956.68359375,198.61114501953125,0.7553054690361023
1776176225093,1.0,0.0,16958.50390625,198.68614196777344,0.7558163404464722
1776176225113,1.0,0.0,16959.498046875,198.773193359375,0.7560965418815613
1776176225134,1.0,0.0,16960.4921875,198.84010314941406,0.7563290596008301
1776176225153,1.0,0.0,16961.3203125,198.9255828857422,0.7566067576408386
1776176225173,1.0,0.0,16962.314453125,198.99632263183594,0.7568390369415283
1776176225193,1.0,0.0,16964.13671875,199.07260131835938,0.7573530673980713
1776176225213,1.0,0.0,16964.966796875,199.1574249267578,0.7576336860656738
1776176225234,1.0,0.0,16965.962890625,199.2473602294922,0.75786292552948
1776176225253,1.0,0.0,16966.79296875,199.32334899902344,0.7581420540809631
1776176225273,1.0,0.0,16967.7890625,199.39993286132812,0.7584224343299866
1776176225293,1.0,0.0,16969.615234375,199.48243713378906,0.7589357495307922
1776176225313,1.0,0.0,16970.61328125,199.546630859375,0.7591658234596252
1776176225334,1.0,0.0,16971.4453125,199.61988830566406,0.7594484090805054
1776176225353,1.0,0.0,16972.443359375,199.70631408691406,0.7596813440322876
1776176225373,1.0,0.0,16973.275390625,199.769287109375,0.7599623203277588
1776176225393,1.0,0.0,16975.10546875,199.84783935546875,0.7604749202728271
1776176225413,1.0,0.0,16976.10546875,199.930419921875,0.7607550621032715
1776176225435,1.0,0.0,16977.10546875,200.01055908203125,0.7609879374504089
1776176225453,1.0,0.0,16977.939453125,200.07388305664062,0.7612698078155518
1776176225474,1.0,0.0,16979.7734375,200.1476287841797,0.7617838382720947
1776176225493,1.0,0.0,16980.7734375,200.21844482421875,0.7620171308517456
1776176225513,1.0,0.0,16981.607421875,200.29197692871094,0.7622975707054138
1776176225534,1.0,0.0,16982.609375,200.36598205566406,0.7625322937965393
1776176225553,1.0,0.0,16983.443359375,200.4386749267578,0.7628119587898254
1776176225573,1.0,0.0,16984.4453125,200.5127716064453,0.7630937099456787
1776176225593,1.0,0.0,16986.283203125,200.5807647705078,0.7636099457740784
1776176225613,1.0,0.0,16987.287109375,200.64305114746094,0.7638446092605591
1776176225634,1.0,0.0,16988.123046875,200.72630310058594,0.764125406742096
1776176225653,1.0,0.0,16989.126953125,200.79689025878906,0.7643598914146423
1776176225673,1.0,0.0,16989.962890625,200.8529510498047,0.7646412253379822
1776176225693,1.0,0.0,16991.802734375,200.91966247558594,0.7651580572128296
1776176225713,1.0,0.0,16992.806640625,200.98870849609375,0.7653928399085999
1776176225735,1.0,0.0,16993.64453125,201.0603790283203,0.7656756639480591
1776176225753,1.0,0.0,16994.650390625,201.1248779296875,0.7659573554992676
1776176225773,1.0,0.0,16995.65625,201.2017822265625,0.7661938667297363
1776176225793,1.0,0.0,16997.5,201.2654571533203,0.7667102813720703
1776176225813,1.0,0.0,16998.337890625,201.33155822753906,0.7669914960861206
1776176225835,1.0,0.0,16999.34375,201.4047088623047,0.7672271132469177
1776176225853,1.0,0.0,17000.18359375,201.4612579345703,0.7675113677978516
1776176225873,1.0,0.0,17001.19140625,201.51312255859375,0.7677923440933228
1776176225893,1.0,0.0,17003.0390625,201.58497619628906,0.768310546875
1776176225913,1.0,0.0,17004.046875,201.65306091308594,0.7685466408729553
1776176225934,1.0,0.0,17004.88671875,201.73394775390625,0.7688287496566772
1776176225953,1.0,0.0,17005.89453125,201.8052215576172,0.7690639495849609
1776176225973,1.0,0.0,17006.734375,201.8675537109375,0.7693471908569336
1776176225993,1.0,0.0,17008.5859375,201.9330291748047,0.7698661684989929
1776176226013,1.0,0.0,17009.595703125,201.9968719482422,0.7701502442359924
1776176226034,1.0,0.0,17010.60546875,202.0742645263672,0.7703856825828552
1776176226053,1.0,0.0,17011.447265625,202.1292266845703,0.7706690430641174
1776176226073,1.0,0.0,17012.45703125,202.18609619140625,0.770905077457428
1776176226093,1.0,0.0,17014.310546875,202.247802734375,0.7714239954948425
1776176226113,1.0,0.0,17015.15234375,202.31365966796875,0.7717092037200928
1776176226134,1.0,0.0,17016.1640625,202.38412475585938,0.7719446420669556
1776176226153,1.0,0.0,17017.0078125,202.4381866455078,0.7722283601760864
1776176226173,1.0,0.0,17018.01953125,202.51168823242188,0.7725127935409546
1776176226193,1.0,0.0,17019.875,202.58392333984375,0.7730334401130676
1776176226213,1.0,0.0,17020.888671875,202.6389617919922,0.7732701301574707
1776176226234,1.0,0.0,17021.732421875,202.69549560546875,0.7735553979873657
1776176226253,1.0,0.0,17022.74609375,202.75326538085938,0.7737913727760315
1776176226273,1.0,0.0,17023.58984375,202.80543518066406,0.7740755081176758
1776176226293,1.0,0.0,17025.44921875,202.8777313232422,0.7745975852012634
1776176226313,1.0,0.0,17026.462890625,202.9511260986328,0.77488112449646
1776176226334,1.0,0.0,17027.478515625,203.0128631591797,0.7751190662384033
1776176226353,1.0,0.0,17028.32421875,203.0601043701172,0.7754030823707581
1776176226374,1.0,0.0,17029.33984375,203.1129150390625,0.7756409645080566
1776176226393,1.0,0.0,17031.201171875,203.17498779296875,0.7761625051498413
1776176226413,1.0,0.0,17032.046875,203.243408203125,0.7764480710029602
1776176226434,1.0,0.0,17033.0625,203.30340576171875,0.7766855955123901
1776176226453,1.0,0.0,17033.91015625,203.34988403320312,0.7769708633422852
1776176226473,1.0,0.0,17034.92578125,203.41912841796875,0.7772554159164429
1776176226493,1.0,0.0,17036.791015625,203.47613525390625,0.7777788639068604
1776176226513,1.0,0.0,17037.80859375,203.53753662109375,0.7780166268348694
1776176226535,1.0,0.0,17038.65625,203.60723876953125,0.7783026695251465
1776176226553,1.0,0.0,17039.673828125,203.66265869140625,0.7785401344299316
1776176226573,1.0,0.0,17040.521484375,203.71481323242188,0.7788261771202087
1776176226593,1.0,0.0,17042.388671875,203.77561950683594,0.7793490886688232
1776176226613,1.0,0.0,17043.408203125,203.82949829101562,0.7796359658241272
1776176226634,1.0,0.0,17044.427734375,203.88954162597656,0.779873251914978
1776176226654,1.0,0.0,17045.27734375,203.9444122314453,0.7801604866981506
1776176226673,1.0,0.0,17046.296875,203.99594116210938,0.7803991436958313
1776176226693,1.0,0.0,17048.166015625,204.04519653320312,0.780922532081604
1776176226713,1.0,0.0,17049.015625,204.10911560058594,0.7812082767486572
1776176226733,1.0,0.0,17050.03515625,204.1710662841797,0.7814474105834961
1776176226753,1.0,0.0,17050.88671875,204.223876953125,0.7817344069480896
1776176226773,1.0,0.0,17051.908203125,204.28103637695312,0.782019317150116
1776176226793,1.0,0.0,17053.78125,204.34140014648438,0.7825455069541931
1776176226813,1.0,0.0,17054.802734375,204.38636779785156,0.7827847003936768
1776176226834,1.0,0.0,17055.654296875,204.44281005859375,0.7830712199211121
1776176226853,1.0,0.0,17056.67578125,204.50196838378906,0.7833103537559509
1776176226873,1.0,0.0,17057.52734375,204.5491943359375,0.7835972309112549
1776176226893,1.0,0.0,17059.40234375,204.60824584960938,0.7841231226921082
1776176226913,1.0,0.0,17060.42578125,204.65591430664062,0.784409761428833
1776176226934,1.0,0.0,17061.44921875,204.71128845214844,0.7846498489379883
1776176226953,1.0,0.0,17062.302734375,204.7594451904297,0.7849363088607788
1776176226973,1.0,0.0,17063.326171875,204.8206329345703,0.7851755023002625
1776176226993,1.0,0.0,17065.203125,204.87017822265625,0.7857025265693665
1776176227013,1.0,0.0,17066.056640625,204.9412078857422,0.785990834236145
1776176227034,1.0,0.0,17067.08203125,205.0009307861328,0.7862291932106018
1776176227053,1.0,0.0,17067.935546875,205.0426483154297,0.7865167856216431
1776176227073,1.0,0.0,17068.9609375,205.09349060058594,0.7868037819862366
1776176227093,1.0,0.0,17070.841796875,205.15516662597656,0.7873321771621704
1776176227113,1.0,0.0,17071.8671875,205.20274353027344,0.7875716090202332
1776176227134,1.0,0.0,17072.72265625,205.25753784179688,0.7878597378730774
1776176227153,1.0,0.0,17073.748046875,205.30862426757812,0.7880992889404297
1776176227173,1.0,0.0,17074.603515625,205.35511779785156,0.788387656211853
1776176227193,1.0,0.0,17076.486328125,205.42027282714844,0.7889158725738525
1776176227213,1.0,0.0,17077.513671875,205.4644012451172,0.7892035841941833
1776176227234,1.0,0.0,17078.541015625,205.51632690429688,0.7894443273544312
1776176227253,1.0,0.0,17079.396484375,205.5635223388672,0.7897317409515381
1776176227273,1.0,0.0,17080.423828125,205.61268615722656,0.789972186088562
1776176227293,1.0,0.0,17082.30859375,205.65650939941406,0.7905005812644958
1776176227313,1.0,0.0,17083.166015625,205.69985961914062,0.7907889485359192
1776176227334,1.0,0.0,17084.1953125,205.7481689453125,0.7910295128822327
1776176227353,1.0,0.0,17085.052734375,205.796142578125,0.7913179397583008
1776176227373,1.0,0.0,17086.08203125,205.85562133789062,0.7916063070297241
1776176227393,1.0,0.0,17087.96875,205.9158172607422,0.7921357750892639
1776176227413,1.0,0.0,17088.998046875,205.96432495117188,0.7923765778541565
1776176227434,1.0,0.0,17089.85546875,206.01220703125,0.7926653623580933
1776176227453,1.0,0.0,17090.884765625,206.0670623779297,0.7929062843322754
1776176227473,1.0,0.0,17091.744140625,206.11618041992188,0.7931947112083435
1776176227493,1.0,0.0,17093.634765625,206.167236328125,0.7937245965003967
1776176227513,0.7890499830245972,0.0,17094.666015625,206.2142333984375,0.7940143346786499
1776176227534,0.4404500126838684,0.0,17095.697265625,206.23516845703125,0.7942550182342529
1776176227553,0.0,0.0,17096.556640625,206.18600463867188,0.79454505443573
1776176227573,0.0,0.0,17097.587890625,206.06800842285156,0.7947849631309509
1776176227593,0.0,0.0,17099.478515625,205.947265625,0.7953158617019653
1776176227613,0.0,0.0,17100.3359375,205.79566955566406,0.7956037521362305
1776176227633,0.0,0.0,17101.365234375,205.64451599121094,0.7958441376686096
1776176227653,0.0,0.0,17102.22265625,205.5141143798828,0.7961325645446777
1776176227674,0.0,0.047383863478899,17104.27734375,205.36549377441406,0.7966606616973877
1776176227693,0.0,1.0,17105.1328125,205.1068572998047,0.7969488501548767
1776176227713,0.0,1.0,17106.158203125,204.47474670410156,0.7971882820129395
1776176227734,0.0,1.0,17107.01171875,203.57008361816406,0.7974750995635986
1776176227753,0.0,1.0,17108.03125,202.62332153320312,0.7977140545845032
1776176227773,0.0,1.0,17108.87890625,201.8000946044922,0.7979974746704102
1776176227793,0.0,1.0,17110.73046875,200.81593322753906,0.7985150814056396
1776176227813,0.0,1.0,17111.734375,199.8114013671875,0.7987962365150452
1776176227834,0.0,1.0,17112.734375,198.7545623779297,0.7990295886993408
1776176227853,0.0,1.0,17113.564453125,197.8017120361328,0.7993088960647583
1776176227874,0.0,1.0,17114.556640625,196.67901611328125,0.7995389699935913
1776176227893,0.0,1.0,17116.36328125,195.73861694335938,0.8000468611717224
1776176227913,0.0,1.0,17117.1796875,194.6747283935547,0.8003202676773071
1776176227934,0.0,1.0,17118.154296875,193.64666748046875,0.8005466461181641
1776176227953,0.0,1.0,17118.962890625,192.80154418945312,0.8008177280426025
1776176227973,0.0,1.0,17119.9296875,191.8355712890625,0.8010887503623962
1776176227993,0.0,1.0,17121.693359375,190.84182739257812,0.8015813231468201
1776176228013,0.0,1.0,17122.650390625,190.02735900878906,0.8018040060997009
1776176228035,0.0,1.0,17123.443359375,188.93637084960938,0.8020716905593872
1776176228053,0.0,1.0,17124.392578125,188.12770080566406,0.8022921085357666
1776176228073,0.0,1.0,17125.1796875,187.3516082763672,0.8025566339492798
1776176228093,0.0,1.0,17126.90234375,186.42127990722656,0.8030372858047485
1776176228113,0.0,1.0,17127.8359375,185.49249267578125,0.8032976388931274
1776176228136,0.0,1.0,17128.765625,184.5863037109375,0.8035141825675964
1776176228153,0.0,1.0,17129.537109375,183.7884063720703,0.8037739992141724
1776176228173,0.0,1.0,17130.458984375,182.76515197753906,0.8039883375167847
1776176228193,0.0,1.0,17132.138671875,181.84848022460938,0.8044587969779968
1776176228213,0.0,1.0,17132.896484375,180.77154541015625,0.8047144412994385
1776176228234,0.0,1.0,17133.802734375,179.656494140625,0.804924488067627
1776176228253,0.0,1.0,17134.5546875,178.68450927734375,0.8051758408546448
1776176228273,0.0,1.0,17136.34375,177.57981872558594,0.8056347370147705
1776176228293,0.0,1.0,17137.083984375,176.51280212402344,0.8058828711509705
1776176228313,0.0,1.0,17137.96875,175.59988403320312,0.8060887455940247
1776176228334,0.0,1.0,17138.701171875,174.4875030517578,0.8063351511955261
1776176228353,0.0,1.0,17139.576171875,173.45480346679688,0.8065391182899475
1776176228374,0.0,1.0,17141.169921875,172.52809143066406,0.8069844245910645
1776176228393,0.0,1.0,17141.890625,171.44357299804688,0.8072248101234436
1776176228413,0.0,1.0,17142.75,170.4302520751953,0.8074658513069153
1776176228435,0.0,1.0,17143.60546875,169.36712646484375,0.8076639771461487
1776176228453,0.0,1.0,17144.314453125,168.47756958007812,0.8079021573066711
1776176228473,0.0,1.0,17145.162109375,167.46998596191406,0.8080999255180359
1776176228493,0.0,1.0,17146.705078125,166.63436889648438,0.8085302710533142
1776176228513,0.0,1.0,17147.400390625,165.61712646484375,0.8087649941444397
1776176228535,0.0,1.0,17148.232421875,164.6184539794922,0.8089551329612732
1776176228553,0.0,1.0,17148.921875,163.76856994628906,0.8091869354248047
1776176228574,0.0,1.0,17149.744140625,162.7075958251953,0.8094176650047302
1776176228593,0.0,1.0,17151.2421875,161.64572143554688,0.8098351955413818
1776176228613,0.0,1.0,17152.052734375,160.7666473388672,0.8100228309631348
1776176228634,0.0,1.0,17152.724609375,159.74673461914062,0.8102480173110962
1776176228653,0.0,1.0,17153.52734375,158.7294921875,0.8104348182678223
1776176228675,0.0,1.0,17154.984375,157.72964477539062,0.8108425736427307
1776176228693,0.0,1.0,17155.642578125,156.8939971923828,0.8110636472702026
1776176228713,0.0,1.0,17156.427734375,155.91493225097656,0.8112834692001343
1776176228734,0.0,1.0,17157.208984375,154.93865966796875,0.8114657402038574
1776176228753,0.0,1.0,17157.857421875,154.08987426757812,0.8116825222969055
1776176228773,0.0,1.0,17158.630859375,153.11514282226562,0.8118624687194824
1776176228793,0.0,1.0,17160.0390625,152.2807159423828,0.8122560381889343
1776176228813,0.0,1.0,17160.673828125,151.3084716796875,0.8124699592590332
1776176228834,0.0,1.0,17161.43359375,150.29161071777344,0.8126465678215027
1776176228853,0.0,1.0,17162.0625,149.38784790039062,0.8128572106361389
1776176228873,0.0,1.0,17162.814453125,148.3518829345703,0.8130664825439453
1776176228893,0.0,1.0,17164.1796875,147.28802490234375,0.8134482502937317
1776176228913,0.0,1.0,17164.91796875,146.37252807617188,0.8136200904846191
1776176228933,0.0,1.0,17165.529296875,145.30897521972656,0.813824474811554
1776176228953,0.0,1.0,17166.259765625,144.2405242919922,0.8139939308166504
1776176228973,0.0,1.0,17166.865234375,143.3308563232422,0.8141958117485046
1776176228993,0.0,1.0,17168.18359375,142.29261779785156,0.8145655393600464
1776176229013,0.0,1.0,17168.896484375,141.2582550048828,0.8147638440132141
1776176229035,0.0,1.0,17169.60546875,140.23716735839844,0.814929187297821
1776176229053,0.0,1.0,17170.193359375,139.39393615722656,0.8151254653930664
1776176229073,0.0,1.0,17170.89453125,138.4103546142578,0.8152881264686584
1776176229093,0.0,1.0,17172.16796875,137.61251831054688,0.8156440854072571
1776176229113,0.0,1.0,17172.7421875,136.72531127929688,0.8158373832702637
1776176229134,0.0,1.0,17173.427734375,135.77073669433594,0.8159971833229065
1776176229153,0.0,1.0,17173.99609375,134.9751739501953,0.8161871433258057
1776176229173,0.0,1.0,17174.673828125,134.0773162841797,0.8163765072822571
1776176229193,0.0,1.0,17175.90625,133.1468048095703,0.8167216777801514
1776176229213,0.0,1.0,17176.57421875,132.3032989501953,0.8168765306472778
1776176229234,0.0,1.0,17177.126953125,131.3314971923828,0.8170613050460815
1776176229253,0.0,1.0,17177.787109375,130.38583374023438,0.8172149658203125
1776176229273,0.0,1.0,17178.333984375,129.53762817382812,0.8173978328704834
1776176229293,0.0,1.0,17179.52734375,128.51145935058594,0.8177312612533569
1776176229313,0.0,1.0,17180.171875,127.46157836914062,0.8178812265396118
1776176229333,0.0,1.0,17180.705078125,126.59123992919922,0.8180595636367798
1776176229353,0.0,1.0,17181.341796875,125.57133483886719,0.8182361721992493
1776176229373,0.0,1.0,17181.97265625,124.5752182006836,0.8183826804161072
1776176229393,0.0,1.0,17183.119140625,123.7071533203125,0.8187035322189331
1776176229413,0.0,1.0,17183.63671875,122.67866516113281,0.818877100944519
1776176229434,0.0,1.0,17184.251953125,121.73727416992188,0.81902015209198
1776176229453,0.0,1.0,17184.76171875,120.91566467285156,0.8191903829574585
1776176229473,0.0,1.0,17185.369140625,119.98468017578125,0.8193603157997131
1776176229493,0.0,1.0,17186.47265625,119.06229400634766,0.8196684122085571
1776176229513,0.0,1.0,17187.0703125,118.28958892822266,0.8198077082633972
1776176229534,0.0,1.0,17187.564453125,117.38885498046875,0.819972813129425
1776176229553,0.0,1.0,17188.154296875,116.42285919189453,0.8201099634170532
1776176229573,0.0,1.0,17188.642578125,115.62939453125,0.8202735185623169
1776176229593,0.0,1.0,17189.70703125,114.70915222167969,0.8205708265304565
1776176229613,0.0,1.0,17190.283203125,113.79821014404297,0.8207309246063232
1776176229634,0.0,1.0,17190.85546875,112.95999145507812,0.8208638429641724
1776176229653,0.0,1.0,17191.328125,111.95771789550781,0.8210213780403137
1776176229673,0.0,1.0,17191.892578125,111.02590942382812,0.821152925491333
1776176229693,0.0,1.0,17192.916015625,110.18333435058594,0.8214389681816101
1776176229713,0.0,1.0,17193.376953125,109.19994354248047,0.8215924501419067
1776176229735,0.0,1.0,17193.92578125,108.17204284667969,0.8217202425003052
1776176229753,0.0,1.0,17194.37890625,107.31147766113281,0.8218719959259033
1776176229774,0.0,1.0,17194.919921875,106.29856872558594,0.822022020816803
1776176229793,0.0,1.0,17195.8984375,105.29276275634766,0.8222947120666504
1776176229813,0.0,1.0,17196.42578125,104.45499420166016,0.822417676448822
1776176229834,0.0,1.0,17196.86328125,103.42535400390625,0.822563648223877
1776176229854,0.0,1.0,17197.384765625,102.36681365966797,0.8226840496063232
1776176229873,0.0,1.0,17197.814453125,101.52217864990234,0.822829008102417
1776176229893,0.0,1.0,17198.75,100.5322265625,0.823088526725769
1776176229913,0.0,1.0,17199.25390625,99.5516586303711,0.8232293128967285
1776176229934,0.0,1.0,17199.75390625,98.71263885498047,0.8233452439308167
1776176229953,0.0,1.0,17200.16796875,97.79632568359375,0.8234827518463135
1776176229974,0.0,1.0,17200.66015625,96.86973571777344,0.8235985040664673
1776176229993,0.0,1.0,17201.5546875,96.15125274658203,0.8238478899002075
1776176230014,0.0,1.0,17201.95703125,95.30682373046875,0.8239827752113342
1776176230034,0.0,1.0,17202.435546875,94.4387435913086,0.8240922093391418
1776176230053,0.0,1.0,17202.83203125,93.71755981445312,0.8242238759994507
1776176230074,0.0,1.0,17203.3046875,92.86848449707031,0.8243557810783386
1776176230093,0.0,1.0,17204.16015625,92.024169921875,0.8245934247970581
1776176230113,0.0,1.0,17204.62109375,91.34999084472656,0.8246999382972717
1776176230134,0.0,1.0,17205.00390625,90.52251434326172,0.8248277902603149
1776176230153,0.0,1.0,17205.458984375,89.60498046875,0.8249337077140808
1776176230173,0.0,1.0,17205.8359375,88.87467956542969,0.8250593543052673
1776176230193,0.0,1.0,17206.65625,88.07379913330078,0.8252860903739929
1776176230213,0.0,1.0,17207.09765625,87.248046875,0.8254106640815735
1776176230235,0.0,1.0,17207.53515625,86.43193817138672,0.8255106210708618
1776176230254,0.0,1.0,17207.8984375,85.76737213134766,0.8256316781044006
1776176230273,0.0,1.0,17208.6875,84.93269348144531,0.8258503675460815
1776176230293,0.0,1.0,17209.11328125,84.21485900878906,0.8259483575820923
1776176230313,0.0,1.0,17209.46484375,83.47268676757812,0.826064944267273
1776176230334,0.0,1.0,17209.884765625,82.6754150390625,0.8261613249778748
1776176230353,0.0,1.0,17210.232421875,82.02783966064453,0.8262770771980286
1776176230373,0.0,1.0,17210.646484375,81.2529296875,0.8263909816741943
1776176230393,0.0,1.0,17211.396484375,80.46283721923828,0.8265979886054993
1776176230414,0.0,1.0,17211.80078125,79.8058090209961,0.8266918063163757
1776176230434,0.0,1.0,17212.134765625,79.09129333496094,0.8268007636070251
1776176230453,0.0,1.0,17212.533203125,78.37885284423828,0.8268924951553345
1776176230473,0.0,1.0,17212.86328125,77.76681518554688,0.8270024657249451
1776176230493,0.0,1.0,17213.580078125,77.07428741455078,0.8271988034248352
1776176230513,0.0,1.0,17213.966796875,76.35993194580078,0.827305257320404
1776176230535,0.0,1.0,17214.349609375,75.63892364501953,0.8273921608924866
1776176230553,0.0,0.9284524321556091,17214.666015625,75.0497055053711,0.8274815678596497
1776176230573,0.0,0.8093602657318115,17214.98046875,74.3471908569336,0.8275847434997559
1776176230593,0.0,0.7247689962387085,17215.728515625,73.7665023803711,0.8277719616889954
1776176230613,0.0,0.6468548774719238,17216.037109375,73.07665252685547,0.827873706817627
1776176230636,0.0,0.5464999675750732,17216.404296875,72.37041473388672,0.8279575705528259
1776176230653,0.0,0.4580742418766022,17216.70703125,71.95191955566406,0.8280572891235352
1776176230673,0.0,0.36630862951278687,17217.068359375,71.38768768310547,0.8281567096710205
1776176230693,0.0,0.30085572600364685,17217.724609375,70.86884307861328,0.8283370733261108
1776176230713,0.0,0.24967923760414124,17218.080078125,70.43669891357422,0.8284159898757935
1776176230734,0.0,0.20520155131816864,17218.375,69.96781158447266,0.8285140991210938
1776176230753,0.0,0.1748504638671875,17218.7265625,69.55271911621094,0.8285946846008301
1776176230774,0.0,0.14793184399604797,17219.365234375,69.22798156738281,0.8287683725357056
1776176230793,0.0,0.12104549258947372,17219.654296875,68.86373901367188,0.8288648128509521
1776176230813,0.0,0.1033676341176033,17220.0,68.50602722167969,0.8289563059806824
1776176230834,0.0,0.08051890879869461,17220.34375,68.22245025634766,0.8290355801582336
1776176230853,0.0,0.07378428429365158,17220.62890625,67.91951751708984,0.8291279077529907
1776176230873,0.0,0.047383863478899,17220.970703125,67.63623809814453,0.8292046785354614
1776176230893,0.0,0.029790978878736496,17221.59375,67.4089126586914,0.8293745517730713
1776176230914,0.0,0.005444121081382036,17221.875,67.16771697998047,0.8294675946235657
1776176230936,0.0,1.4439866390603129e-05,17222.2109375,66.91383361816406,0.8295426964759827
1776176230953,0.0,0.0,17222.490234375,66.76171112060547,0.8296344876289368
1776176230973,0.0,0.0,17222.826171875,66.54518127441406,0.8297249674797058
1776176230993,0.0,0.0,17223.4375,66.33326721191406,0.8298912048339844
1776176231013,0.0,0.0,17223.76953125,66.149658203125,0.8299666047096252
1776176231034,0.0,0.0,17224.044921875,65.94564819335938,0.8300557732582092
1776176231053,0.0,0.0,17224.375,65.74654388427734,0.830129086971283
1776176231073,0.0,0.0,17224.650390625,65.57178497314453,0.8302209973335266
1776176231093,0.0,0.0,17225.251953125,65.3656005859375,0.8303827047348022
1776176231113,0.0,0.0,17225.578125,65.15275573730469,0.8304720520973206
1776176231134,0.0,0.0,17225.904296875,64.93758392333984,0.8305472731590271
1776176231153,0.08730000257492065,0.0,17226.17578125,64.75453186035156,0.8306338787078857
1776176231174,0.24994999170303345,0.0,17226.5,64.55572509765625,0.8307071924209595
1776176231193,0.3650500178337097,0.0,17227.091796875,64.4018325805664,0.8308692574501038
1776176231213,0.4404500126838684,0.0,17227.359375,64.24806213378906,0.8309555053710938
1776176231235,0.4562999904155731,0.0,17227.6796875,64.12992095947266,0.8310278058052063
1776176231253,0.4562999904155731,0.0,17227.947265625,64.05790710449219,0.831113874912262
1776176231273,0.44440001249313354,0.0,17228.267578125,63.999412536621094,0.8312016129493713
1776176231293,0.42454999685287476,0.0,17228.853515625,63.959407806396484,0.8313609957695007
1776176231313,0.40470001101493835,0.0,17229.173828125,63.9160041809082,0.8314334154129028
1776176231335,0.38089999556541443,0.0,17229.439453125,63.86750030517578,0.8315211534500122
1776176231353,0.37299999594688416,0.0,17229.7578125,63.8114128112793,0.8315918445587158
1776176231374,0.36900001764297485,0.0,17230.0234375,63.766605377197266,0.8316791653633118
1776176231393,0.36900001764297485,0.0,17230.607421875,63.71788787841797,0.8318375945091248
1776176231413,0.36900001764297485,0.0,17230.92578125,63.66871643066406,0.83192378282547
1776176231433,0.37299999594688416,0.0,17231.244140625,63.62522506713867,0.831995964050293
1776176231453,0.3769499957561493,0.0,17231.509765625,63.56672668457031,0.8320813775062561
1776176231474,0.38089999556541443,0.0,17232.09375,63.50727081298828,0.8322393298149109
1776176231493,0.38089999556541443,0.0,17232.412109375,63.466575622558594,0.8323108553886414
1776176231513,0.38089999556541443,0.0,17232.677734375,63.42256546020508,0.8323966264724731
1776176231534,0.38089999556541443,0.0,17232.99609375,63.382781982421875,0.8324666023254395
1776176231553,0.3769499957561493,0.0,17233.259765625,63.341461181640625,0.8325536847114563
1776176231573,0.3769499957561493,0.0,17233.576171875,63.286582946777344,0.832638680934906
1776176231593,0.3769499957561493,0.0,17234.15625,63.23680114746094,0.8327949643135071
1776176231613,0.3769499957561493,0.0,17234.47265625,63.20753860473633,0.8328641057014465
1776176231636,0.38089999556541443,0.0,17234.736328125,63.168365478515625,0.8329517841339111
1776176231653,0.38885000348091125,0.0,17235.052734375,63.121986389160156,0.833021342754364
1776176231673,0.4007500112056732,0.0,17235.31640625,63.08335876464844,0.833106517791748
1776176231693,0.4126499891281128,0.0,17235.896484375,63.03507995605469,0.8332623243331909
1776176231713,0.42855000495910645,0.0,17236.2109375,63.0078125,0.8333485722541809
1776176231734,0.44440001249313354,0.0,17236.525390625,62.99408721923828,0.8334178328514099
1776176231754,0.46424999833106995,0.0,17236.787109375,62.98702621459961,0.8335049152374268
1776176231774,0.48410001397132874,0.0,17237.36328125,62.9799690246582,0.8336599469184875
1776176231793,0.5,0.0,17237.677734375,62.972877502441406,0.8337301015853882
1776176231813,0.5077999830245972,0.0,17237.939453125,62.98418426513672,0.8338152766227722
1776176231835,0.5116999745368958,0.0,17238.25390625,63.00604248046875,0.8338854312896729
1776176231853,0.5195500254631042,0.0,17238.515625,63.03460693359375,0.8339714407920837
1776176231876,0.5195500254631042,0.0,17238.830078125,63.06272888183594,0.8340556621551514
1776176231893,0.5195500254631042,0.0,17239.40625,63.08749771118164,0.8342111110687256
1776176231913,0.5195500254631042,0.0,17239.720703125,63.13418197631836,0.8342811465263367
1776176231934,0.5195500254631042,0.0,17239.984375,63.17801284790039,0.8343669772148132
1776176231953,0.5195500254631042,0.0,17240.30078125,63.2144775390625,0.8344387412071228
1776176231973,0.5195500254631042,0.0,17240.564453125,63.2401237487793,0.834526002407074
1776176231993,0.5234500169754028,0.0,17241.14453125,63.289764404296875,0.8346821069717407
1776176232013,0.53125,0.0,17241.4609375,63.3449821472168,0.8347676992416382
1776176232033,0.5429499745368958,0.0,17241.77734375,63.40060043334961,0.8348382711410522
1776176232053,0.5780999660491943,0.0,17242.041015625,63.493072509765625,0.8349262475967407
1776176232073,0.6015499830245972,0.0,17242.357421875,63.59166717529297,0.8349974155426025
1776176232093,0.625,0.0,17242.939453125,63.69540023803711,0.8351553082466125
1776176232113,0.6601499915122986,0.0,17243.205078125,63.833282470703125,0.8352441191673279
1776176232134,0.6875,0.0,17243.5234375,63.985939025878906,0.835314929485321
1776176232153,0.7030999660491943,0.0,17243.7890625,64.13282775878906,0.8354012370109558
1776176232173,0.7148500084877014,0.0,17244.109375,64.3228988647461,0.8354892134666443
1776176232193,0.71875,0.0,17244.697265625,64.53594970703125,0.8356491327285767
1776176232213,0.7226499915122986,0.0,17245.01953125,64.72148895263672,0.8357234597206116
1776176232234,0.7226499915122986,0.0,17245.2890625,64.93609619140625,0.8358114957809448
1776176232253,0.7226499915122986,0.0,17245.61328125,65.16017150878906,0.8358857035636902
1776176232273,0.7265499830245972,0.0,17245.884765625,65.34407043457031,0.8359740972518921
1776176232293,0.7382999658584595,0.0,17246.482421875,65.55680847167969,0.8361384868621826
1776176232313,0.7538999915122986,0.0,17246.810546875,65.78418731689453,0.8362292647361755
1776176232336,0.7695499658584595,0.0,17247.138671875,66.0337142944336,0.8363035321235657
1776176232353,0.7929500341415405,0.0,17247.4140625,66.25120544433594,0.836393415927887
1776176232373,0.8202999830245972,0.0,17247.744140625,66.52127075195312,0.8364693522453308
1776176232393,0.8359500169754028,0.0,17248.3515625,66.7685317993164,0.836636483669281
1776176232415,0.8554500341415405,0.0,17248.62890625,67.10763549804688,0.8367288708686829
1776176232435,0.8672000169754028,0.0,17248.962890625,67.37274932861328,0.8368062376976013
1776176232453,0.875,0.0,17249.2421875,67.64505767822266,0.8369002342224121
1776176232473,0.875,0.0,17249.580078125,67.96292877197266,0.8369925022125244
1776176232493,0.875,0.0,17250.201171875,68.2977523803711,0.8371645212173462
1776176232513,0.875,0.0,17250.54296875,68.58436584472656,0.8372425436973572
1776176232535,0.875,0.0,17250.828125,68.96932220458984,0.8373389840126038
1776176232553,0.875,0.0,17251.171875,69.24984741210938,0.8374197483062744
1776176232574,0.875,0.0,17251.8046875,69.58274841308594,0.8376097083091736
1776176232593,0.875,0.0,17252.15234375,69.86768341064453,0.8376917243003845
1776176232613,0.8632999658584595,0.0,17252.443359375,70.18994140625,0.8377877473831177
1776176232634,0.8320499658584595,0.0,17252.79296875,70.46330261230469,0.8378682732582092
1776176232653,0.7617000341415405,0.0,17253.0859375,70.76313018798828,0.8379647135734558
1776176232673,0.6836000084877014,0.0,17253.439453125,71.01880645751953,0.8380481600761414
1776176232693,0.6093499660491943,0.0,17254.08984375,71.2041015625,0.838230550289154
1776176232714,0.5195500254631042,0.0,17254.38671875,71.38286590576172,0.838331937789917
1776176232734,0.44440001249313354,0.0,17254.744140625,71.511962890625,0.8384318947792053
1776176232753,0.36900001764297485,0.0,17255.1015625,71.58541107177734,0.838516116142273
1776176232773,0.3015500009059906,0.0,17255.400390625,71.63677978515625,0.8386178016662598
1776176232793,0.2658500075340271,0.0,17256.056640625,71.6391372680664,0.8388000726699829
1776176232813,0.25394999980926514,0.0,17256.4140625,71.6151123046875,0.8388871550559998
1776176232835,0.2738000154495239,0.0,17256.712890625,71.58285522460938,0.838992178440094
1776176232853,0.30550000071525574,0.0,17257.0703125,71.5589370727539,0.8390759229660034
1776176232875,0.3571000099182129,0.0,17257.7265625,71.55058288574219,0.8392822742462158
1776176232896,0.40470001101493835,0.0,17258.083984375,71.57374572753906,0.8393654823303223
1776176232913,0.42855000495910645,0.0,17258.380859375,71.60743713378906,0.8394690752029419
1776176232934,0.4364500045776367,0.0,17258.73828125,71.66431427001953,0.8395556807518005
1776176232953,0.4364500045776367,0.0,17259.037109375,71.71487426757812,0.8396592140197754
1776176232974,0.42855000495910645,0.0,17259.39453125,71.76812744140625,0.8397459983825684
1776176232993,0.4126499891281128,0.0,17260.05078125,71.8259506225586,0.8399534821510315
1776176233013,0.38089999556541443,0.0,17260.41015625,71.86341094970703,0.8400406241416931
1776176233034,0.3571000099182129,0.0,17260.708984375,71.86454772949219,0.8401463627815247
1776176233054,0.32534998655319214,0.0,17261.068359375,71.88241577148438,0.840233564376831
1776176233073,0.29760000109672546,0.0,17261.3671875,71.8707046508789,0.840338408946991
1776176233093,0.27775001525878906,0.0,17262.025390625,71.85399627685547,0.8405288457870483
1776176233113,0.2658500075340271,0.0,17262.384765625,71.83872985839844,0.8406177759170532
1776176233133,0.25394999980926514,0.0,17262.68359375,71.6359634399414,0.8407207727432251
1776176233153,0.25394999980926514,0.0,17263.04296875,71.61632537841797,0.8408072590827942
1776176233173,0.25394999980926514,0.0,17263.341796875,71.57539367675781,0.840913712978363
1776176233194,0.25394999980926514,0.0,17264.0,71.47615051269531,0.8411076068878174
1776176233213,0.2658500075340271,0.0,17264.357421875,71.37535858154297,0.8412114977836609
1776176233234,0.2658500075340271,0.0,17264.71484375,71.27706909179688,0.8412990570068359
1776176233253,0.2738000154495239,0.0,17265.01171875,71.23736572265625,0.8414008617401123
1776176233273,0.27775001525878906,0.0,17265.3671875,71.2574234008789,0.8414890170097351
1776176233293,0.2857000231742859,0.0,17266.01953125,71.1612548828125,0.8416972756385803
1776176233314,0.289650022983551,0.0,17266.375,71.01998901367188,0.8417856097221375
1776176233334,0.29360002279281616,0.0,17266.669921875,70.89346313476562,0.841887891292572
1776176233353,0.29360002279281616,0.0,17267.0234375,70.75685119628906,0.841974139213562
1776176233373,0.29360002279281616,0.0,17267.31640625,70.65512084960938,0.8420793414115906
1776176233393,0.29760000109672546,0.0,17267.9609375,70.44799041748047,0.8422663807868958
1776176233414,0.29760000109672546,0.0,17268.3125,70.27104187011719,0.8423557281494141
1776176233433,0.29760000109672546,0.0,17268.60546875,70.08757019042969,0.8424574732780457
1776176233453,0.29760000109672546,0.0,17268.95703125,70.1234130859375,0.8425434231758118
1776176233473,0.29760000109672546,0.0,17269.25,70.09954071044922,0.8426449298858643
1776176233494,0.3015500009059906,0.0,17269.8984375,70.00067138671875,0.8428328037261963
1776176233515,0.3095000088214874,0.0,17270.25,69.91313171386719,0.842921257019043
1776176233536,0.31744998693466187,0.0,17270.54296875,69.95291900634766,0.8430252075195312
1776176233553,0.32934999465942383,0.0,17270.89453125,70.05972290039062,0.8431267142295837
1776176233573,0.3571000099182129,0.0,17271.24609375,69.94621276855469,0.8432132601737976
1776176233593,0.38089999556541443,0.0,17271.884765625,69.89022064208984,0.8434199094772339
1776176233613,0.41659998893737793,0.0,17272.232421875,69.85761260986328,0.8435025811195374
1776176233633,0.452349990606308,0.0,17272.521484375,69.83245849609375,0.8436055779457092
1776176233656,0.48410001397132874,0.0,17272.8671875,69.8224868774414,0.8436917066574097
1776176233673,0.5,0.0,17273.15625,69.81002807617188,0.8437933921813965
1776176233694,0.5116999745368958,0.0,17273.791015625,69.79878997802734,0.8439792394638062
1776176233717,0.5234500169754028,0.0,17274.138671875,69.79839324951172,0.8440654277801514
1776176233734,0.5234500169754028,0.0,17274.427734375,69.82156372070312,0.8441665768623352
1776176233755,0.5195500254631042,0.0,17274.775390625,69.82427978515625,0.8442530035972595
1776176233773,0.5156000256538391,0.0,17275.064453125,69.80706787109375,0.844355046749115
1776176233795,0.5116999745368958,0.0,17275.703125,69.78824615478516,0.844537615776062
1776176233816,0.5077999830245972,0.0,17276.05078125,69.77440643310547,0.8446383476257324
1776176233834,0.5077999830245972,0.0,17276.3984375,69.75784301757812,0.8447222113609314
1776176233854,0.5116999745368958,0.0,17276.689453125,69.7327651977539,0.8448238968849182
1776176233876,0.5195500254631042,0.0,17277.330078125,69.68031311035156,0.8450070023536682
1776176233893,0.5195500254631042,0.0,17277.6796875,69.6518783569336,0.8451080918312073
1776176233914,0.53125,0.0,17277.970703125,69.6036605834961,0.8451936841011047
1776176233934,0.5547000169754028,0.0,17278.3203125,69.80549621582031,0.8452922701835632
1776176233953,0.59375,0.0,17278.669921875,70.15137481689453,0.8453761339187622
1776176233973,0.6445499658584595,0.0,17278.962890625,70.47464752197266,0.8454751372337341
1776176233993,0.6875,0.0,17279.609375,70.63694763183594,0.8456621170043945
1776176234013,0.7226499915122986,0.0,17279.962890625,70.72391510009766,0.8457477688789368
1776176234033,0.7695499658584595,0.0,17280.2578125,70.84373474121094,0.8458495736122131
1776176234054,0.8047000169754028,0.0,17280.61328125,70.9787368774414,0.8459352254867554
1776176234076,0.8398499488830566,0.0,17281.265625,71.13652038574219,0.846125066280365
1776176234094,0.8710999488830566,0.0,17281.5625,71.28067016601562,0.8462277054786682
1776176234117,0.9101499915122986,0.0,17281.919921875,71.4937973022461,0.8463298678398132
1776176234135,0.9375,0.0,17282.27734375,71.74634552001953,0.8464162349700928
1776176234153,0.9648499488830566,0.0,17282.576171875,71.97909545898438,0.8465200662612915
1776176234173,1.0,0.0,17282.935546875,72.23100280761719,0.8466079831123352
1776176234193,1.0,0.0,17283.59765625,72.44884490966797,0.8468140959739685
1776176234215,1.0,0.0,17283.958984375,72.73320007324219,0.8469018936157227
1776176234234,1.0,0.0,17284.26171875,72.95072174072266,0.8470069169998169
1776176234253,1.0,0.0,17284.625,73.14202117919922,0.847093403339386
1776176234273,1.0,0.0,17284.9296875,73.36568450927734,0.8471989035606384
1776176234293,1.0,0.0,17285.599609375,73.63712310791016,0.84739089012146
1776176234313,1.0,0.0,17285.966796875,73.88900756835938,0.8474804162979126
1776176234335,1.0,0.0,17286.2734375,74.2336654663086,0.8475872874259949
1776176234353,1.0,0.0,17286.642578125,74.51165771484375,0.847693681716919
1776176234373,1.0,0.0,17286.951171875,74.80162048339844,0.8477851748466492
1776176234393,1.0,0.0,17287.697265625,75.1482162475586,0.8479794263839722
1776176234414,1.0,0.0,17288.009765625,75.46623229980469,0.848089337348938
1776176234437,1.0,0.0,17288.38671875,75.82940673828125,0.848179042339325
1776176234456,1.0,0.0,17288.701171875,76.05543518066406,0.8482871651649475
1776176234476,1.0,0.0,17289.396484375,76.3661880493164,0.8484875559806824
1776176234494,1.0,0.0,17289.77734375,76.62647247314453,0.8485799431800842
1776176234514,1.0,0.0,17290.095703125,76.92723846435547,0.8486889600753784
1776176234537,1.0,0.0,17290.478515625,77.28336334228516,0.8488004803657532
1776176234553,1.0,0.0,17290.86328125,77.5041732788086,0.8488925695419312
1776176234575,1.0,0.0,17291.572265625,77.80120086669922,0.8490957617759705
1776176234594,1.0,0.0,17291.896484375,78.0913314819336,0.8492071628570557
1776176234616,1.0,0.0,17292.287109375,78.3935317993164,0.8492991924285889
1776176234636,1.0,0.0,17292.61328125,78.70722961425781,0.8494135141372681
1776176234654,1.0,0.0,17293.005859375,78.9845199584961,0.849524974822998
1776176234675,1.0,0.0,17293.728515625,79.29479217529297,0.8497316241264343
1776176234693,1.0,0.0,17294.125,79.55009460449219,0.8498291969299316
1776176234714,1.0,0.0,17294.45703125,79.83797454833984,0.8499435186386108
1776176234735,1.0,0.0,17294.85546875,80.13323974609375,0.8500365018844604
1776176234753,1.0,0.0,17295.1875,80.3967514038086,0.8501524925231934
1776176234773,1.0,0.0,17295.587890625,80.72247314453125,0.8502482175827026
1776176234793,1.0,0.0,17296.32421875,80.9923324584961,0.8504772782325745
1776176234814,1.0,0.0,17296.728515625,81.32164001464844,0.8505747318267822
1776176234836,1.0,0.0,17297.06640625,81.69175720214844,0.8506900668144226
1776176234855,1.0,0.0,17297.474609375,81.9793701171875,0.8507876396179199
1776176234877,1.0,0.0,17298.224609375,82.31767272949219,0.8510041832923889
1776176234893,1.0,0.0,17298.56640625,82.60664367675781,0.8511214852333069
1776176234913,1.0,0.0,17298.978515625,82.88560485839844,0.8512202501296997
1776176234934,1.0,0.0,17299.32421875,83.21249389648438,0.8513368368148804
1776176234953,1.0,0.0,17299.740234375,83.53691864013672,0.8514580130577087
1776176234974,1.0,0.0,17300.15625,83.81027221679688,0.8515567779541016
1776176234993,1.0,0.0,17300.923828125,84.15308380126953,0.8517732620239258
1776176235014,1.0,0.0,17301.2734375,84.47427368164062,0.8518956899642944
1776176235035,1.0,0.0,17301.6953125,84.80020904541016,0.8519973754882812
1776176235054,1.0,0.0,17302.046875,85.08088684082031,0.8521165251731873
1776176235073,1.0,0.0,17302.470703125,85.4233169555664,0.8522158861160278
1776176235094,1.0,0.0,17303.25,85.74846649169922,0.8524596095085144
1776176235113,1.0,0.0,17303.677734375,86.02257537841797,0.8525605797767639
1776176235133,1.0,0.0,17304.03515625,86.33226013183594,0.8526818752288818
1776176235153,1.0,0.0,17304.46484375,86.60478973388672,0.8527857065200806
1776176235175,1.0,0.0,17304.82421875,86.91737365722656,0.8529056906700134
1776176235193,1.0,0.0,17305.619140625,87.24445343017578,0.8531331419944763
1776176235217,1.0,0.0,17306.0546875,87.58157348632812,0.8532359600067139
1776176235236,1.0,0.0,17306.41796875,87.90888977050781,0.8533617258071899
1776176235254,1.0,0.0,17306.85546875,88.17545318603516,0.8534871339797974
1776176235276,1.0,0.0,17307.662109375,88.48051452636719,0.8537155389785767
1776176235293,1.0,0.0,17308.103515625,88.74922180175781,0.853821337223053
1776176235314,1.0,0.0,17308.47265625,89.0684814453125,0.8539463877677917
1776176235333,1.0,0.0,17308.91796875,89.33917999267578,0.8540521264076233
1776176235353,1.0,0.0,17309.2890625,89.65056610107422,0.8541784882545471
1776176235374,1.0,0.0,17309.736328125,89.94576263427734,0.8542824983596802
1776176235393,1.0,0.0,17310.55859375,90.20689392089844,0.8545392751693726
1776176235415,1.0,0.0,17311.009765625,90.5674057006836,0.8546446561813354
1776176235436,1.0,0.0,17311.38671875,90.88143920898438,0.8547719120979309
1776176235454,1.0,0.0,17311.83984375,91.15299987792969,0.8548809885978699
1776176235473,1.0,0.0,17312.21875,91.40782165527344,0.8550092577934265
1776176235493,1.0,0.0,17313.0546875,91.69534301757812,0.8552460074424744
1776176235513,1.0,0.0,17313.51171875,91.94477844238281,0.8553551435470581
1776176235534,1.0,0.0,17313.89453125,92.2457046508789,0.85548335313797
1776176235553,1.0,0.0,17314.35546875,92.54586791992188,0.8556124567985535
1776176235573,1.0,0.0,17314.81640625,92.79810333251953,0.8557214736938477
1776176235593,1.0,0.0,17315.587890625,93.09489440917969,0.855961799621582
1776176235613,1.0,0.0,17316.052734375,93.38676452636719,0.8560935854911804
1776176235634,1.0,0.0,17316.51953125,93.6372299194336,0.8562026023864746
1776176235653,1.0,0.0,17316.908203125,93.93994903564453,0.8563377261161804
1776176235673,1.0,0.0,17317.376953125,94.24462890625,0.8564445376396179
1776176235693,1.0,0.0,17318.23828125,94.49107360839844,0.8567119240760803
1776176235715,1.0,0.0,17318.7109375,94.80116271972656,0.8568224310874939
1776176235733,1.0,0.0,17319.10546875,95.03260803222656,0.856957733631134
1776176235753,1.0,0.0,17319.580078125,95.26480102539062,0.8570687174797058
1776176235773,1.0,0.0,17319.9765625,95.55682373046875,0.8572031259536743
1776176235793,1.0,0.0,17320.8515625,95.85673522949219,0.8574496507644653
1776176235813,1.0,0.0,17321.330078125,96.11279296875,0.8575627207756042
1776176235833,1.0,0.0,17321.73046875,96.39962768554688,0.8576990365982056
1776176235853,1.0,0.0,17322.2109375,96.6852798461914,0.8578332662582397
1776176235873,1.0,0.0,17322.693359375,96.90882873535156,0.8579460382461548
1776176235893,1.0,0.0,17323.580078125,97.17943572998047,0.8581973910331726
1776176235913,1.0,0.0,17323.984375,97.45118713378906,0.8583329319953918
1776176235934,1.0,0.0,17324.470703125,97.73619079589844,0.8584470152854919
1776176235953,1.0,0.0,17324.876953125,97.97647857666016,0.8585840463638306
1776176235973,1.0,0.0,17325.365234375,98.23118591308594,0.8587206602096558
1776176235994,1.0,0.0,17326.263671875,98.49901580810547,0.8589739203453064
1776176236013,1.0,0.0,17326.755859375,98.73536682128906,0.8590916991233826
1776176236034,1.0,0.0,17327.166015625,99.01121520996094,0.8592295050621033
1776176236053,1.0,0.0,17327.66015625,99.23600006103516,0.8593456745147705
1776176236075,1.0,0.0,17328.568359375,99.49571990966797,0.8596009612083435
1776176236093,1.0,0.0,17328.982421875,99.77587127685547,0.8597419261932373
1776176236113,1.0,0.0,17329.48046875,100.00128173828125,0.8598572015762329
1776176236134,1.0,0.0,17329.896484375,100.25314331054688,0.8599984049797058
1776176236153,1.0,0.0,17330.396484375,100.50906372070312,0.860139787197113
1776176236173,1.0,0.0,17330.8984375,100.73432159423828,0.8602575659751892
1776176236193,1.0,0.0,17331.8203125,100.98486328125,0.8605161309242249
1776176236215,1.0,0.0,17332.240234375,101.22895050048828,0.8606574535369873
1776176236234,1.0,0.0,17332.74609375,101.49076080322266,0.860776424407959
1776176236253,1.0,0.0,17333.16796875,101.73128509521484,0.8609187006950378
1776176236273,1.0,0.0,17333.67578125,101.99483489990234,0.8610610961914062
1776176236293,1.0,0.0,17334.609375,102.21681213378906,0.861323356628418
1776176236313,1.0,0.0,17335.12109375,102.45382690429688,0.8614440560340881
1776176236334,1.0,0.0,17335.546875,102.69776153564453,0.8615865707397461
1776176236353,1.0,0.0,17336.060546875,102.9085693359375,0.8617064952850342
1776176236373,1.0,0.0,17336.48828125,103.16675567626953,0.8618522882461548
1776176236393,1.0,0.0,17337.43359375,103.44210052490234,0.8621160387992859
1776176236413,1.0,0.0,17337.951171875,103.65373229980469,0.8622620105743408
1776176236435,1.0,0.0,17338.3828125,103.93163299560547,0.8623819947242737
1776176236453,1.0,0.0,17338.90234375,104.13899230957031,0.862528920173645
1776176236474,1.0,0.0,17339.421875,104.35800170898438,0.862650990486145
1776176236493,1.0,0.0,17340.376953125,104.60934448242188,0.8629200458526611
1776176236513,1.0,0.0,17340.8125,104.86599731445312,0.8630661368370056
1776176236534,1.0,0.0,17341.3359375,105.07942962646484,0.8631902933120728
1776176236553,1.0,0.0,17341.7734375,105.32829284667969,0.8633365035057068
1776176236573,1.0,0.0,17342.298828125,105.58080291748047,0.8634843826293945
1776176236593,1.0,0.0,17343.265625,105.79729461669922,0.8637563586235046
1776176236613,1.0,0.0,17343.794921875,106.04479217529297,0.8638800382614136
1776176236634,1.0,0.0,17344.236328125,106.27647399902344,0.8640283942222595
1776176236653,1.0,0.0,17344.767578125,106.47544860839844,0.8641526699066162
1776176236673,1.0,0.0,17345.2109375,106.72200012207031,0.8643020987510681
1776176236693,1.0,0.0,17346.189453125,106.98346710205078,0.8645765781402588
1776176236713,1.0,0.0,17346.724609375,107.20465850830078,0.8647017478942871
1776176236735,1.0,0.0,17347.169921875,107.48161315917969,0.8648520112037659
1776176236753,1.0,0.0,17347.70703125,107.69063568115234,0.8650030493736267
1776176236774,1.0,0.0,17348.244140625,107.90746307373047,0.8651282787322998
1776176236793,1.0,0.0,17349.232421875,108.14702606201172,0.8654061555862427
1776176236813,1.0,0.0,17349.68359375,108.38076782226562,0.865557849407196
1776176236833,1.0,0.0,17350.224609375,108.60267639160156,0.8656845688819885
1776176236853,1.0,0.0,17350.67578125,108.8424301147461,0.8658360838890076
1776176236874,1.0,0.0,17351.21875,109.07938385009766,0.8659884333610535
1776176236893,1.0,0.0,17352.21875,109.29228210449219,0.8662686347961426
1776176236913,1.0,0.0,17352.765625,109.53760528564453,0.8663975596427917
1776176236933,1.0,0.0,17353.220703125,109.76193237304688,0.866551399230957
1776176236953,1.0,0.0,17353.76953125,109.96624755859375,0.8666796684265137
1776176236974,1.0,0.0,17354.2265625,110.22208404541016,0.8668340444564819
1776176236993,1.0,0.0,17355.236328125,110.46170043945312,0.8671174049377441
1776176237013,1.0,0.0,17355.7890625,110.67149353027344,0.8672723770141602
1776176237034,1.0,0.0,17356.341796875,110.91584777832031,0.8674017786979675
1776176237053,1.0,0.0,17356.802734375,111.13182830810547,0.8675574064254761
1776176237073,1.0,0.0,17357.357421875,111.32836151123047,0.8676871657371521
1776176237093,1.0,0.0,17358.376953125,111.59073638916016,0.8679737448692322
1776176237113,1.0,0.0,17358.841796875,111.84386444091797,0.8681300282478333
1776176237134,1.0,0.0,17359.400390625,112.07191467285156,0.8682870268821716
1776176237154,1.0,0.0,17359.8671875,112.26238250732422,0.8684183359146118
1776176237174,1.0,0.0,17360.427734375,112.49514770507812,0.8685753345489502
1776176237193,1.0,0.0,17361.45703125,112.69188690185547,0.8688649535179138
1776176237213,1.0,0.0,17362.01953125,112.92442321777344,0.8689963817596436
1776176237234,1.0,0.0,17362.490234375,113.16312408447266,0.8691551685333252
1776176237253,1.0,0.0,17363.0546875,113.36653137207031,0.8693138957023621
1776176237273,1.0,0.0,17363.62109375,113.60010528564453,0.869446337223053
1776176237293,1.0,0.0,17364.56640625,113.82330322265625,0.8697388768196106
1776176237313,1.0,0.0,17365.134765625,114.02410125732422,0.8698983192443848
1776176237334,1.0,0.0,17365.705078125,114.2655258178711,0.8700316548347473
1776176237353,1.0,0.0,17366.1796875,114.48818969726562,0.8701905012130737
1776176237373,1.0,0.0,17366.751953125,114.67681121826172,0.8703240752220154
1776176237393,1.0,0.0,17367.80078125,114.90947723388672,0.8706469535827637
1776176237413,1.0,0.0,17368.279296875,115.12779998779297,0.8707819581031799
1776176237434,1.0,0.0,17368.853515625,115.32479858398438,0.8709434866905212
1776176237453,1.0,0.0,17369.4296875,115.56755828857422,0.8710781931877136
1776176237473,1.0,0.0,17369.91015625,115.80369567871094,0.8712402582168579
1776176237493,1.0,0.0,17370.970703125,115.9905014038086,0.8715378046035767
1776176237513,1.0,0.0,17371.55078125,116.20465850830078,0.8716739416122437
1776176237534,1.0,0.0,17372.03515625,116.4260025024414,0.8718369007110596
1776176237553,1.0,0.0,17372.6171875,116.62257385253906,0.8719723224639893
1776176237573,1.0,0.0,17373.1015625,116.85195922851562,0.8721362948417664
1776176237593,1.0,0.0,17374.171875,117.07908630371094,0.8724364638328552
1776176237613,1.0,0.0,17374.7578125,117.27692413330078,0.8726017475128174
1776176237634,0.9570499658584595,0.0,17375.34375,117.50446319580078,0.8727378249168396
1776176237653,0.8242000341415405,0.0,17375.83203125,117.52823638916016,0.8729034066200256
1776176237673,0.6952999830245972,0.0,17376.419921875,117.46623992919922,0.8730403184890747
1776176237693,0.5234500169754028,0.0,17377.498046875,117.40489959716797,0.8733696341514587
1776176237713,0.3769499957561493,0.0,17378.083984375,117.34451293945312,0.8735076189041138
1776176237733,0.2459999918937683,0.0,17378.572265625,117.29425048828125,0.8736716508865356
1776176237753,0.11505001783370972,0.0,17379.158203125,117.22529602050781,0.8738089203834534
1776176237774,0.05555000901222229,0.0,17379.646484375,117.16383361816406,0.8739731311798096
1776176237793,0.04365000128746033,0.0,17380.720703125,117.10391235351562,0.8742749094963074
1776176237814,0.09920001029968262,0.0,17381.306640625,117.0434341430664,0.8744107484817505
1776176237833,0.21424999833106995,0.0,17381.794921875,116.97859954833984,0.8745740056037903
1776176237853,0.35315001010894775,0.0,17382.37890625,116.9210433959961,0.8747121095657349
1776176237873,0.5195500254631042,0.0,17382.865234375,116.85404205322266,0.8748741745948792
1776176237893,0.6679499745368958,0.0,17384.033203125,116.9129409790039,0.8751766681671143
1776176237913,0.78125,0.0,17384.51953125,117.23495483398438,0.8753405809402466
1776176237934,0.8984500169754028,0.0,17385.10546875,117.64615631103516,0.8754788637161255
1776176237953,0.9882999658584595,0.0,17385.595703125,118.10076904296875,0.8756431341171265
1776176237973,1.0,0.0,17386.185546875,118.46542358398438,0.8757807016372681
1776176237993,1.0,0.0,17387.26953125,118.79187774658203,0.8761135935783386
1776176238013,1.0,0.0,17387.86328125,119.03999328613281,0.8762528896331787
1776176238035,1.0,0.0,17388.359375,119.26065063476562,0.8764188885688782
1776176238054,1.0,0.0,17388.955078125,119.43672180175781,0.876558244228363
1776176238073,1.0,0.0,17389.453125,119.6485824584961,0.8767264485359192
1776176238093,1.0,0.0,17390.548828125,119.8514175415039,0.877033531665802
1776176238113,1.0,0.0,17391.1484375,120.06946563720703,0.8771737813949585
1776176238133,1.0,0.0,17391.6484375,120.26944732666016,0.8773419857025146
1776176238153,1.0,0.0,17392.25,120.44136810302734,0.8775104284286499
1776176238173,1.0,0.0,17392.8515625,120.6545181274414,0.877651035785675
1776176238193,1.0,0.0,17393.95703125,120.87479400634766,0.8779624700546265
1776176238213,1.0,0.0,17394.4609375,121.06453704833984,0.8781307935714722
1776176238233,1.0,0.0,17395.06640625,121.27091979980469,0.8782728314399719
1776176238253,1.0,0.0,17395.5703125,121.4793701171875,0.8784432411193848
1776176238273,1.0,0.0,17396.177734375,121.66502380371094,0.8785853385925293
1776176238293,1.0,0.0,17397.291015625,121.88644409179688,0.8789260983467102
1776176238313,1.0,0.0,17397.900390625,122.09148406982422,0.8790684342384338
1776176238333,1.0,0.0,17398.408203125,122.26432800292969,0.8792391419410706
1776176238353,1.0,0.0,17399.01953125,122.48338317871094,0.8793825507164001
1776176238373,1.0,0.0,17399.529296875,122.71138000488281,0.8795535564422607
1776176238393,1.0,0.0,17400.654296875,122.88909149169922,0.8798685073852539
1776176238413,1.0,0.0,17401.267578125,123.08323669433594,0.8800135850906372
1776176238435,1.0,0.0,17401.779296875,123.28954315185547,0.8801865577697754
1776176238453,1.0,0.0,17402.39453125,123.4736328125,0.8803303837776184
1776176238473,1.0,0.0,17402.908203125,123.69055938720703,0.8805043697357178
1776176238493,1.0,0.0,17404.14453125,123.89969635009766,0.8808214664459229
1776176238513,1.0,0.0,17404.66015625,124.08573913574219,0.8809953927993774
1776176238534,1.0,0.0,17405.279296875,124.27511596679688,0.8811405897140503
1776176238553,1.0,0.0,17405.796875,124.47640228271484,0.8813144564628601
1776176238573,1.0,0.0,17406.41796875,124.66264343261719,0.8814611434936523
1776176238593,1.0,0.0,17407.55859375,124.87102508544922,0.8818098306655884
1776176238613,1.0,0.0,17408.181640625,125.07816314697266,0.8819543719291687
1776176238634,1.0,0.0,17408.703125,125.25733184814453,0.8821319937705994
1776176238653,1.0,0.0,17409.328125,125.466552734375,0.882277250289917
1776176238673,1.0,0.0,17409.849609375,125.68537902832031,0.8824520111083984
1776176238693,1.0,0.0,17411.0,125.85213470458984,0.882777988910675
1776176238713,1.0,0.0,17411.62890625,126.0425796508789,0.882925271987915
1776176238736,1.0,0.0,17412.154296875,126.27555847167969,0.8831003904342651
1776176238753,1.0,0.0,17412.78515625,126.44451904296875,0.8832491636276245
1776176238773,1.0,0.0,17413.310546875,126.6599349975586,0.8834254145622253
1776176238793,1.0,0.0,17414.576171875,126.87183380126953,0.8837510347366333
1776176238813,1.0,0.0,17415.10546875,127.0506591796875,0.8839314579963684
1776176238834,1.0,0.0,17415.740234375,127.26331329345703,0.8840800523757935
1776176238853,1.0,0.0,17416.26953125,127.47210693359375,0.884257972240448
1776176238874,1.0,0.0,17416.90625,127.6421127319336,0.8844056129455566
1776176238893,1.0,0.0,17418.076171875,127.84357452392578,0.8847640156745911
1776176238913,1.0,0.0,17418.71484375,128.0460968017578,0.8849127888679504
1776176238933,1.0,0.0,17419.248046875,128.2285919189453,0.8850935697555542
1776176238953,1.0,0.0,17419.888671875,128.45555114746094,0.8852427005767822
1776176238973,1.0,0.0,17420.423828125,128.65679931640625,0.8854237794876099
1776176238993,1.0,0.0,17421.6015625,128.81900024414062,0.8857543468475342
1776176239013,1.0,0.0,17422.24609375,129.01705932617188,0.8859058022499084
1776176239033,1.0,0.0,17422.783203125,129.22975158691406,0.8860854506492615
1776176239053,1.0,0.0,17423.427734375,129.41116333007812,0.886236310005188
1776176239073,1.0,0.0,17423.966796875,129.622802734375,0.8864187598228455
1776176239093,1.0,0.0,17425.15234375,129.82516479492188,0.8867515325546265
1776176239113,1.0,0.0,17425.80078125,129.99102783203125,0.8869348764419556
1776176239133,1.0,0.0,17426.44921875,130.1845245361328,0.8870857357978821
1776176239153,1.0,0.0,17426.990234375,130.38746643066406,0.8872678279876709
1776176239173,1.0,0.0,17427.640625,130.55841064453125,0.887420117855072
1776176239193,1.0,0.0,17428.8359375,130.7590789794922,0.8877862095832825
1776176239213,1.0,0.0,17429.490234375,130.97671508789062,0.8879387974739075
1776176239234,1.0,0.0,17430.03515625,131.16041564941406,0.8881226181983948
1776176239253,1.0,0.0,17430.69140625,131.36732482910156,0.8882757425308228
1776176239273,1.0,0.0,17431.23828125,131.567626953125,0.8884610533714294
1776176239293,1.0,0.0,17432.443359375,131.74444580078125,0.8887977600097656
1776176239313,1.0,0.0,17433.1015625,131.94772338867188,0.8889527320861816
1776176239333,1.0,0.0,17433.650390625,132.1486358642578,0.8891381621360779
1776176239353,1.0,0.0,17434.310546875,132.32542419433594,0.8893231153488159
1776176239373,1.0,0.0,17434.970703125,132.52655029296875,0.889479398727417
1776176239393,1.0,0.0,17436.18359375,132.73570251464844,0.8898175358772278
1776176239413,1.0,0.0,17436.736328125,132.90025329589844,0.8900039196014404
1776176239434,1.0,0.0,17437.400390625,133.09231567382812,0.8901593685150146
1776176239453,1.0,0.0,17437.955078125,133.29287719726562,0.8903458118438721
1776176239473,1.0,0.0,17438.62109375,133.46237182617188,0.8905001878738403
1776176239493,1.0,0.0,17439.84375,133.66238403320312,0.8908755779266357
1776176239513,1.0,0.0,17440.51171875,133.8720703125,0.891033411026001
1776176239534,1.0,0.0,17441.068359375,134.0724334716797,0.8912200331687927
1776176239553,1.0,0.0,17441.73828125,134.24859619140625,0.8913776874542236
1776176239573,1.0,0.0,17442.296875,134.44912719726562,0.8915656805038452
1776176239593,1.0,0.0,17443.529296875,134.61117553710938,0.8919118046760559
1776176239613,1.0,0.0,17444.201171875,134.79974365234375,0.8920708894729614
1776176239633,1.0,0.0,17444.76171875,134.98779296875,0.892257809638977
1776176239653,1.0,0.0,17445.435546875,135.156494140625,0.8924475312232971
1776176239673,1.0,0.0,17446.111328125,135.36219787597656,0.8926039934158325
1776176239693,1.0,0.0,17447.23828125,135.57550048828125,0.8929525017738342
1776176239713,1.0,0.0,17447.916015625,135.7528533935547,0.8931421637535095
1776176239733,1.0,0.0,17448.59375,135.95030212402344,0.8933024406433105
1776176239753,1.0,0.0,17449.16015625,136.1312713623047,0.8934937715530396
1776176239773,1.0,0.0,17449.83984375,136.3037567138672,0.8936497569084167
1776176239793,1.0,0.0,17451.087890625,136.49349975585938,0.8940359354019165
1776176239813,1.0,0.0,17451.76953125,136.6853485107422,0.894195020198822
1776176239833,1.0,0.0,17452.337890625,136.8477325439453,0.8943859338760376
1776176239853,1.0,0.0,17453.021484375,137.0438690185547,0.8945451378822327
1776176239873,1.0,0.0,17453.591796875,137.23052978515625,0.894737184047699
1776176239893,1.0,0.0,17454.849609375,137.37847900390625,0.895089328289032
1776176239913,1.0,0.0,17455.537109375,137.56979370117188,0.8952484726905823
1776176239935,1.0,0.0,17456.109375,137.75888061523438,0.8954448103904724
1776176239953,0.9843499660491943,0.0,17456.796875,137.9309539794922,0.8956377506256104
1776176239973,0.6991999745368958,0.0,17457.486328125,138.1235809326172,0.8957995176315308
1776176239993,0.31744998693466187,0.0,17458.751953125,138.2463836669922,0.8961517810821533
1776176240013,0.0,0.0,17459.328125,138.25982666015625,0.8963489532470703
1776176240034,0.0,0.0,17460.01953125,138.18487548828125,0.8965081572532654
1776176240053,0.0,0.0,17460.595703125,138.08523559570312,0.8967010378837585
1776176240074,0.0,0.0,17461.287109375,137.99749755859375,0.8968631625175476
1776176240093,0.0,0.0,17462.55078125,137.88914489746094,0.8972499370574951
1776176240113,0.0,0.0,17463.240234375,137.77981567382812,0.8974096179008484
1776176240133,0.0,0.0,17463.814453125,137.6849822998047,0.8976050615310669
1776176240153,0.0,0.0,17464.501953125,137.57354736328125,0.8977643847465515
1776176240173,0.0,0.0028436467982828617,17465.07421875,137.46253967285156,0.897958517074585
1776176240193,0.0,0.1241873949766159,17466.333984375,137.36309814453125,0.8983119130134583
1776176240214,0.0,0.527914822101593,17467.01953125,137.1198272705078,0.8984729051589966
1776176240233,0.0,1.0,17467.591796875,136.57801818847656,0.8986632227897644
1776176240253,0.0,1.0,17468.275390625,135.96417236328125,0.8988547921180725
1776176240273,0.0,1.0,17468.95703125,135.21829223632812,0.8990143537521362
1776176240293,0.0,0.7968763709068298,17470.197265625,134.4964599609375,0.8993607759475708
1776176240313,0.0,0.7132585644721985,17470.7578125,133.6749725341797,0.8995476961135864
1776176240333,0.0,0.7132585644721985,17471.42578125,132.90228271484375,0.8997042775154114
1776176240353,0.0,0.7968763709068298,17471.98046875,132.13877868652344,0.8998923897743225
1776176240373,0.0,1.0,17472.642578125,131.43063354492188,0.900046169757843
1776176240393,0.0,1.0,17473.84765625,130.5463409423828,0.9004119038581848
1776176240413,0.0,1.0,17474.5,129.6527862548828,0.9005648493766785
1776176240434,0.0,1.0,17475.041015625,128.86053466796875,0.9007453322410583
1776176240453,0.0,1.0,17475.6875,127.96365356445312,0.900897204875946
1776176240474,0.0,1.0,17476.22265625,127.08030700683594,0.9010764956474304
1776176240494,0.0,1.0,17477.390625,126.1122055053711,0.9014006853103638
1776176240513,0.0,1.0,17478.0234375,125.28247833251953,0.9015783667564392
1776176240533,0.0,1.0,17478.65234375,124.37706756591797,0.9017245769500732
1776176240553,0.0,1.0,17479.171875,123.62539672851562,0.9018988609313965
1776176240573,0.0,1.0,17479.79296875,122.662841796875,0.9020425081253052
1776176240593,0.0,1.0,17480.921875,121.75570678710938,0.9023568034172058
1776176240613,0.0,1.0,17481.4296875,120.99739837646484,0.9025271534919739
1776176240633,0.0,1.0,17482.037109375,120.1685791015625,0.9026687741279602
1776176240653,0.0,1.0,17482.5390625,119.28868103027344,0.9028365015983582
1776176240673,0.0,1.0,17483.138671875,118.54393005371094,0.9030042290687561
1776176240693,0.0,1.0,17484.228515625,117.69312286376953,0.9033077359199524
1776176240713,0.0,1.0,17484.818359375,116.85000610351562,0.9034447073936462
1776176240734,0.0,1.0,17485.306640625,116.11414337158203,0.9036091566085815
1776176240753,0.0,1.0,17485.888671875,115.22908020019531,0.903745710849762
1776176240773,0.0,1.0,17486.37109375,114.37921142578125,0.903907299041748
1776176240793,0.0,1.0,17487.423828125,113.60550689697266,0.9042035937309265
1776176240813,0.0,1.0,17487.9921875,112.70372772216797,0.9043330550193787
1776176240835,0.0,1.0,17488.462890625,111.84859466552734,0.9044918417930603
1776176240855,0.0,1.0,17489.025390625,110.9826431274414,0.9046228528022766
1776176240874,0.0,1.0,17489.490234375,110.27059173583984,0.9047781825065613
1776176240893,0.0,1.0,17490.595703125,109.4390640258789,0.9050626754760742
1776176240913,0.0,1.0,17491.052734375,108.74199676513672,0.905217170715332
1776176240934,0.0,1.0,17491.59765625,107.97703552246094,0.905343234539032
1776176240953,0.0,1.0,17492.048828125,107.15189361572266,0.9054954051971436
1776176240974,0.0,1.0,17492.587890625,106.4689712524414,0.9056451320648193
1776176240993,0.0,1.0,17493.56640625,105.64652252197266,0.905920684337616
1776176241013,0.0,1.0,17494.095703125,104.86881256103516,0.906042754650116
1776176241034,0.0,1.0,17494.533203125,104.1494140625,0.9061916470527649
1776176241053,0.0,1.0,17495.056640625,103.3397445678711,0.9063136577606201
1776176241073,0.0,1.0,17495.490234375,102.48702239990234,0.9064579606056213
1776176241093,0.0,1.0,17496.43359375,101.77954864501953,0.9067209959030151
1776176241113,0.0,1.0,17496.943359375,100.9392318725586,0.906865656375885
1776176241134,0.0,1.0,17497.44921875,100.0756607055664,0.9069825410842896
1776176241153,0.0,1.0,17497.869140625,99.38218688964844,0.907122790813446
1776176241173,0.0,1.0,17498.369140625,98.54808044433594,0.9072390198707581
1776176241193,0.0,1.0,17499.275390625,97.76160430908203,0.9074932932853699
1776176241213,0.0,1.0,17499.68359375,97.0228271484375,0.9076300859451294
1776176241234,0.0,1.0,17500.169921875,96.19965362548828,0.9077450037002563
1776176241253,0.0,0.9284524321556091,17500.572265625,95.2856216430664,0.9078792333602905
1776176241273,0.0,0.7968763709068298,17501.052734375,94.56553649902344,0.9080132246017456
1776176241293,0.0,0.6577082872390747,17501.923828125,93.83055877685547,0.9082560539245605
1776176241313,0.0,0.5464999675750732,17502.39453125,93.1687240600586,0.908365786075592
1776176241334,0.0,0.4337609112262726,17502.783203125,92.59595489501953,0.9084951281547546
1776176241353,0.0,0.36630862951278687,17503.248046875,92.0011978149414,0.9086044430732727
1776176241373,0.0,0.3131811320781708,17503.6328125,91.50635528564453,0.9087337255477905
1776176241393,0.0,0.24967923760414124,17504.4765625,91.12812042236328,0.9089688658714294
1776176241413,0.0,0.1873987913131714,17504.93359375,90.75052642822266,0.9090961813926697
1776176241434,0.0,0.14793184399604797,17505.388671875,90.42098999023438,0.9092028737068176
1776176241453,0.0,0.12104549258947372,17505.767578125,90.13072967529297,0.9093302488327026
1776176241473,0.0,0.09270945191383362,17506.220703125,89.85526275634766,0.9094348549842834
1776176241493,0.0,0.07600020617246628,17507.048828125,89.6108169555664,0.9096664190292358
1776176241513,0.0,0.047383863478899,17507.423828125,89.41805267333984,0.9097914099693298
1776176241534,0.0,0.0034974997397512197,17507.873046875,89.21636962890625,0.9098953008651733
1776176241553,0.0,0.0,17508.24609375,89.04776763916016,0.9100201725959778
1776176241573,0.0,0.0,17508.693359375,88.91495513916016,0.9101449847221375
1776176241593,0.0,0.0,17509.509765625,88.76091003417969,0.910373866558075
1776176241613,0.0,0.0,17509.955078125,88.60424041748047,0.9104779362678528
1776176241634,0.0,0.0,17510.32421875,88.46955871582031,0.9106009006500244
1776176241653,0.0,0.0,17510.767578125,88.31497955322266,0.9107046127319336
1776176241673,0.0,0.0,17511.13671875,88.16151428222656,0.9108293652534485
1776176241694,0.0,0.0,17511.9453125,88.02882385253906,0.9110552668571472
1776176241713,0.0,0.0,17512.384765625,87.8705825805664,0.91115802526474
1776176241734,0.0,0.0,17512.751953125,87.70614624023438,0.9112812280654907
1776176241753,0.11505001783370972,0.0,17513.19140625,87.56372833251953,0.9114041924476624
1776176241773,0.23805001378059387,0.0,17513.62890625,87.42610168457031,0.9115064740180969
1776176241795,0.32534998655319214,0.0,17514.431640625,87.2993392944336,0.9117311239242554
1776176241813,0.37299999594688416,0.0,17514.794921875,87.1942367553711,0.9118543267250061
1776176241835,0.42454999685287476,0.0,17515.23046875,87.1013412475586,0.9119564890861511
1776176241853,0.44440001249313354,0.0,17515.59375,87.05632781982422,0.9120775461196899
1776176241873,0.44440001249313354,0.0,17516.029296875,87.02372741699219,0.912180483341217
1776176241893,0.4325000047683716,0.0,17516.828125,87.00494384765625,0.9124234914779663
1776176241915,0.40869998931884766,0.0,17517.263671875,87.00497436523438,0.9125252962112427
1776176241934,0.37299999594688416,0.0,17517.626953125,87.00565338134766,0.9126465916633606
1776176241953,0.33329999446868896,0.0,17518.0625,87.00322723388672,0.9127485752105713
1776176241973,0.2857000231742859,0.0,17518.42578125,86.97325134277344,0.9128702878952026
1776176241993,0.2459999918937683,0.0,17519.224609375,86.92858123779297,0.9130944013595581
1776176242013,0.20235002040863037,0.0,17519.66015625,86.86248779296875,0.9132159948348999
1776176242033,0.1746000051498413,0.0,17520.021484375,86.7925796508789,0.9133179187774658
1776176242053,0.15870001912117004,0.0,17520.455078125,86.71306610107422,0.9134393334388733
1776176242073,0.14680001139640808,0.0,17520.888671875,86.62413787841797,0.9135407209396362
1776176242093,0.14680001139640808,0.0,17521.68359375,86.52242279052734,0.9137638211250305
1776176242115,0.15080001950263977,0.0,17522.044921875,86.41970825195312,0.9138854742050171
1776176242135,0.16269999742507935,0.0,17522.4765625,86.30330657958984,0.9139864444732666
1776176242154,0.17059999704360962,0.0,17522.8359375,86.20397186279297,0.9141073226928711
1776176242173,0.1904500126838684,0.0,17523.267578125,86.10796356201172,0.9142085909843445
1776176242193,0.21424999833106995,0.0,17524.056640625,85.99608612060547,0.9144508242607117
1776176242213,0.23805001378059387,0.0,17524.486328125,85.88925170898438,0.9145517349243164
1776176242234,0.25394999980926514,0.0,17524.84375,85.79169464111328,0.9146723747253418
1776176242253,0.27775001525878906,0.0,17525.2734375,85.68254089355469,0.9147727489471436
1776176242273,0.29760000109672546,0.0,17525.630859375,85.59224700927734,0.9148924946784973
1776176242293,0.31744998693466187,0.0,17526.4140625,85.48423767089844,0.915112316608429
1776176242313,0.3372499942779541,0.0,17526.841796875,85.39183807373047,0.9152122139930725
1776176242333,0.361050009727478,0.0,17527.197265625,85.32638549804688,0.9153319001197815
1776176242353,0.38089999556541443,0.0,17527.623046875,85.2845458984375,0.9154536128044128
1776176242373,0.41659998893737793,0.0,17528.048828125,85.22938537597656,0.9155519008636475
1776176242393,0.4562999904155731,0.0,17528.830078125,85.19174194335938,0.9157717823982239
1776176242413,0.492000013589859,0.0,17529.185546875,85.17517852783203,0.9158934354782104
1776176242434,0.5077999830245972,0.0,17529.611328125,85.16780853271484,0.9160121083259583
1776176242453,0.5234500169754028,0.0,17529.966796875,85.16999053955078,0.9161124229431152
1776176242473,0.5390499830245972,0.0,17530.392578125,85.18165588378906,0.9162319302558899
1776176242493,0.5586000084877014,0.0,17531.173828125,85.21136474609375,0.9164512157440186
1776176242513,0.5702999830245972,0.0,17531.599609375,85.24259948730469,0.9165506958961487
1776176242534,0.5741999745368958,0.0,17531.955078125,85.28217315673828,0.9166713356971741
1776176242553,0.5780999660491943,0.0,17532.380859375,85.31478118896484,0.9167720079421997
1776176242573,0.5820499658584595,0.0,17532.736328125,85.35384368896484,0.9168924689292908
1776176242593,0.5859500169754028,0.0,17533.517578125,85.37621307373047,0.9171136617660522
1776176242613,0.5859500169754028,0.0,17533.9453125,85.40239715576172,0.9172136783599854
1776176242634,0.5859500169754028,0.0,17534.30078125,85.43071746826172,0.9173352122306824
1776176242653,0.5859500169754028,0.0,17534.728515625,85.46500396728516,0.9174555540084839
1776176242674,0.5859500169754028,0.0,17535.15625,85.50762939453125,0.9175547361373901
1776176242693,0.5859500169754028,0.0,17535.939453125,85.54460906982422,0.9177749156951904
1776176242713,0.5859500169754028,0.0,17536.294921875,85.5927963256836,0.9178969264030457
1776176242734,0.5780999660491943,0.0,17536.72265625,85.64488983154297,0.9179962277412415
1776176242753,0.5780999660491943,0.0,17537.080078125,85.69110870361328,0.9181172251701355
1776176242773,0.5780999660491943,0.0,17537.5078125,85.72189331054688,0.9182377457618713
1776176242793,0.5780999660491943,0.0,17538.29296875,85.76184844970703,0.9184619188308716
1776176242814,0.5780999660491943,0.0,17538.720703125,85.80918884277344,0.9185629487037659
1776176242835,0.5820499658584595,0.0,17539.078125,85.84954071044922,0.9186857342720032
1776176242853,0.5820499658584595,0.0,17539.5078125,85.87942504882812,0.9187846779823303
1776176242873,0.5859500169754028,0.0,17539.865234375,85.91650390625,0.9189062714576721
1776176242893,0.5859500169754028,0.0,17540.65234375,85.93632507324219,0.9191282391548157
1776176242913,0.5859500169754028,0.0,17541.08203125,85.95634460449219,0.9192519783973694
1776176242934,0.5820499658584595,0.0,17541.51171875,85.9819564819336,0.919353187084198
1776176242955,0.5780999660491943,0.0,17541.869140625,86.0103759765625,0.9194734692573547
1776176242975,0.5780999660491943,0.0,17542.298828125,86.04638671875,0.9195756912231445
1776176242993,0.5780999660491943,0.0,17543.087890625,86.074951171875,0.9197971224784851
1776176243013,0.5780999660491943,0.0,17543.447265625,86.09967041015625,0.9199196696281433
1776176243034,0.5780999660491943,0.0,17543.876953125,86.12939453125,0.9200206398963928
1776176243053,0.5780999660491943,0.0,17544.236328125,86.15809631347656,0.9201405644416809
1776176243073,0.5780999660491943,0.0,17544.66796875,86.18656158447266,0.9202642440795898
1776176243093,0.5780999660491943,0.0,17545.458984375,86.2213134765625,0.9204890727996826
1776176243113,0.5741999745368958,0.0,17545.890625,86.26720428466797,0.9205915331840515
1776176243134,0.5625,0.0,17546.25,86.31307220458984,0.9207131266593933
1776176243153,0.5468500256538391,0.0,17546.681640625,86.33753204345703,0.9208152890205383
1776176243173,0.5351499915122986,0.0,17547.041015625,86.356689453125,0.9209386110305786
1776176243193,0.5273500084877014,0.0,17547.83203125,86.36924743652344,0.9211397767066956
1776176243213,0.5273500084877014,0.0,17548.19140625,86.37045288085938,0.9212629199028015
1776176243234,0.5273500084877014,0.0,17548.623046875,86.36549377441406,0.9213843941688538
1776176243253,0.53125,0.0,17549.0546875,86.36802673339844,0.9214855432510376
1776176243273,0.5390499830245972,0.0,17549.4140625,86.37630462646484,0.9216106534004211
1776176243293,0.5390499830245972,0.0,17550.27734375,86.39013671875,0.9218319058418274
1776176243313,0.5390499830245972,0.0,17550.63671875,86.39944458007812,0.9219548106193542
1776176243334,0.5390499830245972,0.0,17551.068359375,86.42134094238281,0.922057032585144
1776176243353,0.53125,0.0,17551.427734375,86.44978332519531,0.9221773743629456
1776176243373,0.5273500084877014,0.0,17551.859375,86.47823333740234,0.9222998023033142
1776176243393,0.5077999830245972,0.0,17552.650390625,86.49695587158203,0.9225237369537354
1776176243413,0.49994999170303345,0.0,17553.08203125,86.50689697265625,0.9226269721984863
1776176243433,0.46024999022483826,0.0,17553.443359375,86.51094055175781,0.9227488040924072
1776176243453,0.3968000113964081,0.0,17553.875,86.49810791015625,0.9228488802909851
1776176243473,0.3372499942779541,0.0,17554.234375,86.46522521972656,0.9229710102081299
1776176243495,0.2857000231742859,0.0,17555.025390625,86.41490936279297,0.9231954216957092
1776176243513,0.25394999980926514,0.0,17555.45703125,86.34894561767578,0.9233173131942749
1776176243533,0.23805001378059387,0.0,17555.888671875,86.24392700195312,0.9234187602996826
1776176243553,0.21825000643730164,0.0,17556.248046875,86.1473159790039,0.9235394597053528
1776176243573,0.2102999985218048,0.0,17556.6796875,86.03373718261719,0.9236407279968262
1776176243593,0.21424999833106995,0.0,17557.46875,85.92659759521484,0.9238628149032593
1776176243614,0.22220000624656677,0.0,17557.826171875,85.82220458984375,0.9239833354949951
1776176243633,0.23410001397132874,0.0,17558.255859375,85.67852020263672,0.9241029620170593
1776176243653,0.24204999208450317,0.0,17558.68359375,85.56272888183594,0.9242034554481506
1776176243673,0.2459999918937683,0.0,17559.041015625,85.48397064208984,0.9243229031562805
1776176243693,0.2459999918937683,0.0,17559.82421875,85.39075469970703,0.9245426654815674
1776176243713,0.24994999170303345,0.0,17560.251953125,85.2861328125,0.9246429800987244
1776176243735,0.26190000772476196,0.0,17560.607421875,85.18876647949219,0.9247623085975647
1776176243753,0.2738000154495239,0.0,17561.033203125,85.10716247558594,0.9248622059822083
1776176243773,0.30550000071525574,0.0,17561.388671875,85.0164566040039,0.9249812364578247
1776176243793,0.33329999446868896,0.0,17562.16796875,84.93695831298828,0.9251995086669922
1776176243814,0.37299999594688416,0.0,17562.591796875,84.87005615234375,0.9253170490264893
1776176243833,0.4205999970436096,0.0,17563.015625,84.82118225097656,0.9254147410392761
1776176243853,0.46424999833106995,0.0,17563.369140625,84.80215454101562,0.9255345463752747
1776176243874,0.5,0.0,17563.79296875,84.7969970703125,0.9256334900856018
1776176243894,0.5077999830245972,0.0,17564.5703125,84.81465148925781,0.9258500337600708
1776176243915,0.5156000256538391,0.0,17564.923828125,84.84111785888672,0.9259697794914246
1776176243933,0.5116999745368958,0.0,17565.34765625,84.86448669433594,0.926086962223053
1776176243954,0.5077999830245972,0.0,17565.771484375,84.89106750488281,0.9261832237243652
1776176243973,0.5038999915122986,0.0,17566.125,84.91324615478516,0.9263023734092712
1776176243993,0.5,0.0,17566.90234375,84.93778991699219,0.9265169501304626
1776176244013,0.4959999918937683,0.0,17567.326171875,84.95555877685547,0.9266178607940674
1776176244035,0.48010000586509705,0.0,17567.6796875,84.96922302246094,0.9267358779907227
1776176244053,0.4721499979496002,0.0,17568.10546875,84.98465728759766,0.9268344640731812
1776176244073,0.4681999981403351,0.0,17568.458984375,84.98464965820312,0.9269528985023499
1776176244094,0.46424999833106995,0.0,17569.23828125,84.9801025390625,0.9271702170372009
1776176244113,0.46424999833106995,0.0,17569.6640625,84.97026824951172,0.9272680878639221
1776176244134,0.46424999833106995,0.0,17570.017578125,84.96400451660156,0.9273891448974609
1776176244153,0.46024999022483826,0.0,17570.443359375,84.96509552001953,0.9275054931640625
1776176244174,0.46024999022483826,0.0,17570.869140625,84.95820617675781,0.9276025295257568
1776176244193,0.46024999022483826,0.0,17571.6484375,84.96296691894531,0.9278395175933838
1776176244214,0.46024999022483826,0.0,17572.07421875,84.96963500976562,0.9279364943504333
1776176244233,0.46024999022483826,0.0,17572.427734375,84.97628021240234,0.9280565977096558
1776176244253,0.46024999022483826,0.0,17572.8515625,84.98511505126953,0.928154468536377
1776176244273,0.46024999022483826,0.0,17573.205078125,84.99365997314453,0.9282712340354919
1776176244293,0.46024999022483826,0.0,17573.982421875,84.9959487915039,0.9284871816635132
1776176244313,0.46024999022483826,0.0,17574.40625,84.99458312988281,0.9285851120948792
1776176244334,0.46024999022483826,0.0,17574.759765625,84.98970794677734,0.92870032787323
1776176244353,0.46024999022483826,0.0,17575.18359375,84.98686218261719,0.9288197159767151
1776176244373,0.4681999981403351,0.0,17575.607421875,84.98271942138672,0.9289189577102661
1776176244393,0.4681999981403351,0.0,17576.384765625,84.97085571289062,0.9291352033615112
1776176244413,0.4681999981403351,0.0,17576.73828125,84.95443725585938,0.9292524456977844
1776176244433,0.4681999981403351,0.0,17577.162109375,84.93895721435547,0.9293491840362549
1776176244453,0.46024999022483826,0.0,17577.515625,84.92821502685547,0.9294661283493042
1776176244473,0.46024999022483826,0.0,17577.939453125,84.91451263427734,0.9295669794082642
1776176244493,0.46024999022483826,0.0,17578.716796875,84.89682006835938,0.9298005104064941
1776176244513,0.46024999022483826,0.0,17579.140625,84.887451171875,0.9298993349075317
1776176244535,0.4681999981403351,0.0,17579.494140625,84.87333679199219,0.9300159811973572
1776176244554,0.4761500060558319,0.0,17579.91796875,84.86042785644531,0.9301130771636963
1776176244573,0.48805001378059387,0.0,17580.271484375,84.85250854492188,0.9302297234535217
1776176244593,0.4959999918937683,0.0,17581.048828125,84.85543823242188,0.9304460287094116
1776176244613,0.5,0.0,17581.47265625,84.85893249511719,0.9305418729782104
1776176244634,0.5038999915122986,0.0,17581.826171875,84.86274719238281,0.9306626915931702
1776176244653,0.5077999830245972,0.0,17582.25,84.86844635009766,0.9307589530944824
1776176244674,0.5116999745368958,0.0,17582.603515625,84.87728118896484,0.9308748245239258
1776176244693,0.5156000256538391,0.0,17583.380859375,84.88601684570312,0.9310908317565918
1776176244713,0.5195500254631042,0.0,17583.8046875,84.89275360107422,0.9312068223953247
1776176244736,0.5273500084877014,0.0,17584.228515625,84.91751098632812,0.931323766708374
1776176244753,0.5351499915122986,0.0,17584.65234375,84.94174194335938,0.9314220547676086
1776176244773,0.5547000169754028,0.0,17585.005859375,84.9633560180664,0.9315405488014221
1776176244793,0.5741999745368958,0.0,17585.4296875,84.99080657958984,0.9316380620002747
1776176244814,0.5859500169754028,0.0,17586.208984375,85.02595520019531,0.9318739771842957
1776176244835,0.6015499830245972,0.0,17586.634765625,85.07801055908203,0.9319701790809631
1776176244853,0.6172000169754028,0.0,17586.98828125,85.11237335205078,0.9320891499519348
1776176244873,0.6288999915122986,0.0,17587.34375,85.16614532470703,0.9321880340576172
1776176244893,0.6445499658584595,0.0,17587.76953125,85.25182342529297,0.9323023557662964
1776176244913,0.65625,0.0,17588.55078125,85.34455871582031,0.932522177696228
1776176244934,0.6601499915122986,0.0,17588.978515625,85.44116973876953,0.932619035243988
1776176244954,0.6601499915122986,0.0,17589.333984375,85.53831481933594,0.9327372908592224
1776176244975,0.6601499915122986,0.0,17589.76171875,85.66256713867188,0.9328349232673645
1776176244993,0.6601499915122986,0.0,17590.119140625,85.76590728759766,0.9329547882080078
1776176245014,0.6601499915122986,0.0,17590.904296875,85.88676452636719,0.9331741333007812
1776176245033,0.6601499915122986,0.0,17591.333984375,85.99777221679688,0.9332910776138306
1776176245054,0.6601499915122986,0.0,17591.763671875,86.09805297851562,0.9333931803703308
1776176245073,0.6523500084877014,0.0,17592.12109375,86.2136459350586,0.9335095882415771
1776176245093,0.6523500084877014,0.0,17592.55078125,86.31976318359375,0.933610737323761
1776176245114,0.6523500084877014,0.0,17593.341796875,86.41117095947266,0.9338490962982178
1776176245134,0.6523500084877014,0.0,17593.701171875,86.51665496826172,0.9339492917060852
1776176245153,0.6523500084877014,0.0,17594.1328125,86.61737823486328,0.9340510964393616
1776176245174,0.6523500084877014,0.0,17594.494140625,86.7080307006836,0.9341675043106079
1776176245193,0.6523500084877014,0.0,17594.927734375,86.82064819335938,0.9342901706695557
1776176245215,0.6523500084877014,0.0,17595.72265625,86.93975830078125,0.9345095157623291
1776176245235,0.6601499915122986,0.0,17596.15625,87.05841827392578,0.9346091747283936
1776176245253,0.6601499915122986,0.0,17596.51953125,87.16461181640625,0.9347310066223145
1776176245273,0.6601499915122986,0.0,17596.955078125,87.28789520263672,0.934851884841919
1776176245293,0.6601499915122986,0.0,17597.390625,87.39545440673828,0.9349522590637207
1776176245315,0.6601499915122986,0.0,17598.19140625,87.53163146972656,0.9351756572723389
1776176245335,0.6601499915122986,0.0,17598.556640625,87.63651275634766,0.9352981448173523
1776176245353,0.6601499915122986,0.0,17598.994140625,87.73314666748047,0.9353979825973511
1776176245375,0.6601499915122986,0.0,17599.359375,87.85084533691406,0.9355204701423645
1776176245393,0.6601499915122986,0.0,17599.798828125,87.97451782226562,0.9356234073638916
1776176245413,0.6601499915122986,0.0,17600.603515625,88.08001708984375,0.935867428779602
1776176245434,0.6601499915122986,0.0,17601.04296875,88.20640563964844,0.9359683990478516
1776176245453,0.6601499915122986,0.0,17601.41015625,88.31763458251953,0.9360923767089844
1776176245473,0.65625,0.0,17601.8515625,88.4255142211914,0.936194121837616
1776176245493,0.65625,0.0,17602.21875,88.55558013916016,0.9363177418708801
1776176245514,0.65625,0.0,17603.029296875,88.69541931152344,0.936543881893158
1776176245533,0.6523500084877014,0.0,17603.47265625,88.81272888183594,0.9366462826728821
1776176245553,0.6523500084877014,0.0,17603.841796875,88.92881774902344,0.9367706775665283
1776176245573,0.6757999658584595,0.0,17604.28515625,89.05669403076172,0.9368944764137268
1776176245593,0.7226499915122986,0.0,17604.65625,89.17196655273438,0.9369968771934509
1776176245613,0.7851499915122986,0.0,17605.546875,89.32325744628906,0.937225878238678
1776176245634,0.8398499488830566,0.0,17605.91796875,89.50687408447266,0.9373510479927063
1776176245653,0.8867000341415405,0.0,17606.365234375,89.66947174072266,0.9374557137489319
1776176245675,0.9375,0.0,17606.73828125,89.86548614501953,0.9375801682472229
1776176245693,0.9726499915122986,0.0,17607.1875,90.0992202758789,0.9376851916313171
1776176245713,1.0,0.0,17608.013671875,90.3415756225586,0.9379162788391113
1776176245735,1.0,0.0,17608.390625,90.66128540039062,0.9380427598953247
1776176245754,1.0,0.0,17608.84375,90.89423370361328,0.9381486773490906
1776176245775,1.0,0.0,17609.22265625,91.18663024902344,0.9382753968238831
1776176245793,1.0,0.0,17609.677734375,91.42637634277344,0.9384034276008606
1776176245814,1.0,0.0,17610.515625,91.71147155761719,0.938616931438446
1776176245834,1.0,0.0,17610.896484375,91.94265747070312,0.9387461543083191
1776176245853,1.0,0.0,17611.35546875,92.23086547851562,0.9388749599456787
1776176245874,1.0,0.0,17611.81640625,92.5189437866211,0.9390038847923279
1776176245893,1.0,0.0,17612.27734375,92.75486755371094,0.9391125440597534
1776176245913,1.0,0.0,17613.126953125,93.0279312133789,0.9393510818481445
1776176245933,1.0,0.0,17613.513671875,93.32696533203125,0.9394825100898743
1776176245953,1.0,0.0,17613.98046875,93.58326721191406,0.9395914673805237
1776176245973,1.0,0.0,17614.369140625,93.87796783447266,0.9397217631340027
1776176245993,1.0,0.0,17614.837890625,94.16166687011719,0.9398324489593506
1776176246013,1.0,0.0,17615.69921875,94.39747619628906,0.9400752782821655
1776176246034,1.0,0.0,17616.091796875,94.68550109863281,0.9402088522911072
1776176246053,1.0,0.0,17616.564453125,94.964599609375,0.9403413534164429
1776176246073,1.0,0.0,17617.0390625,95.21951293945312,0.9404518008232117
1776176246094,1.0,0.0,17617.435546875,95.515625,0.9405882358551025
1776176246113,1.0,0.0,17618.310546875,95.80530548095703,0.940834641456604
1776176246134,1.0,0.0,17618.7890625,96.09076690673828,0.9409453868865967
1776176246153,1.0,0.0,17619.189453125,96.31929016113281,0.9410809278488159
1776176246173,1.0,0.0,17619.669921875,96.59574127197266,0.9412180185317993
1776176246193,1.0,0.0,17620.072265625,96.85858917236328,0.9413323998451233
1776176246213,1.0,0.0,17621.0390625,97.18395233154297,0.9415820240974426
1776176246234,1.0,0.0,17621.443359375,97.4920654296875,0.9417187571525574
1776176246253,1.0,0.0,17621.9296875,97.7477798461914,0.9418314099311829
1776176246275,1.0,0.0,17622.3359375,98.07770538330078,0.9419702887535095
1776176246294,1.0,0.0,17622.826171875,98.33443450927734,0.9420858025550842
1776176246313,1.0,0.0,17623.7265625,98.5885009765625,0.942365288734436
1776176246333,1.0,0.0,17624.21875,98.8761978149414,0.942481279373169
1776176246353,1.0,0.0,17624.630859375,99.15361785888672,0.9426220059394836
1776176246373,1.0,0.0,17625.125,99.39712524414062,0.942739725112915
1776176246393,1.0,0.0,17625.5390625,99.69068908691406,0.9428809881210327
1776176246413,1.0,0.0,17626.453125,99.98064422607422,0.9431391358375549
1776176246435,1.0,0.0,17626.953125,100.27490234375,0.943256676197052
1776176246453,1.0,0.0,17627.37109375,100.53520965576172,0.9433983564376831
1776176246474,1.0,0.0,17627.873046875,100.82380676269531,0.9435429573059082
1776176246493,1.0,0.0,17628.376953125,101.07636260986328,0.9436606764793396
1776176246513,1.0,0.0,17629.302734375,101.36819458007812,0.9439244270324707
1776176246534,1.0,0.0,17629.724609375,101.65292358398438,0.9440672993659973
1776176246554,1.0,0.0,17630.232421875,101.93897247314453,0.9441875219345093
1776176246575,1.0,0.0,17630.65625,102.2143325805664,0.9443351030349731
1776176246593,1.0,0.0,17631.166015625,102.45172882080078,0.9444549083709717
1776176246613,1.0,0.0,17632.103515625,102.69486999511719,0.9447479844093323
1776176246634,1.0,0.0,17632.6171875,102.98876953125,0.944870114326477
1776176246654,1.0,0.0,17633.044921875,103.27106475830078,0.9450168013572693
1776176246673,1.0,0.0,17633.560546875,103.49629974365234,0.9451379179954529
1776176246693,1.0,0.0,17633.990234375,103.76862335205078,0.9452860355377197
1776176246713,1.0,0.0,17634.939453125,104.05036163330078,0.945557177066803
1776176246734,1.0,0.0,17635.458984375,104.28833770751953,0.9457064270973206
1776176246753,1.0,0.0,17635.98046875,104.55638885498047,0.9458298683166504
1776176246773,1.0,0.0,17636.416015625,104.82119750976562,0.9459782838821411
1776176246794,1.0,0.0,17636.939453125,105.08622741699219,0.9461028575897217
1776176246813,1.0,0.0,17637.90234375,105.31368255615234,0.9463769197463989
1776176246833,1.0,0.0,17638.33984375,105.57605743408203,0.9465285539627075
1776176246853,1.0,0.0,17638.8671875,105.81208038330078,0.9466789960861206
1776176246874,1.0,0.0,17639.396484375,106.07376861572266,0.94680255651474
1776176246893,1.0,0.0,17639.837890625,106.35091400146484,0.9469542503356934
1776176246913,1.0,0.0,17640.8125,106.58731842041016,0.9472315311431885
1776176246934,1.0,0.0,17641.345703125,106.85250091552734,0.947356641292572
1776176246953,1.0,0.0,17641.791015625,107.09844207763672,0.9475082755088806
1776176246974,1.0,0.0,17642.326171875,107.35027313232422,0.9476354718208313
1776176246993,1.0,0.0,17642.771484375,107.58479309082031,0.9477884769439697
1776176247013,1.0,0.0,17643.755859375,107.85600280761719,0.9480664134025574
1776176247034,1.0,0.0,17644.294921875,108.08867645263672,0.9482197761535645
1776176247054,1.0,0.0,17644.833984375,108.35356140136719,0.9483468532562256
1776176247073,1.0,0.0,17645.28515625,108.6006088256836,0.9485000967979431
1776176247093,1.0,0.0,17645.826171875,108.80946350097656,0.9486262798309326
1776176247113,1.0,0.0,17646.822265625,109.0767822265625,0.9489068984985352
1776176247134,1.0,0.0,17647.275390625,109.33836364746094,0.9490612149238586
1776176247153,1.0,0.0,17647.8203125,109.54798889160156,0.9491904377937317
1776176247173,1.0,0.0,17648.275390625,109.7947006225586,0.9493448734283447
1776176247193,1.0,0.0,17648.822265625,110.04016876220703,0.9494989514350891
1776176247213,1.0,0.0,17649.830078125,110.25591278076172,0.9497824907302856
1776176247233,1.0,0.0,17650.380859375,110.5232925415039,0.9499111771583557
1776176247253,1.0,0.0,17650.841796875,110.7896728515625,0.9500662684440613
1776176247273,1.0,0.0,17651.39453125,111.01290893554688,0.9501954913139343
1776176247293,1.0,0.0,17651.857421875,111.27471923828125,0.9503515362739563
1776176247313,1.0,0.0,17652.875,111.51840209960938,0.9506383538246155
1776176247334,1.0,0.0,17653.431640625,111.71958923339844,0.9507951140403748
1776176247353,1.0,0.0,17653.990234375,111.97370910644531,0.9509255290031433
1776176247373,1.0,0.0,17654.45703125,112.20658111572266,0.9510822892189026
1776176247393,1.0,0.0,17655.017578125,112.4144058227539,0.9512134194374084
1776176247413,1.0,0.0,17656.046875,112.64073944091797,0.9515023231506348
1776176247434,1.0,0.0,17656.515625,112.88858032226562,0.9516600966453552
1776176247453,1.0,0.0,17657.080078125,113.1114730834961,0.9517922401428223
1776176247473,1.0,0.0,17657.55078125,113.33153533935547,0.9519503116607666
1776176247494,1.0,0.0,17658.115234375,113.51685333251953,0.9520831108093262
1776176247513,1.0,0.0,17659.154296875,113.64534759521484,0.9524002075195312
1776176247534,1.0,0.0,17659.72265625,113.84977722167969,0.9525328874588013
1776176247553,1.0,0.0,17660.197265625,114.09642028808594,0.9526922702789307
1776176247573,1.0,0.0,17660.767578125,114.4343032836914,0.9528255462646484
1776176247593,1.0,0.0,17661.2421875,114.66390228271484,0.9529862403869629
1776176247613,1.0,0.0,17662.29296875,114.87490844726562,0.9532806277275085
1776176247635,1.0,0.0,17662.8671875,115.05604553222656,0.9534412622451782
1776176247653,1.0,0.0,17663.44140625,115.24359893798828,0.9535751342773438
1776176247673,1.0,0.0,17663.921875,115.52745819091797,0.953736424446106
1776176247693,1.0,0.0,17664.498046875,115.76819610595703,0.9538713693618774
1776176247713,1.0,0.0,17665.556640625,115.96519470214844,0.9541686773300171
1776176247733,1.0,0.0,17666.0390625,116.15982818603516,0.9543310403823853
1776176247753,1.0,0.0,17666.619140625,116.34622955322266,0.9544664621353149
1776176247773,1.0,0.0,17667.103515625,116.5722885131836,0.9546292424201965
1776176247793,1.0,0.0,17667.685546875,116.82427215576172,0.9547924995422363
1776176247813,1.0,0.0,17668.75390625,117.0067367553711,0.9550922513008118
1776176247833,1.0,0.0,17669.337890625,117.20531463623047,0.9552293419837952
1776176247853,1.0,0.0,17669.826171875,117.4061508178711,0.9553936123847961
1776176247873,1.0,0.0,17670.412109375,117.61988830566406,0.9555305242538452
1776176247893,1.0,0.0,17670.90234375,117.89978790283203,0.955695390701294
1776176247913,1.0,0.0,17672.080078125,118.19036865234375,0.9559979438781738
1776176247934,1.0,0.0,17672.572265625,118.43766784667969,0.9561629295349121
1776176247953,1.0,0.0,17673.1640625,118.59224700927734,0.9563005566596985
1776176247973,1.0,0.0,17673.658203125,118.79300689697266,0.9564669728279114
1776176247993,1.0,0.0,17674.251953125,119.00988006591797,0.9566047787666321
1776176248013,1.0,0.0,17675.341796875,119.24911499023438,0.9569112062454224
1776176248033,1.0,0.0,17675.837890625,119.49993896484375,0.9570785760879517
1776176248053,1.0,0.0,17676.435546875,119.67019653320312,0.957245945930481
1776176248073,1.0,0.0,17677.033203125,119.86257934570312,0.9573853611946106
1776176248093,1.0,0.0,17677.53125,120.06340026855469,0.9575528502464294
1776176248113,1.0,0.0,17678.630859375,120.22390747070312,0.9578608274459839
1776176248134,1.0,0.0,17679.232421875,120.17491149902344,0.9580013751983643
1776176248153,1.0,0.0,17679.732421875,120.10968780517578,0.9581697583198547
1776176248173,1.0,0.0,17680.33203125,120.22160339355469,0.9583103060722351
1776176248193,1.0,0.0,17680.83203125,120.38140869140625,0.9584784507751465
1776176248213,1.0,0.0,17682.03515625,120.57898712158203,0.9587873220443726
1776176248234,1.0,0.0,17682.537109375,120.65575408935547,0.9589563608169556
1776176248253,1.0,0.0,17683.140625,120.59735870361328,0.9590972065925598
1776176248274,1.0,0.0,17683.642578125,120.57886505126953,0.9592668414115906
1776176248293,1.0,0.0,17684.24609375,120.74036407470703,0.9594072103500366
1776176248313,1.0,0.0,17685.3515625,120.89594268798828,0.9597175121307373
1776176248334,1.0,0.0,17685.85546875,120.9065170288086,0.9598873257637024
1776176248353,1.0,0.0,17686.4609375,120.83903503417969,0.960056722164154
1776176248373,1.0,0.0,17686.96484375,120.8427963256836,0.960197925567627
1776176248393,1.0,0.0,17687.568359375,120.98252868652344,0.9603387713432312
1776176248414,1.0,0.0,17688.677734375,120.97993469238281,0.9606790542602539
1776176248434,1.0,0.0,17689.283203125,120.89765930175781,0.9608204364776611
1776176248453,1.0,0.0,17689.787109375,120.86111450195312,0.9609899520874023
1776176248473,1.0,0.0,17690.390625,120.81983184814453,0.9611311554908752
1776176248493,1.0,0.0,17690.89453125,120.76078033447266,0.9613001346588135
1776176248513,1.0,0.0,17692.0,120.7215576171875,0.9616107940673828
1776176248535,1.0,0.0,17692.603515625,120.67875671386719,0.9617800116539001
1776176248553,1.0,0.0,17693.20703125,120.63016510009766,0.9619213342666626
1776176248573,1.0,0.0,17693.708984375,120.5643310546875,0.9620910882949829
1776176248593,1.0,0.0,17694.3125,120.52615356445312,0.9622322916984558
1776176248614,1.0,0.0,17695.41796875,120.47206115722656,0.962541937828064
1776176248634,1.0,0.0,17695.919921875,120.42730712890625,0.9627115726470947
1776176248653,1.0,0.0,17696.521484375,120.65812683105469,0.96288001537323
1776176248673,1.0,0.0,17697.125,121.06803131103516,0.9630222916603088
1776176248693,1.0,0.0,17697.62890625,121.44184112548828,0.963163435459137
1776176248714,1.0,0.0,17698.740234375,121.7761001586914,0.9635035991668701
1776176248733,1.0,0.0,17699.349609375,122.1622085571289,0.9636467695236206
1776176248753,1.0,0.0,17699.859375,122.48993682861328,0.963817834854126
1776176248773,1.0,0.0,17700.470703125,122.71849060058594,0.9639612436294556
1776176248793,1.0,0.0,17700.982421875,122.9564437866211,0.9641337394714355
1776176248813,1.0,0.0,17702.109375,123.18164825439453,0.9644502401351929
1776176248834,1.0,0.0,17702.724609375,123.43080139160156,0.9646230936050415
1776176248853,1.0,0.0,17703.341796875,123.61857604980469,0.9647678732872009
1776176248873,1.0,0.0,17703.857421875,123.83360290527344,0.9649409651756287
1776176248893,1.0,0.0,17704.4765625,124.03408813476562,0.9650861620903015
1776176248913,1.0,0.0,17705.61328125,124.29010009765625,0.965405285358429
1776176248935,1.0,0.0,17706.130859375,124.56388092041016,0.9655796885490417
1776176248954,1.0,0.0,17706.75390625,124.7821044921875,0.965754508972168
1776176248973,1.0,0.0,17707.376953125,125.02880859375,0.9659013748168945
1776176248993,1.0,0.0,17707.896484375,125.24857330322266,0.9660762548446655
1776176249013,1.0,0.0,17709.04296875,125.4532470703125,0.9663984179496765
1776176249033,1.0,0.0,17709.669921875,125.69384765625,0.9665446281433105
1776176249053,1.0,0.0,17710.193359375,125.94734191894531,0.9667215347290039
1776176249073,1.0,0.0,17710.822265625,126.15350341796875,0.9668691754341125
1776176249093,1.0,0.0,17711.34765625,126.40823364257812,0.967046320438385
1776176249114,1.0,0.0,17712.611328125,126.65911865234375,0.9673715829849243
1776176249134,1.0,0.0,17713.138671875,126.87699127197266,0.9675487279891968
1776176249153,1.0,0.0,17713.771484375,127.108642578125,0.9676973223686218
1776176249173,1.0,0.0,17714.30078125,127.34553527832031,0.9678753614425659
1776176249193,1.0,0.0,17714.935546875,127.53929138183594,0.9680241346359253
1776176249213,1.0,0.0,17716.103515625,127.76993560791016,0.9683521389961243
1776176249234,1.0,0.0,17716.634765625,128.02456665039062,0.9685317277908325
1776176249253,1.0,0.0,17717.2734375,128.2383575439453,0.9687110781669617
1776176249273,1.0,0.0,17717.9140625,128.47579956054688,0.9688608050346375
1776176249293,1.0,0.0,17718.44921875,128.72230529785156,0.9690407514572144
1776176249313,1.0,0.0,17719.626953125,128.9305877685547,0.9693716764450073
1776176249334,1.0,0.0,17720.271484375,129.16371154785156,0.9695222973823547
1776176249353,1.0,0.0,17720.80859375,129.39398193359375,0.9697030782699585
1776176249373,1.0,0.0,17721.455078125,129.586181640625,0.9698541760444641
1776176249393,1.0,0.0,17721.994140625,129.81900024414062,0.9700344204902649
1776176249413,1.0,0.0,17723.291015625,130.06309509277344,0.9703678488731384
1776176249433,1.0,0.0,17723.83203125,130.27154541015625,0.9705511331558228
1776176249453,1.0,0.0,17724.482421875,130.507568359375,0.970703661441803
1776176249473,1.0,0.0,17725.025390625,130.75184631347656,0.9708864092826843
1776176249493,1.0,0.0,17725.677734375,130.9524383544922,0.9710390567779541
1776176249513,1.0,0.0,17726.876953125,131.17623901367188,0.9713754653930664
1776176249533,1.0,0.0,17727.423828125,131.39968872070312,0.9715594053268433
1776176249553,1.0,0.0,17728.080078125,131.5970916748047,0.971743106842041
1776176249573,1.0,0.0,17728.73828125,131.83804321289062,0.9718970656394958
1776176249595,1.0,0.0,17729.947265625,132.08050537109375,0.9722356796264648
1776176249613,1.0,0.0,17730.498046875,132.28192138671875,0.9724209904670715
1776176249633,1.0,0.0,17731.158203125,132.50604248046875,0.9725757837295532
1776176249653,1.0,0.0,17731.7109375,132.72467041015625,0.972760796546936
1776176249673,1.0,0.0,17732.373046875,132.944580078125,0.9729162454605103
1776176249693,1.0,0.0,17732.92578125,133.1765594482422,0.973102331161499
1776176249713,1.0,0.0,17734.255859375,133.4027557373047,0.9734447002410889
1776176249734,1.0,0.0,17734.8125,133.5985565185547,0.9736311435699463
1776176249753,1.0,0.0,17735.48046875,133.8241424560547,0.9737870693206787
1776176249773,1.0,0.0,17736.037109375,134.05865478515625,0.9739745855331421
1776176249793,1.0,0.0,17736.70703125,134.25479125976562,0.9741310477256775
1776176249813,1.0,0.0,17737.9375,134.47845458984375,0.9744757413864136
1776176249834,1.0,0.0,17738.498046875,134.70114135742188,0.974664568901062
1776176249853,1.0,0.0,17739.171875,134.8885040283203,0.9748533964157104
1776176249873,1.0,0.0,17739.845703125,135.12017822265625,0.9750106930732727
1776176249893,1.0,0.0,17740.408203125,135.34848022460938,0.975199818611145
1776176249913,1.0,0.0,17741.6484375,135.54251098632812,0.9755477905273438
1776176249933,1.0,0.0,17742.326171875,135.7582244873047,0.9757058024406433
1776176249954,1.0,0.0,17742.890625,135.97702026367188,0.9758965969085693
1776176249973,1.0,0.0,17743.5703125,136.17221069335938,0.976054847240448
1776176249993,1.0,0.0,17744.13671875,136.39553833007812,0.9762454628944397
1776176250013,1.0,0.0,17745.5,136.62693786621094,0.9765955805778503
1776176250034,1.0,0.0,17746.068359375,136.81288146972656,0.9767875671386719
1776176250053,1.0,0.0,17746.751953125,137.02951049804688,0.976947546005249
1776176250073,1.0,0.0,17747.322265625,137.23902893066406,0.9771392941474915
1776176250093,1.0,0.0,17748.0078125,137.4243621826172,0.9772996306419373
1776176250113,1.0,0.0,17749.267578125,137.65374755859375,0.9776521325111389
1776176250134,1.0,0.0,17749.83984375,137.87440490722656,0.977844774723053
1776176250153,1.0,0.0,17750.529296875,138.07020568847656,0.9780380725860596
1776176250173,1.0,0.0,17751.103515625,138.2859344482422,0.9781994223594666
1776176250193,1.0,0.0,17751.794921875,138.51556396484375,0.9783929586410522
1776176250213,1.0,0.0,17753.0625,138.69825744628906,0.9787487387657166
1776176250234,1.0,0.0,17753.755859375,138.90570068359375,0.9789109826087952
1776176250253,1.0,0.0,17754.333984375,139.12074279785156,0.9791054725646973
1776176250273,1.0,0.0,17755.029296875,139.318115234375,0.9792678356170654
1776176250293,1.0,0.0,17755.609375,139.54383850097656,0.9794626235961914
1776176250313,1.0,0.0,17757.00390625,139.77813720703125,0.979821503162384
1776176250333,1.0,0.0,17757.5859375,139.9726104736328,0.9800174832344055
1776176250353,1.0,0.0,17758.28515625,140.18341064453125,0.980180561542511
1776176250373,1.0,0.0,17758.869140625,140.38616943359375,0.9803766012191772
1776176250393,1.0,0.0,17759.5703125,140.5634307861328,0.9805406928062439
1776176250413,1.0,0.0,17760.857421875,140.78701782226562,0.9809010624885559
1776176250433,1.0,0.0,17761.443359375,141.01939392089844,0.9810974597930908
1776176250453,1.0,0.0,17762.1484375,141.1948699951172,0.9812959432601929
1776176250474,1.0,0.0,17762.853515625,141.40635681152344,0.9814608693122864
1776176250493,1.0,0.0,17763.44140625,141.61863708496094,0.9816259741783142
1776176250513,1.0,0.0,17764.73828125,141.7941131591797,0.9820227026939392
1776176250533,1.0,0.0,17765.447265625,142.002197265625,0.9821879863739014
1776176250553,1.0,0.0,17766.0390625,142.2279510498047,0.9823862314224243
1776176250573,1.0,0.0,17766.75,142.41241455078125,0.9825526475906372
1776176250593,1.0,0.0,17767.341796875,142.61260986328125,0.9827518463134766
1776176250613,1.0,0.0,17768.6484375,142.826416015625,0.983117938041687
1776176250633,1.0,0.0,17769.361328125,143.00521850585938,0.9833176136016846
1776176250653,1.0,0.0,17770.076171875,143.21340942382812,0.9834845662117004
1776176250673,1.0,0.0,17770.671875,143.41859436035156,0.9836848378181458
1776176250693,1.0,0.0,17771.388671875,143.60633850097656,0.9838523864746094
1776176250713,1.0,0.0,17772.705078125,143.8273162841797,0.9842204451560974
1776176250734,1.0,0.0,17773.3046875,144.02699279785156,0.9844220876693726
1776176250753,1.0,0.0,17774.0234375,144.19757080078125,0.9846242666244507
1776176250773,1.0,0.0,17774.744140625,144.4088134765625,0.9847920536994934
1776176250793,1.0,0.0,17775.345703125,144.60833740234375,0.9849938154220581
1776176250813,1.0,0.0,17776.669921875,144.78822326660156,0.9853649735450745
1776176250833,1.0,0.0,17777.39453125,144.9908905029297,0.9855343699455261
1776176250853,1.0,0.0,17777.998046875,145.20831298828125,0.985737681388855
1776176250873,1.0,0.0,17778.72265625,145.38400268554688,0.9859068393707275
1776176250895,1.0,0.0,17780.0546875,145.6109161376953,0.986314594745636
1776176250913,1.0,0.0,17780.783203125,145.78895568847656,0.9864848852157593
1776176250934,1.0,0.0,17781.390625,145.96778869628906,0.9866893291473389
1776176250953,1.0,0.0,17782.119140625,146.17529296875,0.9868602156639099
1776176250973,1.0,0.0,17782.728515625,146.3738250732422,0.9870648980140686
1776176250993,1.0,0.0,17783.458984375,146.54183959960938,0.9872356653213501
1776176251013,1.0,0.0,17784.80078125,146.74224853515625,0.9876128435134888
1776176251034,1.0,0.0,17785.412109375,146.95883178710938,0.9878184795379639
1776176251053,1.0,0.0,17786.146484375,147.13453674316406,0.9880243539810181
1776176251073,1.0,0.0,17786.880859375,147.3284454345703,0.9881965517997742
1776176251093,1.0,0.0,17787.494140625,147.5184326171875,0.988402783870697
1776176251113,1.0,0.0,17788.845703125,147.68783569335938,0.9887821078300476
1776176251134,1.0,0.0,17789.583984375,147.8960723876953,0.9889547824859619
1776176251153,1.0,0.0,17790.19921875,148.09539794921875,0.9891619086265564
1776176251173,1.0,0.0,17790.939453125,148.2655029296875,0.9893345236778259
1776176251193,1.0,0.0,17791.556640625,148.46768188476562,0.9895437955856323
1776176251213,1.0,0.0,17793.041015625,148.65524291992188,0.9899267554283142
1776176251233,1.0,0.0,17793.66015625,148.82423400878906,0.9901356101036072
1776176251253,1.0,0.0,17794.404296875,149.02426147460938,0.9903099536895752
1776176251273,1.0,0.0,17795.025390625,149.22459411621094,0.990519106388092
1776176251293,1.0,0.0,17795.771484375,149.39877319335938,0.9906939268112183
1776176251313,1.0,0.0,17797.138671875,149.5861358642578,0.9910780787467957
1776176251333,1.0,0.0,17797.76171875,149.78323364257812,0.9912884831428528
1776176251353,1.0,0.0,17798.509765625,149.95852661132812,0.9914988875389099
1776176251373,1.0,0.0,17799.259765625,150.15379333496094,0.9916744828224182
1776176251393,1.0,0.0,17799.884765625,150.3340301513672,0.9918849468231201
1776176251413,1.0,0.0,17801.26171875,150.48956298828125,0.9922713041305542
1776176251433,1.0,0.0,17802.013671875,150.6837158203125,0.9924473762512207
1776176251453,1.0,0.0,17802.640625,150.88427734375,0.9926588535308838
1776176251473,1.0,0.0,17803.39453125,151.05213928222656,0.9928356409072876
1776176251493,1.0,0.0,17804.0234375,151.24620056152344,0.9930469393730164
1776176251513,1.0,0.0,17805.53515625,151.44573974609375,0.9934357404708862
1776176251533,1.0,0.0,17806.166015625,151.6035919189453,0.993648111820221
1776176251553,1.0,0.0,17806.923828125,151.78143310546875,0.9938255548477173
1776176251573,1.0,0.0,17807.556640625,151.97080993652344,0.9940385222434998
1776176251593,1.0,0.0,17808.31640625,152.1374969482422,0.9942158460617065
1776176251613,1.0,0.0,17809.708984375,152.3192901611328,0.994606614112854
1776176251634,1.0,0.0,17810.34375,152.5149383544922,0.9948201775550842
1776176251653,1.0,0.0,17811.10546875,152.66819763183594,0.9949982762336731
1776176251673,1.0,0.0,17811.7421875,152.86058044433594,0.9952126145362854
1776176251693,1.0,0.0,17812.505859375,153.04855346679688,0.9954267740249634
1776176251713,1.0,0.0,17813.90625,153.19297790527344,0.9958198666572571
1776176251733,1.0,0.0,17814.671875,153.37794494628906,0.9959988594055176
1776176251753,1.0,0.0,17815.310546875,153.56703186035156,0.9962140917778015
1776176251773,1.0,0.0,17816.078125,153.7279815673828,0.9963933825492859
1776176251793,1.0,0.0,17816.71875,153.9013214111328,0.9966095089912415
1776176251813,1.0,0.0,17818.2578125,154.08277893066406,0.9970047473907471
1776176251833,1.0,0.0,17818.900390625,154.24183654785156,0.997221052646637
1776176251853,1.0,0.0,17819.671875,154.41355895996094,0.9974011778831482
1776176251873,1.0,0.0,17820.314453125,154.6006622314453,0.9976179003715515
1776176251893,1.0,0.0,17821.0859375,154.7570037841797,0.9977983832359314
1776176251913,1.0,0.0,17822.50390625,154.9234619140625,0.9981957077980042
1776176251934,1.0,0.0,17823.1484375,155.09979248046875,0.998414158821106
1776176251953,1.0,0.0,17823.923828125,155.26536560058594,0.9986305832862854
1776176251973,1.0,0.0,17824.5703125,155.44107055664062,0.9988131523132324
1776176251993,1.0,0.0,17825.34765625,155.62315368652344,0.9990306496620178
1776176252013,1.0,0.0,17826.7734375,155.79234313964844,0.9994308948516846
1776176252034,1.0,0.0,17827.552734375,155.9772186279297,0.9996151924133301
1776176252053,1.0,0.0,17828.203125,156.1580810546875,0.9998406767845154
1776176252077,1.0,0.0,17828.984375,156.3110809326172,2.838599175447598e-05
1776176252093,1.0,0.0,17829.634765625,156.48104858398438,0.0002474274951964617
1776176252113,1.0,0.0,17831.068359375,156.65313720703125,0.0006489079678431153
