timestamp_ms,gas,brake,distanceTraveled,speedKmh,normalizedCarPosition
1776176036054,1.0,0.0,10682.0166015625,158.5931396484375,0.0009262565872631967
1776176036073,1.0,0.0,10682.6767578125,158.768798828125,0.0011481803376227617
1776176036093,1.0,0.0,10683.4697265625,158.93087768554688,0.0013337014243006706
1776176036114,1.0,0.0,10684.9248046875,159.08547973632812,0.0017796197207644582
1776176036133,1.0,0.0,10685.7197265625,159.2146453857422,0.0019647241570055485
1776176036153,1.0,0.0,10686.3828125,159.39010620117188,0.0021880795247852802
1776176036174,1.0,0.0,10687.1796875,159.5846710205078,0.0023738089948892593
1776176036194,1.0,0.0,10687.84375,159.76751708984375,0.002597749698907137
1776176036213,1.0,0.0,10689.3076171875,159.9042510986328,0.0030083688907325268
1776176036233,1.0,0.0,10690.1064453125,160.06787109375,0.0031947337556630373
1776176036255,1.0,0.0,10690.7734375,160.24484252929688,0.0034195377957075834
1776176036275,1.0,0.0,10691.57421875,160.39599609375,0.00360616622492671
1776176036293,1.0,0.0,10692.2421875,160.5703887939453,0.003830920672044158
1776176036313,1.0,0.0,10693.8466796875,160.72190856933594,0.004244006704539061
1776176036336,1.0,0.0,10694.5166015625,160.9051971435547,0.004468919709324837
1776176036355,1.0,0.0,10695.3203125,161.05624389648438,0.00465705431997776
1776176036378,1.0,0.0,10695.9912109375,161.25567626953125,0.004882508888840675
1776176036394,1.0,0.0,10696.796875,161.3724365234375,0.005070812534540892
1776176036417,1.0,0.0,10698.275390625,161.56773376464844,0.005523642525076866
1776176036434,1.0,0.0,10699.0830078125,161.708251953125,0.005712376441806555
1776176036454,1.0,0.0,10699.7568359375,161.85162353515625,0.005939004942774773
1776176036474,1.0,0.0,10700.5654296875,162.01258850097656,0.006128004286438227
1776176036494,1.0,0.0,10701.240234375,162.15493774414062,0.006354955490678549
1776176036513,1.0,0.0,10702.7265625,162.32687377929688,0.006772353779524565
1776176036534,1.0,0.0,10703.5380859375,162.4962921142578,0.006961500272154808
1776176036555,1.0,0.0,10704.21484375,162.664306640625,0.007189152762293816
1776176036574,1.0,0.0,10705.02734375,162.80819702148438,0.007417378481477499
1776176036594,1.0,0.0,10705.8408203125,162.97645568847656,0.0076069217175245285
1776176036613,1.0,0.0,10707.333984375,163.11929321289062,0.008026542142033577
1776176036633,1.0,0.0,10708.013671875,163.278564453125,0.008255827240645885
1776176036653,1.0,0.0,10708.830078125,163.42422485351562,0.00844592321664095
1776176036673,1.0,0.0,10709.5107421875,163.56419372558594,0.008675512857735157
1776176036693,1.0,0.0,10710.328125,163.72694396972656,0.008866691961884499
1776176036713,1.0,0.0,10711.828125,163.89633178710938,0.009325830265879631
1776176036733,1.0,0.0,10712.6474609375,164.04153442382812,0.009517000988125801
1776176036753,1.0,0.0,10713.3310546875,164.20663452148438,0.009747376665472984
1776176036773,1.0,0.0,10714.1513671875,164.37754821777344,0.009967543184757233
1776176036793,1.0,0.0,10714.8359375,164.52198791503906,0.010211578570306301
1776176036813,1.0,0.0,10716.34375,164.6747283935547,0.010265299119055271
1776176036833,1.0,0.0,10717.1669921875,164.832275390625,0.010802334174513817
1776176036853,1.0,0.0,10717.853515625,164.9796600341797,0.011000685393810272
1776176036873,1.0,0.0,10718.677734375,165.15090942382812,0.011576107703149319
1776176036893,1.0,0.0,10719.5029296875,165.30587768554688,0.011576107703149319
1776176036913,1.0,0.0,10721.017578125,165.44908142089844,0.011814613826572895
1776176036933,1.0,0.0,10721.70703125,165.60470581054688,0.012094760313630104
1776176036953,1.0,0.0,10722.53515625,165.7653350830078,0.012287831865251064
1776176036973,1.0,0.0,10723.2255859375,165.90399169921875,0.012519764713943005
1776176036993,1.0,0.0,10724.0546875,166.06497192382812,0.012751498259603977
1776176037013,1.0,0.0,10725.5771484375,166.2313232421875,0.013177824206650257
1776176037033,1.0,0.0,10726.408203125,166.38055419921875,0.013371625915169716
1776176037053,1.0,0.0,10727.1015625,166.54344177246094,0.013605285435914993
1776176037073,1.0,0.0,10727.93359375,166.69313049316406,0.013799380511045456
1776176037093,1.0,0.0,10728.6279296875,166.82273864746094,0.014032498933374882
1776176037113,1.0,0.0,10730.15625,166.9827423095703,0.014460605569183826
1776176037133,1.0,0.0,10730.9912109375,167.14173889160156,0.01469464786350727
1776176037153,1.0,0.0,10731.826171875,167.2830810546875,0.014889368787407875
1776176037173,1.0,0.0,10732.5224609375,167.4474334716797,0.015124225057661533
1776176037193,1.0,0.0,10733.359375,167.59783935546875,0.015319278463721275
1776176037213,1.0,0.0,10734.89453125,167.7199249267578,0.015749411657452583
1776176037233,1.0,0.0,10735.5927734375,167.86878967285156,0.015984101220965385
1776176037253,1.0,0.0,10736.431640625,168.02603149414062,0.016180504113435745
1776176037273,1.0,0.0,10737.130859375,168.1603240966797,0.0164154302328825
1776176037293,1.0,0.0,10737.970703125,168.31103515625,0.016650831326842308
1776176037313,1.0,0.0,10739.5126953125,168.48086547851562,0.01708359457552433
1776176037333,1.0,0.0,10740.35546875,168.6269073486328,0.017281485721468925
1776176037353,1.0,0.0,10741.0576171875,168.80282592773438,0.017517471686005592
1776176037373,1.0,0.0,10741.9013671875,168.9616241455078,0.017714902758598328
1776176037393,1.0,0.0,10742.60546875,169.08609008789062,0.017952589318156242
1776176037413,1.0,0.0,10744.1552734375,169.2453155517578,0.018387462943792343
1776176037433,1.0,0.0,10745.0009765625,169.41290283203125,0.018624918535351753
1776176037453,1.0,0.0,10745.84765625,169.54718017578125,0.01882287859916687
1776176037473,1.0,0.0,10746.5537109375,169.69186401367188,0.019061792641878128
1776176037493,1.0,0.0,10747.4013671875,169.83108520507812,0.019259504973888397
1776176037513,1.0,0.0,10748.95703125,169.9558868408203,0.01969623751938343
1776176037533,1.0,0.0,10749.6650390625,170.10951232910156,0.019935261458158493
1776176037553,1.0,0.0,10750.515625,170.28427124023438,0.020134275779128075
1776176037573,1.0,0.0,10751.224609375,170.4285888671875,0.020373636856675148
1776176037593,1.0,0.0,10752.076171875,170.576904296875,0.020612698048353195
1776176037613,1.0,0.0,10753.6396484375,170.72352600097656,0.021051667630672455
1776176037633,1.0,0.0,10754.4931640625,170.85910034179688,0.02125096134841442
1776176037653,1.0,0.0,10755.205078125,171.01382446289062,0.021490996703505516
1776176037673,1.0,0.0,10756.0595703125,171.15736389160156,0.02169099636375904
1776176037693,1.0,0.0,10756.7724609375,171.2821807861328,0.021930910646915436
1776176037713,1.0,0.0,10758.341796875,171.44154357910156,0.02237171120941639
1776176037733,1.0,0.0,10759.19921875,171.59429931640625,0.022611677646636963
1776176037753,1.0,0.0,10760.056640625,171.73294067382812,0.02281268499791622
1776176037773,1.0,0.0,10760.7724609375,171.89393615722656,0.02305249124765396
1776176037793,1.0,0.0,10761.6318359375,172.03868103027344,0.023253804072737694
1776176037813,1.0,0.0,10763.208984375,172.16607666015625,0.02369523234665394
1776176037833,1.0,0.0,10763.9267578125,172.30938720703125,0.023936612531542778
1776176037853,1.0,0.0,10764.7880859375,172.45408630371094,0.024137990549206734
1776176037873,1.0,0.0,10765.505859375,172.59173583984375,0.024379540234804153
1776176037893,1.0,0.0,10766.3681640625,172.72996520996094,0.024621251970529556
1776176037913,1.0,0.0,10767.951171875,172.8738250732422,0.02506534568965435
1776176037933,1.0,0.0,10768.8154296875,173.0061798095703,0.02526812255382538
1776176037953,1.0,0.0,10769.5361328125,173.15939331054688,0.025510454550385475
1776176037973,1.0,0.0,10770.4013671875,173.3151092529297,0.025712596252560616
1776176037993,1.0,0.0,10771.123046875,173.44236755371094,0.025955723598599434
1776176038013,1.0,0.0,10772.712890625,173.5841827392578,0.026402408257126808
1776176038033,1.0,0.0,10773.5810546875,173.72560119628906,0.026645377278327942
1776176038053,1.0,0.0,10774.44921875,173.8647003173828,0.026848681271076202
1776176038073,1.0,0.0,10775.173828125,174.01119995117188,0.0270928256213665
1776176038093,1.0,0.0,10776.0439453125,174.151611328125,0.02729639783501625
1776176038113,1.0,0.0,10777.640625,174.27703857421875,0.027743829414248466
1776176038133,1.0,0.0,10778.3671875,174.4188232421875,0.027989037334918976
1776176038153,1.0,0.0,10779.2392578125,174.56532287597656,0.028192643076181412
1776176038173,1.0,0.0,10779.9658203125,174.68675231933594,0.028437701985239983
1776176038193,1.0,0.0,10780.8388671875,174.82754516601562,0.028682630509138107
1776176038213,1.0,0.0,10782.44140625,174.9843292236328,0.029132995754480362
1776176038233,1.0,0.0,10783.31640625,175.1119842529297,0.029337560757994652
1776176038253,1.0,0.0,10784.0458984375,175.25364685058594,0.029583927243947983
1776176038273,0.9297000169754028,0.0,10784.921875,175.38613891601562,0.029788337647914886
1776176038293,0.8476499915122986,0.0,10785.65234375,175.51153564453125,0.030034488067030907
1776176038313,0.7265499830245972,0.0,10787.2607421875,175.53067016601562,0.030485983937978745
1776176038333,0.59375,0.0,10788.138671875,175.4853057861328,0.03073248267173767
1776176038353,0.492000013589859,0.0,10789.015625,175.4403533935547,0.030937377363443375
1776176038373,0.36900001764297485,0.0,10789.74609375,175.38327026367188,0.031184114515781403
1776176038393,0.2658500075340271,0.0,10790.623046875,175.33547973632812,0.03138887882232666
1776176038413,0.21825000643730164,0.0,10792.2294921875,175.2876434326172,0.03183953836560249
1776176038433,0.25394999980926514,0.0,10792.9599609375,175.22715759277344,0.03208552300930023
1776176038453,0.35315001010894775,0.0,10793.8359375,175.1781005859375,0.03229027986526489
1776176038473,0.4404500126838684,0.0,10794.5654296875,175.13589477539062,0.032535701990127563
1776176038493,0.5351499915122986,0.0,10795.44140625,175.0764617919922,0.032781265676021576
1776176038513,0.6601499915122986,0.0,10797.0458984375,175.02142333984375,0.03323168307542801
1776176038533,0.7734500169754028,0.0,10797.9208984375,174.9734344482422,0.03343610838055611
1776176038553,0.90625,0.0,10798.6494140625,175.0492401123047,0.03368081524968147
1776176038573,1.0,0.0,10799.5244140625,175.45457458496094,0.03388495743274689
1776176038593,1.0,0.0,10800.25390625,175.76559448242188,0.034131113439798355
1776176038613,1.0,0.0,10801.8642578125,176.00927734375,0.03458191454410553
1776176038633,1.0,0.0,10802.744140625,176.18008422851562,0.034828200936317444
1776176038653,1.0,0.0,10803.625,176.30064392089844,0.03503608703613281
1776176038673,1.0,0.0,10804.359375,176.4519805908203,0.03528357297182083
1776176038693,1.0,0.0,10805.2412109375,176.5926055908203,0.035489149391651154
1776176038713,1.0,0.0,10806.8603515625,176.72537231445312,0.035943616181612015
1776176038733,1.0,0.0,10807.5966796875,176.87814331054688,0.036191195249557495
1776176038753,1.0,0.0,10808.4814453125,177.01876831054688,0.03639722615480423
1776176038773,1.0,0.0,10809.21875,177.142578125,0.03664585202932358
1776176038793,1.0,0.0,10810.1044921875,177.28456115722656,0.03689377382397652
1776176038813,1.0,0.0,10811.728515625,177.42881774902344,0.03734913468360901
1776176038833,1.0,0.0,10812.615234375,177.55435180664062,0.03755651414394379
1776176038853,1.0,0.0,10813.35546875,177.6964569091797,0.03780455142259598
1776176038873,1.0,0.0,10814.244140625,177.83827209472656,0.03801210597157478
1776176038893,1.0,0.0,10814.984375,177.96925354003906,0.03826119750738144
1776176038913,1.0,0.0,10816.615234375,178.1063690185547,0.038718290627002716
1776176038933,1.0,0.0,10817.505859375,178.24435424804688,0.0389673188328743
1776176038953,1.0,0.0,10818.396484375,178.3653106689453,0.039175454527139664
1776176038973,1.0,0.0,10819.1396484375,178.5082244873047,0.039425164461135864
1776176038993,1.0,0.0,10820.03125,178.6512908935547,0.039633482694625854
1776176039013,1.0,0.0,10821.6689453125,178.7711944580078,0.040091678500175476
1776176039033,1.0,0.0,10822.4140625,178.91163635253906,0.040342435240745544
1776176039053,1.0,0.0,10823.30859375,179.05921936035156,0.040551234036684036
1776176039073,1.0,0.0,10824.0546875,179.17425537109375,0.0408022440969944
1776176039093,1.0,0.0,10824.9501953125,179.31631469726562,0.0410529188811779
1776176039113,1.0,0.0,10826.5927734375,179.45849609375,0.041513118892908096
1776176039133,1.0,0.0,10827.490234375,179.58078002929688,0.04172252118587494
1776176039153,1.0,0.0,10828.23828125,179.7116241455078,0.04197419062256813
1776176039173,1.0,0.0,10829.13671875,179.85159301757812,0.04218382388353348
1776176039193,1.0,0.0,10829.8857421875,179.98443603515625,0.042435336858034134
1776176039213,1.0,0.0,10831.53515625,180.11935424804688,0.04289776086807251
1776176039233,1.0,0.0,10832.435546875,180.24966430664062,0.04314964637160301
1776176039253,1.0,0.0,10833.3369140625,180.36412048339844,0.04335989058017731
1776176039273,1.0,0.0,10834.087890625,180.5124053955078,0.04361331835389137
1776176039293,1.0,0.0,10834.990234375,180.65574645996094,0.04382416605949402
1776176039313,1.0,0.0,10836.6455078125,180.7721405029297,0.04428774118423462
1776176039333,1.0,0.0,10837.3984375,180.890869140625,0.044540900737047195
1776176039353,1.0,0.0,10838.302734375,181.03985595703125,0.04475172236561775
1776176039373,1.0,0.0,10839.056640625,181.156982421875,0.04500556364655495
1776176039393,1.0,0.0,10839.9619140625,181.29527282714844,0.045259106904268265
1776176039413,1.0,0.0,10841.623046875,181.42892456054688,0.04572446644306183
1776176039433,1.0,0.0,10842.5302734375,181.55239868164062,0.04593675211071968
1776176039453,1.0,0.0,10843.2861328125,181.69300842285156,0.046190787106752396
1776176039473,1.0,0.0,10844.1943359375,181.83509826660156,0.04640287905931473
1776176039493,1.0,0.0,10844.9521484375,181.9501495361328,0.04665845260024071
1776176039513,1.0,0.0,10846.619140625,182.07838439941406,0.04712691530585289
1776176039533,1.0,0.0,10847.529296875,182.2169189453125,0.04738245904445648
1776176039553,1.0,0.0,10848.4404296875,182.3377685546875,0.04759551212191582
1776176039573,1.0,0.0,10849.2001953125,182.46981811523438,0.04785175621509552
1776176039593,1.0,0.0,10850.1123046875,182.6024932861328,0.04806504026055336
1776176039613,1.0,0.0,10851.7861328125,182.72573852539062,0.04853464663028717
1776176039633,1.0,0.0,10852.5478515625,182.8672332763672,0.04879101365804672
1776176039653,1.0,0.0,10853.4619140625,182.99588012695312,0.0490046888589859
1776176039673,1.0,0.0,10854.2236328125,183.10684204101562,0.04926168546080589
1776176039693,1.0,0.0,10855.138671875,183.24183654785156,0.049518413841724396
1776176039713,1.0,0.0,10856.818359375,183.38148498535156,0.04998933523893356
1776176039733,1.0,0.0,10857.7353515625,183.5018310546875,0.050203971564769745
1776176039753,1.0,0.0,10858.5,183.6298370361328,0.050461601465940475
1776176039773,1.0,0.0,10859.41796875,183.76060485839844,0.05067606642842293
1776176039793,1.0,0.0,10860.18359375,183.88528442382812,0.05093352869153023
1776176039813,1.0,0.0,10861.869140625,184.02488708496094,0.05140559375286102
1776176039833,1.0,0.0,10862.7890625,184.16171264648438,0.05166427791118622
1776176039853,1.0,0.0,10863.7099609375,184.28244018554688,0.051879070699214935
1776176039873,1.0,0.0,10864.4775390625,184.41754150390625,0.052137356251478195
1776176039893,1.0,0.0,10865.3994140625,184.5488739013672,0.05235273763537407
1776176039913,1.0,0.0,10867.0908203125,184.65850830078125,0.052827391773462296
1776176039933,1.0,0.0,10867.8603515625,184.80584716796875,0.05308647081255913
1776176039953,1.0,0.0,10868.7841796875,184.9388427734375,0.0533023476600647
1776176039973,1.0,0.0,10869.5546875,185.0569305419922,0.0535612590610981
1776176039993,1.0,0.0,10870.4794921875,185.19229125976562,0.053820736706256866
1776176040013,1.0,0.0,10872.1767578125,185.3251495361328,0.05429686978459358
1776176040033,1.0,0.0,10873.103515625,185.43736267089844,0.05451354384422302
1776176040053,1.0,0.0,10873.8759765625,185.56832885742188,0.05477296561002731
1776176040073,1.0,0.0,10874.8037109375,185.6988525390625,0.05499066039919853
1776176040093,1.0,0.0,10875.5771484375,185.8190155029297,0.05525023117661476
1776176040113,1.0,0.0,10877.2802734375,185.95681762695312,0.05572763457894325
1776176040133,1.0,0.0,10878.2099609375,186.0977783203125,0.05598778650164604
1776176040153,1.0,0.0,10879.140625,186.20562744140625,0.0562056303024292
1776176040173,1.0,0.0,10879.916015625,186.33946228027344,0.05646646395325661
1776176040193,1.0,0.0,10880.84765625,186.47088623046875,0.056684140115976334
1776176040213,1.0,0.0,10882.556640625,186.5834503173828,0.057162750512361526
1776176040233,1.0,0.0,10883.333984375,186.7229461669922,0.057424530386924744
1776176040253,1.0,0.0,10884.267578125,186.8524932861328,0.05764183774590492
1776176040273,1.0,0.0,10885.0458984375,186.95614624023438,0.05790385231375694
1776176040293,1.0,0.0,10885.98046875,187.09173583984375,0.05812259018421173
1776176040313,1.0,0.0,10887.6953125,187.24049377441406,0.058646805584430695
1776176040333,1.0,0.0,10888.630859375,187.35641479492188,0.058865439146757126
1776176040353,1.0,0.0,10889.4111328125,187.49212646484375,0.059128545224666595
1776176040373,1.0,0.0,10890.3486328125,187.63082885742188,0.05934741348028183
1776176040393,1.0,0.0,10891.1298828125,187.74830627441406,0.05961034819483757
1776176040413,1.0,0.0,10892.8505859375,187.87620544433594,0.06009260192513466
1776176040433,1.0,0.0,10893.7900390625,187.99908447265625,0.06035631150007248
1776176040453,1.0,0.0,10894.7294921875,188.11630249023438,0.060576025396585464
1776176040473,1.0,0.0,10895.5126953125,188.261474609375,0.06083914265036583
1776176040493,1.0,0.0,10896.453125,188.38958740234375,0.06105908751487732
1776176040513,1.0,0.0,10898.1787109375,188.49545288085938,0.0615433007478714
1776176040533,1.0,0.0,10898.9638671875,188.62127685546875,0.061808031052351
1776176040553,1.0,0.0,10899.9072265625,188.7575225830078,0.06202786788344383
1776176040573,1.0,0.0,10900.693359375,188.8802947998047,0.06229276955127716
1776176040593,1.0,0.0,10901.6376953125,189.01776123046875,0.06255698949098587
1776176040613,1.0,0.0,10903.3701171875,189.14024353027344,0.06304246187210083
1776176040633,1.0,0.0,10904.3154296875,189.2483367919922,0.06326321512460709
1776176040653,1.0,0.0,10905.103515625,189.37646484375,0.06352826952934265
1776176040673,1.0,0.0,10906.0498046875,189.50509643554688,0.06374914199113846
1776176040693,1.0,0.0,10906.8388671875,189.61343383789062,0.06401481479406357
1776176040713,1.0,0.0,10908.576171875,189.74481201171875,0.06450171023607254
1776176040733,1.0,0.0,10909.5244140625,189.8794403076172,0.06476685404777527
1776176040753,1.0,0.0,10910.4736328125,189.9970703125,0.06498856097459793
1776176040773,1.0,0.0,10911.2646484375,190.1187744140625,0.06525485962629318
1776176040794,1.0,0.0,10912.21484375,190.241455078125,0.06547635048627853
1776176040813,1.0,0.0,10913.9580078125,190.36175537109375,0.06596516817808151
1776176040833,1.0,0.0,10914.7509765625,190.4834747314453,0.06623134016990662
1776176040854,1.0,0.0,10915.703125,190.62049865722656,0.06645400077104568
1776176040873,1.0,0.0,10916.4970703125,190.73533630371094,0.06672071665525436
1776176040893,1.0,0.0,10917.4501953125,190.85897827148438,0.06694357842206955
1776176040913,1.0,0.0,10919.19921875,190.98956298828125,0.06747816503047943
1776176040934,1.0,0.0,10920.154296875,191.09869384765625,0.06770128011703491
1776176040953,1.0,0.0,10920.9501953125,191.22862243652344,0.06796900182962418
1776176040973,1.0,0.0,10921.90625,191.3502655029297,0.06819222122430801
1776176040993,1.0,0.0,10922.703125,191.45654296875,0.06846051663160324
1776176041013,1.0,0.0,10924.4580078125,191.5931854248047,0.06895238906145096
1776176041033,1.0,0.0,10925.416015625,191.71730041503906,0.06922104209661484
1776176041053,1.0,0.0,10926.3740234375,191.8258819580078,0.06944511085748672
1776176041073,1.0,0.0,10927.1728515625,191.95216369628906,0.06971406936645508
1776176041093,1.0,0.0,10928.1318359375,192.070556640625,0.06993837654590607
1776176041113,1.0,0.0,10929.8916015625,192.17538452148438,0.07043229043483734
1776176041133,1.0,0.0,10930.6923828125,192.30372619628906,0.07070186734199524
1776176041153,1.0,0.0,10931.6533203125,192.43017578125,0.07092642784118652
1776176041173,1.0,0.0,10932.455078125,192.53933715820312,0.07119585573673248
1776176041193,1.0,0.0,10933.4169921875,192.6762237548828,0.07146579027175903
1776176041213,1.0,0.0,10935.1826171875,192.78919982910156,0.07196114957332611
1776176041234,1.0,0.0,10936.146484375,192.8917694091797,0.07218609005212784
1776176041253,1.0,0.0,10936.9501953125,193.0206298828125,0.07245723903179169
1776176041273,1.0,0.0,10937.9150390625,193.15704345703125,0.07268186658620834
1776176041293,1.0,0.0,10938.7197265625,193.26649475097656,0.0729510486125946
1776176041313,1.0,0.0,10940.4912109375,193.3863983154297,0.07344973087310791
1776176041334,1.0,0.0,10941.4580078125,193.5057830810547,0.07372098416090012
1776176041353,1.0,0.0,10942.4248046875,193.6092987060547,0.07394707202911377
1776176041373,1.0,0.0,10943.2314453125,193.7327880859375,0.07421852648258209
1776176041393,1.0,0.0,10944.19921875,193.85931396484375,0.0744451954960823
1776176041413,1.0,0.0,10945.9765625,193.9652862548828,0.07494357973337173
1776176041433,1.0,0.0,10946.78515625,194.09165954589844,0.07521575689315796
1776176041453,1.0,0.0,10947.755859375,194.2138671875,0.07544272392988205
1776176041473,1.0,0.0,10948.564453125,194.320556640625,0.0757150873541832
1776176041493,1.0,0.0,10949.5361328125,194.44793701171875,0.0759875550866127
1776176041513,1.0,0.0,10951.318359375,194.5653076171875,0.07648763060569763
1776176041534,1.0,0.0,10952.291015625,194.66859436035156,0.07671511918306351
1776176041553,1.0,0.0,10953.1015625,194.78843688964844,0.0769880935549736
1776176041573,1.0,0.0,10954.0751953125,194.9001922607422,0.07721570879220963
1776176041593,1.0,0.0,10954.88671875,195.00852966308594,0.07748924940824509
1776176041613,1.0,0.0,10956.673828125,195.1369171142578,0.07799112051725388
1776176041633,1.0,0.0,10957.6494140625,195.25689697265625,0.07826496660709381
1776176041653,1.0,0.0,10958.625,195.36061096191406,0.07849296927452087
1776176041673,1.0,0.0,10959.4384765625,195.4657440185547,0.0787670835852623
1776176041693,1.0,0.0,10960.4150390625,195.58230590820312,0.07899527251720428
1776176041713,1.0,0.0,10962.20703125,195.7018280029297,0.07949855178594589
1776176041733,1.0,0.0,10963.0224609375,195.82492065429688,0.07977289706468582
1776176041753,1.0,0.0,10964.0009765625,195.94187927246094,0.08000210672616959
1776176041773,1.0,0.0,10964.8173828125,196.05108642578125,0.08027653396129608
1776176041793,1.0,0.0,10965.796875,196.1733856201172,0.08055197447538376
1776176041813,1.0,0.0,10967.5947265625,196.293212890625,0.08105619996786118
1776176041833,1.0,0.0,10968.576171875,196.39419555664062,0.08128584176301956
1776176041853,1.0,0.0,10969.39453125,196.51905822753906,0.08156120032072067
1776176041873,1.0,0.0,10970.376953125,196.63497924804688,0.08179093152284622
1776176041893,1.0,0.0,10971.1962890625,196.73460388183594,0.08206681162118912
1776176041913,1.0,0.0,10972.9990234375,196.8512725830078,0.08257341384887695
1776176041934,1.0,0.0,10973.9833984375,196.97669982910156,0.08280326426029205
1776176041954,1.0,0.0,10974.8037109375,197.10000610351562,0.08307982236146927
1776176041973,1.0,0.0,10975.7890625,197.19271850585938,0.08335642516613007
1776176041993,1.0,0.0,10976.7744140625,197.3081817626953,0.08358690142631531
1776176042013,1.0,0.0,10977.595703125,197.41445922851562,0.08386325091123581
1776176042033,1.0,0.0,10979.404296875,197.5299835205078,0.08437150716781616
1776176042053,1.0,0.0,10980.3916015625,197.6440887451172,0.08464834839105606
1776176042073,1.0,0.0,10981.3798828125,197.74151611328125,0.08487939834594727
1776176042093,1.0,0.0,10982.203125,197.85797119140625,0.0851571261882782
1776176042113,1.0,0.0,10984.015625,197.9794158935547,0.08566603809595108
1776176042134,1.0,0.0,10985.0048828125,198.07322692871094,0.08589757233858109
1776176042153,1.0,0.0,10985.830078125,198.1767578125,0.08617529273033142
1776176042173,1.0,0.0,10986.8203125,198.29098510742188,0.08640720695257187
1776176042193,1.0,0.0,10987.646484375,198.40077209472656,0.08668531477451324
1776176042213,1.0,0.0,10988.6376953125,198.51815795898438,0.0869637280702591
1776176042233,1.0,0.0,10990.45703125,198.6363983154297,0.08747392892837524
1776176042253,1.0,0.0,10991.4501953125,198.741943359375,0.08770640939474106
1776176042273,1.0,0.0,10992.2783203125,198.85670471191406,0.08798501640558243
1776176042293,1.0,0.0,10993.2724609375,198.97573852539062,0.08821740001440048
1776176042313,1.0,0.0,10994.1015625,199.06997680664062,0.08849669247865677
1776176042333,1.0,0.0,10995.92578125,199.18455505371094,0.08900830149650574
1776176042353,1.0,0.0,10996.921875,199.29739379882812,0.08928745239973068
1776176042373,1.0,0.0,10997.91796875,199.40721130371094,0.0895204022526741
1776176042393,1.0,0.0,10998.748046875,199.5177764892578,0.08980021625757217
1776176042413,1.0,0.0,10999.7451171875,199.62783813476562,0.09003311395645142
1776176042433,1.0,0.0,11001.57421875,199.7295684814453,0.09054581075906754
1776176042453,1.0,0.0,11002.40625,199.8455352783203,0.09082591533660889
1776176042473,1.0,0.0,11003.4052734375,199.96517944335938,0.09106111526489258
1776176042493,1.0,0.0,11004.23828125,200.05123901367188,0.09134097397327423
1776176042513,1.0,0.0,11005.23828125,200.1712188720703,0.09162062406539917
1776176042534,1.0,0.0,11007.072265625,200.2891387939453,0.09213481098413467
1776176042553,1.0,0.0,11008.0732421875,200.3896484375,0.09236926585435867
1776176042573,1.0,0.0,11008.908203125,200.49917602539062,0.09264946728944778
1776176042593,1.0,0.0,11009.91015625,200.60926818847656,0.09288366138935089
1776176042613,1.0,0.0,11010.74609375,200.70169067382812,0.09316473454236984
1776176042633,1.0,0.0,11012.5849609375,200.81167602539062,0.09368104487657547
1776176042653,1.0,0.0,11013.5888671875,200.9266357421875,0.09396263211965561
1776176042673,1.0,0.0,11014.5927734375,201.0307159423828,0.09419731050729752
1776176042693,1.0,0.0,11015.4296875,201.1366424560547,0.09447898715734482
1776176042713,1.0,0.0,11016.4345703125,201.24171447753906,0.09471388906240463
1776176042734,1.0,0.0,11018.2783203125,201.3502960205078,0.09523148834705353
1776176042753,1.0,0.0,11019.1171875,201.4546661376953,0.09551306068897247
1776176042773,1.0,0.0,11020.1240234375,201.57029724121094,0.09574848413467407
1776176042793,1.0,0.0,11020.9638671875,201.66357421875,0.09603109210729599
1776176042813,1.0,0.0,11021.9716796875,201.7743682861328,0.09631378203630447
1776176042835,1.0,0.0,11023.8203125,201.86441040039062,0.09683205932378769
1776176042853,1.0,0.0,11024.8291015625,201.95021057128906,0.09706836938858032
1776176042874,1.0,0.0,11025.669921875,202.07073974609375,0.09735116362571716
1776176042893,1.0,0.0,11026.6796875,202.19833374023438,0.09758740663528442
1776176042913,1.0,0.0,11027.521484375,202.2996826171875,0.09787088632583618
1776176042934,1.0,0.0,11029.375,202.4069061279297,0.09839075058698654
1776176042953,1.0,0.0,11030.38671875,202.5101776123047,0.09867437183856964
1776176042973,1.0,0.0,11031.3984375,202.58885192871094,0.09891074150800705
1776176042993,1.0,0.0,11032.2421875,202.70680236816406,0.09919481724500656
1776176043013,1.0,0.0,11033.2548828125,202.83045959472656,0.09943196922540665
1776176043033,1.0,0.0,11035.11328125,202.92315673828125,0.0999525710940361
1776176043053,1.0,0.0,11035.958984375,203.0289764404297,0.10023707151412964
1776176043075,1.0,0.0,11036.9736328125,203.1346435546875,0.10047441720962524
1776176043093,1.0,0.0,11037.8193359375,203.23291015625,0.10075920075178146
1776176043113,1.0,0.0,11038.8349609375,203.3496856689453,0.10104405879974365
1776176043134,1.0,0.0,11040.69921875,203.458251953125,0.10156629979610443
1776176043153,1.0,0.0,11041.7158203125,203.54942321777344,0.10180438309907913
1776176043173,1.0,0.0,11042.5634765625,203.65765380859375,0.10208919644355774
1776176043193,1.0,0.0,11043.5810546875,203.7688446044922,0.10232733190059662
1776176043213,1.0,0.0,11044.4296875,203.86123657226562,0.10261315107345581
1776176043233,1.0,0.0,11046.2978515625,203.9671173095703,0.10313671827316284
1776176043253,1.0,0.0,11047.3173828125,204.07762145996094,0.10342413932085037
1776176043273,1.0,0.0,11048.3369140625,204.1714630126953,0.10366322100162506
1776176043293,1.0,0.0,11049.1875,204.27976989746094,0.10394704341888428
1776176043313,1.0,0.0,11050.2080078125,204.3834991455078,0.10418559610843658
1776176043333,1.0,0.0,11052.0810546875,204.48915100097656,0.10471116006374359
1776176043353,1.0,0.0,11052.9326171875,204.6055145263672,0.10499797016382217
1776176043373,1.0,0.0,11053.955078125,204.7086944580078,0.10523671656847
1776176043393,1.0,0.0,11054.8076171875,204.79269409179688,0.10552351921796799
1776176043413,1.0,0.0,11055.8310546875,204.900390625,0.10581088811159134
1776176043433,1.0,0.0,11057.708984375,205.01321411132812,0.1063370332121849
1776176043453,1.0,0.0,11058.7333984375,205.10702514648438,0.10657691955566406
1776176043473,1.0,0.0,11059.587890625,205.2163848876953,0.1068640872836113
1776176043493,1.0,0.0,11060.61328125,205.3224334716797,0.10710413753986359
1776176043513,1.0,0.0,11061.46875,205.4130096435547,0.10739187896251678
1776176043533,1.0,0.0,11063.3505859375,205.5186767578125,0.10791992396116257
1776176043553,1.0,0.0,11064.3779296875,205.63304138183594,0.1082075759768486
1776176043574,1.0,0.0,11065.40625,205.73532104492188,0.10844799131155014
1776176043593,1.0,0.0,11066.2626953125,205.8142852783203,0.10873620212078094
1776176043613,1.0,0.0,11067.291015625,205.91964721679688,0.1089765653014183
1776176043633,1.0,0.0,11069.177734375,206.02291870117188,0.1095060333609581
1776176043653,1.0,0.0,11070.0361328125,206.13729858398438,0.1097949668765068
1776176043674,1.0,0.0,11071.06640625,206.23806762695312,0.11003568768501282
1776176043693,1.0,0.0,11071.92578125,206.31814575195312,0.11032422631978989
1776176043713,1.0,0.0,11072.95703125,206.4309844970703,0.11061368882656097
1776176043733,1.0,0.0,11074.8486328125,206.5325927734375,0.11114387214183807
1776176043753,1.0,0.0,11075.880859375,206.61386108398438,0.11138540506362915
1776176043774,1.0,0.0,11076.7412109375,206.7141876220703,0.1116749718785286
1776176043793,1.0,0.0,11077.7744140625,206.81639099121094,0.11191648989915848
1776176043813,1.0,0.0,11078.6357421875,206.9152374267578,0.11220649629831314
1776176043833,1.0,0.0,11080.5322265625,207.020263671875,0.11273778229951859
1776176043853,1.0,0.0,11081.5673828125,207.11383056640625,0.11302816867828369
1776176043873,1.0,0.0,11082.6025390625,207.20191955566406,0.11326992511749268
1776176043893,1.0,0.0,11083.4658203125,207.3005828857422,0.11356042325496674
1776176043913,1.0,0.0,11084.501953125,207.3946533203125,0.11380215734243393
1776176043934,1.0,0.0,11086.40234375,207.47743225097656,0.11433491110801697
1776176043953,1.0,0.0,11087.2666015625,207.57766723632812,0.11462631076574326
1776176043973,1.0,0.0,11088.3046875,207.6860809326172,0.11486922949552536
1776176043993,1.0,0.0,11089.169921875,207.77926635742188,0.11516108363866806
1776176044013,1.0,0.0,11090.2080078125,207.872802734375,0.11545255780220032
1776176044033,1.0,0.0,11092.11328125,207.96885681152344,0.1159849762916565
1776176044053,1.0,0.0,11093.1533203125,208.064453125,0.11622802168130875
1776176044073,1.0,0.0,11094.0205078125,208.17308044433594,0.11652015149593353
1776176044093,1.0,0.0,11095.0615234375,208.269775390625,0.1167629137635231
1776176044113,1.0,0.0,11095.9287109375,208.33416748046875,0.11705474555492401
1776176044134,1.0,0.0,11097.837890625,208.4308624267578,0.11759043484926224
1776176044153,1.0,0.0,11098.8798828125,208.54176330566406,0.11788250505924225
1776176044173,1.0,0.0,11099.921875,208.6397705078125,0.11812618374824524
1776176044193,1.0,0.0,11100.791015625,208.7432403564453,0.11841857433319092
1776176044213,1.0,0.0,11101.833984375,208.83522033691406,0.11866220086812973
1776176044233,1.0,0.0,11103.748046875,208.92137145996094,0.1191987544298172
1776176044253,1.0,0.0,11104.6181640625,209.0179901123047,0.11949173361063004
1776176044274,1.0,0.0,11105.6630859375,209.12435913085938,0.119735948741436
1776176044293,1.0,0.0,11106.5341796875,209.2105255126953,0.12002918869256973
1776176044313,1.0,0.0,11107.580078125,209.29763793945312,0.12032224237918854
1776176044334,1.0,0.0,11109.498046875,209.38658142089844,0.12086018174886703
1776176044353,1.0,0.0,11110.544921875,209.47625732421875,0.12110448628664017
1776176044373,1.0,0.0,11111.41796875,209.57102966308594,0.12139824032783508
1776176044393,1.0,0.0,11112.4658203125,209.67794799804688,0.1216430589556694
1776176044413,1.0,0.0,11113.3388671875,209.76513671875,0.12193726003170013
1776176044433,1.0,0.0,11115.2607421875,209.86160278320312,0.12247584015130997
1776176044453,1.0,0.0,11116.3095703125,209.95252990722656,0.1227700337767601
1776176044473,1.0,0.0,11117.3583984375,210.0172119140625,0.12301525473594666
1776176044493,1.0,0.0,11118.2333984375,210.09408569335938,0.12330961972475052
1776176044513,1.0,0.0,11119.283203125,210.20347595214844,0.12355536222457886
1776176044533,1.0,0.0,11121.208984375,210.29759216308594,0.12409567087888718
1776176044553,1.0,0.0,11122.0849609375,210.40750122070312,0.12439072132110596
1776176044573,1.0,0.0,11123.13671875,210.5146484375,0.12463636696338654
1776176044593,1.0,0.0,11124.013671875,210.60548400878906,0.12493130564689636
1776176044613,1.0,0.0,11125.06640625,210.703857421875,0.125226691365242
1776176044633,1.0,0.0,11126.998046875,210.7818145751953,0.12577010691165924
1776176044653,1.0,0.0,11128.0517578125,210.85003662109375,0.12601453065872192
1776176044673,1.0,0.0,11128.9296875,210.94886779785156,0.12630954384803772
1776176044693,1.0,0.0,11129.984375,211.05284118652344,0.12655656039714813
1776176044713,1.0,0.0,11130.86328125,211.13458251953125,0.12685233354568481
1776176044733,1.0,0.0,11132.798828125,211.22178649902344,0.127395361661911
1776176044753,1.0,0.0,11133.8544921875,211.3133544921875,0.1276913285255432
1776176044773,1.0,0.0,11134.9111328125,211.3972930908203,0.12793844938278198
1776176044793,1.0,0.0,11135.7919921875,211.50123596191406,0.12823498249053955
1776176044813,1.0,0.0,11136.849609375,211.58786010742188,0.12848176062107086
1776176044833,1.0,0.0,11138.7880859375,211.66082763671875,0.1290253847837448
1776176044853,1.0,0.0,11139.669921875,211.72695922851562,0.12932188808918
1776176044875,1.0,0.0,11140.728515625,211.80340576171875,0.12956902384757996
1776176044893,1.0,0.0,11141.6103515625,211.89053344726562,0.12986604869365692
1776176044913,1.0,0.0,11142.6689453125,211.9945068359375,0.13016308844089508
1776176044933,1.0,0.0,11144.611328125,212.0939178466797,0.1307074874639511
1776176044953,1.0,0.0,11145.671875,212.17340087890625,0.13095511496067047
1776176044973,1.0,0.0,11146.5556640625,212.26947021484375,0.13125215470790863
1776176044993,1.0,0.0,11147.6162109375,212.347412109375,0.1315002143383026
1776176045014,1.0,0.0,11148.5009765625,212.42132568359375,0.13179762661457062
1776176045033,1.0,0.0,11150.447265625,212.5216827392578,0.13234327733516693
1776176045053,1.0,0.0,11151.509765625,212.62498474121094,0.1326410323381424
1776176045073,1.0,0.0,11152.572265625,212.70709228515625,0.13288933038711548
1776176045093,1.0,0.0,11153.4580078125,212.789794921875,0.13318750262260437
1776176045113,1.0,0.0,11154.521484375,212.87112426757812,0.13343632221221924
1776176045133,0.9726499915122986,0.0,11156.47265625,212.9618377685547,0.13398271799087524
1776176045153,0.7030999660491943,0.0,11157.3603515625,213.0585479736328,0.13428126275539398
1776176045173,0.23805001378059387,0.0,11158.42578125,213.10211181640625,0.13453032076358795
1776176045193,0.0,0.0,11159.3134765625,213.07374572753906,0.13482841849327087
1776176045213,0.0,0.0,11160.37890625,212.99270629882812,0.1351270228624344
1776176045233,0.0,0.0,11162.33203125,212.88929748535156,0.1356748640537262
1776176045253,0.0,0.0,11163.396484375,212.79283142089844,0.1359233856201172
1776176045274,0.0,0.0,11164.283203125,212.67823791503906,0.13622334599494934
1776176045293,0.0,0.0,11165.3466796875,212.57473754882812,0.1364598572254181
1776176045313,0.0,0.0,11166.232421875,212.48641967773438,0.13676892220973969
1776176045333,0.0,0.009971555322408676,11168.1796875,212.37960815429688,0.1373145431280136
1776176045353,0.0,0.6154777407646179,11169.2412109375,212.2388458251953,0.137611985206604
1776176045373,0.0,1.0,11170.302734375,211.8198699951172,0.13786040246486664
1776176045393,0.0,1.0,11171.1865234375,211.09210205078125,0.13815723359584808
1776176045413,0.0,1.0,11172.244140625,210.29843139648438,0.1384037733078003
1776176045434,0.0,1.0,11174.173828125,209.61436462402344,0.1389448493719101
1776176045453,0.0,1.0,11175.046875,208.77981567382812,0.13923859596252441
1776176045473,0.0,1.0,11176.091796875,207.9490966796875,0.13948233425617218
1776176045493,0.0,1.0,11176.958984375,207.15138244628906,0.13977394998073578
1776176045513,0.0,1.0,11179.03125,206.19004821777344,0.14030595123767853
1776176045533,0.0,1.0,11179.8896484375,205.22743225097656,0.14059464633464813
1776176045553,0.0,1.0,11180.916015625,204.34434509277344,0.14083422720432281
1776176045574,0.0,1.0,11181.7685546875,203.4258270263672,0.14112019538879395
1776176045593,0.0,1.0,11182.787109375,202.4967041015625,0.14135859906673431
1776176045613,0.0,1.0,11183.6328125,201.74818420410156,0.14164233207702637
1776176045633,0.0,1.0,11185.4853515625,200.91360473632812,0.14216017723083496
1776176045653,0.0,1.0,11186.4912109375,200.0748291015625,0.14244137704372406
1776176045674,0.0,1.0,11187.4931640625,199.3509521484375,0.14267463982105255
1776176045693,0.0,1.0,11188.326171875,198.54737854003906,0.14295454323291779
1776176045713,0.0,1.0,11189.322265625,197.76800537109375,0.14318640530109406
1776176045734,0.0,1.0,11191.1396484375,197.09336853027344,0.1436948925256729
1776176045753,0.0,1.0,11191.9619140625,196.32656860351562,0.14397022128105164
1776176045773,0.0,1.0,11192.9462890625,195.52012634277344,0.14419925212860107
1776176045793,0.0,1.0,11193.763671875,194.8072052001953,0.14447595179080963
1776176045813,0.0,1.0,11194.7412109375,193.95640563964844,0.1447485238313675
1776176045833,0.0,1.0,11196.5234375,193.03506469726562,0.1452455371618271
1776176045853,0.0,1.0,11197.490234375,192.26559448242188,0.14547140896320343
1776176045873,0.0,1.0,11198.29296875,191.37481689453125,0.1457403004169464
1776176045893,0.0,1.0,11199.2529296875,190.44944763183594,0.14596429467201233
1776176045913,0.0,1.0,11200.0498046875,189.65333557128906,0.14623066782951355
1776176045933,0.0,1.0,11201.7919921875,188.737060546875,0.14671821892261505
1776176045953,0.0,1.0,11202.736328125,187.7790069580078,0.1469826102256775
1776176045973,0.0,1.0,11203.6767578125,186.9537811279297,0.14720234274864197
1776176045994,0.0,1.0,11204.4580078125,186.01116943359375,0.1474643349647522
1776176046013,0.0,1.0,11205.3916015625,185.0896759033203,0.14768238365650177
1776176046034,0.0,1.0,11207.091796875,184.30419921875,0.14815695583820343
1776176046053,0.0,1.0,11207.8603515625,183.3737335205078,0.14841556549072266
1776176046073,0.0,1.0,11208.779296875,182.53607177734375,0.14862966537475586
1776176046093,0.0,1.0,11209.5419921875,181.83889770507812,0.1488850861787796
1776176046113,0.0,1.0,11211.36328125,181.05728149414062,0.14935120940208435
1776176046133,0.0,1.0,11212.1181640625,180.3123016357422,0.14960533380508423
1776176046153,0.0,1.0,11213.021484375,179.68177795410156,0.1498151421546936
1776176046173,0.0,1.0,11213.771484375,178.96974182128906,0.15006831288337708
1776176046193,0.0,1.0,11214.6689453125,178.17616271972656,0.15027615427970886
1776176046213,0.0,1.0,11215.4140625,177.4473114013672,0.15052635967731476
1776176046233,0.0,1.0,11217.0458984375,176.58828735351562,0.15098264813423157
1776176046253,0.0,1.0,11217.9306640625,175.69749450683594,0.15122966468334198
1776176046273,0.0,1.0,11218.8115234375,174.93939208984375,0.1514340043067932
1776176046293,0.0,1.0,11219.54296875,174.09283447265625,0.15167972445487976
1776176046313,0.0,1.0,11220.4169921875,173.22076416015625,0.15188340842723846
1776176046333,0.0,1.0,11222.0078125,172.3961944580078,0.15232843160629272
1776176046353,0.0,1.0,11222.7265625,171.4414520263672,0.1525704264640808
1776176046373,0.0,1.0,11223.5859375,170.49293518066406,0.15277059376239777
1776176046393,0.0,1.0,11224.298828125,169.54734802246094,0.15301062166690826
1776176046413,0.0,1.0,11225.150390625,168.53237915039062,0.15324833989143372
1776176046434,0.0,1.0,11226.69921875,167.6218719482422,0.15368153154850006
1776176046453,0.0,1.0,11227.5390625,166.78404235839844,0.15387842059135437
1776176046473,0.0,1.0,11228.2353515625,165.82003784179688,0.15411242842674255
1776176046493,0.0,1.0,11229.0673828125,164.85997009277344,0.15430587530136108
1776176046513,0.0,1.0,11229.7578125,164.07232666015625,0.15453653037548065
1776176046533,0.0,1.0,11231.2666015625,163.1610107421875,0.15495948493480682
1776176046553,0.0,1.0,11232.083984375,162.1984405517578,0.15518663823604584
1776176046573,0.0,1.0,11232.8974609375,161.43890380859375,0.1553768366575241
1776176046593,0.0,1.0,11233.572265625,160.61492919921875,0.15560318529605865
1776176046613,0.0,1.0,11234.37890625,159.76499938964844,0.15579089522361755
1776176046633,0.0,1.0,11235.84765625,159.0675811767578,0.15620355308055878
1776176046653,0.0,1.0,11236.51171875,158.3201446533203,0.15642663836479187
1776176046673,0.0,1.0,11237.3056640625,157.5388641357422,0.1566113978624344
1776176046693,0.0,1.0,11237.96484375,156.8284149169922,0.1568337231874466
1776176046713,0.0,1.0,11238.751953125,156.04324340820312,0.15705499053001404
1776176046734,0.0,1.0,11240.1865234375,155.23350524902344,0.15745681524276733
1776176046753,0.0,1.0,11240.9638671875,154.50686645507812,0.15763741731643677
1776176046773,0.0,1.0,11241.609375,153.6197509765625,0.15785463154315948
1776176046793,0.0,1.0,11242.3798828125,152.72378540039062,0.15803492069244385
1776176046813,0.0,1.0,11243.01953125,151.9780731201172,0.15825018286705017
1776176046834,0.0,1.0,11244.4169921875,151.04464721679688,0.1586407721042633
1776176046853,0.0,1.0,11245.173828125,150.16055297851562,0.15885423123836517
1776176046873,0.0,1.0,11245.9267578125,149.4230499267578,0.15903013944625854
1776176046893,0.0,1.0,11246.55078125,148.49942016601562,0.15923988819122314
1776176046913,0.0,1.0,11247.296875,147.57168579101562,0.15941432118415833
1776176046933,0.0,1.0,11248.6533203125,146.78143310546875,0.15979419648647308
1776176046953,0.0,1.0,11249.265625,145.82032775878906,0.16000007092952728
1776176046976,0.0,1.0,11249.9970703125,144.86891174316406,0.16016970574855804
1776176046993,0.0,1.0,11250.603515625,144.05838012695312,0.1603732705116272
1776176047013,0.0,1.0,11251.328125,143.118408203125,0.1605747938156128
1776176047033,0.0,1.0,11252.64453125,142.24586486816406,0.16094490885734558
1776176047053,0.0,1.0,11253.357421875,141.5130615234375,0.16111041605472565
1776176047073,0.0,1.0,11253.9482421875,140.6136474609375,0.16130927205085754
1776176047093,0.0,1.0,11254.654296875,139.70411682128906,0.16147364675998688
1776176047113,0.0,1.0,11255.2392578125,138.9574432373047,0.16166992485523224
1776176047133,0.0,1.0,11256.5185546875,138.07798767089844,0.16202619671821594
1776176047153,0.0,1.0,11257.2109375,137.1378173828125,0.16222086548805237
1776176047173,0.0,1.0,11257.8994140625,136.37237548828125,0.16238071024417877
1776176047193,0.0,1.0,11258.4697265625,135.4889373779297,0.162571519613266
1776176047213,0.0,1.0,11259.150390625,134.62509155273438,0.1627303808927536
1776176047234,0.0,1.0,11260.388671875,133.72634887695312,0.1630771905183792
1776176047253,0.0,1.0,11260.947265625,132.99588012695312,0.1632649302482605
1776176047275,0.0,1.0,11261.6142578125,132.09552001953125,0.16342158615589142
1776176047294,0.0,1.0,11262.1669921875,131.32232666015625,0.16360615193843842
1776176047313,0.0,1.0,11262.8271484375,130.43943786621094,0.16379140317440033
1776176047333,0.0,1.0,11264.02734375,129.60133361816406,0.16412639617919922
1776176047353,0.0,1.0,11264.6767578125,128.87193298339844,0.16427713632583618
1776176047373,0.0,1.0,11265.21484375,128.02389526367188,0.16445715725421906
1776176047393,0.0,1.0,11265.857421875,127.17851257324219,0.16460703313350677
1776176047413,0.0,1.0,11266.390625,126.4732894897461,0.16478613018989563
1776176047433,0.0,1.0,11267.5537109375,125.62753295898438,0.1651114672422409
1776176047453,0.0,1.0,11268.18359375,124.81974792480469,0.1652858406305313
1776176047473,0.0,1.0,11268.8095703125,124.11576080322266,0.16543395817279816
1776176047493,0.0,1.0,11269.328125,123.2980728149414,0.16560795903205872
1776176047513,0.0,1.0,11269.947265625,122.42230987548828,0.16575156152248383
1776176047534,0.0,1.0,11271.07421875,121.6490707397461,0.166066974401474
1776176047553,0.0,1.0,11271.58203125,120.69351959228516,0.1662376970052719
1776176047573,0.0,1.0,11272.1875,119.70826721191406,0.16637884080410004
1776176047593,0.0,1.0,11272.689453125,118.84280395507812,0.16654911637306213
1776176047613,0.0,1.0,11273.2880859375,117.83393859863281,0.16671578586101532
1776176047633,0.0,1.0,11274.3740234375,116.84159088134766,0.16701941192150116
1776176047653,0.0,1.0,11274.9599609375,116.03054809570312,0.16715554893016815
1776176047674,0.0,1.0,11275.4453125,115.09268951416016,0.16731838881969452
1776176047693,0.0,1.0,11276.0244140625,114.1955795288086,0.16745266318321228
1776176047713,0.0,1.0,11276.50390625,113.45157623291016,0.1676144003868103
1776176047733,0.0,1.0,11277.548828125,112.60504913330078,0.16790802776813507
1776176047753,0.0,1.0,11278.11328125,111.78889465332031,0.16806568205356598
1776176047773,0.0,1.0,11278.673828125,111.10137939453125,0.1681971251964569
1776176047793,0.0,1.0,11279.138671875,110.34002685546875,0.168355330824852
1776176047814,0.0,1.0,11280.1533203125,109.60476684570312,0.16864173114299774
1776176047833,0.0,1.0,11280.7021484375,108.98135375976562,0.16877129673957825
1776176047853,0.0,1.0,11281.1572265625,108.1988525390625,0.1689254194498062
1776176047873,0.0,1.0,11281.7001953125,107.4149398803711,0.16905099153518677
1776176047893,0.0,1.0,11282.150390625,106.77544403076172,0.1692039668560028
1776176047913,0.0,1.0,11282.6875,105.9723129272461,0.16935545206069946
1776176047933,0.0,1.0,11283.662109375,105.11433410644531,0.16963110864162445
1776176047953,0.0,1.0,11284.1884765625,104.40067291259766,0.16975528001785278
1776176047973,0.0,1.0,11284.625,103.54833221435547,0.16990318894386292
1776176047993,0.0,1.0,11285.1455078125,102.6308364868164,0.1700262725353241
1776176048014,0.0,1.0,11286.0888671875,101.83418273925781,0.1702931523323059
1776176048033,0.0,1.0,11286.513671875,100.94298553466797,0.17043784260749817
1776176048053,0.0,1.0,11287.01953125,100.07958984375,0.17058095335960388
1776176048073,0.0,1.0,11287.521484375,99.32135009765625,0.17069998383522034
1776176048093,0.0,1.0,11287.9375,98.43634033203125,0.17084142565727234
1776176048113,0.0,1.0,11288.4326171875,97.59111022949219,0.1709584891796112
1776176048133,0.0,1.0,11289.33203125,96.89928436279297,0.17121337354183197
1776176048153,0.0,1.0,11289.7373046875,96.08934783935547,0.17135094106197357
1776176048173,0.0,1.0,11290.2197265625,95.25369262695312,0.17146587371826172
1776176048193,0.0,1.0,11290.619140625,94.56632995605469,0.17160452902317047
1776176048213,0.0,1.0,11291.095703125,93.84264373779297,0.1717398464679718
1776176048233,0.0,1.0,11291.9599609375,93.07669067382812,0.17198872566223145
1776176048253,0.0,1.0,11292.4267578125,92.45751953125,0.17209963500499725
1776176048275,0.0,1.0,11292.8134765625,91.65707397460938,0.17223390936851501
1776176048293,0.0,1.0,11293.2744140625,90.94304656982422,0.1723441630601883
1776176048313,0.0,1.0,11293.65625,90.36144256591797,0.1724773794412613
1776176048333,0.0,1.0,11294.48828125,89.63629150390625,0.17272068560123444
1776176048353,0.0,1.0,11294.9375,88.88800048828125,0.17285265028476715
1776176048374,0.0,1.0,11295.3837890625,88.2563705444336,0.17296068370342255
1776176048393,0.0,1.0,11295.7529296875,87.50588989257812,0.17309251427650452
1776176048413,0.0,1.0,11296.193359375,86.79373931884766,0.17320023477077484
1776176048434,0.0,1.0,11296.9921875,86.15692138671875,0.17343485355377197
1776176048453,0.0,1.0,11297.3515625,85.44498443603516,0.1735617071390152
1776176048473,0.0,1.0,11297.7802734375,84.63059997558594,0.1736665964126587
1776176048493,0.0,1.0,11298.1357421875,83.95355224609375,0.17379261553287506
1776176048513,0.0,1.0,11298.55859375,83.15699768066406,0.17391733825206757
1776176048533,0.0,1.0,11299.3251953125,82.36638641357422,0.1741427481174469
1776176048553,0.0,1.0,11299.73828125,81.68740844726562,0.17424489557743073
1776176048573,0.0,1.0,11300.080078125,80.95728302001953,0.1743648797273636
1776176048593,0.0,1.0,11300.4873046875,80.1664810180664,0.17446444928646088
1776176048613,0.0,1.0,11300.82421875,79.55359649658203,0.17458367347717285
1776176048633,0.0,1.0,11301.5576171875,78.84976959228516,0.17479930818080902
1776176048653,0.0,1.0,11301.953125,78.0841064453125,0.17491556704044342
1776176048673,0.0,1.0,11302.345703125,77.49466705322266,0.17501190304756165
1776176048693,0.0,1.0,11302.669921875,76.79570770263672,0.17512857913970947
1776176048713,0.0,1.0,11303.056640625,76.12503814697266,0.1752229630947113
1776176048733,0.0,1.0,11303.7578125,75.53221130371094,0.1754276603460312
1776176048753,0.0,1.0,11304.0732421875,74.86360168457031,0.17553763091564178
1776176048774,0.0,1.0,11304.44921875,74.2011489868164,0.17563050985336304
1776176048793,0.0,1.0,11304.7607421875,73.61449432373047,0.1757364571094513
1776176048813,0.0,1.0,11305.130859375,72.94717407226562,0.1758449226617813
1776176048833,0.0,1.0,11305.8017578125,72.31072998046875,0.17603835463523865
1776176048853,0.0,1.0,11306.1640625,71.72724914550781,0.17612634599208832
1776176048873,0.0,1.0,11306.4638671875,71.05220794677734,0.176229789853096
1776176048893,0.0,1.0,11306.8212890625,70.40006256103516,0.17631487548351288
1776176048913,0.0,1.0,11307.1171875,69.82582092285156,0.1764170527458191
1776176048933,0.0,1.0,11307.7607421875,69.1181869506836,0.17659789323806763
1776176048953,0.0,1.0,11308.107421875,68.44632720947266,0.17669802904129028
1776176048973,0.0,1.0,11308.451171875,67.85607147216797,0.17677871882915497
1776176048993,0.0,1.0,11308.7353515625,67.18851470947266,0.17687369883060455
1776176049013,0.0,1.0,11309.07421875,66.53569030761719,0.1769525557756424
1776176049033,0.0,1.0,11309.6875,65.96446990966797,0.1771237850189209
1776176049053,0.0,1.0,11309.962890625,65.28813171386719,0.17721571028232574
1776176049074,0.0,1.0,11310.291015625,64.60533142089844,0.1773073822259903
1776176049093,0.0,1.0,11310.6162109375,64.0163345336914,0.17738144099712372
1776176049113,0.0,1.0,11310.884765625,63.32577133178711,0.1774701625108719
1776176049134,0.0,1.0,11311.4697265625,62.66481399536133,0.1776300072669983
1776176049153,0.0,1.0,11311.7841796875,62.137481689453125,0.17770156264305115
1776176049175,0.0,1.0,11312.0439453125,61.5340461730957,0.17778539657592773
1776176049193,0.0,1.0,11312.353515625,60.883846282958984,0.17785511910915375
1776176049213,0.0,1.0,11312.609375,60.278045654296875,0.17793771624565125
1776176049233,0.0,1.0,11313.166015625,59.55419158935547,0.17808671295642853
1776176049253,0.0,1.0,11313.46484375,58.86383056640625,0.17816607654094696
1776176049273,0.0,1.0,11313.7607421875,58.22333526611328,0.17823193967342377
1776176049293,0.0,1.0,11314.0048828125,57.49881362915039,0.17830893397331238
1776176049313,0.0,1.0,11314.294921875,56.863319396972656,0.17837315797805786
1776176049333,0.0,1.0,11314.8193359375,56.29933166503906,0.17851026356220245
1776176049353,0.0,1.0,11315.0546875,55.61793899536133,0.17858335375785828
1776176049373,0.0,1.0,11315.333984375,55.014869689941406,0.1786441206932068
1776176049393,0.0,1.0,11315.564453125,54.41031265258789,0.1787157952785492
1776176049413,0.0,1.0,11315.8388671875,53.723934173583984,0.17878620326519012
1776176049433,0.0,1.0,11316.3349609375,53.093055725097656,0.17891237139701843
1776176049453,0.0,1.0,11316.6015625,52.56217575073242,0.1789693683385849
1776176049475,0.0,1.0,11316.822265625,51.81935119628906,0.179035484790802
1776176049493,0.0,1.0,11317.083984375,51.28496551513672,0.1790911704301834
1776176049513,0.0,1.0,11317.2998046875,50.69566345214844,0.1791568100452423
1776176049535,0.0,1.0,11317.7685546875,50.10454559326172,0.17927439510822296
1776176049553,0.0,1.0,11318.0205078125,49.542964935302734,0.17933838069438934
1776176049573,0.0,1.0,11318.26953125,49.0721321105957,0.1793903112411499
1776176049593,0.0,0.8347579836845398,11318.4755859375,48.47058868408203,0.17945390939712524
1776176049614,0.0,0.605271577835083,11318.720703125,47.88819885253906,0.17950546741485596
1776176049634,0.0,0.36630862951278687,11319.1630859375,47.41981887817383,0.17961516976356506
1776176049653,0.0,0.23925209045410156,11319.361328125,46.972843170166016,0.1796741485595703
1776176049673,0.0,0.14793184399604797,11319.59765625,46.56200408935547,0.17972445487976074
1776176049693,0.0,0.0979321226477623,11319.79296875,46.23875427246094,0.17978385090827942
1776176049713,0.0,0.052333734929561615,11320.025390625,45.90987777709961,0.17984187602996826
1776176049734,0.0,0.008534903638064861,11320.4482421875,45.62845993041992,0.17994758486747742
1776176049753,0.0,0.0003347668971400708,11320.6767578125,45.41356658935547,0.17999625205993652
1776176049773,0.0,0.0,11320.8671875,45.17517852783203,0.18005330860614777
1776176049793,0.0,0.0,11321.0947265625,44.943424224853516,0.18010154366493225
1776176049814,0.0,0.0,11321.283203125,44.7512092590332,0.1801586002111435
1776176049834,0.0,0.0,11321.6953125,44.53752899169922,0.1802600622177124
1776176049853,0.0,0.0,11321.9189453125,44.33362579345703,0.18030501902103424
1776176049874,0.0,0.0,11322.1044921875,44.16446304321289,0.18036329746246338
1776176049893,0.0,0.0,11322.326171875,43.97713851928711,0.1804182380437851
1776176049913,0.0,0.0,11322.546875,43.80574417114258,0.18046361207962036
1776176049933,0.0,0.0,11322.9501953125,43.67185974121094,0.180564746260643
1776176049953,0.0,0.0,11323.1318359375,43.523681640625,0.180620938539505
1776176049973,0.0,0.0,11323.349609375,43.37883758544922,0.18066589534282684
1776176049993,0.0,0.0,11323.5302734375,43.25290298461914,0.18072260916233063
1776176050014,0.0,0.0,11323.962890625,43.10271453857422,0.18082217872142792
1776176050033,0.0,0.0,11324.1416015625,42.9512825012207,0.18087755143642426
1776176050053,0.0,0.0,11324.35546875,42.81895065307617,0.18092258274555206
1776176050073,0.0,0.0,11324.533203125,42.66450119018555,0.1809767186641693
1776176050093,0.0,0.0,11324.74609375,42.512908935546875,0.18102380633354187
1776176050113,0.0,0.0,11324.9228515625,42.38423156738281,0.18107463419437408
1776176050134,0.0,0.0,11325.310546875,42.23396301269531,0.1811712384223938
1776176050153,0.0,0.0,11325.521484375,42.084754943847656,0.18122757971286774
1776176050173,0.0,0.0,11325.7314453125,41.95659637451172,0.18127046525478363
1776176050195,0.0,0.0,11325.90625,41.81106948852539,0.18132427334785461
1776176050213,0.0,0.0,11326.115234375,41.66891098022461,0.18136799335479736
1776176050234,0.0,0.0,11326.4970703125,41.55057907104492,0.18146510422229767
1776176050253,0.0,0.0,11326.669921875,41.4176139831543,0.18151934444904327
1776176050273,0.0,0.0,11326.876953125,41.283660888671875,0.1815628856420517
1776176050293,0.0,0.0,11327.048828125,41.1682243347168,0.1816147118806839
1776176050314,0.03570002317428589,0.0,11327.42578125,41.042388916015625,0.18170955777168274
1776176050333,0.05555000901222229,0.0,11327.630859375,40.929420471191406,0.1817622184753418
1776176050353,0.07140001654624939,0.0,11327.8349609375,40.844459533691406,0.18180610239505768
1776176050373,0.08330002427101135,0.0,11328.0048828125,40.75730895996094,0.1818566620349884
1776176050393,0.09525001049041748,0.0,11328.2080078125,40.68227767944336,0.1818992793560028
1776176050414,0.09920001029968262,0.0,11328.376953125,40.61539840698242,0.1819523572921753
1776176050434,0.11110001802444458,0.0,11328.7822265625,40.56325149536133,0.18204377591609955
1776176050453,0.11904999613761902,0.0,11328.951171875,40.505348205566406,0.18209609389305115
1776176050474,0.1269499957561493,0.0,11329.1533203125,40.462276458740234,0.18213720619678497
1776176050493,0.13885000348091125,0.0,11329.3212890625,40.4166145324707,0.1821899563074112
1776176050513,0.1547500193119049,0.0,11329.5234375,40.374969482421875,0.18223272264003754
1776176050534,0.17059999704360962,0.0,11329.892578125,40.3448371887207,0.18232698738574982
1776176050553,0.18650001287460327,0.0,11330.060546875,40.3140983581543,0.18237681686878204
1776176050573,0.21424999833106995,0.0,11330.26171875,40.288333892822266,0.1824284940958023
1776176050594,0.23805001378059387,0.0,11330.462890625,40.26571273803711,0.18247061967849731
1776176050613,0.25394999980926514,0.0,11330.6298828125,40.245216369628906,0.18252058327198029
1776176050633,0.2817000150680542,0.0,11330.9970703125,40.23296356201172,0.1826130896806717
1776176050655,0.3015500009059906,0.0,11331.197265625,40.22477722167969,0.1826564520597458
1776176050673,0.32534998655319214,0.0,11331.3642578125,40.22113800048828,0.18270599842071533
1776176050694,0.3452000021934509,0.0,11331.564453125,40.240386962890625,0.18275514245033264
1776176050714,0.36900001764297485,0.0,11331.931640625,40.28169250488281,0.18284790217876434
1776176050734,0.3968000113964081,0.0,11332.1318359375,40.33546447753906,0.18288952112197876
1776176050753,0.42454999685287476,0.0,11332.298828125,40.412288665771484,0.18293829262256622
1776176050773,0.452349990606308,0.0,11332.5,40.487098693847656,0.18298159539699554
1776176050793,0.4721499979496002,0.0,11332.66796875,40.6024055480957,0.1830320507287979
1776176050814,0.49994999170303345,0.0,11332.8701171875,40.75838851928711,0.18307450413703918
1776176050833,0.5038999915122986,0.0,11333.2421875,40.916648864746094,0.18317708373069763
1776176050853,0.5077999830245972,0.0,11333.4462890625,41.1174201965332,0.18321870267391205
1776176050874,0.5156000256538391,0.0,11333.6171875,41.33546447753906,0.1832706481218338
1776176050894,0.5195500254631042,0.0,11333.822265625,41.53099060058594,0.1833132803440094
1776176050916,0.5195500254631042,0.0,11334.201171875,41.79634475708008,0.1834094077348709
1776176050935,0.5195500254631042,0.0,11334.375,42.001644134521484,0.18346165120601654
1776176050953,0.5195500254631042,0.0,11334.583984375,42.21384048461914,0.18350428342819214
1776176050975,0.5195500254631042,0.0,11334.7587890625,42.46092224121094,0.1835586130619049
1776176050993,0.5195500254631042,0.0,11334.9697265625,42.70380401611328,0.18361127376556396
1776176051013,0.5195500254631042,0.0,11335.181640625,42.92163848876953,0.18365558981895447
1776176051035,0.5195500254631042,0.0,11335.5732421875,43.211360931396484,0.18375492095947266
1776176051054,0.5195500254631042,0.0,11335.7529296875,43.42495346069336,0.18380792438983917
1776176051073,0.5195500254631042,0.0,11335.96875,43.651031494140625,0.18385256826877594
1776176051093,0.5195500254631042,0.0,11336.1494140625,43.910640716552734,0.18390849232673645
1776176051114,0.5195500254631042,0.0,11336.3671875,44.17277526855469,0.18395480513572693
1776176051133,0.5195500254631042,0.0,11336.7705078125,44.39876937866211,0.18406707048416138
1776176051153,0.5195500254631042,0.0,11336.9921875,44.65963363647461,0.18411298096179962
1776176051174,0.5195500254631042,0.0,11337.177734375,44.92424392700195,0.1841689497232437
1776176051193,0.5195500254631042,0.0,11337.4013671875,45.159236907958984,0.18421655893325806
1776176051213,0.5195500254631042,0.0,11337.5888671875,45.446266174316406,0.18427376449108124
1776176051234,0.5195500254631042,0.0,11338.00390625,45.73724365234375,0.1843794286251068
1776176051254,0.5195500254631042,0.0,11338.232421875,45.985496520996094,0.18442870676517487
1776176051274,0.5195500254631042,0.0,11338.423828125,46.2839241027832,0.18448801338672638
1776176051293,0.5116999745368958,0.0,11338.6552734375,46.59049987792969,0.18454617261886597
1776176051313,0.5116999745368958,0.0,11338.8876953125,46.8546257019043,0.18459613621234894
1776176051333,0.5116999745368958,0.0,11339.3173828125,47.160682678222656,0.18470653891563416
1776176051353,0.5077999830245972,0.0,11339.5146484375,47.46878433227539,0.18476742506027222
1776176051373,0.5077999830245972,0.0,11339.751953125,47.731143951416016,0.18481820821762085
1776176051393,0.5077999830245972,0.0,11339.951171875,48.03811264038086,0.18488076329231262
1776176051415,0.5195500254631042,0.0,11340.392578125,48.34273147583008,0.18499624729156494
1776176051433,0.5429499745368958,0.0,11340.634765625,48.5974235534668,0.18505972623825073
1776176051453,0.59375,0.0,11340.87890625,48.893917083740234,0.18511372804641724
1776176051473,0.6484500169754028,0.0,11341.0830078125,49.2092399597168,0.18517884612083435
1776176051493,0.7030999660491943,0.0,11341.3291015625,49.50851821899414,0.18523366749286652
1776176051513,0.7734500169754028,0.0,11341.53515625,49.89164733886719,0.1852996051311493
1776176051534,0.8398499488830566,0.0,11341.9931640625,50.30613708496094,0.18542318046092987
1776176051553,0.8945499658584595,0.0,11342.2451171875,50.69971466064453,0.18548046052455902
1776176051574,0.96875,0.0,11342.4560546875,51.19600296020508,0.1855497807264328
1776176051593,1.0,0.0,11342.7119140625,51.727806091308594,0.18562033772468567
1776176051613,1.0,0.0,11342.9697265625,52.19930648803711,0.1856788694858551
1776176051635,1.0,0.0,11343.4482421875,52.83888626098633,0.18581053614616394
1776176051653,1.0,0.0,11343.6689453125,53.31569290161133,0.18588387966156006
1776176051673,1.0,0.0,11343.935546875,53.79658508300781,0.18594631552696228
1776176051693,1.0,0.0,11344.1591796875,54.35324478149414,0.1860213279724121
1776176051713,1.0,0.0,11344.4296875,54.916542053222656,0.1860845983028412
1776176051734,1.0,0.0,11344.9326171875,55.38941192626953,0.18623994290828705
1776176051753,1.0,0.0,11345.1640625,55.92906188964844,0.18630534410476685
1776176051773,1.0,0.0,11345.443359375,56.448768615722656,0.1863856464624405
1776176051793,1.0,0.0,11345.724609375,56.883331298828125,0.18645228445529938
1776176051813,1.0,0.0,11345.9609375,57.37486267089844,0.18653547763824463
1776176051833,1.0,0.0,11346.4853515625,57.84724044799805,0.1866845041513443
1776176051853,1.0,0.0,11346.7744140625,58.241573333740234,0.18675459921360016
1776176051873,1.0,0.0,11347.0166015625,58.70078659057617,0.1868402361869812
1776176051893,1.0,0.0,11347.30859375,59.1696891784668,0.18692460656166077
1776176051913,1.0,0.0,11347.6025390625,59.57358169555664,0.18699555099010468
1776176051933,1.0,0.0,11348.146484375,60.04322814941406,0.1871558576822281
1776176051953,1.0,0.0,11348.396484375,60.4994010925293,0.18724511563777924
1776176051973,1.0,0.0,11348.697265625,60.88699722290039,0.18731893599033356
1776176051993,1.0,0.0,11348.94921875,61.34004592895508,0.18740902841091156
1776176052013,1.0,0.0,11349.25390625,61.792537689208984,0.18748369812965393
1776176052033,1.0,0.0,11349.8173828125,62.17671203613281,0.1876661330461502
1776176052053,1.0,0.0,11350.1279296875,62.618778228759766,0.18774525821208954
1776176052073,1.0,0.0,11350.3876953125,63.048641204833984,0.1878363937139511
1776176052093,1.0,0.0,11350.701171875,63.409767150878906,0.18791715800762177
1776176052113,1.0,0.0,11350.9638671875,63.82688522338867,0.1880110800266266
1776176052133,1.0,0.0,11351.546875,64.24113464355469,0.18818838894367218
1776176052153,1.0,0.0,11351.8671875,64.589111328125,0.18826737999916077
1776176052173,1.0,0.0,11352.1357421875,64.98249816894531,0.18836379051208496
1776176052193,1.0,0.0,11352.4599609375,65.27003479003906,0.18846264481544495
1776176052213,1.0,0.0,11352.78515625,65.35491180419922,0.18854349851608276
1776176052233,1.0,0.0,11353.384765625,65.41790771484375,0.18872320652008057
1776176052254,1.0,0.0,11353.6572265625,65.66280364990234,0.18881964683532715
1776176052274,1.0,0.0,11353.9853515625,65.95045471191406,0.18890352547168732
1776176052293,1.0,0.0,11354.259765625,66.2940673828125,0.18900316953659058
1776176052313,0.9882999658584595,0.0,11354.58984375,66.33810424804688,0.18908745050430298
1776176052334,0.8905999660491943,0.0,11355.1982421875,66.31964111328125,0.18928717076778412
1776176052353,0.7655999660491943,0.0,11355.529296875,66.29586029052734,0.18937304615974426
1776176052373,0.6015499830245972,0.0,11355.8056640625,66.2760238647461,0.18947286903858185
1776176052393,0.492000013589859,0.0,11356.13671875,66.25938415527344,0.18955956399440765
1776176052413,0.361050009727478,0.0,11356.412109375,66.23787689208984,0.1896577924489975
1776176052434,0.25394999980926514,0.0,11357.0185546875,66.21656799316406,0.18984496593475342
1776176052453,0.2102999985218048,0.0,11357.3486328125,66.19895935058594,0.18993061780929565
1776176052474,0.21825000643730164,0.0,11357.6240234375,66.17679595947266,0.1900329738855362
1776176052493,0.26980000734329224,0.0,11357.9541015625,66.1565170288086,0.19011567533016205
1776176052513,0.35315001010894775,0.0,11358.2294921875,66.13562774658203,0.1902189999818802
1776176052533,0.4721499979496002,0.0,11358.8896484375,66.112548828125,0.19040752947330475
1776176052553,0.5820499658584595,0.0,11359.1650390625,66.15409851074219,0.19051073491573334
1776176052573,0.6679499745368958,0.0,11359.4951171875,66.50883483886719,0.1906009018421173
1776176052593,0.7577999830245972,0.0,11359.771484375,66.95096588134766,0.1907031387090683
1776176052613,0.84375,0.0,11360.1044921875,67.41927337646484,0.19079123437404633
1776176052633,0.90625,0.0,11360.720703125,67.83840942382812,0.1909971982240677
1776176052653,0.9648499488830566,0.0,11361.060546875,68.34205627441406,0.19108596444129944
1776176052673,1.0,0.0,11361.345703125,68.85608673095703,0.19119063019752502
1776176052693,1.0,0.0,11361.689453125,69.29935455322266,0.19128106534481049
1776176052714,1.0,0.0,11361.9775390625,69.8161392211914,0.19138869643211365
1776176052733,1.0,0.0,11362.6171875,70.31986236572266,0.19159047305583954
1776176052753,1.0,0.0,11362.96875,70.71702575683594,0.19168123602867126
1776176052773,1.0,0.0,11363.263671875,71.15113067626953,0.19179204106330872
1776176052794,1.0,0.0,11363.619140625,71.57258605957031,0.19190286099910736
1776176052813,1.0,0.0,11363.9765625,71.92193603515625,0.1919996738433838
1776176052833,1.0,0.0,11364.6357421875,72.32941436767578,0.19220329821109772
1776176052853,1.0,0.0,11364.9375,72.72940063476562,0.19231443107128143
1776176052873,1.0,0.0,11365.30078125,73.0576400756836,0.19241105020046234
1776176052893,1.0,0.0,11365.6044921875,73.4376449584961,0.1925288289785385
1776176052913,1.0,0.0,11365.9697265625,73.8207015991211,0.19262509047985077
1776176052933,1.0,0.0,11366.6435546875,74.14167785644531,0.1928575038909912
1776176052953,1.0,0.0,11367.013671875,74.48308563232422,0.1929570585489273
1776176052973,1.0,0.0,11367.3232421875,74.82231903076172,0.19307257235050201
1776176052993,1.0,0.0,11367.6953125,75.10926818847656,0.19317001104354858
1776176053013,1.0,0.0,11368.0068359375,75.44246673583984,0.19328877329826355
1776176053034,1.0,0.0,11368.6953125,75.78949737548828,0.19350603222846985
1776176053054,1.0,0.0,11369.0732421875,76.15377044677734,0.19360525906085968
1776176053073,1.0,0.0,11369.3896484375,76.46443176269531,0.1937234252691269
1776176053093,1.0,0.0,11369.7705078125,76.81378936767578,0.1938478797674179
1776176053113,1.0,0.0,11370.1533203125,77.11158752441406,0.1939481943845749
1776176053134,1.0,0.0,11370.859375,77.46340942382812,0.1941683441400528
1776176053153,1.0,0.0,11371.181640625,77.81983947753906,0.19428834319114685
1776176053173,1.0,0.0,11371.5703125,78.12198638916016,0.19438883662223816
1776176053193,1.0,0.0,11371.8955078125,78.47614288330078,0.19451026618480682
1776176053213,1.0,0.0,11372.287109375,78.83399200439453,0.1946122646331787
1776176053234,1.0,0.0,11373.0078125,79.1281509399414,0.19485852122306824
1776176053253,1.0,0.0,11373.4033203125,79.45956420898438,0.19495895504951477
1776176053273,1.0,0.0,11373.7333984375,79.76897430419922,0.19508272409439087
1776176053293,1.0,0.0,11374.130859375,80.05464172363281,0.19518528878688812
1776176053313,1.0,0.0,11374.4638671875,80.39918518066406,0.19531060755252838
1776176053334,1.0,0.0,11375.19921875,80.74156188964844,0.19553937017917633
1776176053353,1.0,0.0,11375.6025390625,81.04013061523438,0.19564379751682281
1776176053373,1.0,0.0,11375.939453125,81.39574432373047,0.19577178359031677
1776176053393,1.0,0.0,11376.345703125,81.74115753173828,0.19589731097221375
1776176053413,1.0,0.0,11376.685546875,82.03250122070312,0.19599854946136475
1776176053433,1.0,0.0,11377.5048828125,82.37852478027344,0.1962285041809082
1776176053453,1.0,0.0,11377.84765625,82.71037292480469,0.19635598361492157
1776176053473,1.0,0.0,11378.2607421875,82.99177551269531,0.19646139442920685
1776176053493,1.0,0.0,11378.6064453125,83.33804321289062,0.19659173488616943
1776176053513,1.0,0.0,11379.0224609375,83.68994140625,0.1966964304447174
1776176053533,1.0,0.0,11379.7880859375,83.98041534423828,0.1969500333070755
1776176053553,1.0,0.0,11380.2080078125,84.3086166381836,0.1970568150281906
1776176053573,1.0,0.0,11380.55859375,84.63438415527344,0.19718629121780396
1776176053593,1.0,0.0,11380.98046875,84.91956329345703,0.19729389250278473
1776176053613,1.0,0.0,11381.3330078125,85.24810791015625,0.19742503762245178
1776176053635,1.0,0.0,11382.11328125,85.5867691040039,0.19766394793987274
1776176053653,1.0,0.0,11382.541015625,85.86810302734375,0.19777195155620575
1776176053673,1.0,0.0,11382.8984375,86.19581604003906,0.19790376722812653
1776176053693,1.0,0.0,11383.328125,86.52236938476562,0.19803306460380554
1776176053713,1.0,0.0,11383.759765625,86.80790710449219,0.19814206659793854
1776176053734,1.0,0.0,11384.5546875,87.13895416259766,0.19838158786296844
1776176053753,1.0,0.0,11384.91796875,87.45667266845703,0.19851534068584442
1776176053773,1.0,0.0,11385.3544921875,87.72825622558594,0.19862711429595947
1776176053793,1.0,0.0,11385.7197265625,88.05907440185547,0.19875915348529816
1776176053813,1.0,0.0,11386.1591796875,88.38719940185547,0.19886770844459534
1776176053834,1.0,0.0,11386.9677734375,88.70642852783203,0.1991366744041443
1776176053853,1.0,0.0,11387.4111328125,88.97335052490234,0.199245885014534
1776176053873,1.0,0.0,11387.78125,89.2857666015625,0.1993793398141861
1776176053893,1.0,0.0,11388.2265625,89.56229400634766,0.19949202239513397
1776176053913,1.0,0.0,11388.5986328125,89.88036346435547,0.19962729513645172
1776176053933,1.0,0.0,11389.4208984375,90.18472290039062,0.19987377524375916
1776176053953,1.0,0.0,11389.87109375,90.43780517578125,0.19998614490032196
1776176053973,1.0,0.0,11390.2470703125,90.74044036865234,0.20012255012989044
1776176053993,1.0,0.0,11390.7001953125,91.05785369873047,0.20025812089443207
1776176054013,1.0,0.0,11391.154296875,91.32814025878906,0.2003706991672516
1776176054034,1.0,0.0,11391.9150390625,91.62139129638672,0.20061926543712616
1776176054053,1.0,0.0,11392.373046875,91.91621398925781,0.20075377821922302
1776176054073,1.0,0.0,11392.83203125,92.18437957763672,0.2008674442768097
1776176054093,1.0,0.0,11393.2158203125,92.49978637695312,0.20100663602352142
1776176054113,1.0,0.0,11393.677734375,92.80191802978516,0.20111988484859467
1776176054134,1.0,0.0,11394.52734375,93.04696655273438,0.20139601826667786
1776176054153,1.0,0.0,11394.9921875,93.32089233398438,0.20151041448116302
1776176054173,1.0,0.0,11395.380859375,93.60621643066406,0.20164835453033447
1776176054193,1.0,0.0,11395.84765625,93.86124420166016,0.20176264643669128
1776176054213,1.0,0.0,11396.23828125,94.1571273803711,0.2019011229276657
1776176054234,1.0,0.0,11397.1005859375,94.4458999633789,0.20215854048728943
1776176054253,1.0,0.0,11397.572265625,94.6749267578125,0.20227111876010895
1776176054273,1.0,0.0,11397.966796875,94.94374084472656,0.20241133868694305
1776176054293,1.0,0.0,11398.4404296875,95.22632598876953,0.20254814624786377
1776176054313,1.0,0.0,11398.916015625,95.48477935791016,0.20266492664813995
1776176054333,1.0,0.0,11399.7900390625,95.77326202392578,0.20294396579265594
1776176054353,1.0,0.0,11400.2685546875,96.03958129882812,0.20306050777435303
1776176054374,1.0,0.0,11400.66796875,96.2635269165039,0.20319893956184387
1776176054393,1.0,0.0,11401.1484375,96.53515625,0.2033163458108902
1776176054413,1.0,0.0,11401.5498046875,96.82256317138672,0.2034539133310318
1776176054433,1.0,0.0,11402.4365234375,97.0655288696289,0.20371386408805847
1776176054453,1.0,0.0,11402.921875,97.32637786865234,0.20382921397686005
1776176054473,1.0,0.0,11403.3271484375,97.57576751708984,0.20397168397903442
1776176054493,1.0,0.0,11403.814453125,97.80017852783203,0.20411330461502075
1776176054513,1.0,0.0,11404.302734375,98.05875396728516,0.2042304426431656
1776176054534,1.0,0.0,11405.201171875,98.31053161621094,0.20449014008045197
1776176054554,1.0,0.0,11405.6103515625,98.52096557617188,0.20463187992572784
1776176054573,1.0,0.0,11406.1025390625,98.77802276611328,0.20475004613399506
1776176054593,1.0,0.0,11406.513671875,99.0445327758789,0.20489192008972168
1776176054613,1.0,0.0,11407.0078125,99.27196502685547,0.20500923693180084
1776176054633,1.0,0.0,11407.91796875,99.5186996459961,0.2052941918373108
1776176054653,1.0,0.0,11408.416015625,99.7629623413086,0.2054135799407959
1776176054673,1.0,0.0,11408.8310546875,99.9888916015625,0.2055540233850479
1776176054693,1.0,0.0,11409.3310546875,100.24310302734375,0.20567280054092407
1776176054713,1.0,0.0,11409.748046875,100.47132110595703,0.20581568777561188
1776176054733,1.0,0.0,11410.66796875,100.66230010986328,0.20607782900333405
1776176054753,1.0,0.0,11411.1708984375,100.8959732055664,0.20619773864746094
1776176054773,1.0,0.0,11411.5908203125,101.13687133789062,0.20634078979492188
1776176054793,1.0,0.0,11412.095703125,101.3640365600586,0.2064828723669052
1776176054813,1.0,0.0,11412.6025390625,101.62924194335938,0.20660197734832764
1776176054833,1.0,0.0,11413.5341796875,101.87550354003906,0.20686499774456024
1776176054853,1.0,0.0,11413.958984375,102.0772705078125,0.20700819790363312
1776176054873,1.0,0.0,11414.4697265625,102.31829833984375,0.2071298211812973
1776176054893,1.0,0.0,11414.8955078125,102.56515502929688,0.2072695791721344
1776176054913,1.0,0.0,11415.4072265625,102.7795639038086,0.20738926529884338
1776176054933,1.0,0.0,11416.3486328125,103.02204895019531,0.207675039768219
1776176054953,1.0,0.0,11416.86328125,103.26536560058594,0.2077956348657608
1776176054973,1.0,0.0,11417.29296875,103.47662353515625,0.2079389989376068
1776176054993,1.0,0.0,11417.8095703125,103.72494506835938,0.20805832743644714
1776176055013,1.0,0.0,11418.2412109375,103.97921752929688,0.20820392668247223
1776176055034,1.0,0.0,11419.193359375,104.19510650634766,0.20846830308437347
1776176055053,1.0,0.0,11419.7138671875,104.43306732177734,0.2085876315832138
1776176055073,1.0,0.0,11420.1484375,104.68696594238281,0.2087329775094986
1776176055093,1.0,0.0,11420.6708984375,104.90953826904297,0.20887954533100128
1776176055113,1.0,0.0,11421.1953125,105.15548706054688,0.20899957418441772
1776176055134,1.0,0.0,11422.1591796875,105.4079818725586,0.20926697552204132
1776176055153,1.0,0.0,11422.5986328125,105.625732421875,0.20941078662872314
1776176055173,1.0,0.0,11423.126953125,105.87516784667969,0.2095339149236679
1776176055193,1.0,0.0,11423.5673828125,106.1163101196289,0.20968101918697357
1776176055214,1.0,0.0,11424.0966796875,106.31137084960938,0.20982816815376282
1776176055235,1.0,0.0,11425.0703125,106.539306640625,0.21009741723537445
1776176055253,1.0,0.0,11425.513671875,106.77949523925781,0.21022073924541473
1776176055273,1.0,0.0,11426.046875,106.97952270507812,0.2103683054447174
1776176055293,1.0,0.0,11426.5810546875,107.21415710449219,0.2104918211698532
1776176055313,1.0,0.0,11427.02734375,107.4498291015625,0.21063977479934692
1776176055334,1.0,0.0,11428.0107421875,107.64537811279297,0.21091145277023315
1776176055353,1.0,0.0,11428.548828125,107.87879180908203,0.21106009185314178
1776176055373,0.9570499658584595,0.0,11428.998046875,108.11041259765625,0.21118459105491638
1776176055393,0.7538999915122986,0.0,11429.5380859375,108.29054260253906,0.21133431792259216
1776176055414,0.4007500112056732,0.0,11430.0791015625,108.47669982910156,0.21145883202552795
1776176055434,0.0,0.0,11431.072265625,108.53190612792969,0.2117343544960022
1776176055453,0.0,0.0,11431.5244140625,108.4691390991211,0.21188275516033173
1776176055473,0.0,0.0,11432.06640625,108.34024047851562,0.21200814843177795
1776176055493,0.0,0.0,11432.517578125,108.19157409667969,0.21215736865997314
1776176055513,0.0,0.0,11433.05859375,108.06024169921875,0.21228192746639252
1776176055533,0.0,0.0,11434.0478515625,107.90338897705078,0.21257992088794708
1776176055553,0.0,0.0,11434.5869140625,107.74552154541016,0.2127031832933426
1776176055573,0.0,0.0,11435.03515625,107.611572265625,0.21285206079483032
1776176055593,0.0,0.0,11435.572265625,107.45359802246094,0.212975412607193
1776176055614,0.0,0.0,11436.01953125,107.29385375976562,0.2131236046552658
1776176055634,0.0,0.0005969975609332323,11437.001953125,107.13751220703125,0.2133951485157013
1776176055653,0.0,0.005779007915407419,11437.537109375,107.00421142578125,0.21351812779903412
1776176055673,0.0,0.019967637956142426,11437.982421875,106.84117126464844,0.2136641889810562
1776176055693,0.0,0.03716587647795677,11438.5166015625,106.68994140625,0.2138115018606186
1776176055713,0.0,0.054057586938142776,11439.0498046875,106.49853515625,0.21393246948719025
1776176055733,0.0,0.07381204515695572,11440.0263671875,106.28910064697266,0.21420133113861084
1776176055753,0.0,0.09270945191383362,11440.46875,106.0914306640625,0.21434788405895233
1776176055773,0.0,0.11196944862604141,11440.9990234375,105.84073638916016,0.21447569131851196
1776176055793,0.0,0.1241873949766159,11441.4404296875,105.5787582397461,0.21461334824562073
1776176055813,0.0,0.13401572406291962,11441.96875,105.33897399902344,0.2147345095872879
1776176055834,0.0,0.13401572406291962,11442.9345703125,105.04827880859375,0.21502336859703064
1776176055853,0.0,0.13401572406291962,11443.4599609375,104.75210571289062,0.21514365077018738
1776176055873,0.0,0.1374005228281021,11443.896484375,104.51226043701172,0.21528707444667816
1776176055893,0.0,0.14084765315055847,11444.419921875,104.23355865478516,0.21540652215480804
1776176055913,0.0,0.14793184399604797,11444.85546875,103.93903350830078,0.21555063128471375
1776176055934,0.0,0.14793184399604797,11445.8095703125,103.68508911132812,0.21581029891967773
1776176055953,0.0,0.14793184399604797,11446.328125,103.39471435546875,0.21595215797424316
1776176055975,0.0,0.1552741378545761,11446.7587890625,103.10022735595703,0.21606948971748352
1776176055993,0.0,0.1590927094221115,11447.2744140625,102.8435287475586,0.21621109545230865
1776176056013,0.0,0.16683508455753326,11447.7890625,102.54857635498047,0.2163272500038147
1776176056033,0.0,0.17080825567245483,11448.7294921875,102.25215911865234,0.21658377349376678
1776176056054,0.0,0.1748504638671875,11449.1552734375,101.98178100585938,0.21672269701957703
1776176056073,0.0,0.1748504638671875,11449.6650390625,101.65673065185547,0.21683946251869202
1776176056093,0.0,0.1748504638671875,11450.0888671875,101.3414306640625,0.21697799861431122
1776176056113,0.0,0.1748504638671875,11450.5966796875,101.0739517211914,0.21711593866348267
1776176056133,0.0,0.1748504638671875,11451.5234375,100.7543716430664,0.2173682004213333
1776176056153,0.0,0.1748504638671875,11452.02734375,100.42898559570312,0.21748453378677368
1776176056173,0.0,0.1748504638671875,11452.4462890625,100.1537094116211,0.21762041747570038
1776176056193,0.0,0.16683508455753326,11452.947265625,99.8368148803711,0.21773399412631989
1776176056213,0.0,0.1552741378545761,11453.3642578125,99.52618408203125,0.21786946058273315
1776176056234,0.0,0.12104549258947372,11454.2763671875,99.2564926147461,0.218116894364357
1776176056253,0.0,0.042786601930856705,11454.7724609375,98.97393035888672,0.21825265884399414
1776176056273,0.0,2.4670845959917642e-05,11455.267578125,98.75494384765625,0.21836404502391815
1776176056293,0.0,0.0,11455.6796875,98.5892562866211,0.2184988409280777
1776176056313,0.0,0.0,11456.1728515625,98.40176391601562,0.21861039102077484
1776176056335,0.0,0.0,11457.0751953125,98.21524047851562,0.21885567903518677
1776176056354,0.0,0.0,11457.484375,98.05484008789062,0.21898822486400604
1776176056373,0.0,0.0,11457.974609375,97.86972045898438,0.21910086274147034
1776176056393,0.0,0.0,11458.3828125,97.68682098388672,0.21923436224460602
1776176056413,0.0,0.0,11458.8720703125,97.5302734375,0.2193659245967865
1776176056433,0.0,0.0,11459.7666015625,97.34148406982422,0.219610795378685
1776176056453,0.0,0.0,11460.25390625,97.1520767211914,0.21971945464611053
1776176056473,0.05555000901222229,0.0,11460.6591796875,96.99226379394531,0.21985061466693878
1776176056493,0.15870001912117004,0.0,11461.14453125,96.81507110595703,0.21996140480041504
1776176056513,0.27775001525878906,0.0,11461.548828125,96.65794372558594,0.22009339928627014
1776176056534,0.3452000021934509,0.0,11462.435546875,96.50763702392578,0.22033311426639557
1776176056553,0.3769499957561493,0.0,11462.91796875,96.39020538330078,0.22044214606285095
1776176056574,0.38089999556541443,0.0,11463.3193359375,96.27943420410156,0.22057309746742249
1776176056593,0.37299999594688416,0.0,11463.80078125,96.20718383789062,0.22070269286632538
1776176056613,0.3571000099182129,0.0,11464.2822265625,96.13072204589844,0.2208140790462494
1776176056633,0.32534998655319214,0.0,11465.1640625,96.06267547607422,0.22105221450328827
1776176056653,0.3015500009059906,0.0,11465.564453125,95.99627685546875,0.22118276357650757
1776176056673,0.2857000231742859,0.0,11466.044921875,95.90928649902344,0.2212904989719391
1776176056693,0.2817000150680542,0.0,11466.4453125,95.81391906738281,0.22142082452774048
1776176056713,0.2857000231742859,0.0,11466.9248046875,95.73100280761719,0.221551313996315
1776176056733,0.29360002279281616,0.0,11467.802734375,95.6351547241211,0.2217664122581482
1776176056753,0.31744998693466187,0.0,11468.201171875,95.54296875,0.2218959927558899
1776176056773,0.3372499942779541,0.0,11468.6787109375,95.46747589111328,0.22202590107917786
1776176056793,0.361050009727478,0.0,11469.15625,95.38712310791016,0.22213442623615265
1776176056813,0.3769499957561493,0.0,11469.5537109375,95.32524108886719,0.22226327657699585
1776176056834,0.3928000032901764,0.0,11470.427734375,95.27132415771484,0.22249847650527954
1776176056853,0.3968000113964081,0.0,11470.904296875,95.23162841796875,0.22260941565036774
1776176056873,0.4007500112056732,0.0,11471.30078125,95.1859130859375,0.2227381467819214
1776176056893,0.4007500112056732,0.0,11471.7763671875,95.15238952636719,0.22286707162857056
1776176056913,0.3928000032901764,0.0,11472.251953125,95.11653137207031,0.2229740470647812
1776176056934,0.3928000032901764,0.0,11473.1240234375,95.0820083618164,0.2232106477022171
1776176056953,0.3928000032901764,0.0,11473.5205078125,95.04940795898438,0.2233399599790573
1776176056973,0.3928000032901764,0.0,11473.99609375,95.02029418945312,0.22344744205474854
1776176056993,0.4007500112056732,0.0,11474.392578125,95.00334167480469,0.22357669472694397
1776176057013,0.40869998931884766,0.0,11474.8671875,94.98764038085938,0.22368517518043518
1776176057034,0.41659998893737793,0.0,11475.7373046875,94.97166442871094,0.22394181787967682
1776176057053,0.4205999970436096,0.0,11476.2119140625,94.96778106689453,0.22404739260673523
1776176057073,0.42454999685287476,0.0,11476.607421875,94.96519470214844,0.22417739033699036
1776176057093,0.42454999685287476,0.0,11477.08203125,94.9498519897461,0.2242833971977234
1776176057113,0.4205999970436096,0.0,11477.4775390625,94.9351577758789,0.2244141846895218
1776176057135,0.41659998893737793,0.0,11478.34765625,94.91883850097656,0.22464750707149506
1776176057153,0.4126499891281128,0.0,11478.822265625,94.88945770263672,0.2247777283191681
1776176057173,0.40869998931884766,0.0,11479.2958984375,94.85615539550781,0.2248838245868683
1776176057193,0.40470001101493835,0.0,11479.69140625,94.84344482421875,0.22501350939273834
1776176057213,0.4007500112056732,0.0,11480.1650390625,94.8229751586914,0.2251187413930893
1776176057234,0.38885000348091125,0.0,11481.033203125,94.78329467773438,0.22535455226898193
1776176057254,0.3769499957561493,0.0,11481.427734375,94.75186920166016,0.22548116743564606
1776176057273,0.3452000021934509,0.0,11481.9013671875,94.71597290039062,0.22558845579624176
1776176057293,0.3015500009059906,0.0,11482.2958984375,94.66997528076172,0.225716233253479
1776176057313,0.2658500075340271,0.0,11482.76953125,94.61466217041016,0.22582228481769562
1776176057334,0.22220000624656677,0.0,11483.63671875,94.5293197631836,0.22607862949371338
1776176057353,0.18250000476837158,0.0,11484.109375,94.43518829345703,0.22618426382541656
1776176057373,0.15870001912117004,0.0,11484.5029296875,94.34846496582031,0.22631044685840607
1776176057393,0.14680001139640808,0.0,11484.974609375,94.24266815185547,0.22641734778881073
1776176057413,0.14680001139640808,0.0,11485.3671875,94.1303939819336,0.22654354572296143
1776176057433,0.15080001950263977,0.0,11486.23046875,94.03036499023438,0.2267760932445526
1776176057453,0.16269999742507935,0.0,11486.7001953125,93.9172592163086,0.22690339386463165
1776176057475,0.1746000051498413,0.0,11487.169921875,93.8017349243164,0.2270098775625229
1776176057493,0.1904500126838684,0.0,11487.560546875,93.6955795288086,0.22713325917720795
1776176057513,0.2102999985218048,0.0,11488.029296875,93.57344818115234,0.22723843157291412
1776176057534,0.2261500060558319,0.0,11488.88671875,93.45462799072266,0.22746987640857697
1776176057553,0.2301500141620636,0.0,11489.2763671875,93.3531265258789,0.22759491205215454
1776176057573,0.23805001378059387,0.0,11489.7431640625,93.23320007324219,0.22769849002361298
1776176057593,0.24204999208450317,0.0,11490.1318359375,93.1159439086914,0.22782506048679352
1776176057613,0.25394999980926514,0.0,11490.59765625,93.020751953125,0.22793009877204895
1776176057634,0.26980000734329224,0.0,11491.4501953125,92.90631103515625,0.22818012535572052
1776176057653,0.3095000088214874,0.0,11491.9150390625,92.78553009033203,0.22828581929206848
1776176057673,0.3372499942779541,0.0,11492.3017578125,92.6948013305664,0.2284090518951416
1776176057693,0.36900001764297485,0.0,11492.765625,92.61360168457031,0.2285127341747284
1776176057713,0.40470001101493835,0.0,11493.1513671875,92.55723571777344,0.22863678634166718
1776176057733,0.42454999685287476,0.0,11494.0,92.51911163330078,0.22886596620082855
1776176057753,0.4364500045776367,0.0,11494.462890625,92.48794555664062,0.22896739840507507
1776176057773,0.4404500126838684,0.0,11494.8486328125,92.46751403808594,0.22909341752529144
1776176057793,0.4404500126838684,0.0,11495.310546875,92.45232391357422,0.2292172759771347
1776176057813,0.42855000495910645,0.0,11495.7724609375,92.43651580810547,0.22931991517543793
1776176057837,0.4205999970436096,0.0,11496.619140625,92.42103576660156,0.22954772412776947
1776176057853,0.4205999970436096,0.0,11497.00390625,92.41096496582031,0.2296716570854187
1776176057873,0.4205999970436096,0.0,11497.4658203125,92.3858413696289,0.2297760546207428
1776176057893,0.42454999685287476,0.0,11497.8505859375,92.35259246826172,0.2299012690782547
1776176057913,0.4364500045776367,0.0,11498.3125,92.3267822265625,0.23002751171588898
1776176057934,0.44440001249313354,0.0,11499.1591796875,92.30388641357422,0.23025566339492798
1776176057953,0.46424999833106995,0.0,11499.6201171875,92.27632141113281,0.23035825788974762
1776176057973,0.4761500060558319,0.0,11500.0048828125,92.25438690185547,0.23048725724220276
1776176057993,0.5,0.0,11500.4658203125,92.23536682128906,0.2305906116962433
1776176058014,0.5116999745368958,0.0,11500.849609375,92.22689819335938,0.23071587085723877
1776176058035,0.53125,0.0,11501.6943359375,92.2270736694336,0.23094525933265686
1776176058053,0.5547000169754028,0.0,11502.1552734375,92.2419662475586,0.23105262219905853
1776176058073,0.5780999660491943,0.0,11502.5400390625,92.27111053466797,0.2311762273311615
1776176058093,0.5898500084877014,0.0,11503.0009765625,92.30567169189453,0.23128287494182587
1776176058114,0.6015499830245972,0.0,11503.3857421875,92.35572052001953,0.23140721023082733
1776176058134,0.6132999658584595,0.0,11504.3095703125,92.40484619140625,0.23163840174674988
1776176058153,0.6211000084877014,0.0,11504.6943359375,92.45249938964844,0.23176534473896027
1776176058173,0.625,0.0,11505.15625,92.51470947265625,0.23187077045440674
1776176058193,0.625,0.0,11505.541015625,92.58201599121094,0.23199686408042908
1776176058213,0.625,0.0,11506.00390625,92.63970184326172,0.23211997747421265
1776176058234,0.625,0.0,11506.8525390625,92.69816589355469,0.23235076665878296
1776176058253,0.625,0.0,11507.3154296875,92.75640869140625,0.23245514929294586
1776176058273,0.6211000084877014,0.0,11507.701171875,92.8081283569336,0.232582688331604
1776176058293,0.6211000084877014,0.0,11508.1650390625,92.87039947509766,0.23268741369247437
1776176058313,0.6211000084877014,0.0,11508.5517578125,92.9280776977539,0.23281443119049072
1776176058333,0.6211000084877014,0.0,11509.40234375,92.97958374023438,0.23304569721221924
1776176058353,0.6172000169754028,0.0,11509.8671875,93.03401947021484,0.23317261040210724
1776176058373,0.6172000169754028,0.0,11510.33203125,93.07269287109375,0.2332771271467209
1776176058393,0.6132999658584595,0.0,11510.7197265625,93.10842895507812,0.23340442776679993
1776176058413,0.6015499830245972,0.0,11511.1845703125,93.1584243774414,0.2335062175989151
1776176058433,0.59375,0.0,11512.0380859375,93.21038818359375,0.23373982310295105
1776176058453,0.5820499658584595,0.0,11512.4267578125,93.2501220703125,0.23386847972869873
1776176058473,0.5625,0.0,11512.892578125,93.29684448242188,0.23397208750247955
1776176058493,0.53125,0.0,11513.28125,93.33185577392578,0.23410002887248993
1776176058514,0.5077999830245972,0.0,11513.748046875,93.35244750976562,0.2342260628938675
1776176058534,0.48805001378059387,0.0,11514.603515625,93.36065673828125,0.2344585508108139
1776176058553,0.46024999022483826,0.0,11515.0703125,93.3758544921875,0.23456530272960663
1776176058573,0.4364500045776367,0.0,11515.458984375,93.37483978271484,0.23469185829162598
1776176058593,0.4205999970436096,0.0,11515.92578125,93.36670684814453,0.23479583859443665
1776176058613,0.4007500112056732,0.0,11516.314453125,93.35086059570312,0.23492275178432465
1776176058633,0.3769499957561493,0.0,11517.169921875,93.33141326904297,0.2351553589105606
1776176058653,0.3571000099182129,0.0,11517.63671875,93.30294799804688,0.23528218269348145
1776176058673,0.3412500023841858,0.0,11518.1025390625,93.24964141845703,0.23538923263549805
1776176058693,0.32934999465942383,0.0,11518.4912109375,93.19866180419922,0.23551501333713531
1776176058713,0.31744998693466187,0.0,11518.95703125,93.13947296142578,0.23562106490135193
1776176058733,0.29760000109672546,0.0,11519.8095703125,93.07495880126953,0.23585303127765656
1776176058753,0.27775001525878906,0.0,11520.197265625,93.00750732421875,0.23597939312458038
1776176058774,0.25394999980926514,0.0,11520.662109375,92.90870666503906,0.23608814179897308
1776176058793,0.23805001378059387,0.0,11521.048828125,92.8025894165039,0.2362135499715805
1776176058814,0.23805001378059387,0.0,11521.5126953125,92.70594787597656,0.23634026944637299
1776176058834,0.2459999918937683,0.0,11522.3623046875,92.59001159667969,0.23657001554965973
1776176058853,0.26980000734329224,0.0,11522.8251953125,92.48824310302734,0.23667649924755096
1776176058873,0.3015500009059906,0.0,11523.2109375,92.39907836914062,0.23680080473423004
1776176058893,0.3412500023841858,0.0,11523.6728515625,92.30213928222656,0.23690785467624664
1776176058913,0.3928000032901764,0.0,11524.0576171875,92.22654724121094,0.2370321899652481
1776176058934,0.4325000047683716,0.0,11524.90234375,92.17913818359375,0.23726318776607513
1776176058953,0.46424999833106995,0.0,11525.36328125,92.14539337158203,0.2373887449502945
1776176058973,0.48805001378059387,0.0,11525.82421875,92.13578796386719,0.23749393224716187
1776176058994,0.49994999170303345,0.0,11526.2080078125,92.13468170166016,0.23761777579784393
1776176059013,0.49994999170303345,0.0,11526.6689453125,92.13924407958984,0.23772263526916504
1776176059034,0.49994999170303345,0.0,11527.513671875,92.15645599365234,0.2379537969827652
1776176059053,0.4959999918937683,0.0,11527.8974609375,92.1839828491211,0.2380811870098114
1776176059073,0.4959999918937683,0.0,11528.3583984375,92.20692443847656,0.23818449676036835
1776176059093,0.492000013589859,0.0,11528.7421875,92.22351837158203,0.23831096291542053
1776176059113,0.492000013589859,0.0,11529.203125,92.23876953125,0.23843783140182495
1776176059133,0.48805001378059387,0.0,11530.0478515625,92.26339721679688,0.23866859078407288
1776176059153,0.48410001397132874,0.0,11530.5087890625,92.2843017578125,0.23877328634262085
1776176059173,0.48010000586509705,0.0,11530.8935546875,92.29750061035156,0.23890084028244019
1776176059193,0.4721499979496002,0.0,11531.3544921875,92.3149185180664,0.23900361359119415
1776176059213,0.4681999981403351,0.0,11531.7392578125,92.32398223876953,0.23913027346134186
1776176059234,0.46424999833106995,0.0,11532.5849609375,92.32907104492188,0.23936282098293304
1776176059253,0.46024999022483826,0.0,11533.0458984375,92.34233856201172,0.23948851227760315
1776176059273,0.4562999904155731,0.0,11533.5068359375,92.35896301269531,0.23959402740001678
1776176059293,0.452349990606308,0.0,11533.8916015625,92.36827087402344,0.23972225189208984
1776176059313,0.44440001249313354,0.0,11534.353515625,92.38067626953125,0.2398255318403244
1776176059334,0.4404500126838684,0.0,11535.2001953125,92.39130401611328,0.24005970358848572
1776176059353,0.4364500045776367,0.0,11535.5849609375,92.39502716064453,0.24018439650535583
1776176059373,0.4364500045776367,0.0,11536.046875,92.3994369506836,0.24028880894184113
1776176059393,0.4364500045776367,0.0,11536.431640625,92.39386749267578,0.2404158115386963
1776176059413,0.4364500045776367,0.0,11536.8935546875,92.38482666015625,0.24054324626922607
1776176059434,0.4364500045776367,0.0,11537.740234375,92.37677764892578,0.240775004029274
1776176059453,0.4364500045776367,0.0,11538.2021484375,92.37313079833984,0.24088001251220703
1776176059473,0.4364500045776367,0.0,11538.5869140625,92.36910247802734,0.2410067915916443
1776176059493,0.4364500045776367,0.0,11539.048828125,92.3727035522461,0.24111385643482208
1776176059513,0.4364500045776367,0.0,11539.43359375,92.37054443359375,0.24124039709568024
1776176059534,0.4404500126838684,0.0,11540.2802734375,92.3670654296875,0.2414732575416565
1776176059553,0.44440001249313354,0.0,11540.7421875,92.36907196044922,0.24160102009773254
1776176059573,0.452349990606308,0.0,11541.2041015625,92.37071990966797,0.2417069375514984
1776176059593,0.46024999022483826,0.0,11541.5888671875,92.37541198730469,0.2418331354856491
1776176059613,0.4681999981403351,0.0,11542.05078125,92.38248443603516,0.24193952977657318
1776176059633,0.48805001378059387,0.0,11542.8974609375,92.40418243408203,0.24217286705970764
1776176059653,0.49994999170303345,0.0,11543.2822265625,92.42646789550781,0.24229951202869415
1776176059673,0.5,0.0,11543.744140625,92.45429992675781,0.24240601062774658
1776176059693,0.5077999830245972,0.0,11544.12890625,92.48624420166016,0.24253518879413605
1776176059713,0.5077999830245972,0.0,11544.5908203125,92.5133056640625,0.24266228079795837
1776176059734,0.5116999745368958,0.0,11545.4384765625,92.55343627929688,0.24289479851722717
1776176059753,0.5116999745368958,0.0,11545.9013671875,92.594482421875,0.2430035024881363
1776176059773,0.5195500254631042,0.0,11546.287109375,92.63933563232422,0.24312978982925415
1776176059793,0.5195500254631042,0.0,11546.75,92.69288635253906,0.24323567748069763
1776176059813,0.5195500254631042,0.0,11547.1357421875,92.7436752319336,0.24336399137973785
1776176059834,0.5195500254631042,0.0,11547.984375,92.79412078857422,0.2435988336801529
1776176059853,0.5195500254631042,0.0,11548.4482421875,92.8539810180664,0.2437257319688797
1776176059873,0.5195500254631042,0.0,11548.912109375,92.92022705078125,0.2438342124223709
1776176059893,0.5156000256538391,0.0,11549.298828125,92.98694610595703,0.24394269287586212
1776176059913,0.5156000256538391,0.0,11549.685546875,93.06365203857422,0.2440696805715561
1776176059934,0.5273500084877014,0.0,11550.615234375,93.1358871459961,0.24430520832538605
1776176059953,0.5468500256538391,0.0,11551.0029296875,93.19730377197266,0.24443328380584717
1776176059973,0.5976499915122986,0.0,11551.46875,93.2780532836914,0.24454118311405182
1776176059994,0.6601499915122986,0.0,11551.857421875,93.36731719970703,0.24466891586780548
1776176060013,0.71875,0.0,11552.3232421875,93.46859741210938,0.2447975128889084
1776176060034,0.7890499830245972,0.0,11553.1796875,93.60880279541016,0.24503584206104279
1776176060053,0.8476499915122986,0.0,11553.6474609375,93.78459930419922,0.2451443374156952
1776176060073,0.8827999830245972,0.0,11554.0380859375,93.95419311523438,0.24527393281459808
1776176060093,0.90625,0.0,11554.5068359375,94.17192840576172,0.24538283050060272
1776176060113,0.9101499915122986,0.0,11554.8984375,94.38484954833984,0.24551241099834442
1776176060133,0.9101499915122986,0.0,11555.7626953125,94.58345794677734,0.2457529902458191
1776176060153,0.8984500169754028,0.0,11556.2353515625,94.83953094482422,0.24588516354560852
1776176060173,0.8867000341415405,0.0,11556.708984375,95.12046813964844,0.24599243700504303
1776176060194,0.8788999915122986,0.0,11557.1044921875,95.35488891601562,0.24612674117088318
1776176060213,0.8710999488830566,0.0,11557.5810546875,95.60242462158203,0.2462356984615326
1776176060234,0.8710999488830566,0.0,11558.45703125,95.848876953125,0.246479332447052
1776176060253,0.8710999488830566,0.0,11558.8564453125,96.07374572753906,0.24661318957805634
1776176060273,0.8710999488830566,0.0,11559.3359375,96.33837127685547,0.2467242330312729
1776176060293,0.875,0.0,11559.736328125,96.5799331665039,0.24685849249362946
1776176060313,0.8867000341415405,0.0,11560.2177734375,96.7623062133789,0.2469923347234726
1776176060333,0.9140499830245972,0.0,11561.103515625,96.99972534179688,0.2472383677959442
1776176060353,0.9375,0.0,11561.587890625,97.2583999633789,0.24735142290592194
1776176060373,0.9570499658584595,0.0,11561.9921875,97.4902572631836,0.2474864274263382
1776176060393,0.9726499915122986,0.0,11562.478515625,97.76697540283203,0.24760028719902039
1776176060413,0.9804499745368958,0.0,11562.884765625,98.04676818847656,0.24773648381233215
1776176060433,0.9804499745368958,0.0,11563.7822265625,98.297607421875,0.24798648059368134
1776176060453,0.9726499915122986,0.0,11564.2734375,98.59141540527344,0.24812419712543488
1776176060473,0.9609500169754028,0.0,11564.765625,98.87846374511719,0.24823664128780365
1776176060493,0.9530999660491943,0.0,11565.1767578125,99.1282958984375,0.24837477505207062
1776176060513,0.9491999745368958,0.0,11565.6708984375,99.41435241699219,0.24849048256874084
1776176060534,0.9491999745368958,0.0,11566.5810546875,99.69652557373047,0.24874542653560638
1776176060553,0.9609500169754028,0.0,11566.99609375,99.9314193725586,0.24888452887535095
1776176060573,0.9726499915122986,0.0,11567.4951171875,100.19317626953125,0.24900038540363312
1776176060593,0.9804499745368958,0.0,11567.912109375,100.45733642578125,0.24914059042930603
1776176060614,0.9804499745368958,0.0,11568.4130859375,100.70926666259766,0.24928031861782074
1776176060633,0.9804499745368958,0.0,11569.3349609375,101.0057144165039,0.24953803420066833
1776176060653,0.9804499745368958,0.0,11569.83984375,101.29158782958984,0.24965746700763702
1776176060673,0.9804499745368958,0.0,11570.26171875,101.54146575927734,0.24979768693447113
1776176060693,0.9804499745368958,0.0,11570.7685546875,101.8301773071289,0.24991655349731445
1776176060713,0.9922000169754028,0.0,11571.1923828125,102.10771942138672,0.2500592768192291
1776176060733,1.0,0.0,11572.1259765625,102.34933471679688,0.2503208816051483
1776176060753,1.0,0.0,11572.6376953125,102.62846374511719,0.2504645884037018
1776176060773,1.0,0.0,11573.150390625,102.90030670166016,0.25058361887931824
1776176060793,1.0,0.0,11573.578125,103.1441650390625,0.25072720646858215
1776176060813,1.0,0.0,11574.0927734375,103.44539642333984,0.2508469820022583
1776176060835,1.0,0.0,11575.0390625,103.73167419433594,0.25111356377601624
1776176060854,1.0,0.0,11575.470703125,103.99884796142578,0.2512586712837219
1776176060873,1.0,0.0,11575.990234375,104.24922943115234,0.2513800263404846
1776176060894,1.0,0.0,11576.423828125,104.49527740478516,0.2515261769294739
1776176060914,1.0,0.0,11576.9453125,104.72438049316406,0.25167232751846313
1776176060935,1.0,0.0,11577.904296875,105.00094604492188,0.2519402801990509
1776176060953,1.0,0.0,11578.4287109375,105.27667236328125,0.2520633339881897
1776176060973,1.0,0.0,11578.8671875,105.5087890625,0.2522100806236267
1776176060993,1.0,0.0,11579.3935546875,105.77376556396484,0.2523338198661804
1776176061013,1.0,0.0,11579.8330078125,106.04828643798828,0.25248199701309204
1776176061033,1.0,0.0,11580.8037109375,106.27938079833984,0.25275304913520813
1776176061053,1.0,0.0,11581.3349609375,106.53907775878906,0.2529020309448242
1776176061073,1.0,0.0,11581.8671875,106.81375122070312,0.25302693247795105
1776176061093,1.0,0.0,11582.3115234375,107.04468536376953,0.2531757056713104
1776176061113,1.0,0.0,11582.845703125,107.2867660522461,0.2533003091812134
1776176061134,1.0,0.0,11583.828125,107.52227783203125,0.25357523560523987
1776176061153,1.0,0.0,11584.275390625,107.73865509033203,0.25372517108917236
1776176061173,1.0,0.0,11584.8134765625,108.01274108886719,0.25385063886642456
1776176061193,1.0,0.0,11585.2626953125,108.28780364990234,0.2540016770362854
1776176061213,1.0,0.0,11585.802734375,108.50251007080078,0.25415292382240295
1776176061234,1.0,0.0,11586.796875,108.73675537109375,0.25443077087402344
1776176061253,1.0,0.0,11587.33984375,108.98078918457031,0.2545578181743622
1776176061273,1.0,0.0,11587.79296875,109.19330596923828,0.25471094250679016
1776176061293,1.0,0.0,11588.337890625,109.44158935546875,0.2548362910747528
1776176061313,1.0,0.0,11588.79296875,109.68458557128906,0.25499051809310913
1776176061333,1.0,0.0,11589.7958984375,109.88052368164062,0.25526952743530273
1776176061353,1.0,0.0,11590.3447265625,110.10375213623047,0.25542446970939636
1776176061373,1.0,0.0,11590.89453125,110.33745574951172,0.2555525600910187
1776176061393,0.9726499915122986,0.0,11591.353515625,110.54144287109375,0.25570544600486755
1776176061413,0.9179500341415405,0.0,11591.9052734375,110.76366424560547,0.25583523511886597
1776176061434,0.8476499915122986,0.0,11592.919921875,110.98330688476562,0.2561170756816864
1776176061453,0.78125,0.0,11593.3818359375,111.17186737060547,0.2562716007232666
1776176061473,0.71875,0.0,11593.9375,111.33512115478516,0.25640010833740234
1776176061493,0.6405999660491943,0.0,11594.4013671875,111.28093719482422,0.25655630230903625
1776176061513,0.5820499658584595,0.0,11594.9580078125,111.21882629394531,0.25671130418777466
1776176061533,0.5116999745368958,0.0,11595.9765625,111.14647674560547,0.2569948732852936
1776176061553,0.46024999022483826,0.0,11596.5322265625,111.0739974975586,0.25712552666664124
1776176061573,0.4126499891281128,0.0,11596.9951171875,111.00588989257812,0.2572813630104065
1776176061593,0.36900001764297485,0.0,11597.5498046875,110.92669677734375,0.2574083209037781
1776176061613,0.32534998655319214,0.0,11598.01171875,110.85188293457031,0.2575646638870239
1776176061634,0.3015500009059906,0.0,11599.0263671875,110.77517700195312,0.2578471899032593
1776176061653,0.289650022983551,0.0,11599.580078125,110.71338653564453,0.25800153613090515
1776176061673,0.2857000231742859,0.0,11600.1328125,110.64164733886719,0.2581298053264618
1776176061693,0.29760000109672546,0.0,11600.59375,110.58351135253906,0.25828418135643005
1776176061713,0.31744998693466187,0.0,11601.146484375,110.51468658447266,0.2584124505519867
1776176061733,0.3650500178337097,0.0,11602.158203125,110.71350860595703,0.2586960196495056
1776176061753,0.4404500126838684,0.0,11602.619140625,110.96764373779297,0.25884878635406494
1776176061773,0.5077999830245972,0.0,11603.1728515625,111.21934509277344,0.2589796483516693
1776176061793,0.5820499658584595,0.0,11603.6357421875,111.41844940185547,0.2591337263584137
1776176061813,0.6288999915122986,0.0,11604.1923828125,111.60279083251953,0.2592907249927521
1776176061834,0.6640499830245972,0.0,11605.21484375,111.83053588867188,0.2595766484737396
1776176061853,0.6952999830245972,0.0,11605.7744140625,112.02537536621094,0.25970470905303955
1776176061873,0.7148500084877014,0.0,11606.2412109375,112.14878845214844,0.25986096262931824
1776176061893,0.7382999658584595,0.0,11606.8017578125,112.2857666015625,0.2599925398826599
1776176061913,0.7695499658584595,0.0,11607.26953125,112.42584228515625,0.2601490020751953
1776176061934,0.8007999658584595,0.0,11608.298828125,112.567138671875,0.2604369521141052
1776176061953,0.8280999660491943,0.0,11608.861328125,112.68505859375,0.26059332489967346
1776176061973,0.8593499660491943,0.0,11609.423828125,112.82684326171875,0.2607256770133972
1776176061993,0.8867000341415405,0.0,11609.8935546875,112.95391082763672,0.2608814239501953
1776176062013,0.9140499830245972,0.0,11610.45703125,113.11383819580078,0.2610126733779907
1776176062034,0.9452999830245972,0.0,11611.4931640625,113.28971862792969,0.26130470633506775
1776176062053,0.9726499915122986,0.0,11611.96484375,113.44986724853516,0.26146093010902405
1776176062073,1.0,0.0,11612.53125,113.6253662109375,0.2615947723388672
1776176062093,1.0,0.0,11613.00390625,113.80915832519531,0.2617528736591339
1776176062113,1.0,0.0,11613.572265625,113.98070526123047,0.26191094517707825
1776176062133,1.0,0.0,11614.6162109375,114.1734848022461,0.2622034251689911
1776176062154,1.0,0.0,11615.1865234375,114.36578369140625,0.26233571767807007
1776176062173,1.0,0.0,11615.6630859375,114.53340911865234,0.2624959647655487
1776176062193,1.0,0.0,11616.2353515625,114.7290267944336,0.2626292407512665
1776176062214,1.0,0.0,11616.712890625,114.9332046508789,0.26278916001319885
1776176062235,1.0,0.0,11617.765625,115.12891387939453,0.263083279132843
1776176062253,1.0,0.0,11618.3408203125,115.29524993896484,0.26324406266212463
1776176062273,1.0,0.0,11618.9169921875,115.50658416748047,0.2633790969848633
1776176062293,1.0,0.0,11619.3984375,115.69287109375,0.26353996992111206
1776176062313,1.0,0.0,11619.9765625,115.90643310546875,0.26367294788360596
1776176062334,1.0,0.0,11621.0380859375,116.11721801757812,0.2639696002006531
1776176062353,1.0,0.0,11621.521484375,116.299072265625,0.2641323506832123
1776176062373,1.0,0.0,11622.1025390625,116.51261901855469,0.2642675042152405
1776176062393,1.0,0.0,11622.5869140625,116.7182388305664,0.2644309997558594
1776176062413,1.0,0.0,11623.1689453125,116.89682006835938,0.2645937204360962
1776176062433,1.0,0.0,11624.23828125,117.11904907226562,0.2648930251598358
1776176062453,1.0,0.0,11624.8232421875,117.35234069824219,0.2650303244590759
1776176062473,1.0,0.0,11625.3115234375,117.55149841308594,0.26519477367401123
1776176062493,1.0,0.0,11625.8984375,117.78587341308594,0.2653316259384155
1776176062513,1.0,0.0,11626.388671875,118.03876495361328,0.26549604535102844
1776176062533,1.0,0.0,11627.46875,118.26746368408203,0.26579901576042175
1776176062553,1.0,0.0,11628.0595703125,118.5410385131836,0.26596471667289734
1776176062573,1.0,0.0,11628.6513671875,118.80780029296875,0.2661028802394867
1776176062593,1.0,0.0,11629.1455078125,119.02297973632812,0.26626986265182495
1776176062613,1.0,0.0,11629.7392578125,119.2729721069336,0.26640862226486206
1776176062633,1.0,0.0,11630.8310546875,119.52381896972656,0.2667153775691986
1776176062653,1.0,0.0,11631.3291015625,119.74263763427734,0.26688259840011597
1776176062673,1.0,0.0,11631.927734375,120.01837921142578,0.2670226991176605
1776176062693,1.0,0.0,11632.427734375,120.34400177001953,0.267191082239151
1776176062713,1.0,0.0,11633.0283203125,120.60612487792969,0.26735934615135193
1776176062734,1.0,0.0,11634.1337890625,120.89749145507812,0.2676706612110138
1776176062753,1.0,0.0,11634.73828125,121.15679931640625,0.2678128778934479
1776176062773,1.0,0.0,11635.2431640625,121.37199401855469,0.26798224449157715
1776176062793,1.0,0.0,11635.849609375,121.64935302734375,0.26812371611595154
1776176062813,1.0,0.0,11636.35546875,121.92877960205078,0.26829397678375244
1776176062834,1.0,0.0,11637.4716796875,122.17506408691406,0.26860901713371277
1776176062853,1.0,0.0,11638.08203125,122.46138000488281,0.2687792479991913
1776176062873,1.0,0.0,11638.6943359375,122.74516296386719,0.2689237892627716
1776176062896,1.0,0.0,11639.205078125,123.03079223632812,0.26909637451171875
1776176062913,1.0,0.0,11639.8193359375,123.27262878417969,0.26923975348472595
1776176062934,1.0,0.0,11640.9482421875,123.543701171875,0.2695562243461609
1776176062953,1.0,0.0,11641.462890625,123.76978302001953,0.2697305977344513
1776176062973,1.0,0.0,11642.0810546875,124.05353546142578,0.26987579464912415
1776176062993,1.0,0.0,11642.5966796875,124.31816864013672,0.2700502872467041
1776176063013,1.0,0.0,11643.216796875,124.56202697753906,0.27022406458854675
1776176063034,1.0,0.0,11644.357421875,124.86149597167969,0.2705449163913727
1776176063053,1.0,0.0,11644.9814453125,125.1482925415039,0.2706907093524933
1776176063073,1.0,0.0,11645.501953125,125.38404846191406,0.27086710929870605
1776176063093,1.0,0.0,11646.1279296875,125.6493148803711,0.2710138261318207
1776176063113,1.0,0.0,11646.650390625,125.91832733154297,0.2711896300315857
1776176063134,1.0,0.0,11647.802734375,126.16600036621094,0.2715134620666504
1776176063153,1.0,0.0,11648.43359375,126.44869232177734,0.27169132232666016
1776176063173,1.0,0.0,11649.0654296875,126.72549438476562,0.2718389630317688
1776176063193,1.0,0.0,11649.5927734375,126.96334838867188,0.2720169126987457
1776176063213,1.0,0.0,11650.2265625,127.24057006835938,0.272165447473526
1776176063233,1.0,0.0,11651.3916015625,127.52140808105469,0.2724932134151459
1776176063253,1.0,0.0,11651.9228515625,127.75069427490234,0.27267158031463623
1776176063273,1.0,0.0,11652.5615234375,128.01309204101562,0.2728222608566284
1776176063293,1.0,0.0,11653.09375,128.28273010253906,0.2730010747909546
1776176063313,1.0,0.0,11653.734375,128.51754760742188,0.27318069338798523
1776176063334,1.0,0.0,11654.9111328125,128.7897186279297,0.27351221442222595
1776176063353,1.0,0.0,11655.5546875,129.05284118652344,0.2736625075340271
1776176063373,1.0,0.0,11656.091796875,129.2741241455078,0.27384382486343384
1776176063393,1.0,0.0,11656.7373046875,129.546142578125,0.2739957869052887
1776176063414,1.0,0.0,11657.2763671875,129.80441284179688,0.27417752146720886
1776176063433,1.0,0.0,11658.46484375,130.02627563476562,0.2745112180709839
1776176063453,1.0,0.0,11659.1142578125,130.28753662109375,0.2746938467025757
1776176063473,1.0,0.0,11659.765625,130.5576934814453,0.27484583854675293
1776176063493,1.0,0.0,11660.30859375,130.77967834472656,0.2750298082828522
1776176063513,1.0,0.0,11660.9619140625,131.0408477783203,0.27518272399902344
1776176063534,1.0,0.0,11662.162109375,131.2951202392578,0.2755189538002014
1776176063553,1.0,0.0,11662.708984375,131.516357421875,0.27570393681526184
1776176063573,1.0,0.0,11663.3662109375,131.77362060546875,0.2758571207523346
1776176063593,1.0,0.0,11663.9150390625,132.01339721679688,0.2760418951511383
1776176063613,1.0,0.0,11664.57421875,132.22735595703125,0.2762271761894226
1776176063634,1.0,0.0,11665.78515625,132.49151611328125,0.27656763792037964
1776176063653,1.0,0.0,11666.447265625,132.74859619140625,0.2767229378223419
1776176063673,1.0,0.0,11667.0,132.9567413330078,0.27690860629081726
1776176063693,1.0,0.0,11667.6640625,133.1947784423828,0.2770635187625885
1776176063713,1.0,0.0,11668.21875,133.44346618652344,0.2772510051727295
1776176063733,1.0,0.0,11669.4404296875,133.65170288085938,0.27759405970573425
1776176063753,1.0,0.0,11670.1083984375,133.90151977539062,0.27778172492980957
1776176063773,1.0,0.0,11670.77734375,134.1441650390625,0.277938574552536
1776176063793,1.0,0.0,11671.3359375,134.3602294921875,0.27812671661376953
1776176063813,1.0,0.0,11672.0068359375,134.5967254638672,0.27828314900398254
1776176063833,1.0,0.0,11673.240234375,134.83221435546875,0.2786298394203186
1776176063853,1.0,0.0,11673.8017578125,135.03675842285156,0.27881890535354614
1776176063873,1.0,0.0,11674.4765625,135.2850341796875,0.27897611260414124
1776176063893,1.0,0.0,11675.0400390625,135.52049255371094,0.2791665196418762
1776176063913,1.0,0.0,11675.716796875,135.7161102294922,0.2793561816215515
1776176063933,1.0,0.0,11676.9599609375,135.94688415527344,0.2797054350376129
1776176063953,1.0,0.0,11677.6396484375,136.1783905029297,0.279863566160202
1776176063973,0.9530999660491943,0.0,11678.20703125,136.3914031982422,0.2800551652908325
1776176063993,0.6679499745368958,0.0,11678.888671875,136.6106719970703,0.28021514415740967
1776176064013,0.2261500060558319,0.0,11679.45703125,136.7727508544922,0.2804061472415924
1776176064033,0.0,0.0,11680.7109375,136.81417846679688,0.2807577848434448
1776176064053,0.0,0.0,11681.3955078125,136.76930236816406,0.28094959259033203
1776176064073,0.0,0.0,11682.0791015625,136.70474243164062,0.2811088562011719
1776176064093,0.0,0.0,11682.6484375,136.64820861816406,0.28130125999450684
1776176064113,0.0,0.0,11683.33203125,136.5846710205078,0.28146106004714966
1776176064133,0.0,0.0,11684.583984375,136.51824951171875,0.2818117141723633
1776176064153,0.0,7.697342880419455e-06,11685.15234375,136.45957946777344,0.2820022404193878
1776176064173,0.0,0.041335735470056534,11685.8349609375,136.39382934570312,0.2821624279022217
1776176064193,0.0,0.410310834646225,11686.4033203125,136.25723266601562,0.282354474067688
1776176064213,0.0,1.0,11687.0849609375,135.88482666015625,0.28254491090774536
1776176064234,0.0,1.0,11688.33203125,135.13722229003906,0.28289303183555603
1776176064253,0.0,1.0,11689.0078125,134.32041931152344,0.2830515503883362
1776176064273,0.0,1.0,11689.568359375,133.56784057617188,0.28323882818222046
1776176064293,0.0,0.8093602657318115,11690.2373046875,132.70960998535156,0.28339505195617676
1776176064313,0.0,0.8093602657318115,11690.7919921875,131.93096923828125,0.28358104825019836
1776176064333,0.0,1.0,11692.0029296875,131.25015258789062,0.2839188277721405
1776176064353,0.0,1.0,11692.6591796875,130.3825225830078,0.28410375118255615
1776176064373,0.0,1.0,11693.3115234375,129.48875427246094,0.28425613045692444
1776176064393,0.0,1.0,11693.8525390625,128.74649047851562,0.2844376862049103
1776176064413,0.0,1.0,11694.498046875,127.85719299316406,0.284589022397995
1776176064433,0.0,1.0,11695.671875,126.93924713134766,0.2849176526069641
1776176064453,0.0,1.0,11696.201171875,126.14983367919922,0.28509682416915894
1776176064473,0.0,1.0,11696.8330078125,125.28327941894531,0.28524425625801086
1776176064493,0.0,1.0,11697.3564453125,124.42255401611328,0.2854180932044983
1776176064513,0.0,1.0,11697.9814453125,123.62445068359375,0.28559350967407227
1776176064533,0.0,1.0,11699.119140625,122.70245361328125,0.28591424226760864
1776176064553,0.0,1.0,11699.734375,121.82884216308594,0.2860560119152069
1776176064573,0.0,1.0,11700.244140625,121.09965515136719,0.2862287163734436
1776176064593,0.0,1.0,11700.8525390625,120.20986938476562,0.2863704264163971
1776176064613,0.0,1.0,11701.3564453125,119.33670806884766,0.2865429222583771
1776176064634,0.0,1.0,11702.4560546875,118.60282135009766,0.28684934973716736
1776176064653,0.0,1.0,11703.05078125,117.7679443359375,0.28701838850975037
1776176064673,0.0,1.0,11703.6416015625,116.9843521118164,0.2871577739715576
1776176064693,0.0,1.0,11704.130859375,116.29957580566406,0.2873232066631317
1776176064715,0.0,1.0,11704.7158203125,115.4832534790039,0.2874563932418823
1776176064733,0.0,1.0,11705.7783203125,114.73506927490234,0.2877604365348816
1776176064753,0.0,1.0,11706.2578125,114.04235076904297,0.28792229294776917
1776176064776,0.0,1.0,11706.830078125,113.08419799804688,0.28805816173553467
1776176064794,0.0,1.0,11707.3037109375,112.45661163330078,0.28822001814842224
1776176064814,0.0,1.0,11707.869140625,111.6879653930664,0.28838232159614563
1776176064834,0.0,1.0,11708.8974609375,111.0372314453125,0.2886738181114197
1776176064853,0.0,1.0,11709.453125,110.21251678466797,0.28880494832992554
1776176064873,0.0,1.0,11709.9140625,109.59416198730469,0.2889605760574341
1776176064893,0.0,1.0,11710.4638671875,108.79078674316406,0.28909119963645935
1776176064913,0.0,1.0,11710.919921875,107.98201751708984,0.2892489433288574
1776176064934,0.0,1.0,11711.9140625,107.1965560913086,0.2895326316356659
1776176064953,0.0,1.0,11712.451171875,106.52168273925781,0.2896859645843506
1776176064973,0.0,0.8874748349189758,11712.9853515625,105.71538543701172,0.28981253504753113
1776176064993,0.0,0.7968763709068298,11713.427734375,105.03905487060547,0.289963960647583
1776176065013,0.0,0.6906412839889526,11713.9560546875,104.2958984375,0.29009026288986206
1776176065033,0.0,0.5464999675750732,11714.916015625,103.61079406738281,0.29036515951156616
1776176065053,0.0,0.4027373194694519,11715.3486328125,103.10083770751953,0.29051464796066284
1776176065073,0.0,0.3131811320781708,11715.865234375,102.6195068359375,0.2906368374824524
1776176065093,0.0,0.26043614745140076,11716.2939453125,102.2376937866211,0.2907863259315491
1776176065113,0.0,0.2659403383731842,11716.8076171875,101.96294403076172,0.2909333109855652
1776176065135,0.0,0.3131811320781708,11717.7451171875,101.59070587158203,0.2912035286426544
1776176065153,0.0,0.325955867767334,11718.2548828125,101.28248596191406,0.2913256287574768
1776176065173,0.0,0.3457002341747284,11718.6787109375,100.96456909179688,0.2914705276489258
1776176065193,0.0,0.3457002341747284,11719.185546875,100.584716796875,0.29159078001976013
1776176065213,0.0,0.3390239179134369,11719.6064453125,99.94438171386719,0.2917381525039673
1776176065233,0.0,0.3390239179134369,11720.52734375,99.38082885742188,0.2920028269290924
1776176065253,0.0,0.3593418002128601,11721.025390625,98.7823257446289,0.2921482026576996
1776176065273,0.0,0.3806319832801819,11721.5205078125,98.21215057373047,0.292263925075531
1776176065293,0.0,0.4027373194694519,11721.9306640625,97.71749877929688,0.2924080491065979
1776176065313,0.0,0.410310834646225,11722.4208984375,97.13545989990234,0.29252395033836365
1776176065333,0.0,0.38789868354797363,11723.3125,96.56182098388672,0.2927817404270172
1776176065353,0.0,0.36630862951278687,11723.71484375,96.0870590209961,0.29292032122612
1776176065373,0.0,0.36630862951278687,11724.1962890625,95.54949188232422,0.29303666949272156
1776176065394,0.0,0.36630862951278687,11724.595703125,95.02136993408203,0.29317188262939453
1776176065413,0.0,0.3806319832801819,11725.072265625,94.58148956298828,0.2933098077774048
1776176065433,0.0,0.3806319832801819,11725.9404296875,94.07398986816406,0.2935587763786316
1776176065453,0.0,0.36630862951278687,11726.4111328125,93.56876373291016,0.2936713993549347
1776176065473,0.0,0.3593418002128601,11726.8017578125,93.1385726928711,0.29380303621292114
1776176065493,0.0,0.3390239179134369,11727.2685546875,92.66728210449219,0.2939162850379944
1776176065514,0.0,0.31956228613853455,11727.65625,92.2015151977539,0.2940477132797241
1776176065533,0.0,0.3131811320781708,11728.50390625,91.78817749023438,0.29428842663764954
1776176065553,0.0,0.30085572600364685,11728.9638671875,91.29917907714844,0.2944205701351166
1776176065573,0.0,0.30085572600364685,11729.421875,90.84675598144531,0.29452648758888245
1776176065593,0.0,0.28304019570350647,11729.8017578125,90.46946716308594,0.2946576476097107
1776176065613,0.0,0.23925209045410156,11730.255859375,90.03327178955078,0.29476290941238403
1776176065634,0.0,0.1552741378545761,11731.0830078125,89.60546112060547,0.294996976852417
1776176065653,0.0,0.07381204515695572,11731.45703125,89.27865600585938,0.29512399435043335
1776176065674,0.0,0.0015367991290986538,11731.904296875,88.9605712890625,0.29522886872291565
1776176065693,0.0,0.0,11732.275390625,88.68405151367188,0.295352965593338
1776176065713,0.0,0.0,11732.7197265625,88.45040893554688,0.2954779863357544
1776176065734,0.0,0.0,11733.5322265625,88.187744140625,0.295705646276474
1776176065753,0.0,0.0,11733.9736328125,87.92813110351562,0.29580867290496826
1776176065773,0.0,0.0,11734.3408203125,87.70475769042969,0.29593223333358765
1776176065793,0.0,0.0,11734.7802734375,87.44499969482422,0.2960336208343506
1776176065813,0.0,0.0,11735.1455078125,87.18596649169922,0.2961556315422058
1776176065833,0.0,0.0,11735.9462890625,86.96900177001953,0.2963780462741852
1776176065853,0.0,0.0,11736.3818359375,86.71648406982422,0.29649725556373596
1776176065873,0.0,0.0,11736.81640625,86.45417022705078,0.29659703373908997
1776176065893,0.0,0.0,11737.177734375,86.227294921875,0.29671740531921387
1776176065913,0.0,0.0,11737.609375,85.96357727050781,0.2968151569366455
1776176065936,0.0,0.0,11738.3984375,85.70413208007812,0.2970324754714966
1776176065953,0.0,0.0,11738.755859375,85.47943115234375,0.29715022444725037
1776176065973,0.0,0.0,11739.18359375,85.21588134765625,0.29724735021591187
1776176065993,0.0,0.0,11739.5390625,84.95793914794922,0.29736363887786865
1776176066013,0.0,0.0,11739.96484375,84.73553466796875,0.2974807620048523
1776176066033,0.0,0.0,11740.7431640625,84.46990966796875,0.2976920008659363
1776176066053,0.0,0.0,11741.166015625,84.20336151123047,0.29778721928596497
1776176066073,0.0,0.0,11741.517578125,83.96578979492188,0.2979014813899994
1776176066093,0.0,0.0,11741.9375,83.69384765625,0.2979966104030609
1776176066113,0.0,0.0,11742.287109375,83.42790222167969,0.298109769821167
1776176066133,0.0,0.0,11743.052734375,83.19658660888672,0.29831671714782715
1776176066153,0.0,0.0,11743.46875,82.92637634277344,0.29842716455459595
1776176066173,0.0,0.0,11743.8837890625,82.65715789794922,0.29852038621902466
1776176066193,0.0,0.0,11744.228515625,82.42414093017578,0.2986300587654114
1776176066213,0.0,0.0,11744.6416015625,82.15328216552734,0.298721581697464
1776176066233,0.0,0.0,11745.3955078125,81.87801361083984,0.29892411828041077
1776176066253,0.0,0.0,11745.7373046875,81.6453857421875,0.29903289675712585
1776176066273,0.0,0.0,11746.1455078125,81.37126159667969,0.2991223633289337
1776176066293,0.0,0.0,11746.4853515625,81.07720947265625,0.29923030734062195
1776176066313,0.0,0.0,11746.8916015625,80.83086395263672,0.29933664202690125
1776176066333,0.0,0.0,11747.6337890625,80.55096435546875,0.2995339035987854
1776176066353,0.0,0.0,11748.037109375,80.26640319824219,0.2996208369731903
1776176066373,0.0,0.0,11748.3720703125,80.01929473876953,0.29972729086875916
1776176066393,0.0,0.0,11748.7724609375,79.72445678710938,0.29981762170791626
1776176066413,0.0,0.0,11749.10546875,79.42598724365234,0.2999229431152344
1776176066434,0.0,0.0,11749.8349609375,79.13509368896484,0.30011072754859924
1776176066453,0.0,0.0,11750.2314453125,78.89092254638672,0.3002147674560547
1776176066473,0.0,0.0,11750.6259765625,78.60303497314453,0.30030179023742676
1776176066493,0.0,0.0,11750.9541015625,78.3525161743164,0.3004041314125061
1776176066513,0.0,0.0,11751.3466796875,78.0611343383789,0.30048948526382446
1776176066534,0.0,0.0,11752.0634765625,77.77030944824219,0.3006770610809326
1776176066553,0.0,0.0,11752.3876953125,77.52218627929688,0.30077651143074036
1776176066573,0.0,0.0,11752.775390625,77.23197174072266,0.30085861682891846
1776176066593,0.0,0.0,11753.09765625,76.93037414550781,0.3009597361087799
1776176066613,0.0,0.0,11753.4833984375,76.6715316772461,0.30106329917907715
1776176066634,0.0,0.0,11754.1875,76.36882781982422,0.3012453317642212
1776176066653,0.0,0.0,11754.5693359375,76.07196044921875,0.30132341384887695
1776176066673,0.0,0.0,11754.88671875,75.81980895996094,0.3014220595359802
1776176066693,0.0,0.0,11755.2666015625,75.52312469482422,0.30150294303894043
1776176066713,0.0,0.0,11755.58203125,75.21842956542969,0.30160149931907654
1776176066734,0.0,0.0,11756.2734375,74.9509048461914,0.30177757143974304
1776176066753,0.0,0.0,11756.6484375,74.6383056640625,0.3018732964992523
1776176066773,0.0,0.0,11757.0224609375,74.32781219482422,0.30194994807243347
1776176066793,0.0,0.0,11757.3330078125,74.06348419189453,0.3020467162132263
1776176066813,0.0,0.0,11757.7041015625,73.75919342041016,0.30212506651878357
1776176066835,0.0,0.0,11758.3818359375,73.45394134521484,0.30229565501213074
1776176066853,0.0,0.0,11758.6884765625,73.18778228759766,0.3023913502693176
1776176066873,0.0,0.0,11759.0546875,72.87389373779297,0.30248621106147766
1776176066893,0.0,0.0,11759.419921875,72.55542755126953,0.3025631904602051
1776176066913,0.0,0.0,11759.7236328125,72.2863998413086,0.30265557765960693
1776176066934,0.0,0.0,11760.38671875,71.9780502319336,0.3028222620487213
1776176066953,0.0,0.0,11760.7470703125,71.6760482788086,0.3028954267501831
1776176066973,0.0,0.0,11761.0458984375,71.42159271240234,0.30298924446105957
1776176066993,0.0,0.0,11761.4033203125,71.11421203613281,0.30306488275527954
1776176067013,0.0,0.0,11761.7001953125,70.7985610961914,0.30315667390823364
1776176067034,0.0,0.0,11762.3505859375,70.52554321289062,0.3033176064491272
1776176067053,0.0,0.0,11762.7041015625,70.21125793457031,0.3034079968929291
1776176067073,0.0,0.0,11763.0556640625,69.90107727050781,0.30348148941993713
1776176067093,0.0,0.0,11763.34765625,69.63320922851562,0.3035690486431122
1776176067113,0.0,0.0,11763.697265625,69.31856536865234,0.30364033579826355
1776176067133,0.0,0.0,11764.333984375,69.0020523071289,0.30381518602371216
1776176067153,0.0,0.0,11764.6796875,68.73184967041016,0.303887277841568
1776176067173,0.0,0.0,11764.966796875,68.41108703613281,0.30397355556488037
1776176067193,0.0,0.0,11765.3095703125,68.08904266357422,0.30404186248779297
1776176067213,0.0,0.0,11765.59375,67.82280731201172,0.3041267991065979
1776176067235,0.0,0.0,11766.2158203125,67.5181884765625,0.3042858839035034
1776176067253,0.0,0.0,11766.5537109375,67.21025085449219,0.30435290932655334
1776176067273,0.0,0.0,11766.833984375,66.93671417236328,0.30444082617759705
1776176067293,0.0,0.0,11767.169921875,66.61588287353516,0.3045206367969513
1776176067313,0.0,0.0,11767.50390625,66.30242919921875,0.3045926094055176
1776176067333,0.0,0.0,11768.0576171875,66.04206085205078,0.30474069714546204
1776176067353,0.0,0.0,11768.388671875,65.73930358886719,0.3048241436481476
1776176067374,0.0,0.0,11768.7177734375,65.4347915649414,0.304892897605896
1776176067393,0.0,0.0,11768.9912109375,65.16806030273438,0.3049730360507965
1776176067413,0.0,0.0,11769.318359375,64.84790802001953,0.3050401210784912
1776176067434,0.0,0.0,11769.9140625,64.528564453125,0.305196613073349
1776176067453,0.0,0.0,11770.2373046875,64.2595443725586,0.30526477098464966
1776176067473,0.0,0.0,11770.505859375,63.95246505737305,0.30534014105796814
1776176067493,0.0,0.0,11770.826171875,63.64783477783203,0.3054104745388031
1776176067513,0.0,0.0,11771.0927734375,63.38526153564453,0.30548709630966187
1776176067534,0.03970000147819519,0.0,11771.67578125,63.076698303222656,0.30562862753868103
1776176067553,0.09525001049041748,0.0,11771.9921875,62.773468017578125,0.3056946098804474
1776176067573,0.14285001158714294,0.0,11772.2548828125,62.52825927734375,0.30577149987220764
1776176067593,0.20235002040863037,0.0,11772.568359375,62.25140380859375,0.30583468079566956
1776176067613,0.2658500075340271,0.0,11772.8291015625,61.98420333862305,0.30591076612472534
1776176067634,0.289650022983551,0.0,11773.451171875,61.764896392822266,0.30605003237724304
1776176067653,0.30550000071525574,0.0,11773.708984375,61.51592254638672,0.3061237633228302
1776176067673,0.31744998693466187,0.0,11774.0166015625,61.28172302246094,0.3061859905719757
1776176067693,0.31744998693466187,0.0,11774.2724609375,61.0899772644043,0.30626431107521057
1776176067713,0.31744998693466187,0.0,11774.5791015625,60.87912368774414,0.30632489919662476
1776176067734,0.31744998693466187,0.0,11775.138671875,60.67831802368164,0.3064608871936798
1776176067754,0.31345000863075256,0.0,11775.3916015625,60.51768493652344,0.3065333366394043
1776176067773,0.31345000863075256,0.0,11775.6943359375,60.33924102783203,0.3066047728061676
1776176067793,0.31345000863075256,0.0,11775.99609375,60.16520309448242,0.30666738748550415
1776176067813,0.31345000863075256,0.0,11776.2470703125,60.02262878417969,0.3067396581172943
1776176067834,0.31744998693466187,0.0,11776.7978515625,59.86471939086914,0.30687370896339417
1776176067853,0.31744998693466187,0.0,11777.09765625,59.71485137939453,0.3069329857826233
1776176067874,0.31744998693466187,0.0,11777.3466796875,59.570884704589844,0.3070051670074463
1776176067893,0.31744998693466187,0.0,11777.6455078125,59.44657897949219,0.3070659935474396
1776176067913,0.31744998693466187,0.0,11777.8935546875,59.31137466430664,0.3071359694004059
1776176067934,0.31744998693466187,0.0,11778.4873046875,59.20154571533203,0.30726802349090576
1776176067953,0.31744998693466187,0.0,11778.734375,59.08789825439453,0.3073384463787079
1776176067973,0.31744998693466187,0.0,11779.0302734375,58.96583938598633,0.3073998987674713
1776176067993,0.31345000863075256,0.0,11779.2763671875,58.85947799682617,0.30747100710868835
1776176068013,0.31345000863075256,0.0,11779.5712890625,58.742618560791016,0.30752888321876526
1776176068034,0.3095000088214874,0.0,11780.1103515625,58.62751388549805,0.3076690435409546
1776176068053,0.3095000088214874,0.0,11780.4033203125,58.53874588012695,0.3077281713485718
1776176068073,0.3015500009059906,0.0,11780.6474609375,58.45011901855469,0.30779680609703064
1776176068093,0.29760000109672546,0.0,11780.9404296875,58.356449127197266,0.30785566568374634
1776176068113,0.29360002279281616,0.0,11781.18359375,58.27655029296875,0.3079267144203186
1776176068135,0.289650022983551,0.0,11781.71875,58.178977966308594,0.3080536723136902
1776176068153,0.289650022983551,0.0,11782.009765625,58.11603927612305,0.3081125319004059
1776176068173,0.289650022983551,0.0,11782.251953125,58.06340026855469,0.3081822991371155
1776176068193,0.289650022983551,0.0,11782.54296875,57.99918746948242,0.3082394003868103
1776176068213,0.289650022983551,0.0,11782.78515625,57.92983627319336,0.3083111047744751
1776176068236,0.29360002279281616,0.0,11783.365234375,57.86650085449219,0.3084357976913452
1776176068253,0.29360002279281616,0.0,11783.6064453125,57.82459259033203,0.30850666761398315
1776176068273,0.29360002279281616,0.0,11783.8955078125,57.776123046875,0.30856379866600037
1776176068293,0.29760000109672546,0.0,11784.13671875,57.73279571533203,0.3086342513561249
1776176068313,0.3015500009059906,0.0,11784.42578125,57.68660354614258,0.3086906373500824
1776176068333,0.3095000088214874,0.0,11784.9541015625,57.64529800415039,0.3088286519050598
1776176068353,0.31345000863075256,0.0,11785.2421875,57.61161804199219,0.3088860809803009
1776176068374,0.31345000863075256,0.0,11785.482421875,57.57364273071289,0.3089563250541687
1776176068393,0.31744998693466187,0.0,11785.7705078125,57.54106140136719,0.3090137541294098
1776176068415,0.32534998655319214,0.0,11786.0107421875,57.509037017822266,0.3090798854827881
1776176068436,0.3372499942779541,0.0,11786.537109375,57.468204498291016,0.3092101514339447
1776176068453,0.3452000021934509,0.0,11786.82421875,57.44331741333008,0.3092673122882843
1776176068473,0.361050009727478,0.0,11787.0634765625,57.4263916015625,0.3093341290950775
1776176068493,0.37299999594688416,0.0,11787.3505859375,57.42121124267578,0.3094047009944916
1776176068513,0.38885000348091125,0.0,11787.6376953125,57.42203903198242,0.3094610273838043
1776176068535,0.40869998931884766,0.0,11788.1640625,57.43123245239258,0.3095858097076416
1776176068553,0.4205999970436096,0.0,11788.4033203125,57.444332122802734,0.3096568286418915
1776176068573,0.42855000495910645,0.0,11788.6904296875,57.453975677490234,0.30971112847328186
1776176068593,0.42855000495910645,0.0,11788.9296875,57.465694427490234,0.30978384613990784
1776176068614,0.42855000495910645,0.0,11789.216796875,57.48925018310547,0.30984193086624146
1776176068633,0.42855000495910645,0.0,11789.7431640625,57.51611328125,0.30996671319007874
1776176068653,0.42855000495910645,0.0,11789.982421875,57.53757858276367,0.3100349009037018
1776176068673,0.42855000495910645,0.0,11790.2705078125,57.56856155395508,0.3101072907447815
1776176068693,0.42855000495910645,0.0,11790.55859375,57.59910202026367,0.31016382575035095
1776176068714,0.42855000495910645,0.0,11790.798828125,57.62295150756836,0.31023329496383667
1776176068733,0.42855000495910645,0.0,11791.3271484375,57.650054931640625,0.3103601336479187
1776176068753,0.42855000495910645,0.0,11791.615234375,57.683048248291016,0.3104189932346344
1776176068773,0.42855000495910645,0.0,11791.85546875,57.71702194213867,0.3104902505874634
1776176068793,0.42855000495910645,0.0,11792.1435546875,57.75037384033203,0.3105590343475342
1776176068813,0.42855000495910645,0.0,11792.431640625,57.779605865478516,0.3106182813644409
1776176068833,0.42855000495910645,0.0,11792.9609375,57.805599212646484,0.31074798107147217
1776176068853,0.42855000495910645,0.0,11793.201171875,57.8388671875,0.31081703305244446
1776176068873,0.42855000495910645,0.0,11793.490234375,57.87522506713867,0.3108760118484497
1776176068893,0.42855000495910645,0.0,11793.7314453125,57.90126419067383,0.310946524143219
1776176068913,0.42855000495910645,0.0,11794.0205078125,57.93102264404297,0.31100425124168396
1776176068935,0.42855000495910645,0.0,11794.55078125,57.96628952026367,0.31114819645881653
1776176068953,0.42855000495910645,0.0,11794.8408203125,58.00346374511719,0.31120797991752625
1776176068973,0.42855000495910645,0.0,11795.08203125,58.0561637878418,0.31127917766571045
1776176068993,0.42855000495910645,0.0,11795.3720703125,58.11711120605469,0.3113396465778351
1776176069013,0.42855000495910645,0.0,11795.6142578125,58.17652130126953,0.3114112317562103
1776176069033,0.42454999685287476,0.0,11796.146484375,58.248382568359375,0.3115432858467102
1776176069053,0.4205999970436096,0.0,11796.4375,58.321475982666016,0.31160253286361694
1776176069074,0.41659998893737793,0.0,11796.6806640625,58.38483428955078,0.31167542934417725
1776176069093,0.4126499891281128,0.0,11796.97265625,58.46274948120117,0.31174832582473755
1776176069113,0.4126499891281128,0.0,11797.2646484375,58.54671096801758,0.3118084967136383
1776176069134,0.4126499891281128,0.0,11797.80078125,58.6196403503418,0.3119423985481262
1776176069153,0.4126499891281128,0.0,11798.044921875,58.70354080200195,0.31201571226119995
1776176069173,0.4126499891281128,0.0,11798.337890625,58.79634094238281,0.3120768666267395
1776176069193,0.4126499891281128,0.0,11798.5830078125,58.880531311035156,0.312150239944458
1776176069213,0.4126499891281128,0.0,11798.876953125,58.98759841918945,0.3122119903564453
1776176069236,0.4126499891281128,0.0,11799.4169921875,59.10439682006836,0.31236207485198975
1776176069253,0.4126499891281128,0.0,11799.712890625,59.17677688598633,0.3124242424964905
1776176069273,0.4205999970436096,0.0,11799.958984375,59.2781867980957,0.312499076128006
1776176069293,0.42454999685287476,0.0,11800.2548828125,59.38513946533203,0.3125617802143097
1776176069313,0.44440001249313354,0.0,11800.501953125,59.48405075073242,0.312637060880661
1776176069335,0.5,0.0,11801.046875,59.60816955566406,0.3127758800983429
1776176069354,0.5898500084877014,0.0,11801.3447265625,59.75239944458008,0.31283941864967346
1776176069373,0.6875,0.0,11801.59375,59.90376281738281,0.3129178285598755
1776176069393,0.7968499660491943,0.0,11801.8935546875,60.13633728027344,0.3129936456680298
1776176069413,0.90625,0.0,11802.1943359375,60.42961120605469,0.313059538602829
1776176069434,0.9922000169754028,0.0,11802.748046875,60.73031234741211,0.3132041394710541
1776176069453,1.0,0.0,11803.0009765625,61.11872100830078,0.313283234834671
1776176069473,1.0,0.0,11803.306640625,61.51899337768555,0.3133481442928314
1776176069493,1.0,0.0,11803.5625,61.86582565307617,0.3134298622608185
1776176069513,1.0,0.0,11803.87109375,62.273014068603516,0.3134978115558624
1776176069533,1.0,0.0,11804.44140625,62.670249938964844,0.3136604130268097
1776176069553,1.0,0.0,11804.7548828125,63.00680923461914,0.31373003125190735
1776176069573,1.0,0.0,11805.017578125,63.406761169433594,0.3138135075569153
1776176069593,1.0,0.0,11805.333984375,63.81037902832031,0.31388312578201294
1776176069613,1.0,0.0,11805.599609375,64.15847778320312,0.31396839022636414
1776176069634,1.0,0.0,11806.1865234375,64.55484008789062,0.3141257166862488
1776176069653,1.0,0.0,11806.509765625,64.94512939453125,0.31419816613197327
1776176069673,1.0,0.0,11806.7802734375,65.25594329833984,0.31428593397140503
1776176069693,1.0,0.0,11807.1064453125,65.61843872070312,0.3143724799156189
1776176069713,1.0,0.0,11807.43359375,66.04875183105469,0.3144460618495941
1776176069734,1.0,0.0,11807.9833984375,66.45732116699219,0.3146098256111145
1776176069753,1.0,0.0,11808.3154296875,66.78243255615234,0.31470099091529846
1776176069773,1.0,0.0,11808.6494140625,67.16717529296875,0.3147764503955841
1776176069793,1.0,0.0,11808.9287109375,67.49842071533203,0.31486842036247253
1776176069813,1.0,0.0,11809.2646484375,67.88330841064453,0.31494513154029846
1776176069834,1.0,0.0,11809.884765625,68.27179718017578,0.31513145565986633
1776176069853,1.0,0.0,11810.2255859375,68.60826110839844,0.31520983576774597
1776176069873,1.0,0.0,11810.5107421875,68.99034118652344,0.31530532240867615
1776176069893,1.0,0.0,11810.8544921875,69.35489654541016,0.3153841197490692
1776176069913,1.0,0.0,11811.142578125,69.67280578613281,0.3154798448085785
1776176069934,1.0,0.0,11811.779296875,70.04867553710938,0.3156565725803375
1776176069953,1.0,0.0,11812.12890625,70.43428802490234,0.31573694944381714
1776176069973,1.0,0.0,11812.421875,70.76769256591797,0.3158358335494995
1776176069993,1.0,0.0,11812.7744140625,71.15371704101562,0.3159337639808655
1776176070013,1.0,0.0,11813.12890625,71.52198791503906,0.3160167932510376
1776176070034,1.0,0.0,11813.783203125,71.83393096923828,0.31619977951049805
1776176070053,1.0,0.0,11814.08203125,72.20587158203125,0.3163014054298401
1776176070073,1.0,0.0,11814.4423828125,72.59290313720703,0.3163858950138092
1776176070093,1.0,0.0,11814.744140625,72.9271240234375,0.3164883553981781
1776176070113,1.0,0.0,11815.107421875,73.30807495117188,0.316572904586792
1776176070134,1.0,0.0,11815.7783203125,73.66959381103516,0.3167790472507477
1776176070153,1.0,0.0,11816.146484375,73.97089385986328,0.3168664276599884
1776176070173,1.0,0.0,11816.4541015625,74.32350158691406,0.31696975231170654
1776176070193,1.0,0.0,11816.8251953125,74.6867904663086,0.31705671548843384
1776176070213,1.0,0.0,11817.1357421875,74.99654388427734,0.3171634078025818
1776176070234,1.0,0.0,11817.822265625,75.3583984375,0.3173566460609436
1776176070253,1.0,0.0,11818.19921875,75.71507263183594,0.3174472749233246
1776176070273,1.0,0.0,11818.5146484375,76.02398681640625,0.3175539970397949
1776176070293,1.0,0.0,11818.89453125,76.37845611572266,0.31764358282089233
1776176070313,1.0,0.0,11819.2119140625,76.72659301757812,0.31775176525115967
1776176070336,1.0,0.0,11819.9775390625,77.06837463378906,0.3179514706134796
1776176070354,1.0,0.0,11820.2978515625,77.35559844970703,0.31806060671806335
1776176070374,1.0,0.0,11820.6845703125,77.69398498535156,0.31815314292907715
1776176070393,1.0,0.0,11821.0078125,77.99734497070312,0.3182620704174042
1776176070413,1.0,0.0,11821.396484375,78.35079956054688,0.3183545768260956
1776176070435,1.0,0.0,11822.11328125,78.69012451171875,0.31857767701148987
1776176070453,1.0,0.0,11822.505859375,78.97344207763672,0.318672776222229
1776176070474,1.0,0.0,11822.833984375,79.31969451904297,0.31878525018692017
1776176070493,1.0,0.0,11823.2294921875,79.65962219238281,0.3188784420490265
1776176070513,1.0,0.0,11823.560546875,79.9258041381836,0.3189927339553833
1776176070534,1.0,0.0,11824.2919921875,80.29151916503906,0.3192007541656494
1776176070554,1.0,0.0,11824.693359375,80.64694213867188,0.3192969560623169
1776176070573,1.0,0.0,11825.0283203125,80.93328857421875,0.3194108307361603
1776176070593,1.0,0.0,11825.431640625,81.27342987060547,0.3195090591907501
1776176070613,1.0,0.0,11825.76953125,81.6207275390625,0.3196241557598114
1776176070634,1.0,0.0,11826.583984375,81.96807098388672,0.31983834505081177
1776176070653,1.0,0.0,11826.9248046875,82.26783752441406,0.3199554979801178
1776176070674,1.0,0.0,11827.3359375,82.62010955810547,0.3200531005859375
1776176070693,1.0,0.0,11827.6796875,82.92411804199219,0.32017216086387634
1776176070713,1.0,0.0,11828.09375,83.28966522216797,0.320269376039505
1776176070733,1.0,0.0,11828.85546875,83.64641571044922,0.3205052316188812
1776176070753,1.0,0.0,11829.2734375,83.94297790527344,0.3206077218055725
1776176070773,1.0,0.0,11829.623046875,84.29064178466797,0.32072582840919495
1776176070793,1.0,0.0,11830.0439453125,84.63827514648438,0.3208266496658325
1776176070813,1.0,0.0,11830.3955078125,84.92528533935547,0.3209438920021057
1776176070834,1.0,0.0,11831.171875,85.26049041748047,0.32116636633872986
1776176070853,1.0,0.0,11831.59765625,85.66675567626953,0.3212679326534271
1776176070873,1.0,0.0,11831.9541015625,85.93344116210938,0.32138943672180176
1776176070893,1.0,0.0,11832.3828125,86.24498748779297,0.32151180505752563
1776176070913,1.0,0.0,11832.8125,86.59703063964844,0.32161301374435425
1776176070934,1.0,0.0,11833.6044921875,86.90909576416016,0.32183533906936646
1776176070953,1.0,0.0,11833.966796875,87.26598358154297,0.3219570517539978
1776176070975,1.0,0.0,11834.40234375,87.595458984375,0.32206010818481445
1776176070993,0.9375,0.0,11834.7666015625,87.86968994140625,0.32218384742736816
1776176071014,0.7265499830245972,0.0,11835.205078125,88.19038391113281,0.3222835063934326
1776176071034,0.3571000099182129,0.0,11836.01171875,88.44966888427734,0.32252973318099976
1776176071054,0.0,0.0,11836.453125,88.56153869628906,0.32263121008872986
1776176071074,0.0,0.0,11836.822265625,88.52789306640625,0.3227539360523224
1776176071093,0.0,0.0,11837.2646484375,88.42469787597656,0.32285571098327637
1776176071114,0.0,0.0,11837.6328125,88.3368148803711,0.32297831773757935
1776176071135,0.0,0.0,11838.44140625,88.21277618408203,0.3232010304927826
1776176071153,0.0,0.0,11838.8818359375,88.11456298828125,0.32330527901649475
1776176071173,0.0,0.0,11839.248046875,88.00848388671875,0.32342660427093506
1776176071193,0.0,0.0,11839.6875,87.88605499267578,0.3235458731651306
1776176071213,0.0,0.0,11840.1259765625,87.75885009765625,0.3236466348171234
1776176071234,0.0,0.0,11840.9287109375,87.65201568603516,0.3238685727119446
1776176071253,0.0,0.00016861029143910855,11841.29296875,87.52276611328125,0.3239879310131073
1776176071274,0.0,0.005127621348947287,11841.7294921875,87.3903579711914,0.3240897059440613
1776176071293,0.0,0.012158614583313465,11842.0927734375,87.2722396850586,0.3242097496986389
1776176071314,0.0,0.014670299366116524,11842.529296875,87.12852478027344,0.3243285119533539
1776176071334,0.0,0.011025317013263702,11843.3271484375,86.9817886352539,0.3245478868484497
1776176071353,0.0,0.004824841860681772,11843.76171875,86.85758972167969,0.32464736700057983
1776176071373,0.0,0.0015367991290986538,11844.123046875,86.71661376953125,0.3247673809528351
1776176071393,0.0,0.0003347668971400708,11844.556640625,86.57765197753906,0.3248639702796936
1776176071413,0.0,8.742299542063847e-05,11844.91796875,86.45770263671875,0.32498443126678467
1776176071434,0.0,2.4670845959917642e-05,11845.7109375,86.31731414794922,0.3252009153366089
1776176071453,0.0,2.4670845959917642e-05,11846.142578125,86.17861938476562,0.32529908418655396
1776176071474,0.0,3.150863994960673e-05,11846.501953125,86.06549072265625,0.3254162073135376
1776176071493,0.0,0.00010428302630316466,11846.9326171875,85.92863464355469,0.32553377747535706
1776176071513,0.0,0.0002943974104709923,11847.3623046875,85.78605651855469,0.3256300687789917
1776176071534,0.0,0.00053560541709885,11848.1494140625,85.65135192871094,0.3258479833602905
1776176071553,0.0,0.0008974525262601674,11848.5068359375,85.52850341796875,0.32596278190612793
1776176071573,0.0,0.001810308312997222,11848.9345703125,85.38538360595703,0.3260607421398163
1776176071593,0.0,0.0026479684747755527,11849.2900390625,85.26691436767578,0.3261769413948059
1776176071614,0.0,0.003737070132046938,11849.716796875,85.1267318725586,0.32627394795417786
1776176071635,0.0,0.004824841860681772,11850.498046875,84.98592376708984,0.3265070915222168
1776176071654,0.0,0.005444121081382036,11850.9228515625,84.86732482910156,0.32660242915153503
1776176071675,0.0,0.005779007915407419,11851.2763671875,84.69351196289062,0.326718807220459
1776176071693,0.0,0.005779007915407419,11851.7001953125,84.56692504882812,0.3268156349658966
1776176071715,0.0,0.006489175837486982,11852.052734375,84.42290496826172,0.32693034410476685
1776176071734,0.0,0.007669195998460054,11852.8271484375,84.29338073730469,0.3271426856517792
1776176071753,0.0,0.008534903638064861,11853.248046875,84.1413803100586,0.3272363841533661
1776176071773,0.0,0.010492037050426006,11853.5986328125,84.01481628417969,0.3273506462574005
1776176071793,0.0,0.01275242492556572,11854.0185546875,83.86421966552734,0.32746610045433044
1776176071813,0.0,0.016791880130767822,11854.4375,83.71289825439453,0.3275606632232666
1776176071834,0.0,0.019967637956142426,11855.2041015625,83.58303833007812,0.32777076959609985
1776176071853,0.0,0.022617517039179802,11855.5517578125,83.43032836914062,0.327884703874588
1776176071874,0.0,0.026536842808127403,11855.96875,83.27706146240234,0.32797911763191223
1776176071893,0.0,0.029790978878736496,11856.3154296875,83.14464569091797,0.3280922472476959
1776176071913,0.0,0.03332889452576637,11856.7314453125,82.98031616210938,0.3281874656677246
1776176071933,0.0,0.034584492444992065,11857.4912109375,82.81392669677734,0.3284110426902771
1776176071955,0.0,0.034584492444992065,11857.9052734375,82.6496810913086,0.32850730419158936
1776176071973,0.0,0.034584492444992065,11858.25,82.51012420654297,0.32861700654029846
1776176071993,0.0,0.034584492444992065,11858.662109375,82.3421630859375,0.3287104368209839
1776176072013,0.0,0.029790978878736496,11859.0048828125,82.19740295410156,0.3288230001926422
1776176072034,0.0,0.01337516587227583,11859.7578125,82.02909088134766,0.32902854681015015
1776176072053,0.0,0.0002943974104709923,11860.16796875,81.87468719482422,0.32912197709083557
1776176072074,0.0,0.0,11860.5087890625,81.72843933105469,0.32923251390457153
1776176072093,0.0,0.0,11860.91796875,81.6028060913086,0.32934436202049255
1776176072113,0.0,0.0,11861.326171875,81.47591400146484,0.3294380009174347
1776176072133,0.0,0.0,11862.0732421875,81.32579040527344,0.3296409249305725
1776176072153,0.0,0.0,11862.412109375,81.17528533935547,0.3297525644302368
1776176072174,0.0,0.0,11862.818359375,81.02132415771484,0.32984498143196106
1776176072193,0.0,0.0,11863.15625,80.88493347167969,0.3299545645713806
1776176072214,0.0,0.0,11863.5615234375,80.72338104248047,0.330047070980072
1776176072234,0.0,0.0,11864.3017578125,80.5628433227539,0.3302660286426544
1776176072253,0.0,0.0,11864.705078125,80.4236068725586,0.33035796880722046
1776176072273,0.03175002336502075,0.0,11865.0400390625,80.25847625732422,0.330468088388443
1776176072293,0.1269499957561493,0.0,11865.44140625,80.10237884521484,0.33055979013442993
1776176072313,0.1904500126838684,0.0,11865.775390625,79.98626708984375,0.3306683301925659
1776176072334,0.25394999980926514,0.0,11866.5087890625,79.85846710205078,0.330869197845459
1776176072354,0.2817000150680542,0.0,11866.908203125,79.74083709716797,0.33096036314964294
1776176072373,0.2857000231742859,0.0,11867.2412109375,79.64527893066406,0.3310668468475342
1776176072393,0.2738000154495239,0.0,11867.6396484375,79.53752899169922,0.33117789030075073
1776176072414,0.26190000772476196,0.0,11868.0380859375,79.43106842041016,0.33126699924468994
1776176072433,0.23805001378059387,0.0,11868.7666015625,79.34186553955078,0.3314656913280487
1776176072453,0.20634999871253967,0.0,11869.09765625,79.23799896240234,0.33155545592308044
1776176072473,0.17855000495910645,0.0,11869.427734375,79.12898254394531,0.331663578748703
1776176072493,0.1547500193119049,0.0,11869.8232421875,79.0296401977539,0.3317711651325226
1776176072513,0.13885000348091125,0.0,11870.21875,78.91007232666016,0.3318604528903961
1776176072534,0.12299999594688416,0.0,11870.9423828125,78.78516387939453,0.3320750594139099
1776176072553,0.10715001821517944,0.0,11871.3369140625,78.67705535888672,0.3321639597415924
1776176072573,0.09525001049041748,0.0,11871.6650390625,78.55133056640625,0.33227139711380005
1776176072593,0.08730000257492065,0.0,11872.05859375,78.42423248291016,0.3323599398136139
1776176072613,0.08730000257492065,0.0,11872.3857421875,78.30995178222656,0.33246612548828125
1776176072634,0.08730000257492065,0.0,11873.1044921875,78.17784118652344,0.33266156911849976
1776176072653,0.09525001049041748,0.0,11873.49609375,78.048583984375,0.33275002241134644
1776176072673,0.09920001029968262,0.0,11873.8212890625,77.93724822998047,0.33285608887672424
1776176072693,0.10715001821517944,0.0,11874.2109375,77.80628967285156,0.3329629898071289
1776176072713,0.12299999594688416,0.0,11874.6005859375,77.67672729492188,0.33305004239082336
1776176072733,0.13885000348091125,0.0,11875.3134765625,77.57135772705078,0.3332445025444031
1776176072753,0.16269999742507935,0.0,11875.63671875,77.4490737915039,0.33334946632385254
1776176072773,0.22220000624656677,0.0,11876.0244140625,77.3227310180664,0.33343806862831116
1776176072793,0.26980000734329224,0.0,11876.3466796875,77.22254943847656,0.33354365825653076
1776176072813,0.31744998693466187,0.0,11876.7333984375,77.10960388183594,0.3336479961872101
1776176072833,0.361050009727478,0.0,11877.4404296875,77.01538848876953,0.33383995294570923
1776176072854,0.38885000348091125,0.0,11877.8251953125,76.9399642944336,0.33392807841300964
1776176072874,0.4126499891281128,0.0,11878.1455078125,76.89668273925781,0.3340332508087158
1776176072893,0.4325000047683716,0.0,11878.5302734375,76.8774642944336,0.3341209590435028
1776176072914,0.44440001249313354,0.0,11878.8505859375,76.87449645996094,0.334226131439209
1776176072934,0.44440001249313354,0.0,11879.5556640625,76.89437103271484,0.3344181180000305
1776176072953,0.44440001249313354,0.0,11879.9404296875,76.92676544189453,0.3345051407814026
1776176072973,0.44440001249313354,0.0,11880.26171875,76.9605712890625,0.3346104025840759
1776176072993,0.44440001249313354,0.0,11880.646484375,77.00393676757812,0.33471593260765076
1776176073013,0.44440001249313354,0.0,11881.0322265625,77.0477523803711,0.33480459451675415
1776176073035,0.44440001249313354,0.0,11881.7392578125,77.08942413330078,0.33499881625175476
1776176073053,0.44440001249313354,0.0,11882.060546875,77.12532043457031,0.33510270714759827
1776176073073,0.44440001249313354,0.0,11882.4462890625,77.17738342285156,0.33519232273101807
1776176073093,0.44440001249313354,0.0,11882.767578125,77.22306060791016,0.3352983593940735
1776176073113,0.4562999904155731,0.0,11883.1533203125,77.27420806884766,0.33538752794265747
1776176073134,0.46424999833106995,0.0,11883.8623046875,77.3302230834961,0.3355998694896698
1776176073153,0.4761500060558319,0.0,11884.2490234375,77.3823471069336,0.33569037914276123
1776176073173,0.4959999918937683,0.0,11884.5712890625,77.43903350830078,0.335796594619751
1776176073193,0.5038999915122986,0.0,11884.9580078125,77.49693298339844,0.3358854055404663
1776176073213,0.5077999830245972,0.0,11885.2802734375,77.54998779296875,0.33599159121513367
1776176073233,0.5195500254631042,0.0,11885.9912109375,77.62974548339844,0.33618801832199097
1776176073253,0.5234500169754028,0.0,11886.37890625,77.71311950683594,0.3362771272659302
1776176073273,0.5234500169754028,0.0,11886.7021484375,77.77918243408203,0.33638444542884827
1776176073293,0.5234500169754028,0.0,11887.0908203125,77.8617172241211,0.33649247884750366
1776176073313,0.5234500169754028,0.0,11887.4794921875,77.9385986328125,0.3365822434425354
1776176073335,0.5234500169754028,0.0,11888.193359375,78.02716827392578,0.33678004145622253
1776176073353,0.5234500169754028,0.0,11888.5185546875,78.12255859375,0.33688876032829285
1776176073374,0.5234500169754028,0.0,11888.9091796875,78.2348403930664,0.33697834610939026
1776176073393,0.5234500169754028,0.0,11889.2353515625,78.32181549072266,0.3370860815048218
1776176073414,0.5234500169754028,0.0,11889.626953125,78.42504119873047,0.3371777832508087
1776176073437,0.5273500084877014,0.0,11890.345703125,78.55577087402344,0.3373962342739105
1776176073453,0.53125,0.0,11890.73828125,78.63874816894531,0.33748748898506165
1776176073474,0.5390499830245972,0.0,11891.0654296875,78.75457000732422,0.33759647607803345
1776176073493,0.5468500256538391,0.0,11891.458984375,78.88789367675781,0.33768773078918457
1776176073513,0.5702999830245972,0.0,11891.787109375,79.00463104248047,0.33779746294021606
1776176073535,0.6054499745368958,0.0,11892.5107421875,79.1541748046875,0.33799999952316284
1776176073555,0.6405999660491943,0.0,11892.9052734375,79.26404571533203,0.33810970187187195
1776176073575,0.6991999745368958,0.0,11893.30078125,79.40328216552734,0.3382025957107544
1776176073593,0.7577999830245972,0.0,11893.630859375,79.5405502319336,0.33831366896629333
1776176073615,0.8320499658584595,0.0,11894.02734375,79.72025299072266,0.33840614557266235
1776176073637,0.9101499915122986,0.0,11894.7568359375,80.01559448242188,0.3386097252368927
1776176073653,0.9570499658584595,0.0,11895.08984375,80.24498748779297,0.33872175216674805
1776176073675,1.0,0.0,11895.490234375,80.58375549316406,0.3388155996799469
1776176073693,1.0,0.0,11895.8251953125,80.86974334716797,0.3389284908771515
1776176073714,1.0,0.0,11896.228515625,81.23443603515625,0.33904144167900085
1776176073734,1.0,0.0,11896.97265625,81.51484680175781,0.33925023674964905
1776176073754,1.0,0.0,11897.3798828125,81.8077621459961,0.3393455445766449
1776176073773,1.0,0.0,11897.720703125,82.14568328857422,0.3394604027271271
1776176073793,1.0,0.0,11898.130859375,82.47052764892578,0.3395555913448334
1776176073814,1.0,0.0,11898.4736328125,82.74134826660156,0.33967071771621704
1776176073835,1.0,0.0,11899.2314453125,83.052978515625,0.3398841917514801
1776176073853,1.0,0.0,11899.646484375,83.37899780273438,0.3400004804134369
1776176073873,1.0,0.0,11900.0625,83.66621398925781,0.34009870886802673
1776176073893,1.0,0.0,11900.4111328125,83.99869537353516,0.34021666646003723
1776176073913,1.0,0.0,11900.830078125,84.30538940429688,0.3403150141239166
1776176073934,1.0,0.0,11901.6025390625,84.5877685546875,0.3405326008796692
1776176073954,1.0,0.0,11901.955078125,84.97139739990234,0.3406515121459961
1776176073973,1.0,0.0,11902.37890625,85.29967498779297,0.34075161814689636
1776176073993,1.0,0.0,11902.7333984375,85.55506896972656,0.34087270498275757
1776176074013,1.0,0.0,11903.16015625,85.85637664794922,0.3409925699234009
1776176074034,1.0,0.0,11903.9453125,86.16063690185547,0.34121403098106384
1776176074053,1.0,0.0,11904.375,86.42278289794922,0.3413148820400238
1776176074073,1.0,0.0,11904.734375,86.7305679321289,0.34143704175949097
1776176074093,1.0,0.0,11905.1669921875,87.0580825805664,0.341539591550827
1776176074113,1.0,0.0,11905.5283203125,87.33198547363281,0.34166279435157776
1776176074134,1.0,0.0,11906.3271484375,87.63230895996094,0.34188807010650635
1776176074153,1.0,0.0,11906.7646484375,87.93079376220703,0.34201154112815857
1776176074173,1.0,0.0,11907.2041015625,88.18594360351562,0.34211546182632446
1776176074193,1.0,0.0,11907.5712890625,88.4932861328125,0.34224048256874084
1776176074213,1.0,0.0,11908.0126953125,88.79916381835938,0.3423439562320709
1776176074233,1.0,0.0,11908.826171875,89.06636047363281,0.342573881149292
1776176074253,1.0,0.0,11909.197265625,89.38434600830078,0.3426992893218994
1776176074273,1.0,0.0,11909.6435546875,89.68854522705078,0.34280475974082947
1776176074293,1.0,0.0,11910.0166015625,89.93363189697266,0.3429313600063324
1776176074313,1.0,0.0,11910.46484375,90.22171020507812,0.34303706884384155
1776176074334,1.0,0.0,11911.291015625,90.49797058105469,0.34329280257225037
1776176074353,1.0,0.0,11911.7431640625,90.73583984375,0.3433993458747864
1776176074373,1.0,0.0,11912.12109375,91.03619384765625,0.3435283601284027
1776176074393,1.0,0.0,11912.5751953125,91.35364532470703,0.3436349034309387
1776176074413,1.0,0.0,11912.955078125,91.6249008178711,0.3437635600566864
1776176074434,1.0,0.0,11913.7939453125,91.89496612548828,0.34400105476379395
1776176074453,1.0,0.0,11914.2529296875,92.18773651123047,0.34413155913352966
1776176074473,1.0,0.0,11914.712890625,92.44986724853516,0.3442394733428955
1776176074493,1.0,0.0,11915.09765625,92.75147247314453,0.3443698287010193
1776176074513,1.0,0.0,11915.560546875,93.04644775390625,0.3444789946079254
1776176074534,1.0,0.0,11916.412109375,93.31998443603516,0.34471991658210754
1776176074553,1.0,0.0,11916.7998046875,93.54837799072266,0.3448522090911865
1776176074573,1.0,0.0,11917.2666015625,93.82441711425781,0.3449627459049225
1776176074593,1.0,0.0,11917.65625,94.05780792236328,0.34509557485580444
1776176074613,1.0,0.0,11918.125,94.33186340332031,0.34520667791366577
1776176074636,1.0,0.0,11918.98828125,94.67655944824219,0.34547340869903564
1776176074654,1.0,0.0,11919.4609375,94.942626953125,0.3455851376056671
1776176074674,1.0,0.0,11919.8564453125,95.19011688232422,0.34571948647499084
1776176074694,1.0,0.0,11920.33203125,95.4775619506836,0.34583038091659546
1776176074713,1.0,0.0,11920.7294921875,95.71809387207031,0.34596630930900574
1776176074735,1.0,0.0,11921.60546875,95.98836517333984,0.34621351957321167
1776176074753,1.0,0.0,11922.0849609375,96.27251434326172,0.3463486135005951
1776176074773,1.0,0.0,11922.5654296875,96.52758026123047,0.3464621305465698
1776176074793,1.0,0.0,11922.966796875,96.82381439208984,0.34659701585769653
1776176074813,1.0,0.0,11923.4501953125,97.11163330078125,0.34671223163604736
1776176074834,1.0,0.0,11924.3388671875,97.34542083740234,0.34696337580680847
1776176074853,1.0,0.0,11924.744140625,97.61937713623047,0.34710240364074707
1776176074873,1.0,0.0,11925.2314453125,97.90630340576172,0.3472403585910797
1776176074893,1.0,0.0,11925.7197265625,98.17084503173828,0.34735482931137085
1776176074913,1.0,0.0,11926.1279296875,98.4546127319336,0.3474922776222229
1776176074933,1.0,0.0,11927.029296875,98.71186828613281,0.3477482199668884
1776176074953,1.0,0.0,11927.5224609375,98.93683624267578,0.3478644788265228
1776176074974,1.0,0.0,11927.9345703125,99.235595703125,0.34800270199775696
1776176074993,1.0,0.0,11928.4296875,99.52676391601562,0.3481200039386749
1776176075013,1.0,0.0,11928.84375,99.76253509521484,0.34825894236564636
1776176075034,1.0,0.0,11929.7578125,100.0447769165039,0.34851619601249695
1776176075053,1.0,0.0,11930.2578125,100.33784484863281,0.34865814447402954
1776176075073,1.0,0.0,11930.7587890625,100.57660675048828,0.34877827763557434
1776176075093,1.0,0.0,11931.177734375,100.85311889648438,0.3489207923412323
1776176075113,1.0,0.0,11931.681640625,101.12347412109375,0.34903979301452637
1776176075133,1.0,0.0,11932.6083984375,101.36285400390625,0.3492996096611023
1776176075153,1.0,0.0,11933.0302734375,101.6605453491211,0.3494435250759125
1776176075173,1.0,0.0,11933.5380859375,101.9536361694336,0.3495631515979767
1776176075193,1.0,0.0,11933.9619140625,102.18405151367188,0.3497062623500824
1776176075214,1.0,0.0,11934.4716796875,102.44779205322266,0.3498516380786896
1776176075233,1.0,0.0,11934.982421875,102.72206115722656,0.34997135400772095
1776176075253,1.0,0.0,11935.9228515625,102.96488952636719,0.35023728013038635
1776176075273,1.0,0.0,11936.3515625,103.24432373046875,0.3503817915916443
1776176075293,1.0,0.0,11936.8671875,103.52884674072266,0.3505037724971771
1776176075313,1.0,0.0,11937.2978515625,103.76763153076172,0.3506496846675873
1776176075334,1.0,0.0,11938.248046875,104.02982330322266,0.35091638565063477
1776176075353,1.0,0.0,11938.767578125,104.29529571533203,0.3510642647743225
1776176075373,1.0,0.0,11939.2880859375,104.52214050292969,0.3511866331100464
1776176075393,1.0,0.0,11939.72265625,104.7951889038086,0.3513346314430237
1776176075414,1.0,0.0,11940.24609375,105.09502410888672,0.35145843029022217
1776176075434,1.0,0.0,11941.2080078125,105.34516143798828,0.3517299294471741
1776176075453,1.0,0.0,11941.646484375,105.61470031738281,0.35187914967536926
1776176075473,1.0,0.0,11942.173828125,105.88526153564453,0.3520033061504364
1776176075493,1.0,0.0,11942.6142578125,106.11698913574219,0.3521517813205719
1776176075513,1.0,0.0,11943.1435546875,106.37671661376953,0.35227593779563904
1776176075533,1.0,0.0,11944.1171875,106.63347625732422,0.35257652401924133
1776176075553,1.0,0.0,11944.650390625,106.86499786376953,0.3527011275291443
1776176075574,1.0,0.0,11945.095703125,107.13648223876953,0.3528514504432678
1776176075593,1.0,0.0,11945.630859375,107.41015625,0.3529776632785797
1776176075613,1.0,0.0,11946.0771484375,107.6483383178711,0.3531285524368286
1776176075634,1.0,0.0,11946.6142578125,107.92996215820312,0.3532549738883972
1776176075653,1.0,0.0,11947.6015625,108.20785522460938,0.3535573482513428
1776176075674,1.0,0.0,11948.1416015625,108.43193817138672,0.3536847233772278
1776176075693,1.0,0.0,11948.5927734375,108.68812561035156,0.3538370728492737
1776176075713,1.0,0.0,11949.1357421875,108.94813537597656,0.35396596789360046
1776176075733,1.0,0.0,11950.1337890625,109.16851043701172,0.3542468845844269
1776176075753,1.0,0.0,11950.5888671875,109.44493865966797,0.35439929366111755
1776176075773,1.0,0.0,11951.1357421875,109.7271957397461,0.3545277416706085
1776176075793,1.0,0.0,11951.5927734375,109.95865631103516,0.35468268394470215
1776176075813,1.0,0.0,11952.1416015625,110.21964263916016,0.3548109531402588
1776176075834,1.0,0.0,11953.150390625,110.47110748291016,0.3551207184791565
1776176075854,1.0,0.0,11953.7021484375,110.68836212158203,0.3552502393722534
1776176075874,1.0,0.0,11954.1630859375,110.95113372802734,0.35540592670440674
1776176075893,1.0,0.0,11954.716796875,111.21839904785156,0.3555353283882141
1776176075913,1.0,0.0,11955.1796875,111.44326782226562,0.3556925058364868
1776176075934,1.0,0.0,11956.2001953125,111.6954116821289,0.3559796214103699
1776176075953,1.0,0.0,11956.7587890625,111.95016479492188,0.35613641142845154
1776176075973,1.0,0.0,11957.318359375,112.1733627319336,0.356267511844635
1776176075993,1.0,0.0,11957.78515625,112.4268798828125,0.35642561316490173
1776176076013,1.0,0.0,11958.3466796875,112.67655181884766,0.35655727982521057
1776176076033,1.0,0.0,11959.37890625,112.89588928222656,0.3568461537361145
1776176076053,1.0,0.0,11959.8486328125,113.15381622314453,0.3570054769515991
1776176076073,1.0,0.0,11960.4140625,113.4041976928711,0.357136994600296
1776176076093,1.0,0.0,11960.8857421875,113.62376403808594,0.3572973310947418
1776176076113,1.0,0.0,11961.453125,113.8802719116211,0.35745641589164734
1776176076134,1.0,0.0,11962.49609375,114.132080078125,0.35775116086006165
1776176076153,1.0,0.0,11963.06640625,114.34595489501953,0.35788494348526
1776176076173,1.0,0.0,11963.5419921875,114.59021759033203,0.3580463230609894
1776176076193,1.0,0.0,11964.1142578125,114.84113311767578,0.3581799268722534
1776176076213,1.0,0.0,11964.591796875,115.05091094970703,0.35834142565727234
1776176076234,1.0,0.0,11965.6455078125,115.2931900024414,0.358638197183609
1776176076253,1.0,0.0,11966.2216796875,115.54359436035156,0.3588004410266876
1776176076275,1.0,0.0,11966.798828125,115.79755401611328,0.35893553495407104
1776176076293,1.0,0.0,11967.2802734375,116.01199340820312,0.3590981960296631
1776176076313,1.0,0.0,11967.859375,116.25231170654297,0.35923445224761963
1776176076333,1.0,0.0,11968.923828125,116.45246887207031,0.3595331609249115
1776176076353,1.0,0.0,11969.4091796875,116.7146987915039,0.3596973717212677
1776176076373,1.0,0.0,11969.9921875,116.973876953125,0.3598344027996063
1776176076393,1.0,0.0,11970.478515625,117.16960144042969,0.3599983751773834
1776176076413,1.0,0.0,11971.0634765625,117.39017486572266,0.36016374826431274
1776176076433,1.0,0.0,11972.138671875,117.62541961669922,0.36046549677848816
1776176076453,1.0,0.0,11972.7265625,117.83920288085938,0.3606034815311432
1776176076473,1.0,0.0,11973.216796875,118.08720397949219,0.36076903343200684
1776176076493,1.0,0.0,11973.806640625,118.33769226074219,0.36090752482414246
1776176076513,1.0,0.0,11974.298828125,118.53948211669922,0.3610735833644867
1776176076535,1.0,0.0,11975.384765625,118.7847671508789,0.3613795042037964
1776176076553,0.9257999658584595,0.0,11975.978515625,118.9923095703125,0.3615460693836212
1776176076574,0.8242000341415405,0.0,11976.5732421875,119.20513153076172,0.36168572306632996
1776176076593,0.7109500169754028,0.0,11977.0693359375,119.16043090820312,0.3618529140949249
1776176076613,0.5468500256538391,0.0,11977.6650390625,119.12340545654297,0.3619924783706665
1776176076634,0.3968000113964081,0.0,11978.7568359375,119.08213806152344,0.36229875683784485
1776176076653,0.2459999918937683,0.0,11979.2529296875,119.04768371582031,0.3624664843082428
1776176076673,0.08330002427101135,0.0,11979.84765625,119.0057144165039,0.362605482339859
1776176076693,0.0,0.0,11980.3427734375,118.96976470947266,0.36277297139167786
1776176076713,0.0,0.0,11980.9375,118.92906951904297,0.36291176080703735
1776176076734,0.0,0.0,11982.0263671875,118.88951110839844,0.36324578523635864
1776176076753,0.0,0.0,11982.6201171875,118.85612487792969,0.36338475346565247
1776176076773,0.08730000257492065,0.0,11983.115234375,118.81748962402344,0.3635512590408325
1776176076793,0.24994999170303345,0.0,11983.708984375,118.78157043457031,0.36368995904922485
1776176076813,0.38885000348091125,0.0,11984.203125,118.75043487548828,0.3638561964035034
1776176076834,0.5234500169754028,0.0,11985.291015625,118.94791412353516,0.36416095495224
1776176076853,0.6640499830245972,0.0,11985.884765625,119.3198013305664,0.3643285930156708
1776176076873,0.7734500169754028,0.0,11986.48046875,119.63965606689453,0.36446914076805115
1776176076893,0.8672000169754028,0.0,11986.978515625,119.99089813232422,0.3646364212036133
1776176076913,0.9609500169754028,0.0,11987.5771484375,120.26514434814453,0.36477699875831604
1776176076934,1.0,0.0,11988.6787109375,120.5056381225586,0.36508601903915405
1776176076953,1.0,0.0,11989.1806640625,120.72380065917969,0.3652551472187042
1776176076973,1.0,0.0,11989.7841796875,120.98110961914062,0.3654243052005768
1776176076993,1.0,0.0,11990.388671875,121.18482971191406,0.3655655086040497
1776176077013,1.0,0.0,11990.8935546875,121.42259979248047,0.3657071590423584
1776176077033,1.0,0.0,11992.0068359375,121.66850280761719,0.3660482168197632
1776176077053,1.0,0.0,11992.615234375,121.88478088378906,0.3661900460720062
1776176077073,1.0,0.0,11993.123046875,122.12458038330078,0.36636117100715637
1776176077093,1.0,0.0,11993.7333984375,122.37218475341797,0.3665046989917755
1776176077113,1.0,0.0,11994.2431640625,122.5716552734375,0.36667516827583313
1776176077134,1.0,0.0,11995.3662109375,122.80366516113281,0.3669906556606293
1776176077153,1.0,0.0,11995.98046875,123.04390716552734,0.36716294288635254
1776176077173,1.0,0.0,11996.595703125,123.25820922851562,0.36730676889419556
1776176077193,1.0,0.0,11997.1083984375,123.5006332397461,0.3674791753292084
1776176077213,1.0,0.0,11997.7255859375,123.7248764038086,0.367623507976532
1776176077234,1.0,0.0,11998.240234375,123.90745544433594,0.3677968382835388
1776176077253,1.0,0.0,11999.3740234375,124.16522216796875,0.36811602115631104
1776176077273,1.0,0.0,11999.994140625,124.40174865722656,0.36826059222221375
1776176077293,1.0,0.0,12000.51171875,124.60728454589844,0.3684346675872803
1776176077313,1.0,0.0,12001.1337890625,124.8357925415039,0.36860960721969604
1776176077333,1.0,0.0,12001.7568359375,125.07305145263672,0.36875560879707336
1776176077353,1.0,0.0,12002.9013671875,125.27835845947266,0.36907675862312317
1776176077373,1.0,0.0,12003.4228515625,125.51530456542969,0.36925196647644043
1776176077393,1.0,0.0,12004.0498046875,125.75445556640625,0.36939936876296997
1776176077413,1.0,0.0,12004.5732421875,125.9632339477539,0.3695751428604126
1776176077434,1.0,0.0,12005.83203125,126.20246124267578,0.3698990046977997
1776176077453,1.0,0.0,12006.357421875,126.4520034790039,0.3700759708881378
1776176077473,1.0,0.0,12006.9892578125,126.65214538574219,0.3702237904071808
1776176077493,1.0,0.0,12007.5166015625,126.8804702758789,0.3704012334346771
1776176077513,1.0,0.0,12008.150390625,127.1196517944336,0.37054958939552307
1776176077534,1.0,0.0,12009.314453125,127.35336303710938,0.3708765208721161
1776176077553,1.0,0.0,12009.8447265625,127.54946899414062,0.3710547089576721
1776176077573,1.0,0.0,12010.4814453125,127.77223205566406,0.371203750371933
1776176077593,1.0,0.0,12011.0126953125,127.9771957397461,0.3713829517364502
1776176077613,1.0,0.0,12011.6513671875,128.22239685058594,0.37156257033348083
1776176077634,1.0,0.0,12012.8251953125,128.4589385986328,0.37189236283302307
1776176077653,1.0,0.0,12013.466796875,128.66064453125,0.3720420300960541
1776176077673,1.0,0.0,12014.0029296875,128.89874267578125,0.3722224533557892
1776176077693,1.0,0.0,12014.646484375,129.12680053710938,0.37237316370010376
1776176077713,1.0,0.0,12015.18359375,129.3102569580078,0.3725544810295105
1776176077733,1.0,0.0,12015.8291015625,129.57432556152344,0.37270528078079224
1776176077753,1.0,0.0,12017.015625,129.8126983642578,0.3730686902999878
1776176077773,1.0,0.0,12017.6640625,130.0024871826172,0.3732200860977173
1776176077793,1.0,0.0,12018.205078125,130.2270965576172,0.37340259552001953
1776176077813,1.0,0.0,12018.85546875,130.45281982421875,0.3735549747943878
1776176077834,1.0,0.0,12019.3984375,130.6741485595703,0.37373754382133484
1776176077853,1.0,0.0,12020.5947265625,130.91250610351562,0.37407350540161133
1776176077873,1.0,0.0,12021.2490234375,131.12525939941406,0.3742261826992035
1776176077893,1.0,0.0,12021.794921875,131.3182373046875,0.37441006302833557
1776176077913,1.0,0.0,12022.4501953125,131.55372619628906,0.3745943605899811
1776176077933,1.0,0.0,12023.654296875,131.76210021972656,0.37490156292915344
1776176077953,1.0,0.0,12024.203125,131.9914093017578,0.3750862181186676
1776176077973,1.0,0.0,12024.8623046875,132.22146606445312,0.3752710223197937
1776176077993,1.0,0.0,12025.5224609375,132.4479217529297,0.37542587518692017
1776176078013,1.0,0.0,12026.0732421875,132.64031982421875,0.37561166286468506
1776176078033,1.0,0.0,12027.2880859375,132.8766326904297,0.3759530484676361
1776176078053,1.0,0.0,12027.9521484375,133.1041259765625,0.3761391341686249
1776176078074,1.0,0.0,12028.6171875,133.29141235351562,0.3762943744659424
1776176078093,1.0,0.0,12029.171875,133.53091430664062,0.37648147344589233
1776176078113,1.0,0.0,12029.8388671875,133.7648468017578,0.376637727022171
1776176078133,1.0,0.0,12031.064453125,133.957763671875,0.37698134779930115
1776176078153,1.0,0.0,12031.6220703125,134.1957244873047,0.377169132232666
1776176078173,1.0,0.0,12032.29296875,134.4247589111328,0.3773575723171234
1776176078193,1.0,0.0,12032.96484375,134.62489318847656,0.37751463055610657
1776176078213,1.0,0.0,12033.525390625,134.85877990722656,0.3776713013648987
1776176078234,1.0,0.0,12034.7607421875,135.08392333984375,0.37804993987083435
1776176078253,1.0,0.0,12035.435546875,135.2808074951172,0.3782082200050354
1776176078273,1.0,0.0,12035.9990234375,135.50473022460938,0.3783976137638092
1776176078293,1.0,0.0,12036.67578125,135.71949768066406,0.3785559833049774
1776176078313,1.0,0.0,12037.240234375,135.91612243652344,0.37874647974967957
1776176078334,1.0,0.0,12038.4853515625,136.17323303222656,0.3790956437587738
1776176078353,1.0,0.0,12039.166015625,136.3948516845703,0.3792867958545685
1776176078373,1.0,0.0,12039.84765625,136.57904052734375,0.37944599986076355
1776176078393,1.0,0.0,12040.416015625,136.79774475097656,0.37963780760765076
1776176078413,1.0,0.0,12041.0986328125,137.01869201660156,0.3797975778579712
1776176078433,1.0,0.0,12042.353515625,137.20980834960938,0.38014963269233704
1776176078453,1.0,0.0,12042.9248046875,137.4315185546875,0.38034218549728394
1776176078473,1.0,0.0,12043.611328125,137.6667938232422,0.38050347566604614
1776176078493,1.0,0.0,12044.1845703125,137.86537170410156,0.38069605827331543
1776176078513,1.0,0.0,12044.873046875,138.0899200439453,0.3808576166629791
1776176078534,1.0,0.0,12046.1376953125,138.32452392578125,0.381244421005249
1776176078553,1.0,0.0,12046.8291015625,138.52032470703125,0.38143810629844666
1776176078573,1.0,0.0,12047.521484375,138.74700927734375,0.38160088658332825
1776176078593,1.0,0.0,12048.099609375,138.97012329101562,0.38179516792297363
1776176078613,1.0,0.0,12048.7939453125,139.15615844726562,0.38195717334747314
1776176078633,1.0,0.0,12049.373046875,139.35609436035156,0.3821525275707245
1776176078653,1.0,0.0,12050.6484375,139.56704711914062,0.3825107216835022
1776176078673,1.0,0.0,12051.345703125,139.77206420898438,0.3826739192008972
1776176078693,1.0,0.0,12051.927734375,140.0142059326172,0.3828698694705963
1776176078713,1.0,0.0,12052.626953125,140.24098205566406,0.3830665349960327
1776176078733,1.0,0.0,12053.3271484375,140.422119140625,0.38323044776916504
1776176078753,1.0,0.0,12054.61328125,140.64048767089844,0.3835892677307129
1776176078773,1.0,0.0,12055.19921875,140.8684844970703,0.3837883770465851
1776176078793,1.0,0.0,12055.9033203125,141.0596160888672,0.38395145535469055
1776176078813,1.0,0.0,12056.490234375,141.28195190429688,0.3841506838798523
1776176078833,1.0,0.0,12057.1953125,141.4574737548828,0.38431593775749207
1776176078853,1.0,0.0,12058.4912109375,141.6690673828125,0.3847123682498932
1776176078873,1.0,0.0,12059.19921875,141.88995361328125,0.3848781883716583
1776176078893,1.0,0.0,12059.7900390625,142.1130828857422,0.38507741689682007
1776176078913,1.0,0.0,12060.5,142.302978515625,0.38524338603019714
1776176078934,1.0,0.0,12061.0927734375,142.5226593017578,0.38544318079948425
1776176078954,1.0,0.0,12062.3984375,142.74734497070312,0.3858092725276947
1776176078973,1.0,0.0,12063.1123046875,142.93447875976562,0.3859759271144867
1776176078993,1.0,0.0,12063.7080078125,143.1499481201172,0.38617652654647827
1776176079013,1.0,0.0,12064.4228515625,143.3589630126953,0.3863771855831146
1776176079034,1.0,0.0,12065.138671875,143.5457763671875,0.3865441381931305
1776176079053,1.0,0.0,12066.4541015625,143.76206970214844,0.38691246509552
1776176079073,1.0,0.0,12067.052734375,143.97300720214844,0.38711467385292053
1776176079093,1.0,0.0,12067.7724609375,144.1527557373047,0.3872821629047394
1776176079113,1.0,0.0,12068.3720703125,144.3607940673828,0.3874848484992981
1776176079134,1.0,0.0,12069.0927734375,144.5657196044922,0.3876532018184662
1776176079153,1.0,0.0,12070.4169921875,144.7527313232422,0.3880585730075836
1776176079173,1.0,0.0,12071.140625,144.9654541015625,0.388226717710495
1776176079193,1.0,0.0,12071.744140625,145.1793670654297,0.38843074440956116
1776176079213,1.0,0.0,12072.4697265625,145.3628387451172,0.3886012136936188
1776176079233,1.0,0.0,12073.0751953125,145.57469177246094,0.3888046145439148
1776176079253,1.0,0.0,12074.408203125,145.77523803710938,0.3891775906085968
1776176079273,1.0,0.0,12075.13671875,145.94728088378906,0.38934776186943054
1776176079293,1.0,0.0,12075.744140625,146.16256713867188,0.38955220580101013
1776176079313,1.0,0.0,12076.474609375,146.3807373046875,0.38972270488739014
1776176079333,1.0,0.0,12077.083984375,146.5501708984375,0.38992780447006226
1776176079353,1.0,0.0,12078.5478515625,146.75057983398438,0.39030447602272034
1776176079373,1.0,0.0,12079.1591796875,146.95652770996094,0.39050978422164917
1776176079393,1.0,0.0,12079.8935546875,147.1295928955078,0.3906816244125366
1776176079413,1.0,0.0,12080.505859375,147.34312438964844,0.3908877372741699
1776176079434,1.0,0.0,12081.2421875,147.54624938964844,0.3910585939884186
1776176079453,1.0,0.0,12082.59375,147.71670532226562,0.39147254824638367
1776176079473,1.0,0.0,12083.33203125,147.91485595703125,0.39164498448371887
1776176079493,1.0,0.0,12083.9482421875,148.1193389892578,0.39185282588005066
1776176079513,1.0,0.0,12084.6884765625,148.2926483154297,0.39202579855918884
1776176079534,1.0,0.0,12085.3056640625,148.48753356933594,0.3922330439090729
1776176079553,1.0,0.0,12086.666015625,148.6811981201172,0.3926146626472473
1776176079573,1.0,0.0,12087.4091796875,148.85008239746094,0.39278849959373474
1776176079593,1.0,0.0,12088.029296875,149.0516357421875,0.39299672842025757
1776176079613,1.0,0.0,12088.7744140625,149.24588012695312,0.3931715786457062
1776176079634,1.0,0.0,12089.3955078125,149.43157958984375,0.3933797776699066
1776176079653,1.0,0.0,12090.888671875,149.59207153320312,0.39376309514045715
1776176079673,1.0,0.0,12091.51171875,149.78858947753906,0.39397290349006653
1776176079693,1.0,0.0,12092.259765625,149.95590209960938,0.394148051738739
1776176079713,1.0,0.0,12092.8837890625,150.1415557861328,0.39435791969299316
1776176079733,1.0,0.0,12093.6337890625,150.322509765625,0.3945330083370209
1776176079753,1.0,0.0,12095.009765625,150.4838409423828,0.39495396614074707
1776176079773,1.0,0.0,12095.76171875,150.67738342285156,0.39512962102890015
1776176079793,1.0,0.0,12096.388671875,150.8714599609375,0.3953409790992737
1776176079813,1.0,0.0,12097.142578125,151.0386962890625,0.3955172896385193
1776176079833,1.0,0.0,12097.771484375,151.225341796875,0.39572831988334656
1776176079853,1.0,0.0,12099.15625,151.4070281982422,0.39611706137657166
1776176079873,1.0,0.0,12099.9130859375,151.55747985839844,0.3962936997413635
1776176079893,1.0,0.0,12100.5439453125,151.74349975585938,0.39650699496269226
1776176079913,1.0,0.0,12101.3017578125,151.93911743164062,0.39668387174606323
1776176079935,1.0,0.0,12102.6943359375,152.12979125976562,0.39710813760757446
1776176079953,1.0,0.0,12103.455078125,152.2970428466797,0.3972851037979126
1776176079973,1.0,0.0,12104.08984375,152.47879028320312,0.39749935269355774
1776176079993,1.0,0.0,12104.8515625,152.63156127929688,0.397676944732666
1776176080013,1.0,0.0,12105.4873046875,152.81675720214844,0.39789077639579773
1776176080033,1.0,0.0,12106.2509765625,153.006591796875,0.39806926250457764
1776176080053,1.0,0.0,12107.65234375,153.1627960205078,0.3984977602958679
1776176080073,1.0,0.0,12108.41796875,153.34303283691406,0.3986757695674896
1776176080093,1.0,0.0,12109.056640625,153.51141357421875,0.3988903760910034
1776176080113,1.0,0.0,12109.8232421875,153.66217041015625,0.3990694284439087
1776176080133,1.0,0.0,12110.462890625,153.8456268310547,0.3992846608161926
1776176080153,1.0,0.0,12111.8720703125,154.04400634765625,0.3996792435646057
1776176080173,1.0,0.0,12112.6416015625,154.20138549804688,0.39985913038253784
1776176080193,1.0,0.0,12113.2841796875,154.38037109375,0.4000750482082367
1776176080213,1.0,0.0,12114.0556640625,154.55360412597656,0.40029117465019226
1776176080233,1.0,0.0,12114.828125,154.69943237304688,0.40047168731689453
1776176080253,1.0,0.0,12116.2451171875,154.85726928710938,0.4008684456348419
1776176080273,1.0,0.0,12116.8896484375,155.0362091064453,0.40108561515808105
1776176080293,1.0,0.0,12117.6640625,155.2075958251953,0.4012664258480072
1776176080313,1.0,0.0,12118.310546875,155.4028778076172,0.40148335695266724
1776176080333,1.0,0.0,12119.0869140625,155.58277893066406,0.40166473388671875
1776176080353,1.0,0.0,12120.5126953125,155.7339324951172,0.40210190415382385
1776176080373,1.0,0.0,12121.291015625,155.8992156982422,0.40228262543678284
1776176080393,1.0,0.0,12121.9404296875,156.05931091308594,0.40250059962272644
1776176080413,1.0,0.0,12122.7197265625,156.1958465576172,0.402682363986969
1776176080433,1.0,0.0,12123.3701171875,156.37538146972656,0.4029003381729126
1776176080453,1.0,0.0,12124.802734375,156.5651397705078,0.40330252051353455
1776176080473,1.0,0.0,12125.5849609375,156.73231506347656,0.40348467230796814
1776176080493,1.0,0.0,12126.2373046875,156.90687561035156,0.40370383858680725
1776176080514,1.0,0.0,12127.021484375,157.0825653076172,0.4038870930671692
1776176080534,1.0,0.0,12127.67578125,157.23191833496094,0.4041072130203247
1776176080553,1.0,0.0,12129.2470703125,157.3920135498047,0.4045106768608093
1776176080573,1.0,0.0,12129.90234375,157.55947875976562,0.4047311544418335
1776176080593,1.0,0.0,12130.689453125,157.72303771972656,0.4049150347709656
1776176080613,1.0,0.0,12131.345703125,157.9087677001953,0.40513619780540466
1776176080634,1.0,0.0,12132.134765625,158.08218383789062,0.40532025694847107
1776176080653,1.0,0.0,12133.5830078125,158.2293243408203,0.4057631492614746
1776176080673,1.0,0.0,12134.3740234375,158.3881072998047,0.4059477746486664
1776176080693,1.0,0.0,12135.033203125,158.5611572265625,0.4061698615550995
1776176080713,1.0,0.0,12135.8251953125,158.72610473632812,0.4063553810119629
1776176080734,1.0,0.0,12136.486328125,158.9073486328125,0.4065771698951721
1776176080753,1.0,0.0,12137.9423828125,159.06915283203125,0.406985878944397
1776176080773,1.0,0.0,12138.7373046875,159.21238708496094,0.40717217326164246
1776176080793,1.0,0.0,12139.400390625,159.39459228515625,0.4073956310749054
1776176080813,1.0,0.0,12140.197265625,159.57315063476562,0.4076184034347534
1776176080834,1.0,0.0,12140.9951171875,159.7156219482422,0.40780454874038696
1776176080853,1.0,0.0,12142.458984375,159.8829803466797,0.4082152843475342
1776176080873,1.0,0.0,12143.125,160.0594940185547,0.40844032168388367
1776176080893,1.0,0.0,12143.9248046875,160.19436645507812,0.40862733125686646
1776176080914,1.0,0.0,12144.591796875,160.3488311767578,0.4088515043258667
1776176080933,1.0,0.0,12145.392578125,160.50416564941406,0.40903744101524353
1776176080953,1.0,0.0,12146.8623046875,160.63560485839844,0.40948769450187683
1776176080973,1.0,0.0,12147.6650390625,160.80787658691406,0.40967488288879395
1776176080993,1.0,0.0,12148.3349609375,160.99598693847656,0.4099003076553345
1776176081013,1.0,0.0,12149.1396484375,161.1627655029297,0.4100884199142456
1776176081034,1.0,0.0,12149.810546875,161.33819580078125,0.41031453013420105
1776176081053,1.0,0.0,12151.2880859375,161.5010223388672,0.4107285737991333
1776176081073,1.0,0.0,12152.0947265625,161.63351440429688,0.41091713309288025
1776176081093,1.0,0.0,12152.767578125,161.795166015625,0.41114428639411926
1776176081113,1.0,0.0,12153.576171875,161.9716033935547,0.4113326966762543
1776176081135,1.0,0.0,12155.0595703125,162.16152954101562,0.41174933314323425
1776176081153,0.9491999745368958,0.0,12155.7353515625,162.33657836914062,0.4119768440723419
1776176081174,0.5586000084877014,0.0,12156.546875,162.50938415527344,0.4122052788734436
1776176081193,0.14285001158714294,0.0,12157.359375,162.5800323486328,0.41239574551582336
1776176081214,0.0,0.0,12158.037109375,162.55059814453125,0.41262316703796387
1776176081234,0.0,0.0,12158.8505859375,162.47097778320312,0.412812739610672
1776176081253,0.0,0.0,12160.3408203125,162.40069580078125,0.4132290482521057
1776176081273,0.0,0.0,12161.017578125,162.32139587402344,0.4134569764137268
1776176081293,0.0,0.0,12161.8291015625,162.24142456054688,0.4136839210987091
1776176081313,0.0,0.0,12162.6396484375,162.17129516601562,0.4138731360435486
1776176081334,0.0,0.08051890879869461,12163.3154296875,162.083251953125,0.4141005873680115
1776176081353,0.0,1.0,12164.80078125,161.85769653320312,0.4145171046257019
1776176081373,0.0,1.0,12165.6103515625,161.35218811035156,0.4147060215473175
1776176081393,0.0,1.0,12166.283203125,160.63148498535156,0.41493165493011475
1776176081413,0.0,1.0,12167.087890625,159.8541717529297,0.41515713930130005
1776176081434,0.0,1.0,12168.5537109375,159.0791473388672,0.41556698083877563
1776176081453,0.0,1.0,12169.3486328125,158.37057495117188,0.4157530665397644
1776176081473,0.0,1.0,12170.0078125,157.49180603027344,0.41597414016723633
1776176081493,0.0,1.0,12170.7958984375,156.74317932128906,0.41615888476371765
1776176081513,0.0,1.0,12171.4501953125,155.87364196777344,0.4163775146007538
1776176081533,0.0,1.0,12172.2314453125,155.0248565673828,0.4165591597557068
1776176081553,0.0,1.0,12173.654296875,154.29251098632812,0.41699349880218506
1776176081573,0.0,1.0,12174.42578125,153.4075469970703,0.41717326641082764
1776176081593,0.0,1.0,12175.0654296875,152.49708557128906,0.4173882305622101
1776176081613,0.0,1.0,12175.830078125,151.68528747558594,0.41756612062454224
1776176081633,0.0,1.0,12176.46484375,150.7100830078125,0.41777876019477844
1776176081653,0.0,1.0,12177.8515625,149.69297790527344,0.4181658625602722
1776176081673,0.0,1.0,12178.6015625,148.8492431640625,0.41834041476249695
1776176081693,0.0,1.0,12179.2236328125,147.862548828125,0.4185488820075989
1776176081713,0.0,1.0,12179.966796875,146.81982421875,0.4187566936016083
1776176081733,0.0,1.0,12180.7060546875,145.92050170898438,0.41892823576927185
1776176081753,0.0,1.0,12182.048828125,144.9258575439453,0.4193026125431061
1776176081774,0.0,1.0,12182.654296875,143.94793701171875,0.4195044934749603
1776176081793,0.0,1.0,12183.376953125,143.1428985595703,0.4196723401546478
1776176081813,0.0,1.0,12183.9755859375,142.2392120361328,0.4198729991912842
1776176081834,0.0,1.0,12184.6904296875,141.37884521484375,0.42003920674324036
1776176081853,0.0,1.0,12185.9912109375,140.61854553222656,0.4204353392124176
1776176081873,0.0,1.0,12186.6953125,139.7249755859375,0.4205993115901947
1776176081894,0.0,1.0,12187.279296875,138.85165405273438,0.42079487442970276
1776176081913,0.0,1.0,12187.9765625,138.099609375,0.4209566116333008
1776176081934,0.0,1.0,12189.2451171875,137.12745666503906,0.4213121235370636
1776176081953,0.0,1.0,12189.8173828125,136.3833770751953,0.4215041995048523
1776176081973,0.0,1.0,12190.5009765625,135.59832763671875,0.42166295647621155
1776176081993,0.0,1.0,12191.0673828125,134.73057556152344,0.4218522310256958
1776176082013,0.0,1.0,12191.7431640625,133.9059295654297,0.4220094680786133
1776176082034,0.0,1.0,12192.3037109375,133.00254821777344,0.4221971333026886
1776176082053,0.0,1.0,12193.6396484375,132.17724609375,0.4225390553474426
1776176082073,0.0,1.0,12194.19140625,131.23825073242188,0.4227236807346344
1776176082093,0.0,1.0,12194.849609375,130.4453582763672,0.42287713289260864
1776176082113,0.0,1.0,12195.3955078125,129.47789001464844,0.4230594336986542
1776176082134,0.0,1.0,12196.046875,128.49891662597656,0.4232112467288971
1776176082153,0.0,1.0,12197.2294921875,127.59629821777344,0.42357122898101807
1776176082173,0.0,1.0,12197.8681640625,126.57572174072266,0.42372021079063416
1776176082193,0.0,1.0,12198.3974609375,125.5689926147461,0.42389824986457825
1776176082213,0.0,1.0,12199.029296875,124.69721221923828,0.42404505610466003
1776176082233,0.0,1.0,12199.552734375,123.6621322631836,0.4242197275161743
1776176082253,0.0,1.0,12200.693359375,122.69550323486328,0.42453622817993164
1776176082273,0.0,1.0,12201.3095703125,121.9090576171875,0.4246794283390045
1776176082293,0.0,1.0,12201.8203125,121.07881164550781,0.4248502254486084
1776176082313,0.0,1.0,12202.4287109375,120.2984390258789,0.42501962184906006
1776176082334,0.0,1.0,12203.5341796875,119.61262512207031,0.4253276288509369
1776176082353,0.0,1.0,12204.1328125,119.05636596679688,0.42546701431274414
1776176082373,0.0,1.0,12204.6298828125,118.38541412353516,0.4256334900856018
1776176082393,0.0,1.0,12205.2236328125,117.79032897949219,0.42577216029167175
1776176082414,0.0,1.0,12205.7158203125,117.11756134033203,0.4259372055530548
1776176082434,0.0,1.0,12206.3037109375,116.44690704345703,0.4260750114917755
1776176082453,0.0,1.0,12207.375,115.7947006225586,0.4264014661312103
1776176082473,0.0,1.0,12207.955078125,114.98532104492188,0.42653560638427734
1776176082493,0.0,1.0,12208.435546875,114.13151550292969,0.4266960620880127
1776176082513,0.0,1.0,12209.0087890625,113.34373474121094,0.4268292784690857
1776176082534,0.0,1.0,12210.0498046875,112.37994384765625,0.42712053656578064
1776176082554,0.0,1.0,12210.5185546875,111.38347625732422,0.4272768497467041
1776176082573,0.0,1.0,12211.0771484375,110.58213806152344,0.4274066686630249
1776176082593,0.0,1.0,12211.5390625,109.53684997558594,0.4275616407394409
1776176082614,0.0,1.0,12212.08984375,108.46878814697266,0.42768943309783936
1776176082634,0.0,1.0,12213.0869140625,107.4347915649414,0.4279928505420685
1776176082653,0.0,1.0,12213.6240234375,106.59996032714844,0.4281178414821625
1776176082674,0.0,1.0,12214.068359375,105.66990661621094,0.42826685309410095
1776176082693,0.0,1.0,12214.5986328125,104.87223052978516,0.4283902049064636
1776176082714,0.0,1.0,12215.037109375,103.92818450927734,0.4285372197628021
1776176082736,0.0,1.0,12215.9931640625,102.9058609008789,0.4288042485713959
1776176082755,0.0,1.0,12216.509765625,102.17404174804688,0.42892494797706604
1776176082773,0.0,1.0,12216.9375,101.43513488769531,0.4290671646595001
1776176082794,0.0,1.0,12217.447265625,100.51870727539062,0.42920854687690735
1776176082815,0.0,1.0,12217.953125,99.600341796875,0.4293258488178253
1776176082834,0.0,1.0,12218.3720703125,98.82628631591797,0.42946553230285645
1776176082853,0.0,1.0,12219.2841796875,97.99153900146484,0.4297195374965668
1776176082873,0.0,1.0,12219.7763671875,97.21769714355469,0.42985638976097107
1776176082893,0.0,0.6795321106910706,12220.18359375,96.341552734375,0.4299693703651428
1776176082913,0.0,0.36630862951278687,12220.66796875,95.6043472290039,0.43010494112968445
1776176082934,0.0,0.2772776782512665,12221.1484375,95.17276000976562,0.43021661043167114
1776176082953,0.0,0.20982453227043152,12222.0224609375,94.7940444946289,0.43046095967292786
1776176082973,0.0,0.1873987913131714,12222.41796875,94.49991607666016,0.43059390783309937
1776176082993,0.0,0.1748504638671875,12222.8916015625,94.27008056640625,0.43070435523986816
1776176083013,0.0,0.1552741378545761,12223.28515625,94.026123046875,0.43083593249320984
1776176083034,0.0,0.13401572406291962,12223.7568359375,93.81375885009766,0.430968314409256
1776176083053,0.0,0.11796233803033829,12224.619140625,93.64954376220703,0.4312102496623993
1776176083073,0.0,0.10905830562114716,12225.087890625,93.47419738769531,0.4313196837902069
1776176083093,0.0,0.11196944862604141,12225.478515625,93.29685974121094,0.4314506947994232
1776176083114,0.0,0.12738874554634094,12225.9462890625,93.14021301269531,0.431559681892395
1776176083134,0.0,0.14793184399604797,12226.3359375,92.94625854492188,0.4316897690296173
1776176083153,0.0,0.17080825567245483,12227.189453125,92.73788452148438,0.4319287836551666
1776176083173,0.0,0.1831449568271637,12227.654296875,92.55103302001953,0.432036817073822
1776176083193,0.0,0.2006537765264511,12228.041015625,92.30738067626953,0.4321666955947876
1776176083213,0.0,0.22914811968803406,12228.50390625,92.04144287109375,0.4322963356971741
1776176083235,0.0,0.2659403383731842,12229.349609375,91.7581787109375,0.43253225088119507
1776176083254,0.0,0.3131811320781708,12229.80859375,91.4847412109375,0.43263956904411316
1776176083273,0.0,0.325955867767334,12230.1904296875,91.14105987548828,0.43276768922805786
1776176083293,0.0,0.325955867767334,12230.646484375,90.83221435546875,0.43287393450737
1776176083313,0.0,0.31956228613853455,12231.025390625,90.45277404785156,0.4330013692378998
1776176083335,0.0,0.3131811320781708,12231.85546875,90.07926177978516,0.433234304189682
1776176083353,0.0,0.28304019570350647,12232.3056640625,89.7608642578125,0.4333605468273163
1776176083374,0.0,0.24442484974861145,12232.7548828125,89.41292572021484,0.4334653317928314
1776176083393,0.0,0.20520155131816864,12233.1279296875,89.09204864501953,0.43359050154685974
1776176083413,0.0,0.1873987913131714,12233.57421875,88.83867645263672,0.4336945712566376
1776176083434,0.0,0.16683508455753326,12233.9453125,88.56291198730469,0.4338189661502838
1776176083453,0.0,0.17080825567245483,12234.7578125,88.29607391357422,0.43404605984687805
1776176083473,0.0,0.20520155131816864,12235.19921875,88.06405639648438,0.4341696798801422
1776176083493,0.0,0.2659403383731842,12235.6396484375,87.76533508300781,0.4342726767063141
1776176083513,0.0,0.31956228613853455,12236.005859375,87.41140747070312,0.43437525629997253
1776176083534,0.0,0.325955867767334,12236.37109375,87.0821762084961,0.43449732661247253
1776176083553,0.0,0.3131811320781708,12237.2431640625,86.67680358886719,0.43472111225128174
1776176083573,0.0,0.2948283851146698,12237.6044921875,86.2648696899414,0.43484246730804443
1776176083593,0.0,0.2659403383731842,12238.037109375,85.92344665527344,0.4349432587623596
1776176083613,0.0,0.26043614745140076,12238.3955078125,85.54731750488281,0.43506351113319397
1776176083634,0.0,0.2341601401567459,12238.82421875,85.18024444580078,0.4351837635040283
1776176083653,0.0,0.2006537765264511,12239.607421875,84.86532592773438,0.4354024827480316
1776176083673,0.0,0.1443578451871872,12240.0322265625,84.52159881591797,0.43550175428390503
1776176083693,0.0,0.06739471852779388,12240.384765625,84.23241424560547,0.435619980096817
1776176083713,0.0,0.007669195998460054,12240.806640625,84.03337860107422,0.4357178807258606
1776176083734,0.0,0.0,12241.1572265625,83.84603118896484,0.4358360469341278
1776176083753,0.0,0.0,12241.9267578125,83.66830444335938,0.43605002760887146
1776176083774,0.0,0.0,12242.345703125,83.51280212402344,0.4361668825149536
1776176083793,0.0,0.0,12242.6943359375,83.3350601196289,0.4362636208534241
1776176083814,0.0,0.0,12243.111328125,83.1567153930664,0.43636077642440796
1776176083834,0.0,0.0,12243.4580078125,82.98059844970703,0.4364776313304901
1776176083853,0.0,0.0,12244.2890625,82.82862091064453,0.43668970465660095
1776176083873,0.0,0.0,12244.634765625,82.6753158569336,0.4368053078651428
1776176083893,0.0,0.0,12245.048828125,82.48893737792969,0.4369017779827118
1776176083913,0.0,0.0,12245.392578125,82.29805755615234,0.43701696395874023
1776176083934,0.0,0.0,12245.8046875,82.10099792480469,0.4371131956577301
1776176083953,0.0,0.0,12246.5576171875,81.9314956665039,0.43734192848205566
1776176083973,0.0,0.0,12246.9677734375,81.73562622070312,0.4374373257160187
1776176083993,0.0,0.0,12247.30859375,81.5355224609375,0.4375513195991516
1776176084015,0.0,0.0,12247.716796875,81.32645416259766,0.43764635920524597
1776176084034,0.0,0.0,12248.056640625,81.15066528320312,0.4377591013908386
1776176084053,0.0,0.0,12248.80078125,80.94666290283203,0.43796613812446594
1776176084074,0.0,0.0,12249.2060546875,80.77458953857422,0.4380600154399872
1776176084093,0.0,0.0,12249.54296875,80.57157135009766,0.4381723403930664
1776176084113,0.0,0.0,12249.9462890625,80.36871337890625,0.43828436732292175
1776176084134,0.0,0.0,12250.3486328125,80.19300842285156,0.43837758898735046
1776176084153,0.0,0.0,12251.083984375,79.98538970947266,0.4385819435119629
1776176084174,0.0,0.0,12251.4169921875,79.77590942382812,0.43869325518608093
1776176084193,0.0,0.0,12251.81640625,79.59648895263672,0.43878573179244995
1776176084213,0.0,0.0,12252.1484375,79.38976287841797,0.4388963580131531
1776176084234,0.0,0.0,12252.5458984375,79.18205261230469,0.43898841738700867
1776176084253,0.0,0.0,12253.2724609375,78.9987564086914,0.43920767307281494
1776176084273,0.0,0.0,12253.6669921875,78.7786865234375,0.4392988085746765
1776176084293,0.0,0.0,12253.9951171875,78.57579040527344,0.43940725922584534
1776176084313,0.0,0.0,12254.388671875,78.40726470947266,0.4394983947277069
1776176084333,0.0,0.0,12254.7158203125,78.21041107177734,0.4396061897277832
1776176084353,0.0,0.0,12255.43359375,78.02799987792969,0.4398046135902405
1776176084374,0.0,0.0,12255.82421875,77.87419891357422,0.43991219997406006
1776176084393,0.0,0.0,12256.2138671875,77.69056701660156,0.44000154733657837
1776176084413,0.0,0.0,12256.5380859375,77.5201187133789,0.4401085376739502
1776176084434,0.0,0.0,12256.92578125,77.3890609741211,0.4401976466178894
1776176084455,0.0,0.0,12257.6337890625,77.22032928466797,0.440392404794693
1776176084473,0.0,0.0,12257.955078125,77.09320831298828,0.44049862027168274
1776176084493,0.0,0.0,12258.33984375,76.98204803466797,0.44060441851615906
1776176084513,0.0,0.0,12258.66015625,76.84685516357422,0.4406924247741699
1776176084533,0.0,0.0,12259.0439453125,76.71072387695312,0.4407978057861328
1776176084554,0.0,0.0,12259.74609375,76.58513641357422,0.44099161028862
1776176084573,0.0,0.0,12260.1279296875,76.47022247314453,0.44107821583747864
1776176084593,0.0,0.0,12260.4462890625,76.29127502441406,0.4411830008029938
1776176084613,0.0,0.0,12260.8271484375,76.09558868408203,0.4412693679332733
1776176084633,0.0,0.0,12261.1435546875,75.83637237548828,0.44137269258499146
1776176084653,0.0,0.0,12261.837890625,75.59286499023438,0.44156205654144287
1776176084674,0.0,0.0,12262.21484375,75.38482666015625,0.44164812564849854
1776176084693,0.0,0.0,12262.5283203125,75.13101196289062,0.4417513310909271
1776176084714,0.0,0.0,12262.904296875,74.89168548583984,0.44185319542884827
1776176084734,0.0,0.0,12263.279296875,74.66454315185547,0.44193750619888306
1776176084753,0.0,0.0,12263.9638671875,74.46174621582031,0.4421226382255554
1776176084773,0.0,0.0,12264.2744140625,74.22078704833984,0.44222474098205566
1776176084793,0.0,0.0,12264.646484375,74.02021789550781,0.44232434034347534
1776176084813,0.0,0.0,12265.017578125,73.7876968383789,0.44240817427635193
1776176084835,0.0,0.0,12265.6962890625,73.58152770996094,0.44259074330329895
1776176084853,0.0,0.0,12266.00390625,73.42422485351562,0.4426901340484619
1776176084874,0.0,0.0,12266.3720703125,73.24532318115234,0.4427734613418579
1776176084893,0.0,0.0,12266.6787109375,73.06697845458984,0.4428708255290985
1776176084913,0.0,0.0,12267.044921875,72.9286880493164,0.4429527521133423
1776176084933,0.0,0.0,12267.349609375,72.78595733642578,0.44305139780044556
1776176084954,0.0,0.0,12268.0185546875,72.65476989746094,0.4432288408279419
1776176084974,0.0,0.0,12268.3818359375,72.54763793945312,0.44332578778266907
1776176084993,0.0,0.0,12268.744140625,72.42082214355469,0.44340774416923523
1776176085013,0.0,0.0,12269.0458984375,72.28683471679688,0.44350412487983704
1776176085034,0.0,0.0,12269.4072265625,72.16039276123047,0.4435853958129883
1776176085053,0.0,0.0,12270.068359375,72.00655364990234,0.4437605142593384
1776176085073,0.0,0.0,12270.3681640625,71.84847259521484,0.44385573267936707
1776176085093,0.0,0.0,12270.7265625,71.70567321777344,0.44395071268081665
1776176085113,0.0,0.0,12271.0849609375,71.53852081298828,0.4440319538116455
1776176085134,0.0,0.0,12271.3828125,71.37210083007812,0.44412609934806824
1776176085153,0.0,0.0,12272.0361328125,71.22820281982422,0.4442981779575348
1776176085173,0.0,0.0,12272.3916015625,71.0582046508789,0.4443773031234741
1776176085193,0.0,0.0,12272.6875,70.88072967529297,0.44447049498558044
1776176085213,0.0,0.0,12273.0419921875,70.7341079711914,0.4445488154888153
1776176085234,0.0,0.0,12273.3369140625,70.56919860839844,0.4446432590484619
1776176085253,0.0,0.0,12274.04296875,70.40811920166016,0.4448138475418091
1776176085273,0.0,0.0,12274.3359375,70.26616668701172,0.4448900520801544
1776176085293,0.0,0.0,12274.62890625,70.10248565673828,0.4449819028377533
1776176085313,0.0,0.0,12274.9794921875,69.93721008300781,0.4450593590736389
1776176085333,0.0,0.0,12275.271484375,69.79430389404297,0.445150762796402
1776176085353,0.0,0.0,12275.9697265625,69.62825012207031,0.445318341255188
1776176085373,0.0,0.0,12276.259765625,69.4652328491211,0.44541019201278687
1776176085393,0.0,0.0,12276.607421875,69.33123779296875,0.4454875886440277
1776176085413,0.0,0.0,12276.896484375,69.17882537841797,0.44557663798332214
1776176085433,0.0,0.0,12277.2431640625,69.02498626708984,0.44566822052001953
1776176085453,0.0,0.0,12277.876953125,68.88814544677734,0.44583356380462646
1776176085473,0.0,0.0,12278.2216796875,68.7240219116211,0.4459073543548584
1776176085493,0.0,0.0,12278.5078125,68.56501007080078,0.4459982216358185
1776176085513,0.0,0.0,12278.8505859375,68.435302734375,0.4460708200931549
1776176085534,0.0,0.0,12279.1357421875,68.28801727294922,0.44616052508354187
1776176085553,0.0,0.0,12279.818359375,68.14124298095703,0.4463232457637787
1776176085573,0.0,0.0,12280.1025390625,68.01341247558594,0.44641220569610596
1776176085593,0.0,0.0,12280.4423828125,67.85645294189453,0.4464845061302185
1776176085613,0.0,0.0,12280.7255859375,67.69390869140625,0.4465731978416443
1776176085634,0.0,0.0,12281.064453125,67.52495574951172,0.4466467499732971
1776176085653,0.0,0.0,12281.6826171875,67.37950134277344,0.4468083679676056
1776176085673,0.0,0.0,12281.962890625,67.20088958740234,0.44689324498176575
1776176085693,0.0,0.0,12282.298828125,67.04190063476562,0.44698306918144226
1776176085713,0.0,0.0,12282.6337890625,66.85807037353516,0.4470556080341339
1776176085733,0.0,0.0,12282.9130859375,66.67829132080078,0.4471421241760254
1776176085753,0.0,0.0,12283.5244140625,66.52387237548828,0.4473007321357727
1776176085773,0.0,0.0,12283.857421875,66.3459701538086,0.44737130403518677
1776176085793,0.0,0.0,12284.1337890625,66.16468048095703,0.4474601745605469
1776176085813,0.0,0.0,12284.46484375,66.0043716430664,0.44753119349479675
1776176085833,0.0,0.0,12284.740234375,65.81671142578125,0.4476175606250763
1776176085853,0.08730000257492065,0.0,12285.3447265625,65.63741302490234,0.4477728307247162
1776176085873,0.13885000348091125,0.0,12285.6728515625,65.5009994506836,0.44785863161087036
1776176085893,0.18650001287460327,0.0,12286.0009765625,65.35095977783203,0.44793105125427246
1776176085913,0.23805001378059387,0.0,12286.2734375,65.21097564697266,0.4480164647102356
1776176085934,0.2738000154495239,0.0,12286.599609375,65.0794448852539,0.44808876514434814
1776176085953,0.289650022983551,0.0,12287.1962890625,64.9755859375,0.44824284315109253
1776176085973,0.29760000109672546,0.0,12287.4677734375,64.86422729492188,0.4483281075954437
1776176085993,0.29760000109672546,0.0,12287.79296875,64.7746810913086,0.4484129250049591
1776176086013,0.289650022983551,0.0,12288.1171875,64.68531799316406,0.44848552346229553
1776176086034,0.2857000231742859,0.0,12288.38671875,64.61993408203125,0.44856783747673035
1776176086054,0.2817000150680542,0.0,12288.9794921875,64.57908630371094,0.4487212896347046
1776176086073,0.2817000150680542,0.0,12289.302734375,64.5373306274414,0.4487924575805664
1776176086093,0.2817000150680542,0.0,12289.5712890625,64.50096130371094,0.44887518882751465
1776176086113,0.29360002279281616,0.0,12289.8935546875,64.47119140625,0.4489462077617645
1776176086134,0.3015500009059906,0.0,12290.162109375,64.44507598876953,0.4490325152873993
1776176086153,0.31345000863075256,0.0,12290.8046875,64.42499542236328,0.4491851031780243
1776176086173,0.32534998655319214,0.0,12291.072265625,64.41165161132812,0.4492689073085785
1776176086193,0.3412500023841858,0.0,12291.392578125,64.39098358154297,0.44934022426605225
1776176086214,0.361050009727478,0.0,12291.66015625,64.36238098144531,0.44942548871040344
1776176086234,0.38089999556541443,0.0,12291.98046875,64.34403991699219,0.4494931101799011
1776176086253,0.41659998893737793,0.0,12292.5673828125,64.33705139160156,0.4496455490589142
1776176086273,0.4562999904155731,0.0,12292.833984375,64.34281158447266,0.44972869753837585
1776176086293,0.4721499979496002,0.0,12293.154296875,64.36857604980469,0.4498139023780823
1776176086313,0.49994999170303345,0.0,12293.4755859375,64.41783905029297,0.449886292219162
1776176086333,0.5077999830245972,0.0,12293.7431640625,64.48323059082031,0.44996628165245056
1776176086354,0.5195500254631042,0.0,12294.3330078125,64.5420150756836,0.4501224458217621
1776176086373,0.5273500084877014,0.0,12294.6552734375,64.63084411621094,0.45019397139549255
1776176086393,0.5351499915122986,0.0,12294.923828125,64.74248504638672,0.4502759575843811
1776176086413,0.5351499915122986,0.0,12295.2470703125,64.83612060546875,0.4503474831581116
1776176086434,0.5351499915122986,0.0,12295.5166015625,64.94572448730469,0.45043060183525085
1776176086453,0.53125,0.0,12296.111328125,65.0549087524414,0.450585275888443
1776176086473,0.5273500084877014,0.0,12296.4365234375,65.14541625976562,0.4506717920303345
1776176086493,0.5273500084877014,0.0,12296.76171875,65.24925994873047,0.45074430108070374
1776176086513,0.5273500084877014,0.0,12297.033203125,65.35397338867188,0.4508267343044281
1776176086534,0.5273500084877014,0.0,12297.359375,65.45735931396484,0.45089635252952576
1776176086553,0.5273500084877014,0.0,12297.958984375,65.53933715820312,0.45105457305908203
1776176086573,0.5273500084877014,0.0,12298.232421875,65.62970733642578,0.45113712549209595
1776176086593,0.5273500084877014,0.0,12298.560546875,65.71101379394531,0.4512242078781128
1776176086614,0.5273500084877014,0.0,12298.888671875,65.7983627319336,0.45129600167274475
1776176086633,0.5273500084877014,0.0,12299.1630859375,65.8676528930664,0.45138019323349
1776176086653,0.5273500084877014,0.0,12299.7666015625,65.90509033203125,0.4515378773212433
1776176086673,0.5273500084877014,0.0,12300.0966796875,65.9719467163086,0.4516110420227051
1776176086693,0.5273500084877014,0.0,12300.3720703125,66.05548095703125,0.4516981840133667
1776176086713,0.5273500084877014,0.0,12300.7021484375,66.11392974853516,0.45176753401756287
1776176086736,0.5273500084877014,0.0,12301.30859375,66.18526458740234,0.4519239068031311
1776176086753,0.5273500084877014,0.0,12301.5849609375,66.2456283569336,0.45201146602630615
1776176086774,0.5273500084877014,0.0,12301.9169921875,66.32976531982422,0.4520960748195648
1776176086793,0.5234500169754028,0.0,12302.2490234375,66.4221420288086,0.4521680474281311
1776176086814,0.5234500169754028,0.0,12302.5263671875,66.49236297607422,0.45225557684898376
1776176086835,0.5234500169754028,0.0,12302.8037109375,66.53289794921875,0.4523267149925232
1776176086853,0.5234500169754028,0.0,12303.4697265625,66.61194610595703,0.45248791575431824
1776176086874,0.5234500169754028,0.0,12303.748046875,66.7235107421875,0.4525737464427948
1776176086894,0.5234500169754028,0.0,12304.08203125,66.81197357177734,0.4526474177837372
1776176086913,0.5273500084877014,0.0,12304.3603515625,66.91098022460938,0.4527328312397003
1776176086936,0.5273500084877014,0.0,12304.974609375,67.01642608642578,0.45289289951324463
1776176086954,0.5273500084877014,0.0,12305.310546875,67.13377380371094,0.4529653787612915
1776176086973,0.5273500084877014,0.0,12305.5908203125,67.24568176269531,0.4530532658100128
1776176086993,0.5273500084877014,0.0,12305.927734375,67.38674926757812,0.45314323902130127
1776176087014,0.5273500084877014,0.0,12306.2646484375,67.51475524902344,0.4532151520252228
1776176087035,0.53125,0.0,12306.8837890625,67.66776275634766,0.4533787965774536
1776176087053,0.5390499830245972,0.0,12307.166015625,67.82428741455078,0.4534662067890167
1776176087073,0.5663999915122986,0.0,12307.5048828125,67.96491241455078,0.453556090593338
1776176087093,0.6054499745368958,0.0,12307.8447265625,68.14423370361328,0.4536285102367401
1776176087113,0.6875,0.0,12308.1279296875,68.32673645019531,0.45371919870376587
1776176087135,0.7734500169754028,0.0,12308.7529296875,68.5220947265625,0.45388323068618774
1776176087153,0.8320499658584595,0.0,12309.0947265625,68.73165893554688,0.4539586305618286
1776176087173,0.9023499488830566,0.0,12309.380859375,69.01690673828125,0.45404669642448425
1776176087193,0.9530999660491943,0.0,12309.724609375,69.29097747802734,0.45413854718208313
1776176087213,1.0,0.0,12310.0126953125,69.62751770019531,0.4542160630226135
1776176087235,1.0,0.0,12310.7080078125,69.9717025756836,0.4543837606906891
1776176087253,1.0,0.0,12310.9990234375,70.27328491210938,0.45447513461112976
1776176087273,1.0,0.0,12311.3505859375,70.62976837158203,0.45455503463745117
1776176087293,1.0,0.0,12311.64453125,71.0017318725586,0.45464497804641724
1776176087313,1.0,0.0,12311.9990234375,71.32275390625,0.4547252953052521
1776176087335,1.0,0.0,12312.6533203125,71.68154907226562,0.45489969849586487
1776176087354,1.0,0.0,12312.9521484375,71.96927642822266,0.4549952745437622
1776176087374,1.0,0.0,12313.3125,72.3117904663086,0.45509085059165955
1776176087393,1.0,0.0,12313.6748046875,72.6868667602539,0.45517104864120483
1776176087413,1.0,0.0,12313.9775390625,73.0573959350586,0.4552682936191559
1776176087435,1.0,0.0,12314.6484375,73.37407684326172,0.4554484784603119
1776176087454,1.0,0.0,12315.0166015625,73.67644500732422,0.4555301368236542
1776176087474,1.0,0.0,12315.32421875,74.0396957397461,0.45562952756881714
1776176087493,1.0,0.0,12315.6943359375,74.34331512451172,0.4557301700115204
1776176087514,1.0,0.0,12316.06640625,74.67089080810547,0.45581209659576416
1776176087533,1.0,0.0,12316.376953125,74.98519897460938,0.45591282844543457
1776176087554,1.0,0.0,12317.0634765625,75.32447052001953,0.456098735332489
1776176087575,1.0,0.0,12317.439453125,75.60875701904297,0.4561825692653656
1776176087594,1.0,0.0,12317.75390625,75.882080078125,0.45628517866134644
1776176087613,1.0,0.0,12318.1328125,76.12284851074219,0.45637091994285583
1776176087638,1.0,0.0,12318.830078125,76.49535369873047,0.45655930042266846
1776176087653,1.0,0.0,12319.1484375,76.69684600830078,0.4566631317138672
1776176087673,1.0,0.0,12319.53125,76.93756866455078,0.4567682445049286
1776176087693,1.0,0.0,12319.916015625,77.21748352050781,0.4568561315536499
1776176087718,1.0,0.0,12320.2373046875,77.53595733642578,0.45696166157722473
1776176087734,0.9726499915122986,0.0,12320.6240234375,77.74727630615234,0.4570486843585968
1776176087753,0.8867000341415405,0.0,12321.3369140625,78.05335235595703,0.457243949174881
1776176087774,0.7773499488830566,0.0,12321.6630859375,78.3368911743164,0.45735061168670654
1776176087793,0.6913999915122986,0.0,12322.0556640625,78.54304504394531,0.45745936036109924
1776176087813,0.6093499660491943,0.0,12322.44921875,78.72393798828125,0.4575488269329071
1776176087834,0.5508000254631042,0.0,12322.77734375,78.84367370605469,0.45765718817710876
1776176087859,0.5116999745368958,0.0,12323.5009765625,78.94229888916016,0.45785459876060486
1776176087875,0.5038999915122986,0.0,12323.896484375,78.9997787475586,0.457945317029953
1776176087893,0.5,0.0,12324.2265625,79.04618072509766,0.4580553472042084
1776176087914,0.5116999745368958,0.0,12324.6220703125,79.1070556640625,0.4581460654735565
1776176087936,0.5547000169754028,0.0,12324.9521484375,79.15222930908203,0.45825526118278503
1776176087954,0.625,0.0,12325.6787109375,79.2311782836914,0.4584548771381378
1776176087974,0.6797000169754028,0.0,12326.0751953125,79.31966400146484,0.45856496691703796
1776176087994,0.7304499745368958,0.0,12326.4716796875,79.44303131103516,0.45865607261657715
1776176088015,0.7577999830245972,0.0,12326.802734375,79.59747314453125,0.4587671756744385
1776176088034,0.7655999660491943,0.0,12327.2001953125,79.7863998413086,0.45885854959487915
1776176088056,0.7655999660491943,0.0,12327.931640625,79.98109436035156,0.45906227827072144
1776176088074,0.7655999660491943,0.0,12328.2646484375,80.14833068847656,0.4591738283634186
1776176088094,0.7734500169754028,0.0,12328.6650390625,80.32243347167969,0.4592863619327545
1776176088114,0.7968499660491943,0.0,12329.06640625,80.53363037109375,0.4593794643878937
1776176088135,0.8320499658584595,0.0,12329.8046875,80.76007843017578,0.4595855474472046
1776176088153,0.8593499660491943,0.0,12330.1416015625,80.96196746826172,0.4596986472606659
1776176088173,0.8867000341415405,0.0,12330.5458984375,81.21637725830078,0.4597931504249573
1776176088196,0.9179500341415405,0.0,12330.8837890625,81.45016479492188,0.45990678668022156
1776176088217,0.9375,0.0,12331.2900390625,81.75507354736328,0.460001677274704
1776176088235,0.9413999915122986,0.0,12331.6298828125,81.96578216552734,0.4601168632507324
1776176088253,0.9452999830245972,0.0,12332.44921875,82.23786163330078,0.4603271186351776
1776176088273,0.9452999830245972,0.0,12332.7919921875,82.48023223876953,0.4604429304599762
1776176088293,0.9452999830245972,0.0,12333.2041015625,82.7865982055664,0.4605395197868347
1776176088314,0.9530999660491943,0.0,12333.548828125,83.10504913330078,0.46065598726272583
1776176088335,0.96875,0.0,12334.310546875,83.41325378417969,0.46086958050727844
1776176088353,0.9804499745368958,0.0,12334.728515625,83.66014862060547,0.4609690308570862
1776176088373,0.9922000169754028,0.0,12335.0771484375,83.94439697265625,0.46108731627464294
1776176088393,1.0,0.0,12335.4970703125,84.19828796386719,0.4612043499946594
1776176088414,1.0,0.0,12335.91796875,84.49803161621094,0.4613034725189209
1776176088435,1.0,0.0,12336.26953125,84.77794647216797,0.4614224433898926
1776176088454,1.0,0.0,12337.0458984375,85.01553344726562,0.4616401493549347
1776176088473,1.0,0.0,12337.470703125,85.29713439941406,0.46174219250679016
1776176088493,1.0,0.0,12337.8251953125,85.57814025878906,0.4618615210056305
1776176088515,1.0,0.0,12338.251953125,85.84941101074219,0.46196258068084717
1776176088535,0.9882999658584595,0.0,12339.037109375,86.10762023925781,0.46218574047088623
1776176088555,0.9530999660491943,0.0,12339.3955078125,86.3354263305664,0.4623076617717743
1776176088574,0.8788999915122986,0.0,12339.826171875,86.60914611816406,0.4624287486076355
1776176088593,0.8047000169754028,0.0,12340.2578125,86.83123016357422,0.4625304043292999
1776176088613,0.7148500084877014,0.0,12340.619140625,87.0482406616211,0.4626539945602417
1776176088635,0.6327999830245972,0.0,12341.4150390625,87.26690673828125,0.4628801941871643
1776176088654,0.5780999660491943,0.0,12341.8505859375,87.43075561523438,0.4629841148853302
1776176088674,0.5234500169754028,0.0,12342.2138671875,87.55555725097656,0.463107705116272
1776176088695,0.5077999830245972,0.0,12342.650390625,87.63459014892578,0.4632318317890167
1776176088714,0.5077999830245972,0.0,12343.087890625,87.68938446044922,0.463334858417511
1776176088735,0.5390499830245972,0.0,12343.4521484375,87.75505065917969,0.46346017718315125
1776176088753,0.5976499915122986,0.0,12344.2548828125,87.81619262695312,0.46368685364723206
1776176088773,0.6718499660491943,0.0,12344.693359375,87.91287994384766,0.46379250288009644
1776176088793,0.7617000341415405,0.0,12345.0595703125,88.04025268554688,0.46391579508781433
1776176088813,0.8280999660491943,0.0,12345.4990234375,88.17134857177734,0.46402060985565186
1776176088835,0.8984500169754028,0.0,12346.3056640625,88.3778076171875,0.46426957845687866
1776176088853,0.9375,0.0,12346.7470703125,88.55032348632812,0.4643726050853729
1776176088873,0.96875,0.0,12347.115234375,88.74835968017578,0.4644990861415863
1776176088893,0.9882999658584595,0.0,12347.55859375,89.0156021118164,0.4646039307117462
1776176088914,1.0,0.0,12347.9287109375,89.2827377319336,0.4647304117679596
1776176088935,1.0,0.0,12348.74609375,89.55024719238281,0.464942067861557
1776176088954,1.0,0.0,12349.119140625,89.78533935546875,0.4650684595108032
1776176088973,1.0,0.0,12349.5673828125,90.05321502685547,0.46519652009010315
1776176088993,1.0,0.0,12350.0166015625,90.28582000732422,0.46532490849494934
1776176089014,1.0,0.0,12350.4677734375,90.55392456054688,0.4654321074485779
1776176089036,1.0,0.0,12351.2978515625,90.81663513183594,0.465669184923172
1776176089054,1.0,0.0,12351.67578125,91.07884216308594,0.46579819917678833
1776176089073,1.0,0.0,12352.130859375,91.31440734863281,0.4659053087234497
1776176089093,1.0,0.0,12352.5107421875,91.58372497558594,0.4660346508026123
1776176089114,1.0,0.0,12352.9677734375,91.80850982666016,0.46614140272140503
1776176089135,1.0,0.0,12353.349609375,92.10755920410156,0.46627336740493774
1776176089154,1.0,0.0,12354.2685546875,92.32831573486328,0.46651333570480347
1776176089175,1.0,0.0,12354.6533203125,92.57364654541016,0.4666450619697571
1776176089193,1.0,0.0,12355.115234375,92.79563903808594,0.46675416827201843
1776176089214,1.0,0.0,12355.5009765625,93.05741882324219,0.4668816924095154
1776176089235,1.0,0.0,12355.96484375,93.27754211425781,0.466996967792511
1776176089254,1.0,0.0,12356.818359375,93.51449584960938,0.46723735332489014
1776176089274,1.0,0.0,12357.20703125,93.75189208984375,0.46736982464790344
1776176089293,1.0,0.0,12357.6748046875,93.94798278808594,0.4675026535987854
1776176089314,1.0,0.0,12358.1435546875,94.16717529296875,0.46761301159858704
1776176089334,1.0,0.0,12358.53515625,94.4130859375,0.4677475690841675
1776176089354,1.0,0.0,12359.3994140625,94.6310806274414,0.4679925739765167
1776176089373,1.0,0.0,12359.8720703125,94.87409210205078,0.4681047201156616
1776176089393,1.0,0.0,12360.2666015625,95.1192855834961,0.46823936700820923
1776176089413,1.0,0.0,12360.7412109375,95.3304214477539,0.46835094690322876
1776176089433,1.0,0.0,12361.1376953125,95.57137298583984,0.46848806738853455
1776176089453,1.0,0.0,12362.091796875,95.80171203613281,0.46873709559440613
1776176089473,1.0,0.0,12362.490234375,95.99242401123047,0.4688716232776642
1776176089493,1.0,0.0,12362.9697265625,96.21715545654297,0.46898531913757324
1776176089514,1.0,0.0,12363.3701171875,96.45011138916016,0.46912214159965515
1776176089536,1.0,0.0,12364.2529296875,96.6853256225586,0.4693734645843506
1776176089553,1.0,0.0,12364.736328125,96.88397216796875,0.46948832273483276
1776176089573,1.0,0.0,12365.1396484375,97.11878204345703,0.46962499618530273
1776176089593,1.0,0.0,12365.625,97.33121490478516,0.4697616398334503
1776176089614,1.0,0.0,12366.111328125,97.57201385498047,0.4698774218559265
1776176089634,1.0,0.0,12366.517578125,97.79830169677734,0.47001561522483826
1776176089653,1.0,0.0,12367.4130859375,97.99827575683594,0.47027143836021423
1776176089673,1.0,0.0,12367.90234375,98.2421646118164,0.4703863859176636
1776176089693,1.0,0.0,12368.3115234375,98.47688293457031,0.4705260097980499
1776176089715,1.0,0.0,12368.802734375,98.7137451171875,0.4706418216228485
1776176089734,1.0,0.0,12369.212890625,98.92715454101562,0.47078225016593933
1776176089754,1.0,0.0,12370.1181640625,99.16688537597656,0.4710393249988556
1776176089773,1.0,0.0,12370.61328125,99.35726928710938,0.4711795151233673
1776176089793,1.0,0.0,12371.109375,99.59146118164062,0.4712958335876465
1776176089813,1.0,0.0,12371.5234375,99.82854461669922,0.471436470746994
1776176089838,1.0,0.0,12372.4375,100.0621566772461,0.47169676423072815
1776176089854,1.0,0.0,12372.9375,100.22306060791016,0.4718146324157715
1776176089874,1.0,0.0,12373.3544921875,100.50068664550781,0.47195854783058167
1776176089893,1.0,0.0,12373.8564453125,100.69972229003906,0.4721009433269501
1776176089914,1.0,0.0,12374.359375,100.92195892333984,0.4722197949886322
1776176089933,1.0,0.0,12374.779296875,101.17230224609375,0.47236284613609314
1776176089953,1.0,0.0,12375.705078125,101.39955139160156,0.47262829542160034
1776176089973,1.0,0.0,12376.2119140625,101.65821838378906,0.4727473258972168
1776176089993,1.0,0.0,12376.634765625,101.88066101074219,0.4728907644748688
1776176090014,1.0,0.0,12377.1435546875,102.08304595947266,0.47303757071495056
1776176090035,1.0,0.0,12377.6533203125,102.3441390991211,0.47315850853919983
1776176090053,1.0,0.0,12378.5908203125,102.61637115478516,0.4734245538711548
1776176090074,1.0,0.0,12379.0185546875,102.87811279296875,0.47356921434402466
1776176090094,1.0,0.0,12379.5322265625,103.09870910644531,0.4736911654472351
1776176090114,1.0,0.0,12379.9609375,103.34626770019531,0.4738364815711975
1776176090135,1.0,0.0,12380.4765625,103.58439636230469,0.47398391366004944
1776176090153,1.0,0.0,12381.4248046875,103.79721069335938,0.47425493597984314
1776176090173,1.0,0.0,12381.943359375,104.05830383300781,0.4743780791759491
1776176090194,1.0,0.0,12382.3759765625,104.31852722167969,0.4745250642299652
1776176090213,1.0,0.0,12382.896484375,104.5406494140625,0.47464847564697266
1776176090235,1.0,0.0,12383.3310546875,104.80496215820312,0.47479698061943054
1776176090254,1.0,0.0,12384.2900390625,105.02298736572266,0.4750688970088959
1776176090275,1.0,0.0,12384.814453125,105.31053161621094,0.47519487142562866
1776176090293,1.0,0.0,12385.2529296875,105.5395278930664,0.47534456849098206
1776176090316,1.0,0.0,12385.779296875,105.79788970947266,0.47549352049827576
1776176090334,1.0,0.0,12386.3076171875,106.0168685913086,0.47561872005462646
1776176090353,1.0,0.0,12387.2783203125,106.2815933227539,0.4758930802345276
1776176090375,1.0,0.0,12387.720703125,106.50728607177734,0.47604453563690186
1776176090393,1.0,0.0,12388.2529296875,106.77213287353516,0.47617071866989136
1776176090414,1.0,0.0,12388.697265625,107.02652740478516,0.4763225018978119
1776176090435,1.0,0.0,12389.2314453125,107.29279327392578,0.4764486253261566
1776176090455,1.0,0.0,12390.2138671875,107.54463195800781,0.47675392031669617
1776176090474,1.0,0.0,12390.7509765625,107.82420349121094,0.4768805205821991
1776176090493,1.0,0.0,12391.2001953125,108.03540802001953,0.4770319163799286
1776176090513,1.0,0.0,12391.7392578125,108.28056335449219,0.47715985774993896
1776176090534,1.0,0.0,12392.189453125,108.53384399414062,0.4773132801055908
1776176090553,1.0,0.0,12393.2744140625,108.7492904663086,0.4775941073894501
1776176090574,1.0,0.0,12393.7275390625,109.0202407836914,0.47774821519851685
1776176090594,1.0,0.0,12394.2724609375,109.31282806396484,0.47787711024284363
1776176090613,1.0,0.0,12394.7275390625,109.54174041748047,0.4780310392379761
1776176090634,1.0,0.0,12395.2744140625,109.7853012084961,0.4781593382358551
1776176090653,1.0,0.0,12396.2802734375,110.03289031982422,0.4784679412841797
1776176090674,1.0,0.0,12396.830078125,110.25670623779297,0.47859811782836914
1776176090693,1.0,0.0,12397.2890625,110.5089340209961,0.47875267267227173
1776176090713,1.0,0.0,12397.8408203125,110.7634048461914,0.47888296842575073
1776176090735,1.0,0.0,12398.3017578125,111.01496887207031,0.47903910279273987
1776176090753,1.0,0.0,12399.3173828125,111.22756958007812,0.479326993227005
1776176090773,1.0,0.0,12399.873046875,111.47589111328125,0.47945666313171387
1776176090793,1.0,0.0,12400.3369140625,111.69095611572266,0.4796142876148224
1776176090813,1.0,0.0,12400.89453125,111.93876647949219,0.47974321246147156
1776176090835,0.9882999658584595,0.0,12401.3603515625,112.18988800048828,0.4799013137817383
1776176090853,0.96875,0.0,12402.48046875,112.41493225097656,0.48019111156463623
1776176090873,0.9257999658584595,0.0,12402.94921875,112.68375396728516,0.480349063873291
1776176090893,0.84375,0.0,12403.5126953125,112.9389419555664,0.48048049211502075
1776176090915,0.7304499745368958,0.0,12403.982421875,112.96707916259766,0.4806389808654785
1776176090935,0.6093499660491943,0.0,12404.546875,112.91682434082031,0.4807725250720978
1776176090953,0.5195500254631042,0.0,12405.58203125,112.8734359741211,0.4810884892940521
1776176090974,0.44440001249313354,0.0,12406.1455078125,112.82880401611328,0.4812197983264923
1776176090993,0.36900001764297485,0.0,12406.615234375,112.77437591552734,0.48137879371643066
1776176091013,0.32534998655319214,0.0,12407.1787109375,112.72026824951172,0.4815097153186798
1776176091035,0.33329999446868896,0.0,12407.6484375,112.66690826416016,0.48166781663894653
1776176091054,0.37299999594688416,0.0,12408.6806640625,112.62091827392578,0.4819570481777191
1776176091074,0.4681999981403351,0.0,12409.2431640625,112.5672836303711,0.4820883572101593
1776176091093,0.5390499830245972,0.0,12409.7119140625,112.52325439453125,0.48224684596061707
1776176091114,0.6366999745368958,0.0,12410.2744140625,112.47239685058594,0.48237866163253784
1776176091134,0.75,0.0,12410.7431640625,112.41850280761719,0.48253628611564636
1776176091154,0.8398499488830566,0.0,12411.8662109375,112.4900131225586,0.4828248620033264
1776176091176,0.9297000169754028,0.0,12412.333984375,112.86196899414062,0.482982873916626
1776176091194,0.9922000169754028,0.0,12412.8974609375,113.1963119506836,0.48311468958854675
1776176091213,1.0,0.0,12413.3681640625,113.55557250976562,0.48327386379241943
1776176091235,1.0,0.0,12413.9345703125,113.94963073730469,0.483407586812973
1776176091253,1.0,0.0,12414.978515625,114.23751068115234,0.4837252199649811
1776176091273,1.0,0.0,12415.5498046875,114.45269012451172,0.48385998606681824
1776176091293,1.0,0.0,12416.0263671875,114.69857788085938,0.4840203523635864
1776176091313,1.0,0.0,12416.599609375,114.94559478759766,0.48415306210517883
1776176091335,1.0,0.0,12417.078125,115.18132019042969,0.48431432247161865
1776176091355,1.0,0.0,12418.1337890625,115.36884307861328,0.4846113622188568
1776176091384,1.0,0.0,12418.7109375,115.69074249267578,0.4847472608089447
1776176091397,1.0,0.0,12419.1923828125,115.85987854003906,0.48490938544273376
1776176091418,1.0,0.0,12419.771484375,116.06456756591797,0.4850701689720154
1776176091436,1.0,0.0,12420.8349609375,116.30976867675781,0.48536938428878784
1776176091458,1.0,0.0,12421.4169921875,116.54702758789062,0.4855051636695862
1776176091474,1.0,0.0,12421.90234375,116.71279907226562,0.4856681823730469
1776176091493,1.0,0.0,12422.4853515625,116.94962310791016,0.48580479621887207
1776176091514,1.0,0.0,12422.97265625,117.18316650390625,0.4859694242477417
1776176091535,1.0,0.0,12423.5576171875,117.41624450683594,0.48610547184944153
1776176091553,1.0,0.0,12424.6328125,117.60482025146484,0.48643583059310913
1776176091573,1.0,0.0,12425.220703125,117.79658508300781,0.4865720272064209
1776176091594,1.0,0.0,12425.7109375,118.03015899658203,0.48673808574676514
1776176091613,1.0,0.0,12426.30078125,118.26638793945312,0.48687544465065
1776176091635,1.0,0.0,12426.79296875,118.4878921508789,0.48704180121421814
1776176091653,1.0,0.0,12427.8779296875,118.67221069335938,0.4873470962047577
1776176091673,1.0,0.0,12428.470703125,118.89713287353516,0.4874856472015381
1776176091693,1.0,0.0,12428.9658203125,119.08273315429688,0.4876522123813629
1776176091715,1.0,0.0,12429.560546875,119.34785461425781,0.48781871795654297
1776176091735,1.0,0.0,12430.15625,119.54824829101562,0.48795878887176514
1776176091753,1.0,0.0,12431.2509765625,119.7406997680664,0.4882660210132599
1776176091773,1.0,0.0,12431.75,119.95611572265625,0.48843494057655334
1776176091793,1.0,0.0,12432.349609375,120.16909790039062,0.4885746240615845
1776176091814,1.0,0.0,12432.849609375,120.39550018310547,0.48874402046203613
1776176091836,1.0,0.0,12433.4501953125,120.62022399902344,0.4888840913772583
1776176091853,1.0,0.0,12434.5546875,120.80796813964844,0.4892239570617676
1776176091873,1.0,0.0,12435.158203125,121.00901794433594,0.48936447501182556
1776176091893,1.0,0.0,12435.662109375,121.23674011230469,0.48953568935394287
1776176091913,1.0,0.0,12436.267578125,121.46021270751953,0.4896773397922516
1776176091936,1.0,0.0,12436.7734375,121.68831634521484,0.4898482859134674
1776176091953,1.0,0.0,12437.8876953125,121.87992095947266,0.49016043543815613
1776176091973,1.0,0.0,12438.4970703125,122.10282897949219,0.49030524492263794
1776176091993,1.0,0.0,12439.005859375,122.28932189941406,0.4904765486717224
1776176092013,1.0,0.0,12439.6171875,122.51252746582031,0.49061957001686096
1776176092034,1.0,0.0,12440.126953125,122.74200439453125,0.4907921254634857
1776176092053,1.0,0.0,12441.3525390625,122.92707824707031,0.4911087155342102
1776176092075,1.0,0.0,12441.8642578125,123.17765045166016,0.4912830591201782
1776176092094,1.0,0.0,12442.4794921875,123.37078857421875,0.4914260804653168
1776176092114,1.0,0.0,12442.9931640625,123.59632873535156,0.49160030484199524
1776176092135,1.0,0.0,12443.6103515625,123.81568145751953,0.4917444884777069
1776176092153,1.0,0.0,12444.744140625,124.00900268554688,0.49209296703338623
1776176092173,1.0,0.0,12445.3642578125,124.19828033447266,0.4922378957271576
1776176092193,1.0,0.0,12445.8818359375,124.4210433959961,0.4924118220806122
1776176092213,1.0,0.0,12446.5029296875,124.6370620727539,0.4925578236579895
1776176092234,1.0,0.0,12447.021484375,124.84700775146484,0.4927327036857605
1776176092254,1.0,0.0,12448.1640625,125.03214263916016,0.49305465817451477
1776176092273,1.0,0.0,12448.7890625,125.26237487792969,0.49320220947265625
1776176092293,1.0,0.0,12449.310546875,125.4536361694336,0.49337881803512573
1776176092314,1.0,0.0,12449.9375,125.66378784179688,0.4935515820980072
1776176092334,1.0,0.0,12450.5654296875,125.87549591064453,0.49369946122169495
1776176092353,1.0,0.0,12451.7177734375,126.07135009765625,0.4940245449542999
1776176092373,1.0,0.0,12452.2431640625,126.29596710205078,0.4942006468772888
1776176092393,1.0,0.0,12452.8740234375,126.51953887939453,0.494349867105484
1776176092413,1.0,0.0,12453.400390625,126.70587921142578,0.49452564120292664
1776176092435,1.0,0.0,12454.033203125,126.93775177001953,0.49467459321022034
1776176092455,1.0,0.0,12455.1962890625,127.12836456298828,0.4950007498264313
1776176092474,1.0,0.0,12455.7255859375,127.36512756347656,0.49517929553985596
1776176092494,1.0,0.0,12456.3623046875,127.56310272216797,0.4953571856021881
1776176092513,1.0,0.0,12457.0,127.77986145019531,0.49550655484199524
1776176092538,1.0,0.0,12457.5322265625,127.95809173583984,0.49568653106689453
1776176092553,1.0,0.0,12458.7041015625,128.14195251464844,0.49601414799690247
1776176092573,1.0,0.0,12459.3447265625,128.34417724609375,0.4961637854576111
1776176092593,1.0,0.0,12459.87890625,128.55494689941406,0.4963447153568268
1776176092615,1.0,0.0,12460.521484375,128.77938842773438,0.4965243339538574
1776176092635,1.0,0.0,12461.1650390625,128.9961395263672,0.4966753423213959
1776176092653,1.0,0.0,12462.34765625,129.17514038085938,0.49700653553009033
1776176092673,1.0,0.0,12462.8857421875,129.3829803466797,0.49718964099884033
1776176092693,1.0,0.0,12463.5322265625,129.59747314453125,0.49733924865722656
1776176092715,1.0,0.0,12464.0712890625,129.80270385742188,0.4975185692310333
1776176092736,1.0,0.0,12464.7197265625,130.00289916992188,0.49770259857177734
1776176092754,1.0,0.0,12465.91015625,130.181884765625,0.498036652803421
1776176092775,1.0,0.0,12466.560546875,130.3869171142578,0.4981878399848938
1776176092793,1.0,0.0,12467.103515625,130.57240295410156,0.4983714520931244
1776176092815,1.0,0.0,12467.755859375,130.7926788330078,0.49852263927459717
1776176092835,1.0,0.0,12468.2998046875,130.97494506835938,0.4987066984176636
1776176092854,1.0,0.0,12469.609375,131.17832946777344,0.49904191493988037
1776176092876,1.0,0.0,12470.15625,131.4146728515625,0.49922505021095276
1776176092893,1.0,0.0,12470.8125,131.57347106933594,0.49937769770622253
1776176092915,1.0,0.0,12471.3603515625,131.81161499023438,0.4995623826980591
1776176092935,1.0,0.0,12472.0185546875,131.98255920410156,0.4997153580188751
1776176092953,1.0,0.0,12472.5673828125,132.14974975585938,0.49989989399909973
1776176092973,1.0,0.0,12473.7783203125,132.36073303222656,0.5002398490905762
1776176092993,1.0,0.0,12474.439453125,132.58995056152344,0.5003935694694519
1776176093014,1.0,0.0,12474.9912109375,132.7674102783203,0.500579297542572
1776176093035,1.0,0.0,12475.654296875,133.00079345703125,0.5007643699645996
1776176093053,1.0,0.0,12476.318359375,133.17987060546875,0.5009178519248962
1776176093074,1.0,0.0,12477.5380859375,133.37344360351562,0.5012589693069458
1776176093093,1.0,0.0,12478.09375,133.54103088378906,0.5014455914497375
1776176093113,1.0,0.0,12478.7607421875,133.7378387451172,0.5016013979911804
1776176093136,1.0,0.0,12479.3173828125,133.96209716796875,0.501787006855011
1776176093153,1.0,0.0,12479.986328125,134.15524291992188,0.5019736886024475
1776176093175,1.0,0.0,12481.2158203125,134.35511779785156,0.5023177862167358
1776176093194,1.0,0.0,12481.8876953125,134.5055694580078,0.5024733543395996
1776176093214,1.0,0.0,12482.4482421875,134.68191528320312,0.5026607513427734
1776176093234,1.0,0.0,12483.12109375,134.8740692138672,0.5028178095817566
1776176093253,0.9922000169754028,0.0,12483.6826171875,135.04095458984375,0.5030059218406677
1776176093273,0.7422000169754028,0.0,12484.9189453125,135.23837280273438,0.5033521056175232
1776176093293,0.3095000088214874,0.0,12485.5947265625,135.38804626464844,0.5035406947135925
1776176093315,0.0,0.0,12486.271484375,135.41761779785156,0.5036975741386414
1776176093334,0.0,0.0,12486.8359375,135.3581085205078,0.5038877129554749
1776176093353,0.0,0.0,12487.5126953125,135.26736450195312,0.504043698310852
1776176093373,0.0,0.0,12488.751953125,135.18746948242188,0.5043906569480896
1776176093393,0.0,0.0,12489.3154296875,135.09280395507812,0.5045791864395142
1776176093413,0.0,0.0,12489.990234375,134.99807739257812,0.5047383308410645
1776176093435,0.0,0.0,12490.552734375,134.9033203125,0.5049253702163696
1776176093453,0.0,0.0,12491.9013671875,134.82290649414062,0.5052710771560669
1776176093474,0.0,0.003991731908172369,12492.462890625,134.7259063720703,0.5054584741592407
1776176093493,0.0,0.12104549258947372,12493.13671875,134.63665771484375,0.5056172013282776
1776176093513,0.0,0.325955867767334,12493.697265625,134.4229278564453,0.5058059096336365
1776176093534,0.0,0.6577082872390747,12494.3701171875,134.0152130126953,0.5059620141983032
1776176093553,0.0,0.7132585644721985,12494.9296875,133.49002075195312,0.5061505436897278
1776176093575,0.0,0.5852325558662415,12496.1552734375,132.81063842773438,0.5064913630485535
1776176093593,0.0,0.41798844933509827,12496.8193359375,132.15367126464844,0.5066761374473572
1776176093613,0.0,0.3593418002128601,12497.48046875,131.70680236816406,0.5068308711051941
1776176093634,0.0,0.325955867767334,12498.029296875,131.2890167236328,0.5070157051086426
1776176093654,0.0,0.3457002341747284,12499.232421875,130.8947296142578,0.5073524117469788
1776176093674,0.0,0.38789868354797363,12499.88671875,130.54559326171875,0.5075043439865112
1776176093693,0.0,0.5187981128692627,12500.4306640625,130.098876953125,0.5076863169670105
1776176093713,0.0,0.6906412839889526,12501.08203125,129.57498168945312,0.5078389644622803
1776176093734,0.0,0.7968763709068298,12501.623046875,129.0154571533203,0.5080192685127258
1776176093753,0.0,0.8347579836845398,12502.2705078125,128.28089904785156,0.5082007646560669
1776176093773,0.0,0.8347579836845398,12503.44921875,127.58554077148438,0.5085307955741882
1776176093793,0.0,0.8093602657318115,12504.087890625,127.01891326904297,0.5086782574653625
1776176093813,0.0,0.7968763709068298,12504.6181640625,126.28624725341797,0.5088574290275574
1776176093835,0.0,0.7845343947410583,12505.2509765625,125.4935531616211,0.509002685546875
1776176093853,0.0,0.8093602657318115,12505.7763671875,124.80853271484375,0.5091789364814758
1776176093873,0.0,0.8347579836845398,12506.923828125,123.9811782836914,0.5094979405403137
1776176093893,0.0,0.8347579836845398,12507.544921875,123.15776824951172,0.5096710920333862
1776176093913,0.0,0.8347579836845398,12508.162109375,122.4217758178711,0.5098140239715576
1776176093934,0.0,0.8347579836845398,12508.673828125,121.596923828125,0.5099849700927734
1776176093953,0.0,0.8347579836845398,12509.7919921875,120.74613952636719,0.5102960467338562
1776176093973,0.0,0.8347579836845398,12510.396484375,120.03861236572266,0.5104365348815918
1776176093993,0.0,0.8347579836845398,12510.8974609375,119.18916320800781,0.5106027722358704
1776176094013,0.0,0.8347579836845398,12511.4951171875,118.41834259033203,0.5107421875
1776176094034,0.0,0.8093602657318115,12511.9912109375,117.71979522705078,0.5109086632728577
1776176094053,0.0,0.7968763709068298,12513.0732421875,116.94682312011719,0.5112094283103943
1776176094073,0.0,0.7968763709068298,12513.6591796875,116.2783432006836,0.5113723874092102
1776176094094,0.0,0.7968763709068298,12514.2412109375,115.41358184814453,0.5115057229995728
1776176094113,0.0,0.7845343947410583,12514.7236328125,114.7761001586914,0.511667013168335
1776176094134,0.0,0.7845343947410583,12515.2998046875,114.0076675415039,0.511800229549408
1776176094153,0.0,0.7845343947410583,12516.34765625,113.35803985595703,0.5120916366577148
1776176094173,0.0,0.7845343947410583,12516.8203125,112.62430572509766,0.5122492909431458
1776176094193,0.0,0.7602721452713013,12517.384765625,111.87638092041016,0.5124056935310364
1776176094213,0.0,0.7247689962387085,12517.9462890625,111.2445297241211,0.5125359296798706
1776176094233,0.0,0.7132585644721985,12518.412109375,110.51191711425781,0.5126912593841553
1776176094253,0.0,0.7132585644721985,12518.9677734375,109.7918930053711,0.5128195881843567
1776176094273,0.0,0.6906412839889526,12519.978515625,109.21166229248047,0.5131005644798279
1776176094293,0.0,0.6906412839889526,12520.4345703125,108.5267333984375,0.5132509469985962
1776176094313,0.0,0.6795321106910706,12520.978515625,107.83480834960938,0.513377845287323
1776176094334,0.0,0.6362686157226562,12521.4296875,107.24958038330078,0.51352858543396
1776176094354,0.0,0.5852325558662415,12522.5048828125,106.60563659667969,0.5138021111488342
1776176094373,0.0,0.5097978115081787,12522.94921875,106.01472473144531,0.5139495134353638
1776176094393,0.0,0.4580742418766022,12523.48046875,105.52945709228516,0.5140725374221802
1776176094413,0.0,0.4337609112262726,12523.9208984375,105.0116958618164,0.5142197608947754
1776176094435,0.0,0.41798844933509827,12524.447265625,104.5040283203125,0.5143416523933411
1776176094454,0.0,0.41798844933509827,12525.4072265625,104.09699249267578,0.5146079659461975
1776176094473,0.0,0.4027373194694519,12525.841796875,103.62518310546875,0.5147527456283569
1776176094493,0.0,0.4027373194694519,12526.361328125,103.18427276611328,0.5148958563804626
1776176094513,0.0,0.4027373194694519,12526.87890625,102.80586242675781,0.5150159597396851
1776176094534,0.0,0.4027373194694519,12527.30859375,102.34203338623047,0.5151588916778564
1776176094554,0.0,0.38789868354797363,12527.822265625,101.88497924804688,0.5152779817581177
1776176094573,0.0,0.3806319832801819,12528.7587890625,101.51774597167969,0.5155366659164429
1776176094593,0.0,0.36630862951278687,12529.1826171875,100.8568115234375,0.5156776309013367
1776176094615,0.0,0.3593418002128601,12529.6884765625,100.22480773925781,0.5157941579818726
1776176094635,0.0,0.3457002341747284,12530.1083984375,99.60598754882812,0.51593416929245
1776176094653,0.0,0.3390239179134369,12530.609375,99.10944366455078,0.5160719752311707
1776176094674,0.0,0.31956228613853455,12531.5205078125,98.58333587646484,0.5163248777389526
1776176094693,0.0,0.2948283851146698,12532.013671875,98.15271759033203,0.5164382457733154
1776176094713,0.0,0.2341601401567459,12532.4228515625,97.66337585449219,0.5165736675262451
1776176094735,0.0,0.1831449568271637,12532.912109375,97.21717071533203,0.5166874527931213
1776176094754,0.0,0.1590927094221115,12533.8046875,96.88809204101562,0.5169339179992676
1776176094773,0.0,0.14084765315055847,12534.2080078125,96.55815887451172,0.5170683264732361
1776176094793,0.0,0.1306924819946289,12534.69140625,96.24217224121094,0.5172021389007568
1776176094813,0.0,0.11796233803033829,12535.173828125,95.97368621826172,0.51731276512146
1776176094834,0.0,0.1062031164765358,12535.57421875,95.67607116699219,0.5174452066421509
1776176094854,0.0,0.08285078406333923,12536.4521484375,95.399169921875,0.5176888108253479
1776176094873,0.0,0.07378428429365158,12536.9296875,95.1834487915039,0.5177978277206421
1776176094893,0.0,0.03094778023660183,12537.3271484375,94.94493103027344,0.5179296135902405
1776176094913,0.0,0.0005969975609332323,12537.802734375,94.71870422363281,0.5180391669273376
1776176094934,0.0,0.0,12538.1982421875,94.51669311523438,0.5181706547737122
1776176094954,0.0,0.0,12539.1455078125,94.35798645019531,0.5184106826782227
1776176094973,0.0,0.0,12539.5390625,94.17742156982422,0.5185391306877136
1776176094993,0.0,0.0,12540.0107421875,94.0190658569336,0.5186476111412048
1776176095013,0.0,0.0,12540.4033203125,93.83350372314453,0.5187769532203674
1776176095034,0.0,0.0,12540.8740234375,93.6524887084961,0.5188862085342407
1776176095053,0.0,0.0,12541.265625,93.5003890991211,0.5190145373344421
1776176095073,0.0,0.0,12542.1240234375,93.32141876220703,0.5192519426345825
1776176095093,0.0,0.0,12542.5908203125,93.14485931396484,0.5193804502487183
1776176095113,0.14285001158714294,0.0,12543.0576171875,92.99803161621094,0.519487202167511
1776176095134,0.3095000088214874,0.0,12543.4453125,92.85401153564453,0.5196162462234497
1776176095153,0.4404500126838684,0.0,12543.91015625,92.73507690429688,0.5197217464447021
1776176095173,0.49994999170303345,0.0,12544.7607421875,92.66136169433594,0.519956111907959
1776176095193,0.5077999830245972,0.0,12545.1474609375,92.61405181884766,0.5200825929641724
1776176095213,0.5077999830245972,0.0,12545.611328125,92.60577392578125,0.5201901197433472
1776176095233,0.5077999830245972,0.0,12545.9970703125,92.62165069580078,0.5203184485435486
1776176095253,0.5038999915122986,0.0,12546.4599609375,92.6514892578125,0.5204455256462097
1776176095273,0.5,0.0,12547.30859375,92.69598388671875,0.520679771900177
1776176095293,0.49994999170303345,0.0,12547.7724609375,92.74491119384766,0.5207852125167847
1776176095313,0.4761500060558319,0.0,12548.1591796875,92.8067855834961,0.5209134817123413
1776176095334,0.46424999833106995,0.0,12548.623046875,92.8676528930664,0.5210198760032654
1776176095353,0.452349990606308,0.0,12549.009765625,92.91542053222656,0.5211480259895325
1776176095373,0.44440001249313354,0.0,12549.8603515625,92.96543884277344,0.5213809609413147
1776176095393,0.44440001249313354,0.0,12550.3251953125,93.0111083984375,0.5215109586715698
1776176095413,0.44440001249313354,0.0,12550.7900390625,93.05690002441406,0.5216155648231506
1776176095435,0.44440001249313354,0.0,12551.177734375,93.1162109375,0.5217439532279968
1776176095453,0.44440001249313354,0.0,12551.6435546875,93.17127990722656,0.5218507051467896
1776176095473,0.44440001249313354,0.0,12552.498046875,93.2215347290039,0.5220852494239807
1776176095493,0.4562999904155731,0.0,12552.88671875,93.27468872070312,0.5222129821777344
1776176095513,0.4562999904155731,0.0,12553.353515625,93.32250213623047,0.5223191380500793
1776176095535,0.46024999022483826,0.0,12553.7421875,93.36619567871094,0.5224480032920837
1776176095553,0.452349990606308,0.0,12554.208984375,93.42192077636719,0.5225764513015747
1776176095573,0.44440001249313354,0.0,12555.0654296875,93.47870635986328,0.522811770439148
1776176095593,0.4404500126838684,0.0,12555.533203125,93.52953338623047,0.5229178071022034
1776176095613,0.4364500045776367,0.0,12555.9228515625,93.59003448486328,0.5230468511581421
1776176095634,0.4325000047683716,0.0,12556.390625,93.64808654785156,0.5231525301933289
1776176095653,0.42855000495910645,0.0,12557.248046875,93.69322204589844,0.5233893990516663
1776176095673,0.42855000495910645,0.0,12557.638671875,93.72639465332031,0.5235187411308289
1776176095693,0.42855000495910645,0.0,12558.107421875,93.7573013305664,0.5236452221870422
1776176095713,0.42855000495910645,0.0,12558.576171875,93.7930679321289,0.5237528681755066
1776176095734,0.42855000495910645,0.0,12558.966796875,93.83634948730469,0.5238819718360901
1776176095753,0.42855000495910645,0.0,12559.435546875,93.8780288696289,0.523989200592041
1776176095774,0.4325000047683716,0.0,12560.294921875,93.91096496582031,0.5242244005203247
1776176095793,0.4325000047683716,0.0,12560.6865234375,93.94476318359375,0.5243529677391052
1776176095813,0.4325000047683716,0.0,12561.15625,93.96728515625,0.5244617462158203
1776176095834,0.4325000047683716,0.0,12561.5478515625,93.9848403930664,0.5245900750160217
1776176095853,0.4325000047683716,0.0,12562.017578125,94.00233459472656,0.52471923828125
1776176095873,0.42855000495910645,0.0,12562.87890625,94.02249908447266,0.524954617023468
1776176095893,0.42454999685287476,0.0,12563.3486328125,94.0352554321289,0.5250616669654846
1776176095913,0.41659998893737793,0.0,12563.740234375,94.0413589477539,0.5251907110214233
1776176095936,0.40869998931884766,0.0,12564.2109375,94.04518127441406,0.5252973437309265
1776176095954,0.4007500112056732,0.0,12565.0732421875,94.04550170898438,0.5255342125892639
1776176095973,0.38885000348091125,0.0,12565.4658203125,94.04431915283203,0.5256622433662415
1776176095993,0.3769499957561493,0.0,12565.9365234375,94.04098510742188,0.5257893800735474
1776176096013,0.37299999594688416,0.0,12566.4072265625,94.02730560302734,0.5258962512016296
1776176096033,0.36900001764297485,0.0,12566.798828125,94.00191497802734,0.5260251760482788
1776176096053,0.361050009727478,0.0,12567.26953125,93.97640228271484,0.5261320471763611
1776176096073,0.35315001010894775,0.0,12568.130859375,93.95268249511719,0.5263689160346985
1776176096093,0.3452000021934509,0.0,12568.5224609375,93.9238510131836,0.526496946811676
1776176096113,0.33329999446868896,0.0,12568.9921875,93.8897705078125,0.5266037583351135
1776176096135,0.32934999465942383,0.0,12569.3837890625,93.85313415527344,0.5267310738563538
1776176096153,0.32534998655319214,0.0,12569.853515625,93.8228988647461,0.5268596410751343
1776176096173,0.31744998693466187,0.0,12570.7138671875,93.77434539794922,0.5270962119102478
1776176096193,0.31744998693466187,0.0,12571.1826171875,93.71895599365234,0.5272030830383301
1776176096213,0.31345000863075256,0.0,12571.5732421875,93.6507568359375,0.5273305177688599
1776176096235,0.29760000109672546,0.0,12572.0419921875,93.58719635009766,0.5274373888969421
1776176096253,0.2857000231742859,0.0,12572.4326171875,93.52940368652344,0.5275661945343018
1776176096273,0.2738000154495239,0.0,12573.2900390625,93.45154571533203,0.5277982950210571
1776176096293,0.26190000772476196,0.0,12573.7578125,93.36475372314453,0.5279263257980347
1776176096313,0.24994999170303345,0.0,12574.224609375,93.28092956542969,0.5280325412750244
1776176096335,0.23805001378059387,0.0,12574.61328125,93.17440032958984,0.5281597375869751
1776176096354,0.21825000643730164,0.0,12575.0791015625,93.06351470947266,0.5282660126686096
1776176096374,0.20235002040863037,0.0,12575.93359375,92.96903991699219,0.5284996628761292
1776176096393,0.1904500126838684,0.0,12576.3212890625,92.8614730834961,0.5286265015602112
1776176096413,0.18250000476837158,0.0,12576.7861328125,92.74832153320312,0.5287309885025024
1776176096433,0.17059999704360962,0.0,12577.1728515625,92.64276885986328,0.5288573503494263
1776176096453,0.15870001912117004,0.0,12578.099609375,92.51786041259766,0.5290891528129578
1776176096474,0.15080001950263977,0.0,12578.4853515625,92.39642333984375,0.5292152762413025
1776176096493,0.14285001158714294,0.0,12578.947265625,92.2873764038086,0.5293208360671997
1776176096513,0.1269499957561493,0.0,12579.33203125,92.15252685546875,0.5294482707977295
1776176096534,0.11505001783370972,0.0,12579.79296875,92.01699829101562,0.5295517444610596
1776176096554,0.11110001802444458,0.0,12580.63671875,91.90404510498047,0.5297842621803284
1776176096573,0.09920001029968262,0.0,12581.01953125,91.77044677734375,0.5299102067947388
1776176096593,0.09525001049041748,0.0,12581.478515625,91.637939453125,0.5300371050834656
1776176096614,0.09125000238418579,0.0,12581.9375,91.5215072631836,0.5301428437232971
1776176096634,0.09125000238418579,0.0,12582.3193359375,91.37706756591797,0.5302688479423523
1776176096653,0.09125000238418579,0.0,12582.77734375,91.24263000488281,0.5303733944892883
1776176096673,0.09125000238418579,0.0,12583.6142578125,91.1225814819336,0.5306050181388855
1776176096693,0.09525001049041748,0.0,12583.994140625,90.97325897216797,0.5307281613349915
1776176096713,0.10315001010894775,0.0,12584.44921875,90.82775115966797,0.5308321118354797
1776176096734,0.11904999613761902,0.0,12584.828125,90.67506408691406,0.5309565663337708
1776176096754,0.13885000348091125,0.0,12585.7353515625,90.55160522460938,0.5311842560768127
1776176096773,0.18250000476837158,0.0,12586.1123046875,90.40571594238281,0.5313083529472351
1776176096793,0.23410001397132874,0.0,12586.564453125,90.28347778320312,0.5314108729362488
1776176096813,0.2857000231742859,0.0,12586.94140625,90.14537048339844,0.5315350890159607
1776176096834,0.32934999465942383,0.0,12587.392578125,90.01126098632812,0.5316371321678162
1776176096853,0.3571000099182129,0.0,12587.7685546875,89.91183471679688,0.5317597389221191
1776176096873,0.3769499957561493,0.0,12588.59375,89.82363891601562,0.5319852828979492
1776176096893,0.3928000032901764,0.0,12589.04296875,89.76251983642578,0.532108724117279
1776176096913,0.40470001101493835,0.0,12589.4921875,89.72193145751953,0.5322118997573853
1776176096934,0.40470001101493835,0.0,12589.8662109375,89.68724822998047,0.5323351621627808
1776176096953,0.40869998931884766,0.0,12590.3154296875,89.65974426269531,0.5324375033378601
1776176096973,0.40869998931884766,0.0,12591.1376953125,89.63988494873047,0.5326632857322693
1776176096993,0.40869998931884766,0.0,12591.51171875,89.62109375,0.5327863097190857
1776176097013,0.40869998931884766,0.0,12591.9599609375,89.60987091064453,0.5328888297080994
1776176097034,0.40869998931884766,0.0,12592.3330078125,89.61031341552734,0.5330118536949158
1776176097053,0.4126499891281128,0.0,12592.78125,89.61504364013672,0.5331353545188904
1776176097074,0.41659998893737793,0.0,12593.6025390625,89.6121826171875,0.5333618521690369
1776176097093,0.4205999970436096,0.0,12594.05078125,89.61056518554688,0.5334640741348267
1776176097113,0.4205999970436096,0.0,12594.423828125,89.60958862304688,0.5335876941680908
1776176097134,0.42454999685287476,0.0,12594.8720703125,89.60574340820312,0.5336899757385254
1776176097153,0.42855000495910645,0.0,12595.2451171875,89.59712219238281,0.5338136553764343
1776176097173,0.4404500126838684,0.0,12596.06640625,89.64096069335938,0.534040093421936
1776176097193,0.46424999833106995,0.0,12596.5146484375,89.67202758789062,0.5341638326644897
1776176097213,0.4761500060558319,0.0,12596.962890625,89.69827270507812,0.5342665910720825
1776176097235,0.4959999918937683,0.0,12597.3369140625,89.7489013671875,0.5343904495239258
1776176097253,0.5038999915122986,0.0,12598.1591796875,89.81107330322266,0.53461754322052
1776176097273,0.5156000256538391,0.0,12598.6083984375,89.86621856689453,0.5347208380699158
1776176097293,0.5390499830245972,0.0,12598.982421875,89.94502258300781,0.5348448157310486
1776176097313,0.5820499658584595,0.0,12599.431640625,90.04450988769531,0.5349486470222473
1776176097334,0.6211000084877014,0.0,12599.806640625,90.1535415649414,0.5350726246833801
1776176097353,0.6601499915122986,0.0,12600.2568359375,90.25592803955078,0.5351975560188293
1776176097373,0.7070499658584595,0.0,12601.083984375,90.39521026611328,0.5354267358779907
1776176097393,0.75,0.0,12601.5361328125,90.53614807128906,0.5355314612388611
1776176097413,0.8242000341415405,0.0,12601.9130859375,90.7294921875,0.5356358885765076
1776176097434,0.9023499488830566,0.0,12602.291015625,90.9526596069336,0.5357621908187866
1776176097453,0.9726499915122986,0.0,12602.7451171875,91.1768798828125,0.535888135433197
1776176097473,1.0,0.0,12603.580078125,91.46867370605469,0.536121129989624
1776176097493,1.0,0.0,12604.037109375,91.76557922363281,0.5362484455108643
1776176097513,1.0,0.0,12604.4951171875,92.03067779541016,0.5363551378250122
1776176097534,1.0,0.0,12604.8779296875,92.36418914794922,0.5364833474159241
1776176097553,1.0,0.0,12605.3388671875,92.69114685058594,0.5365905165672302
1776176097573,1.0,0.0,12606.1875,92.96055603027344,0.5368280410766602
1776176097593,1.0,0.0,12606.5751953125,93.27498626708984,0.5369589924812317
1776176097613,1.0,0.0,12607.041015625,93.60940551757812,0.5370675921440125
1776176097634,1.0,0.0,12607.4306640625,93.95403289794922,0.5371989607810974
1776176097653,1.0,0.0,12607.8994140625,94.2359848022461,0.5373300313949585
1776176097673,1.0,0.0,12608.76171875,94.54269409179688,0.5375728607177734
1776176097693,1.0,0.0,12609.234375,94.8078384399414,0.5376837253570557
1776176097713,1.0,0.0,12609.62890625,95.12027740478516,0.5378170609474182
1776176097734,1.0,0.0,12610.103515625,95.43670654296875,0.5379284620285034
1776176097753,1.0,0.0,12610.5,95.720458984375,0.5380626916885376
1776176097773,1.0,0.0,12611.375,96.04839324951172,0.5383098125457764
1776176097793,1.0,0.0,12611.8544921875,96.37247467041016,0.5384455919265747
1776176097813,1.0,0.0,12612.3349609375,96.63980865478516,0.538558840751648
1776176097834,1.0,0.0,12612.736328125,96.94332122802734,0.5386950969696045
1776176097853,1.0,0.0,12613.2197265625,97.24874877929688,0.5388093590736389
1776176097873,1.0,0.0,12614.109375,97.53179931640625,0.5390608310699463
1776176097893,1.0,0.0,12614.515625,97.84815979003906,0.5391991138458252
1776176097913,1.0,0.0,12615.00390625,98.16043090820312,0.5393140316009521
1776176097934,1.0,0.0,12615.412109375,98.47819519042969,0.5394518971443176
1776176097954,1.0,0.0,12615.9033203125,98.74496459960938,0.5395908951759338
1776176097973,1.0,0.0,12616.806640625,99.0483169555664,0.539845883846283
1776176097993,1.0,0.0,12617.30078125,99.31365203857422,0.5399622321128845
1776176098013,1.0,0.0,12617.7138671875,99.64775848388672,0.5401027798652649
1776176098034,1.0,0.0,12618.2109375,99.91671752929688,0.5402211546897888
1776176098053,1.0,0.0,12618.6259765625,100.16156768798828,0.5403626561164856
1776176098073,1.0,0.0,12619.625,100.45967102050781,0.5406213402748108
1776176098093,1.0,0.0,12620.04296875,100.76359558105469,0.5407639145851135
1776176098113,1.0,0.0,12620.5458984375,101.0306396484375,0.5408828258514404
1776176098135,1.0,0.0,12620.9658203125,101.38441467285156,0.541025698184967
1776176098153,1.0,0.0,12621.470703125,101.64311218261719,0.541144609451294
1776176098173,1.0,0.0,12622.400390625,101.89346313476562,0.5414074063301086
1776176098193,1.0,0.0,12622.82421875,102.17920684814453,0.541551411151886
1776176098213,1.0,0.0,12623.333984375,102.4754638671875,0.5416961312294006
1776176098234,1.0,0.0,12623.8447265625,102.7784652709961,0.5418168306350708
1776176098253,1.0,0.0,12624.271484375,103.02571105957031,0.5419611930847168
1776176098273,1.0,0.0,12625.2138671875,103.3163070678711,0.5422284007072449
1776176098293,1.0,0.0,12625.7294921875,103.5684585571289,0.542351484298706
1776176098313,1.0,0.0,12626.16015625,103.85664367675781,0.5424971580505371
1776176098334,1.0,0.0,12626.6787109375,104.1443099975586,0.5426188111305237
1776176098353,1.0,0.0,12627.111328125,104.4007568359375,0.5427658557891846
1776176098373,1.0,0.0,12628.1533203125,104.68344116210938,0.5430362820625305
1776176098393,1.0,0.0,12628.5888671875,104.96024322509766,0.5431840419769287
1776176098413,1.0,0.0,12629.11328125,105.21366119384766,0.5433077216148376
1776176098433,1.0,0.0,12629.55078125,105.5118408203125,0.5434562563896179
1776176098453,1.0,0.0,12630.0771484375,105.79535675048828,0.5435805320739746
1776176098473,1.0,0.0,12631.044921875,106.02906036376953,0.5438537001609802
1776176098493,1.0,0.0,12631.486328125,106.3095932006836,0.5440038442611694
1776176098513,1.0,0.0,12632.017578125,106.59646606445312,0.5441275835037231
1776176098534,1.0,0.0,12632.4609375,106.88619232177734,0.5442783832550049
1776176098553,1.0,0.0,12632.994140625,107.12535858154297,0.5444291830062866
1776176098573,1.0,0.0,12633.974609375,107.40419006347656,0.5447055101394653
1776176098593,1.0,0.0,12634.5107421875,107.6514892578125,0.5448322892189026
1776176098613,1.0,0.0,12634.958984375,107.93170166015625,0.5449838638305664
1776176098633,1.0,0.0,12635.498046875,108.2066421508789,0.5451099872589111
1776176098653,1.0,0.0,12635.9482421875,108.45083618164062,0.545261800289154
1776176098673,1.0,0.0,12636.9404296875,108.71385192871094,0.5455420613288879
1776176098693,1.0,0.0,12637.4833984375,108.96882629394531,0.5456950068473816
1776176098713,1.0,0.0,12638.02734375,109.13960266113281,0.5458225607872009
1776176098734,1.0,0.0,12638.4814453125,109.0891342163086,0.5459756851196289
1776176098753,1.0,0.0,12639.02734375,109.0600814819336,0.5461034774780273
1776176098773,1.0,0.0,12640.0263671875,109.03253936767578,0.546383798122406
1776176098794,1.0,0.0,12640.48046875,108.9930191040039,0.5465368628501892
1776176098813,1.0,0.0,12641.025390625,108.96472930908203,0.5466894507408142
1776176098834,1.0,0.0,12641.5703125,108.93706512451172,0.5468172430992126
1776176098853,1.0,0.0,12642.0234375,108.90773010253906,0.5469697117805481
1776176098873,1.0,0.0,12643.0205078125,108.8766098022461,0.5472489595413208
1776176098893,1.0,0.0,12643.564453125,108.85110473632812,0.5473766326904297
1776176098913,1.0,0.0,12644.017578125,108.81903076171875,0.5475285649299622
1776176098934,1.0,0.0,12644.5615234375,108.78825378417969,0.5476555228233337
1776176098953,1.0,0.0,12645.0146484375,108.7625503540039,0.5478081107139587
1776176098973,1.0,0.0,12646.0107421875,109.07225799560547,0.5480873584747314
1776176098993,1.0,0.0,12646.5546875,109.48797607421875,0.5482402443885803
1776176099013,1.0,0.0,12647.1005859375,109.86228942871094,0.548367440700531
1776176099034,1.0,0.0,12647.5576171875,110.2985610961914,0.5485216975212097
1776176099053,1.0,0.0,12648.107421875,110.70667266845703,0.5486491918563843
1776176099073,1.0,0.0,12649.12109375,110.96754455566406,0.5489330291748047
1776176099093,1.0,0.0,12649.583984375,111.2566909790039,0.5490877032279968
1776176099113,1.0,0.0,12650.1396484375,111.53109741210938,0.5492185354232788
1776176099134,1.0,0.0,12650.603515625,111.78803253173828,0.5493749380111694
1776176099153,1.0,0.0,12651.162109375,112.01728820800781,0.5495315194129944
1776176099173,1.0,0.0,12652.1884765625,112.28064727783203,0.5498184561729431
1776176099193,1.0,0.0,12652.75,112.50137329101562,0.5499497056007385
1776176099213,1.0,0.0,12653.21875,112.76005554199219,0.5501065850257874
1776176099233,1.0,0.0,12653.7822265625,113.012451171875,0.550238311290741
1776176099253,1.0,0.0,12654.251953125,113.2344741821289,0.5503957867622375
1776176099273,1.0,0.0,12655.3837890625,113.51375579833984,0.5506873726844788
1776176099293,1.0,0.0,12655.8564453125,113.77318572998047,0.5508471131324768
1776176099313,1.0,0.0,12656.4248046875,113.99510192871094,0.5509800314903259
1776176099334,1.0,0.0,12656.8994140625,114.24703979492188,0.5511399507522583
1776176099353,1.0,0.0,12657.4697265625,114.49910736083984,0.551273763179779
1776176099374,1.0,0.0,12658.517578125,114.72760009765625,0.5515667796134949
1776176099393,1.0,0.0,12658.9951171875,114.98338317871094,0.5517289042472839
1776176099413,1.0,0.0,12659.5693359375,115.22953796386719,0.5518897175788879
1776176099434,1.0,0.0,12660.048828125,115.48565673828125,0.552025318145752
1776176099454,1.0,0.0,12660.625,115.71116638183594,0.5521866679191589
1776176099474,1.0,0.0,12661.6845703125,115.96131134033203,0.5524844527244568
1776176099493,1.0,0.0,12662.263671875,116.18653869628906,0.5526196956634521
1776176099513,1.0,0.0,12662.7470703125,116.45158386230469,0.5527835488319397
1776176099534,1.0,0.0,12663.3291015625,116.69548034667969,0.5529195666313171
1776176099553,1.0,0.0,12663.814453125,116.90279388427734,0.5530829429626465
1776176099573,1.0,0.0,12664.982421875,117.15868377685547,0.5533836483955383
1776176099593,1.0,0.0,12665.470703125,117.41909790039062,0.5535488724708557
1776176099613,1.0,0.0,12666.0576171875,117.62834930419922,0.5536859035491943
1776176099633,1.0,0.0,12666.546875,117.88119506835938,0.5538508892059326
1776176099653,1.0,0.0,12667.1357421875,118.14775085449219,0.5539886951446533
1776176099673,1.0,0.0,12668.2177734375,118.37020874023438,0.5542939305305481
1776176099693,1.0,0.0,12668.7109375,118.6115951538086,0.5544595122337341
1776176099713,1.0,0.0,12669.3037109375,118.84580993652344,0.554625928401947
1776176099734,1.0,0.0,12669.7978515625,119.05552673339844,0.5547646284103394
1776176099753,1.0,0.0,12670.3916015625,119.29515075683594,0.5549300909042358
1776176099773,1.0,0.0,12671.484375,119.5353012084961,0.5552384257316589
1776176099793,1.0,0.0,12672.08203125,119.76485443115234,0.5553779006004333
1776176099813,0.84375,0.0,12672.5810546875,120.03150939941406,0.5555456876754761
1776176099834,0.5,0.0,12673.1806640625,120.24009704589844,0.5556865930557251
1776176099854,0.15080001950263977,0.0,12673.6806640625,120.32814025878906,0.5558550357818604
1776176099873,0.0,0.0,12674.783203125,120.32923889160156,0.5561642050743103
1776176099893,0.0,0.0,12675.384765625,120.26753997802734,0.5563328266143799
1776176099913,0.0,0.0,12675.986328125,120.21295928955078,0.5564734935760498
1776176099935,0.0,0.0,12676.4873046875,120.14767456054688,0.5566416382789612
1776176099953,0.0,0.0,12677.087890625,120.08043670654297,0.5567823648452759
1776176099973,0.0,0.0,12678.1875,120.01664733886719,0.557091474533081
1776176099993,0.0,0.0,12678.6875,119.9441146850586,0.557260274887085
1776176100013,0.0,0.0,12679.287109375,119.8697509765625,0.5574275851249695
1776176100034,0.0,0.00010428302630316466,12679.8857421875,119.79315948486328,0.5575689077377319
1776176100053,0.0,0.003269399981945753,12680.384765625,119.7257308959961,0.557735800743103
1776176100073,0.0,0.01337516587227583,12681.4814453125,119.64543914794922,0.558042585849762
1776176100093,0.0,0.02551683969795704,12682.0791015625,119.56266784667969,0.5581820011138916
1776176100113,0.0,0.03332889452576637,12682.5771484375,119.45674896240234,0.5583497285842896
1776176100134,0.0,0.03332889452576637,12683.1748046875,119.34654998779297,0.5584890246391296
1776176100154,0.0,0.03212214261293411,12683.671875,119.24771881103516,0.5586565732955933
1776176100173,0.0,0.041335735470056534,12684.8642578125,119.13243103027344,0.5589625835418701
1776176100193,0.0,0.07161616533994675,12685.3603515625,119.00670623779297,0.5591292977333069
1776176100213,0.0,0.08526267111301422,12685.955078125,118.88168334960938,0.5592679381370544
1776176100235,0.0,0.1033676341176033,12686.451171875,118.71905517578125,0.5594344735145569
1776176100254,0.0,0.10905830562114716,12687.044921875,118.54010009765625,0.5595734715461731
1776176100273,0.0,0.10905830562114716,12688.1328125,118.38372802734375,0.5598778128623962
1776176100293,0.0,0.1033676341176033,12688.6259765625,118.20816040039062,0.56004399061203
1776176100313,0.0,0.09017623215913773,12689.2177734375,118.03910064697266,0.5602096319198608
1776176100334,0.0,0.08285078406333923,12689.80859375,117.875732421875,0.5603476166725159
1776176100353,0.0,0.07823561131954193,12690.2998046875,117.74337005615234,0.5605126619338989
1776176100373,0.0,0.07600020617246628,12691.37890625,117.59439849853516,0.5608133673667908
1776176100393,0.0,0.07381204515695572,12691.966796875,117.4698257446289,0.5609505772590637
1776176100413,0.0,0.06946864724159241,12692.4560546875,117.31974029541016,0.5611150860786438
1776176100434,0.0,0.059503260999917984,12693.04296875,117.18158721923828,0.5612521171569824
1776176100453,0.0,0.054057586938142776,12693.53125,117.06275939941406,0.5614159107208252
1776176100473,0.0,0.05065058171749115,12694.7021484375,116.93214416503906,0.5617170929908752
1776176100493,0.0,0.047383863478899,12695.189453125,116.80197143554688,0.5618805289268494
1776176100513,0.0,0.047383863478899,12695.7734375,116.69732666015625,0.5620167851448059
1776176100535,0.0,0.044274505227804184,12696.259765625,116.55498504638672,0.5621804594993591
1776176100554,0.0,0.03852551430463791,12696.8427734375,116.45003509521484,0.5623157620429993
1776176100573,0.0,0.03716587647795677,12697.91015625,116.35709381103516,0.5626147389411926
1776176100593,0.0,0.034584492444992065,12698.39453125,116.24848937988281,0.5627772808074951
1776176100613,0.0,0.03716587647795677,12698.9755859375,116.13764953613281,0.5629401803016663
1776176100634,0.0,0.041335735470056534,12699.556640625,116.04280090332031,0.5630754232406616
1776176100654,0.0,0.05065058171749115,12700.0400390625,115.93460083007812,0.5632396340370178
1776176100673,0.0,0.07161616533994675,12701.103515625,115.81710052490234,0.5635360479354858
1776176100693,0.0,0.07823561131954193,12701.6826171875,115.70272064208984,0.5636710524559021
1776176100714,0.0,0.08526267111301422,12702.1650390625,115.56070709228516,0.5638323426246643
1776176100734,0.0,0.09270945191383362,12702.7431640625,115.4183120727539,0.5639670491218567
1776176100753,0.0,0.0979321226477623,12703.224609375,115.2921142578125,0.5641287565231323
1776176100773,0.0,0.1033676341176033,12704.3779296875,115.13565826416016,0.5644235014915466
1776176100793,0.0,0.11796233803033829,12704.857421875,114.96654510498047,0.5645847916603088
1776176100813,0.0,0.1306924819946289,12705.4326171875,114.81307220458984,0.5647191405296326
1776176100834,0.0,0.13401572406291962,12705.9111328125,114.62682342529297,0.5648797750473022
1776176100853,0.0,0.1374005228281021,12706.484375,114.43001556396484,0.5650137662887573
1776176100873,0.0,0.1374005228281021,12707.5341796875,114.26004791259766,0.5653067827224731
1776176100893,0.0,0.13401572406291962,12708.0107421875,114.06005859375,0.5654675960540771
1776176100913,0.0,0.1306924819946289,12708.5810546875,113.86425018310547,0.5655999183654785
1776176100934,0.0,0.1306924819946289,12709.0556640625,113.6941146850586,0.5657585859298706
1776176100953,0.0,0.1306924819946289,12709.625,113.49859619140625,0.5659184455871582
1776176100973,0.0,0.1241873949766159,12710.666015625,113.30638122558594,0.5662102699279785
1776176100993,0.0,0.12104549258947372,12711.232421875,113.14624786376953,0.5663418173789978
1776176101013,0.0,0.10905830562114716,12711.7041015625,112.96562957763672,0.5665000081062317
1776176101034,0.0,0.1033676341176033,12712.26953125,112.79187774658203,0.5666313171386719
1776176101053,0.0,0.09270945191383362,12712.740234375,112.65096282958984,0.5667893290519714
1776176101073,0.0,0.08526267111301422,12713.8671875,112.48661804199219,0.5670777559280396
1776176101093,0.0,0.08051890879869461,12714.3359375,112.33416748046875,0.5672357082366943
1776176101113,0.0,0.07823561131954193,12714.8974609375,112.19170379638672,0.5673662424087524
1776176101134,0.0,0.07600020617246628,12715.365234375,112.04035949707031,0.5675226449966431
1776176101153,0.0,0.07378428429365158,12715.92578125,111.88890838623047,0.5676538944244385
1776176101173,0.0,0.06142096966505051,12716.9521484375,111.76053619384766,0.5679410099983215
1776176101193,0.0,0.039903633296489716,12717.41796875,111.60824584960938,0.5680974125862122
1776176101213,0.0,0.011025317013263702,12717.9765625,111.47427368164062,0.5682528018951416
1776176101233,0.0,0.0005969975609332323,12718.5341796875,111.38034057617188,0.5683831572532654
1776176101253,0.0,0.0,12718.9990234375,111.28075408935547,0.56853848695755
1776176101273,0.0,0.0,12720.01953125,111.18032836914062,0.5688245892524719
1776176101293,0.0,0.0,12720.5751953125,111.09131622314453,0.5689541697502136
1776176101313,0.0,0.0,12721.0380859375,110.98654174804688,0.5691100358963013
1776176101334,0.0,0.0,12721.59375,110.88336181640625,0.5692399740219116
1776176101353,0.0,0.0,12722.0556640625,110.78974914550781,0.5693945288658142
1776176101373,0.0,0.0,12723.1640625,110.67792510986328,0.5696787238121033
1776176101393,0.0,0.0,12723.625,110.56238555908203,0.5698330998420715
1776176101413,0.0,0.0,12724.177734375,110.46943664550781,0.5699618458747864
1776176101434,0.0,0.0,12724.638671875,110.34939575195312,0.5701162815093994
1776176101453,0.0,0.0,12725.1904296875,110.23352813720703,0.5702450275421143
1776176101474,0.0,0.0,12726.201171875,110.1302261352539,0.5705274939537048
1776176101493,0.0,0.0,12726.66015625,110.0037841796875,0.5706816911697388
1776176101514,0.0,0.0,12727.2099609375,109.8727798461914,0.5708096027374268
1776176101534,0.0,0.0,12727.66796875,109.72920989990234,0.5709632635116577
1776176101557,0.0,0.0,12728.7666015625,109.59712982177734,0.5712442398071289
1776176101573,0.0,0.0,12729.2236328125,109.49920654296875,0.5713980793952942
1776176101593,0.0,0.0,12729.771484375,109.37194061279297,0.5715258121490479
1776176101613,0.0,0.0,12730.2275390625,109.21479034423828,0.571678876876831
1776176101634,0.0,0.0,12730.7744140625,109.07736206054688,0.571806788444519
1776176101653,0.0,0.0,12731.2294921875,108.98795318603516,0.5719585418701172
1776176101673,0.0,0.0,12732.3193359375,108.83779907226562,0.5722380876541138
1776176101693,0.0,0.0,12732.7734375,108.68246459960938,0.5723900198936462
1776176101713,0.0,0.0,12733.3173828125,108.57109069824219,0.5725157856941223
1776176101733,0.0,0.0,12733.7705078125,108.41996765136719,0.5726673603057861
1776176101753,0.0,0.0,12734.3134765625,108.24763488769531,0.5727939605712891
1776176101774,0.0,0.0,12735.3076171875,108.13166046142578,0.5730714201927185
1776176101793,0.0,0.0,12735.7587890625,108.000244140625,0.573222279548645
1776176101813,0.0,0.0,12736.298828125,107.85504913330078,0.5733729004859924
1776176101833,0.0,0.0,12736.8388671875,107.7218246459961,0.5734981894493103
1776176101853,0.0,0.0,12737.2880859375,107.57942962646484,0.5736486911773682
1776176101873,0.0,0.0,12738.2744140625,107.45096588134766,0.5739239454269409
1776176101893,0.0,0.0,12738.8115234375,107.33686828613281,0.5740489959716797
1776176101913,0.0,0.0,12739.2587890625,107.16883850097656,0.5741981267929077
1776176101935,0.0,0.0,12739.794921875,107.0062484741211,0.5743229389190674
1776176101954,0.0,0.0,12740.2412109375,106.86734771728516,0.5744720101356506
1776176101973,0.0,0.0,12741.2216796875,106.72605895996094,0.5747448205947876
1776176101993,0.0,0.0,12741.755859375,106.56995391845703,0.57489413022995
1776176102013,0.0,0.0,12742.2890625,106.42964935302734,0.575017511844635
1776176102035,0.0,0.0,12742.7333984375,106.2440185546875,0.5751656889915466
1776176102053,0.0,0.0,12743.265625,106.10210418701172,0.5752888917922974
1776176102073,0.0,0.0,12744.23828125,105.98684692382812,0.5755598545074463
1776176102093,0.0,0.0,12744.6796875,105.82307434082031,0.5757067799568176
1776176102113,0.0,0.0,12745.208984375,105.66631317138672,0.5758553743362427
1776176102134,0.0,0.0,12745.650390625,105.53044891357422,0.5759769082069397
1776176102153,0.0,0.0,12746.1787109375,105.37203979492188,0.576123833656311
1776176102173,0.0,0.0,12747.1455078125,105.22046661376953,0.5763928890228271
1776176102193,0.0,0.0,12747.671875,105.09809112548828,0.5765150785446167
1776176102213,0.0,0.0,12748.1103515625,104.94320678710938,0.5766609907150269
1776176102234,0.0,0.0,12748.6357421875,104.78123474121094,0.5767824649810791
1776176102253,0.0,0.0,12749.0732421875,104.6529541015625,0.5769282579421997
1776176102273,0.0,0.0,12750.0341796875,104.49671173095703,0.5771945118904114
1776176102293,0.0,0.0,12750.556640625,104.32857513427734,0.5773401260375977
1776176102313,0.0,0.0,12751.0791015625,104.1837158203125,0.5774606466293335
1776176102334,0.0,0.0,12751.513671875,104.01962280273438,0.5776048302650452
1776176102353,0.0,0.0,12752.0341796875,103.86383056640625,0.5777269601821899
1776176102374,0.0,0.0,12752.9873046875,103.72260284423828,0.5779897570610046
1776176102393,0.0,0.0,12753.419921875,103.5513687133789,0.5781349539756775
1776176102413,0.0,0.0,12753.9384765625,103.37826538085938,0.5782775282859802
1776176102435,0.0,0.0,12754.4560546875,103.21366119384766,0.5783970355987549
1776176102453,0.0,0.0,12754.88671875,103.0727310180664,0.578540563583374
1776176102474,0.0,0.0,12755.8330078125,102.90485382080078,0.5788030624389648
1776176102493,0.0,0.0,12756.34765625,102.75005340576172,0.5789220333099365
1776176102513,0.0,0.0,12756.7763671875,102.5831298828125,0.579063892364502
1776176102534,0.05160000920295715,0.0,12757.2900390625,102.41913604736328,0.5791833400726318
1776176102554,0.10315001010894775,0.0,12758.23046875,102.28377532958984,0.5794438123703003
1776176102574,0.1547500193119049,0.0,12758.6572265625,102.13571166992188,0.5795857310295105
1776176102593,0.2261500060558319,0.0,12759.16796875,101.99205017089844,0.57972651720047
1776176102613,0.27775001525878906,0.0,12759.6787109375,101.8763656616211,0.5798449516296387
1776176102634,0.3372499942779541,0.0,12760.103515625,101.75338745117188,0.5799857378005981
1776176102653,0.38089999556541443,0.0,12760.61328125,101.64488220214844,0.5801029205322266
1776176102673,0.4205999970436096,0.0,12761.5458984375,101.5623550415039,0.5803621411323547
1776176102693,0.452349990606308,0.0,12761.9697265625,101.4896469116211,0.5805020928382874
1776176102713,0.46424999833106995,0.0,12762.4775390625,101.43574523925781,0.5806441307067871
1776176102733,0.46424999833106995,0.0,12762.9853515625,101.3993148803711,0.5807597041130066
1776176102753,0.46424999833106995,0.0,12763.408203125,101.37130737304688,0.5809015035629272
1776176102773,0.46424999833106995,0.0,12764.337890625,101.3526611328125,0.5811586380004883
1776176102793,0.46024999022483826,0.0,12764.8447265625,101.34400177001953,0.5812757611274719
1776176102814,0.4562999904155731,0.0,12765.267578125,101.33969116210938,0.5814148187637329
1776176102835,0.452349990606308,0.0,12765.7744140625,101.33940887451172,0.5815324187278748
1776176102855,0.452349990606308,0.0,12766.703125,101.33179473876953,0.5818121433258057
1776176102875,0.44440001249313354,0.0,12767.125,101.31584930419922,0.5819292068481445
1776176102893,0.44440001249313354,0.0,12767.6318359375,101.29566955566406,0.5820693969726562
1776176102913,0.44440001249313354,0.0,12768.138671875,101.27611541748047,0.5821860432624817
1776176102934,0.4562999904155731,0.0,12768.560546875,101.25900268554688,0.5823261737823486
1776176102953,0.4562999904155731,0.0,12769.0673828125,101.24571228027344,0.5824424624443054
1776176102973,0.46024999022483826,0.0,12769.9951171875,101.23263549804688,0.5826983451843262
1776176102993,0.46024999022483826,0.0,12770.4169921875,101.21197509765625,0.5828403830528259
1776176103013,0.46024999022483826,0.0,12770.9228515625,101.19471740722656,0.5829799175262451
1776176103033,0.46024999022483826,0.0,12771.4287109375,101.1781005859375,0.5830966234207153
1776176103053,0.46024999022483826,0.0,12771.8505859375,101.16606140136719,0.5832348465919495
1776176103073,0.46024999022483826,0.0,12772.7783203125,101.15190124511719,0.5834921598434448
1776176103093,0.46024999022483826,0.0,12773.2841796875,101.13568115234375,0.5836086273193359
1776176103114,0.46024999022483826,0.0,12773.7060546875,101.12711334228516,0.583748459815979
1776176103134,0.46424999833106995,0.0,12774.2119140625,101.12541961669922,0.5838656425476074
1776176103154,0.4681999981403351,0.0,12774.6337890625,101.11724090576172,0.5840051770210266
1776176103173,0.4761500060558319,0.0,12775.5615234375,101.1091537475586,0.5842612981796265
1776176103193,0.4959999918937683,0.0,12776.0673828125,101.11224365234375,0.5844019651412964
1776176103213,0.5038999915122986,0.0,12776.5732421875,101.12001037597656,0.5845184326171875
1776176103234,0.5234500169754028,0.0,12776.9951171875,101.13687896728516,0.5846580862998962
1776176103254,0.5508000254631042,0.0,12777.5009765625,101.15573120117188,0.5847745537757874
1776176103274,0.5741999745368958,0.0,12778.4287109375,101.17681884765625,0.5850289463996887
1776176103293,0.5859500169754028,0.0,12778.8505859375,101.20105743408203,0.5851694941520691
1776176103313,0.5976499915122986,0.0,12779.3564453125,101.24031829833984,0.5853097438812256
1776176103334,0.5976499915122986,0.0,12779.8623046875,101.27989196777344,0.5854260921478271
1776176103353,0.5976499915122986,0.0,12780.2841796875,101.3205795288086,0.5855652689933777
1776176103373,0.5898500084877014,0.0,12781.212890625,101.36336517333984,0.5858232975006104
1776176103395,0.5859500169754028,0.0,12781.7197265625,101.40650177001953,0.5859394669532776
1776176103413,0.5820499658584595,0.0,12782.142578125,101.44095611572266,0.5860786437988281
1776176103434,0.5780999660491943,0.0,12782.6494140625,101.47013854980469,0.586196780204773
1776176103453,0.5741999745368958,0.0,12783.072265625,101.49359893798828,0.5863362550735474
1776176103473,0.5702999830245972,0.0,12784.087890625,101.52262878417969,0.5865928530693054
1776176103493,0.5663999915122986,0.0,12784.5107421875,101.54670715332031,0.5867339372634888
1776176103513,0.5663999915122986,0.0,12785.0185546875,101.56136322021484,0.5868507623672485
1776176103535,0.5663999915122986,0.0,12785.44140625,101.58882904052734,0.5869902968406677
1776176103553,0.5663999915122986,0.0,12785.94921875,101.61338806152344,0.5871084928512573
1776176103573,0.5663999915122986,0.0,12786.8818359375,101.63949584960938,0.5873628854751587
1776176103593,0.5625,0.0,12787.3056640625,101.67537689208984,0.5875051021575928
1776176103613,0.5547000169754028,0.0,12787.814453125,101.70680236816406,0.5876447558403015
1776176103635,0.5468500256538391,0.0,12788.3232421875,101.72002410888672,0.5877638459205627
1776176103653,0.5468500256538391,0.0,12788.7470703125,101.74347686767578,0.5879024863243103
1776176103673,0.5468500256538391,0.0,12789.6796875,101.77934265136719,0.5881604552268982
1776176103693,0.5468500256538391,0.0,12790.1884765625,101.80393981933594,0.5882769227027893
1776176103713,0.5508000254631042,0.0,12790.6123046875,101.83618927001953,0.5884189009666443
1776176103734,0.5547000169754028,0.0,12791.12109375,101.8671875,0.588535487651825
1776176103753,0.5547000169754028,0.0,12791.544921875,101.88867950439453,0.5886762738227844
1776176103774,0.5547000169754028,0.0,12792.5625,101.90803527832031,0.5889323353767395
1776176103793,0.5547000169754028,0.0,12792.9873046875,101.93055725097656,0.5890743732452393
1776176103813,0.5547000169754028,0.0,12793.4970703125,101.94843292236328,0.5891907811164856
1776176103834,0.5547000169754028,0.0,12793.921875,101.96878814697266,0.5893315076828003
1776176103853,0.5547000169754028,0.0,12794.431640625,101.98902130126953,0.5894483923912048
1776176103873,0.5586000084877014,0.0,12795.3662109375,102.01376342773438,0.5897062420845032
1776176103893,0.5625,0.0,12795.791015625,102.04254913330078,0.5898483395576477
1776176103916,0.5702999830245972,0.0,12796.3017578125,102.08281707763672,0.5899893045425415
1776176103934,0.5741999745368958,0.0,12796.8125,102.1141128540039,0.5901091694831848
1776176103953,0.5780999660491943,0.0,12797.23828125,102.16068267822266,0.5902484655380249
1776176103973,0.5898500084877014,0.0,12798.1748046875,102.21741485595703,0.5905080437660217
1776176103993,0.6015499830245972,0.0,12798.685546875,102.28081512451172,0.5906254053115845
1776176104013,0.6211000084877014,0.0,12799.111328125,102.34992980957031,0.5907676815986633
1776176104033,0.6523500084877014,0.0,12799.623046875,102.41828918457031,0.59088534116745
1776176104053,0.6757999658584595,0.0,12800.0498046875,102.48542022705078,0.5910260081291199
1776176104074,0.7030999660491943,0.0,12801.07421875,102.58406829833984,0.5912867188453674
1776176104093,0.7265499830245972,0.0,12801.501953125,102.69068908691406,0.5914278626441956
1776176104113,0.7422000169754028,0.0,12802.015625,102.77671813964844,0.5915456414222717
1776176104133,0.7617000341415405,0.0,12802.443359375,102.9012451171875,0.5916869640350342
1776176104154,0.7773499488830566,0.0,12802.9580078125,103.03961181640625,0.591805636882782
1776176104173,0.8007999658584595,0.0,12803.90234375,103.16596221923828,0.5920669436454773
1776176104193,0.8163999915122986,0.0,12804.33203125,103.32666778564453,0.5922108888626099
1776176104213,0.84375,0.0,12804.8486328125,103.4805908203125,0.5923545360565186
1776176104234,0.8632999658584595,0.0,12805.3662109375,103.62142944335938,0.5924699306488037
1776176104253,0.8827999830245972,0.0,12805.7978515625,103.80602264404297,0.5926156640052795
1776176104273,0.9179500341415405,0.0,12806.7490234375,103.99745178222656,0.5928791761398315
1776176104293,0.9530999660491943,0.0,12807.2685546875,104.18045806884766,0.5929995179176331
1776176104313,1.0,0.0,12807.7021484375,104.41258239746094,0.5931435227394104
1776176104333,1.0,0.0,12808.2236328125,104.64214324951172,0.5932637453079224
1776176104353,1.0,0.0,12808.6591796875,104.84253692626953,0.5934098362922668
1776176104373,1.0,0.0,12809.619140625,105.06350708007812,0.5936766862869263
1776176104393,1.0,0.0,12810.14453125,105.2858657836914,0.593821108341217
1776176104413,1.0,0.0,12810.6708984375,105.48542785644531,0.5939417481422424
1776176104433,1.0,0.0,12811.1103515625,105.73181915283203,0.5940900444984436
1776176104453,1.0,0.0,12811.638671875,105.9690933227539,0.5942119359970093
1776176104473,1.0,0.0,12812.609375,106.17052459716797,0.5944812893867493
1776176104493,1.0,0.0,12813.0517578125,106.40582275390625,0.5946292877197266
1776176104513,1.0,0.0,12813.5830078125,106.64117431640625,0.5947749018669128
1776176104534,1.0,0.0,12814.1162109375,106.84503173828125,0.5949006080627441
1776176104553,1.0,0.0,12814.560546875,107.08527374267578,0.5950496196746826
1776176104573,1.0,0.0,12815.541015625,107.32096099853516,0.5953231453895569
1776176104593,1.0,0.0,12816.0771484375,107.52977752685547,0.5954447388648987
1776176104613,1.0,0.0,12816.525390625,107.77776336669922,0.5955955386161804
1776176104634,1.0,0.0,12817.0634765625,108.02264404296875,0.5957452654838562
1776176104653,1.0,0.0,12817.6025390625,108.23760223388672,0.5958686470985413
1776176104673,1.0,0.0,12818.59375,108.47916412353516,0.5961463451385498
1776176104693,1.0,0.0,12819.0458984375,108.7139892578125,0.5962954759597778
1776176104713,1.0,0.0,12819.5888671875,108.9288101196289,0.5964224338531494
1776176104733,1.0,0.0,12820.0419921875,109.16614532470703,0.5965742468833923
1776176104753,1.0,0.0,12820.5869140625,109.41656494140625,0.5967011451721191
1776176104773,1.0,0.0,12821.5888671875,109.6324691772461,0.5969812273979187
1776176104793,1.0,0.0,12822.0458984375,109.8777847290039,0.5971317887306213
1776176104813,1.0,0.0,12822.5947265625,110.11920928955078,0.5972855687141418
1776176104835,1.0,0.0,12823.14453125,110.36660766601562,0.5974138975143433
1776176104853,1.0,0.0,12823.603515625,110.57927703857422,0.5975673198699951
1776176104874,1.0,0.0,12824.6162109375,110.82854461669922,0.5978482961654663
1776176104893,1.0,0.0,12825.1708984375,111.04296112060547,0.5979775786399841
1776176104913,1.0,0.0,12825.6337890625,111.28440856933594,0.5981337428092957
1776176104934,1.0,0.0,12826.189453125,111.5357666015625,0.5982643365859985
1776176104954,1.0,0.0,12826.6533203125,111.77174377441406,0.5984180569648743
1776176104975,1.0,0.0,12827.76953125,112.01649475097656,0.5987039804458618
1776176104993,1.0,0.0,12828.236328125,112.24356842041016,0.5988612771034241
1776176105013,1.0,0.0,12828.796875,112.45761108398438,0.5989908576011658
1776176105034,1.0,0.0,12829.2646484375,112.701171875,0.5991494059562683
1776176105053,1.0,0.0,12829.8271484375,112.9512710571289,0.5992796421051025
1776176105073,1.0,0.0,12830.861328125,113.17688751220703,0.5995948314666748
1776176105093,1.0,0.0,12831.3330078125,113.43305969238281,0.5997269749641418
1776176105113,1.0,0.0,12831.8994140625,113.6752700805664,0.599858820438385
1776176105133,1.0,0.0,12832.3720703125,113.8897705078125,0.6000177264213562
1776176105153,1.0,0.0,12832.9404296875,114.13878631591797,0.6001770496368408
1776176105174,1.0,0.0,12833.9853515625,114.38373565673828,0.600470244884491
1776176105193,1.0,0.0,12834.556640625,114.60302734375,0.6006032228469849
1776176105213,1.0,0.0,12835.033203125,114.8780746459961,0.6007631421089172
1776176105235,1.0,0.0,12835.6064453125,115.1426010131836,0.6008970737457275
1776176105253,1.0,0.0,12836.0849609375,115.36267852783203,0.6010584831237793
1776176105273,1.0,0.0,12837.236328125,115.61366271972656,0.6013544201850891
1776176105293,1.0,0.0,12837.7177734375,115.85295867919922,0.6015164256095886
1776176105313,1.0,0.0,12838.2958984375,116.05339050292969,0.601651668548584
1776176105333,1.0,0.0,12838.7783203125,116.31507110595703,0.6018145680427551
1776176105353,1.0,0.0,12839.3583984375,116.57949829101562,0.6019502878189087
1776176105375,1.0,0.0,12840.42578125,116.84095764160156,0.60224848985672
1776176105393,1.0,0.0,12840.912109375,117.06509399414062,0.6024130582809448
1776176105413,1.0,0.0,12841.4970703125,117.31339263916016,0.6025766730308533
1776176105434,1.0,0.0,12842.0830078125,117.52877044677734,0.6027147173881531
1776176105453,1.0,0.0,12842.572265625,117.795654296875,0.6028798222541809
1776176105473,1.0,0.0,12843.650390625,118.0548324584961,0.6031818985939026
1776176105493,1.0,0.0,12844.240234375,118.27317810058594,0.6033200621604919
1776176105514,1.0,0.0,12844.732421875,118.5298843383789,0.6034858226776123
1776176105534,1.0,0.0,12845.32421875,118.77652740478516,0.6036519408226013
1776176105553,1.0,0.0,12845.818359375,118.99066162109375,0.6037911176681519
1776176105573,1.0,0.0,12847.0068359375,119.246826171875,0.6040971279144287
1776176105593,1.0,0.0,12847.5029296875,119.51190948486328,0.6042649149894714
1776176105613,1.0,0.0,12848.099609375,119.72931671142578,0.6044043302536011
1776176105634,1.0,0.0,12848.59765625,119.99230194091797,0.6045722961425781
1776176105653,1.0,0.0,12849.1962890625,120.2654800415039,0.6047133207321167
1776176105673,1.0,0.0,12850.296875,120.49784088134766,0.6050234436988831
1776176105693,1.0,0.0,12850.798828125,120.76245880126953,0.6051916480064392
1776176105713,1.0,0.0,12851.40234375,121.03372192382812,0.6053619980812073
1776176105734,1.0,0.0,12852.0068359375,121.2967529296875,0.6055037379264832
1776176105753,1.0,0.0,12852.51171875,121.52178955078125,0.6056734323501587
1776176105774,1.0,0.0,12853.6240234375,121.79157257080078,0.6059873104095459
1776176105793,1.0,0.0,12854.232421875,122.01823425292969,0.6061287522315979
1776176105813,1.0,0.0,12854.740234375,122.2939224243164,0.6063010096549988
1776176105834,1.0,0.0,12855.3505859375,122.56111145019531,0.606443464756012
1776176105854,1.0,0.0,12855.8603515625,122.78286743164062,0.606616199016571
1776176105874,1.0,0.0,12857.0869140625,123.05699157714844,0.606930673122406
1776176105893,1.0,0.0,12857.599609375,123.34226989746094,0.6071057915687561
1776176105913,1.0,0.0,12858.2158203125,123.5519790649414,0.607279360294342
1776176105935,1.0,0.0,12858.7294921875,123.85108184814453,0.6074241995811462
1776176105953,1.0,0.0,12859.34765625,124.09857940673828,0.6075690984725952
1776176105974,1.0,0.0,12860.4833984375,124.33845520019531,0.6079189777374268
1776176105993,1.0,0.0,12861.1044921875,124.60958099365234,0.6080650687217712
1776176106013,1.0,0.0,12861.623046875,124.89604949951172,0.6082388162612915
1776176106034,1.0,0.0,12862.24609375,125.17082977294922,0.6083871722221375
1776176106053,1.0,0.0,12862.7666015625,125.4020004272461,0.6085611581802368
1776176106075,1.0,0.0,12863.9150390625,125.67459869384766,0.6088876724243164
1776176106093,1.0,0.0,12864.54296875,125.90751647949219,0.6090322136878967
1776176106113,1.0,0.0,12865.0673828125,126.17396545410156,0.6092114448547363
1776176106135,1.0,0.0,12865.697265625,126.45389556884766,0.6093883514404297
1776176106153,1.0,0.0,12866.328125,126.72160339355469,0.6095359921455383
1776176106173,1.0,0.0,12867.4892578125,126.98030853271484,0.6098642945289612
1776176106193,1.0,0.0,12868.017578125,127.24317169189453,0.6100428104400635
1776176106213,1.0,0.0,12868.6533203125,127.47249603271484,0.6101908683776855
1776176106234,1.0,0.0,12869.18359375,127.75263214111328,0.6103723049163818
1776176106253,1.0,0.0,12869.8212890625,128.04446411132812,0.6105219125747681
1776176106273,1.0,0.0,12870.9931640625,128.280517578125,0.6108832955360413
1776176106293,1.0,0.0,12871.6337890625,128.54476928710938,0.6110310554504395
1776176106313,1.0,0.0,12872.1689453125,128.82264709472656,0.6112134456634521
1776176106334,1.0,0.0,12872.8125,129.06153869628906,0.6113641858100891
1776176106353,1.0,0.0,12873.349609375,129.3453369140625,0.6115440130233765
1776176106373,1.0,0.0,12874.5341796875,129.6104736328125,0.6118798851966858
1776176106393,1.0,0.0,12875.181640625,129.83705139160156,0.6120601296424866
1776176106413,1.0,0.0,12875.7216796875,130.1055908203125,0.6122144460678101
1776176106435,1.0,0.0,12876.37109375,130.38198852539062,0.6123974919319153
1776176106453,1.0,0.0,12877.021484375,130.61660766601562,0.6125505566596985
1776176106473,1.0,0.0,12878.2177734375,130.88478088378906,0.612886369228363
1776176106493,1.0,0.0,12878.7626953125,131.15756225585938,0.6130707859992981
1776176106513,1.0,0.0,12879.41796875,131.3888702392578,0.6132235527038574
1776176106534,1.0,0.0,12879.96484375,131.66879272460938,0.6134094595909119
1776176106554,1.0,0.0,12880.6220703125,131.95069885253906,0.613564133644104
1776176106575,1.0,0.0,12881.830078125,132.22781372070312,0.6139329671859741
1776176106593,1.0,0.0,12882.490234375,132.4486083984375,0.6140881180763245
1776176106613,1.0,0.0,12883.0419921875,132.70201110839844,0.6142740845680237
1776176106634,1.0,0.0,12883.7041015625,132.960693359375,0.6144289970397949
1776176106653,1.0,0.0,12884.2568359375,133.19775390625,0.6146163940429688
1776176106673,1.0,0.0,12885.4765625,133.48907470703125,0.614960789680481
1776176106693,1.0,0.0,12886.1435546875,133.7244110107422,0.6151162385940552
1776176106714,1.0,0.0,12886.7001953125,133.9824981689453,0.6153047680854797
1776176106736,1.0,0.0,12887.369140625,134.27349853515625,0.6154912710189819
1776176106753,1.0,0.0,12888.0390625,134.47042846679688,0.6156511306762695
1776176106773,1.0,0.0,12889.271484375,134.76837158203125,0.6159940361976624
1776176106793,1.0,0.0,12889.8330078125,135.02674865722656,0.616184651851654
1776176106813,1.0,0.0,12890.5078125,135.2378387451172,0.6163407564163208
1776176106835,1.0,0.0,12891.0703125,135.52951049804688,0.6165318489074707
1776176106853,1.0,0.0,12891.7470703125,135.76747131347656,0.6166899800300598
1776176106873,1.0,0.0,12892.990234375,136.00596618652344,0.6170386672019958
1776176106893,1.0,0.0,12893.556640625,136.2705535888672,0.6172296404838562
1776176106913,1.0,0.0,12894.2373046875,136.53660583496094,0.61742103099823
1776176106934,1.0,0.0,12894.9189453125,136.761474609375,0.6175805926322937
1776176106953,1.0,0.0,12895.48828125,137.01904296875,0.6177709102630615
1776176106973,1.0,0.0,12896.7431640625,137.28164672851562,0.6181249618530273
1776176106993,1.0,0.0,12897.4296875,137.51815795898438,0.6182856559753418
1776176107013,1.0,0.0,12898.001953125,137.7799072265625,0.6184781789779663
1776176107034,1.0,0.0,12898.6904296875,138.0187530517578,0.6186703443527222
1776176107053,1.0,0.0,12899.3798828125,138.2224884033203,0.6188316345214844
1776176107073,1.0,0.0,12900.646484375,138.5001983642578,0.619188666343689
1776176107093,1.0,0.0,12901.2236328125,138.7823486328125,0.6193830370903015
1776176107113,1.0,0.0,12901.9169921875,138.99752807617188,0.6195449233055115
1776176107133,1.0,0.0,12902.4951171875,139.23741149902344,0.619740903377533
1776176107153,1.0,0.0,12903.1904296875,139.49575805664062,0.6199011206626892
1776176107173,1.0,0.0,12904.4677734375,139.71742248535156,0.6202935576438904
1776176107193,1.0,0.0,12905.166015625,139.96339416503906,0.6204571723937988
1776176107213,1.0,0.0,12905.7490234375,140.22756958007812,0.6206545829772949
1776176107235,1.0,0.0,12906.44921875,140.48489379882812,0.6208180785179138
1776176107253,1.0,0.0,12907.0341796875,140.71498107910156,0.6210145950317383
1776176107273,1.0,0.0,12908.322265625,140.96986389160156,0.6213765144348145
1776176107293,1.0,0.0,12909.0263671875,141.17764282226562,0.6215398907661438
1776176107313,1.0,0.0,12909.6142578125,141.42611694335938,0.621738612651825
1776176107334,1.0,0.0,12910.3203125,141.68212890625,0.6219368577003479
1776176107353,1.0,0.0,12911.0283203125,141.89938354492188,0.6221022605895996
1776176107374,1.0,0.0,12912.3291015625,142.1580047607422,0.6224678158760071
1776176107393,1.0,0.0,12912.9208984375,142.40504455566406,0.6226675510406494
1776176107413,1.0,0.0,12913.6328125,142.61129760742188,0.6228323578834534
1776176107434,1.0,0.0,12914.2265625,142.84890747070312,0.6230319738388062
1776176107453,1.0,0.0,12914.939453125,143.09657287597656,0.623198390007019
1776176107473,1.0,0.0,12916.2490234375,143.3048553466797,0.6236002445220947
1776176107493,1.0,0.0,12916.96484375,143.5578155517578,0.6237677931785583
1776176107513,1.0,0.0,12917.5625,143.80174255371094,0.623969554901123
1776176107534,1.0,0.0,12918.2802734375,144.0431671142578,0.6241374611854553
1776176107553,1.0,0.0,12918.8798828125,144.248046875,0.6243377923965454
1776176107573,1.0,0.0,12920.2001953125,144.49208068847656,0.6247100830078125
1776176107593,1.0,0.0,12920.921875,144.6802978515625,0.624912679195404
1776176107613,1.0,0.0,12921.64453125,144.92787170410156,0.6250820159912109
1776176107634,1.0,0.0,12922.248046875,145.19415283203125,0.625285267829895
1776176107653,1.0,0.0,12922.97265625,145.4037628173828,0.6254545450210571
1776176107673,1.0,0.0,12924.3046875,145.63668823242188,0.6258296370506287
1776176107693,1.0,0.0,12924.9111328125,145.8814697265625,0.6260325908660889
1776176107713,1.0,0.0,12925.6396484375,146.092529296875,0.6262034773826599
1776176107734,1.0,0.0,12926.248046875,146.34320068359375,0.6264097690582275
1776176107753,1.0,0.0,12926.978515625,146.5792694091797,0.6266127228736877
1776176107773,1.0,0.0,12928.3203125,146.78285217285156,0.6269893646240234
1776176107793,1.0,0.0,12929.0537109375,147.01455688476562,0.6271612644195557
1776176107813,1.0,0.0,12929.666015625,147.2364959716797,0.6273658871650696
1776176107834,1.0,0.0,12930.4013671875,147.43655395507812,0.6275392770767212
1776176107853,1.0,0.0,12931.0146484375,147.67755126953125,0.6277456879615784
1776176107874,1.0,0.0,12932.3671875,147.91482543945312,0.6281269788742065
1776176107893,1.0,0.0,12933.1064453125,148.1166229248047,0.6283340454101562
1776176107913,1.0,0.0,12933.8466796875,148.35569763183594,0.6285070776939392
1776176107934,1.0,0.0,12934.46484375,148.59385681152344,0.6287144422531128
1776176107953,1.0,0.0,12935.20703125,148.78526306152344,0.6288877725601196
1776176107973,1.0,0.0,12936.5703125,149.01658630371094,0.6292717456817627
1776176107993,1.0,0.0,12937.19140625,149.2453155517578,0.6294804215431213
1776176108013,1.0,0.0,12937.9375,149.44715881347656,0.6296553015708923
1776176108034,1.0,0.0,12938.5595703125,149.66566467285156,0.6298646330833435
1776176108053,1.0,0.0,12939.3076171875,149.8901824951172,0.6300384402275085
1776176108073,1.0,0.0,12940.6806640625,150.0814208984375,0.6304593682289124
1776176108093,1.0,0.0,12941.4306640625,150.30987548828125,0.6306354999542236
1776176108113,1.0,0.0,12942.056640625,150.5386505126953,0.6308453679084778
1776176108134,1.0,0.0,12942.80859375,150.7311248779297,0.6310213804244995
1776176108153,1.0,0.0,12943.4365234375,150.94476318359375,0.6312330961227417
1776176108173,1.0,0.0,12944.8193359375,151.1586151123047,0.6316204071044922
1776176108193,1.0,0.0,12945.5751953125,151.33758544921875,0.6317963004112244
1776176108213,1.0,0.0,12946.205078125,151.56387329101562,0.6320093274116516
1776176108233,1.0,0.0,12946.9619140625,151.77789306640625,0.632222056388855
1776176108253,1.0,0.0,12947.7197265625,151.96884155273438,0.632399320602417
1776176108273,1.0,0.0,12949.1123046875,152.2128143310547,0.6327905654907227
1776176108294,1.0,0.0,12949.74609375,152.40936279296875,0.633004903793335
1776176108313,1.0,0.0,12950.5078125,152.58694458007812,0.6331826448440552
1776176108333,1.0,0.0,12951.1435546875,152.8055419921875,0.6333968043327332
1776176108353,1.0,0.0,12951.9072265625,153.03175354003906,0.6336107850074768
1776176108373,1.0,0.0,12953.3095703125,153.2113037109375,0.6340028643608093
1776176108393,1.0,0.0,12954.0751953125,153.4210662841797,0.6341826915740967
1776176108413,1.0,0.0,12954.7138671875,153.6314697265625,0.6343969702720642
1776176108434,1.0,0.0,12955.4814453125,153.810791015625,0.6345776915550232
1776176108453,1.0,0.0,12956.1220703125,154.02175903320312,0.6347926259040833
1776176108473,1.0,0.0,12957.533203125,154.2406463623047,0.6351869702339172
1776176108493,1.0,0.0,12958.3037109375,154.42359924316406,0.6354045867919922
1776176108513,1.0,0.0,12959.0751953125,154.64610290527344,0.6355857849121094
1776176108534,1.0,0.0,12959.71875,154.8547821044922,0.6358019709587097
1776176108553,1.0,0.0,12960.4921875,155.02182006835938,0.6359825134277344
1776176108573,1.0,0.0,12961.9130859375,155.23272705078125,0.6363821625709534
1776176108593,1.0,0.0,12962.5595703125,155.4197540283203,0.6365980505943298
1776176108613,1.0,0.0,12963.3359375,155.6332244873047,0.6367810964584351
1776176108634,1.0,0.0,12963.984375,155.8325653076172,0.6369985938072205
1776176108653,1.0,0.0,12964.7626953125,156.0322723388672,0.6372165679931641
1776176108673,1.0,0.0,12966.1923828125,156.2086181640625,0.6376175284385681
1776176108693,1.0,0.0,12966.97265625,156.40487670898438,0.6378010511398315
1776176108713,1.0,0.0,12967.6240234375,156.6003875732422,0.6380206346511841
1776176108735,1.0,0.0,12968.40625,156.82327270507812,0.6382031440734863
1776176108753,1.0,0.0,12969.05859375,157.0096435546875,0.6384217739105225
1776176108773,1.0,0.0,12970.4970703125,157.2101287841797,0.6388263702392578
1776176108793,1.0,0.0,12971.283203125,157.38198852539062,0.6390461921691895
1776176108813,1.0,0.0,12972.0703125,157.5893096923828,0.6392300128936768
1776176108834,1.0,0.0,12972.7265625,157.79696655273438,0.6394534111022949
1776176108853,1.0,0.0,12973.5146484375,157.9637908935547,0.6396358013153076
1776176108873,1.0,0.0,12974.9619140625,158.1696014404297,0.6400415897369385
1776176108893,1.0,0.0,12975.62109375,158.37045288085938,0.6402632594108582
1776176108913,1.0,0.0,12976.4130859375,158.54373168945312,0.6404482126235962
1776176108934,1.0,0.0,12977.0732421875,158.74282836914062,0.6406731605529785
1776176108953,1.0,0.0,12977.8662109375,158.92623901367188,0.640856921672821
1776176108974,1.0,0.0,12979.3212890625,159.1219024658203,0.6413031816482544
1776176108993,1.0,0.0,12980.1162109375,159.3004608154297,0.6414888501167297
1776176109013,1.0,0.0,12980.779296875,159.50473022460938,0.6417117714881897
1776176109034,1.0,0.0,12981.576171875,159.69447326660156,0.6418976783752441
1776176109053,1.0,0.0,12982.2412109375,159.86634826660156,0.6421216726303101
1776176109073,1.0,0.0,12983.7060546875,160.057861328125,0.6425324082374573
1776176109093,1.0,0.0,12984.505859375,160.22398376464844,0.6427576541900635
1776176109113,1.0,0.0,12985.306640625,160.4188232421875,0.6429456472396851
1776176109134,1.0,0.0,12985.974609375,160.6055450439453,0.6431700587272644
1776176109153,1.0,0.0,12986.77734375,160.7813720703125,0.6433563232421875
1776176109173,1.0,0.0,12988.25,160.9937744140625,0.6437696218490601
1776176109193,1.0,0.0,12988.9208984375,161.19039916992188,0.6439963579177856
1776176109213,1.0,0.0,12989.7265625,161.3506317138672,0.644184410572052
1776176109234,1.0,0.0,12990.3984375,161.5395050048828,0.6444123387336731
1776176109253,1.0,0.0,12991.205078125,161.7369842529297,0.6446385383605957
1776176109273,1.0,0.0,12992.6865234375,161.89862060546875,0.6450527906417847
1776176109293,1.0,0.0,12993.49609375,162.09642028808594,0.6452432870864868
1776176109313,1.0,0.0,12994.1708984375,162.29283142089844,0.6454687714576721
1776176109334,1.0,0.0,12994.9814453125,162.44564819335938,0.645658552646637
1776176109353,1.0,0.0,12995.658203125,162.62869262695312,0.6458869576454163
1776176109373,1.0,0.0,12997.1484375,162.81092834472656,0.6463050246238708
1776176109393,1.0,0.0,12997.9619140625,162.9801483154297,0.6465336680412292
1776176109413,1.0,0.0,12998.7763671875,163.17767333984375,0.6467245817184448
1776176109435,1.0,0.0,12999.4560546875,163.37222290039062,0.6469538807868958
1776176109453,1.0,0.0,13000.2724609375,163.53729248046875,0.6471449732780457
1776176109473,1.0,0.0,13001.7705078125,163.7388458251953,0.6475653052330017
1776176109493,1.0,0.0,13002.4521484375,163.9267578125,0.6477957367897034
1776176109513,1.0,0.0,13003.271484375,164.07363891601562,0.6479861736297607
1776176109534,1.0,0.0,13003.955078125,164.24388122558594,0.6482172012329102
1776176109553,1.0,0.0,13004.775390625,164.40931701660156,0.6484475135803223
1776176109573,1.0,0.0,13006.28125,164.57171630859375,0.6488697528839111
1776176109593,1.0,0.0,13007.1044921875,164.7841033935547,0.6490620374679565
1776176109613,1.0,0.0,13007.791015625,164.9990997314453,0.6492940783500671
1776176109635,1.0,0.0,13008.615234375,165.18247985839844,0.6494866609573364
1776176109653,1.0,0.0,13009.302734375,165.3312530517578,0.6497172713279724
1776176109673,1.0,0.0,13010.8173828125,165.4958038330078,0.650142252445221
1776176109693,1.0,0.0,13011.64453125,165.66622924804688,0.6503751277923584
1776176109713,1.0,0.0,13012.47265625,165.85440063476562,0.6505690217018127
1776176109734,1.0,0.0,13013.1630859375,166.04539489746094,0.6508013010025024
1776176109753,1.0,0.0,13013.9931640625,166.21405029296875,0.6509960293769836
1776176109773,1.0,0.0,13015.5166015625,166.39527893066406,0.6514232158660889
1776176109793,1.0,0.0,13016.2099609375,166.5655975341797,0.6516562700271606
1776176109813,1.0,0.0,13017.0419921875,166.7162628173828,0.6518504619598389
1776176109833,1.0,0.0,13017.736328125,166.88613891601562,0.6520848870277405
1776176109853,1.0,0.0,13018.5703125,167.06393432617188,0.65231853723526
1776176109873,1.0,0.0,13020.1015625,167.22879028320312,0.6527479290962219
1776176109893,1.0,0.0,13020.9375,167.41981506347656,0.6529433727264404
1776176109913,1.0,0.0,13021.634765625,167.584228515625,0.6531785726547241
1776176109933,1.0,0.0,13022.4716796875,167.73727416992188,0.6533744931221008
1776176109953,1.0,0.0,13023.169921875,167.88656616210938,0.6536089777946472
1776176109973,1.0,0.0,13024.7080078125,168.0890350341797,0.6540412902832031
1776176109993,1.0,0.0,13025.5478515625,168.2460479736328,0.6542763710021973
1776176110013,1.0,0.0,13026.388671875,168.40277099609375,0.6544729471206665
1776176110034,1.0,0.0,13027.08984375,168.57081604003906,0.6547091007232666
1776176110053,1.0,0.0,13027.931640625,168.74208068847656,0.6549058556556702
1776176110073,1.0,0.0,13029.4775390625,168.94122314453125,0.6553394198417664
1776176110093,1.0,0.0,13030.181640625,169.1091766357422,0.6555762887001038
1776176110113,1.0,0.0,13031.0263671875,169.25506591796875,0.6557745337486267
1776176110134,1.0,0.0,13031.7314453125,169.4405975341797,0.656011700630188
1776176110153,1.0,0.0,13032.578125,169.6199493408203,0.6562098860740662
1776176110173,1.0,0.0,13034.1328125,169.7681884765625,0.6566855907440186
1776176110193,1.0,0.0,13034.9814453125,169.94894409179688,0.6568835973739624
1776176110213,1.0,0.0,13035.689453125,170.1162567138672,0.6571223735809326
1776176110233,1.0,0.0,13036.5400390625,170.2685089111328,0.6573212742805481
1776176110253,1.0,0.0,13037.2490234375,170.444580078125,0.6575602293014526
1776176110273,1.0,0.0,13038.810546875,170.61256408691406,0.6579982042312622
1776176110293,1.0,0.0,13039.6630859375,170.74749755859375,0.6582369804382324
1776176110313,1.0,0.0,13040.5166015625,170.91200256347656,0.6584365367889404
1776176110334,1.0,0.0,13041.228515625,171.0885009765625,0.6586766242980957
1776176110353,1.0,0.0,13042.0830078125,171.2357635498047,0.6588758230209351
1776176110373,1.0,0.0,13043.65234375,171.39756774902344,0.659316897392273
1776176110393,1.0,0.0,13044.3662109375,171.55331420898438,0.6595571637153625
1776176110413,1.0,0.0,13045.2236328125,171.6925506591797,0.6597574353218079
1776176110433,1.0,0.0,13045.9384765625,171.8599090576172,0.6599981784820557
1776176110453,1.0,0.0,13046.7978515625,172.02752685546875,0.6602389812469482
1776176110473,1.0,0.0,13048.3740234375,172.17213439941406,0.6606811285018921
1776176110493,1.0,0.0,13049.2353515625,172.33013916015625,0.660883367061615
1776176110513,1.0,0.0,13049.953125,172.47991943359375,0.661124050617218
1776176110534,1.0,0.0,13050.8154296875,172.61209106445312,0.6613267660140991
1776176110553,1.0,0.0,13051.5341796875,172.77383422851562,0.6615689396858215
1776176110573,1.0,0.0,13053.1171875,172.93392944335938,0.6620134711265564
1776176110593,1.0,0.0,13053.9814453125,173.04774475097656,0.6622142195701599
1776176110613,1.0,0.0,13054.7021484375,173.187255859375,0.662457287311554
1776176110634,1.0,0.0,13055.5673828125,173.35342407226562,0.6627012491226196
1776176110653,1.0,0.0,13056.43359375,173.5089569091797,0.6629037857055664
1776176110673,1.0,0.0,13058.0244140625,173.6920166015625,0.6633495092391968
1776176110693,1.0,0.0,13058.748046875,173.8500213623047,0.6635931730270386
1776176110713,1.0,0.0,13059.6171875,173.97999572753906,0.6637964248657227
1776176110734,1.0,0.0,13060.341796875,174.12501525878906,0.6640399098396301
1776176110753,1.0,0.0,13061.2119140625,174.2738037109375,0.6642439961433411
1776176110774,1.0,0.0,13062.80859375,174.40879821777344,0.6647337079048157
1776176110793,1.0,0.0,13063.6806640625,174.57565307617188,0.6649358868598938
1776176110813,1.0,0.0,13064.408203125,174.72845458984375,0.6651808023452759
1776176110834,1.0,0.0,13065.28125,174.86184692382812,0.665385901927948
1776176110853,1.0,0.0,13066.009765625,175.0301513671875,0.665630042552948
1776176110873,1.0,0.0,13067.61328125,175.1945343017578,0.6660805344581604
1776176110893,1.0,0.0,13068.4892578125,175.3370361328125,0.6662871241569519
1776176110913,1.0,0.0,13069.2197265625,175.49261474609375,0.6665310263633728
1776176110934,1.0,0.0,13070.0966796875,175.63699340820312,0.6667773127555847
1776176110953,1.0,0.0,13070.974609375,175.76722717285156,0.6669832468032837
1776176110973,1.0,0.0,13072.5849609375,175.92605590820312,0.6674343943595886
1776176110994,1.0,0.0,13073.318359375,176.08602905273438,0.6676811575889587
1776176111013,1.0,0.0,13074.1982421875,176.2211456298828,0.6678884029388428
1776176111034,1.0,0.0,13074.9326171875,176.36997985839844,0.6681339144706726
1776176111053,1.0,0.0,13075.814453125,176.5154266357422,0.668382465839386
1776176111074,1.0,0.0,13077.431640625,176.6425323486328,0.6688356399536133
1776176111093,1.0,0.0,13078.314453125,176.7915496826172,0.6690422892570496
1776176111113,1.0,0.0,13079.05078125,176.93504333496094,0.6692906618118286
1776176111134,1.0,0.0,13079.9345703125,177.0677947998047,0.6694973111152649
1776176111153,1.0,0.0,13080.671875,177.19607543945312,0.6697448492050171
1776176111173,1.0,0.0,13082.2958984375,177.37374877929688,0.670201301574707
1776176111193,1.0,0.0,13083.1826171875,177.50106811523438,0.6704506278038025
1776176111213,1.0,0.0,13084.0703125,177.634521484375,0.6706570386886597
1776176111234,1.0,0.0,13084.810546875,177.7898406982422,0.6709069609642029
1776176111253,1.0,0.0,13085.69921875,177.9134063720703,0.6711150407791138
1776176111273,1.0,0.0,13087.330078125,178.0594024658203,0.6715720891952515
1776176111293,1.0,0.0,13088.072265625,178.207763671875,0.6718218922615051
1776176111313,1.0,0.0,13088.962890625,178.33920288085938,0.6720301508903503
1776176111335,1.0,0.0,13089.7060546875,178.51512145996094,0.6722797155380249
1776176111353,1.0,0.0,13090.5986328125,178.6289520263672,0.6725305318832397
1776176111373,1.0,0.0,13092.2353515625,178.73605346679688,0.6729892492294312
1776176111393,1.0,0.0,13093.12890625,178.8748779296875,0.6731979846954346
1776176111413,1.0,0.0,13093.8740234375,179.0227813720703,0.6734498143196106
1776176111434,1.0,0.0,13094.7685546875,179.1760711669922,0.6736584901809692
1776176111453,1.0,0.0,13095.5146484375,179.2985076904297,0.6739093065261841
1776176111474,1.0,0.0,13097.158203125,179.4390106201172,0.6743702292442322
1776176111493,1.0,0.0,13098.0546875,179.5391387939453,0.6746213436126709
1776176111513,1.0,0.0,13098.9521484375,179.65147399902344,0.6748315095901489
1776176111534,1.0,0.0,13099.7001953125,179.78138732910156,0.6750826835632324
1776176111553,1.0,0.0,13100.5986328125,179.91885375976562,0.6752928495407104
1776176111574,1.0,0.0,13102.2470703125,180.07476806640625,0.6757553219795227
1776176111593,1.0,0.0,13102.9970703125,180.21434020996094,0.6760083436965942
1776176111614,1.0,0.0,13103.8984375,180.3441619873047,0.6762187480926514
1776176111634,1.0,0.0,13104.6494140625,180.46775817871094,0.6764718294143677
1776176111653,1.0,0.0,13105.5517578125,180.57212829589844,0.6767246723175049
1776176111674,1.0,0.0,13107.2060546875,180.66978454589844,0.6771888136863708
1776176111695,1.0,0.0,13108.109375,180.7995147705078,0.6773999929428101
1776176111716,1.0,0.0,13108.8623046875,180.97161865234375,0.6776531934738159
1776176111734,1.0,0.0,13109.7666015625,181.1075439453125,0.6778649687767029
1776176111754,1.0,0.0,13110.5205078125,181.21998596191406,0.6781185865402222
1776176111776,1.0,0.0,13112.181640625,181.36538696289062,0.6785838603973389
1776176111794,1.0,0.0,13113.087890625,181.47158813476562,0.6787954568862915
1776176111813,1.0,0.0,13113.84375,181.5105743408203,0.6790505647659302
1776176111834,1.0,0.0,13114.7509765625,181.4452667236328,0.6793047785758972
1776176111853,1.0,0.0,13115.658203125,181.38204956054688,0.6795170903205872
1776176111873,1.0,0.0,13117.3212890625,181.3065948486328,0.6799830198287964
1776176111893,1.0,0.0,13118.0771484375,181.236572265625,0.6802375912666321
1776176111913,1.0,0.0,13118.9833984375,181.1823272705078,0.6804490685462952
1776176111934,1.0,0.0,13119.73828125,181.1118927001953,0.6807024478912354
1776176111954,1.0,0.0,13120.6435546875,181.04135131835938,0.6809567213058472
1776176111973,1.0,0.0,13122.302734375,180.9793243408203,0.6813796162605286
1776176111993,1.0,0.0,13123.056640625,180.90122985839844,0.6816339492797852
1776176112013,1.0,0.0,13123.9609375,180.82473754882812,0.6818861365318298
1776176112035,1.0,0.0,13124.865234375,180.74676513671875,0.6820983290672302
1776176112053,1.0,0.0,13125.6181640625,180.67494201660156,0.6823505759239197
1776176112073,1.0,0.0,13127.2744140625,181.01683044433594,0.6828154921531677
1776176112094,1.0,0.0,13128.1787109375,181.279296875,0.6830697059631348
1776176112114,1.0,0.0,13129.0849609375,181.4255828857422,0.6832816004753113
1776176112134,1.0,0.0,13129.8408203125,181.5568389892578,0.6835359930992126
1776176112153,1.0,0.0,13130.7490234375,181.6555633544922,0.6837465763092041
1776176112174,1.0,0.0,13132.4150390625,181.75424194335938,0.684214174747467
1776176112193,1.0,0.0,13133.1728515625,181.8534393310547,0.684468150138855
1776176112214,1.0,0.0,13134.08203125,181.95005798339844,0.6846819519996643
1776176112236,1.0,0.0,13134.83984375,182.0624237060547,0.6849362850189209
1776176112253,1.0,0.0,13135.75,182.15940856933594,0.6851495504379272
1776176112273,1.0,0.0,13137.419921875,182.24928283691406,0.6856600046157837
1776176112293,1.0,0.0,13138.3310546875,182.35208129882812,0.6858716011047363
1776176112313,1.0,0.0,13139.0908203125,182.45494079589844,0.6861274242401123
1776176112335,1.0,0.0,13140.0029296875,182.55438232421875,0.6863410472869873
1776176112354,1.0,0.0,13140.763671875,182.63624572753906,0.6865959167480469
1776176112373,1.0,0.0,13142.4375,182.7401580810547,0.6870651245117188
1776176112393,1.0,0.0,13143.3505859375,182.8538818359375,0.6873210668563843
1776176112413,1.0,0.0,13144.2646484375,182.94801330566406,0.687534511089325
1776176112434,1.0,0.0,13145.0263671875,183.04075622558594,0.6877912878990173
1776176112453,1.0,0.0,13145.9404296875,183.13449096679688,0.6880046129226685
1776176112473,1.0,0.0,13147.6181640625,183.24923706054688,0.688474178314209
1776176112493,1.0,0.0,13148.380859375,183.3383331298828,0.6887308359146118
1776176112513,1.0,0.0,13149.296875,183.41690063476562,0.6889461874961853
1776176112534,1.0,0.0,13150.060546875,183.50831604003906,0.6892023086547852
1776176112553,1.0,0.0,13150.9775390625,183.6080780029297,0.6894587874412537
1776176112573,1.0,0.0,13152.6591796875,183.6920623779297,0.6899309158325195
1776176112593,1.0,0.0,13153.5771484375,183.77236938476562,0.6901465654373169
1776176112613,1.0,0.0,13154.3427734375,183.87445068359375,0.6904025077819824
1776176112636,1.0,0.0,13155.26171875,183.97865295410156,0.6906176805496216
1776176112653,1.0,0.0,13156.0283203125,184.0450439453125,0.6908756494522095
1776176112673,1.0,0.0,13157.71484375,184.12228393554688,0.6913474202156067
1776176112693,1.0,0.0,13158.6357421875,184.19276428222656,0.6916061043739319
1776176112713,1.0,0.0,13159.556640625,184.2869110107422,0.6918202042579651
1776176112735,1.0,0.0,13160.32421875,184.3751678466797,0.6920788884162903
1776176112753,1.0,0.0,13161.24609375,184.4400177001953,0.6922934651374817
1776176112773,1.0,0.0,13162.9365234375,184.49192810058594,0.6927690505981445
1776176112793,1.0,0.0,13163.705078125,184.572998046875,0.693026602268219
1776176112813,1.0,0.0,13164.6279296875,184.6548614501953,0.6932421922683716
1776176112834,1.0,0.0,13165.3974609375,184.71420288085938,0.6935010552406311
1776176112853,1.0,0.0,13166.3212890625,184.78097534179688,0.6937606334686279
1776176112873,1.0,0.0,13168.0146484375,184.83787536621094,0.6942335963249207
1776176112893,1.0,0.0,13168.939453125,184.9136505126953,0.6944495439529419
1776176112913,1.0,0.0,13169.7099609375,184.9882049560547,0.694709300994873
1776176112934,1.0,0.0,13170.634765625,185.03419494628906,0.6949251294136047
1776176112953,1.0,0.0,13171.4052734375,185.09445190429688,0.6951836943626404
1776176112973,1.0,0.0,13173.1025390625,185.16485595703125,0.6956601142883301
1776176112993,1.0,0.0,13174.0283203125,185.22877502441406,0.6959198713302612
1776176113013,1.0,0.0,13174.9541015625,185.2891082763672,0.6961343884468079
1776176113034,1.0,0.0,13175.7255859375,185.35391235351562,0.6963953971862793
1776176113053,1.0,0.0,13176.65234375,185.41282653808594,0.6966127753257751
1776176113074,1.0,0.0,13178.3515625,185.48452758789062,0.6970880627632141
1776176113093,1.0,0.0,13179.1240234375,185.54896545410156,0.6973486542701721
1776176113113,1.0,0.0,13180.0517578125,185.6057891845703,0.6975648403167725
1776176113135,1.0,0.0,13180.8251953125,185.67495727539062,0.6978246569633484
1776176113153,1.0,0.0,13181.7529296875,185.73114013671875,0.6980848908424377
1776176113174,1.0,0.0,13183.455078125,185.78407287597656,0.6985626816749573
1776176113193,1.0,0.0,13184.3837890625,185.8348846435547,0.6987796425819397
1776176113213,1.0,0.0,13185.158203125,185.8952178955078,0.6990402936935425
1776176113234,1.0,0.0,13186.087890625,185.9476776123047,0.6992573738098145
1776176113253,1.0,0.0,13186.8623046875,186.02491760253906,0.6995179653167725
1776176113273,1.0,0.0,13188.5673828125,186.08746337890625,0.699996292591095
1776176113293,1.0,0.0,13189.498046875,186.12957763671875,0.7002571225166321
1776176113313,1.0,0.0,13190.4287109375,186.1846923828125,0.7004743814468384
1776176113335,1.0,0.0,13191.2041015625,186.24066162109375,0.7007352709770203
1776176113353,1.0,0.0,13192.134765625,186.28746032714844,0.7009541988372803
1776176113373,1.0,0.0,13193.8427734375,186.32237243652344,0.7014327049255371
1776176113393,1.0,0.0,13194.619140625,186.40501403808594,0.701694130897522
1776176113413,1.0,0.0,13195.5517578125,186.4698486328125,0.7019123435020447
1776176113434,1.0,0.0,13196.3291015625,186.52549743652344,0.702174186706543
1776176113453,1.0,0.0,13197.26171875,186.57286071777344,0.7024348378181458
1776176113474,1.0,0.0,13198.9716796875,186.61549377441406,0.7029153108596802
1776176113493,1.0,0.0,13199.9052734375,186.68096923828125,0.7031325101852417
1776176113513,1.0,0.0,13200.68359375,186.7447967529297,0.703395426273346
1776176113534,1.0,0.0,13201.6171875,186.79446411132812,0.7036142945289612
1776176113556,1.0,0.0,13203.3291015625,186.86239624023438,0.7040953040122986
1776176113573,1.0,0.0,13204.107421875,186.89918518066406,0.7043574452400208
1776176113593,1.0,0.0,13205.0419921875,186.972900390625,0.7046204805374146
1776176113613,1.0,0.0,13205.9765625,187.0296173095703,0.7048398852348328
1776176113633,1.0,0.0,13206.755859375,187.07830810546875,0.7051008343696594
1776176113653,1.0,0.0,13207.69140625,187.13946533203125,0.7053194046020508
1776176113673,1.0,0.0,13209.40625,187.21231079101562,0.7058026790618896
1776176113693,1.0,0.0,13210.1865234375,187.27142333984375,0.7060651779174805
1776176113713,1.0,0.0,13211.123046875,187.3184051513672,0.7062841057777405
1776176113734,1.0,0.0,13211.9033203125,187.39447021484375,0.7065476775169373
1776176113753,1.0,0.0,13212.83984375,187.45823669433594,0.706810712814331
1776176113773,1.0,0.0,13214.55859375,187.49801635742188,0.7072925567626953
1776176113793,1.0,0.0,13215.49609375,187.55177307128906,0.707511842250824
1776176113814,1.0,0.0,13216.27734375,187.6238250732422,0.7077752947807312
1776176113835,1.0,0.0,13217.2158203125,187.6975860595703,0.7079958915710449
1776176113853,1.0,0.0,13217.998046875,187.7457733154297,0.708258867263794
1776176113873,1.0,0.0,13219.71875,187.80503845214844,0.7087411880493164
1776176113893,1.0,0.0,13220.658203125,187.8561248779297,0.7090054750442505
1776176113913,1.0,0.0,13221.59765625,187.90719604492188,0.7092257142066956
1776176113934,1.0,0.0,13222.380859375,187.96763610839844,0.7094895839691162
1776176113955,1.0,0.0,13224.103515625,188.03634643554688,0.7099737524986267
1776176113974,1.0,0.0,13225.0439453125,188.08692932128906,0.7101944088935852
1776176113993,1.0,0.0,13225.828125,188.13064575195312,0.7104559540748596
1776176114013,1.0,0.0,13226.7685546875,188.18502807617188,0.7106783986091614
1776176114033,1.0,0.0,13227.552734375,188.2311553955078,0.710942804813385
1776176114054,1.0,0.0,13228.494140625,188.29141235351562,0.7112060189247131
1776176114073,1.0,0.0,13230.2197265625,188.344970703125,0.7116920948028564
1776176114093,1.0,0.0,13231.1611328125,188.39732360839844,0.7119107246398926
1776176114113,1.0,0.0,13231.9462890625,188.4638214111328,0.7121752500534058
1776176114134,1.0,0.0,13232.888671875,188.52777099609375,0.7123968601226807
1776176114153,1.0,0.0,13233.673828125,188.56646728515625,0.7126609683036804
1776176114173,1.0,0.0,13235.40234375,188.6179962158203,0.7131471037864685
1776176114193,1.0,0.0,13236.345703125,188.6734161376953,0.7134108543395996
1776176114214,1.0,0.0,13237.2890625,188.7279052734375,0.7136325240135193
1776176114234,1.0,0.0,13238.0751953125,188.7806396484375,0.7138962149620056
1776176114253,1.0,0.0,13239.01953125,188.82945251464844,0.7141187191009521
1776176114273,1.0,0.0,13240.7509765625,188.8795166015625,0.7146037220954895
1776176114293,1.0,0.0,13241.5380859375,188.92723083496094,0.7148674726486206
1776176114313,1.0,0.0,13242.482421875,188.96995544433594,0.715090811252594
1776176114334,1.0,0.0,13243.26953125,189.0156707763672,0.7153558135032654
1776176114353,1.0,0.0,13244.21484375,189.05690002441406,0.7156195640563965
1776176114373,1.0,0.0,13245.9482421875,189.103515625,0.7161082029342651
1776176114393,1.0,0.0,13246.8935546875,189.1617889404297,0.7163294553756714
1776176114413,1.0,0.0,13247.681640625,189.20697021484375,0.7165948748588562
1776176114434,1.0,0.0,13248.6279296875,189.24102783203125,0.7168160676956177
1776176114453,1.0,0.0,13249.416015625,189.29478454589844,0.7170814275741577
1776176114473,1.0,0.0,13251.1513671875,189.3387451171875,0.7175693511962891
1776176114493,1.0,0.0,13252.09765625,189.387939453125,0.7178358435630798
1776176114513,1.0,0.0,13253.044921875,189.4507293701172,0.718058168888092
1776176114534,1.0,0.0,13253.833984375,189.51168823242188,0.7183224558830261
1776176114553,1.0,0.0,13254.78125,189.56716918945312,0.7185447216033936
1776176114574,1.0,0.0,13256.51953125,189.62452697753906,0.719034731388092
1776176114593,1.0,0.0,13257.3095703125,189.68130493164062,0.7193007469177246
1776176114614,1.0,0.0,13258.2578125,189.72964477539062,0.7195242643356323
1776176114634,1.0,0.0,13259.0478515625,189.77684020996094,0.7197876572608948
1776176114653,1.0,0.0,13259.99609375,189.8472137451172,0.72005695104599
1776176114673,1.0,0.0,13261.736328125,189.92376708984375,0.7205458879470825
1776176114693,1.0,0.0,13262.685546875,189.99588012695312,0.7207689881324768
1776176114713,1.0,0.0,13263.4765625,190.0497589111328,0.7210336327552795
1776176114735,1.0,0.0,13264.4267578125,190.08375549316406,0.721258282661438
1776176114753,1.0,0.0,13265.21875,190.16580200195312,0.7215245366096497
1776176114774,1.0,0.0,13266.9609375,190.23048400878906,0.7220162153244019
1776176114793,1.0,0.0,13267.912109375,190.28555297851562,0.7222840189933777
1776176114813,1.0,0.0,13268.86328125,190.3437957763672,0.7225065231323242
1776176114834,1.0,0.0,13269.65625,190.41065979003906,0.7227718234062195
1776176114853,1.0,0.0,13270.6083984375,190.47377014160156,0.7229996919631958
1776176114878,1.0,0.0,13272.353515625,190.53192138671875,0.7234890460968018
1776176114893,1.0,0.0,13273.1474609375,190.60906982421875,0.7237572073936462
1776176114913,1.0,0.0,13274.1005859375,190.6856231689453,0.7239812016487122
1776176114934,1.0,0.0,13274.89453125,190.75953674316406,0.7242467403411865
1776176114953,1.0,0.0,13275.84765625,190.82708740234375,0.7245156764984131
1776176114974,1.0,0.0,13277.5966796875,190.89573669433594,0.725008487701416
1776176114993,1.0,0.0,13278.55078125,190.9810791015625,0.7252328991889954
1776176115014,1.0,0.0,13279.3466796875,191.05966186523438,0.7254983186721802
1776176115035,1.0,0.0,13280.3017578125,191.13575744628906,0.7257227301597595
1776176115053,1.0,0.0,13281.09765625,191.205078125,0.7259914875030518
1776176115073,1.0,0.0,13282.8505859375,191.27975463867188,0.7264878153800964
1776176115093,1.0,0.0,13283.806640625,191.35667419433594,0.7267538905143738
1776176115113,1.0,0.0,13284.763671875,191.45083618164062,0.7269784808158875
1776176115134,1.0,0.0,13285.5615234375,191.53480529785156,0.727246105670929
1776176115153,1.0,0.0,13286.5185546875,191.6018524169922,0.7274722456932068
1776176115173,1.0,0.0,13288.2744140625,191.69688415527344,0.7279655933380127
1776176115193,1.0,0.0,13289.0732421875,191.7885284423828,0.7282356023788452
1776176115213,1.0,0.0,13290.0322265625,191.86056518554688,0.7285061478614807
1776176115235,1.0,0.0,13290.8310546875,191.9573974609375,0.7287272214889526
1776176115253,1.0,0.0,13291.7900390625,192.03492736816406,0.7289541363716125
1776176115273,1.0,0.0,13293.5498046875,192.1107940673828,0.7294936180114746
1776176115293,1.0,0.0,13294.5107421875,192.20477294921875,0.7297192215919495
1776176115313,1.0,0.0,13295.3115234375,192.29751586914062,0.7299890518188477
1776176115334,1.0,0.0,13296.2724609375,192.3814239501953,0.7302128672599792
1776176115353,1.0,0.0,13297.07421875,192.47567749023438,0.7304848432540894
1776176115373,1.0,0.0,13298.837890625,192.56210327148438,0.7309820652008057
1776176115393,1.0,0.0,13299.80078125,192.65408325195312,0.7312508225440979
1776176115413,1.0,0.0,13300.763671875,192.76123046875,0.7314785718917847
1776176115434,1.0,0.0,13301.56640625,192.85507202148438,0.7317472696304321
1776176115453,1.0,0.0,13302.5302734375,192.92953491210938,0.7319750785827637
1776176115474,1.0,0.0,13304.298828125,193.01846313476562,0.7324751615524292
1776176115493,1.0,0.0,13305.103515625,193.13302612304688,0.7327427268028259
1776176115513,1.0,0.0,13306.0693359375,193.2234344482422,0.7329707145690918
1776176115535,1.0,0.0,13306.8740234375,193.314208984375,0.7332445979118347
1776176115553,1.0,0.0,13307.8408203125,193.41635131835938,0.7335129380226135
1776176115574,1.0,0.0,13309.61328125,193.50283813476562,0.7340120077133179
1776176115593,1.0,0.0,13310.5810546875,193.60211181640625,0.7342398166656494
1776176115613,1.0,0.0,13311.3876953125,193.68907165527344,0.7345104813575745
1776176115634,1.0,0.0,13312.35546875,193.7949981689453,0.734740674495697
1776176115653,1.0,0.0,13313.162109375,193.88192749023438,0.735011637210846
1776176115675,1.0,0.0,13314.9384765625,193.98741149902344,0.7355133891105652
1776176115693,1.0,0.0,13315.908203125,194.07130432128906,0.7357845902442932
1776176115713,1.0,0.0,13316.87890625,194.16998291015625,0.7360115647315979
1776176115735,1.0,0.0,13317.6875,194.27069091796875,0.7362880706787109
1776176115753,1.0,0.0,13318.658203125,194.358154296875,0.7365124225616455
1776176115773,1.0,0.0,13320.439453125,194.45558166503906,0.7370185852050781
1776176115793,1.0,0.0,13321.25,194.55636596679688,0.7372851967811584
1776176115813,1.0,0.0,13322.22265625,194.64129638671875,0.7375161051750183
1776176115834,1.0,0.0,13323.033203125,194.73623657226562,0.737794041633606
1776176115853,1.0,0.0,13324.0068359375,194.8358154296875,0.7380671501159668
1776176115873,1.0,0.0,13325.7919921875,194.91087341308594,0.7385683059692383
1776176115893,1.0,0.0,13326.7666015625,195.00643920898438,0.7387997508049011
1776176115913,1.0,0.0,13327.5791015625,195.1162109375,0.7390756011009216
1776176115934,1.0,0.0,13328.5546875,195.20213317871094,0.7393026947975159
1776176115954,1.0,0.0,13329.3681640625,195.28817749023438,0.7395771741867065
1776176115973,1.0,0.0,13331.158203125,195.38656616210938,0.7400798201560974
1776176115993,1.0,0.0,13332.134765625,195.46287536621094,0.7403570413589478
1776176116013,1.0,0.0,13333.1123046875,195.54222106933594,0.7405871748924255
1776176116034,1.0,0.0,13333.9267578125,195.63955688476562,0.7408602833747864
1776176116053,1.0,0.0,13334.904296875,195.7326202392578,0.7410919666290283
1776176116073,1.0,0.0,13336.6982421875,195.84487915039062,0.7415966987609863
1776176116093,1.0,0.0,13337.5146484375,195.9340057373047,0.7418729662895203
1776176116113,1.0,0.0,13338.494140625,195.99655151367188,0.7420994639396667
1776176116134,1.0,0.0,13339.310546875,196.09825134277344,0.7423781156539917
1776176116153,1.0,0.0,13340.291015625,196.1977081298828,0.7426520586013794
1776176116173,1.0,0.0,13342.0888671875,196.2781524658203,0.7431604862213135
1776176116193,1.0,0.0,13343.0703125,196.36997985839844,0.7433875799179077
1776176116213,1.0,0.0,13343.888671875,196.45608520507812,0.7436659336090088
1776176116234,1.0,0.0,13344.87109375,196.55429077148438,0.7438970804214478
1776176116253,1.0,0.0,13345.689453125,196.62464904785156,0.7441752552986145
1776176116273,1.0,0.0,13347.6552734375,196.70985412597656,0.7446838617324829
1776176116293,1.0,0.0,13348.474609375,196.78759765625,0.744959831237793
1776176116313,1.0,0.0,13349.458984375,196.88414001464844,0.7451873421669006
1776176116334,1.0,0.0,13350.279296875,196.96826171875,0.7454648613929749
1776176116353,1.0,0.0,13351.263671875,197.04832458496094,0.7456969618797302
1776176116373,1.0,0.0,13353.0693359375,197.1345977783203,0.7462031841278076
1776176116393,1.0,0.0,13353.890625,197.21371459960938,0.7464780211448669
1776176116413,1.0,0.0,13354.876953125,197.2937469482422,0.746756911277771
1776176116434,1.0,0.0,13355.86328125,197.3719024658203,0.746990442276001
1776176116453,1.0,0.0,13356.685546875,197.46429443359375,0.7472651600837708
1776176116474,1.0,0.0,13358.4951171875,197.53695678710938,0.7477748990058899
1776176116493,1.0,0.0,13359.482421875,197.6315460205078,0.7480020523071289
1776176116513,1.0,0.0,13360.3056640625,197.7238006591797,0.7482814788818359
1776176116534,1.0,0.0,13361.2939453125,197.80288696289062,0.7485147714614868
1776176116553,1.0,0.0,13362.1181640625,197.88153076171875,0.7487887740135193
1776176116573,1.0,0.0,13363.931640625,197.97091674804688,0.7492984533309937
1776176116593,1.0,0.0,13364.921875,198.04478454589844,0.7495760917663574
1776176116613,1.0,0.0,13365.912109375,198.1231231689453,0.7498071789741516
1776176116634,1.0,0.0,13366.7373046875,198.1932830810547,0.7500855326652527
1776176116653,1.0,0.0,13367.7275390625,198.27188110351562,0.7503164410591125
1776176116673,1.0,0.0,13369.544921875,198.36192321777344,0.7508256435394287
1776176116693,1.0,0.0,13370.37109375,198.45497131347656,0.7511038184165955
1776176116713,1.0,0.0,13371.36328125,198.5283966064453,0.7513334155082703
1776176116735,1.0,0.0,13372.1904296875,198.6106414794922,0.751612663269043
1776176116753,1.0,0.0,13373.18359375,198.66622924804688,0.7518910765647888
1776176116773,1.0,0.0,13375.0048828125,198.7331085205078,0.7524018883705139
1776176116793,1.0,0.0,13375.9990234375,198.82875061035156,0.7526342868804932
1776176116813,1.0,0.0,13376.8271484375,198.92369079589844,0.7529118657112122
1776176116834,1.0,0.0,13377.822265625,198.99432373046875,0.7531450390815735
1776176116855,1.0,0.0,13378.6513671875,199.07656860351562,0.753423273563385
1776176116873,1.0,0.0,13380.4765625,199.15240478515625,0.7539352178573608
1776176116893,1.0,0.0,13381.47265625,199.2178497314453,0.7542139887809753
1776176116913,1.0,0.0,13382.46875,199.30531311035156,0.7544472813606262
1776176116933,1.0,0.0,13383.298828125,199.37091064453125,0.7547258138656616
1776176116953,1.0,0.0,13384.2958984375,199.43411254882812,0.7549588084220886
1776176116973,1.0,0.0,13386.1240234375,199.51625061035156,0.7554709315299988
1776176116993,1.0,0.0,13386.955078125,199.59402465820312,0.7557507157325745
1776176117013,1.0,0.0,13387.953125,199.66238403320312,0.7559838891029358
1776176117034,1.0,0.0,13388.78515625,199.74134826660156,0.756264328956604
1776176117054,1.0,0.0,13389.783203125,199.81605529785156,0.7565433382987976
1776176117074,1.0,0.0,13391.6142578125,199.88104248046875,0.7570559978485107
1776176117093,1.0,0.0,13392.61328125,199.95118713378906,0.757291316986084
1776176117113,1.0,0.0,13393.4462890625,200.04368591308594,0.7575719952583313
1776176117134,1.0,0.0,13394.4462890625,200.11875915527344,0.7578046321868896
1776176117153,1.0,0.0,13395.2802734375,200.1975860595703,0.7580846548080444
1776176117173,1.0,0.0,13397.115234375,200.26736450195312,0.758599579334259
1776176117193,1.0,0.0,13398.1171875,200.33827209472656,0.7588819265365601
1776176117213,1.0,0.0,13399.119140625,200.4158477783203,0.7591137290000916
1776176117233,1.0,0.0,13399.9541015625,200.49404907226562,0.7593954205513
1776176117253,1.0,0.0,13400.9560546875,200.55599975585938,0.7596293091773987
1776176117273,1.0,0.0,13402.7939453125,200.6403045654297,0.7601442933082581
1776176117293,1.0,0.0,13403.6298828125,200.71823120117188,0.7604267597198486
1776176117313,1.0,0.0,13404.6337890625,200.7792205810547,0.7606596946716309
1776176117335,1.0,0.0,13405.470703125,200.8630828857422,0.7609423995018005
1776176117353,1.0,0.0,13406.474609375,200.91958618164062,0.7612233757972717
1776176117373,1.0,0.0,13408.3154296875,200.9869842529297,0.7617400884628296
1776176117393,1.0,0.0,13409.3203125,201.06578063964844,0.761975109577179
1776176117413,1.0,0.0,13410.158203125,201.1499481201172,0.7622581720352173
1776176117434,1.0,0.0,13411.1640625,201.22189331054688,0.7624916434288025
1776176117453,1.0,0.0,13412.001953125,201.28671264648438,0.762773871421814
1776176117473,1.0,0.0,13414.0146484375,201.35855102539062,0.7632926106452942
1776176117493,1.0,0.0,13414.853515625,201.41943359375,0.7635714411735535
1776176117513,1.0,0.0,13415.8603515625,201.49676513671875,0.7638074159622192
1776176117535,1.0,0.0,13416.7001953125,201.56846618652344,0.7640920877456665
1776176117553,1.0,0.0,13417.7080078125,201.62713623046875,0.764327883720398
1776176117573,1.0,0.0,13419.5556640625,201.68690490722656,0.7648443579673767
1776176117593,1.0,0.0,13420.3955078125,201.75701904296875,0.76512610912323
1776176117613,1.0,0.0,13421.404296875,201.81228637695312,0.765363872051239
1776176117634,1.0,0.0,13422.2451171875,201.880859375,0.7656458616256714
1776176117653,1.0,0.0,13423.25390625,201.95166015625,0.7659305930137634
1776176117673,1.0,0.0,13425.10546875,202.00961303710938,0.7664476037025452
1776176117693,1.0,0.0,13426.115234375,202.07725524902344,0.7666873335838318
1776176117713,1.0,0.0,13426.95703125,202.15232849121094,0.7669698596000671
1776176117734,1.0,0.0,13427.9677734375,202.2105255126953,0.7672029137611389
1776176117753,1.0,0.0,13428.810546875,202.27232360839844,0.7674897313117981
1776176117773,1.0,0.0,13430.6640625,202.33322143554688,0.7680080533027649
1776176117793,1.0,0.0,13431.67578125,202.39608764648438,0.7682898044586182
1776176117813,1.0,0.0,13432.6875,202.47021484375,0.7685292959213257
1776176117835,1.0,0.0,13433.53125,202.53976440429688,0.7688101530075073
1776176117853,1.0,0.0,13434.5439453125,202.5906524658203,0.7690495252609253
1776176117873,1.0,0.0,13436.4013671875,202.6624298095703,0.7695685029029846
1776176117893,1.0,0.0,13437.24609375,202.72898864746094,0.7698526382446289
1776176117913,1.0,0.0,13438.259765625,202.78318786621094,0.7700899243354797
1776176117934,1.0,0.0,13439.1044921875,202.84922790527344,0.7703759670257568
1776176117953,1.0,0.0,13440.119140625,202.9021759033203,0.7706618905067444
1776176117973,1.0,0.0,13441.9794921875,202.95594787597656,0.771182656288147
1776176117993,1.0,0.0,13442.994140625,203.02862548828125,0.7714201807975769
1776176118013,1.0,0.0,13443.83984375,203.09922790527344,0.77170330286026
1776176118040,1.0,0.0,13445.7021484375,203.17420959472656,0.7722258567810059
1776176118053,1.0,0.0,13445.7021484375,203.22305297851562,0.7722258567810059
1776176118073,1.0,0.0,13447.564453125,203.2843017578125,0.7727479934692383
1776176118093,1.0,0.0,13448.5810546875,203.34815979003906,0.7730342745780945
1776176118113,1.0,0.0,13449.59765625,203.41392517089844,0.7732697129249573
1776176118134,1.0,0.0,13450.4453125,203.4755401611328,0.7735600471496582
1776176118153,1.0,0.0,13451.4619140625,203.519287109375,0.7737947702407837
1776176118173,1.0,0.0,13453.3271484375,203.5919647216797,0.7743180394172668
1776176118193,1.0,0.0,13454.17578125,203.6646728515625,0.7746034264564514
1776176118213,1.0,0.0,13455.1943359375,203.71263122558594,0.774841845035553
1776176118234,1.0,0.0,13456.04296875,203.7745819091797,0.7751282453536987
1776176118254,1.0,0.0,13457.0615234375,203.82447814941406,0.7754135131835938
1776176118274,1.0,0.0,13458.9296875,203.8751220703125,0.7759374380111694
1776176118293,1.0,0.0,13459.94921875,203.95164489746094,0.7761732935905457
1776176118313,1.0,0.0,13460.798828125,204.031982421875,0.7764626145362854
1776176118335,1.0,0.0,13461.8193359375,204.07237243652344,0.7767043113708496
1776176118353,1.0,0.0,13462.669921875,204.1317596435547,0.7769870758056641
1776176118373,1.0,0.0,13464.7109375,204.187255859375,0.7775155901908875
1776176118393,1.0,0.0,13465.5615234375,204.2504119873047,0.777800440788269
1776176118413,1.0,0.0,13466.5830078125,204.32327270507812,0.778039813041687
1776176118434,1.0,0.0,13467.4345703125,204.37039184570312,0.7783283591270447
1776176118453,1.0,0.0,13468.4560546875,204.4172821044922,0.7785641551017761
1776176118473,1.0,0.0,13470.330078125,204.48391723632812,0.7790950536727905
1776176118493,1.0,0.0,13471.181640625,204.54762268066406,0.7793812155723572
1776176118513,1.0,0.0,13472.2041015625,204.59475708007812,0.7796685099601746
1776176118534,1.0,0.0,13473.2265625,204.65731811523438,0.7799057960510254
1776176118553,1.0,0.0,13474.0791015625,204.71522521972656,0.7801987528800964
1776176118573,1.0,0.0,13475.9560546875,204.7661895751953,0.7807204723358154
1776176118593,1.0,0.0,13476.9794921875,204.82003784179688,0.7809599041938782
1776176118613,1.0,0.0,13477.8330078125,204.88270568847656,0.7812516689300537
1776176118634,1.0,0.0,13478.857421875,204.9304656982422,0.7814881801605225
1776176118653,1.0,0.0,13479.7109375,204.9918975830078,0.78177809715271
1776176118673,1.0,0.0,13481.7607421875,205.0381317138672,0.7823066115379333
1776176118693,1.0,0.0,13482.615234375,205.08334350585938,0.7825955152511597
1776176118713,1.0,0.0,13483.640625,205.15089416503906,0.7828346490859985
1776176118734,1.0,0.0,13484.4951171875,205.21348571777344,0.7831241488456726
1776176118753,1.0,0.0,13485.521484375,205.264892578125,0.7833632826805115
1776176118773,1.0,0.0,13487.4033203125,205.30967712402344,0.7838928699493408
1776176118793,1.0,0.0,13488.2587890625,205.36236572265625,0.7841818332672119
1776176118813,1.0,0.0,13489.28515625,205.40794372558594,0.7844688296318054
1776176118834,1.0,0.0,13490.3125,205.4764862060547,0.7847055196762085
1776176118853,1.0,0.0,13491.16796875,205.5181884765625,0.7849986553192139
1776176118874,1.0,0.0,13493.0517578125,205.56687927246094,0.7855280637741089
1776176118893,1.0,0.0,13494.080078125,205.6306915283203,0.7857668399810791
1776176118913,1.0,0.0,13494.9365234375,205.69027709960938,0.7860568165779114
1776176118933,1.0,0.0,13495.96484375,205.7340545654297,0.7862958908081055
1776176118953,1.0,0.0,13496.822265625,205.78173828125,0.7865851521492004
1776176118973,1.0,0.0,13498.8798828125,205.8431854248047,0.7871152758598328
1776176118993,1.0,0.0,13499.7373046875,205.89169311523438,0.7874024510383606
1776176119013,1.0,0.0,13500.7666015625,205.9423065185547,0.7876443862915039
1776176119034,1.0,0.0,13501.625,205.99380493164062,0.7879323959350586
1776176119053,1.0,0.0,13502.6552734375,206.03746032714844,0.7881749272346497
1776176119073,1.0,0.0,13504.5439453125,206.08938598632812,0.7887038588523865
1776176119093,1.0,0.0,13505.40234375,206.13430786132812,0.7889930009841919
1776176119113,1.0,0.0,13506.4326171875,206.18325805664062,0.7892844080924988
1776176119134,1.0,0.0,13507.4638671875,206.24415588378906,0.7895246744155884
1776176119153,1.0,0.0,13508.3232421875,206.28160095214844,0.7898141145706177
1776176119173,1.0,0.0,13510.2138671875,206.31869506835938,0.7903428673744202
1776176119193,1.0,0.0,13511.2451171875,206.37254333496094,0.7905845046043396
1776176119213,1.0,0.0,13512.1044921875,206.41213989257812,0.7908765077590942
1776176119234,1.0,0.0,13513.13671875,206.44259643554688,0.7911145687103271
1776176119253,1.0,0.0,13513.9970703125,206.50558471679688,0.791405439376831
1776176119273,1.0,0.0,13516.0615234375,206.5720672607422,0.7919374108314514
1776176119293,1.0,0.0,13516.9228515625,206.61317443847656,0.7922255992889404
1776176119313,1.0,0.0,13517.9560546875,206.6703338623047,0.7924684882164001
1776176119334,1.0,0.0,13518.8173828125,206.7244415283203,0.7927567958831787
1776176119353,1.0,0.0,13519.8505859375,206.76759338378906,0.7929996848106384
1776176119373,1.0,0.0,13521.74609375,206.81663513183594,0.7935284972190857
1776176119393,1.0,0.0,13522.607421875,206.8532257080078,0.7938203811645508
1776176119413,1.0,0.0,13523.6416015625,206.90769958496094,0.7941097021102905
1776176119433,1.0,0.0,13524.67578125,206.956787109375,0.7943513989448547
1776176119453,1.0,0.0,13525.5380859375,207.00547790527344,0.7946418523788452
1776176119473,0.9726499915122986,0.0,13527.435546875,207.0384063720703,0.7951732873916626
1776176119493,0.6991999745368958,0.0,13528.470703125,207.0770263671875,0.7954158782958984
1776176119513,0.21424999833106995,0.0,13529.3330078125,207.095703125,0.7957053780555725
1776176119533,0.0,0.0,13530.3681640625,207.03512573242188,0.7959477305412292
1776176119553,0.0,0.0,13531.2314453125,206.8932647705078,0.7962373495101929
1776176119573,0.0,0.0,13533.30078125,206.74656677246094,0.7967691421508789
1776176119593,0.0,0.0,13534.162109375,206.61752319335938,0.7970605492591858
1776176119613,0.0,0.0,13535.1953125,206.46896362304688,0.7973028421401978
1776176119634,0.0,0.0,13536.0556640625,206.31707763671875,0.797591507434845
1776176119653,0.0,0.07823561131954193,13537.087890625,206.18182373046875,0.7978306412696838
1776176119673,0.0,1.0,13538.9775390625,205.89212036132812,0.7983621954917908
1776176119693,0.0,1.0,13539.8359375,205.10044860839844,0.7986496686935425
1776176119713,0.0,1.0,13540.86328125,204.30685424804688,0.7989379167556763
1776176119734,0.0,1.0,13541.88671875,203.32041931152344,0.7991741299629211
1776176119753,0.0,1.0,13542.736328125,202.30514526367188,0.7994601726531982
1776176119774,0.0,1.0,13544.59375,201.4252166748047,0.7999823093414307
1776176119793,0.0,1.0,13545.6005859375,200.3922576904297,0.8002164959907532
1776176119813,0.0,1.0,13546.4365234375,199.310546875,0.8004958629608154
1776176119834,0.0,1.0,13547.435546875,198.41445922851562,0.8007296323776245
1776176119853,0.0,1.0,13548.2646484375,197.3787078857422,0.8010075688362122
1776176119873,0.0,1.0,13550.2412109375,196.3262481689453,0.8015151023864746
1776176119893,0.0,1.0,13551.0595703125,195.4484100341797,0.8017890453338623
1776176119913,0.0,1.0,13552.0380859375,194.46212768554688,0.8020176291465759
1776176119934,0.0,1.0,13552.8505859375,193.4881591796875,0.8022904396057129
1776176119953,0.0,1.0,13553.8212890625,192.66490173339844,0.8025165796279907
1776176119973,0.0,1.0,13555.591796875,191.72222900390625,0.8030102252960205
1776176119993,0.0,1.0,13556.3916015625,190.80987548828125,0.8032795786857605
1776176120014,0.0,1.0,13557.3486328125,190.02676391601562,0.8035023808479309
1776176120033,0.0,1.0,13558.1435546875,189.11026000976562,0.8037689924240112
1776176120053,0.0,1.0,13559.09375,188.1473388671875,0.8040338754653931
1776176120073,0.0,1.0,13560.8251953125,187.30645751953125,0.8045173287391663
1776176120093,0.0,1.0,13561.763671875,186.2476043701172,0.804736852645874
1776176120113,0.0,1.0,13562.5419921875,185.18161010742188,0.8049975633621216
1776176120134,0.0,1.0,13563.4716796875,184.09890747070312,0.8052117824554443
1776176120153,0.0,1.0,13564.2431640625,183.1592559814453,0.8054707646369934
1776176120173,0.0,1.0,13566.080078125,182.08961486816406,0.8059415817260742
1776176120193,0.0,1.0,13566.83984375,181.1728057861328,0.8061963319778442
1776176120213,0.0,1.0,13567.7470703125,180.05316162109375,0.806409478187561
1776176120234,0.0,1.0,13568.5,179.01364135742188,0.8066607117652893
1776176120253,0.0,1.0,13569.3984375,178.06434631347656,0.8068699836730957
1776176120273,0.0,1.0,13571.03515625,177.00885009765625,0.807327151298523
1776176120293,0.0,1.0,13571.7734375,175.9724884033203,0.8075743913650513
1776176120313,0.0,1.0,13572.65625,175.0806884765625,0.8078218102455139
1776176120334,0.0,1.0,13573.5341796875,174.04510498046875,0.808026134967804
1776176120353,0.0,1.0,13574.2626953125,173.03797912597656,0.8082703351974487
1776176120373,0.0,1.0,13575.8544921875,172.1676025390625,0.8087148070335388
1776176120393,0.0,1.0,13576.716796875,171.14361572265625,0.8089147210121155
1776176120413,0.0,1.0,13577.431640625,170.14199829101562,0.8091549873352051
1776176120434,0.0,1.0,13578.2861328125,169.08267211914062,0.8093539476394653
1776176120453,0.0,1.0,13578.9951171875,168.17454528808594,0.8095916509628296
1776176120473,0.0,1.0,13580.68359375,167.1160430908203,0.8100236654281616
1776176120493,0.0,1.0,13581.3818359375,166.2460479736328,0.8102564215660095
1776176120513,0.0,1.0,13582.21484375,165.21229553222656,0.8104504346847534
1776176120534,0.0,1.0,13582.90625,164.201416015625,0.8106819987297058
1776176120553,0.0,1.0,13583.7314453125,163.38531494140625,0.8108751177787781
1776176120574,0.0,1.0,13585.2333984375,162.41737365722656,0.8112946152687073
1776176120593,0.0,1.0,13585.9111328125,161.43106079101562,0.8115218281745911
1776176120613,0.0,1.0,13586.720703125,160.59744262695312,0.8117474913597107
1776176120634,0.0,1.0,13587.5263671875,159.6239471435547,0.811934232711792
1776176120653,0.0,1.0,13588.1943359375,158.62640380859375,0.8121587038040161
1776176120673,0.0,1.0,13589.6533203125,157.78578186035156,0.8125672340393066
1776176120693,0.0,1.0,13590.443359375,156.773193359375,0.812751054763794
1776176120713,0.0,1.0,13591.0986328125,155.71925354003906,0.8129697442054749
1776176120734,0.0,1.0,13591.880859375,154.6736602783203,0.8131517171859741
1776176120753,0.0,1.0,13592.529296875,153.74252319335938,0.813369631767273
1776176120773,0.0,1.0,13594.072265625,152.65805053710938,0.8137641549110413
1776176120793,0.0,1.0,13594.7099609375,151.7452850341797,0.8139771223068237
1776176120813,0.0,1.0,13595.470703125,150.68515014648438,0.8141538500785828
1776176120834,0.0,1.0,13596.1015625,149.6317138671875,0.8143659234046936
1776176120853,0.0,1.0,13596.853515625,148.7138214111328,0.8145410418510437
1776176120873,0.0,1.0,13598.2216796875,147.6712188720703,0.8149574995040894
1776176120893,0.0,1.0,13598.9609375,146.66183471679688,0.8151288628578186
1776176120913,0.0,1.0,13599.57421875,145.81739807128906,0.815334141254425
1776176120934,0.0,1.0,13600.3056640625,144.84837341308594,0.815504252910614
1776176120954,0.0,1.0,13600.912109375,143.95567321777344,0.8157081007957458
1776176120973,0.0,1.0,13602.236328125,143.1553192138672,0.8160777688026428
1776176120993,0.0,1.0,13602.953125,142.2277374267578,0.8162447810173035
1776176121013,0.0,1.0,13603.5478515625,141.34925842285156,0.8164438009262085
1776176121034,0.0,1.0,13604.2578125,140.41387939453125,0.816608726978302
1776176121053,0.0,1.0,13604.8466796875,139.5709991455078,0.816807210445404
1776176121073,0.0,1.0,13606.2470703125,138.6555633544922,0.8171647191047668
1776176121093,0.0,1.0,13606.826171875,137.83961486816406,0.8173574209213257
1776176121113,0.0,1.0,13607.517578125,136.8531951904297,0.8175199627876282
1776176121134,0.0,1.0,13608.08984375,135.86624145507812,0.8177117109298706
1776176121153,0.0,1.0,13608.7734375,135.01144409179688,0.8178706169128418
1776176121173,0.0,1.0,13610.015625,134.01893615722656,0.8182486891746521
1776176121193,0.0,1.0,13610.5751953125,133.00372314453125,0.818403959274292
1776176121213,0.0,1.0,13611.2421875,132.12860107421875,0.8185896873474121
1776176121235,0.0,1.0,13611.9052734375,130.94033813476562,0.8187451958656311
1776176121253,0.0,1.0,13612.4541015625,130.0791015625,0.8189294338226318
1776176121273,0.0,1.0,13613.65234375,129.26004028320312,0.819263219833374
1776176121293,0.0,1.0,13614.2998046875,128.3045654296875,0.819413423538208
1776176121313,0.0,1.0,13614.8359375,127.33726501464844,0.8195923566818237
1776176121334,0.0,1.0,13615.4755859375,126.54052734375,0.8197420239448547
1776176121353,0.0,1.0,13616.005859375,125.60511779785156,0.8199191689491272
1776176121374,0.0,1.0,13617.2666015625,124.66474914550781,0.8202407956123352
1776176121393,0.0,1.0,13617.787109375,123.88606262207031,0.820415735244751
1776176121413,0.0,1.0,13618.408203125,122.93585205078125,0.8205605149269104
1776176121434,0.0,1.0,13618.9228515625,121.95779418945312,0.8207321763038635
1776176121453,0.0,1.0,13619.537109375,121.1121826171875,0.8208760023117065
1776176121473,0.0,1.0,13620.6513671875,120.0919189453125,0.8211851716041565
1776176121493,0.0,1.0,13621.1533203125,119.11766815185547,0.8213543891906738
1776176121514,0.0,1.0,13621.7509765625,118.28862762451172,0.8215214610099792
1776176121534,0.0,1.0,13622.3447265625,117.23641967773438,0.8216590285301208
1776176121553,0.0,1.0,13622.8359375,116.20752716064453,0.8218240141868591
1776176121574,0.0,1.0,13623.90625,115.31851196289062,0.8221204280853271
1776176121593,0.0,1.0,13624.4833984375,114.3041000366211,0.8222563862800598
1776176121613,0.0,1.0,13624.9609375,113.30657958984375,0.822416365146637
1776176121634,0.0,1.0,13625.5302734375,112.3154296875,0.8225470185279846
1776176121653,0.0,1.0,13626.001953125,111.4336166381836,0.8227061033248901
1776176121674,0.0,1.0,13627.12109375,110.45330810546875,0.822992205619812
1776176121693,0.0,1.0,13627.5830078125,109.58914184570312,0.8231452703475952
1776176121713,0.0,1.0,13628.1328125,108.6395263671875,0.8232726454734802
1776176121734,0.0,1.0,13628.587890625,107.70834350585938,0.8234238624572754
1776176121754,0.0,1.0,13629.1298828125,106.84652709960938,0.8235503435134888
1776176121773,0.0,1.0,13630.1142578125,106.12650299072266,0.8238257765769958
1776176121793,0.0,1.0,13630.5576171875,105.30770874023438,0.8239731788635254
1776176121815,0.0,1.0,13631.0869140625,104.47313690185547,0.8241198062896729
1776176121834,0.0,1.0,13631.6123046875,103.78400421142578,0.8242424130439758
1776176121853,0.0,1.0,13632.046875,102.99824523925781,0.8243873715400696
1776176121873,0.0,1.0,13632.9951171875,102.31974792480469,0.8246502876281738
1776176121895,0.0,1.0,13633.5078125,101.41028594970703,0.8247702717781067
1776176121915,0.0,1.0,13633.9326171875,100.70974731445312,0.8249126076698303
1776176121935,0.0,1.0,13634.4384765625,99.8698501586914,0.8250301480293274
1776176121953,0.0,1.0,13634.857421875,99.1694564819336,0.8251685500144958
1776176121974,0.0,1.0,13635.853515625,98.40477752685547,0.8254215121269226
1776176121993,0.0,1.0,13636.2646484375,97.73161315917969,0.8255600333213806
1776176122013,0.0,1.0,13636.7548828125,96.9177017211914,0.8256731629371643
1776176122034,0.0,1.0,13637.16015625,96.03939819335938,0.825808048248291
1776176122053,0.0,1.0,13637.6435546875,95.36629486083984,0.8259188532829285
1776176122073,0.0,1.0,13638.5205078125,94.5295639038086,0.8261613249778748
1776176122093,0.0,1.0,13638.9150390625,93.75910949707031,0.8262939453125
1776176122113,0.0,1.0,13639.3857421875,93.05543518066406,0.826423168182373
1776176122134,0.0,1.0,13639.853515625,92.24047088623047,0.8265314698219299
1776176122153,0.0,1.0,13640.240234375,91.45116424560547,0.8266608119010925
1776176122174,0.0,1.0,13641.0830078125,90.80883026123047,0.8268908262252808
1776176122193,0.0,1.0,13641.5380859375,90.05242919921875,0.8269954323768616
1776176122213,0.0,1.0,13641.9150390625,89.28349304199219,0.8271211385726929
1776176122234,0.0,1.0,13642.36328125,88.5156478881836,0.8272229433059692
1776176122253,0.0,1.0,13642.734375,87.84265899658203,0.827345609664917
1776176122273,0.0,1.0,13643.6162109375,87.09579467773438,0.827569305896759
1776176122293,0.0,1.0,13643.98046875,86.45787811279297,0.8276869058609009
1776176122313,0.0,1.0,13644.4140625,85.6749267578125,0.8277873992919922
1776176122333,0.0,1.0,13644.7734375,84.90441131591797,0.8279041647911072
1776176122353,0.0,1.0,13645.201171875,84.27116394042969,0.8280013799667358
1776176122373,0.0,1.0,13645.9765625,83.54656982421875,0.8282347917556763
1776176122393,0.0,1.0,13646.39453125,82.79898834228516,0.8283287286758423
1776176122413,0.0,1.0,13646.7412109375,82.1407241821289,0.8284419178962708
1776176122435,0.0,1.0,13647.1533203125,81.24691009521484,0.8285333514213562
1776176122453,0.0,1.0,13647.494140625,80.60094451904297,0.8286448121070862
1776176122474,0.0,1.0,13648.236328125,79.98831176757812,0.828845202922821
1776176122493,0.0,1.0,13648.63671875,79.22799682617188,0.8289358019828796
1776176122513,0.0,1.0,13648.9677734375,78.46326446533203,0.8290414810180664
1776176122534,0.0,1.0,13649.3623046875,77.80973815917969,0.829149603843689
1776176122553,0.0,1.0,13649.75390625,77.09905242919922,0.8292343616485596
1776176122573,0.0,1.0,13650.4638671875,76.37207794189453,0.8294254541397095
1776176122593,0.0,1.0,13650.783203125,75.75798034667969,0.829526424407959
1776176122613,0.0,1.0,13651.1630859375,75.04444885253906,0.8296094536781311
1776176122634,0.0,1.0,13651.4775390625,74.3072738647461,0.8297125101089478
1776176122653,0.0,1.0,13651.8515625,73.73770141601562,0.82979416847229
1776176122673,0.0,1.0,13652.5302734375,73.08287811279297,0.8299916386604309
1776176122693,0.0,0.7968763709068298,13652.8349609375,72.4069595336914,0.8300707936286926
1776176122713,0.0,0.6154777407646179,13653.1982421875,71.86792755126953,0.8301673531532288
1776176122735,0.0,0.38789868354797363,13653.5595703125,71.17127990722656,0.8302454948425293
1776176122753,0.0,0.2948283851146698,13653.8583984375,70.71660614013672,0.8303385972976685
1776176122773,0.0,0.21452350914478302,13654.509765625,70.29692840576172,0.8305094838142395
1776176122793,0.0,0.1552741378545761,13654.861328125,69.84343719482422,0.8306009769439697
1776176122813,0.0,0.11493722349405289,13655.2109375,69.45878601074219,0.830676794052124
1776176122834,0.0,0.07600020617246628,13655.5009765625,69.12893676757812,0.8307679891586304
1776176122853,0.0,0.06142096966505051,13655.84765625,68.88037872314453,0.8308421969413757
1776176122874,0.0,0.03852551430463791,13656.48046875,68.61288452148438,0.8310075402259827
1776176122893,0.0,0.026536842808127403,13656.7666015625,68.4020004272461,0.8310965299606323
1776176122913,0.0,0.018329313024878502,13657.109375,68.16677856445312,0.8311702013015747
1776176122935,0.0,0.010492037050426006,13657.39453125,67.95133209228516,0.8312579393386841
1776176122953,0.0,0.005444121081382036,13657.7353515625,67.76792907714844,0.8313469290733337
1776176122973,0.0,0.001958739012479782,13658.357421875,67.56283569335938,0.8315086960792542
1776176122993,0.0,0.0005969975609332323,13658.6953125,67.35940551757812,0.8315819501876831
1776176123013,0.0,0.00014472132897935808,13658.9765625,67.17578887939453,0.8316687941551208
1776176123034,0.0,1.9055149095947854e-05,13659.3134765625,66.97076416015625,0.8317416310310364
1776176123054,0.0,0.0,13659.5927734375,66.7711181640625,0.8318280577659607
1776176123073,0.0,0.0,13660.26171875,66.59477996826172,0.8319830894470215
1776176123093,0.0,0.0,13660.5390625,66.37950897216797,0.8320680856704712
1776176123113,0.0,0.0,13660.87109375,66.16827392578125,0.8321394324302673
1776176123134,0.0,0.0,13661.1474609375,65.95842742919922,0.832221508026123
1776176123153,0.0,0.0,13661.4775390625,65.77140045166016,0.8322924971580505
1776176123173,0.0,0.0,13662.0810546875,65.56002044677734,0.8324453830718994
1776176123193,0.0,0.0,13662.3544921875,65.38011169433594,0.832528293132782
1776176123213,0.0,0.0,13662.681640625,65.16077423095703,0.8325953483581543
1776176123234,0.0,0.0,13662.953125,64.95083618164062,0.8326786756515503
1776176123254,0.0,0.0,13663.2783203125,64.74153900146484,0.8327558636665344
1776176123273,0.0,0.0,13663.8720703125,64.56489562988281,0.8329064846038818
1776176123293,0.0,0.0,13664.1943359375,64.36148071289062,0.8329702615737915
1776176123313,0.0,0.0,13664.462890625,64.18350982666016,0.8330525755882263
1776176123335,0.0,0.0,13664.7841796875,63.967201232910156,0.8331325054168701
1776176123353,0.0,0.0,13665.1044921875,63.75314712524414,0.8331992626190186
1776176123373,0.0,0.0,13665.6884765625,63.5661735534668,0.8333460688591003
1776176123393,0.0,0.0,13665.953125,63.35087585449219,0.8334231972694397
1776176123414,0.0,0.0,13666.26953125,63.138084411621094,0.8334882855415344
1776176123434,0.0,0.0,13666.533203125,62.95033264160156,0.833563506603241
1776176123454,0.0,0.0,13666.8486328125,62.722408294677734,0.8336290717124939
1776176123473,0.0,0.0,13667.423828125,62.48997116088867,0.8337823152542114
1776176123493,0.0,0.0,13667.736328125,62.29743576049805,0.8338470458984375
1776176123513,0.0,0.0,13667.99609375,62.07497787475586,0.8339230418205261
1776176123534,0.0,0.0,13668.306640625,61.8561897277832,0.8339839577674866
1776176123553,0.0,0.0,13668.5654296875,61.66073226928711,0.8340602517127991
1776176123573,0.0,0.0,13669.1318359375,61.44831848144531,0.8341977596282959
1776176123593,0.0,0.0,13669.439453125,61.22838592529297,0.8342611193656921
1776176123613,0.0,0.0,13669.6953125,61.04368209838867,0.8343353271484375
1776176123634,0.0,0.0,13670.0009765625,60.8253173828125,0.8344107866287231
1776176123653,0.0,0.0,13670.3056640625,60.60927200317383,0.8344725370407104
1776176123674,0.0,0.0,13670.861328125,60.42311477661133,0.8346119523048401
1776176123693,0.0,0.0,13671.11328125,60.200111389160156,0.8346850275993347
1776176123713,0.0,0.0,13671.4140625,59.985877990722656,0.8347447514533997
1776176123735,0.0,0.0,13671.6640625,59.76244354248047,0.8348194360733032
1776176123753,0.0,0.0,13671.9638671875,59.57252502441406,0.8348805904388428
1776176123773,0.0,0.0,13672.5107421875,59.35292053222656,0.8350275754928589
1776176123793,0.0,0.0,13672.8076171875,59.167198181152344,0.8350891470909119
1776176123813,0.0,0.0,13673.0546875,58.944602966308594,0.8351616263389587
1776176123834,0.047600001096725464,0.0,13673.349609375,58.721797943115234,0.835217297077179
1776176123853,0.08330002427101135,0.0,13673.5947265625,58.53752517700195,0.8352938294410706
1776176123874,0.11505001783370972,0.0,13674.1318359375,58.33928298950195,0.8354260325431824
1776176123894,0.14680001139640808,0.0,13674.423828125,58.160953521728516,0.8354855179786682
1776176123913,0.17059999704360962,0.0,13674.666015625,57.99583435058594,0.8355569839477539
1776176123935,0.19840002059936523,0.0,13674.9560546875,57.8201789855957,0.8356317281723022
1776176123953,0.2261500060558319,0.0,13675.24609375,57.647499084472656,0.8356900811195374
1776176123974,0.23805001378059387,0.0,13675.7744140625,57.49982452392578,0.835823118686676
1776176123993,0.24994999170303345,0.0,13676.013671875,57.324893951416016,0.8358898758888245
1776176124013,0.25394999980926514,0.0,13676.30078125,57.169864654541016,0.8359516263008118
1776176124034,0.25394999980926514,0.0,13676.5390625,57.007408142089844,0.8360229134559631
1776176124053,0.25394999980926514,0.0,13676.82421875,56.85192108154297,0.8360863327980042
1776176124073,0.26190000772476196,0.0,13677.345703125,56.7000732421875,0.8362305164337158
1776176124093,0.2658500075340271,0.0,13677.6298828125,56.57179641723633,0.8362890481948853
1776176124113,0.26980000734329224,0.0,13677.8662109375,56.41719055175781,0.8363608717918396
1776176124134,0.2738000154495239,0.0,13678.1484375,56.272560119628906,0.8364165425300598
1776176124153,0.2857000231742859,0.0,13678.3837890625,56.14924240112305,0.8364916443824768
1776176124174,0.29760000109672546,0.0,13678.8994140625,56.01194763183594,0.8366236090660095
1776176124193,0.31744998693466187,0.0,13679.1796875,55.88797378540039,0.8366872668266296
1776176124214,0.3372499942779541,0.0,13679.4130859375,55.781822204589844,0.836759626865387
1776176124234,0.34915000200271606,0.0,13679.6923828125,55.70520782470703,0.8368307948112488
1776176124253,0.36900001764297485,0.0,13679.9716796875,55.62748336791992,0.836890697479248
1776176124274,0.38885000348091125,0.0,13680.482421875,55.580284118652344,0.8370235562324524
1776176124293,0.4126499891281128,0.0,13680.7138671875,55.54747772216797,0.8370948433876038
1776176124313,0.4364500045776367,0.0,13680.9912109375,55.53627395629883,0.837155282497406
1776176124335,0.452349990606308,0.0,13681.22265625,55.5654296875,0.8372274041175842
1776176124353,0.46024999022483826,0.0,13681.5,55.61268997192383,0.8372882604598999
1776176124373,0.46024999022483826,0.0,13682.009765625,55.68974685668945,0.8374374508857727
1776176124393,0.46024999022483826,0.0,13682.2880859375,55.774593353271484,0.8374951481819153
1776176124413,0.46024999022483826,0.0,13682.5205078125,55.88682556152344,0.8375726342201233
1776176124435,0.4562999904155731,0.0,13682.7998046875,56.01023483276367,0.8376336097717285
1776176124453,0.44440001249313354,0.0,13683.033203125,56.10721969604492,0.8377102613449097
1776176124474,0.44440001249313354,0.0,13683.5478515625,56.22163009643555,0.8378467559814453
1776176124493,0.4404500126838684,0.0,13683.8291015625,56.33802032470703,0.8379065990447998
1776176124514,0.4404500126838684,0.0,13684.0634765625,56.45509719848633,0.8379870653152466
1776176124534,0.4404500126838684,0.0,13684.345703125,56.54701232910156,0.8380628824234009
1776176124553,0.4404500126838684,0.0,13684.6279296875,56.65105056762695,0.8381282091140747
1776176124574,0.44440001249313354,0.0,13685.1474609375,56.745460510253906,0.8382746577262878
1776176124594,0.452349990606308,0.0,13685.3837890625,56.845829010009766,0.8383526802062988
1776176124613,0.46024999022483826,0.0,13685.66796875,56.95501708984375,0.838418185710907
1776176124634,0.4681999981403351,0.0,13685.9052734375,57.03252029418945,0.8384978771209717
1776176124653,0.4761500060558319,0.0,13686.1904296875,57.126426696777344,0.8385630249977112
1776176124673,0.48805001378059387,0.0,13686.71484375,57.19886016845703,0.838733434677124
1776176124693,0.4959999918937683,0.0,13687.0009765625,57.27125549316406,0.838799238204956
1776176124718,0.5,0.0,13687.240234375,57.418636322021484,0.8388821482658386
1776176124736,0.5,0.0,13687.52734375,57.443668365478516,0.8389542698860168
1776176124753,0.5,0.0,13687.7666015625,57.51701354980469,0.839036762714386
1776176124773,0.5038999915122986,0.0,13688.2939453125,57.588111877441406,0.8391916155815125
1776176124793,0.5038999915122986,0.0,13688.58203125,57.78065490722656,0.8392626643180847
1776176124814,0.5077999830245972,0.0,13688.822265625,57.811607360839844,0.8393445611000061
1776176124834,0.5116999745368958,0.0,13689.111328125,57.88804626464844,0.8394172787666321
1776176124853,0.5234500169754028,0.0,13689.3525390625,58.0750617980957,0.8395020961761475
1776176124873,0.5351499915122986,0.0,13689.9326171875,58.030208587646484,0.8396592140197754
1776176124893,0.5508000254631042,0.0,13690.173828125,58.25373458862305,0.8397459983825684
1776176124913,0.5625,0.0,13690.4638671875,58.270103454589844,0.8398193120956421
1776176124935,0.5702999830245972,0.0,13690.7060546875,58.35577392578125,0.8399069309234619
1776176124954,0.5702999830245972,0.0,13690.9970703125,58.50336837768555,0.8399795889854431
1776176124973,0.5702999830245972,0.0,13691.53125,58.49959182739258,0.8401362299919128
1776176124993,0.5702999830245972,0.0,13691.7744140625,58.709495544433594,0.8402268290519714
1776176125013,0.5625,0.0,13692.06640625,58.83036422729492,0.8403102159500122
1776176125035,0.5547000169754028,0.0,13692.359375,58.854644775390625,0.8403838276863098
1776176125054,0.5468500256538391,0.0,13692.603515625,58.9446907043457,0.8404706716537476
1776176125073,0.5351499915122986,0.0,13693.142578125,59.06830596923828,0.8406335115432739
1776176125094,0.5156000256538391,0.0,13693.4365234375,59.18716049194336,0.8407033681869507
1776176125113,0.5,0.0,13693.6826171875,59.23411178588867,0.8407918214797974
1776176125135,0.4721499979496002,0.0,13693.9775390625,59.319297790527344,0.8408792018890381
1776176125153,0.4562999904155731,0.0,13694.2734375,59.301387786865234,0.8409523963928223
1776176125173,0.4364500045776367,0.0,13694.8154296875,59.325111389160156,0.8411110043525696
1776176125193,0.4205999970436096,0.0,13695.0615234375,59.16915512084961,0.8411997556686401
1776176125214,0.4205999970436096,0.0,13695.357421875,59.1826057434082,0.841270387172699
1776176125237,0.4205999970436096,0.0,13695.603515625,59.11038589477539,0.8413535356521606
1776176125253,0.4205999970436096,0.0,13695.8994140625,59.154502868652344,0.8414287567138672
1776176125273,0.4205999970436096,0.0,13696.4423828125,59.075103759765625,0.8416016101837158
1776176125294,0.4205999970436096,0.0,13696.73828125,59.120487213134766,0.8416749835014343
1776176125315,0.4205999970436096,0.0,13696.9853515625,59.103614807128906,0.8417595624923706
1776176125335,0.4205999970436096,0.0,13697.2822265625,59.08969497680664,0.8418315052986145
1776176125353,0.41659998893737793,0.0,13697.529296875,59.108882904052734,0.8419169187545776
1776176125373,0.4126499891281128,0.0,13698.0732421875,59.00716018676758,0.8420760035514832
1776176125393,0.40869998931884766,0.0,13698.369140625,59.0143928527832,0.8421629667282104
1776176125414,0.40869998931884766,0.0,13698.6650390625,58.90386199951172,0.8422319293022156
1776176125436,0.40869998931884766,0.0,13698.9111328125,58.82083511352539,0.8423199653625488
1776176125454,0.40869998931884766,0.0,13699.2060546875,58.81709671020508,0.8423922657966614
1776176125473,0.40869998931884766,0.0,13699.4521484375,58.776126861572266,0.8424777984619141
1776176125493,0.41659998893737793,0.0,13699.9931640625,58.71811294555664,0.8426352739334106
1776176125513,0.42454999685287476,0.0,13700.2880859375,58.71041488647461,0.8427072763442993
1776176125535,0.4325000047683716,0.0,13700.533203125,58.64529800415039,0.8427915573120117
1776176125553,0.4404500126838684,0.0,13700.8271484375,58.61512756347656,0.8428618907928467
1776176125573,0.44440001249313354,0.0,13701.3642578125,59.188880920410156,0.8430318832397461
1776176125593,0.44440001249313354,0.0,13701.658203125,59.32756423950195,0.8431063294410706
1776176125614,0.44440001249313354,0.0,13701.904296875,59.219444274902344,0.8431907892227173
1776176125634,0.44440001249313354,0.0,13702.1982421875,59.192047119140625,0.8432619571685791
1776176125658,0.44440001249313354,0.0,13702.7353515625,59.18017578125,0.8434199094772339
1776176125676,0.44440001249313354,0.0,13702.9794921875,59.182777404785156,0.8435025811195374
1776176125693,0.44440001249313354,0.0,13703.2724609375,59.17890548706055,0.8435739278793335
1776176125716,0.4404500126838684,0.0,13703.5166015625,59.157962799072266,0.843657910823822
1776176125736,0.4404500126838684,0.0,13703.8095703125,59.13948440551758,0.8437440395355225
1776176125754,0.4404500126838684,0.0,13704.1025390625,59.12032699584961,0.8438135385513306
1776176125774,0.4404500126838684,0.0,13704.640625,59.09947967529297,0.8439696431159973
1776176125793,0.4404500126838684,0.0,13704.8857421875,59.0797004699707,0.8440524935722351
1776176125815,0.452349990606308,0.0,13705.1796875,59.055908203125,0.8441245555877686
1776176125836,0.46024999022483826,0.0,13705.4248046875,59.02910614013672,0.8442085981369019
1776176125854,0.4721499979496002,0.0,13705.7197265625,59.01033401489258,0.8442930579185486
1776176125875,0.5077999830245972,0.0,13706.2607421875,58.97398376464844,0.8444469571113586
1776176125893,0.5390499830245972,0.0,13706.5556640625,58.913421630859375,0.8445152640342712
1776176125916,0.6015499830245972,0.0,13706.8017578125,59.20341873168945,0.8445978760719299
1776176125936,0.6405999660491943,0.0,13707.09765625,59.537635803222656,0.8446682095527649
1776176125954,0.6797000169754028,0.0,13707.345703125,59.78487777709961,0.8447520732879639
1776176125973,0.7148500084877014,0.0,13707.896484375,59.9698371887207,0.8449073433876038
1776176125994,0.7382999658584595,0.0,13708.1982421875,60.1132926940918,0.8449932932853699
1776176126013,0.75,0.0,13708.5,60.24363327026367,0.8450646996498108
1776176126034,0.7577999830245972,0.0,13708.751953125,60.3985595703125,0.845150887966156
1776176126054,0.7655999660491943,0.0,13709.0546875,60.55410385131836,0.8452200889587402
1776176126073,0.7655999660491943,0.0,13709.611328125,60.69264221191406,0.8453786373138428
1776176126093,0.7655999660491943,0.0,13709.865234375,60.86153030395508,0.8454646468162537
1776176126115,0.7655999660491943,0.0,13710.169921875,61.03743362426758,0.845536470413208
1776176126135,0.7655999660491943,0.0,13710.4248046875,61.217193603515625,0.8456225395202637
1776176126156,0.7617000341415405,0.0,13710.73046875,61.412933349609375,0.8457106947898865
1776176126173,0.7577999830245972,0.0,13711.29296875,61.59616470336914,0.8458565473556519
1776176126193,0.7577999830245972,0.0,13711.5498046875,61.77016830444336,0.8459439277648926
1776176126215,0.7422000169754028,0.0,13711.8583984375,61.999061584472656,0.8460316061973572
1776176126233,0.7304499745368958,0.0,13712.16796875,62.159481048583984,0.8461046814918518
1776176126255,0.7109500169754028,0.0,13712.4267578125,62.35728454589844,0.8461940288543701
1776176126274,0.6952999830245972,0.0,13712.9970703125,62.5526008605957,0.8463560342788696
1776176126294,0.6718499660491943,0.0,13713.3095703125,62.790916442871094,0.8464447259902954
1776176126314,0.6523500084877014,0.0,13713.623046875,62.991451263427734,0.8465196490287781
1776176126335,0.6405999660491943,0.0,13713.884765625,63.195274353027344,0.8466079831123352
1776176126354,0.6366999745368958,0.0,13714.19921875,63.35627746582031,0.8466845750808716
1776176126375,0.6445499658584595,0.0,13714.7783203125,63.53846740722656,0.8468491435050964
1776176126395,0.6679499745368958,0.0,13715.04296875,63.71923065185547,0.8469385504722595
1776176126414,0.6952999830245972,0.0,13715.3603515625,63.87654113769531,0.8470136523246765
1776176126434,0.7226499915122986,0.0,13715.6259765625,64.06819915771484,0.8471031188964844
1776176126454,0.7382999658584595,0.0,13715.9453125,64.25911712646484,0.8471798896789551
1776176126474,0.7538999915122986,0.0,13716.533203125,64.50202941894531,0.8473616242408752
1776176126494,0.7655999660491943,0.0,13716.85546875,64.75096130371094,0.8474375009536743
1776176126518,0.7929500341415405,0.0,13717.125,64.95500183105469,0.8475295305252075
1776176126536,0.8320499658584595,0.0,13717.44921875,65.24916076660156,0.8476074934005737
1776176126557,0.8632999658584595,0.0,13718.046875,65.49925231933594,0.8477760553359985
1776176126576,0.9023499488830566,0.0,13718.3203125,65.82460021972656,0.8478700518608093
1776176126595,0.9413999915122986,0.0,13718.6494140625,66.08618927001953,0.8479465246200562
1776176126617,1.0,0.0,13718.9248046875,66.43698120117188,0.8480405211448669
1776176126636,1.0,0.0,13719.255859375,66.72808837890625,0.8481337428092957
1776176126653,1.0,0.0,13719.5888671875,66.98981475830078,0.8482134342193604
1776176126674,1.0,0.0,13720.203125,67.37741088867188,0.8483873605728149
1776176126695,1.0,0.0,13720.4833984375,67.74795532226562,0.8484817147254944
1776176126716,1.0,0.0,13720.822265625,68.14634704589844,0.8485618233680725
1776176126736,1.0,0.0,13721.10546875,68.44135284423828,0.8486572504043579
1776176126754,1.0,0.0,13721.4462890625,68.74000549316406,0.8487535715103149
1776176126773,1.0,0.0,13722.0751953125,69.08749389648438,0.8489360213279724
1776176126793,1.0,0.0,13722.4208984375,69.3801498413086,0.8490123748779297
1776176126815,1.0,0.0,13722.7099609375,69.72550201416016,0.8491118550300598
1776176126834,1.0,0.0,13723.0576171875,70.07846069335938,0.8491923213005066
1776176126854,1.0,0.0,13723.3486328125,70.44156646728516,0.8492922186851501
1776176126876,1.0,0.0,13724.0517578125,70.80929565429688,0.8494746685028076
1776176126895,1.0,0.0,13724.3466796875,71.13062286376953,0.8495569825172424
1776176126916,1.0,0.0,13724.642578125,71.48725891113281,0.8496575951576233
1776176126935,1.0,0.0,13724.9990234375,71.82514190673828,0.849740743637085
1776176126954,1.0,0.0,13725.296875,72.10863494873047,0.8498417735099792
1776176126974,1.0,0.0,13726.015625,72.442626953125,0.8500272631645203
1776176126995,1.0,0.0,13726.3173828125,72.79312896728516,0.8501294255256653
1776176127016,1.0,0.0,13726.6806640625,73.14936065673828,0.8502127528190613
1776176127036,1.0,0.0,13726.984375,73.43524169921875,0.8503174185752869
1776176127054,1.0,0.0,13727.3505859375,73.73160552978516,0.8504034876823425
1776176127074,1.0,0.0,13728.0244140625,74.08624267578125,0.8506101965904236
1776176127094,1.0,0.0,13728.39453125,74.39801788330078,0.8506962656974792
1776176127113,1.0,0.0,13728.7041015625,74.732177734375,0.8508012294769287
1776176127139,1.0,0.0,13729.0771484375,75.16984558105469,0.8508880734443665
1776176127154,1.0,0.0,13729.388671875,75.36272430419922,0.8509942889213562
1776176127175,1.0,0.0,13730.078125,75.7520523071289,0.8511883020401001
1776176127193,1.0,0.0,13730.4560546875,75.98149871826172,0.8512945175170898
1776176127213,1.0,0.0,13730.8359375,76.31716918945312,0.8513833284378052
1776176127236,1.0,0.0,13731.1533203125,76.69700622558594,0.8514903783798218
1776176127258,1.0,0.0,13731.53515625,77.02203369140625,0.8515793681144714
1776176127274,1.0,0.0,13732.2392578125,77.29920196533203,0.8517774343490601
1776176127294,1.0,0.0,13732.560546875,77.58586883544922,0.8518852591514587
1776176127315,1.0,0.0,13732.9482421875,77.91752624511719,0.8519763350486755
1776176127333,1.0,0.0,13733.2724609375,78.19720458984375,0.8520858287811279
1776176127353,1.0,0.0,13733.662109375,78.52581024169922,0.8521952629089355
1776176127373,1.0,0.0,13734.0537109375,78.85752868652344,0.8522866368293762
1776176127394,1.0,0.0,13734.7744140625,79.18997192382812,0.8524884581565857
1776176127414,1.0,0.0,13735.103515625,79.47284698486328,0.8525987267494202
1776176127435,1.0,0.0,13735.5,79.79829406738281,0.8526911735534668
1776176127454,1.0,0.0,13735.8310546875,80.1187744140625,0.852803111076355
1776176127476,1.0,0.0,13736.630859375,80.44139099121094,0.8530091047286987
1776176127494,1.0,0.0,13736.9658203125,80.72895050048828,0.853120744228363
1776176127515,1.0,0.0,13737.369140625,81.06747436523438,0.8532159328460693
1776176127536,1.0,0.0,13737.7060546875,81.40049743652344,0.8533288240432739
1776176127557,1.0,0.0,13738.4501953125,81.72032165527344,0.8535387516021729
1776176127576,1.0,0.0,13738.8583984375,81.99011993408203,0.8536341786384583
1776176127595,1.0,0.0,13739.19921875,82.31974792480469,0.8537487387657166
1776176127615,1.0,0.0,13739.6103515625,82.59900665283203,0.8538645505905151
1776176127636,1.0,0.0,13740.0224609375,82.92760467529297,0.8539597988128662
1776176127653,1.0,0.0,13740.3671875,83.21615600585938,0.8540748953819275
1776176127674,1.0,0.0,13741.12890625,83.53035736083984,0.8542879819869995
1776176127694,1.0,0.0,13741.5458984375,83.83911895751953,0.854385256767273
1776176127719,1.0,0.0,13741.89453125,84.20805358886719,0.8545026183128357
1776176127734,1.0,0.0,13742.314453125,84.4384536743164,0.854600191116333
1776176127754,1.0,0.0,13742.6650390625,84.77005004882812,0.8547192215919495
1776176127777,1.0,0.0,13743.439453125,85.04769897460938,0.8549363017082214
1776176127794,1.0,0.0,13743.8642578125,85.36776733398438,0.85505610704422
1776176127814,1.0,0.0,13744.2900390625,85.68199920654297,0.8551560044288635
1776176127836,1.0,0.0,13744.646484375,85.98505401611328,0.8552762866020203
1776176127853,1.0,0.0,13745.0751953125,86.25226593017578,0.8553743362426758
1776176127875,1.0,0.0,13745.43359375,86.52193450927734,0.8554954528808594
1776176127893,1.0,0.0,13746.224609375,86.81995391845703,0.8557172417640686
1776176127914,1.0,0.0,13746.658203125,87.12149810791016,0.8558384776115417
1776176127935,1.0,0.0,13747.0927734375,87.43388366699219,0.8559403419494629
1776176127953,1.0,0.0,13747.4560546875,87.70404052734375,0.8560636639595032
1776176127974,1.0,0.0,13748.2587890625,88.0233154296875,0.8562860488891602
1776176127993,1.0,0.0,13748.6982421875,88.2957534790039,0.8563868999481201
1776176128013,1.0,0.0,13749.0654296875,88.60162353515625,0.8565123677253723
1776176128034,1.0,0.0,13749.5078125,88.89286804199219,0.8566153049468994
1776176128053,1.0,0.0,13749.876953125,89.14848327636719,0.8567387461662292
1776176128074,1.0,0.0,13750.7666015625,89.44807434082031,0.8569676280021667
1776176128093,1.0,0.0,13751.138671875,89.76815032958984,0.8570927381515503
1776176128114,1.0,0.0,13751.5869140625,90.06140899658203,0.8571969270706177
1776176128134,1.0,0.0,13751.9619140625,90.3691635131836,0.8573230504989624
1776176128153,1.0,0.0,13752.4130859375,90.66203308105469,0.8574289083480835
1776176128174,1.0,0.0,13752.7900390625,90.91517639160156,0.8575559854507446
1776176128193,1.0,0.0,13753.6220703125,91.20417022705078,0.8577881455421448
1776176128213,1.0,0.0,13754.0771484375,91.5087890625,0.8579169511795044
1776176128235,1.0,0.0,13754.5341796875,91.81519317626953,0.8580238819122314
1776176128254,1.0,0.0,13754.916015625,92.07210540771484,0.8581493496894836
1776176128274,1.0,0.0,13755.375,92.35913848876953,0.8582596778869629
1776176128293,1.0,0.0,13756.220703125,92.60523986816406,0.8584932088851929
1776176128313,1.0,0.0,13756.6064453125,92.89631652832031,0.8586230874061584
1776176128333,1.0,0.0,13757.0703125,93.18023681640625,0.8587529063224792
1776176128354,1.0,0.0,13757.4580078125,93.43468475341797,0.85886150598526
1776176128373,1.0,0.0,13757.923828125,93.73714447021484,0.8589916229248047
1776176128393,1.0,0.0,13758.78125,94.02777099609375,0.8592327833175659
1776176128413,1.0,0.0,13759.2509765625,94.2759017944336,0.8593432307243347
1776176128434,1.0,0.0,13759.6435546875,94.55571746826172,0.8594768643379211
1776176128453,1.0,0.0,13760.115234375,94.84481811523438,0.859585165977478
1776176128474,1.0,0.0,13760.509765625,95.09246826171875,0.8597148060798645
1776176128494,1.0,0.0,13761.3798828125,95.37291717529297,0.8599587082862854
1776176128513,1.0,0.0,13761.8564453125,95.64411163330078,0.8600926399230957
1776176128536,1.0,0.0,13762.333984375,95.9144515991211,0.8602058291435242
1776176128553,1.0,0.0,13762.732421875,96.14160919189453,0.8603404760360718
1776176128574,1.0,0.0,13763.2119140625,96.40682220458984,0.8604523539543152
1776176128593,1.0,0.0,13764.0947265625,96.63599395751953,0.860698938369751
1776176128614,1.0,0.0,13764.4970703125,96.90325164794922,0.860834002494812
1776176128634,1.0,0.0,13764.9814453125,97.16803741455078,0.8609480857849121
1776176128653,1.0,0.0,13765.3857421875,97.43014526367188,0.8610845804214478
1776176128673,1.0,0.0,13765.8720703125,97.71076202392578,0.861221432685852
1776176128693,1.0,0.0,13766.7666015625,97.96285247802734,0.8614696860313416
1776176128713,1.0,0.0,13767.255859375,98.18516540527344,0.8615844249725342
1776176128734,1.0,0.0,13767.6650390625,98.45108795166016,0.8617222905158997
1776176128753,1.0,0.0,13768.15625,98.72871398925781,0.8618365526199341
1776176128773,1.0,0.0,13768.56640625,98.96627807617188,0.8619745969772339
1776176128793,1.0,0.0,13769.4716796875,99.24190521240234,0.8622284531593323
1776176128813,1.0,0.0,13769.966796875,99.4963150024414,0.8623658418655396
1776176128834,1.0,0.0,13770.4638671875,99.74371337890625,0.8624829649925232
1776176128855,1.0,0.0,13770.87890625,99.9626693725586,0.8626224398612976
1776176128874,1.0,0.0,13771.3779296875,100.2306900024414,0.8627390265464783
1776176128893,1.0,0.0,13772.294921875,100.4697265625,0.8629955649375916
1776176128914,1.0,0.0,13772.712890625,100.74661254882812,0.8631377816200256
1776176128935,1.0,0.0,13773.2158203125,101.01839447021484,0.8632777333259583
1776176128953,1.0,0.0,13773.7197265625,101.24613189697266,0.863395631313324
1776176128973,1.0,0.0,13774.140625,101.52241516113281,0.863536536693573
1776176128993,1.0,0.0,13775.0693359375,101.78141784667969,0.8637973070144653
1776176129013,1.0,0.0,13775.578125,102.01539611816406,0.86391681432724
1776176129035,1.0,0.0,13776.0029296875,102.3165054321289,0.8640595078468323
1776176129053,1.0,0.0,13776.513671875,102.53451538085938,0.8641782402992249
1776176129074,1.0,0.0,13776.9404296875,102.7623291015625,0.8643218278884888
1776176129093,1.0,0.0,13777.880859375,103.04180908203125,0.8645858764648438
1776176129113,1.0,0.0,13778.3955078125,103.31062316894531,0.8647300004959106
1776176129134,1.0,0.0,13778.9111328125,103.56988525390625,0.8648502826690674
1776176129155,1.0,0.0,13779.341796875,103.79813385009766,0.8649958372116089
1776176129173,1.0,0.0,13779.859375,104.07234191894531,0.8651168942451477
1776176129193,1.0,0.0,13780.8125,104.29342651367188,0.8653841018676758
1776176129213,1.0,0.0,13781.2470703125,104.5447006225586,0.865530252456665
1776176129235,1.0,0.0,13781.76953125,104.8199234008789,0.8656768798828125
1776176129253,1.0,0.0,13782.29296875,105.04607391357422,0.8657985329627991
1776176129273,1.0,0.0,13782.7294921875,105.29806518554688,0.865944504737854
1776176129293,1.0,0.0,13783.693359375,105.55438232421875,0.8662154674530029
1776176129313,1.0,0.0,13784.220703125,105.78390502929688,0.8663395047187805
1776176129333,1.0,0.0,13784.6611328125,106.03462219238281,0.8664894700050354
1776176129353,1.0,0.0,13785.1904296875,106.28245544433594,0.8666126728057861
1776176129374,1.0,0.0,13785.6318359375,106.51001739501953,0.8667612075805664
1776176129393,1.0,0.0,13786.6064453125,106.77394104003906,0.8670351505279541
1776176129413,1.0,0.0,13787.1396484375,107.0269775390625,0.8671842813491821
1776176129435,1.0,0.0,13787.673828125,107.28116607666016,0.8673101663589478
1776176129453,1.0,0.0,13788.1201171875,107.49394226074219,0.8674610257148743
1776176129473,1.0,0.0,13788.65625,107.7423095703125,0.8675870299339294
1776176129493,1.0,0.0,13789.642578125,107.96873474121094,0.8678639531135559
1776176129513,1.0,0.0,13790.091796875,108.24053192138672,0.8680152297019958
1776176129534,1.0,0.0,13790.6328125,108.49624633789062,0.8681660890579224
1776176129553,1.0,0.0,13791.1748046875,108.69434356689453,0.8682933449745178
1776176129574,1.0,0.0,13791.626953125,108.93502044677734,0.8684452772140503
1776176129593,1.0,0.0,13792.625,109.18978118896484,0.8687263131141663
1776176129613,1.0,0.0,13793.1708984375,109.40741729736328,0.8688539266586304
1776176129635,1.0,0.0,13793.6259765625,109.69377899169922,0.8690060973167419
1776176129653,1.0,0.0,13794.173828125,109.91169738769531,0.8691352009773254
1776176129674,1.0,0.0,13794.630859375,110.12208557128906,0.8692896962165833
1776176129693,1.0,0.0,13795.6396484375,110.35650634765625,0.8695730566978455
1776176129713,1.0,0.0,13796.19140625,110.59288787841797,0.8697291016578674
1776176129734,1.0,0.0,13796.744140625,110.8041763305664,0.8698569536209106
1776176129753,1.0,0.0,13797.205078125,111.06302642822266,0.8700140714645386
1776176129773,1.0,0.0,13797.759765625,111.30377197265625,0.8701421022415161
1776176129793,1.0,0.0,13798.779296875,111.5177993774414,0.870428204536438
1776176129814,1.0,0.0,13799.2431640625,111.76831817626953,0.8705838322639465
1776176129834,1.0,0.0,13799.8017578125,111.98492431640625,0.8707180023193359
1776176129853,1.0,0.0,13800.267578125,112.17767333984375,0.8708734512329102
1776176129873,1.0,0.0,13800.8271484375,112.4328384399414,0.8710325956344604
1776176129893,1.0,0.0,13801.8564453125,112.68638610839844,0.8713197112083435
1776176129913,1.0,0.0,13802.4189453125,112.89790344238281,0.8714541792869568
1776176129934,1.0,0.0,13802.888671875,113.12036895751953,0.8716127276420593
1776176129953,1.0,0.0,13803.453125,113.34041595458984,0.8717441558837891
1776176129973,1.0,0.0,13803.9248046875,113.54804992675781,0.8719016909599304
1776176129993,1.0,0.0,13804.9638671875,113.79573822021484,0.8721959590911865
1776176130013,1.0,0.0,13805.5322265625,114.03531646728516,0.8723558783531189
1776176130034,1.0,0.0,13806.1015625,114.26087188720703,0.8724893927574158
1776176130053,1.0,0.0,13806.5771484375,114.46492004394531,0.8726514577865601
1776176130073,1.0,0.0,13807.1484375,114.70146942138672,0.8727807998657227
1776176130093,1.0,0.0,13808.1982421875,114.90409851074219,0.8730805516242981
1776176130113,1.0,0.0,13808.6767578125,115.13042449951172,0.8732401132583618
1776176130136,1.0,0.0,13809.251953125,115.34151458740234,0.8734005689620972
1776176130153,1.0,0.0,13809.828125,115.54005432128906,0.8735395073890686
1776176130173,1.0,0.0,13810.30859375,115.79243469238281,0.8737009763717651
1776176130193,1.0,0.0,13811.369140625,116.00747680664062,0.8740004301071167
1776176130213,1.0,0.0,13811.94921875,116.18335723876953,0.8741319179534912
1776176130234,1.0,0.0,13812.4326171875,116.42476654052734,0.8742950558662415
1776176130253,1.0,0.0,13813.013671875,116.6543960571289,0.874431312084198
1776176130273,1.0,0.0,13813.4990234375,116.8521728515625,0.8745945692062378
1776176130293,1.0,0.0,13814.568359375,117.0890121459961,0.8748968839645386
1776176130313,1.0,0.0,13815.1533203125,117.29747772216797,0.8750626444816589
1776176130335,1.0,0.0,13815.7392578125,117.51148986816406,0.8751994371414185
1776176130353,1.0,0.0,13816.228515625,117.70474243164062,0.8753666877746582
1776176130373,1.0,0.0,13816.81640625,117.93013000488281,0.87550288438797
1776176130393,1.0,0.0,13817.896484375,118.1196517944336,0.8758043646812439
1776176130413,1.0,0.0,13818.388671875,118.34100341796875,0.875973105430603
1776176130435,1.0,0.0,13818.9794921875,118.55853271484375,0.876137375831604
1776176130454,1.0,0.0,13819.5712890625,118.76444244384766,0.8762758374214172
1776176130473,1.0,0.0,13820.0654296875,118.94937133789062,0.8764418959617615
1776176130493,1.0,0.0,13821.154296875,119.14698791503906,0.8767461180686951
1776176130513,1.0,0.0,13821.75,119.34122467041016,0.8768865466117859
1776176130534,1.0,0.0,13822.2470703125,119.57997131347656,0.8770532608032227
1776176130554,1.0,0.0,13822.84375,119.79188537597656,0.877191424369812
1776176130574,1.0,0.0,13823.341796875,119.82808685302734,0.8773596882820129
1776176130593,1.0,0.0,13824.439453125,119.75626373291016,0.8776683211326599
1776176130613,1.0,0.0,13825.0380859375,119.69961547851562,0.8778369426727295
1776176130634,1.0,0.0,13825.63671875,119.6474838256836,0.8779764771461487
1776176130653,1.0,0.0,13826.134765625,119.58135986328125,0.8781434893608093
1776176130674,1.0,0.0,13826.732421875,119.51506805419922,0.8782825469970703
1776176130693,1.0,0.0,13827.8271484375,119.46123504638672,0.87859046459198
1776176130713,1.0,0.0,13828.32421875,119.39103698730469,0.8787580728530884
1776176130735,1.0,0.0,13828.9208984375,119.33007049560547,0.8789240121841431
1776176130753,1.0,0.0,13829.517578125,119.27542877197266,0.8790642023086548
1776176130774,1.0,0.0,13830.0146484375,119.21009063720703,0.8792335987091064
1776176130793,1.0,0.0,13831.1064453125,119.14039611816406,0.8795364499092102
1776176130813,1.0,0.0,13831.7021484375,119.14798736572266,0.8796755075454712
1776176130834,1.0,0.0,13832.1982421875,119.52723693847656,0.8798462748527527
1776176130853,1.0,0.0,13832.794921875,119.91455841064453,0.8799852728843689
1776176130873,1.0,0.0,13833.29296875,120.28079223632812,0.880153477191925
1776176130893,1.0,0.0,13834.3935546875,120.7197036743164,0.8804618716239929
1776176130913,1.0,0.0,13834.9970703125,121.04317474365234,0.8806319832801819
1776176130934,1.0,0.0,13835.6025390625,121.29073333740234,0.8807729482650757
1776176130953,1.0,0.0,13836.107421875,121.48373413085938,0.8809425830841064
1776176130974,1.0,0.0,13836.71484375,121.68125915527344,0.8810834884643555
1776176130993,1.0,0.0,13837.830078125,121.86112976074219,0.8813965320587158
1776176131013,1.0,0.0,13838.337890625,122.08543395996094,0.8815710544586182
1776176131034,1.0,0.0,13838.9482421875,122.29322052001953,0.8817392587661743
1776176131053,1.0,0.0,13839.5595703125,122.46903228759766,0.8818821310997009
1776176131074,1.0,0.0,13840.0693359375,122.67523193359375,0.8820538520812988
1776176131093,1.0,0.0,13841.1923828125,122.89061737060547,0.8823688626289368
1776176131113,1.0,0.0,13841.806640625,123.08272552490234,0.8825147747993469
1776176131134,1.0,0.0,13842.3193359375,123.2942123413086,0.8826869130134583
1776176131153,1.0,0.0,13842.935546875,123.49185943603516,0.8828316926956177
1776176131173,1.0,0.0,13843.44921875,123.66690063476562,0.8830044865608215
1776176131193,1.0,0.0,13844.6845703125,123.88378143310547,0.8833233714103699
1776176131213,1.0,0.0,13845.2001953125,124.09275817871094,0.8834962844848633
1776176131234,1.0,0.0,13845.8203125,124.27714538574219,0.8836408257484436
1776176131253,1.0,0.0,13846.337890625,124.49760437011719,0.8838145732879639
1776176131273,1.0,0.0,13846.958984375,124.71484375,0.8839619159698486
1776176131293,1.0,0.0,13848.1005859375,124.898193359375,0.8842822909355164
1776176131313,1.0,0.0,13848.62109375,125.10298919677734,0.8844568133354187
1776176131334,1.0,0.0,13849.24609375,125.31211853027344,0.8846304416656494
1776176131353,1.0,0.0,13849.8720703125,125.48548126220703,0.8847783803939819
1776176131373,1.0,0.0,13850.39453125,125.69779205322266,0.8849543333053589
1776176131393,1.0,0.0,13851.5458984375,125.91908264160156,0.885278046131134
1776176131413,1.0,0.0,13852.1748046875,126.10450744628906,0.8854241967201233
1776176131434,1.0,0.0,13852.7001953125,126.3047866821289,0.8856020569801331
1776176131453,1.0,0.0,13853.3310546875,126.5089111328125,0.8857489228248596
1776176131473,1.0,0.0,13853.857421875,126.69159698486328,0.8859291672706604
1776176131493,1.0,0.0,13855.1240234375,126.90399169921875,0.8862529397010803
1776176131513,1.0,0.0,13855.65234375,127.11590576171875,0.8864311575889587
1776176131535,1.0,0.0,13856.287109375,127.33070373535156,0.8865797519683838
1776176131553,1.0,0.0,13856.8173828125,127.50679779052734,0.8867573142051697
1776176131573,1.0,0.0,13857.4541015625,127.7061767578125,0.8869079351425171
1776176131593,1.0,0.0,13858.623046875,127.87403106689453,0.8872355818748474
1776176131613,1.0,0.0,13859.1552734375,128.0780487060547,0.8874154686927795
1776176131634,1.0,0.0,13859.794921875,128.2724151611328,0.8875940442085266
1776176131653,1.0,0.0,13860.435546875,128.46238708496094,0.8877444863319397
1776176131673,1.0,0.0,13860.9697265625,128.68310546875,0.8879244327545166
1776176131693,1.0,0.0,13862.1484375,128.8916015625,0.8882556557655334
1776176131713,1.0,0.0,13862.79296875,129.07167053222656,0.888405442237854
1776176131734,1.0,0.0,13863.330078125,129.2807159423828,0.8885865211486816
1776176131753,1.0,0.0,13863.9755859375,129.49191284179688,0.8887370824813843
1776176131773,1.0,0.0,13864.5146484375,129.66482543945312,0.8889183402061462
1776176131793,1.0,0.0,13865.810546875,129.86004638671875,0.8892529606819153
1776176131813,1.0,0.0,13866.3515625,130.07289123535156,0.8894354701042175
1776176131834,1.0,0.0,13867.0009765625,130.25645446777344,0.8895877599716187
1776176131853,1.0,0.0,13867.54296875,130.4586944580078,0.8897681832313538
1776176131873,1.0,0.0,13868.1943359375,130.65415954589844,0.8899213075637817
1776176131893,1.0,0.0,13869.3916015625,130.82119750976562,0.8902570605278015
1776176131913,1.0,0.0,13869.9365234375,131.0237274169922,0.8904404640197754
1776176131934,1.0,0.0,13870.5908203125,131.22647094726562,0.890623927116394
1776176131954,1.0,0.0,13871.24609375,131.40557861328125,0.8907778263092041
1776176131973,1.0,0.0,13871.79296875,131.61573791503906,0.8909620046615601
1776176131993,1.0,0.0,13872.998046875,131.8226776123047,0.8913000822067261
1776176132013,1.0,0.0,13873.65625,131.9936981201172,0.8914548754692078
1776176132035,1.0,0.0,13874.2060546875,132.19821166992188,0.8916398286819458
1776176132053,1.0,0.0,13874.8662109375,132.39242553710938,0.8917955756187439
1776176132073,1.0,0.0,13875.4169921875,132.55685424804688,0.8919804096221924
1776176132093,1.0,0.0,13876.630859375,132.75668334960938,0.8923211097717285
1776176132113,1.0,0.0,13877.2939453125,132.94918823242188,0.8925065994262695
1776176132133,1.0,0.0,13877.9580078125,133.1297149658203,0.8926622271537781
1776176132153,1.0,0.0,13878.51171875,133.3516082763672,0.8928495049476624
1776176132173,1.0,0.0,13879.177734375,133.56341552734375,0.8930044174194336
1776176132193,1.0,0.0,13880.4013671875,133.73495483398438,0.893348217010498
1776176132215,1.0,0.0,13880.9580078125,133.9521026611328,0.8935366272926331
1776176132235,1.0,0.0,13881.626953125,134.12586975097656,0.893723726272583
1776176132253,1.0,0.0,13882.185546875,134.2951202392578,0.89388108253479
1776176132273,1.0,0.0,13882.8564453125,134.49066162109375,0.8940690159797668
1776176132293,1.0,0.0,13884.087890625,134.6907196044922,0.8944148421287537
1776176132313,1.0,0.0,13884.7607421875,134.86715698242188,0.8945721387863159
1776176132334,1.0,0.0,13885.322265625,135.06991577148438,0.89476078748703
1776176132353,1.0,0.0,13885.9970703125,135.25172424316406,0.8949190974235535
1776176132373,1.0,0.0,13886.5595703125,135.41680908203125,0.8951085805892944
1776176132393,1.0,0.0,13887.912109375,135.6344451904297,0.895456850528717
1776176132413,1.0,0.0,13888.4775390625,135.8426055908203,0.8956473469734192
1776176132434,1.0,0.0,13889.15625,136.01707458496094,0.8958065509796143
1776176132454,1.0,0.0,13889.72265625,136.22158813476562,0.8959977626800537
1776176132473,1.0,0.0,13890.4033203125,136.41802978515625,0.8961563110351562
1776176132493,1.0,0.0,13891.65234375,136.5715789794922,0.8965073227882385
1776176132513,1.0,0.0,13892.220703125,136.758056640625,0.8966988921165466
1776176132534,0.8085999488830566,0.0,13892.904296875,136.95079040527344,0.8968901634216309
1776176132553,0.4959999918937683,0.0,13893.587890625,137.09732055664062,0.8970506191253662
1776176132573,0.03970000147819519,0.0,13894.158203125,137.17477416992188,0.8972428441047668
1776176132593,0.0,0.0,13895.4150390625,137.13137817382812,0.8975950479507446
1776176132613,0.0,0.0,13896.1005859375,137.04937744140625,0.8977552652359009
1776176132634,0.0,0.0,13896.671875,136.9546356201172,0.897947371006012
1776176132653,0.0,0.0,13897.3564453125,136.8668212890625,0.8981080055236816
1776176132673,0.0,0.0,13897.9267578125,136.77967834472656,0.8983003497123718
1776176132693,0.0,0.0,13899.2939453125,136.6885986328125,0.8986514210700989
1776176132713,0.0,0.0002581577282398939,13899.86328125,136.60328674316406,0.8988426327705383
1776176132735,0.0,0.03332889452576637,13900.5458984375,136.52244567871094,0.8990026116371155
1776176132753,0.0,0.24442484974861145,13901.1142578125,136.37811279296875,0.8991935849189758
1776176132773,0.0,0.6795321106910706,13901.7958984375,136.04710388183594,0.8993529081344604
1776176132793,0.0,1.0,13903.04296875,135.4967803955078,0.8997026681900024
1776176132813,0.0,1.0,13903.607421875,134.68601989746094,0.8998932242393494
1776176132833,0.0,1.0,13904.2822265625,133.84359741210938,0.9000810384750366
1776176132853,0.0,0.8478404879570007,13904.953125,133.13414001464844,0.9002382159233093
1776176132874,0.0,0.7845343947410583,13906.173828125,132.28445434570312,0.9005787372589111
1776176132893,0.0,0.7968763709068298,13906.724609375,131.48355102539062,0.9007638692855835
1776176132913,0.0,0.9146422147750854,13907.3818359375,130.79286193847656,0.9009182453155518
1776176132934,0.0,1.0,13907.9267578125,129.94830322265625,0.9011002779006958
1776176132953,0.0,1.0,13908.578125,129.0487518310547,0.9012525081634521
1776176132974,0.0,1.0,13909.1181640625,128.26197814941406,0.9014338254928589
1776176132993,0.0,1.0,13910.296875,127.35330963134766,0.9017634987831116
1776176133013,0.0,1.0,13910.9345703125,126.46650695800781,0.9019424915313721
1776176133034,0.0,1.0,13911.568359375,125.64899444580078,0.902089536190033
1776176133053,0.0,1.0,13912.09375,124.74313354492188,0.9022654891014099
1776176133074,0.0,1.0,13912.720703125,123.83308410644531,0.9024114608764648
1776176133093,0.0,1.0,13913.8603515625,123.05374145507812,0.9027301073074341
1776176133113,0.0,1.0,13914.3740234375,122.12081909179688,0.9029024243354797
1776176133135,0.0,1.0,13914.9873046875,121.21284484863281,0.9030438661575317
1776176133153,0.0,1.0,13915.4951171875,120.45378112792969,0.9032150506973267
1776176133173,0.0,1.0,13916.1015625,119.54917907714844,0.9033839106559753
1776176133193,0.0,1.0,13917.203125,118.66010284423828,0.9036922454833984
1776176133213,0.0,1.0,13917.798828125,117.89942169189453,0.9038308262825012
1776176133234,0.0,1.0,13918.2919921875,117.01728820800781,0.9039961099624634
1776176133253,0.0,1.0,13918.8798828125,116.11749267578125,0.9041336178779602
1776176133274,0.0,1.0,13919.3671875,115.37032318115234,0.9042967557907104
1776176133293,0.0,1.0,13920.4296875,114.59107208251953,0.9045926332473755
1776176133313,0.0,1.0,13921.00390625,113.744140625,0.9047546982765198
1776176133335,0.0,1.0,13921.5751953125,113.01606750488281,0.9048868417739868
1776176133353,0.0,1.0,13922.0478515625,112.25028991699219,0.90504390001297
1776176133374,0.0,1.0,13922.6123046875,111.47093963623047,0.905177116394043
1776176133393,0.0,1.0,13923.638671875,110.81387329101562,0.9054638147354126
1776176133413,0.0,1.0,13924.1015625,110.02037811279297,0.9056189656257629
1776176133434,0.0,1.0,13924.6533203125,109.24002075195312,0.9057742357254028
1776176133453,0.0,1.0,13925.1103515625,108.56226348876953,0.9059004187583923
1776176133473,0.0,1.0,13925.65625,107.80840301513672,0.906053900718689
1776176133493,0.0,1.0,13926.6474609375,107.0029296875,0.9063318371772766
1776176133513,0.0,1.0,13927.18359375,106.34799194335938,0.906456708908081
1776176133534,0.0,1.0,13927.6279296875,105.6014175415039,0.9066064357757568
1776176133553,0.0,1.0,13928.158203125,104.80734252929688,0.9067290425300598
1776176133575,0.0,1.0,13929.1220703125,104.05445861816406,0.9069976806640625
1776176133593,0.0,1.0,13929.556640625,103.35258483886719,0.9071429967880249
1776176133613,0.0,1.0,13930.0751953125,102.61192321777344,0.9072874784469604
1776176133634,0.0,1.0,13930.58984375,101.86771392822266,0.907407283782959
1776176133653,0.0,1.0,13931.0166015625,101.18275451660156,0.9075499176979065
1776176133673,0.0,1.0,13931.525390625,100.37925720214844,0.9076686501502991
1776176133693,0.0,1.0,13932.4501953125,99.67040252685547,0.9079251289367676
1776176133713,0.0,1.0,13932.8662109375,98.82002258300781,0.9080641865730286
1776176133735,0.0,0.8347579836845398,13933.3623046875,98.07565307617188,0.9082023501396179
1776176133753,0.0,0.6906412839889526,13933.85546875,97.45956420898438,0.9083167314529419
1776176133773,0.0,0.527914822101593,13934.263671875,96.76046752929688,0.9084522724151611
1776176133793,0.0,0.36630862951278687,13935.154296875,96.17333984375,0.9086998105049133
1776176133813,0.0,0.3131811320781708,13935.63671875,95.78397369384766,0.9088115692138672
1776176133834,0.0,0.26043614745140076,13936.037109375,95.40023803710938,0.9089465141296387
1776176133853,0.0,0.22914811968803406,13936.515625,95.06796264648438,0.9090578556060791
1776176133873,0.0,0.20520155131816864,13936.9130859375,94.80329895019531,0.9091897010803223
1776176133893,0.0,0.1831449568271637,13937.78515625,94.52383422851562,0.9094328284263611
1776176133913,0.0,0.16293016076087952,13938.2587890625,94.2625961303711,0.9095658659934998
1776176133935,0.0,0.14793184399604797,13938.7314453125,94.01360321044922,0.9096735715866089
1776176133955,0.0,0.1374005228281021,13939.125,93.81700134277344,0.9098032116889954
1776176133974,0.0,0.1241873949766159,13939.595703125,93.58931732177734,0.9099130034446716
1776176133993,0.0,0.11196944862604141,13940.4560546875,93.41680145263672,0.9101517200469971
1776176134013,0.0,0.1033676341176033,13940.8466796875,92.94935607910156,0.9102811217308044
1776176134035,0.0,0.08526267111301422,13941.3134765625,92.4050064086914,0.9104106426239014
1776176134053,0.0,0.07823561131954193,13941.77734375,92.01351165771484,0.9105156064033508
1776176134074,0.0,0.07161616533994675,13942.6220703125,91.620361328125,0.9107510447502136
1776176134093,0.0,0.06142096966505051,13943.00390625,91.24193572998047,0.91087806224823
1776176134113,0.0,0.05584537237882614,13943.4609375,90.9390640258789,0.9109854102134705
1776176134134,0.0,0.05065058171749115,13943.83984375,90.57431030273438,0.9111106395721436
1776176134153,0.0,0.047383863478899,13944.2939453125,90.2384033203125,0.9112141728401184
1776176134173,0.0,0.041335735470056534,13944.6708984375,89.97803497314453,0.911338746547699
1776176134193,0.0,0.03332889452576637,13945.4970703125,89.71961975097656,0.9115685820579529
1776176134215,0.0,0.023551534861326218,13945.9462890625,89.48765563964844,0.9116948843002319
1776176134233,0.0,0.016791880130767822,13946.39453125,89.28878784179688,0.9117974638938904
1776176134253,0.0,0.008999587967991829,13946.767578125,89.06842803955078,0.911921501159668
1776176134273,0.0,0.003737070132046938,13947.2138671875,88.85074615478516,0.9120240807533264
1776176134293,0.0,0.000664277991745621,13948.029296875,88.6782455444336,0.912248432636261
1776176134314,0.0,7.869197133913985e-07,13948.3994140625,88.47816467285156,0.9123703241348267
1776176134335,0.0,0.0,13948.8427734375,88.27312469482422,0.9124917387962341
1776176134353,0.0,0.0,13949.28515625,88.10250091552734,0.9125937223434448
1776176134373,0.0,0.0,13949.6533203125,87.90290069580078,0.9127137660980225
1776176134393,0.0,0.0,13950.4599609375,87.70611572265625,0.9129397869110107
1776176134413,0.0,0.0,13950.8994140625,87.52906036376953,0.9130367636680603
1776176134434,0.0,0.0,13951.2646484375,87.32231140136719,0.9131603837013245
1776176134453,0.0,0.0,13951.7021484375,87.12330627441406,0.9132606983184814
1776176134473,0.0,0.0,13952.0654296875,86.95418548583984,0.9133790731430054
1776176134493,0.0,0.0,13952.86328125,86.77033233642578,0.9135993123054504
1776176134513,0.0,0.0,13953.296875,86.58634948730469,0.9137185215950012
1776176134534,0.0,0.0,13953.73046875,86.42333984375,0.9138176441192627
1776176134553,0.0,0.0,13954.0908203125,86.24105072021484,0.9139367938041687
1776176134574,0.0,0.0,13954.5224609375,86.0543212890625,0.9140377640724182
1776176134593,0.03970000147819519,0.0,13955.3125,85.90144348144531,0.9142506122589111
1776176134613,0.1269499957561493,0.0,13955.6708984375,85.72522735595703,0.914370059967041
1776176134634,0.23805001378059387,0.0,13956.099609375,85.56465911865234,0.9144903421401978
1776176134653,0.3015500009059906,0.0,13956.52734375,85.42601776123047,0.9145888090133667
1776176134674,0.35315001010894775,0.0,13956.8837890625,85.27531433105469,0.9147052764892578
1776176134694,0.38089999556541443,0.0,13957.666015625,85.14234161376953,0.9149203300476074
1776176134713,0.40869998931884766,0.0,13958.091796875,85.04545593261719,0.9150169491767883
1776176134733,0.4126499891281128,0.0,13958.4462890625,84.95114135742188,0.9151316285133362
1776176134753,0.40470001101493835,0.0,13958.87109375,84.8750991821289,0.9152302742004395
1776176134773,0.3928000032901764,0.0,13959.224609375,84.82222747802734,0.9153499007225037
1776176134793,0.38089999556541443,0.0,13960.072265625,84.75589752197266,0.9155628085136414
1776176134813,0.37299999594688416,0.0,13960.42578125,84.69331359863281,0.9156756401062012
1776176134834,0.361050009727478,0.0,13960.849609375,84.63284301757812,0.9157705307006836
1776176134853,0.3452000021934509,0.0,13961.2021484375,84.58525085449219,0.9158875942230225
1776176134874,0.32934999465942383,0.0,13961.9775390625,84.51746368408203,0.9161033034324646
1776176134893,0.31345000863075256,0.0,13962.400390625,84.44989776611328,0.9162002801895142
1776176134913,0.29760000109672546,0.0,13962.7529296875,84.37286376953125,0.9163164496421814
1776176134934,0.2817000150680542,0.0,13963.1748046875,84.28321075439453,0.9164338111877441
1776176134954,0.2738000154495239,0.0,13963.5966796875,84.1737060546875,0.9165291786193848
1776176134973,0.2658500075340271,0.0,13963.9482421875,84.07550048828125,0.9166406989097595
1776176134993,0.25394999980926514,0.0,13964.7197265625,83.96342468261719,0.9168557524681091
1776176135013,0.25394999980926514,0.0,13965.1396484375,83.85892486572266,0.9169527292251587
1776176135035,0.2459999918937683,0.0,13965.4892578125,83.71106719970703,0.917063295841217
1776176135053,0.23805001378059387,0.0,13965.908203125,83.60490417480469,0.9171619415283203
1776176135074,0.23410001397132874,0.0,13966.2568359375,83.50519561767578,0.9172765612602234
1776176135093,0.2301500141620636,0.0,13967.0224609375,83.38775634765625,0.9174829721450806
1776176135119,0.22220000624656677,0.0,13967.439453125,83.25574493408203,0.9175994396209717
1776176135135,0.21825000643730164,0.0,13967.8564453125,83.16224670410156,0.9176937341690063
1776176135154,0.2102999985218048,0.0,13968.203125,83.06922149658203,0.9178077578544617
1776176135174,0.20634999871253967,0.0,13968.619140625,82.9697036743164,0.9178990721702576
1776176135193,0.20235002040863037,0.0,13969.3798828125,82.87897491455078,0.9181113839149475
1776176135213,0.1904500126838684,0.0,13969.7255859375,82.77523040771484,0.918225109577179
1776176135233,0.18250000476837158,0.0,13970.1396484375,82.67321014404297,0.9183191657066345
1776176135253,0.16664999723434448,0.0,13970.484375,82.58992767333984,0.9184295535087585
1776176135274,0.14285001158714294,0.0,13971.310546875,82.48814392089844,0.9186354279518127
1776176135293,0.12299999594688416,0.0,13971.654296875,82.38690185546875,0.9187456965446472
1776176135313,0.10315001010894775,0.0,13972.06640625,82.30491638183594,0.9188429713249207
1776176135334,0.08730000257492065,0.0,13972.4091796875,82.2017822265625,0.9189558029174805
1776176135353,0.07140001654624939,0.0,13972.8203125,82.09276580810547,0.9190472364425659
1776176135374,0.06350001692771912,0.0,13973.5732421875,81.9880599975586,0.91925448179245
1776176135393,0.06350001692771912,0.0,13973.9150390625,81.86004638671875,0.919365406036377
1776176135413,0.07140001654624939,0.0,13974.32421875,81.72624206542969,0.9194810390472412
1776176135434,0.09125000238418579,0.0,13974.7333984375,81.58557891845703,0.9195697903633118
1776176135453,0.11110001802444458,0.0,13975.0732421875,81.47209930419922,0.9196854829788208
1776176135473,0.13885000348091125,0.0,13975.4814453125,81.34860229492188,0.9197742938995361
1776176135493,0.16664999723434448,0.0,13976.228515625,81.24656677246094,0.9199804663658142
1776176135513,0.20235002040863037,0.0,13976.5673828125,81.12759399414062,0.9200903177261353
1776176135534,0.2301500141620636,0.0,13976.9736328125,81.0064926147461,0.9202010631561279
1776176135553,0.2459999918937683,0.0,13977.37890625,80.91261291503906,0.9202898740768433
1776176135574,0.25394999980926514,0.0,13977.716796875,80.81422424316406,0.9204043745994568
1776176135593,0.26190000772476196,0.0,13978.4580078125,80.7117919921875,0.9206047654151917
1776176135613,0.26190000772476196,0.0,13978.861328125,80.62187957763672,0.9206985831260681
1776176135634,0.26190000772476196,0.0,13979.197265625,80.51367950439453,0.9208098649978638
1776176135653,0.26980000734329224,0.0,13979.6005859375,80.4074935913086,0.920903742313385
1776176135673,0.2738000154495239,0.0,13979.935546875,80.3169174194336,0.9210108518600464
1776176135693,0.2817000150680542,0.0,13980.6728515625,80.1945571899414,0.9212107062339783
1776176135713,0.29360002279281616,0.0,13981.07421875,80.07917785644531,0.9213188290596008
1776176135733,0.31345000863075256,0.0,13981.474609375,79.98597717285156,0.9214115142822266
1776176135753,0.33329999446868896,0.0,13981.80859375,79.88825988769531,0.9215178489685059
1776176135774,0.3571000099182129,0.0,13982.208984375,79.8107681274414,0.9216077327728271
1776176135793,0.3769499957561493,0.0,13982.94140625,79.75495147705078,0.9218125939369202
1776176135813,0.40869998931884766,0.0,13983.2734375,79.71333312988281,0.9219168424606323
1776176135834,0.4325000047683716,0.0,13983.671875,79.68809509277344,0.922027051448822
1776176135853,0.4562999904155731,0.0,13984.0703125,79.66613006591797,0.9221186637878418
1776176135873,0.4721499979496002,0.0,13984.40234375,79.64913177490234,0.9222263097763062
1776176135893,0.492000013589859,0.0,13985.1328125,79.64802551269531,0.9224254488945007
1776176135913,0.49994999170303345,0.0,13985.53125,79.65638732910156,0.9225175380706787
1776176135937,0.5,0.0,13985.86328125,79.67658233642578,0.9226244688034058
1776176135954,0.5038999915122986,0.0,13986.26171875,79.69606018066406,0.9227132797241211
1776176135973,0.5077999830245972,0.0,13986.59375,79.71297454833984,0.9228235483169556
1776176135993,0.5077999830245972,0.0,13987.390625,79.74046325683594,0.9230179190635681
1776176136014,0.5156000256538391,0.0,13987.72265625,79.76618957519531,0.9231263399124146
1776176136034,0.5234500169754028,0.0,13988.12109375,79.80313873291016,0.9232192039489746
1776176136053,0.5390499830245972,0.0,13988.453125,79.84083557128906,0.9233273267745972
1776176136074,0.5625,0.0,13988.8525390625,79.89111328125,0.9234212636947632
1776176136094,0.5780999660491943,0.0,13989.5849609375,79.94483947753906,0.923618495464325
1776176136113,0.5898500084877014,0.0,13989.91796875,80.01010131835938,0.923725962638855
1776176136134,0.5976499915122986,0.0,13990.3173828125,80.10030364990234,0.9238368272781372
1776176136153,0.6015499830245972,0.0,13990.7177734375,80.18842315673828,0.9239237308502197
1776176136174,0.6015499830245972,0.0,13991.0517578125,80.28562927246094,0.9240366816520691
1776176136193,0.5976499915122986,0.0,13991.787109375,80.37784576416016,0.9242380261421204
1776176136214,0.59375,0.0,13992.1884765625,80.45748138427734,0.9243296384811401
1776176136236,0.5898500084877014,0.0,13992.5234375,80.57400512695312,0.9244381189346313
1776176136253,0.5898500084877014,0.0,13992.92578125,80.6656494140625,0.9245269894599915
1776176136273,0.5898500084877014,0.0,13993.26171875,80.75080871582031,0.9246404767036438
1776176136293,0.5898500084877014,0.0,13994.068359375,80.8534164428711,0.9248420000076294
1776176136313,0.5898500084877014,0.0,13994.4052734375,80.95437622070312,0.9249517321586609
1776176136334,0.5898500084877014,0.0,13994.8095703125,81.03363800048828,0.9250442981719971
1776176136353,0.5898500084877014,0.0,13995.146484375,81.1007080078125,0.9251563549041748
1776176136373,0.5898500084877014,0.0,13995.5517578125,81.19741821289062,0.9252443313598633
1776176136393,0.5898500084877014,0.0,13996.294921875,81.30307006835938,0.9254543781280518
1776176136413,0.5898500084877014,0.0,13996.6337890625,81.4103012084961,0.9255616664886475
1776176136434,0.5898500084877014,0.0,13997.0400390625,81.50704956054688,0.9256744384765625
1776176136453,0.5859500169754028,0.0,13997.447265625,81.58936309814453,0.9257639646530151
1776176136473,0.5859500169754028,0.0,13997.787109375,81.68670654296875,0.9258811473846436
1776176136493,0.5859500169754028,0.0,13998.5341796875,81.769775390625,0.9260843992233276
1776176136513,0.59375,0.0,13998.9423828125,81.8414306640625,0.9261777400970459
1776176136534,0.59375,0.0,13999.283203125,81.9375,0.9262913465499878
1776176136553,0.59375,0.0,13999.6923828125,82.04192352294922,0.9263847470283508
1776176136575,0.59375,0.0,14000.0341796875,82.12838745117188,0.9265000224113464
1776176136593,0.5976499915122986,0.0,14000.7861328125,82.23082733154297,0.9267032742500305
1776176136613,0.5976499915122986,0.0,14001.197265625,82.33409881591797,0.9268146753311157
1776176136634,0.5976499915122986,0.0,14001.6083984375,82.42558288574219,0.9269095659255981
1776176136653,0.5976499915122986,0.0,14001.9521484375,82.52686309814453,0.9270238876342773
1776176136673,0.5976499915122986,0.0,14002.3642578125,82.63080596923828,0.9271188378334045
1776176136693,0.5976499915122986,0.0,14003.12109375,82.71077728271484,0.9273228049278259
1776176136713,0.5976499915122986,0.0,14003.4658203125,82.81527709960938,0.9274401068687439
1776176136734,0.5976499915122986,0.0,14003.8798828125,82.9181900024414,0.9275325536727905
1776176136753,0.5976499915122986,0.0,14004.2255859375,82.99545288085938,0.9276483654975891
1776176136774,0.6054499745368958,0.0,14004.640625,83.09230041503906,0.9277600049972534
1776176136793,0.6132999658584595,0.0,14005.4013671875,83.20249938964844,0.9279707670211792
1776176136813,0.6211000084877014,0.0,14005.8173828125,83.30416107177734,0.9280686974525452
1776176136834,0.6327999830245972,0.0,14006.1640625,83.41020965576172,0.9281808733940125
1776176136853,0.6405999660491943,0.0,14006.5810546875,83.52307891845703,0.9282745718955994
1776176136875,0.6405999660491943,0.0,14007.345703125,83.62916564941406,0.9284838438034058
1776176136893,0.6445499658584595,0.0,14007.693359375,83.71373748779297,0.9286002516746521
1776176136913,0.6445499658584595,0.0,14008.111328125,83.80077362060547,0.9287129044532776
1776176136935,0.6445499658584595,0.0,14008.5302734375,83.9186019897461,0.9288116693496704
1776176136953,0.6445499658584595,0.0,14008.8798828125,84.00740814208984,0.9289278388023376
1776176136973,0.6445499658584595,0.0,14009.2998046875,84.10919952392578,0.9290211796760559
1776176136993,0.6445499658584595,0.0,14010.0703125,84.19863891601562,0.9292322397232056
1776176137013,0.6484500169754028,0.0,14010.4208984375,84.30957794189453,0.9293491840362549
1776176137034,0.65625,0.0,14010.841796875,84.41878509521484,0.9294661283493042
1776176137053,0.6601499915122986,0.0,14011.263671875,84.52487182617188,0.9295583367347717
1776176137074,0.6679499745368958,0.0,14011.615234375,84.64157104492188,0.9296806454658508
1776176137093,0.6797000169754028,0.0,14012.390625,84.76750183105469,0.9298943877220154
1776176137113,0.6875,0.0,14012.814453125,84.88349151611328,0.9299919605255127
1776176137135,0.6913999915122986,0.0,14013.16796875,85.0345687866211,0.9301052093505859
1776176137153,0.6913999915122986,0.0,14013.5927734375,85.1536865234375,0.930205225944519
1776176137174,0.6952999830245972,0.0,14013.947265625,85.27633666992188,0.9303252100944519
1776176137193,0.6952999830245972,0.0,14014.728515625,85.4188232421875,0.9305381178855896
1776176137213,0.6875,0.0,14015.1552734375,85.55011749267578,0.9306543469429016
1776176137234,0.6875,0.0,14015.5830078125,85.68053436279297,0.9307531118392944
1776176137253,0.6875,0.0,14015.939453125,85.79338073730469,0.9308735728263855
1776176137274,0.6952999830245972,0.0,14016.3681640625,85.92733764648438,0.930970311164856
1776176137293,0.6952999830245972,0.0,14017.1552734375,86.03372955322266,0.9311913251876831
1776176137313,0.6952999830245972,0.0,14017.513671875,86.17396545410156,0.9313086271286011
1776176137334,0.6952999830245972,0.0,14017.9443359375,86.32157897949219,0.931427538394928
1776176137353,0.6952999830245972,0.0,14018.3759765625,86.4427490234375,0.9315296411514282
1776176137373,0.6952999830245972,0.0,14018.7353515625,86.5775146484375,0.9316468834877014
1776176137393,0.6913999915122986,0.0,14019.5283203125,86.72254180908203,0.9318676590919495
1776176137413,0.6875,0.0,14019.9619140625,86.83670043945312,0.9319685101509094
1776176137433,0.6875,0.0,14020.3232421875,86.97132110595703,0.9320891499519348
1776176137453,0.6875,0.0,14020.7578125,87.1116714477539,0.9321880340576172
1776176137473,0.6875,0.0,14021.1201171875,87.24620056152344,0.9323117136955261
1776176137493,0.6875,0.0,14021.9189453125,87.40303802490234,0.9325306415557861
1776176137513,0.6952999830245972,0.0,14022.3564453125,87.55719757080078,0.9326528310775757
1776176137536,0.7030999660491943,0.0,14022.7939453125,87.71577453613281,0.9327525496482849
1776176137553,0.7304499745368958,0.0,14023.1591796875,87.85636901855469,0.9328765273094177
1776176137573,0.7655999660491943,0.0,14023.59765625,88.02609252929688,0.9329779148101807
1776176137593,0.7968499660491943,0.0,14024.404296875,88.18812561035156,0.9332038760185242
1776176137613,0.8554500341415405,0.0,14024.771484375,88.38986206054688,0.9333266615867615
1776176137634,0.9218499660491943,0.0,14025.212890625,88.61005401611328,0.9334498643875122
1776176137653,0.9804499745368958,0.0,14025.6552734375,88.81816864013672,0.9335522651672363
1776176137674,1.0,0.0,14026.46875,89.08432006835938,0.9337794780731201
1776176137693,1.0,0.0,14026.83984375,89.36149597167969,0.9339039325714111
1776176137713,1.0,0.0,14027.2861328125,89.6079330444336,0.9340078830718994
1776176137734,1.0,0.0,14027.6591796875,89.90657043457031,0.9341346621513367
1776176137753,1.0,0.0,14028.1083984375,90.2121810913086,0.9342381954193115
1776176137773,1.0,0.0,14028.4833984375,90.47534942626953,0.9343644380569458
1776176137794,1.0,0.0,14029.38671875,90.78154754638672,0.9345967173576355
1776176137813,1.0,0.0,14029.7646484375,91.09686279296875,0.9347239136695862
1776176137834,1.0,0.0,14030.2197265625,91.36136627197266,0.9348301291465759
1776176137853,1.0,0.0,14030.599609375,91.64861297607422,0.9349585175514221
1776176137873,1.0,0.0,14031.056640625,91.94438934326172,0.9350647330284119
1776176137893,1.0,0.0,14031.8974609375,92.20030212402344,0.9353010654449463
1776176137914,1.0,0.0,14032.28125,92.49620819091797,0.9354311227798462
1776176137935,1.0,0.0,14032.7431640625,92.77503204345703,0.9355619549751282
1776176137953,1.0,0.0,14033.2060546875,93.021728515625,0.9356688261032104
1776176137974,1.0,0.0,14033.5927734375,93.31361389160156,0.9358004927635193
1776176137993,1.0,0.0,14034.4462890625,93.61553955078125,0.936040461063385
1776176138013,1.0,0.0,14034.9140625,93.85723876953125,0.9361493587493896
1776176138033,1.0,0.0,14035.3046875,94.1451644897461,0.9362819194793701
1776176138054,1.0,0.0,14035.7744140625,94.44302368164062,0.9363924860954285
1776176138073,1.0,0.0,14036.1669921875,94.69242858886719,0.9365256428718567
1776176138093,1.0,0.0,14037.1123046875,94.98236083984375,0.936768114566803
1776176138113,1.0,0.0,14037.5078125,95.26542663574219,0.9369027018547058
1776176138134,1.0,0.0,14037.9833984375,95.5423355102539,0.9370149374008179
1776176138153,1.0,0.0,14038.380859375,95.78135681152344,0.9371498227119446
1776176138174,0.9648499488830566,0.0,14038.8583984375,96.0832290649414,0.9372637271881104
1776176138193,0.8984500169754028,0.0,14039.73828125,96.326416015625,0.9375113248825073
1776176138213,0.8163999915122986,0.0,14040.1396484375,96.57526397705078,0.9376468658447266
1776176138234,0.75,0.0,14040.6220703125,96.80669403076172,0.9377831220626831
1776176138253,0.7304499745368958,0.0,14041.10546875,97.0006332397461,0.9378960132598877
1776176138273,0.7577999830245972,0.0,14041.5087890625,97.1874771118164,0.9380341172218323
1776176138293,0.7851499915122986,0.0,14042.3994140625,97.35322570800781,0.9382853507995605
1776176138314,0.8280999660491943,0.0,14042.8857421875,97.53398132324219,0.93840092420578
1776176138334,0.8593499660491943,0.0,14043.2919921875,97.70512390136719,0.9385367631912231
1776176138353,0.8905999660491943,0.0,14043.779296875,97.91653442382812,0.9386531114578247
1776176138374,0.9179500341415405,0.0,14044.1865234375,98.10131072998047,0.9387914538383484
1776176138393,0.9491999745368958,0.0,14045.166015625,98.3424072265625,0.9390450716018677
1776176138413,0.9648499488830566,0.0,14045.5751953125,98.59515380859375,0.9391841292381287
1776176138434,0.9843499660491943,0.0,14046.0673828125,98.85965728759766,0.9392982125282288
1776176138453,1.0,0.0,14046.478515625,99.0944595336914,0.9394394755363464
1776176138474,1.0,0.0,14046.97265625,99.36136627197266,0.9395555853843689
1776176138493,1.0,0.0,14047.8818359375,99.57513427734375,0.9398123621940613
1776176138513,1.0,0.0,14048.296875,99.82036590576172,0.9399542808532715
1776176138534,1.0,0.0,14048.7958984375,100.07707214355469,0.940094530582428
1776176138553,1.0,0.0,14049.2958984375,100.28863525390625,0.9402117729187012
1776176138573,1.0,0.0,14049.712890625,100.5556869506836,0.940353512763977
1776176138593,1.0,0.0,14050.6337890625,100.8189697265625,0.9406142830848694
1776176138613,1.0,0.0,14051.1376953125,101.04780578613281,0.940731942653656
1776176138634,1.0,0.0,14051.55859375,101.28355407714844,0.940876305103302
1776176138653,1.0,0.0,14052.064453125,101.51351165771484,0.9409946203231812
1776176138674,1.0,0.0,14052.486328125,101.71231842041016,0.9411373734474182
1776176138693,1.0,0.0,14053.41796875,101.95447540283203,0.9414016604423523
1776176138713,1.0,0.0,14053.927734375,102.22174072265625,0.9415451884269714
1776176138734,1.0,0.0,14054.4384765625,102.49125671386719,0.94166499376297
1776176138753,1.0,0.0,14054.865234375,102.69648742675781,0.9418097734451294
1776176138774,1.0,0.0,14055.3779296875,102.9343032836914,0.9419296383857727
1776176138793,1.0,0.0,14056.3203125,103.15116119384766,0.9421963691711426
1776176138813,1.0,0.0,14056.75,103.39118957519531,0.9423418641090393
1776176138833,1.0,0.0,14057.2666015625,103.61628723144531,0.9424874782562256
1776176138854,1.0,0.0,14057.7841796875,103.84066772460938,0.9426100850105286
1776176138873,1.0,0.0,14058.2158203125,104.03577423095703,0.9427570104598999
1776176138893,1.0,0.0,14059.16796875,104.26780700683594,0.9430261850357056
1776176138913,1.0,0.0,14059.6884765625,104.45874786376953,0.9431490302085876
1776176138934,1.0,0.0,14060.123046875,104.6875228881836,0.9432955384254456
1776176138953,1.0,0.0,14060.6455078125,104.9226303100586,0.9434202909469604
1776176138976,1.0,0.0,14061.6064453125,105.16194152832031,0.943690836429596
1776176138993,1.0,0.0,14062.0439453125,105.35993194580078,0.943839967250824
1776176139013,1.0,0.0,14062.5703125,105.59331512451172,0.9439873695373535
1776176139034,1.0,0.0,14063.09765625,105.79297637939453,0.9441124796867371
1776176139053,1.0,0.0,14063.5380859375,106.0163803100586,0.9442613124847412
1776176139073,1.0,0.0,14064.0673828125,106.24040985107422,0.944386899471283
1776176139093,1.0,0.0,14065.0400390625,106.43182373046875,0.9446624517440796
1776176139113,1.0,0.0,14065.4833984375,106.66050720214844,0.9448127746582031
1776176139134,1.0,0.0,14066.015625,106.88066864013672,0.9449631571769714
1776176139153,1.0,0.0,14066.548828125,107.06986236572266,0.945088803768158
1776176139173,1.0,0.0,14066.994140625,107.2918930053711,0.9452402591705322
1776176139193,0.96875,0.0,14067.9765625,107.51932525634766,0.945518434047699
1776176139213,0.90625,0.0,14068.513671875,107.71898651123047,0.9456451535224915
1776176139234,0.8242000341415405,0.0,14068.9619140625,107.93875885009766,0.945797324180603
1776176139254,0.7538999915122986,0.0,14069.5009765625,108.12358856201172,0.945923924446106
1776176139274,0.6952999830245972,0.0,14070.490234375,108.279296875,0.946229100227356
1776176139293,0.6445499658584595,0.0,14071.03125,108.38069915771484,0.946357250213623
1776176139313,0.5898500084877014,0.0,14071.482421875,108.48756408691406,0.9465093016624451
1776176139333,0.53125,0.0,14072.0244140625,108.56700134277344,0.9466366171836853
1776176139353,0.48805001378059387,0.0,14072.4765625,108.63116455078125,0.9467895030975342
1776176139373,0.4562999904155731,0.0,14073.01953125,108.68721771240234,0.9469180703163147
1776176139393,0.4364500045776367,0.0,14074.0146484375,108.64226531982422,0.9471986293792725
1776176139413,0.44440001249313354,0.0,14074.466796875,108.5603256225586,0.9473515748977661
1776176139433,0.4721499979496002,0.0,14075.0087890625,108.48152160644531,0.9475040435791016
1776176139453,0.5038999915122986,0.0,14075.55078125,108.4159164428711,0.9476316571235657
1776176139473,0.5429499745368958,0.0,14076.001953125,108.3442153930664,0.9477838277816772
1776176139493,0.5898500084877014,0.0,14076.994140625,108.27069091796875,0.9480639100074768
1776176139513,0.6405999660491943,0.0,14077.53515625,108.20669555664062,0.9481905102729797
1776176139534,0.7109500169754028,0.0,14077.9853515625,108.13969421386719,0.9483426213264465
1776176139553,0.7695499658584595,0.0,14078.525390625,108.07840728759766,0.9484691023826599
1776176139574,0.8202999830245972,0.0,14078.9755859375,108.0250015258789,0.9486203193664551
1776176139593,0.8632999658584595,0.0,14079.9658203125,107.96587371826172,0.9488982558250427
1776176139613,0.9140499830245972,0.0,14080.5048828125,107.90474700927734,0.949049711227417
1776176139634,0.9609500169754028,0.0,14081.0439453125,107.96361541748047,0.9491764903068542
1776176139654,1.0,0.0,14081.4931640625,108.2997817993164,0.9493284225463867
1776176139673,1.0,0.0,14082.033203125,108.63286590576172,0.9494549036026001
1776176139693,1.0,0.0,14083.02734375,108.90821838378906,0.949759840965271
1776176139713,1.0,0.0,14083.572265625,109.27912902832031,0.9498872756958008
1776176139734,1.0,0.0,14084.02734375,109.65475463867188,0.9500406980514526
1776176139753,1.0,0.0,14084.5751953125,110.0126724243164,0.9501686692237854
1776176139775,1.0,0.0,14085.583984375,110.42070007324219,0.9504518508911133
1776176139793,1.0,0.0,14086.0439453125,110.61261749267578,0.9506065845489502
1776176139813,1.0,0.0,14086.59765625,110.8298110961914,0.9507361054420471
1776176139834,1.0,0.0,14087.0595703125,111.0561752319336,0.9508912563323975
1776176139853,1.0,0.0,14087.615234375,111.31808471679688,0.9510206580162048
1776176139873,1.0,0.0,14088.078125,111.44874572753906,0.9511765837669373
1776176139893,1.0,0.0,14089.1923828125,111.65018463134766,0.9514625668525696
1776176139913,1.0,0.0,14089.6572265625,111.8838882446289,0.9516195058822632
1776176139933,1.0,0.0,14090.2158203125,112.1146469116211,0.9517495632171631
1776176139953,1.0,0.0,14090.681640625,112.34351348876953,0.9519075751304626
1776176139973,1.0,0.0,14091.2421875,112.47953796386719,0.9520387053489685
1776176139993,1.0,0.0,14092.271484375,112.60389709472656,0.9523531794548035
1776176140013,1.0,0.0,14092.8330078125,112.78456115722656,0.952484667301178
1776176140034,1.0,0.0,14093.3017578125,113.05796813964844,0.9526431560516357
1776176140053,1.0,0.0,14093.865234375,113.25167846679688,0.952774703502655
1776176140074,1.0,0.0,14094.3359375,113.46658325195312,0.9529337882995605
1776176140093,1.0,0.0,14095.3740234375,113.66522216796875,0.9532259702682495
1776176140113,1.0,0.0,14095.94140625,113.92452239990234,0.9533586502075195
1776176140134,1.0,0.0,14096.416015625,114.17150115966797,0.953517735004425
1776176140153,1.0,0.0,14096.986328125,114.39068603515625,0.953650951385498
1776176140174,1.0,0.0,14097.4619140625,114.55709075927734,0.9538114070892334
1776176140193,1.0,0.0,14098.60546875,114.76422119140625,0.9541062116622925
1776176140213,1.0,0.0,14099.0830078125,115.00221252441406,0.9542668461799622
1776176140234,1.0,0.0,14099.6572265625,115.22093963623047,0.9544012546539307
1776176140253,1.0,0.0,14100.13671875,115.45182037353516,0.954562783241272
1776176140273,1.0,0.0,14100.712890625,115.66787719726562,0.9546973705291748
1776176140293,1.0,0.0,14101.7724609375,115.83291625976562,0.955021858215332
1776176140313,1.0,0.0,14102.3515625,116.10282897949219,0.9551567435264587
1776176140333,1.0,0.0,14102.8349609375,116.365234375,0.9553201198577881
1776176140353,1.0,0.0,14103.416015625,116.58300018310547,0.9554557204246521
1776176140373,1.0,0.0,14103.9013671875,116.78289031982422,0.9556196331977844
1776176140393,1.0,0.0,14104.970703125,117.01653289794922,0.9559191465377808
1776176140413,1.0,0.0,14105.5556640625,117.22793579101562,0.9560559988021851
1776176140434,1.0,0.0,14106.0439453125,117.47688293457031,0.956220269203186
1776176140453,1.0,0.0,14106.630859375,117.70757293701172,0.9563565850257874
1776176140473,1.0,0.0,14107.1201171875,117.939697265625,0.9565221071243286
1776176140493,1.0,0.0,14108.298828125,118.17141723632812,0.9568252563476562
1776176140513,1.0,0.0,14108.791015625,118.42826080322266,0.9569915533065796
1776176140534,1.0,0.0,14109.3828125,118.65557861328125,0.9571296572685242
1776176140554,1.0,0.0,14109.876953125,118.88703918457031,0.9572961926460266
1776176140573,1.0,0.0,14110.470703125,119.13126373291016,0.9574345946311951
1776176140594,1.0,0.0,14111.5615234375,119.34748840332031,0.9577687382698059
1776176140613,1.0,0.0,14112.05859375,119.60374450683594,0.9579085111618042
1776176140634,1.0,0.0,14112.65625,119.85953521728516,0.9580760598182678
1776176140653,1.0,0.0,14113.2548828125,120.07368469238281,0.9582158923149109
1776176140673,1.0,0.0,14113.75390625,120.30534362792969,0.9583843946456909
1776176140693,1.0,0.0,14114.85546875,120.54076385498047,0.95869380235672
1776176140713,1.0,0.0,14115.4580078125,120.75225067138672,0.9588348865509033
1776176140734,1.0,0.0,14115.9609375,121.00515747070312,0.9590035080909729
1776176140753,1.0,0.0,14116.564453125,121.25334167480469,0.9591449499130249
1776176140773,1.0,0.0,14117.068359375,121.46588134765625,0.9593154191970825
1776176140793,1.0,0.0,14118.2822265625,121.7174301147461,0.9596275687217712
1776176140813,1.0,0.0,14118.7890625,121.97637939453125,0.9597977995872498
1776176140836,1.0,0.0,14119.3984375,122.21483612060547,0.9599403738975525
1776176140853,1.0,0.0,14119.9072265625,122.42328643798828,0.9601114988327026
1776176140873,1.0,0.0,14120.5185546875,122.66232299804688,0.960254430770874
1776176140893,1.0,0.0,14121.6416015625,122.86881256103516,0.9605700373649597
1776176140913,1.0,0.0,14122.1533203125,123.12303161621094,0.9607420563697815
1776176140934,1.0,0.0,14122.7685546875,123.3670654296875,0.9609145522117615
1776176140953,1.0,0.0,14123.384765625,123.57396697998047,0.9610586762428284
1776176140973,1.0,0.0,14123.8984375,123.82937622070312,0.9612317085266113
1776176140993,1.0,0.0,14125.0322265625,124.0882797241211,0.9615491628646851
1776176141013,1.0,0.0,14125.65234375,124.28689575195312,0.9616941213607788
1776176141034,1.0,0.0,14126.169921875,124.5162124633789,0.9618683457374573
1776176141053,1.0,0.0,14126.7919921875,124.7509765625,0.962043821811676
1776176141073,1.0,0.0,14127.4150390625,124.97354125976562,0.9621894955635071
1776176141093,1.0,0.0,14128.5595703125,125.22518920898438,0.9625105857849121
1776176141113,1.0,0.0,14129.0810546875,125.47892761230469,0.9626860022544861
1776176141134,1.0,0.0,14129.7080078125,125.72209930419922,0.962832510471344
1776176141153,1.0,0.0,14130.2314453125,125.93017578125,0.9630090594291687
1776176141173,1.0,0.0,14130.8603515625,126.16838836669922,0.96315598487854
1776176141193,1.0,0.0,14132.015625,126.37600708007812,0.9635090231895447
1776176141213,1.0,0.0,14132.6474609375,126.61741638183594,0.9636567234992981
1776176141234,1.0,0.0,14133.1748046875,126.85220336914062,0.9638344645500183
1776176141253,1.0,0.0,14133.80859375,127.06322479248047,0.9639828205108643
1776176141273,1.0,0.0,14134.3369140625,127.31871032714844,0.9641603231430054
1776176141293,1.0,0.0,14135.5029296875,127.54672241210938,0.9644868969917297
1776176141313,1.0,0.0,14136.1396484375,127.7409439086914,0.9646364450454712
1776176141334,1.0,0.0,14136.6708984375,127.9656982421875,0.9648154377937317
1776176141353,1.0,0.0,14137.3095703125,128.21783447265625,0.9649947881698608
1776176141374,1.0,0.0,14137.94921875,128.41969299316406,0.9651442766189575
1776176141393,1.0,0.0,14139.125,128.6605682373047,0.9654738306999207
1776176141413,1.0,0.0,14139.6611328125,128.9071502685547,0.9656541347503662
1776176141434,1.0,0.0,14140.3046875,129.1581573486328,0.9658047556877136
1776176141453,1.0,0.0,14140.841796875,129.3531951904297,0.9659856557846069
1776176141473,1.0,0.0,14141.4873046875,129.57875061035156,0.966136634349823
1776176141493,1.0,0.0,14142.673828125,129.77699279785156,0.9664992690086365
1776176141513,1.0,0.0,14143.322265625,130.02906799316406,0.9666509628295898
1776176141534,1.0,0.0,14143.86328125,130.26217651367188,0.9668329954147339
1776176141553,1.0,0.0,14144.513671875,130.45846557617188,0.966985285282135
1776176141573,1.0,0.0,14145.056640625,130.68942260742188,0.9671679139137268
1776176141593,1.0,0.0,14146.25390625,130.9278564453125,0.9675031304359436
1776176141613,1.0,0.0,14146.908203125,131.13363647460938,0.9676563143730164
1776176141635,1.0,0.0,14147.4541015625,131.4039306640625,0.9678398370742798
1776176141653,1.0,0.0,14148.1103515625,131.6070098876953,0.9680237174034119
1776176141673,1.0,0.0,14148.767578125,131.78619384765625,0.968177318572998
1776176141693,1.0,0.0,14149.9755859375,132.01089477539062,0.9685160517692566
1776176141713,1.0,0.0,14150.525390625,132.25180053710938,0.9687009453773499
1776176141734,1.0,0.0,14151.185546875,132.44583129882812,0.9688552618026733
1776176141753,1.0,0.0,14151.7373046875,132.6863250732422,0.9690407514572144
1776176141773,1.0,0.0,14152.3994140625,132.9187469482422,0.9691957831382751
1776176141793,1.0,0.0,14153.6162109375,133.1204833984375,0.9695681929588318
1776176141813,1.0,0.0,14154.28125,133.3378143310547,0.9697238802909851
1776176141834,1.0,0.0,14154.8359375,133.54791259765625,0.9699099659919739
1776176141853,1.0,0.0,14155.5029296875,133.74331665039062,0.9700659513473511
1776176141873,1.0,0.0,14156.0595703125,133.97933959960938,0.970253586769104
1776176141893,1.0,0.0,14157.287109375,134.20513916015625,0.9705983996391296
1776176141913,1.0,0.0,14157.9580078125,134.39894104003906,0.9707555174827576
1776176141935,1.0,0.0,14158.517578125,134.63658142089844,0.9709435701370239
1776176141953,1.0,0.0,14159.1904296875,134.8614044189453,0.9711321592330933
1776176141973,1.0,0.0,14159.8642578125,135.04954528808594,0.9712896943092346
1776176141993,1.0,0.0,14161.1005859375,135.26539611816406,0.9716365933418274
1776176142013,1.0,0.0,14161.6640625,135.4832763671875,0.9718264937400818
1776176142034,1.0,0.0,14162.3408203125,135.6791229248047,0.9719846844673157
1776176142053,1.0,0.0,14162.9052734375,135.91905212402344,0.9721753001213074
1776176142073,1.0,0.0,14163.583984375,136.13803100585938,0.9723332524299622
1776176142093,1.0,0.0,14164.8310546875,136.3154754638672,0.9727156758308411
1776176142113,1.0,0.0,14165.5126953125,136.53341674804688,0.9728747606277466
1776176142134,1.0,0.0,14166.0810546875,136.7781982421875,0.9730662703514099
1776176142155,1.0,0.0,14166.7646484375,137.00164794921875,0.9732259511947632
1776176142173,1.0,0.0,14167.3349609375,137.18295288085938,0.9734177589416504
1776176142193,1.0,0.0,14168.5908203125,137.39178466796875,0.973770022392273
1776176142213,1.0,0.0,14169.27734375,137.58518981933594,0.9739304780960083
1776176142234,1.0,0.0,14169.8505859375,137.81021118164062,0.9741235375404358
1776176142253,1.0,0.0,14170.5390625,138.0312957763672,0.9743167161941528
1776176142273,1.0,0.0,14171.228515625,138.2087860107422,0.9744778275489807
1776176142293,1.0,0.0,14172.494140625,138.43377685546875,0.9748329520225525
1776176142313,1.0,0.0,14173.0703125,138.63156127929688,0.9750273823738098
1776176142334,1.0,0.0,14173.7626953125,138.8444366455078,0.9751893877983093
1776176142353,1.0,0.0,14174.3408203125,139.04522705078125,0.9753839373588562
1776176142373,1.0,0.0,14175.03515625,139.25906372070312,0.9755465388298035
1776176142393,1.0,0.0,14176.310546875,139.445556640625,0.975936770439148
1776176142413,1.0,0.0,14177.0078125,139.6649932861328,0.9761000871658325
1776176142433,1.0,0.0,14177.58984375,139.87274169921875,0.9762953519821167
1776176142453,1.0,0.0,14178.2880859375,140.054443359375,0.9764589071273804
1776176142473,1.0,0.0,14178.87109375,140.2709503173828,0.9766552448272705
1776176142493,1.0,0.0,14180.1552734375,140.49346923828125,0.9770151972770691
1776176142513,1.0,0.0,14180.857421875,140.67079162597656,0.9771792888641357
1776176142534,1.0,0.0,14181.443359375,140.87037658691406,0.9773770570755005
1776176142553,1.0,0.0,14182.1474609375,141.07398986816406,0.9775745868682861
1776176142573,1.0,0.0,14182.8515625,141.2654571533203,0.9777389764785767
1776176142593,1.0,0.0,14184.1455078125,141.49729919433594,0.9781018495559692
1776176142613,1.0,0.0,14184.734375,141.70701599121094,0.9783003926277161
1776176142633,1.0,0.0,14185.4423828125,141.8867950439453,0.978465735912323
1776176142653,1.0,0.0,14186.033203125,142.09164428710938,0.9786645174026489
1776176142674,1.0,0.0,14186.7431640625,142.303466796875,0.9788304567337036
1776176142693,1.0,0.0,14188.0458984375,142.46372985839844,0.979229211807251
1776176142713,1.0,0.0,14188.7578125,142.6831512451172,0.979396402835846
1776176142734,1.0,0.0,14189.3515625,142.9132080078125,0.9795966744422913
1776176142753,1.0,0.0,14190.0654296875,143.11427307128906,0.979762852191925
1776176142773,1.0,0.0,14190.6611328125,143.32395935058594,0.979963481426239
1776176142793,1.0,0.0,14191.974609375,143.52308654785156,0.9803314208984375
1776176142813,1.0,0.0,14192.6923828125,143.6959686279297,0.9804989099502563
1776176142833,1.0,0.0,14193.291015625,143.90765380859375,0.980699360370636
1776176142853,1.0,0.0,14194.009765625,144.12733459472656,0.9809010624885559
1776176142873,1.0,0.0,14194.7294921875,144.3123321533203,0.9810690879821777
1776176142893,1.0,0.0,14196.0517578125,144.50857543945312,0.9814411401748657
1776176142913,1.0,0.0,14196.6533203125,144.71066284179688,0.9816432595252991
1776176142934,1.0,0.0,14197.3759765625,144.8901824951172,0.981812059879303
1776176142953,1.0,0.0,14197.9794921875,145.0931854248047,0.9820152521133423
1776176142973,1.0,0.0,14198.7041015625,145.30177307128906,0.982184648513794
1776176142993,1.0,0.0,14200.03515625,145.4832763671875,0.9825915098190308
1776176143013,1.0,0.0,14200.7626953125,145.68328857421875,0.9827613830566406
1776176143034,1.0,0.0,14201.369140625,145.88912963867188,0.9829656481742859
1776176143053,1.0,0.0,14202.09765625,146.0603485107422,0.9831353425979614
1776176143073,1.0,0.0,14202.7060546875,146.2648162841797,0.9833399653434753
1776176143093,1.0,0.0,14204.0458984375,146.4666748046875,0.9837155342102051
1776176143113,1.0,0.0,14204.7783203125,146.6397705078125,0.9838867783546448
1776176143134,1.0,0.0,14205.388671875,146.85105895996094,0.9840916395187378
1776176143153,1.0,0.0,14206.1220703125,147.0504913330078,0.9842977523803711
1776176143173,1.0,0.0,14206.8564453125,147.21255493164062,0.9844695329666138
1776176143193,1.0,0.0,14208.205078125,147.42010498046875,0.9848470687866211
1776176143213,1.0,0.0,14208.8193359375,147.6141815185547,0.9850538372993469
1776176143234,1.0,0.0,14209.556640625,147.81590270996094,0.985226035118103
1776176143253,1.0,0.0,14210.171875,147.98570251464844,0.9854329824447632
1776176143273,1.0,0.0,14210.9111328125,148.1873779296875,0.9856061339378357
1776176143293,1.0,0.0,14212.2685546875,148.36180114746094,0.9860216975212097
1776176143313,1.0,0.0,14213.009765625,148.5535888671875,0.986194908618927
1776176143334,1.0,0.0,14213.6279296875,148.7484588623047,0.9864037036895752
1776176143353,1.0,0.0,14214.37109375,148.921630859375,0.9865774512290955
1776176143373,1.0,0.0,14214.9912109375,149.1175537109375,0.9867860674858093
1776176143393,1.0,0.0,14216.357421875,149.30926513671875,0.9871702194213867
1776176143413,1.0,0.0,14217.103515625,149.47071838378906,0.987343966960907
1776176143433,1.0,0.0,14217.7255859375,149.66954040527344,0.9875540137290955
1776176143453,1.0,0.0,14218.4736328125,149.87545776367188,0.9877637028694153
1776176143473,1.0,0.0,14219.22265625,150.03921508789062,0.9879392981529236
1776176143493,1.0,0.0,14220.5966796875,150.2252960205078,0.9883251786231995
1776176143513,1.0,0.0,14221.22265625,150.40892028808594,0.9885355830192566
1776176143534,1.0,0.0,14221.974609375,150.60458374023438,0.9887115955352783
1776176143553,1.0,0.0,14222.6015625,150.76925659179688,0.9889227151870728
1776176143573,1.0,0.0,14223.3544921875,150.96014404296875,0.9890989065170288
1776176143593,1.0,0.0,14224.7373046875,151.12411499023438,0.9895227551460266
1776176143613,1.0,0.0,14225.4931640625,151.31956481933594,0.98969966173172
1776176143634,1.0,0.0,14226.123046875,151.5023193359375,0.9899132251739502
1776176143653,1.0,0.0,14226.8798828125,151.66749572753906,0.9900900721549988
1776176143674,1.0,0.0,14227.51171875,151.85116577148438,0.9903029799461365
1776176143693,1.0,0.0,14228.9033203125,152.0492401123047,0.9906947016716003
1776176143713,1.0,0.0,14229.6630859375,152.2124481201172,0.9908720254898071
1776176143734,1.0,0.0,14230.296875,152.39208984375,0.9910858273506165
1776176143753,1.0,0.0,14231.05859375,152.5789794921875,0.9912999272346497
1776176143774,1.0,0.0,14231.8203125,152.74508666992188,0.9914780855178833
1776176143793,1.0,0.0,14233.2197265625,152.9326171875,0.991871178150177
1776176143813,1.0,0.0,14233.8564453125,153.10581970214844,0.9920856952667236
1776176143833,1.0,0.0,14234.62109375,153.25888061523438,0.9922652244567871
1776176143853,1.0,0.0,14235.2587890625,153.44956970214844,0.9924799203872681
1776176143873,1.0,0.0,14236.025390625,153.64707946777344,0.9926596283912659
1776176143893,1.0,0.0,14237.43359375,153.81027221679688,0.9930906295776367
1776176143913,1.0,0.0,14238.2021484375,153.99307250976562,0.9932702779769897
1776176143934,1.0,0.0,14238.84375,154.17474365234375,0.9934858679771423
1776176143953,1.0,0.0,14239.6142578125,154.3372802734375,0.9936664700508118
1776176143973,1.0,0.0,14240.2568359375,154.51132202148438,0.9938822984695435
1776176143993,1.0,0.0,14241.671875,154.69085693359375,0.9942797422409058
1776176144013,1.0,0.0,14242.4453125,154.8468475341797,0.9944606423377991
1776176144033,1.0,0.0,14243.08984375,155.0265655517578,0.9946777820587158
1776176144053,1.0,0.0,14243.8642578125,155.2095184326172,0.9948948621749878
1776176144073,1.0,0.0,14244.6396484375,155.3670196533203,0.9950764775276184
1776176144093,1.0,0.0,14246.0634765625,155.55752563476562,0.9954759478569031
1776176144113,1.0,0.0,14246.7119140625,155.72508239746094,0.9956938624382019
1776176144134,1.0,0.0,14247.490234375,155.89132690429688,0.9958764910697937
1776176144153,1.0,0.0,14248.1396484375,156.05166625976562,0.9960939884185791
1776176144173,1.0,0.0,14248.9189453125,156.23207092285156,0.9962769150733948
1776176144193,1.0,0.0,14250.3505859375,156.38185119628906,0.9967143535614014
1776176144213,1.0,0.0,14251.1318359375,156.55703735351562,0.9968973398208618
1776176144234,1.0,0.0,14251.7841796875,156.72935485839844,0.9971172213554382
1776176144253,1.0,0.0,14252.5673828125,156.8797149658203,0.997300386428833
1776176144273,1.0,0.0,14253.220703125,157.05990600585938,0.997521162033081
1776176144293,1.0,0.0,14254.6591796875,157.2327117919922,0.9979245662689209
1776176144313,1.0,0.0,14255.4453125,157.3697052001953,0.9981081485748291
1776176144333,1.0,0.0,14256.1005859375,157.53269958496094,0.9983291625976562
1776176144353,1.0,0.0,14256.8876953125,157.71775817871094,0.9985502362251282
1776176144374,1.0,0.0,14258.3330078125,157.90052795410156,0.9989555478096008
1776176144393,1.0,0.0,14259.1220703125,158.04559326171875,0.9991399645805359
1776176144413,1.0,0.0,14259.7802734375,158.23101806640625,0.9993617534637451
1776176144434,1.0,0.0,14260.5712890625,158.4127197265625,0.9995469450950623
1776176144453,1.0,0.0,14261.2314453125,158.56063842773438,0.9997766017913818
1776176144473,1.0,0.0,14262.0234375,158.73574829101562,0.9999675154685974
1776176144493,1.0,0.0,14263.478515625,158.8802032470703,0.0004132732283324003
1776176144514,1.0,0.0,14264.2724609375,159.0453338623047,0.0005982883158139884
1776176144533,1.0,0.0,14264.9345703125,159.21990966796875,0.0008211925160139799
